/*
 * SIL OPEN FONT LICENSE 1.1 — bundled font notice (required by §56-61).
 *
 * Based on IBM Plex Mono by IBM Corp. (Mike Abbink, Bold Monday). SIL OFL 1.1.
 * Full license: scripts/ibm-plex-mono/OFL.txt
 *
 * Embedded in the snapix firmware as a derivative work — format conversion
 * (TTF → C array) is permitted under OFL §39-42.
 */
/**
 * generated by fontconvert.py
 * name: ibm_plex_mono_12_2b
 * size: 12
 * mode: 2-bit
 */
#pragma once
#include "EpdFontData.h"

static const uint8_t PROGMEM ibm_plex_mono_12_2bBitmaps[15783] = {
    0x2E, 0x0B, 0x82, 0xE0, 0xB8, 0x2E, 0x0B, 0x81, 0xD0, 0x74, 0x0C, 0x03, 0x00, 0xC0, 0x00, 0x00,
    0x00, 0x03, 0xF1, 0xFD, 0x3F, 0x00, 0xB4, 0x3A, 0xD0, 0xEB, 0x43, 0xAD, 0x0E, 0xB4, 0x3A, 0xD0,
    0xEB, 0x03, 0x80, 0x00, 0x1E, 0x0B, 0x00, 0x00, 0x74, 0x3C, 0x00, 0x02, 0xC0, 0xF0, 0x00, 0x0F,
    0x03, 0x80, 0x00, 0x3C, 0x1D, 0x00, 0xBF, 0xE0, 0xBF, 0xE2, 0xFF, 0x43, 0xFF, 0x80, 0x2D, 0x0F,
    0x00, 0x00, 0xB0, 0x38, 0x00, 0x03, 0xC1, 0xE0, 0x0B, 0xFF, 0x07, 0xFE, 0x2F, 0xF8, 0x2F, 0xF8,
    0x01, 0xD0, 0xF0, 0x00, 0x0B, 0x03, 0xC0, 0x00, 0x3C, 0x0E, 0x00, 0x00, 0xF0, 0x74, 0x00, 0x03,
    0x82, 0xD0, 0x00, 0x00, 0x0E, 0x00, 0x00, 0x03, 0x80, 0x00, 0x00, 0xE0, 0x00, 0x07, 0xFF, 0x80,
    0x0F, 0xFF, 0xFD, 0x0B, 0xD3, 0x9B, 0xD3, 0xC0, 0xE0, 0x70, 0xF0, 0x38, 0x00, 0x3C, 0x0E, 0x00,
    0x0B, 0xD3, 0x80, 0x00, 0xFF, 0xF4, 0x00, 0x0B, 0xFF, 0xF0, 0x00, 0x0F, 0xFF, 0x00, 0x03, 0x83,
    0xE0, 0x00, 0xE0, 0x78, 0x00, 0x38, 0x1F, 0x78, 0x0E, 0x0B, 0x8F, 0xD3, 0x8B, 0xC0, 0xFF, 0xFF,
    0xD0, 0x06, 0xFF, 0x80, 0x00, 0x0E, 0x00, 0x00, 0x03, 0x80, 0x00, 0x00, 0xE0, 0x00, 0x0B, 0xF4,
    0x00, 0xB4, 0xFF, 0xF4, 0x03, 0x87, 0x81, 0xE0, 0x2C, 0x1C, 0x03, 0xC0, 0xE0, 0x70, 0x0F, 0x0B,
    0x01, 0xE0, 0x78, 0x38, 0x03, 0xFF, 0xD2, 0xC0, 0x02, 0xFD, 0x05, 0x00, 0x00, 0x00, 0x00, 0x00,
    0x01, 0x41, 0xFE, 0x00, 0x0E, 0x1F, 0xFF, 0x00, 0xB0, 0xB4, 0x2D, 0x03, 0x83, 0xC0, 0x34, 0x2C,
    0x0F, 0x00, 0xD0, 0xE0, 0x2D, 0x0B, 0x4B, 0x00, 0x7F, 0xFC, 0x78, 0x00, 0x7F, 0x80, 0x00, 0x7F,
    0x80, 0x00, 0x0B, 0xFF, 0xC0, 0x00, 0x7D, 0x0B, 0x80, 0x02, 0xD0, 0x08, 0x00, 0x0B, 0x00, 0x00,
    0x00, 0x1E, 0x00, 0x00, 0x00, 0x3D, 0x00, 0x00, 0x00, 0x7C, 0x02, 0xFC, 0x0B, 0xFC, 0x0B, 0xF0,
    0x7C, 0xBC, 0x2C, 0x03, 0xC0, 0xFC, 0xB0, 0x1F, 0x00, 0xFB, 0x80, 0x78, 0x00, 0xFD, 0x00, 0xF0,
    0x00, 0xF4, 0x03, 0xF4, 0x0A, 0xF4, 0x03, 0xFF, 0xF1, 0xF0, 0x02, 0xFE, 0x01, 0xF0, 0x75, 0xD7,
    0x5D, 0x75, 0xD7, 0x40, 0x00, 0x78, 0x01, 0xE0, 0x03, 0xC0, 0x0F, 0x00, 0x1D, 0x00, 0x3C, 0x00,
    0x38, 0x00, 0x74, 0x00, 0xB0, 0x00, 0xF0, 0x00, 0xF0, 0x00, 0xF0, 0x00, 0xF0, 0x00, 0xB0, 0x00,
    0x74, 0x00, 0x38, 0x00, 0x3C, 0x00, 0x1D, 0x00, 0x0F, 0x00, 0x03, 0xC0, 0x01, 0xE0, 0x00, 0x78,
    0x2D, 0x00, 0x0B, 0x40, 0x03, 0xC0, 0x00, 0xF0, 0x00, 0x74, 0x00, 0x3C, 0x00, 0x2C, 0x00, 0x1D,
    0x00, 0x0E, 0x00, 0x0F, 0x00, 0x0F, 0x00, 0x0F, 0x00, 0x0F, 0x00, 0x0E, 0x00, 0x1D, 0x00, 0x2C,
    0x00, 0x3C, 0x00, 0x74, 0x00, 0xF0, 0x03, 0xC0, 0x0B, 0x40, 0x2D, 0x00, 0x00, 0x1D, 0x00, 0x00,
    0x07, 0x40, 0x00, 0x01, 0xD0, 0x00, 0x00, 0x74, 0x00, 0xB9, 0x1D, 0x1B, 0xAF, 0xFF, 0xFF, 0xE0,
    0x6F, 0xFE, 0x40, 0x01, 0xFD, 0x00, 0x00, 0xF7, 0xC0, 0x00, 0xB4, 0x78, 0x00, 0x7C, 0x0F, 0x40,
    0x2C, 0x00, 0xE0, 0x00, 0x00, 0x00, 0x00, 0x00, 0x00, 0x00, 0x00, 0x07, 0x40, 0x00, 0x01, 0xD0,
    0x00, 0x00, 0x74, 0x00, 0x00, 0x1D, 0x00, 0x00, 0x07, 0x40, 0x07, 0xFF, 0xFF, 0xF5, 0xFF, 0xFF,
    0xFD, 0x00, 0x1D, 0x00, 0x00, 0x07, 0x40, 0x00, 0x01, 0xD0, 0x00, 0x00, 0x74, 0x00, 0x00, 0x1D,
    0x00, 0x00, 0x00, 0x00, 0x00, 0x2F, 0x4F, 0xC3, 0xE0, 0xF0, 0x7C, 0x2D, 0x0F, 0x00, 0x3F, 0xFF,
    0x0F, 0xFF, 0xC0, 0x3F, 0x1F, 0xD3, 0xF0, 0x00, 0x00, 0x38, 0x00, 0x02, 0xC0, 0x00, 0x0F, 0x00,
    0x00, 0x74, 0x00, 0x03, 0xC0, 0x00, 0x0E, 0x00, 0x00, 0xB0, 0x00, 0x03, 0xC0, 0x00, 0x1D, 0x00,
    0x00, 0xF0, 0x00, 0x03, 0x80, 0x00, 0x2C, 0x00, 0x00, 0xF0, 0x00, 0x07, 0x40, 0x00, 0x3C, 0x00,
    0x00, 0xE0, 0x00, 0x0B, 0x00, 0x00, 0x3C, 0x00, 0x01, 0xD0, 0x00, 0x0F, 0x00, 0x00, 0x38, 0x00,
    0x02, 0xC0, 0x00, 0x00, 0x01, 0xBF, 0x80, 0x01, 0xFF, 0xFD, 0x01, 0xF8, 0x0B, 0xD0, 0xF4, 0x00,
    0x7C, 0x3C, 0x00, 0x0F, 0x1F, 0x00, 0x03, 0xD7, 0x80, 0x00, 0xB6, 0xE0, 0xB8, 0x2E, 0xB8, 0x3F,
    0x0B, 0xAE, 0x0B, 0x82, 0xE7, 0x80, 0x00, 0xB5, 0xF0, 0x00, 0x3D, 0x3C, 0x00, 0x0F, 0x0F, 0x40,
    0x07, 0xC1, 0xF8, 0x0B, 0xD0, 0x1F, 0xFF, 0xD0, 0x01, 0xBF, 0x80, 0x00, 0x00, 0xBF, 0x00, 0x00,
    0xBF, 0xC0, 0x00, 0xBD, 0xF0, 0x00, 0xBE, 0x3C, 0x00, 0x7E, 0x0F, 0x00, 0x0E, 0x03, 0xC0, 0x00,
    0x00, 0xF0, 0x00, 0x00, 0x3C, 0x00, 0x00, 0x0F, 0x00, 0x00, 0x03, 0xC0, 0x00, 0x00, 0xF0, 0x00,
    0x00, 0x3C, 0x00, 0x00, 0x0F, 0x00, 0x00, 0x03, 0xC0, 0x00, 0x00, 0xF0, 0x00, 0xFF, 0xFF, 0xFF,
    0x3F, 0xFF, 0xFF, 0xC0, 0x01, 0xBF, 0x80, 0x02, 0xFF, 0xFD, 0x01, 0xF4, 0x0B, 0xC0, 0xF4, 0x00,
    0xF8, 0x28, 0x00, 0x2E, 0x00, 0x00, 0x0B, 0x80, 0x00, 0x02, 0xD0, 0x00, 0x01, 0xF0, 0x00, 0x00,
    0xF4, 0x00, 0x00, 0xF8, 0x00, 0x01, 0xF8, 0x00, 0x01, 0xF8, 0x00, 0x02, 0xF4, 0x00, 0x02, 0xF0,
    0x00, 0x02, 0xE0, 0x00, 0x00, 0xFF, 0xFF, 0xFD, 0x3F, 0xFF, 0xFF, 0x40, 0x01, 0xBF, 0x90, 0x0B,
    0xFF, 0xF8, 0x2F, 0x40, 0xBC, 0x1C, 0x00, 0x3E, 0x00, 0x00, 0x2E, 0x00, 0x00, 0x3D, 0x00, 0x01,
    0xF8, 0x00, 0xFF, 0xD0, 0x00, 0xFF, 0xE0, 0x00, 0x00, 0xBC, 0x00, 0x00, 0x2E, 0x00, 0x00, 0x1F,
    0x00, 0x00, 0x1F, 0x74, 0x00, 0x2E, 0x7E, 0x00, 0xBD, 0x1F, 0xFF, 0xF4, 0x02, 0xFF, 0x80, 0x00,
    0x00, 0xFD, 0x00, 0x00, 0x0B, 0xF4, 0x00, 0x00, 0x3E, 0xD0, 0x00, 0x03, 0xCB, 0x40, 0x00, 0x1E,
    0x2D, 0x00, 0x00, 0xF0, 0xB4, 0x00, 0x0B, 0x02, 0xD0, 0x00, 0x78, 0x0B, 0x40, 0x03, 0xC0, 0x2D,
    0x00, 0x2D, 0x00, 0xB4, 0x00, 0xE0, 0x02, 0xD0, 0x0B, 0x00, 0x0B, 0x40, 0x3F, 0xFF, 0xFF, 0xF0,
    0xFF, 0xFF, 0xFF, 0xC0, 0x00, 0x02, 0xD0, 0x00, 0x00, 0x0B, 0x40, 0x00, 0x00, 0x2D, 0x00, 0x0F,
    0xFF, 0xFE, 0x03, 0xFF, 0xFF, 0x80, 0xE0, 0x00, 0x00, 0x38, 0x00, 0x00, 0x1E, 0x00, 0x00, 0x07,
    0x40, 0x00, 0x01, 0xD2, 0xFD, 0x00, 0x7B, 0xFF, 0xF0, 0x2F, 0x40, 0xBE, 0x01, 0x00, 0x07, 0xC0,
    0x00, 0x00, 0xF4, 0x00, 0x00, 0x3D, 0x00, 0x00, 0x0F, 0x0B, 0x00, 0x07, 0xC2, 0xF4, 0x0B, 0xD0,
    0x2F, 0xFF, 0xE0, 0x01, 0xBF, 0x90, 0x00, 0x00, 0x0B, 0xC0, 0x00, 0x0F, 0x80, 0x00, 0x0F, 0x80,
    0x00, 0x0F, 0x80, 0x00, 0x0B, 0xC0, 0x00, 0x03, 0xC0, 0x00, 0x02, 0xE2, 0xFD, 0x00, 0xF7, 0xFF,
    0xF0, 0x3E, 0x40, 0x7E, 0x1F, 0x40, 0x07, 0xC7, 0xC0, 0x00, 0xF5, 0xE0, 0x00, 0x2D, 0x3C, 0x00,
    0x0F, 0x4F, 0x40, 0x07, 0xC1, 0xF4, 0x07, 0xD0, 0x2F, 0xFF, 0xE0, 0x01, 0xBF, 0x90, 0x00, 0x7F,
    0xFF, 0xFF, 0x5F, 0xFF, 0xFF, 0xD7, 0x80, 0x00, 0xF1, 0xE0, 0x00, 0xB8, 0x78, 0x00, 0x3C, 0x00,
    0x00, 0x1E, 0x00, 0x00, 0x0F, 0x00, 0x00, 0x07, 0xC0, 0x00, 0x03, 0xD0, 0x00, 0x01, 0xF0, 0x00,
    0x00, 0xB4, 0x00, 0x00, 0x3C, 0x00, 0x00, 0x2E, 0x00, 0x00, 0x0F, 0x00, 0x00, 0x0B, 0x80, 0x00,
    0x03, 0xC0, 0x00, 0x01, 0xF0, 0x00, 0x00, 0x01, 0xFF, 0xD0, 0x03, 0xFF, 0xFF, 0x02, 0xF4, 0x07,
    0xE0, 0xF4, 0x00, 0x7C, 0x3C, 0x00, 0x0F, 0x0F, 0x40, 0x07, 0xC0, 0xF4, 0x07, 0xC0, 0x0B, 0xFF,
    0x80, 0x06, 0xFF, 0xE4, 0x0B, 0xD0, 0x1F, 0x83, 0xC0, 0x00, 0xF2, 0xE0, 0x00, 0x2E, 0xB8, 0x00,
    0x0B, 0x9F, 0x00, 0x03, 0xD3, 0xF4, 0x07, 0xF0, 0x3F, 0xFF, 0xF0, 0x02, 0xFF, 0xD0, 0x00, 0x01,
    0xBF, 0x90, 0x02, 0xFF, 0xFE, 0x02, 0xF4, 0x07, 0xD0, 0xF4, 0x00, 0x7C, 0x7C, 0x00, 0x0F, 0x1E,
    0x00, 0x02, 0xD7, 0xC0, 0x00, 0xF4, 0xF4, 0x00, 0x7D, 0x2F, 0x40, 0x6F, 0x03, 0xFF, 0xF7, 0xC0,
    0x2F, 0xE2, 0xE0, 0x00, 0x00, 0xF0, 0x00, 0x00, 0xF8, 0x00, 0x00, 0xBC, 0x00, 0x00, 0xBC, 0x00,
    0x00, 0xBC, 0x00, 0x00, 0xF8, 0x00, 0x00, 0x3F, 0x1F, 0xD3, 0xF0, 0x00, 0x00, 0x00, 0x00, 0x00,
    0x00, 0x00, 0x00, 0x03, 0xF1, 0xFD, 0x3F, 0x00, 0x3F, 0x1F, 0xD3, 0xF0, 0x00, 0x00, 0x00, 0x00,
    0x00, 0x00, 0x00, 0x00, 0x02, 0xF4, 0xFC, 0x3E, 0x0F, 0x07, 0xC2, 0xD0, 0xF0, 0x00, 0x00, 0x00,
    0x08, 0x00, 0x02, 0xF0, 0x00, 0xBF, 0x00, 0x1F, 0xD0, 0x07, 0xF4, 0x00, 0xBE, 0x00, 0x0F, 0x80,
    0x00, 0x3E, 0x00, 0x00, 0x2F, 0x80, 0x00, 0x1F, 0xD0, 0x00, 0x07, 0xF4, 0x00, 0x02, 0xFD, 0x00,
    0x00, 0xBC, 0x00, 0x00, 0x20, 0x7F, 0xFF, 0xFF, 0x5F, 0xFF, 0xFF, 0xD0, 0x00, 0x00, 0x00, 0x00,
    0x00, 0x00, 0x00, 0x00, 0x00, 0x1F, 0xFF, 0xFF, 0xD7, 0xFF, 0xFF, 0xF4, 0x80, 0x00, 0x03, 0xE0,
    0x00, 0x07, 0xF8, 0x00, 0x01, 0xFD, 0x00, 0x00, 0x7F, 0x40, 0x00, 0x2F, 0x80, 0x00, 0x0B, 0xC0,
    0x00, 0x2F, 0x00, 0x0B, 0xE0, 0x01, 0xFD, 0x00, 0x7F, 0x40, 0x0F, 0xE0, 0x00, 0xF8, 0x00, 0x02,
    0x00, 0x00, 0x00, 0x00, 0xBF, 0x90, 0x07, 0xFF, 0xF8, 0x0F, 0x80, 0xBD, 0x3E, 0x00, 0x2E, 0x1C,
    0x00, 0x1E, 0x00, 0x00, 0x2E, 0x00, 0x00, 0x7C, 0x00, 0x1B, 0xF0, 0x00, 0x3E, 0x40, 0x00, 0x3C,
    0x00, 0x00, 0x3C, 0x00, 0x00, 0x00, 0x00, 0x00, 0x00, 0x00, 0x00, 0x00, 0x00, 0x00, 0x7D, 0x00,
    0x00, 0xFF, 0x00, 0x00, 0x7E, 0x00, 0x00, 0xBF, 0x90, 0x01, 0xFF, 0xFE, 0x00, 0xF8, 0x07, 0xD0,
    0xB4, 0x00, 0x78, 0x3C, 0x00, 0x0F, 0x0E, 0x02, 0xF3, 0xC3, 0x83, 0xFF, 0xB1, 0xD1, 0xF0, 0x7C,
    0x74, 0x74, 0x0B, 0x1D, 0x2D, 0x02, 0xC7, 0x4B, 0x40, 0xB1, 0xD2, 0xD0, 0x2C, 0x74, 0x78, 0x0F,
    0x0E, 0x0F, 0xEF, 0xC3, 0x81, 0xFD, 0xB0, 0xF0, 0x04, 0x00, 0x1E, 0x00, 0x00, 0x03, 0xE4, 0x00,
    0x00, 0x3F, 0xFF, 0x40, 0x02, 0xFF, 0xD0, 0x00, 0x0F, 0xC0, 0x00, 0x00, 0x7F, 0x40, 0x00, 0x02,
    0xEE, 0x00, 0x00, 0x0F, 0x3C, 0x00, 0x00, 0x78, 0xB4, 0x00, 0x02, 0xD1, 0xE0, 0x00, 0x0F, 0x03,
    0xC0, 0x00, 0x38, 0x0B, 0x40, 0x02, 0xD0, 0x1E, 0x00, 0x0F, 0x00, 0x3C, 0x00, 0x3F, 0xFF, 0xF0,
    0x01, 0xFF, 0xFF, 0xE0, 0x0F, 0x40, 0x07, 0xC0, 0x3C, 0x00, 0x0F, 0x01, 0xE0, 0x00, 0x2D, 0x0F,
    0x40, 0x00, 0x7C, 0x3C, 0x00, 0x00, 0xF0, 0xFF, 0xFF, 0x80, 0xFF, 0xFF, 0xF0, 0xF4, 0x01, 0xF8,
    0xF4, 0x00, 0x7C, 0xF4, 0x00, 0x7C, 0xF4, 0x00, 0x78, 0xF4, 0x01, 0xF0, 0xFF, 0xFF, 0x80, 0xFF,
    0xFF, 0xE0, 0xF4, 0x00, 0xBC, 0xF4, 0x00, 0x3D, 0xF4, 0x00, 0x2E, 0xF4, 0x00, 0x2E, 0xF4, 0x00,
    0x3D, 0xF4, 0x00, 0xBC, 0xFF, 0xFF, 0xF4, 0xFF, 0xFF, 0x80, 0x00, 0xBF, 0xD0, 0x00, 0xFF, 0xFE,
    0x00, 0xFD, 0x07, 0xE0, 0x7C, 0x00, 0x3C, 0x2D, 0x00, 0x05, 0x0F, 0x00, 0x00, 0x03, 0xC0, 0x00,
    0x00, 0xF0, 0x00, 0x00, 0x3C, 0x00, 0x00, 0x0F, 0x00, 0x00, 0x03, 0xC0, 0x00, 0x00, 0xF0, 0x00,
    0x00, 0x2D, 0x00, 0x05, 0x07, 0xC0, 0x03, 0xC0, 0xFD, 0x07, 0xE0, 0x0F, 0xFF, 0xE0, 0x00, 0xBF,
    0xD0, 0x00, 0xBF, 0xFE, 0x00, 0xBF, 0xFF, 0xD0, 0xB4, 0x02, 0xF0, 0xB4, 0x00, 0xB8, 0xB4, 0x00,
    0x3C, 0xB4, 0x00, 0x3D, 0xB4, 0x00, 0x2D, 0xB4, 0x00, 0x2E, 0xB4, 0x00, 0x2E, 0xB4, 0x00, 0x2E,
    0xB4, 0x00, 0x2D, 0xB4, 0x00, 0x3D, 0xB4, 0x00, 0x3C, 0xB4, 0x00, 0xB8, 0xB4, 0x02, 0xF0, 0xBF,
    0xFF, 0xD0, 0xBF, 0xFE, 0x00, 0xFF, 0xFF, 0xFF, 0xFF, 0xFF, 0xFF, 0x40, 0x00, 0x3D, 0x00, 0x00,
    0xF4, 0x00, 0x03, 0xD0, 0x00, 0x0F, 0x40, 0x00, 0x3F, 0xFF, 0xFE, 0xFF, 0xFF, 0xFB, 0xD0, 0x00,
    0x0F, 0x40, 0x00, 0x3D, 0x00, 0x00, 0xF4, 0x00, 0x03, 0xD0, 0x00, 0x0F, 0x40, 0x00, 0x3F, 0xFF,
    0xFF, 0xFF, 0xFF, 0xFC, 0xFF, 0xFF, 0xFD, 0xFF, 0xFF, 0xFD, 0xF4, 0x00, 0x00, 0xF4, 0x00, 0x00,
    0xF4, 0x00, 0x00, 0xF4, 0x00, 0x00, 0xF4, 0x00, 0x00, 0xFF, 0xFF, 0xF8, 0xFF, 0xFF, 0xF8, 0xF4,
    0x00, 0x00, 0xF4, 0x00, 0x00, 0xF4, 0x00, 0x00, 0xF4, 0x00, 0x00, 0xF4, 0x00, 0x00, 0xF4, 0x00,
    0x00, 0xF4, 0x00, 0x00, 0xF4, 0x00, 0x00, 0x00, 0xBF, 0x80, 0x01, 0xFF, 0xFD, 0x00, 0xF8, 0x0B,
    0xC0, 0xF8, 0x00, 0x7C, 0x3C, 0x00, 0x09, 0x1F, 0x00, 0x00, 0x07, 0x80, 0x00, 0x02, 0xE0, 0x00,
    0x00, 0xB8, 0x0B, 0xFF, 0x2E, 0x02, 0xFF, 0xC7, 0x80, 0x00, 0xF1, 0xF0, 0x00, 0x3C, 0x3C, 0x00,
    0x0F, 0x0F, 0x80, 0x07, 0xC1, 0xF8, 0x0B, 0xF0, 0x2F, 0xFF, 0x3C, 0x01, 0xFE, 0x0F, 0x00, 0xF0,
    0x00, 0x3F, 0xC0, 0x00, 0xFF, 0x00, 0x03, 0xFC, 0x00, 0x0F, 0xF0, 0x00, 0x3F, 0xC0, 0x00, 0xFF,
    0x00, 0x03, 0xFF, 0xFF, 0xFF, 0xFF, 0xFF, 0xFF, 0xC0, 0x00, 0xFF, 0x00, 0x03, 0xFC, 0x00, 0x0F,
    0xF0, 0x00, 0x3F, 0xC0, 0x00, 0xFF, 0x00, 0x03, 0xFC, 0x00, 0x0F, 0xF0, 0x00, 0x3C, 0xFF, 0xFF,
    0xFF, 0xFF, 0xFF, 0xF0, 0x0B, 0x80, 0x00, 0x2E, 0x00, 0x00, 0xB8, 0x00, 0x02, 0xE0, 0x00, 0x0B,
    0x80, 0x00, 0x2E, 0x00, 0x00, 0xB8, 0x00, 0x02, 0xE0, 0x00, 0x0B, 0x80, 0x00, 0x2E, 0x00, 0x00,
    0xB8, 0x00, 0x02, 0xE0, 0x00, 0x0B, 0x80, 0x3F, 0xFF, 0xFF, 0xFF, 0xFF, 0xFC, 0x07, 0xFF, 0xFC,
    0x1F, 0xFF, 0xF0, 0x00, 0x03, 0xC0, 0x00, 0x0F, 0x00, 0x00, 0x3C, 0x00, 0x00, 0xF0, 0x00, 0x03,
    0xC0, 0x00, 0x0F, 0x00, 0x00, 0x3C, 0x00, 0x00, 0xF0, 0x00, 0x03, 0xC0, 0x00, 0x0F, 0x04, 0x00,
    0x3C, 0xF4, 0x01, 0xF2, 0xF4, 0x1F, 0x42, 0xFF, 0xFC, 0x01, 0xFF, 0x40, 0xF0, 0x00, 0x2F, 0x3C,
    0x00, 0x2F, 0x0F, 0x00, 0x1F, 0x03, 0xC0, 0x1F, 0x40, 0xF0, 0x0F, 0x40, 0x3C, 0x0F, 0x80, 0x0F,
    0x0F, 0x80, 0x03, 0xCB, 0xD0, 0x00, 0xFB, 0xFC, 0x00, 0x3F, 0xCB, 0x80, 0x0F, 0xC0, 0xF4, 0x03,
    0xD0, 0x1F, 0x00, 0xF0, 0x03, 0xE0, 0x3C, 0x00, 0x3C, 0x0F, 0x00, 0x0B, 0xC3, 0xC0, 0x00, 0xF4,
    0xF0, 0x00, 0x1F, 0x00, 0xF0, 0x00, 0x03, 0xC0, 0x00, 0x0F, 0x00, 0x00, 0x3C, 0x00, 0x00, 0xF0,
    0x00, 0x03, 0xC0, 0x00, 0x0F, 0x00, 0x00, 0x3C, 0x00, 0x00, 0xF0, 0x00, 0x03, 0xC0, 0x00, 0x0F,
    0x00, 0x00, 0x3C, 0x00, 0x00, 0xF0, 0x00, 0x03, 0xC0, 0x00, 0x0F, 0x00, 0x00, 0x3F, 0xFF, 0xFD,
    0xFF, 0xFF, 0xF4, 0x7E, 0x00, 0x2F, 0x5F, 0xC0, 0x0F, 0xD7, 0xF4, 0x07, 0xF5, 0xEF, 0x02, 0xED,
    0x7A, 0xC0, 0xEB, 0x5E, 0x38, 0xB2, 0xD7, 0x8F, 0x3C, 0xB5, 0xE1, 0xFD, 0x2D, 0x78, 0x3F, 0x0B,
    0x5E, 0x0B, 0x82, 0xD7, 0x80, 0xC0, 0xB5, 0xE0, 0x10, 0x2D, 0x78, 0x00, 0x0B, 0x5E, 0x00, 0x02,
    0xD7, 0x80, 0x00, 0xB5, 0xE0, 0x00, 0x2D, 0x78, 0x00, 0x0B, 0x40, 0xFC, 0x00, 0x3F, 0xF8, 0x00,
    0xFF, 0xF0, 0x03, 0xFE, 0xD0, 0x0F, 0xF3, 0xC0, 0x3F, 0xCF, 0x40, 0xFF, 0x1E, 0x03, 0xFC, 0x3C,
    0x0F, 0xF0, 0xB8, 0x3F, 0xC0, 0xF0, 0xFF, 0x02, 0xD3, 0xFC, 0x07, 0xCF, 0xF0, 0x0F, 0x3F, 0xC0,
    0x1E, 0xFF, 0x00, 0x3F, 0xFC, 0x00, 0xBF, 0xF0, 0x00, 0xFC, 0x01, 0xBF, 0x80, 0x01, 0xFF, 0xFD,
    0x01, 0xF8, 0x0B, 0xD0, 0xF8, 0x00, 0xBC, 0x3C, 0x00, 0x0F, 0x1F, 0x00, 0x03, 0xD7, 0x80, 0x00,
    0xB6, 0xE0, 0x00, 0x2E, 0xB8, 0x00, 0x0B, 0xAE, 0x00, 0x02, 0xE7, 0x80, 0x00, 0xB5, 0xF0, 0x00,
    0x3D, 0x3C, 0x00, 0x0F, 0x0F, 0x80, 0x0B, 0xC1, 0xF8, 0x0B, 0xD0, 0x1F, 0xFF, 0xD0, 0x01, 0xBF,
    0x80, 0x00, 0xFF, 0xFF, 0x90, 0xFF, 0xFF, 0xF4, 0xF4, 0x00, 0xBC, 0xF4, 0x00, 0x3D, 0xF4, 0x00,
    0x2E, 0xF4, 0x00, 0x2E, 0xF4, 0x00, 0x3D, 0xF4, 0x00, 0xBC, 0xFF, 0xFF, 0xF4, 0xFF, 0xFF, 0x90,
    0xF4, 0x00, 0x00, 0xF4, 0x00, 0x00, 0xF4, 0x00, 0x00, 0xF4, 0x00, 0x00, 0xF4, 0x00, 0x00, 0xF4,
    0x00, 0x00, 0xF4, 0x00, 0x00, 0x00, 0xBF, 0x80, 0x01, 0xFF, 0xFD, 0x01, 0xF8, 0x0B, 0xD0, 0xF8,
    0x00, 0xBC, 0x3C, 0x00, 0x0F, 0x1F, 0x00, 0x03, 0xD7, 0x80, 0x00, 0xB6, 0xE0, 0x00, 0x2E, 0xB8,
    0x00, 0x0B, 0xAE, 0x00, 0x02, 0xE7, 0x80, 0x00, 0xB5, 0xF0, 0x00, 0x3D, 0x3C, 0x00, 0x0F, 0x0F,
    0x80, 0x0B, 0xC1, 0xF8, 0x0B, 0xD0, 0x2F, 0xFF, 0xE0, 0x01, 0xFF, 0xD0, 0x00, 0x07, 0x80, 0x00,
    0x01, 0xE0, 0x00, 0x00, 0x3F, 0xF4, 0x00, 0x07, 0xFD, 0x00, 0xFF, 0xFF, 0x90, 0xFF, 0xFF, 0xF4,
    0xF4, 0x00, 0xBC, 0xF4, 0x00, 0x3D, 0xF4, 0x00, 0x2E, 0xF4, 0x00, 0x2E, 0xF4, 0x00, 0x3D, 0xF4,
    0x00, 0xBC, 0xFF, 0xFF, 0xF4, 0xFF, 0xFF, 0x80, 0xF4, 0x2E, 0x00, 0xF4, 0x0F, 0x40, 0xF4, 0x07,
    0xC0, 0xF4, 0x02, 0xE0, 0xF4, 0x00, 0xF0, 0xF4, 0x00, 0xBC, 0xF4, 0x00, 0x3D, 0x01, 0xFF, 0xD0,
    0x03, 0xFF, 0xFF, 0x03, 0xF4, 0x07, 0xF0, 0xF0, 0x00, 0x28, 0x7C, 0x00, 0x00, 0x0F, 0x00, 0x00,
    0x03, 0xF0, 0x00, 0x00, 0x7F, 0xF9, 0x00, 0x02, 0xFF, 0xF8, 0x00, 0x01, 0xBF, 0xC0, 0x00, 0x01,
    0xF4, 0x00, 0x00, 0x2D, 0x10, 0x00, 0x0B, 0xAE, 0x00, 0x03, 0xD3, 0xF4, 0x07, 0xF0, 0x3F, 0xFF,
    0xF0, 0x01, 0xFF, 0xD0, 0x00, 0x7F, 0xFF, 0xFF, 0xF5, 0xFF, 0xFF, 0xFF, 0xD0, 0x00, 0xB8, 0x00,
    0x00, 0x02, 0xE0, 0x00, 0x00, 0x0B, 0x80, 0x00, 0x00, 0x2E, 0x00, 0x00, 0x00, 0xB8, 0x00, 0x00,
    0x02, 0xE0, 0x00, 0x00, 0x0B, 0x80, 0x00, 0x00, 0x2E, 0x00, 0x00, 0x00, 0xB8, 0x00, 0x00, 0x02,
    0xE0, 0x00, 0x00, 0x0B, 0x80, 0x00, 0x00, 0x2E, 0x00, 0x00, 0x00, 0xB8, 0x00, 0x00, 0x02, 0xE0,
    0x00, 0x00, 0x0B, 0x80, 0x00, 0xF0, 0x00, 0x3F, 0xC0, 0x00, 0xFF, 0x00, 0x03, 0xFC, 0x00, 0x0F,
    0xF0, 0x00, 0x3F, 0xC0, 0x00, 0xFF, 0x00, 0x03, 0xFC, 0x00, 0x0F, 0xF0, 0x00, 0x3F, 0xC0, 0x00,
    0xFF, 0x00, 0x03, 0xFC, 0x00, 0x0F, 0xF4, 0x00, 0x7E, 0xE0, 0x02, 0xE7, 0xD0, 0x1F, 0x4B, 0xFF,
    0xF8, 0x07, 0xFF, 0x40, 0x3D, 0x00, 0x00, 0xF0, 0xB8, 0x00, 0x07, 0x81, 0xF0, 0x00, 0x3D, 0x03,
    0xC0, 0x00, 0xF0, 0x0B, 0x40, 0x07, 0x80, 0x1E, 0x00, 0x2D, 0x00, 0x3C, 0x00, 0xF0, 0x00, 0xF4,
    0x03, 0xC0, 0x02, 0xE0, 0x2E, 0x00, 0x03, 0xC0, 0xF0, 0x00, 0x0F, 0x03, 0xC0, 0x00, 0x2D, 0x1E,
    0x00, 0x00, 0x7C, 0xB4, 0x00, 0x00, 0xF3, 0xC0, 0x00, 0x02, 0xEE, 0x00, 0x00, 0x07, 0xF4, 0x00,
    0x00, 0x0F, 0xC0, 0x00, 0x3C, 0x00, 0x00, 0xB0, 0xF0, 0x00, 0x03, 0xC3, 0xC0, 0x00, 0x0F, 0x0F,
    0x00, 0x00, 0x3C, 0x3C, 0x0F, 0xC0, 0xF0, 0xB0, 0x3F, 0x03, 0x82, 0xC0, 0xFC, 0x0E, 0x0B, 0x47,
    0x74, 0x78, 0x1D, 0x2C, 0xE1, 0xD0, 0x74, 0xF3, 0xC7, 0x41, 0xE3, 0x8B, 0x1D, 0x03, 0x9D, 0x1D,
    0xB0, 0x0E, 0x70, 0x3A, 0xC0, 0x3A, 0xC0, 0xEB, 0x00, 0xFF, 0x03, 0xFC, 0x03, 0xF8, 0x0B, 0xF0,
    0x0F, 0xD0, 0x1F, 0xC0, 0x2E, 0x00, 0x01, 0xF0, 0x3D, 0x00, 0x0F, 0x00, 0x7C, 0x00, 0xB8, 0x00,
    0xF8, 0x07, 0xC0, 0x00, 0xF0, 0x3D, 0x00, 0x01, 0xF2, 0xE0, 0x00, 0x03, 0xEF, 0x00, 0x00, 0x03,
    0xF4, 0x00, 0x00, 0x0F, 0xC0, 0x00, 0x00, 0x7F, 0x80, 0x00, 0x03, 0xDF, 0x00, 0x00, 0x2E, 0x1F,
    0x00, 0x01, 0xF0, 0x3D, 0x00, 0x0F, 0x00, 0x3C, 0x00, 0xB8, 0x00, 0xBC, 0x07, 0xC0, 0x00, 0xF4,
    0x3D, 0x00, 0x01, 0xF0, 0x7C, 0x00, 0x00, 0xF4, 0xB8, 0x00, 0x0B, 0x80, 0xF4, 0x00, 0x3C, 0x01,
    0xF0, 0x03, 0xD0, 0x03, 0xD0, 0x1F, 0x00, 0x07, 0xC0, 0xF4, 0x00, 0x0B, 0x8B, 0x80, 0x00, 0x0F,
    0x7C, 0x00, 0x00, 0x1F, 0xD0, 0x00, 0x00, 0x3F, 0x00, 0x00, 0x00, 0xB8, 0x00, 0x00, 0x02, 0xE0,
    0x00, 0x00, 0x0B, 0x80, 0x00, 0x00, 0x2E, 0x00, 0x00, 0x00, 0xB8, 0x00, 0x00, 0x02, 0xE0, 0x00,
    0x00, 0x0B, 0x80, 0x00, 0x7F, 0xFF, 0xFF, 0x5F, 0xFF, 0xFF, 0xD0, 0x00, 0x01, 0xF0, 0x00, 0x00,
    0xF4, 0x00, 0x00, 0xF4, 0x00, 0x00, 0xB8, 0x00, 0x00, 0x7C, 0x00, 0x00, 0x3C, 0x00, 0x00, 0x3D,
    0x00, 0x00, 0x2E, 0x00, 0x00, 0x1F, 0x00, 0x00, 0x0F, 0x00, 0x00, 0x0F, 0x40, 0x00, 0x0B, 0x80,
    0x00, 0x07, 0xC0, 0x00, 0x03, 0xFF, 0xFF, 0xFF, 0xFF, 0xFF, 0xFF, 0xC0, 0x7F, 0xFE, 0x7F, 0xFE,
    0x74, 0x00, 0x74, 0x00, 0x74, 0x00, 0x74, 0x00, 0x74, 0x00, 0x74, 0x00, 0x74, 0x00, 0x74, 0x00,
    0x74, 0x00, 0x74, 0x00, 0x74, 0x00, 0x74, 0x00, 0x74, 0x00, 0x74, 0x00, 0x74, 0x00, 0x74, 0x00,
    0x74, 0x00, 0x74, 0x00, 0x7F, 0xFE, 0x7F, 0xFE, 0xB0, 0x00, 0x00, 0xE0, 0x00, 0x03, 0xC0, 0x00,
    0x07, 0x40, 0x00, 0x0F, 0x00, 0x00, 0x2C, 0x00, 0x00, 0x38, 0x00, 0x00, 0xF0, 0x00, 0x01, 0xD0,
    0x00, 0x03, 0xC0, 0x00, 0x0B, 0x00, 0x00, 0x0E, 0x00, 0x00, 0x3C, 0x00, 0x00, 0x74, 0x00, 0x00,
    0xF0, 0x00, 0x02, 0xC0, 0x00, 0x03, 0x80, 0x00, 0x0F, 0x00, 0x00, 0x1D, 0x00, 0x00, 0x3C, 0x00,
    0x00, 0xB0, 0x00, 0x00, 0xE0, 0xBF, 0xFD, 0xBF, 0xFD, 0x00, 0x1D, 0x00, 0x1D, 0x00, 0x1D, 0x00,
    0x1D, 0x00, 0x1D, 0x00, 0x1D, 0x00, 0x1D, 0x00, 0x1D, 0x00, 0x1D, 0x00, 0x1D, 0x00, 0x1D, 0x00,
    0x1D, 0x00, 0x1D, 0x00, 0x1D, 0x00, 0x1D, 0x00, 0x1D, 0x00, 0x1D, 0x00, 0x1D, 0xBF, 0xFD, 0xBF,
    0xFD, 0x00, 0x3F, 0x00, 0x00, 0x1F, 0xD0, 0x00, 0x0F, 0x3C, 0x00, 0x0B, 0x4B, 0x80, 0x03, 0xC0,
    0xF0, 0x02, 0xD0, 0x1E, 0x00, 0xF0, 0x03, 0xC0, 0xF0, 0x00, 0x7C, 0x78, 0x00, 0x0F, 0x6C, 0x00,
    0x00, 0xE0, 0x00, 0x00, 0x00, 0xBF, 0xFF, 0xFF, 0xAF, 0xFF, 0xFF, 0xE0, 0x18, 0x0F, 0x01, 0xE0,
    0x2C, 0x03, 0x40, 0x01, 0xFF, 0x80, 0x03, 0xFF, 0xFC, 0x02, 0xE0, 0x1F, 0x80, 0x20, 0x01, 0xF0,
    0x00, 0x00, 0x3C, 0x00, 0x00, 0x0F, 0x00, 0x6F, 0xFF, 0xC0, 0xBF, 0xFF, 0xF0, 0x3D, 0x00, 0x3C,
    0x1F, 0x00, 0x0F, 0x03, 0xD0, 0x1B, 0xC0, 0xBF, 0xFC, 0xBF, 0x07, 0xF8, 0x0F, 0xC0, 0xB4, 0x00,
    0x00, 0xB4, 0x00, 0x00, 0xB4, 0x00, 0x00, 0xB4, 0x00, 0x00, 0xB4, 0x00, 0x00, 0xB4, 0x00, 0x00,
    0xB4, 0xBF, 0x80, 0xB7, 0xFF, 0xF0, 0xBE, 0x01, 0xF8, 0xB8, 0x00, 0x7C, 0xB4, 0x00, 0x3D, 0xB4,
    0x00, 0x2D, 0xB4, 0x00, 0x2D, 0xB4, 0x00, 0x2D, 0xB4, 0x00, 0x3D, 0xB8, 0x00, 0x7C, 0xBE, 0x01,
    0xF8, 0xB7, 0xFF, 0xF0, 0xB4, 0xBF, 0x80, 0x02, 0xFE, 0x40, 0x3F, 0xFF, 0x83, 0xF4, 0x1F, 0x5F,
    0x00, 0x0D, 0xB4, 0x00, 0x03, 0xD0, 0x00, 0x0F, 0x40, 0x00, 0x3D, 0x00, 0x00, 0xB4, 0x00, 0x01,
    0xF0, 0x00, 0xE3, 0xF4, 0x1F, 0x43, 0xFF, 0xF8, 0x02, 0xFF, 0x40, 0x00, 0x00, 0x1E, 0x00, 0x00,
    0x1E, 0x00, 0x00, 0x1E, 0x00, 0x00, 0x1E, 0x00, 0x00, 0x1E, 0x00, 0x00, 0x1E, 0x02, 0xFE, 0x1E,
    0x0F, 0xFF, 0xDE, 0x2F, 0x40, 0xBE, 0x3D, 0x00, 0x2E, 0x7C, 0x00, 0x1E, 0x78, 0x00, 0x1E, 0x78,
    0x00, 0x1E, 0x78, 0x00, 0x1E, 0x7C, 0x00, 0x1E, 0x3D, 0x00, 0x2E, 0x2F, 0x40, 0xBE, 0x0F, 0xFF,
    0xDE, 0x02, 0xFE, 0x1E, 0x00, 0xBF, 0x80, 0x01, 0xFF, 0xFD, 0x00, 0xF8, 0x07, 0xD0, 0xB4, 0x00,
    0x7C, 0x3C, 0x00, 0x0F, 0x0F, 0xFF, 0xFF, 0xD7, 0xFF, 0xFF, 0xF5, 0xF0, 0x00, 0x00, 0x3C, 0x00,
    0x00, 0x0F, 0x40, 0x03, 0x40, 0xF8, 0x07, 0xE0, 0x1F, 0xFF, 0xE0, 0x00, 0xBF, 0xD0, 0x00, 0x00,
    0x07, 0xFF, 0x80, 0x03, 0xFF, 0xE0, 0x01, 0xD0, 0x00, 0x00, 0xB4, 0x00, 0x00, 0x2D, 0x00, 0x00,
    0x0B, 0x40, 0x03, 0xFF, 0xFF, 0xF8, 0xFF, 0xFF, 0xFE, 0x00, 0x2D, 0x00, 0x00, 0x0B, 0x40, 0x00,
    0x02, 0xD0, 0x00, 0x00, 0xB4, 0x00, 0x00, 0x2D, 0x00, 0x00, 0x0B, 0x40, 0x00, 0x02, 0xD0, 0x00,
    0x00, 0xB4, 0x00, 0x00, 0x2D, 0x00, 0x0F, 0xFF, 0xFF, 0xC3, 0xFF, 0xFF, 0xF0, 0x00, 0x00, 0x1F,
    0xC0, 0x00, 0x03, 0xFC, 0x01, 0xBF, 0xB0, 0x00, 0x7F, 0xFF, 0x40, 0x0F, 0x40, 0xBC, 0x01, 0xE0,
    0x03, 0xD0, 0x2E, 0x00, 0x2D, 0x01, 0xE0, 0x03, 0xD0, 0x0F, 0x40, 0xBC, 0x00, 0x3F, 0xFF, 0x40,
    0x02, 0xFF, 0x80, 0x00, 0xE0, 0x00, 0x00, 0x1E, 0x00, 0x00, 0x00, 0xFF, 0xFF, 0x90, 0x0B, 0xFF,
    0xFF, 0x43, 0xC0, 0x00, 0x7C, 0x78, 0x00, 0x03, 0xC3, 0xD0, 0x00, 0xBC, 0x2F, 0xFF, 0xFF, 0x00,
    0x6F, 0xFE, 0x40, 0xB4, 0x00, 0x02, 0xD0, 0x00, 0x0B, 0x40, 0x00, 0x2D, 0x00, 0x00, 0xB4, 0x00,
    0x02, 0xD0, 0x00, 0x0B, 0x4B, 0xF4, 0x2D, 0xBF, 0xF8, 0xBA, 0x02, 0xF6, 0xE0, 0x02, 0xEB, 0x40,
    0x07, 0xAD, 0x00, 0x1E, 0xB4, 0x00, 0x7A, 0xD0, 0x01, 0xEB, 0x40, 0x07, 0xAD, 0x00, 0x1E, 0xB4,
    0x00, 0x7A, 0xD0, 0x01, 0xEB, 0x40, 0x07, 0x80, 0x00, 0x3E, 0x00, 0x00, 0x7F, 0x00, 0x00, 0x3E,
    0x00, 0x00, 0x00, 0x00, 0x00, 0x00, 0x00, 0x00, 0x00, 0x00, 0x7F, 0xFD, 0x00, 0x7F, 0xFD, 0x00,
    0x00, 0x2D, 0x00, 0x00, 0x2D, 0x00, 0x00, 0x2D, 0x00, 0x00, 0x2D, 0x00, 0x00, 0x2D, 0x00, 0x00,
    0x2D, 0x00, 0x00, 0x2D, 0x00, 0x00, 0x2D, 0x00, 0x00, 0x2D, 0x00, 0x7F, 0xFF, 0xFE, 0x7F, 0xFF,
    0xFE, 0x00, 0x07, 0xC0, 0x00, 0xFD, 0x00, 0x07, 0xC0, 0x00, 0x00, 0x00, 0x00, 0x00, 0x00, 0x00,
    0xBF, 0xFF, 0xCB, 0xFF, 0xFC, 0x00, 0x03, 0xC0, 0x00, 0x3C, 0x00, 0x03, 0xC0, 0x00, 0x3C, 0x00,
    0x03, 0xC0, 0x00, 0x3C, 0x00, 0x03, 0xC0, 0x00, 0x3C, 0x00, 0x03, 0xC0, 0x00, 0x3C, 0x00, 0x03,
    0xC0, 0x00, 0x3C, 0x00, 0x03, 0xC0, 0x00, 0x38, 0x7F, 0xFF, 0x47, 0xFF, 0xE0, 0x78, 0x00, 0x00,
    0x1E, 0x00, 0x00, 0x07, 0x80, 0x00, 0x01, 0xE0, 0x00, 0x00, 0x78, 0x00, 0x00, 0x1E, 0x00, 0x00,
    0x07, 0x80, 0x07, 0xC1, 0xE0, 0x07, 0xC0, 0x78, 0x07, 0xC0, 0x1E, 0x0B, 0xC0, 0x07, 0x8B, 0xC0,
    0x01, 0xEB, 0xE0, 0x00, 0x7F, 0xBD, 0x00, 0x1F, 0x43, 0xC0, 0x07, 0x80, 0x7C, 0x01, 0xE0, 0x0B,
    0x80, 0x78, 0x00, 0xF4, 0x1E, 0x00, 0x1F, 0x07, 0x80, 0x01, 0xF0, 0xFF, 0xF8, 0x03, 0xFF, 0xE0,
    0x00, 0x0B, 0x80, 0x00, 0x2E, 0x00, 0x00, 0xB8, 0x00, 0x02, 0xE0, 0x00, 0x0B, 0x80, 0x00, 0x2E,
    0x00, 0x00, 0xB8, 0x00, 0x02, 0xE0, 0x00, 0x0B, 0x80, 0x00, 0x2E, 0x00, 0x00, 0xB8, 0x00, 0x02,
    0xE0, 0x00, 0x0B, 0x80, 0x00, 0x2E, 0x00, 0x00, 0xB8, 0x03, 0xFF, 0xFF, 0xFF, 0xFF, 0xFF, 0xC0,
    0xB1, 0xF0, 0x7E, 0x2D, 0xFF, 0x3F, 0xCB, 0x43, 0xE0, 0xBA, 0xD0, 0xB4, 0x1E, 0xB0, 0x1D, 0x03,
    0xAC, 0x07, 0x40, 0xEB, 0x01, 0xD0, 0x3A, 0xC0, 0x74, 0x0E, 0xB0, 0x1D, 0x03, 0xAC, 0x07, 0x40,
    0xEB, 0x01, 0xD0, 0x3A, 0xC0, 0x74, 0x0E, 0xB0, 0x1D, 0x03, 0x80, 0xB4, 0xBF, 0x42, 0xDB, 0xFF,
    0x8B, 0xA0, 0x2F, 0x6E, 0x00, 0x2E, 0xB4, 0x00, 0x7A, 0xD0, 0x01, 0xEB, 0x40, 0x07, 0xAD, 0x00,
    0x1E, 0xB4, 0x00, 0x7A, 0xD0, 0x01, 0xEB, 0x40, 0x07, 0xAD, 0x00, 0x1E, 0xB4, 0x00, 0x78, 0x00,
    0xBF, 0x80, 0x01, 0xFF, 0xFD, 0x01, 0xF8, 0x0B, 0xD0, 0xF4, 0x00, 0x7C, 0x3C, 0x00, 0x0F, 0x1F,
    0x00, 0x03, 0xD7, 0xC0, 0x00, 0xF5, 0xF0, 0x00, 0x3D, 0x3C, 0x00, 0x0F, 0x0F, 0x40, 0x07, 0xC1,
    0xF4, 0x07, 0xD0, 0x1F, 0xFF, 0xD0, 0x00, 0xBF, 0x80, 0x00, 0xB4, 0xBF, 0x80, 0xB7, 0xFF, 0xF0,
    0xBE, 0x01, 0xF8, 0xB8, 0x00, 0x7C, 0xB4, 0x00, 0x3D, 0xB4, 0x00, 0x2D, 0xB4, 0x00, 0x2D, 0xB4,
    0x00, 0x2D, 0xB4, 0x00, 0x3D, 0xB8, 0x00, 0x7C, 0xBE, 0x01, 0xF8, 0xB7, 0xFF, 0xF0, 0xB4, 0xBF,
    0x80, 0xB4, 0x00, 0x00, 0xB4, 0x00, 0x00, 0xB4, 0x00, 0x00, 0xB4, 0x00, 0x00, 0xB4, 0x00, 0x00,
    0x02, 0xFE, 0x1E, 0x0F, 0xFF, 0xDE, 0x2F, 0x40, 0xBE, 0x3D, 0x00, 0x2E, 0x7C, 0x00, 0x1E, 0x78,
    0x00, 0x1E, 0x78, 0x00, 0x1E, 0x78, 0x00, 0x1E, 0x7C, 0x00, 0x1E, 0x3D, 0x00, 0x2E, 0x2F, 0x40,
    0xBE, 0x0F, 0xFF, 0xDE, 0x02, 0xFE, 0x1E, 0x00, 0x00, 0x1E, 0x00, 0x00, 0x1E, 0x00, 0x00, 0x1E,
    0x00, 0x00, 0x1E, 0x00, 0x00, 0x1E, 0x3F, 0xF8, 0x2F, 0xCF, 0xFE, 0x3F, 0xF0, 0x07, 0xA8, 0x00,
    0x01, 0xE4, 0x00, 0x00, 0x7C, 0x00, 0x00, 0x1E, 0x00, 0x00, 0x07, 0x80, 0x00, 0x01, 0xE0, 0x00,
    0x00, 0x78, 0x00, 0x00, 0x1E, 0x00, 0x00, 0x07, 0x80, 0x00, 0xFF, 0xFF, 0xF8, 0x3F, 0xFF, 0xFE,
    0x00, 0x01, 0xBF, 0xD0, 0x02, 0xFF, 0xFF, 0x01, 0xF4, 0x06, 0xD0, 0xB4, 0x00, 0x00, 0x2E, 0x00,
    0x00, 0x03, 0xFE, 0x90, 0x00, 0x2F, 0xFF, 0x80, 0x00, 0x5A, 0xF8, 0x00, 0x00, 0x0F, 0x05, 0x00,
    0x03, 0xC3, 0xE4, 0x02, 0xF0, 0x7F, 0xFF, 0xF0, 0x01, 0xBF, 0xE0, 0x00, 0x00, 0x2D, 0x00, 0x00,
    0x02, 0xD0, 0x00, 0x00, 0x2D, 0x00, 0x00, 0x03, 0xD0, 0x00, 0x3F, 0xFF, 0xFF, 0xC3, 0xFF, 0xFF,
    0xFC, 0x00, 0x2D, 0x00, 0x00, 0x02, 0xD0, 0x00, 0x00, 0x2D, 0x00, 0x00, 0x02, 0xD0, 0x00, 0x00,
    0x2D, 0x00, 0x00, 0x02, 0xD0, 0x00, 0x00, 0x2D, 0x00, 0x00, 0x02, 0xD0, 0x00, 0x00, 0x2D, 0x00,
    0x00, 0x01, 0xFF, 0xFC, 0x00, 0x0B, 0xFF, 0xC0, 0xB4, 0x00, 0x7A, 0xD0, 0x01, 0xEB, 0x40, 0x07,
    0xAD, 0x00, 0x1E, 0xB4, 0x00, 0x7A, 0xD0, 0x01, 0xEB, 0x40, 0x07, 0xAD, 0x00, 0x1E, 0xB4, 0x00,
    0x7A, 0xE0, 0x02, 0xE7, 0xE0, 0x2B, 0x8B, 0xFF, 0x9E, 0x07, 0xF8, 0x78, 0x3C, 0x00, 0x0F, 0x0F,
    0x00, 0x03, 0xC2, 0xD0, 0x01, 0xE0, 0x3C, 0x00, 0xF0, 0x0F, 0x00, 0x3C, 0x01, 0xD0, 0x1D, 0x00,
    0x3C, 0x0F, 0x00, 0x0B, 0x03, 0x80, 0x01, 0xE1, 0xD0, 0x00, 0x3C, 0xF0, 0x00, 0x0B, 0x78, 0x00,
    0x01, 0xFD, 0x00, 0x00, 0x3F, 0x00, 0x00, 0x38, 0x0B, 0x80, 0xB0, 0xE0, 0x3F, 0x02, 0xC3, 0xC0,
    0xEC, 0x0F, 0x0B, 0x07, 0x74, 0x38, 0x2C, 0x1C, 0xE0, 0xE0, 0x74, 0xB2, 0x83, 0x41, 0xD3, 0x8B,
    0x1D, 0x03, 0x8D, 0x1C, 0x70, 0x0E, 0x70, 0x36, 0xC0, 0x3D, 0xC0, 0xEF, 0x00, 0xBB, 0x03, 0xB8,
    0x02, 0xF8, 0x0B, 0xE0, 0x07, 0xD0, 0x1F, 0x40, 0x3D, 0x00, 0x1F, 0x07, 0xC0, 0x0F, 0x40, 0xBC,
    0x0B, 0x80, 0x0F, 0x87, 0xC0, 0x00, 0xF7, 0xC0, 0x00, 0x1F, 0xD0, 0x00, 0x03, 0xF0, 0x00, 0x01,
    0xFD, 0x00, 0x00, 0xF3, 0xC0, 0x00, 0xF0, 0x7C, 0x00, 0xB8, 0x0B, 0x80, 0x7C, 0x00, 0xF4, 0x3C,
    0x00, 0x1F, 0x00, 0x78, 0x00, 0x0B, 0x4F, 0x00, 0x03, 0xC2, 0xD0, 0x01, 0xE0, 0x3C, 0x00, 0xB4,
    0x0F, 0x00, 0x3C, 0x01, 0xE0, 0x2D, 0x00, 0x3C, 0x0F, 0x00, 0x0B, 0x47, 0x80, 0x00, 0xE2, 0xC0,
    0x00, 0x3C, 0xF0, 0x00, 0x07, 0xF4, 0x00, 0x00, 0xFC, 0x00, 0x00, 0x2E, 0x00, 0x00, 0x0F, 0x00,
    0x00, 0x07, 0xC0, 0x00, 0x02, 0xD0, 0x00, 0x3F, 0xF0, 0x00, 0x0F, 0xE0, 0x00, 0x00, 0xBF, 0xFF,
    0xFA, 0xFF, 0xFF, 0xE0, 0x00, 0x0F, 0x40, 0x00, 0xF4, 0x00, 0x0F, 0x40, 0x00, 0xF8, 0x00, 0x0F,
    0x80, 0x00, 0xB8, 0x00, 0x0B, 0x80, 0x00, 0xB8, 0x00, 0x0B, 0x80, 0x00, 0x3F, 0xFF, 0xFF, 0xFF,
    0xFF, 0xFC, 0x00, 0x7F, 0xF4, 0x03, 0xFF, 0xD0, 0x0E, 0x00, 0x00, 0x38, 0x00, 0x00, 0xE0, 0x00,
    0x02, 0xC0, 0x00, 0x03, 0xC0, 0x00, 0x03, 0x40, 0x00, 0x0E, 0x00, 0x00, 0xB8, 0x07, 0xFF, 0x40,
    0x1F, 0xFE, 0x00, 0x00, 0x2E, 0x00, 0x00, 0x38, 0x00, 0x00, 0xD0, 0x00, 0x0F, 0x00, 0x00, 0xB0,
    0x00, 0x03, 0x80, 0x00, 0x0E, 0x00, 0x00, 0x38, 0x00, 0x00, 0xFF, 0xF4, 0x01, 0xFF, 0xD0, 0x75,
    0xD7, 0x5D, 0x75, 0xD7, 0x5D, 0x75, 0xD7, 0x5D, 0x75, 0xD7, 0x5D, 0x75, 0xD7, 0x5D, 0x75, 0xD0,
    0x7F, 0xF4, 0x01, 0xFF, 0xF0, 0x00, 0x02, 0xC0, 0x00, 0x0B, 0x00, 0x00, 0x2C, 0x00, 0x00, 0xE0,
    0x00, 0x0F, 0x00, 0x00, 0x70, 0x00, 0x02, 0xC0, 0x00, 0x0B, 0x80, 0x00, 0x0B, 0xFF, 0x40, 0x1F,
    0xFD, 0x02, 0xE0, 0x00, 0x0B, 0x00, 0x00, 0x1C, 0x00, 0x00, 0x3C, 0x00, 0x00, 0x38, 0x00, 0x00,
    0xB0, 0x00, 0x02, 0xC0, 0x00, 0x0B, 0x00, 0x7F, 0xFC, 0x01, 0xFF, 0xD0, 0x00, 0x0B, 0xD0, 0x03,
    0x47, 0xFD, 0x00, 0xD3, 0xC3, 0xD0, 0x70, 0xD0, 0x7C, 0x3C, 0x70, 0x07, 0xFD, 0x1C, 0x00, 0x7D,
    0x00, 0x3F, 0x1F, 0xD3, 0xF0, 0x00, 0x00, 0x00, 0x00, 0xC0, 0x30, 0x0C, 0x07, 0x41, 0xD0, 0x74,
    0x2E, 0x0B, 0x82, 0xE0, 0xB8, 0x2E, 0x06, 0x40, 0x00, 0x38, 0x00, 0x00, 0xE0, 0x00, 0x03, 0x80,
    0x00, 0xBF, 0xD0, 0x0F, 0xFF, 0xE0, 0xF8, 0xE3, 0xD7, 0xC3, 0x83, 0x2D, 0x0E, 0x00, 0xF4, 0x38,
    0x03, 0xD0, 0xE0, 0x0F, 0x43, 0x80, 0x2D, 0x0E, 0x00, 0x7C, 0x38, 0x34, 0xF8, 0xE3, 0xE0, 0xFF,
    0xFE, 0x00, 0xBF, 0xD0, 0x00, 0x38, 0x00, 0x00, 0xE0, 0x00, 0x03, 0x80, 0x00, 0x00, 0x7F, 0xE0,
    0x00, 0xFF, 0xFF, 0x40, 0xFD, 0x02, 0xF4, 0x7C, 0x00, 0x1C, 0x2E, 0x00, 0x00, 0x07, 0x80, 0x00,
    0x01, 0xF0, 0x00, 0x00, 0x3C, 0x00, 0x00, 0xBF, 0xFF, 0xD0, 0x2F, 0xFF, 0xF4, 0x00, 0x3C, 0x00,
    0x00, 0x0F, 0x00, 0x00, 0x07, 0x80, 0x00, 0x03, 0xC0, 0x00, 0x03, 0xD0, 0x00, 0x00, 0xFF, 0xFF,
    0xFD, 0x3F, 0xFF, 0xFF, 0x40, 0x00, 0x00, 0x00, 0x0F, 0x00, 0x03, 0xC1, 0xE0, 0x02, 0xD0, 0x3E,
    0xFE, 0xF0, 0x07, 0xFF, 0xF4, 0x03, 0xE0, 0x2F, 0x01, 0xF0, 0x03, 0xD0, 0xB8, 0x00, 0xB8, 0x2E,
    0x00, 0x2E, 0x0B, 0x80, 0x0B, 0x81, 0xF0, 0x03, 0xD0, 0x3E, 0x02, 0xF0, 0x07, 0xFF, 0xF4, 0x03,
    0xEF, 0xEF, 0x01, 0xE0, 0x02, 0xD0, 0xF0, 0x00, 0x3C, 0x00, 0x00, 0x00, 0x00, 0x3C, 0x00, 0x00,
    0xF0, 0xB8, 0x00, 0x0B, 0x80, 0xF0, 0x00, 0x3C, 0x02, 0xE0, 0x02, 0xE0, 0x03, 0xC0, 0x0F, 0x00,
    0x07, 0x80, 0xB4, 0x00, 0x0F, 0x03, 0xC0, 0x00, 0x1E, 0x2D, 0x00, 0x00, 0x3D, 0xF0, 0x00, 0x3F,
    0xFF, 0xFF, 0x00, 0xFF, 0xFF, 0xFC, 0x00, 0x02, 0xE0, 0x00, 0x00, 0x0B, 0x80, 0x00, 0x00, 0x2E,
    0x00, 0x00, 0x00, 0xB8, 0x00, 0x03, 0xFF, 0xFF, 0xF0, 0x0F, 0xFF, 0xFF, 0xC0, 0x75, 0xD7, 0x5D,
    0x75, 0xD7, 0x5D, 0x74, 0x00, 0x00, 0x00, 0x07, 0x5D, 0x75, 0xD7, 0x5D, 0x75, 0xD0, 0x02, 0xFF,
    0x40, 0x0F, 0xFF, 0xF0, 0x3E, 0x01, 0xD0, 0x3C, 0x00, 0x00, 0x3C, 0x00, 0x00, 0x2F, 0x40, 0x00,
    0x0F, 0xF9, 0x00, 0x0B, 0xFF, 0xD0, 0x38, 0x07, 0xF4, 0xB0, 0x00, 0x7C, 0xF0, 0x00, 0x3C, 0xF8,
    0x00, 0x3C, 0x7F, 0x40, 0xB0, 0x1F, 0xFF, 0x80, 0x01, 0xBF, 0xC0, 0x00, 0x07, 0xF0, 0x00, 0x00,
    0xF0, 0x00, 0x00, 0xF0, 0x1D, 0x02, 0xF0, 0x3F, 0xFF, 0xC0, 0x07, 0xFE, 0x00, 0x3D, 0x1F, 0x0F,
    0x8B, 0xC3, 0xD1, 0xF0, 0x00, 0x6F, 0xE4, 0x00, 0x0F, 0x40, 0x7C, 0x00, 0xE0, 0x00, 0x2C, 0x0B,
    0x07, 0xF4, 0x38, 0x34, 0x38, 0x74, 0x72, 0xC2, 0xC0, 0x90, 0xEE, 0x0E, 0x00, 0x02, 0xF8, 0x38,
    0x00, 0x0B, 0xE0, 0xE0, 0x00, 0x2F, 0x83, 0x80, 0x00, 0xBE, 0x0E, 0x00, 0x02, 0xEC, 0x2C, 0x09,
    0x0E, 0x34, 0x38, 0x74, 0x70, 0xB0, 0x7F, 0x43, 0x80, 0xE0, 0x00, 0x2C, 0x00, 0xF4, 0x07, 0xC0,
    0x00, 0x6F, 0xE4, 0x00, 0x1B, 0xF4, 0x0E, 0x0B, 0x00, 0x00, 0xE0, 0x00, 0x38, 0x1F, 0xFE, 0x1D,
    0x03, 0x87, 0x42, 0xE0, 0xBF, 0x6E, 0x00, 0x20, 0x02, 0x00, 0x2D, 0x03, 0xC0, 0x3E, 0x03, 0xD0,
    0x3E, 0x07, 0xD0, 0x3F, 0x07, 0xE0, 0x0F, 0x01, 0xF0, 0x03, 0xF0, 0x7E, 0x00, 0x3E, 0x07, 0xD0,
    0x03, 0xE0, 0x3D, 0x00, 0x2D, 0x03, 0xC0, 0x02, 0x00, 0x20, 0x7F, 0xFF, 0xFF, 0x1F, 0xFF, 0xFF,
    0xC0, 0x00, 0x00, 0xB0, 0x00, 0x00, 0x2C, 0x00, 0x00, 0x0B, 0x00, 0x00, 0x02, 0xC0, 0x00, 0x00,
    0xB0, 0x3F, 0xFF, 0x0F, 0xFF, 0xC0, 0x02, 0xFE, 0x00, 0x38, 0x0B, 0x02, 0x9F, 0xCA, 0x0C, 0x73,
    0x4C, 0x31, 0xFC, 0x30, 0xC7, 0x70, 0xC2, 0x9C, 0xDA, 0x03, 0x80, 0xB0, 0x02, 0xFE, 0x00, 0xFF,
    0xFF, 0xFF, 0xF0, 0x07, 0xF4, 0x0F, 0x47, 0xC7, 0x40, 0x76, 0xC0, 0x0E, 0xB0, 0x03, 0x9D, 0x01,
    0xD3, 0xD1, 0xF0, 0x2F, 0xD0, 0x00, 0x1D, 0x00, 0x00, 0x07, 0x40, 0x00, 0x01, 0xD0, 0x00, 0x00,
    0x74, 0x00, 0x00, 0x1D, 0x00, 0x1F, 0xFF, 0xFF, 0xD7, 0xFF, 0xFF, 0xF4, 0x00, 0x74, 0x00, 0x00,
    0x1D, 0x00, 0x00, 0x07, 0x40, 0x00, 0x01, 0xD0, 0x00, 0x00, 0x74, 0x00, 0x00, 0x00, 0x00, 0x00,
    0x00, 0x00, 0x07, 0xFF, 0xFF, 0xF5, 0xFF, 0xFF, 0xFD, 0x2F, 0xD2, 0xC1, 0xD0, 0x03, 0x80, 0x0D,
    0x00, 0xF0, 0x0E, 0x01, 0xE0, 0x1D, 0x00, 0xFF, 0xFC, 0x0B, 0xF4, 0x1C, 0x2D, 0x00, 0x0E, 0x00,
    0x2C, 0x03, 0xF4, 0x00, 0x1D, 0x00, 0x0E, 0x38, 0x1D, 0x1F, 0xF4, 0x09, 0x03, 0xC2, 0xD0, 0xE0,
    0x70, 0x00, 0xB4, 0x00, 0x7A, 0xD0, 0x01, 0xEB, 0x40, 0x07, 0xAD, 0x00, 0x1E, 0xB4, 0x00, 0x7A,
    0xD0, 0x01, 0xEB, 0x40, 0x07, 0xAD, 0x00, 0x1E, 0xB8, 0x00, 0x7A, 0xF0, 0x02, 0xEB, 0xE0, 0x2B,
    0xAF, 0xFF, 0x9E, 0xB6, 0xF8, 0x7A, 0xD0, 0x00, 0x0B, 0x40, 0x00, 0x2D, 0x00, 0x00, 0xB4, 0x00,
    0x02, 0xD0, 0x00, 0x00, 0x01, 0xFF, 0xFE, 0x0F, 0xFF, 0xFE, 0x3F, 0xFE, 0x0E, 0x7F, 0xFE, 0x0E,
    0xBF, 0xFE, 0x0E, 0xFF, 0xFE, 0x0E, 0xFF, 0xFE, 0x0E, 0xBF, 0xFE, 0x0E, 0x7F, 0xFE, 0x0E, 0x3F,
    0xFE, 0x0E, 0x0F, 0xFE, 0x0E, 0x01, 0xFE, 0x0E, 0x00, 0x1E, 0x0E, 0x00, 0x1E, 0x0E, 0x00, 0x1E,
    0x0E, 0x00, 0x1E, 0x0E, 0x00, 0x1E, 0x0E, 0x00, 0x1E, 0x0E, 0x00, 0x1E, 0x0E, 0x00, 0x1E, 0x0E,
    0x00, 0x1E, 0x0E, 0x3F, 0x1F, 0xD3, 0xF0, 0x0C, 0x01, 0xC0, 0x0B, 0xC0, 0x0E, 0x76, 0xD1, 0xA0,
    0x07, 0xE0, 0x0F, 0x78, 0x00, 0x0E, 0x00, 0x03, 0x80, 0x00, 0xE0, 0x00, 0x38, 0x00, 0x0E, 0x00,
    0x03, 0x80, 0x2F, 0xFF, 0x00, 0x0B, 0xF8, 0x0F, 0x03, 0xC7, 0x40, 0x75, 0xC0, 0x0D, 0x70, 0x03,
    0x5D, 0x01, 0xD3, 0xC0, 0xF0, 0x2F, 0xE0, 0x20, 0x02, 0x00, 0x0F, 0x01, 0xE0, 0x01, 0xF0, 0x2F,
    0x00, 0x1F, 0x42, 0xF0, 0x02, 0xF4, 0x3F, 0x00, 0x3D, 0x03, 0xC0, 0x2F, 0x43, 0xF0, 0x1F, 0x42,
    0xF0, 0x1F, 0x42, 0xF0, 0x0F, 0x01, 0xE0, 0x02, 0x00, 0x20, 0x00, 0x1B, 0xC0, 0x00, 0xB4, 0xDB,
    0x00, 0x03, 0x80, 0x2C, 0x00, 0x2C, 0x00, 0xB0, 0x01, 0xE0, 0x02, 0xC0, 0x0F, 0x00, 0x0B, 0x00,
    0x74, 0x00, 0x2C, 0x03, 0xC0, 0x0F, 0xFF, 0x00, 0x00, 0x00, 0x00, 0x00, 0x00, 0x00, 0x00, 0x0F,
    0x40, 0x0F, 0x00, 0xAD, 0x00, 0x74, 0x07, 0x34, 0x03, 0xC0, 0x30, 0xD0, 0x2D, 0x03, 0x43, 0x40,
    0xE0, 0x0F, 0xFF, 0x8B, 0x00, 0x00, 0x34, 0x78, 0x00, 0x00, 0xD0, 0x1B, 0xC0, 0x00, 0xB4, 0xDB,
    0x00, 0x03, 0x80, 0x2C, 0x00, 0x2C, 0x00, 0xB0, 0x01, 0xE0, 0x02, 0xC0, 0x0F, 0x00, 0x0B, 0x00,
    0x74, 0x00, 0x2C, 0x03, 0xC0, 0x0F, 0xFF, 0x00, 0x00, 0x00, 0x00, 0x00, 0x00, 0x00, 0x00, 0xBF,
    0x00, 0x0F, 0x0B, 0x0F, 0x00, 0x74, 0x00, 0x2C, 0x03, 0xC0, 0x00, 0xE0, 0x2D, 0x00, 0x0F, 0x00,
    0xE0, 0x00, 0xE0, 0x0B, 0x00, 0x1D, 0x00, 0x78, 0x00, 0xFF, 0xF4, 0x1F, 0xE0, 0x00, 0xB4, 0x91,
    0xE0, 0x03, 0x80, 0x07, 0x40, 0x2C, 0x01, 0xF4, 0x01, 0xE0, 0x00, 0x74, 0x0F, 0x00, 0x00, 0xE0,
    0x74, 0x07, 0x47, 0x43, 0xC0, 0x07, 0xF8, 0x00, 0x00, 0x00, 0x00, 0x00, 0x00, 0x00, 0x00, 0x0F,
    0x40, 0x0F, 0x00, 0xAD, 0x00, 0x74, 0x07, 0x34, 0x03, 0xC0, 0x30, 0xD0, 0x2D, 0x03, 0x43, 0x40,
    0xE0, 0x0F, 0xFF, 0x8B, 0x00, 0x00, 0x34, 0x78, 0x00, 0x00, 0xD0, 0x00, 0xBD, 0x00, 0x00, 0xFF,
    0x00, 0x00, 0xBD, 0x00, 0x00, 0x00, 0x00, 0x00, 0x00, 0x00, 0x00, 0x00, 0x00, 0x00, 0x3C, 0x00,
    0x00, 0x3C, 0x00, 0x00, 0x7C, 0x00, 0x0B, 0xFC, 0x00, 0x2E, 0x00, 0x00, 0x7C, 0x00, 0x00, 0xB4,
    0x00, 0x00, 0xB4, 0x00, 0x34, 0xB8, 0x00, 0xBC, 0x7E, 0x02, 0xF0, 0x2F, 0xFF, 0xD0, 0x06, 0xFE,
    0x00, 0x00, 0x18, 0x00, 0x00, 0x00, 0xF0, 0x00, 0x00, 0x01, 0xE0, 0x00, 0x00, 0x02, 0xC0, 0x00,
    0x00, 0x03, 0x40, 0x00, 0x00, 0x00, 0x00, 0x00, 0x00, 0x00, 0x00, 0x00, 0x03, 0xF0, 0x00, 0x00,
    0x1F, 0xD0, 0x00, 0x00, 0xBB, 0x80, 0x00, 0x03, 0xCF, 0x00, 0x00, 0x1E, 0x2D, 0x00, 0x00, 0xB4,
    0x78, 0x00, 0x03, 0xC0, 0xF0, 0x00, 0x0E, 0x02, 0xD0, 0x00, 0xB4, 0x07, 0x80, 0x03, 0xC0, 0x0F,
    0x00, 0x0F, 0xFF, 0xFC, 0x00, 0x7F, 0xFF, 0xF8, 0x03, 0xD0, 0x01, 0xF0, 0x0F, 0x00, 0x03, 0xC0,
    0x78, 0x00, 0x0B, 0x43, 0xD0, 0x00, 0x1F, 0x0F, 0x00, 0x00, 0x3C, 0x00, 0x00, 0x90, 0x00, 0x00,
    0x03, 0xC0, 0x00, 0x00, 0x2D, 0x00, 0x00, 0x00, 0xE0, 0x00, 0x00, 0x07, 0x00, 0x00, 0x00, 0x00,
    0x00, 0x00, 0x00, 0x00, 0x00, 0x00, 0x03, 0xF0, 0x00, 0x00, 0x1F, 0xD0, 0x00, 0x00, 0xBB, 0x80,
    0x00, 0x03, 0xCF, 0x00, 0x00, 0x1E, 0x2D, 0x00, 0x00, 0xB4, 0x78, 0x00, 0x03, 0xC0, 0xF0, 0x00,
    0x0E, 0x02, 0xD0, 0x00, 0xB4, 0x07, 0x80, 0x03, 0xC0, 0x0F, 0x00, 0x0F, 0xFF, 0xFC, 0x00, 0x7F,
    0xFF, 0xF8, 0x03, 0xD0, 0x01, 0xF0, 0x0F, 0x00, 0x03, 0xC0, 0x78, 0x00, 0x0B, 0x43, 0xD0, 0x00,
    0x1F, 0x0F, 0x00, 0x00, 0x3C, 0x00, 0x0F, 0xC0, 0x00, 0x00, 0xFB, 0xC0, 0x00, 0x0F, 0x07, 0xC0,
    0x00, 0x30, 0x03, 0x00, 0x00, 0x00, 0x00, 0x00, 0x00, 0x00, 0x00, 0x00, 0x00, 0xFC, 0x00, 0x00,
    0x07, 0xF4, 0x00, 0x00, 0x2E, 0xE0, 0x00, 0x00, 0xF3, 0xC0, 0x00, 0x07, 0x8B, 0x40, 0x00, 0x2D,
    0x1E, 0x00, 0x00, 0xF0, 0x3C, 0x00, 0x03, 0x80, 0xB4, 0x00, 0x2D, 0x01, 0xE0, 0x00, 0xF0, 0x03,
    0xC0, 0x03, 0xFF, 0xFF, 0x00, 0x1F, 0xFF, 0xFE, 0x00, 0xF4, 0x00, 0x7C, 0x03, 0xC0, 0x00, 0xF0,
    0x1E, 0x00, 0x02, 0xD0, 0xF4, 0x00, 0x07, 0xC3, 0xC0, 0x00, 0x0F, 0x00, 0x00, 0xBE, 0x08, 0x00,
    0x07, 0xFF, 0xF4, 0x00, 0x08, 0x2F, 0x80, 0x00, 0x00, 0x00, 0x00, 0x00, 0x00, 0x00, 0x00, 0x00,
    0x3F, 0x00, 0x00, 0x01, 0xFD, 0x00, 0x00, 0x0B, 0xB8, 0x00, 0x00, 0x3C, 0xF0, 0x00, 0x01, 0xE2,
    0xD0, 0x00, 0x0B, 0x47, 0x80, 0x00, 0x3C, 0x0F, 0x00, 0x00, 0xE0, 0x2D, 0x00, 0x0B, 0x40, 0x78,
    0x00, 0x3C, 0x00, 0xF0, 0x00, 0xFF, 0xFF, 0xC0, 0x07, 0xFF, 0xFF, 0x80, 0x3D, 0x00, 0x1F, 0x00,
    0xF0, 0x00, 0x3C, 0x07, 0x80, 0x00, 0xB4, 0x3D, 0x00, 0x01, 0xF0, 0xF0, 0x00, 0x03, 0xC0, 0x00,
    0xF4, 0x7C, 0x00, 0x03, 0xE2, 0xF0, 0x00, 0x0F, 0x47, 0xC0, 0x00, 0x00, 0x00, 0x00, 0x00, 0x00,
    0x00, 0x00, 0x00, 0x3F, 0x00, 0x00, 0x01, 0xFD, 0x00, 0x00, 0x0B, 0xB8, 0x00, 0x00, 0x3C, 0xF0,
    0x00, 0x01, 0xE2, 0xD0, 0x00, 0x0B, 0x47, 0x80, 0x00, 0x3C, 0x0F, 0x00, 0x00, 0xE0, 0x2D, 0x00,
    0x0B, 0x40, 0x78, 0x00, 0x3C, 0x00, 0xF0, 0x00, 0xFF, 0xFF, 0xC0, 0x07, 0xFF, 0xFF, 0x80, 0x3D,
    0x00, 0x1F, 0x00, 0xF0, 0x00, 0x3C, 0x07, 0x80, 0x00, 0xB4, 0x3D, 0x00, 0x01, 0xF0, 0xF0, 0x00,
    0x03, 0xC0, 0x00, 0x0F, 0xC0, 0x00, 0x00, 0xD1, 0xC0, 0x00, 0x07, 0x03, 0x40, 0x00, 0x1C, 0x0D,
    0x00, 0x00, 0x34, 0x70, 0x00, 0x00, 0x3F, 0x00, 0x00, 0x00, 0x00, 0x00, 0x00, 0x03, 0xF0, 0x00,
    0x00, 0x1F, 0xD0, 0x00, 0x00, 0xBB, 0x80, 0x00, 0x03, 0xCF, 0x00, 0x00, 0x1E, 0x2D, 0x00, 0x00,
    0xB4, 0x78, 0x00, 0x03, 0xC0, 0xF0, 0x00, 0x0E, 0x02, 0xD0, 0x00, 0xB4, 0x07, 0x80, 0x03, 0xC0,
    0x0F, 0x00, 0x0F, 0xFF, 0xFC, 0x00, 0x7F, 0xFF, 0xF8, 0x03, 0xD0, 0x01, 0xF0, 0x0F, 0x00, 0x03,
    0xC0, 0x78, 0x00, 0x0B, 0x43, 0xD0, 0x00, 0x1F, 0x0F, 0x00, 0x00, 0x3C, 0x00, 0x1F, 0xFF, 0xF0,
    0x03, 0xFF, 0xFF, 0x00, 0x3C, 0xF0, 0x00, 0x07, 0x4F, 0x00, 0x00, 0xB0, 0xF0, 0x00, 0x0F, 0x0F,
    0x00, 0x01, 0xE0, 0xF0, 0x00, 0x2C, 0x0F, 0xFE, 0x03, 0xC0, 0xFF, 0xE0, 0x38, 0x0F, 0x00, 0x0B,
    0xFF, 0xF0, 0x00, 0xFF, 0xFF, 0x00, 0x0F, 0x00, 0xF0, 0x01, 0xE0, 0x0F, 0x00, 0x2D, 0x00, 0xF0,
    0x03, 0xC0, 0x0F, 0xFF, 0x78, 0x00, 0xFF, 0xF0, 0x00, 0xBF, 0xD0, 0x00, 0xFF, 0xFE, 0x00, 0xFD,
    0x07, 0xE0, 0x7C, 0x00, 0x3C, 0x2D, 0x00, 0x05, 0x0F, 0x00, 0x00, 0x03, 0xC0, 0x00, 0x00, 0xF0,
    0x00, 0x00, 0x3C, 0x00, 0x00, 0x0F, 0x00, 0x00, 0x03, 0xC0, 0x00, 0x00, 0xF0, 0x00, 0x00, 0x2D,
    0x00, 0x05, 0x07, 0xC0, 0x03, 0xC0, 0xFD, 0x07, 0xE0, 0x0F, 0xFF, 0xE0, 0x00, 0x7F, 0xD0, 0x00,
    0x03, 0x00, 0x00, 0x00, 0xFD, 0x00, 0x00, 0x07, 0x80, 0x00, 0x10, 0xE0, 0x00, 0x0F, 0xE0, 0x00,
    0x01, 0x80, 0x00, 0x0F, 0x40, 0x00, 0x0F, 0x00, 0x00, 0x2D, 0x00, 0x00, 0x34, 0x00, 0x00, 0x00,
    0x00, 0x00, 0x00, 0x3F, 0xFF, 0xFF, 0xFF, 0xFF, 0xFF, 0xD0, 0x00, 0x0F, 0x40, 0x00, 0x3D, 0x00,
    0x00, 0xF4, 0x00, 0x03, 0xD0, 0x00, 0x0F, 0xFF, 0xFF, 0xBF, 0xFF, 0xFE, 0xF4, 0x00, 0x03, 0xD0,
    0x00, 0x0F, 0x40, 0x00, 0x3D, 0x00, 0x00, 0xF4, 0x00, 0x03, 0xD0, 0x00, 0x0F, 0xFF, 0xFF, 0xFF,
    0xFF, 0xFF, 0x00, 0x05, 0x00, 0x00, 0x3C, 0x00, 0x02, 0xD0, 0x00, 0x0F, 0x00, 0x00, 0x30, 0x00,
    0x00, 0x00, 0x00, 0x00, 0x00, 0x3F, 0xFF, 0xFF, 0xFF, 0xFF, 0xFF, 0xD0, 0x00, 0x0F, 0x40, 0x00,
    0x3D, 0x00, 0x00, 0xF4, 0x00, 0x03, 0xD0, 0x00, 0x0F, 0xFF, 0xFF, 0xBF, 0xFF, 0xFE, 0xF4, 0x00,
    0x03, 0xD0, 0x00, 0x0F, 0x40, 0x00, 0x3D, 0x00, 0x00, 0xF4, 0x00, 0x03, 0xD0, 0x00, 0x0F, 0xFF,
    0xFF, 0xFF, 0xFF, 0xFF, 0x00, 0xFD, 0x00, 0x0F, 0xBC, 0x00, 0xB4, 0x3C, 0x03, 0x40, 0x34, 0x00,
    0x00, 0x00, 0x00, 0x00, 0x0F, 0xFF, 0xFF, 0xFF, 0xFF, 0xFF, 0xF4, 0x00, 0x03, 0xD0, 0x00, 0x0F,
    0x40, 0x00, 0x3D, 0x00, 0x00, 0xF4, 0x00, 0x03, 0xFF, 0xFF, 0xEF, 0xFF, 0xFF, 0xBD, 0x00, 0x00,
    0xF4, 0x00, 0x03, 0xD0, 0x00, 0x0F, 0x40, 0x00, 0x3D, 0x00, 0x00, 0xF4, 0x00, 0x03, 0xFF, 0xFF,
    0xFF, 0xFF, 0xFF, 0xC0, 0x0F, 0x43, 0xC0, 0x3E, 0x1F, 0x40, 0xF4, 0x3C, 0x00, 0x00, 0x00, 0x00,
    0x00, 0x03, 0xFF, 0xFF, 0xFF, 0xFF, 0xFF, 0xFD, 0x00, 0x00, 0xF4, 0x00, 0x03, 0xD0, 0x00, 0x0F,
    0x40, 0x00, 0x3D, 0x00, 0x00, 0xFF, 0xFF, 0xFB, 0xFF, 0xFF, 0xEF, 0x40, 0x00, 0x3D, 0x00, 0x00,
    0xF4, 0x00, 0x03, 0xD0, 0x00, 0x0F, 0x40, 0x00, 0x3D, 0x00, 0x00, 0xFF, 0xFF, 0xFF, 0xFF, 0xFF,
    0xF0, 0x01, 0x80, 0x00, 0x0F, 0x00, 0x00, 0x1E, 0x00, 0x00, 0x2C, 0x00, 0x00, 0x34, 0x00, 0x00,
    0x00, 0x00, 0x00, 0x00, 0x3F, 0xFF, 0xFF, 0xFF, 0xFF, 0xFC, 0x02, 0xE0, 0x00, 0x0B, 0x80, 0x00,
    0x2E, 0x00, 0x00, 0xB8, 0x00, 0x02, 0xE0, 0x00, 0x0B, 0x80, 0x00, 0x2E, 0x00, 0x00, 0xB8, 0x00,
    0x02, 0xE0, 0x00, 0x0B, 0x80, 0x00, 0x2E, 0x00, 0x00, 0xB8, 0x00, 0x02, 0xE0, 0x0F, 0xFF, 0xFF,
    0xFF, 0xFF, 0xFF, 0x00, 0x09, 0x00, 0x00, 0x3C, 0x00, 0x02, 0xD0, 0x00, 0x0E, 0x00, 0x00, 0x70,
    0x00, 0x00, 0x00, 0x00, 0x00, 0x00, 0x3F, 0xFF, 0xFF, 0xFF, 0xFF, 0xFC, 0x02, 0xE0, 0x00, 0x0B,
    0x80, 0x00, 0x2E, 0x00, 0x00, 0xB8, 0x00, 0x02, 0xE0, 0x00, 0x0B, 0x80, 0x00, 0x2E, 0x00, 0x00,
    0xB8, 0x00, 0x02, 0xE0, 0x00, 0x0B, 0x80, 0x00, 0x2E, 0x00, 0x00, 0xB8, 0x00, 0x02, 0xE0, 0x0F,
    0xFF, 0xFF, 0xFF, 0xFF, 0xFF, 0x00, 0xFC, 0x00, 0x0F, 0xBC, 0x00, 0xF0, 0x7C, 0x03, 0x00, 0x30,
    0x00, 0x00, 0x00, 0x00, 0x00, 0x0F, 0xFF, 0xFF, 0xFF, 0xFF, 0xFF, 0x00, 0xB8, 0x00, 0x02, 0xE0,
    0x00, 0x0B, 0x80, 0x00, 0x2E, 0x00, 0x00, 0xB8, 0x00, 0x02, 0xE0, 0x00, 0x0B, 0x80, 0x00, 0x2E,
    0x00, 0x00, 0xB8, 0x00, 0x02, 0xE0, 0x00, 0x0B, 0x80, 0x00, 0x2E, 0x00, 0x00, 0xB8, 0x03, 0xFF,
    0xFF, 0xFF, 0xFF, 0xFF, 0xC0, 0x0F, 0x47, 0xC0, 0x3E, 0x2F, 0x00, 0xF4, 0x7C, 0x00, 0x00, 0x00,
    0x00, 0x00, 0x03, 0xFF, 0xFF, 0xFF, 0xFF, 0xFF, 0xC0, 0x2E, 0x00, 0x00, 0xB8, 0x00, 0x02, 0xE0,
    0x00, 0x0B, 0x80, 0x00, 0x2E, 0x00, 0x00, 0xB8, 0x00, 0x02, 0xE0, 0x00, 0x0B, 0x80, 0x00, 0x2E,
    0x00, 0x00, 0xB8, 0x00, 0x02, 0xE0, 0x00, 0x0B, 0x80, 0x00, 0x2E, 0x00, 0xFF, 0xFF, 0xFF, 0xFF,
    0xFF, 0xF0, 0x07, 0xFF, 0xE0, 0x00, 0x7F, 0xFF, 0xD0, 0x07, 0x80, 0x2F, 0x00, 0x78, 0x00, 0xB8,
    0x07, 0x80, 0x03, 0xC0, 0x78, 0x00, 0x3D, 0x07, 0x80, 0x02, 0xD7, 0xFF, 0xF0, 0x2E, 0x7F, 0xFF,
    0x02, 0xE0, 0x78, 0x00, 0x2E, 0x07, 0x80, 0x02, 0xD0, 0x78, 0x00, 0x3D, 0x07, 0x80, 0x03, 0xC0,
    0x78, 0x00, 0xB8, 0x07, 0x80, 0x2F, 0x00, 0x7F, 0xFF, 0xD0, 0x07, 0xFF, 0xE0, 0x00, 0x0B, 0xE0,
    0x80, 0x7F, 0xFF, 0x40, 0x82, 0xF8, 0x00, 0x00, 0x00, 0x00, 0x00, 0x03, 0xF0, 0x00, 0xFF, 0xE0,
    0x03, 0xFF, 0xC0, 0x0F, 0xFB, 0x40, 0x3F, 0xCF, 0x00, 0xFF, 0x3D, 0x03, 0xFC, 0x78, 0x0F, 0xF0,
    0xF0, 0x3F, 0xC2, 0xE0, 0xFF, 0x03, 0xC3, 0xFC, 0x0B, 0x4F, 0xF0, 0x1F, 0x3F, 0xC0, 0x3C, 0xFF,
    0x00, 0x7B, 0xFC, 0x00, 0xFF, 0xF0, 0x02, 0xFF, 0xC0, 0x03, 0xF0, 0x00, 0x60, 0x00, 0x00, 0x3C,
    0x00, 0x00, 0x07, 0x80, 0x00, 0x00, 0xB0, 0x00, 0x00, 0x0D, 0x00, 0x00, 0x00, 0x00, 0x00, 0x00,
    0x00, 0x00, 0x06, 0xFE, 0x00, 0x07, 0xFF, 0xF4, 0x07, 0xE0, 0x2F, 0x43, 0xE0, 0x02, 0xF0, 0xF0,
    0x00, 0x3C, 0x7C, 0x00, 0x0F, 0x5E, 0x00, 0x02, 0xDB, 0x80, 0x00, 0xBA, 0xE0, 0x00, 0x2E, 0xB8,
    0x00, 0x0B, 0x9E, 0x00, 0x02, 0xD7, 0xC0, 0x00, 0xF4, 0xF0, 0x00, 0x3C, 0x3E, 0x00, 0x2F, 0x07,
    0xE0, 0x2F, 0x40, 0x7F, 0xFF, 0x40, 0x06, 0xFE, 0x00, 0x00, 0x02, 0x40, 0x00, 0x00, 0xF0, 0x00,
    0x00, 0xB4, 0x00, 0x00, 0x38, 0x00, 0x00, 0x1C, 0x00, 0x00, 0x00, 0x00, 0x00, 0x00, 0x00, 0x00,
    0x06, 0xFE, 0x00, 0x07, 0xFF, 0xF4, 0x07, 0xE0, 0x2F, 0x43, 0xE0, 0x02, 0xF0, 0xF0, 0x00, 0x3C,
    0x7C, 0x00, 0x0F, 0x5E, 0x00, 0x02, 0xDB, 0x80, 0x00, 0xBA, 0xE0, 0x00, 0x2E, 0xB8, 0x00, 0x0B,
    0x9E, 0x00, 0x02, 0xD7, 0xC0, 0x00, 0xF4, 0xF0, 0x00, 0x3C, 0x3E, 0x00, 0x2F, 0x07, 0xE0, 0x2F,
    0x40, 0x7F, 0xFF, 0x40, 0x06, 0xFE, 0x00, 0x00, 0x3F, 0x00, 0x00, 0x3E, 0xF0, 0x00, 0x3C, 0x1F,
    0x00, 0x0C, 0x00, 0xC0, 0x00, 0x00, 0x00, 0x00, 0x00, 0x00, 0x00, 0x1B, 0xF8, 0x00, 0x1F, 0xFF,
    0xD0, 0x1F, 0x80, 0xBD, 0x0F, 0x80, 0x0B, 0xC3, 0xC0, 0x00, 0xF1, 0xF0, 0x00, 0x3D, 0x78, 0x00,
    0x0B, 0x6E, 0x00, 0x02, 0xEB, 0x80, 0x00, 0xBA, 0xE0, 0x00, 0x2E, 0x78, 0x00, 0x0B, 0x5F, 0x00,
    0x03, 0xD3, 0xC0, 0x00, 0xF0, 0xF8, 0x00, 0xBC, 0x1F, 0x80, 0xBD, 0x01, 0xFF, 0xFD, 0x00, 0x1B,
    0xF8, 0x00, 0x02, 0xF8, 0x20, 0x01, 0xFF, 0xFD, 0x00, 0x20, 0xBE, 0x00, 0x00, 0x00, 0x00, 0x00,
    0x00, 0x00, 0x00, 0x6F, 0xE0, 0x00, 0x7F, 0xFF, 0x40, 0x7E, 0x02, 0xF4, 0x3E, 0x00, 0x2F, 0x0F,
    0x00, 0x03, 0xC7, 0xC0, 0x00, 0xF5, 0xE0, 0x00, 0x2D, 0xB8, 0x00, 0x0B, 0xAE, 0x00, 0x02, 0xEB,
    0x80, 0x00, 0xB9, 0xE0, 0x00, 0x2D, 0x7C, 0x00, 0x0F, 0x4F, 0x00, 0x03, 0xC3, 0xE0, 0x02, 0xF0,
    0x7E, 0x02, 0xF4, 0x07, 0xFF, 0xF4, 0x00, 0x6F, 0xE0, 0x00, 0x03, 0xD1, 0xF0, 0x00, 0xF8, 0xBC,
    0x00, 0x3D, 0x1F, 0x00, 0x00, 0x00, 0x00, 0x00, 0x00, 0x00, 0x00, 0x6F, 0xE0, 0x00, 0x7F, 0xFF,
    0x40, 0x7E, 0x02, 0xF4, 0x3E, 0x00, 0x2F, 0x0F, 0x00, 0x03, 0xC7, 0xC0, 0x00, 0xF5, 0xE0, 0x00,
    0x2D, 0xB8, 0x00, 0x0B, 0xAE, 0x00, 0x02, 0xEB, 0x80, 0x00, 0xB9, 0xE0, 0x00, 0x2D, 0x7C, 0x00,
    0x0F, 0x4F, 0x00, 0x03, 0xC3, 0xE0, 0x02, 0xF0, 0x7E, 0x02, 0xF4, 0x07, 0xFF, 0xF4, 0x00, 0x6F,
    0xE0, 0x00, 0x20, 0x00, 0x21, 0xF0, 0x03, 0xD2, 0xF0, 0x3E, 0x02, 0xF3, 0xE0, 0x02, 0xFE, 0x00,
    0x03, 0xF0, 0x00, 0x3F, 0xF0, 0x03, 0xE2, 0xF0, 0x3E, 0x02, 0xF2, 0xE0, 0x02, 0xE1, 0x00, 0x01,
    0x00, 0x00, 0x00, 0x02, 0x00, 0x2F, 0xE5, 0xE0, 0x7F, 0xFF, 0xF0, 0x7E, 0x02, 0xF4, 0x3E, 0x00,
    0x3F, 0x0F, 0x00, 0x3F, 0xC7, 0xC0, 0x1D, 0xF5, 0xE0, 0x0F, 0x2D, 0xB8, 0x0F, 0x0B, 0xAE, 0x07,
    0x42, 0xEB, 0x83, 0xC0, 0xB9, 0xE3, 0xC0, 0x2D, 0x7D, 0xD0, 0x0F, 0x4F, 0xF0, 0x03, 0xC3, 0xF0,
    0x02, 0xF0, 0x7E, 0x02, 0xF4, 0x3F, 0xFF, 0xF4, 0x2D, 0x6F, 0xE0, 0x02, 0x00, 0x00, 0x00, 0x01,
    0x80, 0x00, 0x0F, 0x00, 0x00, 0x1E, 0x00, 0x00, 0x2C, 0x00, 0x00, 0x34, 0x00, 0x00, 0x00, 0x00,
    0x00, 0x00, 0x3C, 0x00, 0x0F, 0xF0, 0x00, 0x3F, 0xC0, 0x00, 0xFF, 0x00, 0x03, 0xFC, 0x00, 0x0F,
    0xF0, 0x00, 0x3F, 0xC0, 0x00, 0xFF, 0x00, 0x03, 0xFC, 0x00, 0x0F, 0xF0, 0x00, 0x3F, 0xC0, 0x00,
    0xFF, 0x00, 0x03, 0xFD, 0x00, 0x1F, 0xB8, 0x00, 0xB9, 0xF4, 0x07, 0xD2, 0xFF, 0xFE, 0x01, 0xFF,
    0xD0, 0x00, 0x09, 0x00, 0x00, 0x3C, 0x00, 0x02, 0xD0, 0x00, 0x0E, 0x00, 0x00, 0x70, 0x00, 0x00,
    0x00, 0x00, 0x00, 0x00, 0x3C, 0x00, 0x0F, 0xF0, 0x00, 0x3F, 0xC0, 0x00, 0xFF, 0x00, 0x03, 0xFC,
    0x00, 0x0F, 0xF0, 0x00, 0x3F, 0xC0, 0x00, 0xFF, 0x00, 0x03, 0xFC, 0x00, 0x0F, 0xF0, 0x00, 0x3F,
    0xC0, 0x00, 0xFF, 0x00, 0x03, 0xFD, 0x00, 0x1F, 0xB8, 0x00, 0xB9, 0xF4, 0x07, 0xD2, 0xFF, 0xFE,
    0x01, 0xFF, 0xD0, 0x00, 0xFC, 0x00, 0x0F, 0xBC, 0x00, 0xF0, 0x7C, 0x03, 0x00, 0x30, 0x00, 0x00,
    0x00, 0x00, 0x00, 0x0F, 0x00, 0x03, 0xFC, 0x00, 0x0F, 0xF0, 0x00, 0x3F, 0xC0, 0x00, 0xFF, 0x00,
    0x03, 0xFC, 0x00, 0x0F, 0xF0, 0x00, 0x3F, 0xC0, 0x00, 0xFF, 0x00, 0x03, 0xFC, 0x00, 0x0F, 0xF0,
    0x00, 0x3F, 0xC0, 0x00, 0xFF, 0x40, 0x07, 0xEE, 0x00, 0x2E, 0x7D, 0x01, 0xF4, 0xBF, 0xFF, 0x80,
    0x7F, 0xF4, 0x00, 0x0F, 0x47, 0xC0, 0x3E, 0x2F, 0x00, 0xF4, 0x7C, 0x00, 0x00, 0x00, 0x00, 0x00,
    0x03, 0xC0, 0x00, 0xFF, 0x00, 0x03, 0xFC, 0x00, 0x0F, 0xF0, 0x00, 0x3F, 0xC0, 0x00, 0xFF, 0x00,
    0x03, 0xFC, 0x00, 0x0F, 0xF0, 0x00, 0x3F, 0xC0, 0x00, 0xFF, 0x00, 0x03, 0xFC, 0x00, 0x0F, 0xF0,
    0x00, 0x3F, 0xD0, 0x01, 0xFB, 0x80, 0x0B, 0x9F, 0x40, 0x7D, 0x2F, 0xFF, 0xE0, 0x1F, 0xFD, 0x00,
    0x00, 0x00, 0x90, 0x00, 0x00, 0x03, 0xC0, 0x00, 0x00, 0x2D, 0x00, 0x00, 0x00, 0xE0, 0x00, 0x00,
    0x07, 0x00, 0x00, 0x00, 0x00, 0x00, 0x00, 0x00, 0x00, 0x00, 0x1F, 0x00, 0x00, 0x3D, 0x2E, 0x00,
    0x02, 0xE0, 0x3D, 0x00, 0x0F, 0x00, 0x7C, 0x00, 0xF4, 0x00, 0xF4, 0x07, 0xC0, 0x01, 0xF0, 0x3D,
    0x00, 0x02, 0xE2, 0xE0, 0x00, 0x03, 0xDF, 0x00, 0x00, 0x07, 0xF4, 0x00, 0x00, 0x0F, 0xC0, 0x00,
    0x00, 0x2E, 0x00, 0x00, 0x00, 0xB8, 0x00, 0x00, 0x02, 0xE0, 0x00, 0x00, 0x0B, 0x80, 0x00, 0x00,
    0x2E, 0x00, 0x00, 0x00, 0xB8, 0x00, 0x00, 0x02, 0xE0, 0x00, 0xF4, 0x00, 0x00, 0xF4, 0x00, 0x00,
    0xF4, 0x00, 0x00, 0xF4, 0x00, 0x00, 0xFF, 0xFF, 0x90, 0xFF, 0xFF, 0xF8, 0xF4, 0x00, 0x7C, 0xF4,
    0x00, 0x2D, 0xF4, 0x00, 0x2E, 0xF4, 0x00, 0x2D, 0xF4, 0x00, 0x7C, 0xFF, 0xFF, 0xF8, 0xFF, 0xFF,
    0x90, 0xF4, 0x00, 0x00, 0xF4, 0x00, 0x00, 0xF4, 0x00, 0x00, 0xF4, 0x00, 0x00, 0x1F, 0xFC, 0x00,
    0x0F, 0xFF, 0x00, 0x07, 0x80, 0x00, 0x01, 0xE0, 0x00, 0x00, 0x78, 0x00, 0x00, 0x1E, 0x00, 0x00,
    0x07, 0xFF, 0xFF, 0xC1, 0xFF, 0xFF, 0xF0, 0x78, 0x00, 0x38, 0x1E, 0x00, 0x3C, 0x07, 0x80, 0x3C,
    0x01, 0xE0, 0x2C, 0x00, 0x78, 0x2D, 0x00, 0x1E, 0x0F, 0x90, 0x07, 0x83, 0xFF, 0x81, 0xE0, 0x01,
    0xF8, 0x78, 0x00, 0x0F, 0x1E, 0x00, 0x03, 0xC7, 0x80, 0x00, 0xF4, 0x00, 0x00, 0x3C, 0x00, 0x00,
    0x1F, 0x00, 0x00, 0x1F, 0x40, 0x0F, 0xFF, 0x80, 0x03, 0xFE, 0x00, 0x00, 0x90, 0x00, 0x00, 0x7C,
    0x00, 0x00, 0x0B, 0x40, 0x00, 0x00, 0xF0, 0x00, 0x00, 0x18, 0x00, 0x00, 0x00, 0x00, 0x00, 0x00,
    0x00, 0x00, 0x07, 0xFE, 0x00, 0x0F, 0xFF, 0xF0, 0x0B, 0x80, 0x7E, 0x00, 0x80, 0x07, 0xC0, 0x00,
    0x00, 0xF0, 0x00, 0x00, 0x3C, 0x01, 0xBF, 0xFF, 0x02, 0xFF, 0xFF, 0xC0, 0xF4, 0x00, 0xF0, 0x7C,
    0x00, 0x3C, 0x0F, 0x40, 0x6F, 0x02, 0xFF, 0xF2, 0xFC, 0x1F, 0xE0, 0x3F, 0x00, 0x02, 0x00, 0x00,
    0x02, 0xE0, 0x00, 0x00, 0xF0, 0x00, 0x00, 0xB4, 0x00, 0x00, 0x28, 0x00, 0x00, 0x00, 0x00, 0x00,
    0x00, 0x00, 0x00, 0x07, 0xFE, 0x00, 0x0F, 0xFF, 0xF0, 0x0B, 0x80, 0x7E, 0x00, 0x80, 0x07, 0xC0,
    0x00, 0x00, 0xF0, 0x00, 0x00, 0x3C, 0x01, 0xBF, 0xFF, 0x02, 0xFF, 0xFF, 0xC0, 0xF4, 0x00, 0xF0,
    0x7C, 0x00, 0x3C, 0x0F, 0x40, 0x6F, 0x02, 0xFF, 0xF2, 0xFC, 0x1F, 0xE0, 0x3F, 0x00, 0xBE, 0x00,
    0x00, 0x7E, 0xE0, 0x00, 0x78, 0x2D, 0x00, 0x28, 0x02, 0x80, 0x00, 0x00, 0x00, 0x00, 0x00, 0x00,
    0x00, 0x1F, 0xF8, 0x00, 0x3F, 0xFF, 0xC0, 0x2E, 0x01, 0xF8, 0x02, 0x00, 0x1F, 0x00, 0x00, 0x03,
    0xC0, 0x00, 0x00, 0xF0, 0x06, 0xFF, 0xFC, 0x0B, 0xFF, 0xFF, 0x03, 0xD0, 0x03, 0xC1, 0xF0, 0x00,
    0xF0, 0x3D, 0x01, 0xBC, 0x0B, 0xFF, 0xCB, 0xF0, 0x7F, 0x80, 0xFC, 0x03, 0xF4, 0x20, 0x03, 0xFF,
    0xFC, 0x00, 0x91, 0xBD, 0x00, 0x00, 0x00, 0x00, 0x00, 0x00, 0x00, 0x00, 0x7F, 0xE0, 0x00, 0xFF,
    0xFF, 0x00, 0xB8, 0x07, 0xE0, 0x08, 0x00, 0x7C, 0x00, 0x00, 0x0F, 0x00, 0x00, 0x03, 0xC0, 0x1B,
    0xFF, 0xF0, 0x2F, 0xFF, 0xFC, 0x0F, 0x40, 0x0F, 0x07, 0xC0, 0x03, 0xC0, 0xF4, 0x06, 0xF0, 0x2F,
    0xFF, 0x2F, 0xC1, 0xFE, 0x03, 0xF0, 0x07, 0xC2, 0xE0, 0x02, 0xF0, 0xFC, 0x00, 0x7C, 0x2E, 0x00,
    0x00, 0x00, 0x00, 0x00, 0x00, 0x00, 0x00, 0x7F, 0xE0, 0x00, 0xFF, 0xFF, 0x00, 0xB8, 0x07, 0xE0,
    0x08, 0x00, 0x7C, 0x00, 0x00, 0x0F, 0x00, 0x00, 0x03, 0xC0, 0x1B, 0xFF, 0xF0, 0x2F, 0xFF, 0xFC,
    0x0F, 0x40, 0x0F, 0x07, 0xC0, 0x03, 0xC0, 0xF4, 0x06, 0xF0, 0x2F, 0xFF, 0x2F, 0xC1, 0xFE, 0x03,
    0xF0, 0x00, 0x7E, 0x00, 0x00, 0x70, 0xE0, 0x00, 0x28, 0x1C, 0x00, 0x0A, 0x07, 0x00, 0x01, 0xC3,
    0x80, 0x00, 0x1F, 0x80, 0x00, 0x00, 0x00, 0x00, 0x07, 0xFE, 0x00, 0x0F, 0xFF, 0xF0, 0x0B, 0x80,
    0x7E, 0x00, 0x80, 0x07, 0xC0, 0x00, 0x00, 0xF0, 0x00, 0x00, 0x3C, 0x01, 0xBF, 0xFF, 0x02, 0xFF,
    0xFF, 0xC0, 0xF4, 0x00, 0xF0, 0x7C, 0x00, 0x3C, 0x0F, 0x40, 0x6F, 0x02, 0xFF, 0xF2, 0xFC, 0x1F,
    0xE0, 0x3F, 0x07, 0xE0, 0x3F, 0x40, 0x7F, 0xF3, 0xFF, 0x83, 0xC1, 0xFC, 0x0F, 0x08, 0x03, 0xD0,
    0x1D, 0x00, 0x0F, 0x00, 0x34, 0x00, 0x2F, 0xFF, 0xE0, 0xBF, 0xFF, 0xFF, 0x8F, 0xFF, 0xC0, 0x00,
    0xB8, 0x0B, 0x00, 0x02, 0xC0, 0x3D, 0x01, 0xCB, 0x41, 0xBD, 0x1F, 0x0F, 0xFC, 0x7F, 0xF0, 0x1F,
    0xC0, 0x7F, 0x00, 0x02, 0xFE, 0x40, 0x3F, 0xFF, 0x83, 0xF4, 0x1F, 0x5F, 0x00, 0x0D, 0xB4, 0x00,
    0x03, 0xD0, 0x00, 0x0F, 0x40, 0x00, 0x3D, 0x00, 0x00, 0xB4, 0x00, 0x01, 0xF0, 0x00, 0xE3, 0xF4,
    0x1F, 0x43, 0xFF, 0xF8, 0x02, 0xFF, 0x40, 0x00, 0xC0, 0x00, 0x07, 0xF0, 0x00, 0x01, 0xE0, 0x00,
    0x43, 0x40, 0x03, 0xF8, 0x00, 0x00, 0x60, 0x00, 0x00, 0x3C, 0x00, 0x00, 0x07, 0x80, 0x00, 0x00,
    0xB0, 0x00, 0x00, 0x0D, 0x00, 0x00, 0x00, 0x00, 0x00, 0x00, 0x00, 0x00, 0x02, 0xFE, 0x00, 0x07,
    0xFF, 0xF4, 0x03, 0xE0, 0x1F, 0x42, 0xD0, 0x01, 0xF0, 0xF0, 0x00, 0x3C, 0x3F, 0xFF, 0xFF, 0x5F,
    0xFF, 0xFF, 0xD7, 0xC0, 0x00, 0x00, 0xF0, 0x00, 0x00, 0x3D, 0x00, 0x0D, 0x03, 0xE0, 0x1F, 0x80,
    0x7F, 0xFF, 0x80, 0x02, 0xFF, 0x40, 0x00, 0x02, 0x40, 0x00, 0x00, 0xF0, 0x00, 0x00, 0xB4, 0x00,
    0x00, 0x38, 0x00, 0x00, 0x1C, 0x00, 0x00, 0x00, 0x00, 0x00, 0x00, 0x00, 0x00, 0x02, 0xFE, 0x00,
    0x07, 0xFF, 0xF4, 0x03, 0xE0, 0x1F, 0x42, 0xD0, 0x01, 0xF0, 0xF0, 0x00, 0x3C, 0x3F, 0xFF, 0xFF,
    0x5F, 0xFF, 0xFF, 0xD7, 0xC0, 0x00, 0x00, 0xF0, 0x00, 0x00, 0x3D, 0x00, 0x0D, 0x03, 0xE0, 0x1F,
    0x80, 0x7F, 0xFF, 0x80, 0x02, 0xFF, 0x40, 0x00, 0x3F, 0x00, 0x00, 0x3E, 0xF0, 0x00, 0x3D, 0x0F,
    0x00, 0x0C, 0x00, 0xC0, 0x00, 0x00, 0x00, 0x00, 0x00, 0x00, 0x00, 0x0B, 0xF8, 0x00, 0x1F, 0xFF,
    0xD0, 0x0F, 0x80, 0x7D, 0x0B, 0x40, 0x07, 0xC3, 0xC0, 0x00, 0xF0, 0xFF, 0xFF, 0xFD, 0x7F, 0xFF,
    0xFF, 0x5F, 0x00, 0x00, 0x03, 0xC0, 0x00, 0x00, 0xF4, 0x00, 0x34, 0x0F, 0x80, 0x7E, 0x01, 0xFF,
    0xFE, 0x00, 0x0B, 0xFD, 0x00, 0x03, 0xD1, 0xF0, 0x00, 0xF8, 0xBD, 0x00, 0x3D, 0x1F, 0x00, 0x00,
    0x00, 0x00, 0x00, 0x00, 0x00, 0x00, 0x2F, 0xE0, 0x00, 0x7F, 0xFF, 0x40, 0x3E, 0x01, 0xF4, 0x2D,
    0x00, 0x1F, 0x0F, 0x00, 0x03, 0xC3, 0xFF, 0xFF, 0xF5, 0xFF, 0xFF, 0xFD, 0x7C, 0x00, 0x00, 0x0F,
    0x00, 0x00, 0x03, 0xD0, 0x00, 0xD0, 0x3E, 0x01, 0xF8, 0x07, 0xFF, 0xF8, 0x00, 0x2F, 0xF4, 0x00,
    0x00, 0x50, 0x00, 0x00, 0xF0, 0x00, 0x00, 0xB4, 0x00, 0x00, 0x3C, 0x00, 0x00, 0x0C, 0x00, 0x00,
    0x00, 0x00, 0x00, 0x00, 0x00, 0x7F, 0xFD, 0x00, 0x7F, 0xFD, 0x00, 0x00, 0x2D, 0x00, 0x00, 0x2D,
    0x00, 0x00, 0x2D, 0x00, 0x00, 0x2D, 0x00, 0x00, 0x2D, 0x00, 0x00, 0x2D, 0x00, 0x00, 0x2D, 0x00,
    0x00, 0x2D, 0x00, 0x00, 0x2D, 0x00, 0x7F, 0xFF, 0xFE, 0x7F, 0xFF, 0xFE, 0x00, 0x02, 0x40, 0x00,
    0x07, 0xC0, 0x00, 0x0F, 0x00, 0x00, 0x1D, 0x00, 0x00, 0x18, 0x00, 0x00, 0x00, 0x00, 0x00, 0x00,
    0x00, 0x7F, 0xFD, 0x00, 0x7F, 0xFD, 0x00, 0x00, 0x2D, 0x00, 0x00, 0x2D, 0x00, 0x00, 0x2D, 0x00,
    0x00, 0x2D, 0x00, 0x00, 0x2D, 0x00, 0x00, 0x2D, 0x00, 0x00, 0x2D, 0x00, 0x00, 0x2D, 0x00, 0x00,
    0x2D, 0x00, 0x7F, 0xFF, 0xFE, 0x7F, 0xFF, 0xFE, 0x00, 0x7F, 0x00, 0x00, 0xFB, 0xC0, 0x03, 0xC1,
    0xE0, 0x07, 0x00, 0x70, 0x00, 0x00, 0x00, 0x00, 0x00, 0x00, 0x7F, 0xFD, 0x00, 0x7F, 0xFD, 0x00,
    0x00, 0x2D, 0x00, 0x00, 0x2D, 0x00, 0x00, 0x2D, 0x00, 0x00, 0x2D, 0x00, 0x00, 0x2D, 0x00, 0x00,
    0x2D, 0x00, 0x00, 0x2D, 0x00, 0x00, 0x2D, 0x00, 0x00, 0x2D, 0x00, 0x7F, 0xFF, 0xFE, 0x7F, 0xFF,
    0xFE, 0x03, 0xC1, 0xE0, 0x07, 0xD3, 0xF0, 0x03, 0xC1, 0xE0, 0x00, 0x00, 0x00, 0x00, 0x00, 0x00,
    0x7F, 0xFD, 0x00, 0x7F, 0xFD, 0x00, 0x00, 0x2D, 0x00, 0x00, 0x2D, 0x00, 0x00, 0x2D, 0x00, 0x00,
    0x2D, 0x00, 0x00, 0x2D, 0x00, 0x00, 0x2D, 0x00, 0x00, 0x2D, 0x00, 0x00, 0x2D, 0x00, 0x00, 0x2D,
    0x00, 0x7F, 0xFF, 0xFE, 0x7F, 0xFF, 0xFE, 0x00, 0x00, 0x00, 0x00, 0xFC, 0x2C, 0x00, 0x0B, 0xFD,
    0x00, 0x00, 0xBE, 0x00, 0x00, 0xBB, 0xD0, 0x00, 0x34, 0x7C, 0x00, 0x00, 0x07, 0x80, 0x07, 0xF8,
    0xF0, 0x0B, 0xFF, 0xEE, 0x07, 0xE0, 0x2F, 0xC3, 0xD0, 0x01, 0xF0, 0xF0, 0x00, 0x3D, 0x7C, 0x00,
    0x0F, 0x5F, 0x00, 0x03, 0xD7, 0xC0, 0x00, 0xF0, 0xF0, 0x00, 0x3C, 0x3D, 0x00, 0x1F, 0x07, 0xE0,
    0x2F, 0x40, 0x7F, 0xFF, 0x80, 0x02, 0xFE, 0x40, 0x0B, 0xE0, 0x90, 0x7F, 0xFF, 0x80, 0x82, 0xF8,
    0x00, 0x00, 0x00, 0x00, 0x00, 0x02, 0xD2, 0xFD, 0x0B, 0x6F, 0xFE, 0x2E, 0x80, 0xBD, 0xB8, 0x00,
    0xBA, 0xD0, 0x01, 0xEB, 0x40, 0x07, 0xAD, 0x00, 0x1E, 0xB4, 0x00, 0x7A, 0xD0, 0x01, 0xEB, 0x40,
    0x07, 0xAD, 0x00, 0x1E, 0xB4, 0x00, 0x7A, 0xD0, 0x01, 0xE0, 0x00, 0x60, 0x00, 0x00, 0x3C, 0x00,
    0x00, 0x07, 0x80, 0x00, 0x00, 0xB0, 0x00, 0x00, 0x0D, 0x00, 0x00, 0x00, 0x00, 0x00, 0x00, 0x00,
    0x00, 0x02, 0xFE, 0x00, 0x07, 0xFF, 0xF4, 0x07, 0xE0, 0x2F, 0x43, 0xD0, 0x01, 0xF0, 0xF0, 0x00,
    0x3C, 0x7C, 0x00, 0x0F, 0x5F, 0x00, 0x03, 0xD7, 0xC0, 0x00, 0xF4, 0xF0, 0x00, 0x3C, 0x3D, 0x00,
    0x1F, 0x07, 0xD0, 0x1F, 0x40, 0x7F, 0xFF, 0x40, 0x02, 0xFE, 0x00, 0x00, 0x02, 0x40, 0x00, 0x00,
    0xF0, 0x00, 0x00, 0xB4, 0x00, 0x00, 0x38, 0x00, 0x00, 0x1C, 0x00, 0x00, 0x00, 0x00, 0x00, 0x00,
    0x00, 0x00, 0x02, 0xFE, 0x00, 0x07, 0xFF, 0xF4, 0x07, 0xE0, 0x2F, 0x43, 0xD0, 0x01, 0xF0, 0xF0,
    0x00, 0x3C, 0x7C, 0x00, 0x0F, 0x5F, 0x00, 0x03, 0xD7, 0xC0, 0x00, 0xF4, 0xF0, 0x00, 0x3C, 0x3D,
    0x00, 0x1F, 0x07, 0xD0, 0x1F, 0x40, 0x7F, 0xFF, 0x40, 0x02, 0xFE, 0x00, 0x00, 0x3F, 0x00, 0x00,
    0x3E, 0xF0, 0x00, 0x3C, 0x1F, 0x00, 0x0C, 0x00, 0xC0, 0x00, 0x00, 0x00, 0x00, 0x00, 0x00, 0x00,
    0x0B, 0xF8, 0x00, 0x1F, 0xFF, 0xD0, 0x1F, 0x80, 0xBD, 0x0F, 0x40, 0x07, 0xC3, 0xC0, 0x00, 0xF1,
    0xF0, 0x00, 0x3D, 0x7C, 0x00, 0x0F, 0x5F, 0x00, 0x03, 0xD3, 0xC0, 0x00, 0xF0, 0xF4, 0x00, 0x7C,
    0x1F, 0x40, 0x7D, 0x01, 0xFF, 0xFD, 0x00, 0x0B, 0xF8, 0x00, 0x02, 0xF8, 0x20, 0x01, 0xFF, 0xFD,
    0x00, 0x20, 0xBE, 0x00, 0x00, 0x00, 0x00, 0x00, 0x00, 0x00, 0x00, 0x2F, 0xE0, 0x00, 0x7F, 0xFF,
    0x40, 0x7E, 0x02, 0xF4, 0x3D, 0x00, 0x1F, 0x0F, 0x00, 0x03, 0xC7, 0xC0, 0x00, 0xF5, 0xF0, 0x00,
    0x3D, 0x7C, 0x00, 0x0F, 0x4F, 0x00, 0x03, 0xC3, 0xD0, 0x01, 0xF0, 0x7D, 0x01, 0xF4, 0x07, 0xFF,
    0xF4, 0x00, 0x2F, 0xE0, 0x00, 0x03, 0xD1, 0xF0, 0x00, 0xF8, 0xBC, 0x00, 0x3D, 0x1F, 0x00, 0x00,
    0x00, 0x00, 0x00, 0x00, 0x00, 0x00, 0x2F, 0xE0, 0x00, 0x7F, 0xFF, 0x40, 0x7E, 0x02, 0xF4, 0x3D,
    0x00, 0x1F, 0x0F, 0x00, 0x03, 0xC7, 0xC0, 0x00, 0xF5, 0xF0, 0x00, 0x3D, 0x7C, 0x00, 0x0F, 0x4F,
    0x00, 0x03, 0xC3, 0xD0, 0x01, 0xF0, 0x7D, 0x01, 0xF4, 0x07, 0xFF, 0xF4, 0x00, 0x2F, 0xE0, 0x00,
    0x00, 0x2E, 0x00, 0x00, 0x0F, 0xC0, 0x00, 0x02, 0xE0, 0x00, 0x00, 0x00, 0x00, 0x00, 0x00, 0x00,
    0x00, 0x00, 0x00, 0x07, 0xFF, 0xFF, 0xF5, 0xFF, 0xFF, 0xFD, 0x00, 0x00, 0x00, 0x00, 0x00, 0x00,
    0x00, 0x00, 0x00, 0x00, 0x00, 0xB8, 0x00, 0x00, 0x3F, 0x00, 0x00, 0x0B, 0x80, 0x00, 0x00, 0x00,
    0x01, 0x00, 0x2F, 0xE1, 0xD0, 0x7F, 0xFF, 0xE0, 0x7D, 0x02, 0xF4, 0x3D, 0x00, 0xBF, 0x0F, 0x00,
    0xB7, 0xC7, 0xC0, 0x74, 0xF5, 0xF0, 0x74, 0x3D, 0x7C, 0x74, 0x0F, 0x4F, 0x78, 0x03, 0xC3, 0xF8,
    0x01, 0xF0, 0x7E, 0x01, 0xF4, 0x2F, 0xFF, 0xF4, 0x1D, 0x2F, 0xE0, 0x01, 0x00, 0x00, 0x00, 0x01,
    0x80, 0x00, 0x0F, 0x00, 0x00, 0x1E, 0x00, 0x00, 0x2C, 0x00, 0x00, 0x34, 0x00, 0x00, 0x00, 0x00,
    0x00, 0x00, 0x2D, 0x00, 0x1E, 0xB4, 0x00, 0x7A, 0xD0, 0x01, 0xEB, 0x40, 0x07, 0xAD, 0x00, 0x1E,
    0xB4, 0x00, 0x7A, 0xD0, 0x01, 0xEB, 0x40, 0x07, 0xAD, 0x00, 0x1E, 0xB8, 0x00, 0xB9, 0xF8, 0x0A,
    0xE2, 0xFF, 0xE7, 0x81, 0xFE, 0x1E, 0x00, 0x09, 0x00, 0x00, 0x3C, 0x00, 0x02, 0xD0, 0x00, 0x0E,
    0x00, 0x00, 0x70, 0x00, 0x00, 0x00, 0x00, 0x00, 0x00, 0x2D, 0x00, 0x1E, 0xB4, 0x00, 0x7A, 0xD0,
    0x01, 0xEB, 0x40, 0x07, 0xAD, 0x00, 0x1E, 0xB4, 0x00, 0x7A, 0xD0, 0x01, 0xEB, 0x40, 0x07, 0xAD,
    0x00, 0x1E, 0xB8, 0x00, 0xB9, 0xF8, 0x0A, 0xE2, 0xFF, 0xE7, 0x81, 0xFE, 0x1E, 0x00, 0xFC, 0x00,
    0x0F, 0xBC, 0x00, 0xF0, 0x7C, 0x03, 0x00, 0x30, 0x00, 0x00, 0x00, 0x00, 0x00, 0x0B, 0x40, 0x07,
    0xAD, 0x00, 0x1E, 0xB4, 0x00, 0x7A, 0xD0, 0x01, 0xEB, 0x40, 0x07, 0xAD, 0x00, 0x1E, 0xB4, 0x00,
    0x7A, 0xD0, 0x01, 0xEB, 0x40, 0x07, 0xAE, 0x00, 0x2E, 0x7E, 0x02, 0xB8, 0xBF, 0xF9, 0xE0, 0x7F,
    0x87, 0x80, 0x0F, 0x47, 0xC0, 0x7E, 0x2F, 0x00, 0xF4, 0x7C, 0x00, 0x00, 0x00, 0x00, 0x00, 0x02,
    0xD0, 0x01, 0xEB, 0x40, 0x07, 0xAD, 0x00, 0x1E, 0xB4, 0x00, 0x7A, 0xD0, 0x01, 0xEB, 0x40, 0x07,
    0xAD, 0x00, 0x1E, 0xB4, 0x00, 0x7A, 0xD0, 0x01, 0xEB, 0x80, 0x0B, 0x9F, 0x80, 0xAE, 0x2F, 0xFE,
    0x78, 0x1F, 0xE1, 0xE0, 0x00, 0x02, 0x40, 0x00, 0x00, 0xF0, 0x00, 0x00, 0xB4, 0x00, 0x00, 0x38,
    0x00, 0x00, 0x1C, 0x00, 0x00, 0x00, 0x00, 0x00, 0x00, 0x00, 0x01, 0xE0, 0x00, 0x2D, 0x3C, 0x00,
    0x0F, 0x0B, 0x40, 0x07, 0x80, 0xF0, 0x02, 0xD0, 0x3C, 0x00, 0xF0, 0x07, 0x80, 0xB4, 0x00, 0xF0,
    0x3C, 0x00, 0x2D, 0x1E, 0x00, 0x03, 0x8B, 0x00, 0x00, 0xF3, 0xC0, 0x00, 0x1F, 0xD0, 0x00, 0x03,
    0xF0, 0x00, 0x00, 0xB8, 0x00, 0x00, 0x3C, 0x00, 0x00, 0x1F, 0x00, 0x00, 0x0B, 0x40, 0x00, 0xFF,
    0xC0, 0x00, 0x3F, 0x80, 0x00, 0x00, 0xB4, 0x00, 0x00, 0xB4, 0x00, 0x00, 0xB4, 0x00, 0x00, 0xB4,
    0x00, 0x00, 0xB4, 0x00, 0x00, 0xB4, 0x00, 0x00, 0xB4, 0xBF, 0x80, 0xB7, 0xFF, 0xF0, 0xBE, 0x01,
    0xF8, 0xB8, 0x00, 0x7C, 0xB4, 0x00, 0x3D, 0xB4, 0x00, 0x2D, 0xB4, 0x00, 0x2D, 0xB4, 0x00, 0x2D,
    0xB4, 0x00, 0x3D, 0xB8, 0x00, 0x7C, 0xBE, 0x01, 0xF8, 0xB7, 0xFF, 0xF0, 0xB4, 0xBF, 0x80, 0xB4,
    0x00, 0x00, 0xB4, 0x00, 0x00, 0xB4, 0x00, 0x00, 0xB4, 0x00, 0x00, 0xB4, 0x00, 0x00, 0x03, 0xD1,
    0xF0, 0x00, 0xF8, 0xBC, 0x00, 0x3D, 0x1F, 0x00, 0x00, 0x00, 0x00, 0x00, 0x00, 0x00, 0x1E, 0x00,
    0x02, 0xD3, 0xC0, 0x00, 0xF0, 0xB4, 0x00, 0x78, 0x0F, 0x00, 0x2D, 0x03, 0xC0, 0x0F, 0x00, 0x78,
    0x0B, 0x40, 0x0F, 0x03, 0xC0, 0x02, 0xD1, 0xE0, 0x00, 0x38, 0xB0, 0x00, 0x0F, 0x3C, 0x00, 0x01,
    0xFD, 0x00, 0x00, 0x3F, 0x00, 0x00, 0x0B, 0x80, 0x00, 0x03, 0xC0, 0x00, 0x01, 0xF0, 0x00, 0x00,
    0xB4, 0x00, 0x0F, 0xFC, 0x00, 0x03, 0xF8, 0x00, 0x00, 0x7F, 0xFD, 0x00, 0x7F, 0xFD, 0x00, 0x00,
    0x2D, 0x00, 0x00, 0x2D, 0x00, 0x00, 0x2D, 0x00, 0x00, 0x2D, 0x00, 0x00, 0x2D, 0x00, 0x00, 0x2D,
    0x00, 0x00, 0x2D, 0x00, 0x00, 0x2D, 0x00, 0x00, 0x2D, 0x00, 0x7F, 0xFF, 0xFE, 0x7F, 0xFF, 0xFE,
    0x00, 0x7F, 0xFF, 0xF0, 0x3F, 0xFF, 0xFF, 0x0B, 0xD0, 0xF0, 0x00, 0xF0, 0x0F, 0x00, 0x2E, 0x00,
    0xF0, 0x03, 0xC0, 0x0F, 0x00, 0x3C, 0x00, 0xF0, 0x03, 0xC0, 0x0F, 0xFE, 0x3C, 0x00, 0xFF, 0xE3,
    0xC0, 0x0F, 0x00, 0x3C, 0x00, 0xF0, 0x03, 0xC0, 0x0F, 0x00, 0x2E, 0x00, 0xF0, 0x01, 0xF0, 0x0F,
    0x00, 0x0B, 0xD0, 0xF0, 0x00, 0x3F, 0xFF, 0xFF, 0x00, 0x7F, 0xFF, 0xF0, 0x07, 0xE0, 0x2F, 0x80,
    0x7F, 0xF3, 0xFF, 0x83, 0xD1, 0xED, 0x0F, 0x1E, 0x02, 0xD0, 0x0D, 0xB4, 0x0B, 0x40, 0x36, 0xD0,
    0x1F, 0xFF, 0xEB, 0x40, 0x7F, 0xFF, 0xAD, 0x01, 0xD0, 0x00, 0xB4, 0x0B, 0x40, 0x01, 0xE0, 0x2E,
    0x01, 0xC3, 0xD1, 0xFD, 0x0F, 0x07, 0xFE, 0x3F, 0xF4, 0x07, 0xE0, 0x2F, 0x40, 0x20, 0x1E, 0x03,
    0xC0, 0x38, 0x06, 0x00, 0x02, 0x02, 0xE0, 0xF0, 0xB0, 0x28, 0x00, 0x0F, 0x90, 0x83, 0xFF, 0xFC,
    0x20, 0x6F, 0x40, 0x7F, 0xFE, 0x7F, 0xFE, 0x7C, 0x2D, 0xBC, 0x3F, 0x7C, 0x2D, 0x3F, 0xC3, 0xFD,
    0x01, 0xC0, 0x38, 0x07, 0x00, 0x3C, 0x7D, 0x3C, 0x01, 0x80, 0x00, 0x0F, 0x40, 0x00, 0x0F, 0x00,
    0x00, 0x2D, 0x00, 0x00, 0x34, 0x00, 0x00, 0x00, 0x00, 0x00, 0x00, 0x3F, 0xFF, 0xFF, 0xFF, 0xFF,
    0xFF, 0xD0, 0x00, 0x0F, 0x40, 0x00, 0x3D, 0x00, 0x00, 0xF4, 0x00, 0x03, 0xD0, 0x00, 0x0F, 0xFF,
    0xFF, 0xBF, 0xFF, 0xFE, 0xF4, 0x00, 0x03, 0xD0, 0x00, 0x0F, 0x40, 0x00, 0x3D, 0x00, 0x00, 0xF4,
    0x00, 0x03, 0xD0, 0x00, 0x0F, 0xFF, 0xFF, 0xFF, 0xFF, 0xFF, 0x0F, 0x43, 0xC0, 0x3E, 0x1F, 0x40,
    0xF4, 0x3C, 0x00, 0x00, 0x00, 0x00, 0x00, 0x03, 0xFF, 0xFF, 0xFF, 0xFF, 0xFF, 0xFD, 0x00, 0x00,
    0xF4, 0x00, 0x03, 0xD0, 0x00, 0x0F, 0x40, 0x00, 0x3D, 0x00, 0x00, 0xFF, 0xFF, 0xFB, 0xFF, 0xFF,
    0xEF, 0x40, 0x00, 0x3D, 0x00, 0x00, 0xF4, 0x00, 0x03, 0xD0, 0x00, 0x0F, 0x40, 0x00, 0x3D, 0x00,
    0x00, 0xFF, 0xFF, 0xFF, 0xFF, 0xFF, 0xF0, 0xFF, 0xFF, 0xF4, 0x0F, 0xFF, 0xFF, 0x40, 0x00, 0xF4,
    0x00, 0x00, 0x0F, 0x40, 0x00, 0x00, 0xF4, 0x00, 0x00, 0x0F, 0x40, 0x00, 0x00, 0xFB, 0xFE, 0x00,
    0x0F, 0xFF, 0xFC, 0x00, 0xF8, 0x07, 0xD0, 0x0F, 0x40, 0x2E, 0x00, 0xF4, 0x01, 0xF0, 0x0F, 0x40,
    0x1F, 0x00, 0xF4, 0x01, 0xF0, 0x0F, 0x40, 0x1F, 0x00, 0xF4, 0x01, 0xF0, 0x0F, 0x40, 0x1F, 0x00,
    0xF4, 0x01, 0xF0, 0x00, 0x00, 0x1F, 0x00, 0x00, 0x01, 0xE0, 0x00, 0xBF, 0xFD, 0x00, 0x0B, 0xFF,
    0x80, 0x00, 0x08, 0x00, 0x00, 0xB8, 0x00, 0x03, 0xC0, 0x00, 0x2D, 0x00, 0x00, 0xA0, 0x00, 0x00,
    0x00, 0x00, 0x00, 0x00, 0x2F, 0xFF, 0xFC, 0xBF, 0xFF, 0xF2, 0xD0, 0x00, 0x0B, 0x40, 0x00, 0x2D,
    0x00, 0x00, 0xB4, 0x00, 0x02, 0xD0, 0x00, 0x0B, 0x40, 0x00, 0x2D, 0x00, 0x00, 0xB4, 0x00, 0x02,
    0xD0, 0x00, 0x0B, 0x40, 0x00, 0x2D, 0x00, 0x00, 0xB4, 0x00, 0x02, 0xD0, 0x00, 0x0B, 0x40, 0x00,
    0x2D, 0x00, 0x00, 0x00, 0xBF, 0xD0, 0x00, 0xFF, 0xFF, 0x00, 0xFD, 0x07, 0xE0, 0x7C, 0x00, 0x3D,
    0x3D, 0x00, 0x05, 0x0F, 0x00, 0x00, 0x03, 0xC0, 0x00, 0x01, 0xFF, 0xFE, 0x00, 0x7F, 0xFF, 0x80,
    0x1F, 0x00, 0x00, 0x03, 0xC0, 0x00, 0x00, 0xF0, 0x00, 0x00, 0x3D, 0x00, 0x05, 0x07, 0xC0, 0x03,
    0xD0, 0xFD, 0x07, 0xE0, 0x0F, 0xFF, 0xF0, 0x00, 0xBF, 0xD0, 0x00, 0x01, 0xFF, 0xD0, 0x03, 0xFF,
    0xFF, 0x03, 0xF4, 0x07, 0xF0, 0xF0, 0x00, 0x28, 0x7C, 0x00, 0x00, 0x0F, 0x00, 0x00, 0x03, 0xF0,
    0x00, 0x00, 0x7F, 0xF9, 0x00, 0x02, 0xFF, 0xF8, 0x00, 0x01, 0xBF, 0xC0, 0x00, 0x01, 0xF4, 0x00,
    0x00, 0x2D, 0x10, 0x00, 0x0B, 0xAE, 0x00, 0x03, 0xD3, 0xF4, 0x07, 0xF0, 0x3F, 0xFF, 0xF0, 0x01,
    0xFF, 0xD0, 0x00, 0xFF, 0xFF, 0xFF, 0xFF, 0xFF, 0xF0, 0x0B, 0x80, 0x00, 0x2E, 0x00, 0x00, 0xB8,
    0x00, 0x02, 0xE0, 0x00, 0x0B, 0x80, 0x00, 0x2E, 0x00, 0x00, 0xB8, 0x00, 0x02, 0xE0, 0x00, 0x0B,
    0x80, 0x00, 0x2E, 0x00, 0x00, 0xB8, 0x00, 0x02, 0xE0, 0x00, 0x0B, 0x80, 0x3F, 0xFF, 0xFF, 0xFF,
    0xFF, 0xFC, 0x0F, 0x47, 0xC0, 0x3E, 0x2F, 0x00, 0xF4, 0x7C, 0x00, 0x00, 0x00, 0x00, 0x00, 0x03,
    0xFF, 0xFF, 0xFF, 0xFF, 0xFF, 0xC0, 0x2E, 0x00, 0x00, 0xB8, 0x00, 0x02, 0xE0, 0x00, 0x0B, 0x80,
    0x00, 0x2E, 0x00, 0x00, 0xB8, 0x00, 0x02, 0xE0, 0x00, 0x0B, 0x80, 0x00, 0x2E, 0x00, 0x00, 0xB8,
    0x00, 0x02, 0xE0, 0x00, 0x0B, 0x80, 0x00, 0x2E, 0x00, 0xFF, 0xFF, 0xFF, 0xFF, 0xFF, 0xF0, 0x07,
    0xFF, 0xFC, 0x1F, 0xFF, 0xF0, 0x00, 0x03, 0xC0, 0x00, 0x0F, 0x00, 0x00, 0x3C, 0x00, 0x00, 0xF0,
    0x00, 0x03, 0xC0, 0x00, 0x0F, 0x00, 0x00, 0x3C, 0x00, 0x00, 0xF0, 0x00, 0x03, 0xC0, 0x00, 0x0F,
    0x04, 0x00, 0x3C, 0xF4, 0x01, 0xF2, 0xF4, 0x1F, 0x42, 0xFF, 0xFC, 0x01, 0xFF, 0x40, 0x00, 0xFF,
    0xF8, 0x00, 0x00, 0xFF, 0xF8, 0x00, 0x00, 0xF0, 0x78, 0x00, 0x00, 0xF0, 0x78, 0x00, 0x00, 0xF0,
    0x78, 0x00, 0x00, 0xF0, 0x78, 0x00, 0x00, 0xF0, 0x78, 0x00, 0x00, 0xF0, 0x7F, 0xE0, 0x01, 0xE0,
    0x7F, 0xFC, 0x01, 0xE0, 0x78, 0x7D, 0x01, 0xE0, 0x78, 0x1F, 0x01, 0xE0, 0x78, 0x0F, 0x02, 0xD0,
    0x78, 0x0F, 0x03, 0xC0, 0x78, 0x1F, 0x0B, 0xC0, 0x78, 0x7D, 0x3F, 0x40, 0x7F, 0xFC, 0x3D, 0x00,
    0x7F, 0xE0, 0xF4, 0x0F, 0x00, 0x0F, 0x40, 0xF0, 0x00, 0xF4, 0x0F, 0x00, 0x0F, 0x40, 0xF0, 0x00,
    0xF4, 0x0F, 0x00, 0x0F, 0x40, 0xF0, 0x00, 0xF4, 0x0F, 0x00, 0x0F, 0xFF, 0xFF, 0xE0, 0xFF, 0xFF,
    0xFF, 0xCF, 0x40, 0xF0, 0x7D, 0xF4, 0x0F, 0x01, 0xFF, 0x40, 0xF0, 0x0F, 0xF4, 0x0F, 0x00, 0xFF,
    0x40, 0xF0, 0x1F, 0xF4, 0x0F, 0x07, 0xDF, 0x40, 0xFF, 0xFC, 0xF4, 0x0F, 0xFE, 0x00, 0xFF, 0xFF,
    0xF4, 0x0F, 0xFF, 0xFF, 0x40, 0x00, 0xF4, 0x00, 0x00, 0x0F, 0x40, 0x00, 0x00, 0xF4, 0x00, 0x00,
    0x0F, 0x40, 0x00, 0x00, 0xFB, 0xFE, 0x00, 0x0F, 0xFF, 0xF8, 0x00, 0xF8, 0x07, 0xD0, 0x0F, 0x40,
    0x2E, 0x00, 0xF4, 0x01, 0xF0, 0x0F, 0x40, 0x1F, 0x00, 0xF4, 0x01, 0xF0, 0x0F, 0x40, 0x1F, 0x00,
    0xF4, 0x01, 0xF0, 0x0F, 0x40, 0x1F, 0x00, 0xF4, 0x01, 0xF0, 0x00, 0x08, 0x00, 0x00, 0x2E, 0x00,
    0x00, 0x3C, 0x00, 0x00, 0xB4, 0x00, 0x00, 0xA0, 0x00, 0x00, 0x00, 0x00, 0x00, 0x00, 0x00, 0xF0,
    0x00, 0x7C, 0xF0, 0x00, 0xF4, 0xF0, 0x01, 0xF0, 0xF0, 0x03, 0xD0, 0xF0, 0x0B, 0xC0, 0xF0, 0x0F,
    0x00, 0xF0, 0x2E, 0x00, 0xFF, 0xFC, 0x00, 0xFF, 0xFC, 0x00, 0xF0, 0x2E, 0x00, 0xF0, 0x0F, 0x00,
    0xF0, 0x0B, 0x80, 0xF0, 0x07, 0xC0, 0xF0, 0x03, 0xD0, 0xF0, 0x01, 0xF0, 0xF0, 0x00, 0xFF, 0xF0,
    0x00, 0x3F, 0x01, 0x80, 0x00, 0x0F, 0x00, 0x00, 0x1E, 0x00, 0x00, 0x2C, 0x00, 0x00, 0x34, 0x00,
    0x00, 0x00, 0x00, 0x00, 0x00, 0x3C, 0x00, 0x1F, 0xF0, 0x00, 0xFF, 0xC0, 0x07, 0xFF, 0x00, 0x3F,
    0xFC, 0x01, 0xEF, 0xF0, 0x0F, 0x3F, 0xC0, 0x78, 0xFF, 0x03, 0xC3, 0xFC, 0x2E, 0x0F, 0xF0, 0xF0,
    0x3F, 0xCB, 0x40, 0xFF, 0x3C, 0x03, 0xFE, 0xD0, 0x0F, 0xFF, 0x00, 0x3F, 0xF4, 0x00, 0xFF, 0xC0,
    0x03, 0xFD, 0x00, 0x0F, 0x02, 0x00, 0x20, 0x00, 0x78, 0x0B, 0x40, 0x03, 0xC0, 0xF0, 0x00, 0x0F,
    0xFC, 0x00, 0x00, 0x7F, 0x40, 0x00, 0x00, 0x00, 0x00, 0x00, 0x00, 0x00, 0x0B, 0x80, 0x00, 0x7C,
    0x3C, 0x00, 0x0B, 0x43, 0xD0, 0x00, 0xF0, 0x1F, 0x00, 0x1E, 0x00, 0xF4, 0x03, 0xD0, 0x07, 0xC0,
    0x3C, 0x00, 0x3C, 0x0B, 0x80, 0x02, 0xE0, 0xF0, 0x00, 0x0F, 0x1E, 0x00, 0x00, 0xB6, 0xD0, 0x00,
    0x03, 0xFC, 0x00, 0x00, 0x2F, 0x80, 0x00, 0x01, 0xF0, 0x00, 0x00, 0x1F, 0x00, 0x00, 0x02, 0xD0,
    0x00, 0x0B, 0xFC, 0x00, 0x00, 0xBF, 0x00, 0x00, 0xF0, 0x00, 0x3F, 0xC0, 0x00, 0xFF, 0x00, 0x03,
    0xFC, 0x00, 0x0F, 0xF0, 0x00, 0x3F, 0xC0, 0x00, 0xFF, 0x00, 0x03, 0xFC, 0x00, 0x0F, 0xF0, 0x00,
    0x3F, 0xC0, 0x00, 0xFF, 0x00, 0x03, 0xFC, 0x00, 0x0F, 0xF0, 0x00, 0x3F, 0xC0, 0x00, 0xFF, 0x00,
    0x03, 0xFF, 0xFF, 0xFF, 0xFF, 0xFF, 0xFC, 0x01, 0xD0, 0x00, 0x07, 0x40, 0x00, 0x1D, 0x00, 0x00,
    0x74, 0x00, 0x00, 0x0F, 0xC0, 0x00, 0x00, 0x7F, 0x40, 0x00, 0x02, 0xEE, 0x00, 0x00, 0x0F, 0x3C,
    0x00, 0x00, 0x78, 0xB4, 0x00, 0x02, 0xD1, 0xE0, 0x00, 0x0F, 0x03, 0xC0, 0x00, 0x38, 0x0B, 0x40,
    0x02, 0xD0, 0x1E, 0x00, 0x0F, 0x00, 0x3C, 0x00, 0x3F, 0xFF, 0xF0, 0x01, 0xFF, 0xFF, 0xE0, 0x0F,
    0x40, 0x07, 0xC0, 0x3C, 0x00, 0x0F, 0x01, 0xE0, 0x00, 0x2D, 0x0F, 0x40, 0x00, 0x7C, 0x3C, 0x00,
    0x00, 0xF0, 0xFF, 0xFF, 0xF0, 0xFF, 0xFF, 0xF0, 0xF0, 0x00, 0x00, 0xF0, 0x00, 0x00, 0xF0, 0x00,
    0x00, 0xF0, 0x00, 0x00, 0xF0, 0x00, 0x00, 0xFF, 0xFF, 0x80, 0xFF, 0xFF, 0xF4, 0xF0, 0x00, 0xBC,
    0xF0, 0x00, 0x3C, 0xF0, 0x00, 0x3D, 0xF0, 0x00, 0x3D, 0xF0, 0x00, 0x3C, 0xF0, 0x00, 0xBC, 0xFF,
    0xFF, 0xF4, 0xFF, 0xFF, 0x80, 0xFF, 0xFF, 0x80, 0xFF, 0xFF, 0xF0, 0xF4, 0x01, 0xF8, 0xF4, 0x00,
    0x7C, 0xF4, 0x00, 0x7C, 0xF4, 0x00, 0x78, 0xF4, 0x01, 0xF0, 0xFF, 0xFF, 0x80, 0xFF, 0xFF, 0xE0,
    0xF4, 0x00, 0xBC, 0xF4, 0x00, 0x3D, 0xF4, 0x00, 0x2E, 0xF4, 0x00, 0x2E, 0xF4, 0x00, 0x3D, 0xF4,
    0x00, 0xBC, 0xFF, 0xFF, 0xF4, 0xFF, 0xFF, 0x80, 0xBF, 0xFF, 0xF2, 0xFF, 0xFF, 0xCB, 0x40, 0x00,
    0x2D, 0x00, 0x00, 0xB4, 0x00, 0x02, 0xD0, 0x00, 0x0B, 0x40, 0x00, 0x2D, 0x00, 0x00, 0xB4, 0x00,
    0x02, 0xD0, 0x00, 0x0B, 0x40, 0x00, 0x2D, 0x00, 0x00, 0xB4, 0x00, 0x02, 0xD0, 0x00, 0x0B, 0x40,
    0x00, 0x2D, 0x00, 0x00, 0xB4, 0x00, 0x00, 0x00, 0xFF, 0xFF, 0x40, 0x03, 0xFF, 0xFD, 0x00, 0x0F,
    0x00, 0xF4, 0x00, 0x3C, 0x03, 0xD0, 0x00, 0xF0, 0x0F, 0x40, 0x03, 0xC0, 0x3D, 0x00, 0x0F, 0x00,
    0xF4, 0x00, 0x3C, 0x03, 0xD0, 0x00, 0xF0, 0x0F, 0x40, 0x03, 0xC0, 0x3D, 0x00, 0x1F, 0x00, 0xF4,
    0x00, 0xB8, 0x03, 0xD0, 0x03, 0xD0, 0x0F, 0x40, 0x1F, 0x00, 0x3D, 0x00, 0xF8, 0x00, 0xF4, 0x2F,
    0xFF, 0xFF, 0xFD, 0xBF, 0xFF, 0xFF, 0xF6, 0xD0, 0x00, 0x02, 0xDB, 0x40, 0x00, 0x0B, 0x6D, 0x00,
    0x00, 0x2D, 0xB4, 0x00, 0x00, 0xB4, 0xFF, 0xFF, 0xFF, 0xFF, 0xFF, 0xFF, 0x40, 0x00, 0x3D, 0x00,
    0x00, 0xF4, 0x00, 0x03, 0xD0, 0x00, 0x0F, 0x40, 0x00, 0x3F, 0xFF, 0xFE, 0xFF, 0xFF, 0xFB, 0xD0,
    0x00, 0x0F, 0x40, 0x00, 0x3D, 0x00, 0x00, 0xF4, 0x00, 0x03, 0xD0, 0x00, 0x0F, 0x40, 0x00, 0x3F,
    0xFF, 0xFF, 0xFF, 0xFF, 0xFC, 0x78, 0x0B, 0x80, 0xB4, 0xF0, 0x2E, 0x03, 0xC3, 0xD0, 0xB8, 0x1F,
    0x07, 0x82, 0xE0, 0xB4, 0x0F, 0x0B, 0x83, 0xC0, 0x3D, 0x2E, 0x1F, 0x00, 0xB8, 0xB8, 0xB4, 0x00,
    0xBF, 0xFF, 0x80, 0x03, 0xFF, 0xFF, 0x00, 0x2E, 0x2E, 0x2E, 0x00, 0xF4, 0xB8, 0x7C, 0x03, 0xC2,
    0xE0, 0xF4, 0x2E, 0x0B, 0x82, 0xE0, 0xF4, 0x2E, 0x07, 0xC3, 0xC0, 0xB8, 0x0F, 0x1E, 0x02, 0xE0,
    0x2D, 0xF4, 0x0B, 0x80, 0x7C, 0x01, 0xFF, 0x90, 0x03, 0xFF, 0xFE, 0x03, 0xE0, 0x0B, 0xD0, 0x60,
    0x00, 0xF8, 0x00, 0x00, 0x2E, 0x00, 0x00, 0x0F, 0x40, 0x00, 0x0B, 0xC0, 0x07, 0xFF, 0x40, 0x01,
    0xFF, 0xE0, 0x00, 0x00, 0x2F, 0x00, 0x00, 0x02, 0xF0, 0x00, 0x00, 0x3C, 0x10, 0x00, 0x1F, 0x2D,
    0x00, 0x0B, 0xC7, 0xE4, 0x0B, 0xD0, 0x7F, 0xFF, 0xD0, 0x02, 0xFF, 0x80, 0x00, 0xF0, 0x00, 0x7F,
    0xC0, 0x03, 0xFF, 0x00, 0x1F, 0xFC, 0x00, 0xFF, 0xF0, 0x07, 0xBF, 0xC0, 0x3C, 0xFF, 0x01, 0xE3,
    0xFC, 0x0F, 0x0F, 0xF0, 0xB8, 0x3F, 0xC3, 0xC0, 0xFF, 0x2D, 0x03, 0xFC, 0xF0, 0x0F, 0xFB, 0x40,
    0x3F, 0xFC, 0x00, 0xFF, 0xD0, 0x03, 0xFF, 0x00, 0x0F, 0xF4, 0x00, 0x3C, 0x08, 0x00, 0x80, 0x78,
    0x0B, 0x40, 0xF0, 0x3C, 0x00, 0xFF, 0xC0, 0x01, 0xFD, 0x00, 0x00, 0x00, 0x00, 0x00, 0x00, 0x3C,
    0x00, 0x1F, 0xF0, 0x00, 0xFF, 0xC0, 0x07, 0xFF, 0x00, 0x3F, 0xFC, 0x01, 0xEF, 0xF0, 0x0F, 0x3F,
    0xC0, 0x78, 0xFF, 0x03, 0xC3, 0xFC, 0x2E, 0x0F, 0xF0, 0xF0, 0x3F, 0xCB, 0x40, 0xFF, 0x3C, 0x03,
    0xFE, 0xD0, 0x0F, 0xFF, 0x00, 0x3F, 0xF4, 0x00, 0xFF, 0xC0, 0x03, 0xFD, 0x00, 0x0F, 0xF0, 0x00,
    0x7C, 0xF0, 0x00, 0xF4, 0xF0, 0x01, 0xF0, 0xF0, 0x03, 0xD0, 0xF0, 0x0B, 0xC0, 0xF0, 0x0F, 0x00,
    0xF0, 0x2E, 0x00, 0xFF, 0xFC, 0x00, 0xFF, 0xFC, 0x00, 0xF0, 0x2E, 0x00, 0xF0, 0x0F, 0x00, 0xF0,
    0x0B, 0x80, 0xF0, 0x07, 0xC0, 0xF0, 0x03, 0xD0, 0xF0, 0x01, 0xF0, 0xF0, 0x00, 0xFF, 0xF0, 0x00,
    0x3F, 0x00, 0xFF, 0xFF, 0xC0, 0x0F, 0xFF, 0xFC, 0x00, 0xF0, 0x03, 0xC0, 0x0F, 0x00, 0x3C, 0x00,
    0xF0, 0x03, 0xC0, 0x0F, 0x00, 0x3C, 0x00, 0xF0, 0x03, 0xC0, 0x0F, 0x00, 0x3C, 0x00, 0xF0, 0x03,
    0xC0, 0x0F, 0x00, 0x3C, 0x01, 0xE0, 0x03, 0xC0, 0x2E, 0x00, 0x3C, 0x02, 0xD0, 0x03, 0xC0, 0x3C,
    0x00, 0x3C, 0x0F, 0x80, 0x03, 0xCF, 0xF0, 0x00, 0x3C, 0xF8, 0x00, 0x03, 0xC0, 0x7E, 0x00, 0x2F,
    0x5F, 0xC0, 0x0F, 0xD7, 0xF4, 0x07, 0xF5, 0xEF, 0x02, 0xED, 0x7A, 0xC0, 0xEB, 0x5E, 0x38, 0xB2,
    0xD7, 0x8F, 0x3C, 0xB5, 0xE1, 0xFD, 0x2D, 0x78, 0x3F, 0x0B, 0x5E, 0x0B, 0x82, 0xD7, 0x80, 0xC0,
    0xB5, 0xE0, 0x10, 0x2D, 0x78, 0x00, 0x0B, 0x5E, 0x00, 0x02, 0xD7, 0x80, 0x00, 0xB5, 0xE0, 0x00,
    0x2D, 0x78, 0x00, 0x0B, 0x40, 0xF0, 0x00, 0x3F, 0xC0, 0x00, 0xFF, 0x00, 0x03, 0xFC, 0x00, 0x0F,
    0xF0, 0x00, 0x3F, 0xC0, 0x00, 0xFF, 0x00, 0x03, 0xFF, 0xFF, 0xFF, 0xFF, 0xFF, 0xFF, 0xC0, 0x00,
    0xFF, 0x00, 0x03, 0xFC, 0x00, 0x0F, 0xF0, 0x00, 0x3F, 0xC0, 0x00, 0xFF, 0x00, 0x03, 0xFC, 0x00,
    0x0F, 0xF0, 0x00, 0x3C, 0x01, 0xBF, 0x80, 0x01, 0xFF, 0xFD, 0x01, 0xF8, 0x0B, 0xD0, 0xF8, 0x00,
    0xBC, 0x3C, 0x00, 0x0F, 0x1F, 0x00, 0x03, 0xD7, 0x80, 0x00, 0xB6, 0xE0, 0x00, 0x2E, 0xB8, 0x00,
    0x0B, 0xAE, 0x00, 0x02, 0xE7, 0x80, 0x00, 0xB5, 0xF0, 0x00, 0x3D, 0x3C, 0x00, 0x0F, 0x0F, 0x80,
    0x0B, 0xC1, 0xF8, 0x0B, 0xD0, 0x1F, 0xFF, 0xD0, 0x01, 0xBF, 0x80, 0x00, 0xFF, 0xFF, 0xFF, 0xFF,
    0xFF, 0xFF, 0x00, 0x03, 0xFC, 0x00, 0x0F, 0xF0, 0x00, 0x3F, 0xC0, 0x00, 0xFF, 0x00, 0x03, 0xFC,
    0x00, 0x0F, 0xF0, 0x00, 0x3F, 0xC0, 0x00, 0xFF, 0x00, 0x03, 0xFC, 0x00, 0x0F, 0xF0, 0x00, 0x3F,
    0xC0, 0x00, 0xFF, 0x00, 0x03, 0xFC, 0x00, 0x0F, 0xF0, 0x00, 0x3C, 0xFF, 0xFF, 0x90, 0xFF, 0xFF,
    0xF4, 0xF4, 0x00, 0xBC, 0xF4, 0x00, 0x3D, 0xF4, 0x00, 0x2E, 0xF4, 0x00, 0x2E, 0xF4, 0x00, 0x3D,
    0xF4, 0x00, 0xBC, 0xFF, 0xFF, 0xF4, 0xFF, 0xFF, 0x90, 0xF4, 0x00, 0x00, 0xF4, 0x00, 0x00, 0xF4,
    0x00, 0x00, 0xF4, 0x00, 0x00, 0xF4, 0x00, 0x00, 0xF4, 0x00, 0x00, 0xF4, 0x00, 0x00, 0x00, 0xBF,
    0xD0, 0x00, 0xFF, 0xFE, 0x00, 0xFD, 0x07, 0xE0, 0x7C, 0x00, 0x3C, 0x2D, 0x00, 0x05, 0x0F, 0x00,
    0x00, 0x03, 0xC0, 0x00, 0x00, 0xF0, 0x00, 0x00, 0x3C, 0x00, 0x00, 0x0F, 0x00, 0x00, 0x03, 0xC0,
    0x00, 0x00, 0xF0, 0x00, 0x00, 0x2D, 0x00, 0x05, 0x07, 0xC0, 0x03, 0xC0, 0xFD, 0x07, 0xE0, 0x0F,
    0xFF, 0xE0, 0x00, 0xBF, 0xD0, 0x00, 0x7F, 0xFF, 0xFF, 0xF5, 0xFF, 0xFF, 0xFF, 0xD0, 0x00, 0xB8,
    0x00, 0x00, 0x02, 0xE0, 0x00, 0x00, 0x0B, 0x80, 0x00, 0x00, 0x2E, 0x00, 0x00, 0x00, 0xB8, 0x00,
    0x00, 0x02, 0xE0, 0x00, 0x00, 0x0B, 0x80, 0x00, 0x00, 0x2E, 0x00, 0x00, 0x00, 0xB8, 0x00, 0x00,
    0x02, 0xE0, 0x00, 0x00, 0x0B, 0x80, 0x00, 0x00, 0x2E, 0x00, 0x00, 0x00, 0xB8, 0x00, 0x00, 0x02,
    0xE0, 0x00, 0x00, 0x0B, 0x80, 0x00, 0xB8, 0x00, 0x07, 0xC3, 0xC0, 0x00, 0xB4, 0x3D, 0x00, 0x0F,
    0x01, 0xF0, 0x01, 0xE0, 0x0F, 0x40, 0x3D, 0x00, 0x7C, 0x03, 0xC0, 0x03, 0xC0, 0xB8, 0x00, 0x2E,
    0x0F, 0x00, 0x00, 0xF1, 0xE0, 0x00, 0x0B, 0x6D, 0x00, 0x00, 0x3F, 0xC0, 0x00, 0x02, 0xF8, 0x00,
    0x00, 0x1F, 0x00, 0x00, 0x01, 0xF0, 0x00, 0x00, 0x2D, 0x00, 0x00, 0xBF, 0xC0, 0x00, 0x0B, 0xF0,
    0x00, 0x00, 0x00, 0x0B, 0x80, 0x00, 0x00, 0x2E, 0x00, 0x00, 0x0B, 0xFF, 0x80, 0x01, 0xFF, 0xFF,
    0xD0, 0x0F, 0x8B, 0x8B, 0xC0, 0xB8, 0x2E, 0x0B, 0x83, 0xC0, 0xB8, 0x0F, 0x0F, 0x02, 0xE0, 0x3C,
    0x7C, 0x0B, 0x80, 0xF5, 0xF0, 0x2E, 0x03, 0xD3, 0xC0, 0xB8, 0x0F, 0x0F, 0x02, 0xE0, 0x3C, 0x2E,
    0x0B, 0x82, 0xE0, 0x3E, 0x2E, 0x2F, 0x00, 0x7F, 0xFF, 0xF4, 0x00, 0x2F, 0xFE, 0x00, 0x00, 0x0B,
    0x80, 0x00, 0x00, 0x2E, 0x00, 0x00, 0x2E, 0x00, 0x01, 0xF0, 0x3D, 0x00, 0x0F, 0x00, 0x7C, 0x00,
    0xB8, 0x00, 0xF8, 0x07, 0xC0, 0x00, 0xF0, 0x3D, 0x00, 0x01, 0xF2, 0xE0, 0x00, 0x03, 0xEF, 0x00,
    0x00, 0x03, 0xF4, 0x00, 0x00, 0x0F, 0xC0, 0x00, 0x00, 0x7F, 0x80, 0x00, 0x03, 0xDF, 0x00, 0x00,
    0x2E, 0x1F, 0x00, 0x01, 0xF0, 0x3D, 0x00, 0x0F, 0x00, 0x3C, 0x00, 0xB8, 0x00, 0xBC, 0x07, 0xC0,
    0x00, 0xF4, 0x3D, 0x00, 0x01, 0xF0, 0xF0, 0x00, 0xB4, 0x3C, 0x00, 0x2D, 0x0F, 0x00, 0x0B, 0x43,
    0xC0, 0x02, 0xD0, 0xF0, 0x00, 0xB4, 0x3C, 0x00, 0x2D, 0x0F, 0x00, 0x0B, 0x43, 0xC0, 0x02, 0xD0,
    0xF0, 0x00, 0xB4, 0x3C, 0x00, 0x2D, 0x0F, 0x00, 0x0B, 0x43, 0xC0, 0x02, 0xD0, 0xF0, 0x00, 0xB4,
    0x3C, 0x00, 0x2D, 0x0F, 0x00, 0x0B, 0x43, 0xFF, 0xFF, 0xFD, 0xFF, 0xFF, 0xFF, 0x40, 0x00, 0x02,
    0xD0, 0x00, 0x00, 0xB4, 0x00, 0x00, 0x2D, 0x00, 0x00, 0x0B, 0x40, 0xB8, 0x00, 0x1F, 0xB8, 0x00,
    0x1F, 0xB8, 0x00, 0x1F, 0xB8, 0x00, 0x1F, 0x78, 0x00, 0x1F, 0x78, 0x00, 0x1F, 0x78, 0x00, 0x1F,
    0x3C, 0x00, 0x1F, 0x3F, 0x00, 0x6F, 0x1F, 0xFF, 0xFF, 0x02, 0xFF, 0xAF, 0x00, 0x00, 0x1F, 0x00,
    0x00, 0x1F, 0x00, 0x00, 0x1F, 0x00, 0x00, 0x1F, 0x00, 0x00, 0x1F, 0x00, 0x00, 0x1F, 0xF4, 0x2E,
    0x07, 0xFD, 0x0B, 0x81, 0xFF, 0x42, 0xE0, 0x7F, 0xD0, 0xB8, 0x1F, 0xF4, 0x2E, 0x07, 0xFD, 0x0B,
    0x81, 0xFF, 0x42, 0xE0, 0x7F, 0xD0, 0xB8, 0x1F, 0xF4, 0x2E, 0x07, 0xFD, 0x0B, 0x81, 0xFF, 0x42,
    0xE0, 0x7F, 0xD0, 0xB8, 0x1F, 0xF4, 0x2E, 0x07, 0xFD, 0x0B, 0x81, 0xFF, 0x42, 0xE0, 0x7F, 0xFF,
    0xFF, 0xFF, 0xFF, 0xFF, 0xFF, 0xC0, 0xF4, 0x3C, 0x0F, 0x0F, 0x43, 0xC0, 0xF0, 0xF4, 0x3C, 0x0F,
    0x0F, 0x43, 0xC0, 0xF0, 0xF4, 0x3C, 0x0F, 0x0F, 0x43, 0xC0, 0xF0, 0xF4, 0x3C, 0x0F, 0x0F, 0x43,
    0xC0, 0xF0, 0xF4, 0x3C, 0x0F, 0x0F, 0x43, 0xC0, 0xF0, 0xF4, 0x3C, 0x0F, 0x0F, 0x43, 0xC0, 0xF0,
    0xF4, 0x3C, 0x0F, 0x0F, 0x43, 0xC0, 0xF0, 0xF4, 0x3C, 0x0F, 0x0F, 0xFF, 0xFF, 0xFF, 0xFF, 0xFF,
    0xFF, 0xF0, 0x00, 0x00, 0x0F, 0x00, 0x00, 0x00, 0xF0, 0x00, 0x00, 0x0F, 0x00, 0x00, 0x00, 0xF0,
    0xFF, 0xF4, 0x00, 0x03, 0xFF, 0xD0, 0x00, 0x00, 0x0F, 0x40, 0x00, 0x00, 0x3D, 0x00, 0x00, 0x00,
    0xF4, 0x00, 0x00, 0x03, 0xD0, 0x00, 0x00, 0x0F, 0x40, 0x00, 0x00, 0x3F, 0xFF, 0x90, 0x00, 0xFF,
    0xFF, 0xD0, 0x03, 0xD0, 0x0B, 0xC0, 0x0F, 0x40, 0x0F, 0x40, 0x3D, 0x00, 0x2D, 0x00, 0xF4, 0x00,
    0xB4, 0x03, 0xD0, 0x03, 0xD0, 0x0F, 0x40, 0x2F, 0x00, 0x3F, 0xFF, 0xF4, 0x00, 0xFF, 0xFE, 0x40,
    0xF4, 0x00, 0x07, 0xFD, 0x00, 0x01, 0xFF, 0x40, 0x00, 0x7F, 0xD0, 0x00, 0x1F, 0xF4, 0x00, 0x07,
    0xFD, 0x00, 0x01, 0xFF, 0x40, 0x00, 0x7F, 0xFF, 0xD0, 0x1F, 0xFF, 0xFE, 0x07, 0xFD, 0x07, 0xD1,
    0xFF, 0x40, 0x78, 0x7F, 0xD0, 0x1F, 0x1F, 0xF4, 0x07, 0xC7, 0xFD, 0x01, 0xE1, 0xFF, 0x41, 0xF4,
    0x7F, 0xFF, 0xF8, 0x1F, 0xFF, 0xF4, 0x07, 0xC0, 0xB4, 0x00, 0x00, 0xB4, 0x00, 0x00, 0xB4, 0x00,
    0x00, 0xB4, 0x00, 0x00, 0xB4, 0x00, 0x00, 0xB4, 0x00, 0x00, 0xB4, 0x00, 0x00, 0xBF, 0xFF, 0x90,
    0xBF, 0xFF, 0xF4, 0xB4, 0x00, 0xBC, 0xB4, 0x00, 0x3D, 0xB4, 0x00, 0x2E, 0xB4, 0x00, 0x2E, 0xB4,
    0x00, 0x3D, 0xB4, 0x00, 0xBC, 0xBF, 0xFF, 0xF4, 0xBF, 0xFF, 0x90, 0x01, 0xFF, 0x80, 0x03, 0xFF,
    0xFC, 0x02, 0xF4, 0x1F, 0xC1, 0xF0, 0x00, 0xF4, 0x14, 0x00, 0x1F, 0x00, 0x00, 0x03, 0xC0, 0x00,
    0x00, 0xF0, 0x02, 0xFF, 0xFD, 0x00, 0xBF, 0xFF, 0x40, 0x00, 0x03, 0xD0, 0x00, 0x00, 0xF0, 0x00,
    0x00, 0x3C, 0x14, 0x00, 0x1F, 0x1F, 0x00, 0x0F, 0x42, 0xF4, 0x1F, 0xC0, 0x3F, 0xFF, 0xC0, 0x01,
    0xFF, 0x80, 0x00, 0xF4, 0x0B, 0xF8, 0x3D, 0x0B, 0xFF, 0xCF, 0x43, 0xD0, 0xF3, 0xD1, 0xE0, 0x2E,
    0xF4, 0xB4, 0x07, 0xBD, 0x2D, 0x01, 0xFF, 0x4F, 0x40, 0x7F, 0xFF, 0xD0, 0x1F, 0xFF, 0xF4, 0x07,
    0xFD, 0x3D, 0x01, 0xFF, 0x4B, 0x40, 0x7F, 0xD2, 0xD0, 0x1F, 0xF4, 0xB4, 0x07, 0xBD, 0x1E, 0x02,
    0xEF, 0x43, 0xD0, 0xF3, 0xD0, 0xBF, 0xFC, 0xF4, 0x0B, 0xF8, 0x00, 0x00, 0xBF, 0xFF, 0xC0, 0xFF,
    0xFF, 0xF0, 0xBD, 0x00, 0x7C, 0x3D, 0x00, 0x1F, 0x0F, 0x00, 0x07, 0xC3, 0xC0, 0x01, 0xF0, 0xF4,
    0x00, 0x7C, 0x2F, 0x40, 0x1F, 0x02, 0xFF, 0xFF, 0xC0, 0x1B, 0xFF, 0xF0, 0x03, 0xD0, 0x7C, 0x02,
    0xF0, 0x1F, 0x00, 0xF4, 0x07, 0xC0, 0xBC, 0x01, 0xF0, 0x3D, 0x00, 0x7C, 0xFE, 0x00, 0x1F, 0x3F,
    0x00, 0x07, 0xC0, 0x01, 0xFF, 0x80, 0x03, 0xFF, 0xFC, 0x02, 0xE0, 0x1F, 0x80, 0x20, 0x01, 0xF0,
    0x00, 0x00, 0x3C, 0x00, 0x00, 0x0F, 0x00, 0x6F, 0xFF, 0xC0, 0xBF, 0xFF, 0xF0, 0x3D, 0x00, 0x3C,
    0x1F, 0x00, 0x0F, 0x03, 0xD0, 0x1B, 0xC0, 0xBF, 0xFC, 0xBF, 0x07, 0xF8, 0x0F, 0xC0, 0x00, 0x1A,
    0xFD, 0x00, 0x7F, 0xFF, 0x40, 0x7E, 0x50, 0x00, 0x3D, 0x00, 0x00, 0x1E, 0x00, 0x00, 0x0B, 0x40,
    0x00, 0x03, 0xC7, 0xF9, 0x00, 0xF7, 0xFF, 0xE0, 0x3F, 0x40, 0xBD, 0x0F, 0x40, 0x07, 0xC7, 0xC0,
    0x00, 0xF1, 0xF0, 0x00, 0x3D, 0x3C, 0x00, 0x0F, 0x4F, 0x00, 0x03, 0xD3, 0xC0, 0x00, 0xF0, 0xB4,
    0x00, 0x7C, 0x0F, 0x80, 0xBC, 0x01, 0xFF, 0xFD, 0x00, 0x0B, 0xF8, 0x00, 0x7F, 0xFF, 0xD0, 0x7F,
    0xFF, 0xF0, 0x78, 0x00, 0xF8, 0x78, 0x00, 0xB8, 0x78, 0x00, 0xF4, 0x7F, 0xFF, 0x90, 0x7F, 0xFF,
    0xE0, 0x78, 0x00, 0xB8, 0x78, 0x00, 0x3C, 0x78, 0x00, 0x3C, 0x78, 0x00, 0xBC, 0x7F, 0xFF, 0xF4,
    0x7F, 0xFF, 0xD0, 0xBF, 0xFF, 0xEB, 0xFF, 0xFE, 0xB4, 0x00, 0x0B, 0x40, 0x00, 0xB4, 0x00, 0x0B,
    0x40, 0x00, 0xB4, 0x00, 0x0B, 0x40, 0x00, 0xB4, 0x00, 0x0B, 0x40, 0x00, 0xB4, 0x00, 0x0B, 0x40,
    0x00, 0xB4, 0x00, 0x00, 0x01, 0xFF, 0xFF, 0x00, 0x07, 0xFF, 0xFC, 0x00, 0x1E, 0x00, 0xF0, 0x00,
    0x78, 0x03, 0xC0, 0x01, 0xE0, 0x0F, 0x00, 0x07, 0x80, 0x3C, 0x00, 0x1E, 0x00, 0xF0, 0x00, 0xB4,
    0x03, 0xC0, 0x03, 0xC0, 0x0F, 0x00, 0x1F, 0x00, 0x3C, 0x00, 0xB4, 0x00, 0xF0, 0x1F, 0xFF, 0xFF,
    0xFC, 0x7F, 0xFF, 0xFF, 0xF1, 0xD0, 0x00, 0x02, 0xC7, 0x40, 0x00, 0x0B, 0x1D, 0x00, 0x00, 0x2C,
    0x74, 0x00, 0x00, 0xB0, 0x00, 0xBF, 0x80, 0x01, 0xFF, 0xFD, 0x00, 0xF8, 0x07, 0xD0, 0xB4, 0x00,
    0x7C, 0x3C, 0x00, 0x0F, 0x0F, 0xFF, 0xFF, 0xD7, 0xFF, 0xFF, 0xF5, 0xF0, 0x00, 0x00, 0x3C, 0x00,
    0x00, 0x0F, 0x40, 0x03, 0x40, 0xF8, 0x07, 0xE0, 0x1F, 0xFF, 0xE0, 0x00, 0xBF, 0xD0, 0x00, 0x3C,
    0x07, 0x40, 0xF0, 0xB4, 0x1D, 0x07, 0x81, 0xE0, 0x74, 0x2D, 0x03, 0xC1, 0xD0, 0xF0, 0x0B, 0x07,
    0x43, 0xC0, 0x0F, 0xFF, 0xFD, 0x00, 0x3F, 0xFF, 0xF0, 0x03, 0xC1, 0xD0, 0xE0, 0x0F, 0x07, 0x43,
    0xC0, 0x78, 0x1D, 0x0B, 0x42, 0xD0, 0x74, 0x1E, 0x0F, 0x01, 0xD0, 0x3C, 0x3C, 0x07, 0x40, 0xF0,
    0x01, 0xFF, 0x90, 0x0F, 0xFF, 0xF8, 0x3E, 0x00, 0xBC, 0x14, 0x00, 0x3C, 0x00, 0x00, 0x7C, 0x02,
    0xFF, 0xE0, 0x02, 0xFF, 0xF4, 0x00, 0x00, 0x7C, 0x00, 0x00, 0x2D, 0x24, 0x00, 0x2D, 0x3E, 0x00,
    0xBC, 0x1F, 0xFF, 0xF4, 0x02, 0xFF, 0x80, 0xB4, 0x00, 0xBA, 0xD0, 0x03, 0xEB, 0x40, 0x3F, 0xAD,
    0x02, 0xEE, 0xB4, 0x0F, 0x7A, 0xD0, 0xF1, 0xEB, 0x47, 0x47, 0xAD, 0x3C, 0x1E, 0xB7, 0xC0, 0x7A,
    0xEE, 0x01, 0xEB, 0xF0, 0x07, 0xAF, 0x00, 0x1E, 0xB8, 0x00, 0x78, 0x08, 0x01, 0x80, 0x78, 0x0B,
    0x00, 0xF0, 0x38, 0x01, 0xFF, 0xC0, 0x01, 0xFC, 0x00, 0x00, 0x00, 0x00, 0x00, 0x00, 0x2D, 0x00,
    0x2E, 0xB4, 0x00, 0xFA, 0xD0, 0x0F, 0xEB, 0x40, 0xBB, 0xAD, 0x03, 0xDE, 0xB4, 0x3C, 0x7A, 0xD1,
    0xD1, 0xEB, 0x4F, 0x07, 0xAD, 0xF0, 0x1E, 0xBB, 0x80, 0x7A, 0xFC, 0x01, 0xEB, 0xC0, 0x07, 0xAE,
    0x00, 0x1E, 0x78, 0x00, 0x78, 0x78, 0x00, 0xF0, 0x78, 0x03, 0xD0, 0x78, 0x0B, 0x80, 0x78, 0x0F,
    0x00, 0x7F, 0xFC, 0x00, 0x7F, 0xFD, 0x00, 0x78, 0x1F, 0x00, 0x78, 0x0B, 0x80, 0x78, 0x03, 0xC0,
    0x78, 0x02, 0xE0, 0x78, 0x00, 0xFD, 0x78, 0x00, 0x7D, 0x00, 0xFF, 0xFF, 0x40, 0x3F, 0xFF, 0xD0,
    0x0E, 0x00, 0xB4, 0x03, 0x80, 0x2D, 0x00, 0xE0, 0x0B, 0x40, 0x78, 0x02, 0xD0, 0x1E, 0x00, 0xB4,
    0x07, 0x80, 0x2D, 0x02, 0xD0, 0x0B, 0x40, 0xF0, 0x02, 0xD0, 0x7C, 0x00, 0xB5, 0xFD, 0x00, 0x2D,
    0x7D, 0x00, 0x0B, 0x40, 0x3F, 0x00, 0x2F, 0x0F, 0xC0, 0x0F, 0xC3, 0xF8, 0x07, 0xF0, 0xEF, 0x03,
    0xEC, 0x39, 0xD1, 0xDB, 0x0E, 0x3C, 0xB2, 0xC3, 0x87, 0xB4, 0xB0, 0xE0, 0xFC, 0x2C, 0x38, 0x2E,
    0x0B, 0x0E, 0x03, 0x02, 0xC3, 0x80, 0x40, 0xB0, 0xE0, 0x00, 0x2C, 0x38, 0x00, 0x0B, 0x00, 0xB4,
    0x00, 0x7A, 0xD0, 0x01, 0xEB, 0x40, 0x07, 0xAD, 0x00, 0x1E, 0xB4, 0x00, 0x7A, 0xFF, 0xFF, 0xEB,
    0xFF, 0xFF, 0xAD, 0x00, 0x1E, 0xB4, 0x00, 0x7A, 0xD0, 0x01, 0xEB, 0x40, 0x07, 0xAD, 0x00, 0x1E,
    0xB4, 0x00, 0x78, 0x00, 0xBF, 0x80, 0x01, 0xFF, 0xFD, 0x01, 0xF8, 0x0B, 0xD0, 0xF4, 0x00, 0x7C,
    0x3C, 0x00, 0x0F, 0x1F, 0x00, 0x03, 0xD7, 0xC0, 0x00, 0xF5, 0xF0, 0x00, 0x3D, 0x3C, 0x00, 0x0F,
    0x0F, 0x40, 0x07, 0xC1, 0xF4, 0x07, 0xD0, 0x1F, 0xFF, 0xD0, 0x00, 0xBF, 0x80, 0x00, 0xBF, 0xFF,
    0xFA, 0xFF, 0xFF, 0xEB, 0x40, 0x07, 0xAD, 0x00, 0x1E, 0xB4, 0x00, 0x7A, 0xD0, 0x01, 0xEB, 0x40,
    0x07, 0xAD, 0x00, 0x1E, 0xB4, 0x00, 0x7A, 0xD0, 0x01, 0xEB, 0x40, 0x07, 0xAD, 0x00, 0x1E, 0xB4,
    0x00, 0x78, 0xB4, 0xBF, 0x80, 0xB7, 0xFF, 0xF0, 0xBE, 0x01, 0xF8, 0xB8, 0x00, 0x7C, 0xB4, 0x00,
    0x3D, 0xB4, 0x00, 0x2D, 0xB4, 0x00, 0x2D, 0xB4, 0x00, 0x2D, 0xB4, 0x00, 0x3D, 0xB8, 0x00, 0x7C,
    0xBE, 0x01, 0xF8, 0xB7, 0xFF, 0xF0, 0xB4, 0xBF, 0x80, 0xB4, 0x00, 0x00, 0xB4, 0x00, 0x00, 0xB4,
    0x00, 0x00, 0xB4, 0x00, 0x00, 0xB4, 0x00, 0x00, 0x02, 0xFE, 0x40, 0x3F, 0xFF, 0x83, 0xF4, 0x1F,
    0x5F, 0x00, 0x0D, 0xB4, 0x00, 0x03, 0xD0, 0x00, 0x0F, 0x40, 0x00, 0x3D, 0x00, 0x00, 0xB4, 0x00,
    0x01, 0xF0, 0x00, 0xE3, 0xF4, 0x1F, 0x43, 0xFF, 0xF8, 0x02, 0xFF, 0x40, 0x7F, 0xFF, 0xFF, 0x5F,
    0xFF, 0xFF, 0xD0, 0x02, 0xE0, 0x00, 0x00, 0xB8, 0x00, 0x00, 0x2E, 0x00, 0x00, 0x0B, 0x80, 0x00,
    0x02, 0xE0, 0x00, 0x00, 0xB8, 0x00, 0x00, 0x2E, 0x00, 0x00, 0x0B, 0x80, 0x00, 0x02, 0xE0, 0x00,
    0x00, 0xB8, 0x00, 0x00, 0x2E, 0x00, 0x00, 0x78, 0x00, 0x0B, 0x4F, 0x00, 0x03, 0xC2, 0xD0, 0x01,
    0xE0, 0x3C, 0x00, 0xB4, 0x0F, 0x00, 0x3C, 0x01, 0xE0, 0x2D, 0x00, 0x3C, 0x0F, 0x00, 0x0B, 0x47,
    0x80, 0x00, 0xE2, 0xC0, 0x00, 0x3C, 0xF0, 0x00, 0x07, 0xF4, 0x00, 0x00, 0xFC, 0x00, 0x00, 0x2E,
    0x00, 0x00, 0x0F, 0x00, 0x00, 0x07, 0xC0, 0x00, 0x02, 0xD0, 0x00, 0x3F, 0xF0, 0x00, 0x0F, 0xE0,
    0x00, 0x00, 0x00, 0x1D, 0x00, 0x00, 0x07, 0x40, 0x00, 0x01, 0xD0, 0x00, 0x00, 0x74, 0x00, 0x1F,
    0x5D, 0x7D, 0x0F, 0xFB, 0xBF, 0xCB, 0x83, 0xF0, 0xBA, 0xC0, 0x74, 0x0E, 0xF0, 0x1D, 0x03, 0xFC,
    0x07, 0x40, 0xFF, 0x01, 0xD0, 0x3F, 0xC0, 0x74, 0x0F, 0xF0, 0x1D, 0x03, 0xEC, 0x07, 0x40, 0xEB,
    0x83, 0xF0, 0xB8, 0xFF, 0xBB, 0xFC, 0x1F, 0x9D, 0xBD, 0x00, 0x07, 0x40, 0x00, 0x01, 0xD0, 0x00,
    0x00, 0x74, 0x00, 0x00, 0x1D, 0x00, 0x00, 0x07, 0x40, 0x00, 0x3D, 0x00, 0x1F, 0x07, 0xC0, 0x0F,
    0x40, 0xBC, 0x0B, 0x80, 0x0F, 0x87, 0xC0, 0x00, 0xF7, 0xC0, 0x00, 0x1F, 0xD0, 0x00, 0x03, 0xF0,
    0x00, 0x01, 0xFD, 0x00, 0x00, 0xF3, 0xC0, 0x00, 0xF0, 0x7C, 0x00, 0xB8, 0x0B, 0x80, 0x7C, 0x00,
    0xF4, 0x3C, 0x00, 0x1F, 0x00, 0xF0, 0x00, 0xF0, 0x3C, 0x00, 0x3C, 0x0F, 0x00, 0x0F, 0x03, 0xC0,
    0x03, 0xC0, 0xF0, 0x00, 0xF0, 0x3C, 0x00, 0x3C, 0x0F, 0x00, 0x0F, 0x03, 0xC0, 0x03, 0xC0, 0xF0,
    0x00, 0xF0, 0x3C, 0x00, 0x3C, 0x0F, 0x00, 0x0F, 0x03, 0xFF, 0xFF, 0xFD, 0xFF, 0xFF, 0xFF, 0x40,
    0x00, 0x02, 0xD0, 0x00, 0x00, 0xB4, 0x00, 0x00, 0x2D, 0x00, 0x00, 0x0B, 0x40, 0xF0, 0x00, 0xF7,
    0xC0, 0x03, 0xDF, 0x00, 0x0F, 0x7C, 0x00, 0x3D, 0xF0, 0x00, 0xF7, 0xC0, 0x03, 0xDF, 0xC0, 0x2F,
    0x5F, 0xFF, 0xFD, 0x1B, 0xF8, 0xF4, 0x00, 0x03, 0xD0, 0x00, 0x0F, 0x40, 0x00, 0x3D, 0x00, 0x00,
    0xF4, 0xB0, 0x1D, 0x03, 0xAC, 0x07, 0x40, 0xEB, 0x01, 0xD0, 0x3A, 0xC0, 0x74, 0x0E, 0xB0, 0x1D,
    0x03, 0xAC, 0x07, 0x40, 0xEB, 0x01, 0xD0, 0x3A, 0xC0, 0x74, 0x0E, 0xB0, 0x1D, 0x03, 0xAC, 0x07,
    0x40, 0xEB, 0x01, 0xD0, 0x3A, 0xFF, 0xFF, 0xFE, 0xBF, 0xFF, 0xFF, 0x80, 0xB0, 0x1D, 0x03, 0x8B,
    0x01, 0xD0, 0x38, 0xB0, 0x1D, 0x03, 0x8B, 0x01, 0xD0, 0x38, 0xB0, 0x1D, 0x03, 0x8B, 0x01, 0xD0,
    0x38, 0xB0, 0x1D, 0x03, 0x8B, 0x01, 0xD0, 0x38, 0xB0, 0x1D, 0x03, 0x8B, 0x01, 0xD0, 0x38, 0xB0,
    0x1D, 0x03, 0x8B, 0xFF, 0xFF, 0xFF, 0xBF, 0xFF, 0xFF, 0xF0, 0x00, 0x00, 0x0F, 0x00, 0x00, 0x00,
    0xF0, 0x00, 0x00, 0x0F, 0x00, 0x00, 0x00, 0xF0, 0xBF, 0xF0, 0x00, 0x0B, 0xFF, 0x00, 0x00, 0x00,
    0xF0, 0x00, 0x00, 0x0F, 0x00, 0x00, 0x00, 0xFF, 0xFE, 0x00, 0x0F, 0xFF, 0xFC, 0x00, 0xF0, 0x03,
    0xE0, 0x0F, 0x00, 0x1F, 0x00, 0xF0, 0x00, 0xF0, 0x0F, 0x00, 0x1F, 0x00, 0xF0, 0x03, 0xE0, 0x0F,
    0xFF, 0xFC, 0x00, 0xFF, 0xFE, 0x00, 0xB4, 0x00, 0x07, 0xAD, 0x00, 0x01, 0xEB, 0x40, 0x00, 0x7A,
    0xD0, 0x00, 0x1E, 0xBF, 0xF8, 0x07, 0xAF, 0xFF, 0xC1, 0xEB, 0x40, 0xF4, 0x7A, 0xD0, 0x1E, 0x1E,
    0xB4, 0x07, 0xC7, 0xAD, 0x01, 0xE1, 0xEB, 0x40, 0xF4, 0x7A, 0xFF, 0xFC, 0x1E, 0xBF, 0xF8, 0x07,
    0x80, 0x3C, 0x00, 0x00, 0x3C, 0x00, 0x00, 0x3C, 0x00, 0x00, 0x3C, 0x00, 0x00, 0x3F, 0xFF, 0x80,
    0x3F, 0xFF, 0xF0, 0x3C, 0x00, 0xB8, 0x3C, 0x00, 0x3C, 0x3C, 0x00, 0x3C, 0x3C, 0x00, 0x3C, 0x3C,
    0x00, 0xB8, 0x3F, 0xFF, 0xF0, 0x3F, 0xFF, 0x80, 0x07, 0xFD, 0x00, 0xBF, 0xFF, 0x07, 0xD0, 0x2F,
    0x1C, 0x00, 0x2D, 0x00, 0x00, 0x78, 0x0F, 0xFF, 0xF0, 0x3F, 0xFF, 0xC0, 0x00, 0x1F, 0x00, 0x00,
    0x79, 0xC0, 0x03, 0xD7, 0xD0, 0x7F, 0x0B, 0xFF, 0xF0, 0x07, 0xFE, 0x00, 0xB0, 0x0B, 0xF8, 0x2C,
    0x0B, 0xFF, 0xCB, 0x03, 0xD0, 0xF6, 0xC0, 0xE0, 0x1E, 0xB0, 0x78, 0x03, 0xAF, 0xFE, 0x00, 0xFB,
    0xFF, 0x80, 0x3E, 0xC1, 0xE0, 0x0F, 0xB0, 0x78, 0x03, 0xAC, 0x0E, 0x01, 0xEB, 0x03, 0xD0, 0xF6,
    0xC0, 0x7F, 0xFC, 0xB0, 0x07, 0xF8, 0x00, 0x02, 0xFF, 0xFD, 0x0F, 0xFF, 0xFD, 0x2F, 0x00, 0x3D,
    0x2D, 0x00, 0x3D, 0x2D, 0x00, 0x3D, 0x2F, 0x00, 0x3D, 0x0F, 0xFF, 0xFD, 0x01, 0xFF, 0xFD, 0x01,
    0xF0, 0x3D, 0x03, 0xD0, 0x3D, 0x0B, 0xC0, 0x3D, 0x7F, 0x00, 0x3D, 0x7D, 0x00, 0x3D, 0x00, 0x60,
    0x00, 0x00, 0x3C, 0x00, 0x00, 0x07, 0x80, 0x00, 0x00, 0xB0, 0x00, 0x00, 0x0D, 0x00, 0x00, 0x00,
    0x00, 0x00, 0x00, 0x00, 0x00, 0x02, 0xFE, 0x00, 0x07, 0xFF, 0xF4, 0x03, 0xE0, 0x1F, 0x42, 0xD0,
    0x01, 0xF0, 0xF0, 0x00, 0x3C, 0x3F, 0xFF, 0xFF, 0x5F, 0xFF, 0xFF, 0xD7, 0xC0, 0x00, 0x00, 0xF0,
    0x00, 0x00, 0x3D, 0x00, 0x0D, 0x03, 0xE0, 0x1F, 0x80, 0x7F, 0xFF, 0x80, 0x02, 0xFF, 0x40, 0x03,
    0xD1, 0xF0, 0x00, 0xF8, 0xBD, 0x00, 0x3D, 0x1F, 0x00, 0x00, 0x00, 0x00, 0x00, 0x00, 0x00, 0x00,
    0x2F, 0xE0, 0x00, 0x7F, 0xFF, 0x40, 0x3E, 0x01, 0xF4, 0x2D, 0x00, 0x1F, 0x0F, 0x00, 0x03, 0xC3,
    0xFF, 0xFF, 0xF5, 0xFF, 0xFF, 0xFD, 0x7C, 0x00, 0x00, 0x0F, 0x00, 0x00, 0x03, 0xD0, 0x00, 0xD0,
    0x3E, 0x01, 0xF8, 0x07, 0xFF, 0xF8, 0x00, 0x2F, 0xF4, 0x00, 0x0B, 0x40, 0x00, 0x02, 0xD0, 0x00,
    0x03, 0xFF, 0xF4, 0x00, 0xFF, 0xFD, 0x00, 0x0B, 0x40, 0x00, 0x02, 0xD0, 0x00, 0x00, 0xB4, 0xBF,
    0x40, 0x2D, 0xFF, 0xF8, 0x0B, 0xE0, 0x2F, 0x02, 0xE0, 0x02, 0xE0, 0xB4, 0x00, 0x78, 0x2D, 0x00,
    0x1E, 0x0B, 0x40, 0x07, 0x82, 0xD0, 0x01, 0xE0, 0xB4, 0x00, 0x78, 0x2D, 0x00, 0x1E, 0x0B, 0x40,
    0x07, 0x82, 0xD0, 0x01, 0xE0, 0xB4, 0x00, 0x78, 0x00, 0x00, 0x1E, 0x00, 0x00, 0x07, 0x80, 0x00,
    0x01, 0xE0, 0x0B, 0xFF, 0xF4, 0x02, 0xFF, 0xF8, 0x00, 0x08, 0x00, 0x02, 0xE0, 0x00, 0x3C, 0x00,
    0x0B, 0x00, 0x00, 0x90, 0x00, 0x00, 0x00, 0x00, 0x00, 0x0B, 0xFF, 0xFE, 0xBF, 0xFF, 0xEB, 0x40,
    0x00, 0xB4, 0x00, 0x0B, 0x40, 0x00, 0xB4, 0x00, 0x0B, 0x40, 0x00, 0xB4, 0x00, 0x0B, 0x40, 0x00,
    0xB4, 0x00, 0x0B, 0x40, 0x00, 0xB4, 0x00, 0x0B, 0x40, 0x00, 0x02, 0xFE, 0x40, 0x3F, 0xFF, 0x83,
    0xE0, 0x1F, 0x5E, 0x00, 0x0D, 0xB4, 0x00, 0x03, 0xFF, 0xFC, 0x0F, 0xFF, 0xF0, 0x3D, 0x00, 0x00,
    0xB4, 0x00, 0x01, 0xF0, 0x00, 0xE3, 0xF4, 0x1F, 0x43, 0xFF, 0xF8, 0x02, 0xFF, 0x40, 0x01, 0xBF,
    0xD0, 0x02, 0xFF, 0xFF, 0x01, 0xF4, 0x06, 0xD0, 0xB4, 0x00, 0x00, 0x2E, 0x00, 0x00, 0x03, 0xFE,
    0x90, 0x00, 0x2F, 0xFF, 0x80, 0x00, 0x5A, 0xF8, 0x00, 0x00, 0x0F, 0x05, 0x00, 0x03, 0xC3, 0xE4,
    0x02, 0xF0, 0x7F, 0xFF, 0xF0, 0x01, 0xBF, 0xE0, 0x00, 0x00, 0x3E, 0x00, 0x00, 0x7F, 0x00, 0x00,
    0x3E, 0x00, 0x00, 0x00, 0x00, 0x00, 0x00, 0x00, 0x00, 0x00, 0x00, 0x7F, 0xFD, 0x00, 0x7F, 0xFD,
    0x00, 0x00, 0x2D, 0x00, 0x00, 0x2D, 0x00, 0x00, 0x2D, 0x00, 0x00, 0x2D, 0x00, 0x00, 0x2D, 0x00,
    0x00, 0x2D, 0x00, 0x00, 0x2D, 0x00, 0x00, 0x2D, 0x00, 0x00, 0x2D, 0x00, 0x7F, 0xFF, 0xFE, 0x7F,
    0xFF, 0xFE, 0x03, 0xC1, 0xE0, 0x07, 0xD3, 0xF0, 0x03, 0xC1, 0xE0, 0x00, 0x00, 0x00, 0x00, 0x00,
    0x00, 0x7F, 0xFD, 0x00, 0x7F, 0xFD, 0x00, 0x00, 0x2D, 0x00, 0x00, 0x2D, 0x00, 0x00, 0x2D, 0x00,
    0x00, 0x2D, 0x00, 0x00, 0x2D, 0x00, 0x00, 0x2D, 0x00, 0x00, 0x2D, 0x00, 0x00, 0x2D, 0x00, 0x00,
    0x2D, 0x00, 0x7F, 0xFF, 0xFE, 0x7F, 0xFF, 0xFE, 0x00, 0x07, 0xC0, 0x00, 0xFD, 0x00, 0x07, 0xC0,
    0x00, 0x00, 0x00, 0x00, 0x00, 0x00, 0x00, 0xBF, 0xFF, 0xCB, 0xFF, 0xFC, 0x00, 0x03, 0xC0, 0x00,
    0x3C, 0x00, 0x03, 0xC0, 0x00, 0x3C, 0x00, 0x03, 0xC0, 0x00, 0x3C, 0x00, 0x03, 0xC0, 0x00, 0x3C,
    0x00, 0x03, 0xC0, 0x00, 0x3C, 0x00, 0x03, 0xC0, 0x00, 0x3C, 0x00, 0x03, 0xC0, 0x00, 0x38, 0x7F,
    0xFF, 0x47, 0xFF, 0xE0, 0x03, 0xFF, 0xC0, 0x00, 0x0F, 0xFF, 0x00, 0x00, 0x38, 0x2C, 0x00, 0x00,
    0xE0, 0xB0, 0x00, 0x03, 0x82, 0xFF, 0x80, 0x1E, 0x0B, 0xFF, 0xC0, 0x74, 0x2C, 0x0F, 0x41, 0xD0,
    0xB0, 0x1E, 0x0B, 0x02, 0xC0, 0x78, 0x3C, 0x0B, 0x01, 0xE1, 0xE0, 0x2C, 0x0F, 0x7F, 0x00, 0xBF,
    0xFC, 0xF4, 0x02, 0xFF, 0x80, 0xB0, 0x0B, 0x00, 0x0B, 0x00, 0xB0, 0x00, 0xB0, 0x0B, 0x00, 0x0B,
    0x00, 0xB0, 0x00, 0xB0, 0x0B, 0xFE, 0x0B, 0xFF, 0xFF, 0xFC, 0xBF, 0xFF, 0x03, 0xDB, 0x00, 0xB0,
    0x1E, 0xB0, 0x0B, 0x01, 0xEB, 0x00, 0xB0, 0x1E, 0xB0, 0x0B, 0x03, 0xDB, 0x00, 0xBF, 0xFC, 0xB0,
    0x0B, 0xFE, 0x00, 0x0B, 0x40, 0x00, 0x02, 0xD0, 0x00, 0x03, 0xFF, 0xF4, 0x00, 0xFF, 0xFD, 0x00,
    0x0B, 0x40, 0x00, 0x02, 0xD0, 0x00, 0x00, 0xB4, 0xBF, 0x40, 0x2D, 0xBF, 0xF8, 0x0B, 0xA0, 0x2F,
    0x42, 0xE0, 0x02, 0xE0, 0xB4, 0x00, 0x78, 0x2D, 0x00, 0x1E, 0x0B, 0x40, 0x07, 0x82, 0xD0, 0x01,
    0xE0, 0xB4, 0x00, 0x78, 0x2D, 0x00, 0x1E, 0x0B, 0x40, 0x07, 0x82, 0xD0, 0x01, 0xE0, 0xB4, 0x00,
    0x78, 0x00, 0x09, 0x00, 0x00, 0x1F, 0x00, 0x00, 0x3D, 0x00, 0x00, 0x78, 0x00, 0x00, 0x70, 0x00,
    0x00, 0x00, 0x00, 0x00, 0x00, 0x00, 0x78, 0x00, 0x78, 0x78, 0x00, 0xF0, 0x78, 0x03, 0xD0, 0x78,
    0x0B, 0x80, 0x78, 0x0F, 0x00, 0x7F, 0xFC, 0x00, 0x7F, 0xFD, 0x00, 0x78, 0x1F, 0x00, 0x78, 0x0B,
    0x80, 0x78, 0x03, 0xC0, 0x78, 0x02, 0xE0, 0x78, 0x00, 0xFD, 0x78, 0x00, 0x7D, 0x01, 0x40, 0x00,
    0x0F, 0x00, 0x00, 0x1E, 0x00, 0x00, 0x2C, 0x00, 0x00, 0x30, 0x00, 0x00, 0x00, 0x00, 0x00, 0x00,
    0x2D, 0x00, 0x2E, 0xB4, 0x00, 0xFA, 0xD0, 0x0F, 0xEB, 0x40, 0xBB, 0xAD, 0x03, 0xDE, 0xB4, 0x3C,
    0x7A, 0xD1, 0xD1, 0xEB, 0x4F, 0x07, 0xAD, 0xF0, 0x1E, 0xBB, 0x80, 0x7A, 0xFC, 0x01, 0xEB, 0xC0,
    0x07, 0xAE, 0x00, 0x1E, 0x02, 0x00, 0x20, 0x01, 0xE0, 0x2D, 0x00, 0x3C, 0x0F, 0x00, 0x03, 0xFF,
    0x00, 0x00, 0x7F, 0x40, 0x00, 0x00, 0x00, 0x00, 0x00, 0x00, 0x01, 0xE0, 0x00, 0x2D, 0x3C, 0x00,
    0x0F, 0x0B, 0x40, 0x07, 0x80, 0xF0, 0x02, 0xD0, 0x3C, 0x00, 0xF0, 0x07, 0x80, 0xB4, 0x00, 0xF0,
    0x3C, 0x00, 0x2D, 0x1E, 0x00, 0x03, 0x8B, 0x00, 0x00, 0xF3, 0xC0, 0x00, 0x1F, 0xD0, 0x00, 0x03,
    0xF0, 0x00, 0x00, 0xB8, 0x00, 0x00, 0x3C, 0x00, 0x00, 0x1F, 0x00, 0x00, 0x0B, 0x40, 0x00, 0xFF,
    0xC0, 0x00, 0x3F, 0x80, 0x00, 0x00, 0xB4, 0x00, 0x7A, 0xD0, 0x01, 0xEB, 0x40, 0x07, 0xAD, 0x00,
    0x1E, 0xB4, 0x00, 0x7A, 0xD0, 0x01, 0xEB, 0x40, 0x07, 0xAD, 0x00, 0x1E, 0xB4, 0x00, 0x7A, 0xD0,
    0x01, 0xEB, 0x40, 0x07, 0xAF, 0xFF, 0xFE, 0xBF, 0xFF, 0xF8, 0x01, 0xD0, 0x00, 0x07, 0x40, 0x00,
    0x1D, 0x00, 0x00, 0x74, 0x00, 0x00, 0x00, 0xF0, 0x00, 0x03, 0xC0, 0x00, 0x0F, 0x00, 0x00, 0x3C,
    0xBF, 0xFF, 0xF2, 0xFF, 0xFF, 0xCB, 0x40, 0x00, 0x2D, 0x00, 0x00, 0xB4, 0x00, 0x02, 0xD0, 0x00,
    0x0B, 0x40, 0x00, 0x2D, 0x00, 0x00, 0xB4, 0x00, 0x02, 0xD0, 0x00, 0x0B, 0x40, 0x00, 0x2D, 0x00,
    0x00, 0xB4, 0x00, 0x02, 0xD0, 0x00, 0x0B, 0x40, 0x00, 0x2D, 0x00, 0x00, 0xB4, 0x00, 0x00, 0x00,
    0x00, 0xE0, 0x00, 0x0E, 0x00, 0x00, 0xE0, 0x00, 0x0E, 0xBF, 0xFF, 0xEB, 0xFF, 0xFE, 0xB4, 0x00,
    0x0B, 0x40, 0x00, 0xB4, 0x00, 0x0B, 0x40, 0x00, 0xB4, 0x00, 0x0B, 0x40, 0x00, 0xB4, 0x00, 0x0B,
    0x40, 0x00, 0xB4, 0x00, 0x0B, 0x40, 0x00, 0xB4, 0x00, 0x00, 0x7C, 0x00, 0x00, 0xF4, 0xB8, 0x00,
    0x0B, 0x80, 0xF4, 0x00, 0x7C, 0x01, 0xF0, 0x03, 0xD0, 0x03, 0xD0, 0x1F, 0x00, 0x07, 0xC0, 0xF4,
    0x00, 0x0B, 0x8B, 0x80, 0x00, 0x0F, 0x7C, 0x00, 0x00, 0x1F, 0xD0, 0x00, 0x00, 0x3F, 0x00, 0x00,
    0x7F, 0xFF, 0xF4, 0x01, 0xFF, 0xFF, 0xD0, 0x00, 0x0B, 0x80, 0x00, 0x00, 0x2E, 0x00, 0x00, 0x00,
    0xB8, 0x00, 0x00, 0x02, 0xE0, 0x00, 0x00, 0x0B, 0x80, 0x00, 0x3C, 0x00, 0x0F, 0x0F, 0x00, 0x03,
    0xC1, 0xE0, 0x01, 0xD0, 0x3C, 0x00, 0xF0, 0x0B, 0x40, 0x38, 0x01, 0xE0, 0x2D, 0x00, 0x3C, 0x0F,
    0x00, 0x0B, 0x47, 0x80, 0x00, 0xE2, 0xC0, 0x00, 0x3C, 0xF0, 0x00, 0x07, 0xB4, 0x00, 0x00, 0xFC,
    0x00, 0x00, 0x2E, 0x00, 0x03, 0xFF, 0xFF, 0x00, 0xFF, 0xFF, 0xC0, 0x00, 0xB8, 0x00, 0x00, 0x2E,
    0x00, 0x00, 0x0B, 0x80, 0x00, 0xBF, 0xFF, 0xFF, 0xAF, 0xFF, 0xFF, 0xE0, 0xFF, 0xFF, 0xFF, 0xFF,
    0xFF, 0xFF, 0xFF, 0xF0, 0x01, 0xD0, 0x3C, 0x07, 0xC0, 0xB8, 0x0F, 0x82, 0xF4, 0x3F, 0x00, 0x0F,
    0xC1, 0xF8, 0x2F, 0x03, 0xE0, 0x3D, 0x03, 0xC0, 0x74, 0x00, 0x2F, 0x4F, 0xC3, 0xE0, 0xF0, 0x7C,
    0x2D, 0x0F, 0x00, 0x07, 0x40, 0x74, 0x2D, 0x02, 0xD0, 0xF0, 0x0F, 0x0B, 0xC0, 0xBC, 0x3E, 0x03,
    0xE1, 0xF8, 0x1F, 0x8B, 0xD0, 0xBD, 0x00, 0x0F, 0xC0, 0xFC, 0x0F, 0x80, 0xF8, 0x1F, 0x41, 0xF0,
    0x2F, 0x02, 0xF0, 0x3D, 0x03, 0xD0, 0x3C, 0x03, 0xC0, 0x38, 0x03, 0x80, 0x0F, 0xC0, 0xFC, 0x0F,
    0x80, 0xF8, 0x1F, 0x41, 0xF4, 0x2F, 0x02, 0xF0, 0x3D, 0x03, 0xD0, 0x3C, 0x03, 0xC0, 0x38, 0x03,
    0x80, 0x1F, 0xD1, 0xFF, 0xDB, 0xFF, 0xAF, 0xFE, 0x7F, 0xF4, 0x7F, 0x40, 0xBC, 0x2E, 0x0F, 0xBF,
    0x0F, 0xC3, 0xFB, 0xC2, 0xE0, 0xF8, 0x0F, 0x03, 0xC0, 0xE0, 0x78, 0x2D, 0x0B, 0x03, 0xC0, 0xF0,
    0x0F, 0x0B, 0x03, 0x83, 0xC1, 0xD0, 0xF0, 0xB4, 0x38, 0x2C, 0x1E, 0x0F, 0x07, 0x43, 0xC2, 0xC0,
    0xE0, 0xF0, 0x00, 0x20, 0x07, 0xC0, 0x7C, 0x0B, 0xC0, 0xBD, 0x03, 0xE0, 0x0B, 0xD0, 0x0B, 0xC0,
    0x07, 0xC0, 0x07, 0xC0, 0x02, 0x00, 0x20, 0x00, 0xF4, 0x00, 0xF4, 0x00, 0xF8, 0x01, 0xF8, 0x02,
    0xF0, 0x1F, 0x80, 0xF8, 0x0F, 0x40, 0xF4, 0x02, 0x00, 0x00, 0x00, 0x00, 0x00, 0xB4, 0x00, 0x00,
    0x03, 0x80, 0x00, 0x00, 0x2C, 0x00, 0x00, 0x01, 0xE0, 0x00, 0x00, 0x0F, 0x00, 0x00, 0x00, 0x74,
    0x00, 0x00, 0x03, 0xC0, 0x00, 0x00, 0x00, 0x00, 0x00, 0x00, 0x00, 0x00, 0x00, 0x00, 0x00, 0x00,
    0x0F, 0x00, 0x00, 0x00, 0x74, 0x00, 0x00, 0x03, 0xC0, 0x00, 0x00, 0x2D, 0x00, 0x00, 0x00, 0xE0,
    0x00, 0x00, 0x0B, 0x00, 0x00, 0x00, 0x78, 0x00, 0x00, 0x00, 0x00, 0xBF, 0xD0, 0x00, 0xFF, 0xFE,
    0x00, 0xF8, 0x07, 0xE0, 0x78, 0x00, 0x3C, 0x2C, 0x00, 0x05, 0x0F, 0xFF, 0xE0, 0x03, 0xFF, 0xF8,
    0x00, 0xF0, 0x00, 0x00, 0x3C, 0x00, 0x00, 0x0F, 0xFF, 0xE0, 0x03, 0xFF, 0xF8, 0x00, 0xF0, 0x00,
    0x00, 0x2D, 0x00, 0x05, 0x07, 0xC0, 0x03, 0xC0, 0xFD, 0x07, 0xE0, 0x0F, 0xFF, 0xE0, 0x00, 0xBF,
    0xD0, 0x00, 0x00, 0x30, 0x00, 0x03, 0xF0, 0x00, 0x3F, 0xF0, 0x03, 0xDD, 0xF0, 0x3D, 0x75, 0xF0,
    0xC1, 0xD0, 0xC0, 0x07, 0x40, 0x00, 0x1D, 0x00, 0x00, 0x74, 0x00, 0x01, 0xD0, 0x00, 0x07, 0x40,
    0x00, 0x1D, 0x00, 0x00, 0x74, 0x00, 0x01, 0xD0, 0x00, 0x07, 0x40, 0x00, 0x1D, 0x00, 0x00, 0x74,
    0x00, 0x00, 0x74, 0x00, 0x01, 0xD0, 0x00, 0x07, 0x40, 0x00, 0x1D, 0x00, 0x00, 0x74, 0x00, 0x01,
    0xD0, 0x00, 0x07, 0x40, 0x00, 0x1D, 0x00, 0x00, 0x74, 0x00, 0x01, 0xD0, 0x00, 0x07, 0x40, 0x0C,
    0x1D, 0x0C, 0x3D, 0x75, 0xF0, 0x3D, 0xDF, 0x00, 0x3F, 0xF0, 0x00, 0x3F, 0x00, 0x00, 0x30, 0x00,
    0x7F, 0xFF, 0xFF, 0x5F, 0xFF, 0xFF, 0xD0, 0x00, 0x00, 0x00, 0xB4, 0x00, 0x00, 0x03, 0x80, 0x00,
    0x00, 0x2C, 0x00, 0x00, 0x01, 0xE0, 0x00, 0x00, 0x0F, 0x00, 0x00, 0x00, 0x74, 0x00, 0x00, 0x03,
    0xC0, 0x00, 0x00, 0x00, 0x00, 0x00, 0x00, 0x00, 0x00, 0x00, 0x00, 0x00, 0x00, 0x0F, 0x00, 0x00,
    0x00, 0x74, 0x00, 0x00, 0x03, 0xC0, 0x00, 0x00, 0x2D, 0x00, 0x00, 0x00, 0xE0, 0x00, 0x00, 0x0B,
    0x00, 0x00, 0x00, 0x78, 0x00, 0x00, 0x00,
};

static const EpdGlyph PROGMEM ibm_plex_mono_12_2bGlyphs[] = {
    { 0, 0, 0, 0, 0, 0, 0 },
    { 0, 0, 15, 0, 0, 0, 0 },
    { 0, 0, 15, 0, 0, 0, 0 }, //  
    { 5, 17, 15, 5, 17, 22, 0 }, // !
    { 7, 7, 15, 4, 19, 13, 22 }, // "
    { 15, 17, 15, 0, 17, 64, 35 }, // #
    { 13, 23, 15, 1, 20, 75, 99 }, // $
    { 15, 17, 15, 0, 17, 64, 174 }, // %
    { 15, 17, 15, 0, 17, 64, 238 }, // &
    { 3, 7, 15, 6, 19, 6, 302 }, // '
    { 8, 22, 15, 5, 19, 44, 308 }, // (
    { 8, 22, 15, 2, 19, 44, 352 }, // )
    { 13, 13, 15, 1, 14, 43, 396 }, // *
    { 13, 14, 15, 1, 15, 46, 439 }, // +
    { 5, 7, 15, 5, 3, 9, 485 }, // ,
    { 9, 2, 15, 3, 9, 5, 494 }, // -
    { 5, 3, 15, 5, 3, 4, 499 }, // .
    { 11, 22, 15, 2, 19, 61, 503 }, // /
    { 13, 17, 15, 1, 17, 56, 564 }, // 0
    { 13, 17, 15, 1, 17, 56, 620 }, // 1
    { 13, 17, 15, 1, 17, 56, 676 }, // 2
    { 12, 17, 15, 1, 17, 51, 732 }, // 3
    { 15, 17, 15, 0, 17, 64, 783 }, // 4
    { 13, 17, 15, 1, 17, 56, 847 }, // 5
    { 13, 17, 15, 1, 17, 56, 903 }, // 6
    { 13, 17, 15, 1, 17, 56, 959 }, // 7
    { 13, 17, 15, 1, 17, 56, 1015 }, // 8
    { 13, 17, 15, 1, 17, 56, 1071 }, // 9
    { 5, 13, 15, 5, 13, 17, 1127 }, // :
    { 5, 17, 15, 5, 13, 22, 1144 }, // ;
    { 11, 14, 15, 2, 15, 39, 1166 }, // <
    { 13, 7, 15, 1, 11, 23, 1205 }, // =
    { 11, 14, 15, 2, 15, 39, 1228 }, // >
    { 12, 17, 15, 1, 17, 51, 1267 }, // ?
    { 13, 20, 15, 1, 17, 65, 1318 }, // @
    { 15, 17, 15, 0, 17, 64, 1383 }, // A
    { 12, 17, 15, 2, 17, 51, 1447 }, // B
    { 13, 17, 15, 1, 17, 56, 1498 }, // C
    { 12, 17, 15, 2, 17, 51, 1554 }, // D
    { 11, 17, 15, 2, 17, 47, 1605 }, // E
    { 12, 17, 15, 2, 17, 51, 1652 }, // F
    { 13, 17, 15, 1, 17, 56, 1703 }, // G
    { 11, 17, 15, 2, 17, 47, 1759 }, // H
    { 11, 17, 15, 2, 17, 47, 1806 }, // I
    { 11, 17, 15, 1, 17, 47, 1853 }, // J
    { 13, 17, 15, 2, 17, 56, 1900 }, // K
    { 11, 17, 15, 3, 17, 47, 1956 }, // L
    { 13, 17, 15, 1, 17, 56, 2003 }, // M
    { 11, 17, 15, 2, 17, 47, 2059 }, // N
    { 13, 17, 15, 1, 17, 56, 2106 }, // O
    { 12, 17, 15, 2, 17, 51, 2162 }, // P
    { 13, 21, 15, 1, 17, 69, 2213 }, // Q
    { 12, 17, 15, 2, 17, 51, 2282 }, // R
    { 13, 17, 15, 1, 17, 56, 2333 }, // S
    { 15, 17, 15, 0, 17, 64, 2389 }, // T
    { 11, 17, 15, 2, 17, 47, 2453 }, // U
    { 15, 17, 15, 0, 17, 64, 2500 }, // V
    { 15, 17, 15, 0, 17, 64, 2564 }, // W
    { 15, 17, 15, 0, 17, 64, 2628 }, // X
    { 15, 17, 15, 0, 17, 64, 2692 }, // Y
    { 13, 17, 15, 1, 17, 56, 2756 }, // Z
    { 8, 22, 15, 5, 19, 44, 2812 }, // [
    { 11, 22, 15, 2, 19, 61, 2856 }, // <backslash>
    { 8, 22, 15, 2, 19, 44, 2917 }, // ]
    { 13, 11, 15, 1, 17, 36, 2961 }, // ^
    { 13, 2, 15, 1, -2, 7, 2997 }, // _
    { 5, 5, 15, 4, 20, 7, 3004 }, // `
    { 13, 13, 15, 1, 13, 43, 3011 }, // a
    { 12, 19, 15, 2, 19, 57, 3054 }, // b
    { 11, 13, 15, 2, 13, 36, 3111 }, // c
    { 12, 19, 15, 1, 19, 57, 3147 }, // d
    { 13, 13, 15, 1, 13, 43, 3204 }, // e
    { 13, 19, 15, 1, 19, 62, 3247 }, // f
    { 14, 20, 15, 1, 15, 70, 3309 }, // g
    { 11, 19, 15, 2, 19, 53, 3379 }, // h
    { 12, 19, 15, 2, 19, 57, 3432 }, // i
    { 10, 24, 15, 2, 19, 60, 3489 }, // j
    { 13, 19, 15, 2, 19, 62, 3549 }, // k
    { 11, 19, 15, 2, 19, 53, 3611 }, // l
    { 13, 13, 15, 1, 13, 43, 3664 }, // m
    { 11, 13, 15, 2, 13, 36, 3707 }, // n
    { 13, 13, 15, 1, 13, 43, 3743 }, // o
    { 12, 18, 15, 2, 13, 54, 3786 }, // p
    { 12, 18, 15, 1, 13, 54, 3840 }, // q
    { 13, 13, 15, 1, 13, 43, 3894 }, // r
    { 13, 13, 15, 1, 13, 43, 3937 }, // s
    { 14, 17, 15, 0, 17, 60, 3980 }, // t
    { 11, 13, 15, 2, 13, 36, 4040 }, // u
    { 13, 13, 15, 1, 13, 43, 4076 }, // v
    { 15, 13, 15, 0, 13, 49, 4119 }, // w
    { 13, 13, 15, 1, 13, 43, 4168 }, // x
    { 13, 18, 15, 1, 13, 59, 4211 }, // y
    { 11, 13, 15, 2, 13, 36, 4270 }, // z
    { 11, 22, 15, 2, 19, 61, 4306 }, // {
    { 3, 22, 15, 6, 19, 17, 4367 }, // |
    { 11, 22, 15, 2, 19, 61, 4384 }, // }
    { 13, 6, 15, 1, 10, 20, 4445 }, // ~
    { 0, 0, 15, 0, 0, 0, 4465 }, //  
    { 5, 18, 15, 5, 13, 23, 4465 }, // ¡
    { 11, 19, 15, 2, 16, 53, 4488 }, // ¢
    { 13, 17, 15, 1, 17, 56, 4541 }, // £
    { 13, 17, 15, 1, 17, 56, 4597 }, // ¤
    { 15, 17, 15, 0, 17, 64, 4653 }, // ¥
    { 3, 22, 15, 6, 19, 17, 4717 }, // ¦
    { 12, 21, 15, 2, 17, 63, 4734 }, // §
    { 9, 3, 15, 3, 18, 7, 4797 }, // ¨
    { 15, 17, 15, 0, 17, 64, 4804 }, // ©
    { 9, 8, 15, 3, 17, 18, 4868 }, // ª
    { 13, 11, 15, 1, 12, 36, 4886 }, // «
    { 13, 7, 15, 1, 9, 23, 4922 }, // ¬
    { 9, 2, 15, 3, 9, 5, 4945 }, // ­
    { 11, 9, 15, 2, 17, 25, 4950 }, // ®
    { 7, 2, 15, 4, 18, 4, 4975 }, // ¯
    { 9, 8, 15, 3, 17, 18, 4979 }, // °
    { 13, 16, 15, 1, 16, 52, 4997 }, // ±
    { 7, 9, 15, 4, 17, 16, 5049 }, // ²
    { 8, 9, 15, 3, 17, 18, 5065 }, // ³
    { 5, 5, 15, 6, 20, 7, 5083 }, // ´
    { 11, 18, 15, 2, 13, 50, 5090 }, // µ
    { 12, 21, 15, 1, 17, 63, 5140 }, // ¶
    { 5, 3, 15, 5, 9, 4, 5203 }, // ·
    { 6, 6, 15, 5, 1, 9, 5207 }, // ¸
    { 9, 9, 15, 3, 17, 21, 5216 }, // ¹
    { 9, 8, 15, 3, 17, 18, 5237 }, // º
    { 13, 11, 15, 1, 12, 36, 5255 }, // »
    { 15, 17, 15, 0, 17, 64, 5291 }, // ¼
    { 15, 17, 15, 0, 17, 64, 5355 }, // ½
    { 15, 17, 15, 0, 17, 64, 5419 }, // ¾
    { 12, 18, 15, 2, 13, 54, 5483 }, // ¿
    { 15, 24, 15, 0, 24, 90, 5537 }, // À
    { 15, 24, 15, 0, 24, 90, 5627 }, // Á
    { 15, 23, 15, 0, 23, 87, 5717 }, // Â
    { 15, 22, 15, 0, 22, 83, 5804 }, // Ã
    { 15, 22, 15, 0, 22, 83, 5887 }, // Ä
    { 15, 24, 15, 0, 24, 90, 5970 }, // Å
    { 14, 17, 15, 0, 17, 60, 6060 }, // Æ
    { 13, 22, 15, 1, 17, 72, 6120 }, // Ç
    { 11, 24, 15, 2, 24, 66, 6192 }, // È
    { 11, 24, 15, 2, 24, 66, 6258 }, // É
    { 11, 23, 15, 2, 23, 64, 6324 }, // Ê
    { 11, 22, 15, 2, 22, 61, 6388 }, // Ë
    { 11, 24, 15, 2, 24, 66, 6449 }, // Ì
    { 11, 24, 15, 2, 24, 66, 6515 }, // Í
    { 11, 23, 15, 2, 23, 64, 6581 }, // Î
    { 11, 22, 15, 2, 22, 61, 6645 }, // Ï
    { 14, 17, 15, 0, 17, 60, 6706 }, // Ð
    { 11, 22, 15, 2, 22, 61, 6766 }, // Ñ
    { 13, 24, 15, 1, 24, 78, 6827 }, // Ò
    { 13, 24, 15, 1, 24, 78, 6905 }, // Ó
    { 13, 23, 15, 1, 23, 75, 6983 }, // Ô
    { 13, 22, 15, 1, 22, 72, 7058 }, // Õ
    { 13, 22, 15, 1, 22, 72, 7130 }, // Ö
    { 11, 11, 15, 2, 13, 31, 7202 }, // ×
    { 13, 19, 15, 1, 18, 62, 7233 }, // Ø
    { 11, 24, 15, 2, 24, 66, 7295 }, // Ù
    { 11, 24, 15, 2, 24, 66, 7361 }, // Ú
    { 11, 23, 15, 2, 23, 64, 7427 }, // Û
    { 11, 22, 15, 2, 22, 61, 7491 }, // Ü
    { 15, 24, 15, 0, 24, 90, 7552 }, // Ý
    { 12, 17, 15, 2, 17, 51, 7642 }, // Þ
    { 13, 24, 15, 2, 19, 78, 7693 }, // ß
    { 13, 20, 15, 1, 20, 65, 7771 }, // à
    { 13, 20, 15, 1, 20, 65, 7836 }, // á
    { 13, 19, 15, 1, 19, 62, 7901 }, // â
    { 13, 18, 15, 1, 18, 59, 7963 }, // ã
    { 13, 18, 15, 1, 18, 59, 8022 }, // ä
    { 13, 20, 15, 1, 20, 65, 8081 }, // å
    { 15, 13, 15, 0, 13, 49, 8146 }, // æ
    { 11, 18, 15, 2, 13, 50, 8195 }, // ç
    { 13, 20, 15, 1, 20, 65, 8245 }, // è
    { 13, 20, 15, 1, 20, 65, 8310 }, // é
    { 13, 19, 15, 1, 19, 62, 8375 }, // ê
    { 13, 18, 15, 1, 18, 59, 8437 }, // ë
    { 12, 20, 15, 2, 20, 60, 8496 }, // ì
    { 12, 20, 15, 2, 20, 60, 8556 }, // í
    { 12, 19, 15, 2, 19, 57, 8616 }, // î
    { 12, 18, 15, 2, 18, 54, 8673 }, // ï
    { 13, 20, 15, 1, 20, 65, 8727 }, // ð
    { 11, 18, 15, 2, 18, 50, 8792 }, // ñ
    { 13, 20, 15, 1, 20, 65, 8842 }, // ò
    { 13, 20, 15, 1, 20, 65, 8907 }, // ó
    { 13, 19, 15, 1, 19, 62, 8972 }, // ô
    { 13, 18, 15, 1, 18, 59, 9034 }, // õ
    { 13, 18, 15, 1, 18, 59, 9093 }, // ö
    { 13, 14, 15, 1, 15, 46, 9152 }, // ÷
    { 13, 15, 15, 1, 14, 49, 9198 }, // ø
    { 11, 20, 15, 2, 20, 55, 9247 }, // ù
    { 11, 20, 15, 2, 20, 55, 9302 }, // ú
    { 11, 19, 15, 2, 19, 53, 9357 }, // û
    { 11, 18, 15, 2, 18, 50, 9410 }, // ü
    { 13, 25, 15, 1, 20, 82, 9460 }, // ý
    { 12, 24, 15, 2, 19, 72, 9542 }, // þ
    { 13, 23, 15, 1, 18, 75, 9614 }, // ÿ
    { 12, 13, 15, 2, 13, 39, 9689 }, // ı
    { 14, 17, 15, 0, 17, 60, 9728 }, // Œ
    { 15, 13, 15, 0, 13, 49, 9788 }, // œ
    { 5, 5, 0, -3, 20, 7, 9837 }, // ̀
    { 5, 5, 0, -2, 20, 7, 9844 }, // ́
    { 10, 3, 0, -5, 18, 8, 9851 }, // ̃
    { 8, 2, 0, -4, 18, 4, 9859 }, // ̄
    { 8, 3, 0, -4, 18, 6, 9863 }, // ̈
    { 6, 5, 0, -3, 19, 8, 9869 }, // ̉
    { 4, 3, 0, -2, -2, 3, 9877 }, // ̣
    { 11, 24, 15, 2, 24, 66, 9880 }, // Ѐ
    { 11, 22, 15, 2, 22, 61, 9946 }, // Ё
    { 14, 21, 15, 0, 17, 74, 10007 }, // Ђ
    { 11, 24, 15, 3, 24, 66, 10081 }, // Ѓ
    { 13, 17, 15, 1, 17, 56, 10147 }, // Є
    { 13, 17, 15, 1, 17, 56, 10203 }, // Ѕ
    { 11, 17, 15, 2, 17, 47, 10259 }, // І
    { 11, 22, 15, 2, 22, 61, 10306 }, // Ї
    { 11, 17, 15, 1, 17, 47, 10367 }, // Ј
    { 16, 17, 15, -1, 17, 68, 10414 }, // Љ
    { 14, 17, 15, 1, 17, 60, 10482 }, // Њ
    { 14, 17, 15, 0, 17, 60, 10542 }, // Ћ
    { 12, 24, 15, 2, 24, 72, 10602 }, // Ќ
    { 11, 24, 15, 2, 24, 66, 10674 }, // Ѝ
    { 14, 24, 15, 1, 24, 84, 10740 }, // Ў
    { 11, 21, 15, 2, 17, 58, 10824 }, // Џ
    { 15, 17, 15, 0, 17, 64, 10882 }, // А
    { 12, 17, 15, 2, 17, 51, 10946 }, // Б
    { 12, 17, 15, 2, 17, 51, 10997 }, // В
    { 11, 17, 15, 3, 17, 47, 11048 }, // Г
    { 15, 21, 15, 0, 17, 79, 11095 }, // Д
    { 11, 17, 15, 2, 17, 47, 11174 }, // Е
    { 15, 17, 15, 0, 17, 64, 11221 }, // Ж
    { 13, 17, 15, 1, 17, 56, 11285 }, // З
    { 11, 17, 15, 2, 17, 47, 11341 }, // И
    { 11, 24, 15, 2, 24, 66, 11388 }, // Й
    { 12, 17, 15, 2, 17, 51, 11454 }, // К
    { 14, 17, 15, 0, 17, 60, 11505 }, // Л
    { 13, 17, 15, 1, 17, 56, 11565 }, // М
    { 11, 17, 15, 2, 17, 47, 11621 }, // Н
    { 13, 17, 15, 1, 17, 56, 11668 }, // О
    { 11, 17, 15, 2, 17, 47, 11724 }, // П
    { 12, 17, 15, 2, 17, 51, 11771 }, // Р
    { 13, 17, 15, 1, 17, 56, 11822 }, // С
    { 15, 17, 15, 0, 17, 64, 11878 }, // Т
    { 14, 17, 15, 1, 17, 60, 11942 }, // У
    { 15, 18, 15, 0, 18, 68, 12002 }, // Ф
    { 15, 17, 15, 0, 17, 64, 12070 }, // Х
    { 13, 21, 15, 2, 17, 69, 12134 }, // Ц
    { 12, 17, 15, 1, 17, 51, 12203 }, // Ч
    { 13, 17, 15, 1, 17, 56, 12254 }, // Ш
    { 14, 21, 15, 1, 17, 74, 12310 }, // Щ
    { 15, 17, 15, 0, 17, 64, 12384 }, // Ъ
    { 13, 17, 15, 1, 17, 56, 12448 }, // Ы
    { 12, 17, 15, 2, 17, 51, 12504 }, // Ь
    { 13, 17, 15, 1, 17, 56, 12555 }, // Э
    { 13, 17, 15, 1, 17, 56, 12611 }, // Ю
    { 13, 17, 15, 0, 17, 56, 12667 }, // Я
    { 13, 13, 15, 1, 13, 43, 12723 }, // а
    { 13, 19, 15, 1, 19, 62, 12766 }, // б
    { 12, 13, 15, 2, 13, 39, 12828 }, // в
    { 10, 13, 15, 3, 13, 33, 12867 }, // г
    { 15, 17, 15, 0, 13, 64, 12900 }, // д
    { 13, 13, 15, 1, 13, 43, 12964 }, // е
    { 15, 13, 15, 0, 13, 49, 13007 }, // ж
    { 12, 13, 15, 1, 13, 39, 13056 }, // з
    { 11, 13, 15, 2, 13, 36, 13095 }, // и
    { 11, 20, 15, 2, 20, 55, 13131 }, // й
    { 12, 13, 15, 2, 13, 39, 13186 }, // к
    { 13, 13, 15, 0, 13, 43, 13225 }, // л
    { 13, 13, 15, 1, 13, 43, 13268 }, // м
    { 11, 13, 15, 2, 13, 36, 13311 }, // н
    { 13, 13, 15, 1, 13, 43, 13347 }, // о
    { 11, 13, 15, 2, 13, 36, 13390 }, // п
    { 12, 18, 15, 2, 13, 54, 13426 }, // р
    { 11, 13, 15, 2, 13, 36, 13480 }, // с
    { 13, 13, 15, 1, 13, 43, 13516 }, // т
    { 13, 18, 15, 1, 13, 59, 13559 }, // у
    { 13, 22, 15, 1, 17, 72, 13618 }, // ф
    { 13, 13, 15, 1, 13, 43, 13690 }, // х
    { 13, 17, 15, 2, 13, 56, 13733 }, // ц
    { 11, 13, 15, 2, 13, 36, 13789 }, // ч
    { 13, 13, 15, 1, 13, 43, 13825 }, // ш
    { 14, 17, 15, 1, 13, 60, 13868 }, // щ
    { 14, 13, 15, 0, 13, 46, 13928 }, // ъ
    { 13, 13, 15, 1, 13, 43, 13974 }, // ы
    { 12, 13, 15, 2, 13, 39, 14017 }, // ь
    { 11, 13, 15, 2, 13, 36, 14056 }, // э
    { 13, 13, 15, 1, 13, 43, 14092 }, // ю
    { 12, 13, 15, 1, 13, 39, 14135 }, // я
    { 13, 20, 15, 1, 20, 65, 14174 }, // ѐ
    { 13, 18, 15, 1, 18, 59, 14239 }, // ё
    { 13, 24, 15, 0, 19, 78, 14298 }, // ђ
    { 10, 20, 15, 3, 20, 50, 14376 }, // ѓ
    { 11, 13, 15, 2, 13, 36, 14426 }, // є
    { 13, 13, 15, 1, 13, 43, 14462 }, // ѕ
    { 12, 19, 15, 2, 19, 57, 14505 }, // і
    { 12, 18, 15, 2, 18, 54, 14562 }, // ї
    { 10, 24, 15, 2, 19, 60, 14616 }, // ј
    { 15, 13, 15, 0, 13, 49, 14676 }, // љ
    { 14, 13, 15, 1, 13, 46, 14725 }, // њ
    { 13, 19, 15, 0, 19, 62, 14771 }, // ћ
    { 12, 20, 15, 2, 20, 60, 14833 }, // ќ
    { 11, 20, 15, 2, 20, 55, 14893 }, // ѝ
    { 13, 25, 15, 1, 20, 82, 14948 }, // ў
    { 11, 17, 15, 2, 13, 47, 15030 }, // џ
    { 11, 21, 15, 3, 21, 58, 15077 }, // Ґ
    { 10, 17, 15, 3, 17, 43, 15135 }, // ґ
    { 15, 17, 15, 0, 17, 64, 15178 }, // Ұ
    { 13, 18, 15, 1, 13, 59, 15242 }, // ұ
    { 13, 2, 15, 1, 9, 7, 15301 }, // –
    { 15, 2, 15, 0, 9, 8, 15308 }, // —
    { 6, 7, 15, 4, 19, 11, 15316 }, // ‘
    { 6, 7, 15, 5, 19, 11, 15327 }, // ’
    { 5, 7, 15, 5, 3, 9, 15338 }, // ‚
    { 11, 7, 15, 2, 19, 20, 15347 }, // “
    { 12, 7, 15, 2, 19, 21, 15367 }, // ”
    { 12, 7, 15, 2, 3, 21, 15388 }, // „
    { 7, 6, 15, 4, 11, 11, 15409 }, // •
    { 13, 3, 15, 1, 3, 10, 15420 }, // …
    { 5, 8, 15, 5, 17, 10, 15430 }, // ′
    { 9, 8, 15, 3, 17, 18, 15440 }, // ″
    { 7, 11, 15, 4, 12, 20, 15458 }, // ‹
    { 7, 11, 15, 4, 12, 20, 15478 }, // ›
    { 15, 17, 15, 0, 17, 64, 15498 }, // ⁄
    { 13, 17, 15, 1, 17, 56, 15562 }, // €
    { 11, 17, 15, 2, 17, 47, 15618 }, // ↑
    { 11, 17, 15, 2, 17, 47, 15665 }, // ↓
    { 13, 2, 15, 1, 9, 7, 15712 }, // −
    { 15, 17, 15, 0, 17, 64, 15719 }, // ∕
};

static const EpdUnicodeInterval PROGMEM ibm_plex_mono_12_2bIntervals[] = {
    { 0x0, 0x0, 0x0 },
    { 0xD, 0xD, 0x1 },
    { 0x20, 0x7E, 0x2 },
    { 0xA0, 0xFF, 0x61 },
    { 0x131, 0x131, 0xC1 },
    { 0x152, 0x153, 0xC2 },
    { 0x300, 0x301, 0xC4 },
    { 0x303, 0x304, 0xC6 },
    { 0x308, 0x309, 0xC8 },
    { 0x323, 0x323, 0xCA },
    { 0x400, 0x45F, 0xCB },
    { 0x490, 0x491, 0x12B },
    { 0x4B0, 0x4B1, 0x12D },
    { 0x2013, 0x2014, 0x12F },
    { 0x2018, 0x201A, 0x131 },
    { 0x201C, 0x201E, 0x134 },
    { 0x2022, 0x2022, 0x137 },
    { 0x2026, 0x2026, 0x138 },
    { 0x2032, 0x2033, 0x139 },
    { 0x2039, 0x203A, 0x13B },
    { 0x2044, 0x2044, 0x13D },
    { 0x20AC, 0x20AC, 0x13E },
    { 0x2191, 0x2191, 0x13F },
    { 0x2193, 0x2193, 0x140 },
    { 0x2212, 0x2212, 0x141 },
    { 0x2215, 0x2215, 0x142 },
};

static const EpdFontData ibm_plex_mono_12_2b = {
    ibm_plex_mono_12_2bBitmaps,
    ibm_plex_mono_12_2bGlyphs,
    ibm_plex_mono_12_2bIntervals,
    26,
    33,
    26,
    -7,
    true,
};
