/*
 * SIL OPEN FONT LICENSE 1.1 — bundled font notice (required by §56-61).
 *
 * Based on IBM Plex Mono by IBM Corp. (Mike Abbink, Bold Monday). SIL OFL 1.1.
 * Full license: scripts/ibm-plex-mono/OFL.txt
 *
 * Embedded in the snapix firmware as a derivative work — format conversion
 * (TTF → C array) is permitted under OFL §39-42.
 */
/**
 * generated by fontconvert.py
 * name: ibm_plex_mono_13_2b
 * size: 13
 * mode: 2-bit
 */
#pragma once
#include "EpdFontData.h"

static const uint8_t PROGMEM ibm_plex_mono_13_2bBitmaps[18721] = {
    0x3D, 0x0F, 0x43, 0xD0, 0xF4, 0x3D, 0x0F, 0x03, 0xC0, 0xF0, 0x2C, 0x0B, 0x01, 0x80, 0x60, 0x00,
    0x00, 0x00, 0x01, 0xF8, 0xFF, 0x3F, 0xC7, 0xE0, 0x7C, 0x2E, 0x7C, 0x2E, 0x7C, 0x2E, 0x7C, 0x2E,
    0x7C, 0x2E, 0x7C, 0x2E, 0x7C, 0x2E, 0x14, 0x05, 0x00, 0x0F, 0x03, 0xC0, 0x00, 0x0F, 0x03, 0xC0,
    0x00, 0x0F, 0x03, 0xC0, 0x00, 0x1E, 0x07, 0x80, 0x00, 0x1D, 0x0B, 0x40, 0x00, 0x2D, 0x0B, 0x40,
    0x2F, 0xFC, 0x0F, 0xFF, 0x2F, 0xFC, 0x0F, 0xFF, 0x00, 0x3C, 0x0F, 0x00, 0x00, 0x78, 0x1E, 0x00,
    0x00, 0xB4, 0x2D, 0x00, 0xBF, 0xF0, 0x3F, 0xFC, 0xBF, 0xF0, 0x3F, 0xFC, 0x00, 0xF0, 0x3C, 0x00,
    0x01, 0xE0, 0x78, 0x00, 0x01, 0xE0, 0x78, 0x00, 0x02, 0xD0, 0xB4, 0x00, 0x03, 0xC0, 0xF0, 0x00,
    0x03, 0xC0, 0xF0, 0x00, 0x00, 0x07, 0x00, 0x00, 0x00, 0x70, 0x00, 0x00, 0x07, 0x00, 0x00, 0x0B,
    0xFF, 0x40, 0x07, 0xFF, 0xFF, 0x41, 0xF8, 0x75, 0xFD, 0x2E, 0x07, 0x02, 0xD3, 0xD0, 0x70, 0x00,
    0x3D, 0x07, 0x00, 0x03, 0xE0, 0x70, 0x00, 0x1F, 0x87, 0x00, 0x00, 0xBF, 0xF9, 0x00, 0x01, 0xFF,
    0xFE, 0x00, 0x00, 0xBB, 0xFC, 0x00, 0x07, 0x07, 0xE0, 0x00, 0x70, 0x2E, 0x00, 0x07, 0x01, 0xF1,
    0x00, 0x70, 0x1F, 0x7C, 0x07, 0x03, 0xE3, 0xF8, 0x75, 0xFC, 0x0B, 0xFF, 0xFF, 0x40, 0x0B, 0xFF,
    0x80, 0x00, 0x07, 0x00, 0x00, 0x00, 0x70, 0x00, 0x00, 0x07, 0x00, 0x00, 0x07, 0xF8, 0x00, 0x2D,
    0x2F, 0xFE, 0x00, 0x3C, 0x3D, 0x0F, 0x40, 0xB4, 0x74, 0x07, 0x80, 0xF0, 0x74, 0x07, 0x82, 0xD0,
    0x74, 0x07, 0x83, 0xC0, 0x3C, 0x0F, 0x4B, 0x00, 0x2F, 0xFE, 0x0E, 0x00, 0x07, 0xF8, 0x00, 0x00,
    0x00, 0x00, 0x00, 0x00, 0x00, 0x00, 0x1F, 0xE0, 0x00, 0xB4, 0xBF, 0xFC, 0x00, 0xF0, 0xF4, 0x3D,
    0x02, 0xD1, 0xE0, 0x1E, 0x03, 0xC1, 0xD0, 0x0E, 0x0B, 0x41, 0xE0, 0x1E, 0x0F, 0x00, 0xF4, 0x3D,
    0x2C, 0x00, 0xBF, 0xFC, 0x38, 0x00, 0x1F, 0xE0, 0x00, 0x2F, 0xD0, 0x00, 0x01, 0xFF, 0xF8, 0x00,
    0x03, 0xE0, 0x7D, 0x00, 0x07, 0xC0, 0x18, 0x00, 0x0B, 0x80, 0x00, 0x00, 0x07, 0x80, 0x00, 0x00,
    0x03, 0xC0, 0x00, 0x00, 0x02, 0xF0, 0x00, 0x00, 0x00, 0xF8, 0x02, 0xFC, 0x07, 0xFE, 0x02, 0xFC,
    0x0F, 0x5F, 0x43, 0xC0, 0x3E, 0x07, 0xC3, 0xC0, 0x3C, 0x02, 0xF3, 0xC0, 0x7C, 0x00, 0xBF, 0x80,
    0x7C, 0x00, 0x3F, 0x40, 0x3D, 0x00, 0x1F, 0x80, 0x2F, 0x40, 0x77, 0xD0, 0x0F, 0xFF, 0xE1, 0xF4,
    0x02, 0xFF, 0x40, 0xBC, 0xF3, 0xCF, 0x3C, 0xF3, 0xCF, 0x14, 0x00, 0x1E, 0x00, 0x1E, 0x00, 0x0F,
    0x00, 0x0F, 0x00, 0x07, 0x40, 0x03, 0xC0, 0x01, 0xD0, 0x00, 0xB0, 0x00, 0x3C, 0x00, 0x0E, 0x00,
    0x07, 0x80, 0x01, 0xE0, 0x00, 0x78, 0x00, 0x1E, 0x00, 0x07, 0x80, 0x00, 0xE0, 0x00, 0x3C, 0x00,
    0x0B, 0x00, 0x01, 0xD0, 0x00, 0x3C, 0x00, 0x07, 0x40, 0x00, 0xF0, 0x00, 0x1F, 0x00, 0x01, 0xE0,
    0x00, 0x1E, 0x00, 0x2E, 0x00, 0x02, 0xE0, 0x00, 0x2D, 0x00, 0x03, 0xC0, 0x00, 0x78, 0x00, 0x0B,
    0x00, 0x01, 0xE0, 0x00, 0x3C, 0x00, 0x0B, 0x00, 0x02, 0xD0, 0x00, 0x78, 0x00, 0x1E, 0x00, 0x07,
    0x80, 0x01, 0xE0, 0x00, 0x78, 0x00, 0x2D, 0x00, 0x0B, 0x00, 0x03, 0xC0, 0x01, 0xE0, 0x00, 0xB0,
    0x00, 0x78, 0x00, 0x3C, 0x00, 0x2D, 0x00, 0x2E, 0x00, 0x2E, 0x00, 0x00, 0x00, 0x0F, 0x00, 0x00,
    0x00, 0x3C, 0x00, 0x00, 0x00, 0xF0, 0x00, 0x00, 0x03, 0xC0, 0x00, 0x64, 0x0F, 0x01, 0xA2, 0xFE,
    0x7D, 0xBF, 0xC1, 0xBF, 0xFF, 0xE4, 0x00, 0x1F, 0xF4, 0x00, 0x00, 0x3F, 0xD0, 0x00, 0x03, 0xE7,
    0xC0, 0x00, 0x2F, 0x0B, 0x80, 0x01, 0xF0, 0x0F, 0x40, 0x07, 0x40, 0x0E, 0x00, 0x00, 0x00, 0x00,
    0x00, 0x00, 0x0A, 0x00, 0x00, 0x00, 0xF0, 0x00, 0x00, 0x0F, 0x00, 0x00, 0x00, 0xF0, 0x00, 0x00,
    0x0F, 0x00, 0x00, 0x00, 0xF0, 0x00, 0x7F, 0xFF, 0xFF, 0xE7, 0xFF, 0xFF, 0xFE, 0x00, 0x0F, 0x00,
    0x00, 0x00, 0xF0, 0x00, 0x00, 0x0F, 0x00, 0x00, 0x00, 0xF0, 0x00, 0x00, 0x0F, 0x00, 0x00, 0x00,
    0xA0, 0x00, 0x0F, 0xC1, 0xFC, 0x2F, 0x42, 0xF0, 0x3E, 0x03, 0xD0, 0x3C, 0x07, 0x80, 0xFF, 0xFF,
    0x3F, 0xFF, 0xC0, 0x7E, 0x3F, 0xCF, 0xF1, 0xF8, 0x00, 0x00, 0x1E, 0x00, 0x00, 0x2C, 0x00, 0x00,
    0x3C, 0x00, 0x00, 0x74, 0x00, 0x00, 0xF0, 0x00, 0x00, 0xE0, 0x00, 0x02, 0xD0, 0x00, 0x03, 0xC0,
    0x00, 0x07, 0x80, 0x00, 0x0B, 0x00, 0x00, 0x0F, 0x00, 0x00, 0x1D, 0x00, 0x00, 0x3C, 0x00, 0x00,
    0x38, 0x00, 0x00, 0xB4, 0x00, 0x00, 0xF0, 0x00, 0x01, 0xE0, 0x00, 0x02, 0xC0, 0x00, 0x03, 0xC0,
    0x00, 0x0B, 0x40, 0x00, 0x0F, 0x00, 0x00, 0x1E, 0x00, 0x00, 0x2D, 0x00, 0x00, 0x3C, 0x00, 0x00,
    0x78, 0x00, 0x00, 0x00, 0x7F, 0xE0, 0x00, 0x3F, 0xFF, 0xD0, 0x0F, 0xD0, 0x2F, 0x01, 0xF0, 0x00,
    0xF8, 0x3D, 0x00, 0x03, 0xC3, 0xC0, 0x00, 0x3D, 0x7C, 0x00, 0x03, 0xD7, 0xC0, 0x00, 0x2E, 0x7C,
    0x1F, 0x42, 0xE7, 0xC2, 0xFC, 0x2E, 0x7C, 0x1F, 0x42, 0xE7, 0xC0, 0x00, 0x2E, 0x7C, 0x00, 0x03,
    0xD3, 0xC0, 0x00, 0x3D, 0x3D, 0x00, 0x03, 0xC1, 0xF0, 0x00, 0xF8, 0x0F, 0xD0, 0x2F, 0x00, 0x3F,
    0xFF, 0xD0, 0x00, 0x7F, 0xE0, 0x00, 0x00, 0x3F, 0xC0, 0x00, 0x0F, 0xFC, 0x00, 0x03, 0xF7, 0xC0,
    0x00, 0xFC, 0x7C, 0x00, 0x3F, 0x07, 0xC0, 0x03, 0xC0, 0x7C, 0x00, 0x20, 0x07, 0xC0, 0x00, 0x00,
    0x7C, 0x00, 0x00, 0x07, 0xC0, 0x00, 0x00, 0x7C, 0x00, 0x00, 0x07, 0xC0, 0x00, 0x00, 0x7C, 0x00,
    0x00, 0x07, 0xC0, 0x00, 0x00, 0x7C, 0x00, 0x00, 0x07, 0xC0, 0x00, 0x00, 0x7C, 0x00, 0x00, 0x07,
    0xC0, 0x02, 0xFF, 0xFF, 0xFF, 0x2F, 0xFF, 0xFF, 0xF0, 0x00, 0xBF, 0xE0, 0x00, 0x7F, 0xFF, 0xC0,
    0x0F, 0x80, 0x7F, 0x03, 0xE0, 0x00, 0xF4, 0x2C, 0x00, 0x0F, 0x80, 0x00, 0x00, 0xB8, 0x00, 0x00,
    0x0F, 0x80, 0x00, 0x00, 0xF4, 0x00, 0x00, 0x2F, 0x00, 0x00, 0x07, 0xD0, 0x00, 0x01, 0xF8, 0x00,
    0x00, 0x7E, 0x00, 0x00, 0x1F, 0x80, 0x00, 0x0B, 0xD0, 0x00, 0x02, 0xF4, 0x00, 0x00, 0xBC, 0x00,
    0x00, 0x3F, 0x00, 0x00, 0x03, 0xFF, 0xFF, 0xFE, 0x3F, 0xFF, 0xFF, 0xE0, 0x00, 0xBF, 0xE0, 0x01,
    0xFF, 0xFF, 0x41, 0xF8, 0x07, 0xF0, 0x74, 0x00, 0x3D, 0x00, 0x00, 0x0F, 0x80, 0x00, 0x03, 0xE0,
    0x00, 0x00, 0xF0, 0x00, 0x01, 0xF4, 0x00, 0xFF, 0xE0, 0x00, 0x3F, 0xFD, 0x00, 0x00, 0x07, 0xE0,
    0x00, 0x00, 0x3D, 0x00, 0x00, 0x0B, 0xC0, 0x00, 0x01, 0xF0, 0x00, 0x00, 0xBD, 0xF0, 0x00, 0x3E,
    0x3F, 0x40, 0x7F, 0x03, 0xFF, 0xFF, 0x00, 0x1F, 0xFD, 0x00, 0x00, 0x00, 0x3F, 0x40, 0x00, 0x00,
    0xFF, 0x40, 0x00, 0x01, 0xEF, 0x40, 0x00, 0x03, 0xCF, 0x40, 0x00, 0x0B, 0x4F, 0x40, 0x00, 0x1E,
    0x0F, 0x40, 0x00, 0x3C, 0x0F, 0x40, 0x00, 0xB4, 0x0F, 0x40, 0x01, 0xF0, 0x0F, 0x40, 0x03, 0xC0,
    0x0F, 0x40, 0x0B, 0x80, 0x0F, 0x40, 0x0F, 0x00, 0x0F, 0x40, 0x3D, 0x00, 0x0F, 0x40, 0x3F, 0xFF,
    0xFF, 0xFC, 0x3F, 0xFF, 0xFF, 0xFC, 0x00, 0x00, 0x0F, 0x40, 0x00, 0x00, 0x0F, 0x40, 0x00, 0x00,
    0x0F, 0x40, 0x00, 0x00, 0x0F, 0x40, 0x0F, 0xFF, 0xFF, 0x80, 0xFF, 0xFF, 0xF8, 0x0F, 0x00, 0x00,
    0x00, 0xF0, 0x00, 0x00, 0x0F, 0x00, 0x00, 0x00, 0xF0, 0x00, 0x00, 0x0F, 0x00, 0x00, 0x00, 0xE1,
    0xFE, 0x40, 0x1E, 0xBF, 0xFE, 0x01, 0xF8, 0x02, 0xF4, 0x05, 0x00, 0x0B, 0xC0, 0x00, 0x00, 0x3D,
    0x00, 0x00, 0x03, 0xD0, 0x00, 0x00, 0x3D, 0x04, 0x00, 0x03, 0xC2, 0xE0, 0x00, 0xBC, 0x1F, 0x80,
    0x2F, 0x40, 0x7F, 0xFF, 0xD0, 0x00, 0xBF, 0xE0, 0x00, 0x00, 0x07, 0xE0, 0x00, 0x01, 0xF8, 0x00,
    0x00, 0x7D, 0x00, 0x00, 0x1F, 0x40, 0x00, 0x03, 0xE0, 0x00, 0x00, 0xBC, 0x00, 0x00, 0x0F, 0x40,
    0x00, 0x01, 0xF1, 0xFF, 0x40, 0x3D, 0xBF, 0xFE, 0x03, 0xE8, 0x02, 0xF8, 0x3E, 0x00, 0x0B, 0xC3,
    0xC0, 0x00, 0x3D, 0x3C, 0x00, 0x03, 0xD3, 0xC0, 0x00, 0x3D, 0x3C, 0x00, 0x03, 0xC2, 0xE0, 0x00,
    0xBC, 0x0F, 0x80, 0x2F, 0x40, 0x3F, 0xFF, 0xD0, 0x00, 0xBF, 0xE0, 0x00, 0x7F, 0xFF, 0xFF, 0xD7,
    0xFF, 0xFF, 0xFD, 0x7C, 0x00, 0x03, 0xC7, 0xC0, 0x00, 0xB8, 0x7C, 0x00, 0x0F, 0x47, 0xC0, 0x01,
    0xF0, 0x00, 0x00, 0x3D, 0x00, 0x00, 0x07, 0xC0, 0x00, 0x00, 0xF8, 0x00, 0x00, 0x0F, 0x00, 0x00,
    0x02, 0xE0, 0x00, 0x00, 0x3D, 0x00, 0x00, 0x0B, 0xC0, 0x00, 0x00, 0xF4, 0x00, 0x00, 0x1F, 0x00,
    0x00, 0x03, 0xE0, 0x00, 0x00, 0x3C, 0x00, 0x00, 0x0B, 0x80, 0x00, 0x00, 0xF4, 0x00, 0x00, 0x01,
    0xBF, 0xE4, 0x00, 0xBF, 0xFF, 0xE0, 0x1F, 0x80, 0x2F, 0x83, 0xE0, 0x00, 0xBC, 0x3D, 0x00, 0x03,
    0xC3, 0xD0, 0x00, 0x3C, 0x2E, 0x00, 0x0B, 0x80, 0xF8, 0x02, 0xF0, 0x02, 0xFF, 0xF8, 0x00, 0x2F,
    0xFF, 0x80, 0x1F, 0x80, 0x1F, 0x43, 0xD0, 0x00, 0x3C, 0x7C, 0x00, 0x02, 0xE7, 0xC0, 0x00, 0x2E,
    0x7C, 0x00, 0x02, 0xE3, 0xD0, 0x00, 0x3D, 0x2F, 0x80, 0x2F, 0xC0, 0xBF, 0xFF, 0xF0, 0x01, 0xBF,
    0xE4, 0x00, 0x00, 0xBF, 0xE0, 0x00, 0x7F, 0xFF, 0xD0, 0x0F, 0x80, 0x2F, 0x02, 0xE0, 0x00, 0xB8,
    0x3C, 0x00, 0x03, 0xC3, 0xC0, 0x00, 0x3D, 0x3C, 0x00, 0x03, 0xD3, 0xC0, 0x00, 0x3D, 0x3E, 0x00,
    0x0B, 0xD1, 0xF8, 0x02, 0xBC, 0x0B, 0xFF, 0xF7, 0xC0, 0x1B, 0xF8, 0xB8, 0x00, 0x00, 0x0F, 0x00,
    0x00, 0x02, 0xE0, 0x00, 0x00, 0x7C, 0x00, 0x00, 0x1F, 0x40, 0x00, 0x07, 0xE0, 0x00, 0x01, 0xF8,
    0x00, 0x00, 0xBD, 0x00, 0x00, 0x7E, 0x3F, 0xCF, 0xF1, 0xF8, 0x00, 0x00, 0x00, 0x00, 0x00, 0x00,
    0x00, 0x00, 0x01, 0xF8, 0xFF, 0x3F, 0xC7, 0xE0, 0x1F, 0x83, 0xFC, 0x3F, 0xC1, 0xF8, 0x00, 0x00,
    0x00, 0x00, 0x00, 0x00, 0x00, 0x00, 0x00, 0x00, 0x00, 0xFC, 0x1F, 0xC2, 0xF4, 0x2F, 0x03, 0xE0,
    0x3D, 0x03, 0xC0, 0x78, 0x00, 0x00, 0x00, 0x02, 0x00, 0x00, 0x2F, 0x00, 0x01, 0xFE, 0x00, 0x0F,
    0xE0, 0x00, 0xBF, 0x40, 0x07, 0xF4, 0x00, 0x3F, 0x80, 0x00, 0xBC, 0x00, 0x00, 0xBC, 0x00, 0x00,
    0x3F, 0x80, 0x00, 0x07, 0xF4, 0x00, 0x00, 0xBF, 0x40, 0x00, 0x0F, 0xF0, 0x00, 0x01, 0xFE, 0x00,
    0x00, 0x2F, 0x00, 0x00, 0x02, 0x7F, 0xFF, 0xFF, 0xE7, 0xFF, 0xFF, 0xFE, 0x00, 0x00, 0x00, 0x00,
    0x00, 0x00, 0x00, 0x00, 0x00, 0x00, 0x07, 0xFF, 0xFF, 0xFE, 0x7F, 0xFF, 0xFF, 0xE0, 0x90, 0x00,
    0x00, 0xB8, 0x00, 0x00, 0x7F, 0x80, 0x00, 0x0B, 0xF4, 0x00, 0x00, 0xFE, 0x00, 0x00, 0x1F, 0xE0,
    0x00, 0x02, 0xFD, 0x00, 0x00, 0x2F, 0x00, 0x00, 0x2F, 0x00, 0x01, 0xFD, 0x00, 0x1F, 0xE0, 0x00,
    0xBE, 0x00, 0x0B, 0xF4, 0x00, 0x7F, 0x80, 0x00, 0xB8, 0x00, 0x00, 0x90, 0x00, 0x00, 0x01, 0xFF,
    0x80, 0x0F, 0xFF, 0xF4, 0x3F, 0x40, 0xBC, 0xBC, 0x00, 0x3E, 0x74, 0x00, 0x2E, 0x00, 0x00, 0x2E,
    0x00, 0x00, 0x3D, 0x00, 0x01, 0xF8, 0x00, 0x7F, 0xD0, 0x00, 0xBD, 0x00, 0x00, 0xB8, 0x00, 0x00,
    0xB8, 0x00, 0x00, 0x00, 0x00, 0x00, 0x00, 0x00, 0x00, 0x00, 0x00, 0x00, 0xBC, 0x00, 0x01, 0xFE,
    0x00, 0x01, 0xFE, 0x00, 0x00, 0xFC, 0x00, 0x00, 0x7F, 0xE0, 0x00, 0x3F, 0xFF, 0xD0, 0x0B, 0xD0,
    0x2F, 0x00, 0xF0, 0x00, 0xB8, 0x2D, 0x00, 0x03, 0xC3, 0xC0, 0x00, 0x3C, 0x3C, 0x07, 0xE3, 0xC3,
    0xC1, 0xFF, 0xEC, 0x38, 0x2E, 0x07, 0xC7, 0x83, 0xC0, 0x3C, 0x78, 0x3C, 0x02, 0xC7, 0x83, 0xC0,
    0x2C, 0x78, 0x3C, 0x02, 0xC3, 0xC3, 0xC0, 0x3C, 0x3C, 0x3D, 0x03, 0xC3, 0xC1, 0xFE, 0xFC, 0x3C,
    0x0B, 0xF6, 0xC2, 0xE0, 0x04, 0x00, 0x0F, 0x00, 0x00, 0x00, 0xBD, 0x00, 0x00, 0x02, 0xFF, 0xFD,
    0x00, 0x06, 0xFF, 0xD0, 0x00, 0x0B, 0xF0, 0x00, 0x00, 0x0F, 0xF0, 0x00, 0x00, 0x0F, 0xF4, 0x00,
    0x00, 0x1E, 0x78, 0x00, 0x00, 0x3D, 0x3C, 0x00, 0x00, 0x3C, 0x3D, 0x00, 0x00, 0x7C, 0x2E, 0x00,
    0x00, 0xB8, 0x1F, 0x00, 0x00, 0xF4, 0x0F, 0x00, 0x01, 0xF0, 0x0F, 0x40, 0x02, 0xE0, 0x0B, 0xC0,
    0x03, 0xD0, 0x07, 0xC0, 0x03, 0xFF, 0xFF, 0xD0, 0x07, 0xFF, 0xFF, 0xE0, 0x0F, 0x80, 0x01, 0xF0,
    0x0F, 0x40, 0x00, 0xF4, 0x1F, 0x00, 0x00, 0xF8, 0x2E, 0x00, 0x00, 0x7C, 0x3D, 0x00, 0x00, 0x3C,
    0xBF, 0xFF, 0xD0, 0x2F, 0xFF, 0xFE, 0x0B, 0x80, 0x0B, 0xD2, 0xE0, 0x00, 0xBC, 0xB8, 0x00, 0x1F,
    0x2E, 0x00, 0x07, 0xCB, 0x80, 0x02, 0xE2, 0xE0, 0x02, 0xF0, 0xBF, 0xFF, 0xE0, 0x2F, 0xFF, 0xFE,
    0x0B, 0x80, 0x07, 0xE2, 0xE0, 0x00, 0x3D, 0xB8, 0x00, 0x0F, 0xAE, 0x00, 0x02, 0xEB, 0x80, 0x00,
    0xFA, 0xE0, 0x00, 0x3D, 0xB8, 0x00, 0x7F, 0x2F, 0xFF, 0xFF, 0x0B, 0xFF, 0xFE, 0x00, 0x00, 0x2F,
    0xF4, 0x00, 0x2F, 0xFF, 0xE0, 0x07, 0xE0, 0x1F, 0x80, 0xF8, 0x00, 0x7C, 0x1F, 0x00, 0x02, 0x82,
    0xE0, 0x00, 0x00, 0x3D, 0x00, 0x00, 0x03, 0xD0, 0x00, 0x00, 0x3D, 0x00, 0x00, 0x03, 0xD0, 0x00,
    0x00, 0x3D, 0x00, 0x00, 0x03, 0xD0, 0x00, 0x00, 0x3D, 0x00, 0x00, 0x02, 0xE0, 0x00, 0x00, 0x1F,
    0x00, 0x02, 0x80, 0xF8, 0x00, 0x7C, 0x07, 0xE0, 0x1F, 0x80, 0x2F, 0xFF, 0xE0, 0x00, 0x2F, 0xF4,
    0x00, 0x7F, 0xFF, 0x80, 0x1F, 0xFF, 0xFC, 0x07, 0xC0, 0x1F, 0xC1, 0xF0, 0x00, 0xF8, 0x7C, 0x00,
    0x1F, 0x1F, 0x00, 0x03, 0xD7, 0xC0, 0x00, 0xF5, 0xF0, 0x00, 0x3E, 0x7C, 0x00, 0x0B, 0x9F, 0x00,
    0x02, 0xE7, 0xC0, 0x00, 0xB9, 0xF0, 0x00, 0x3E, 0x7C, 0x00, 0x0F, 0x5F, 0x00, 0x03, 0xD7, 0xC0,
    0x01, 0xF1, 0xF0, 0x00, 0xF8, 0x7C, 0x01, 0xFC, 0x1F, 0xFF, 0xFC, 0x07, 0xFF, 0xF8, 0x00, 0xBF,
    0xFF, 0xFF, 0x2F, 0xFF, 0xFF, 0xCB, 0x80, 0x00, 0x02, 0xE0, 0x00, 0x00, 0xB8, 0x00, 0x00, 0x2E,
    0x00, 0x00, 0x0B, 0x80, 0x00, 0x02, 0xE0, 0x00, 0x00, 0xBF, 0xFF, 0xFE, 0x2F, 0xFF, 0xFF, 0x8B,
    0x80, 0x00, 0x02, 0xE0, 0x00, 0x00, 0xB8, 0x00, 0x00, 0x2E, 0x00, 0x00, 0x0B, 0x80, 0x00, 0x02,
    0xE0, 0x00, 0x00, 0xB8, 0x00, 0x00, 0x2F, 0xFF, 0xFF, 0xCB, 0xFF, 0xFF, 0xF0, 0xBF, 0xFF, 0xFF,
    0x6F, 0xFF, 0xFF, 0xDB, 0x80, 0x00, 0x02, 0xE0, 0x00, 0x00, 0xB8, 0x00, 0x00, 0x2E, 0x00, 0x00,
    0x0B, 0x80, 0x00, 0x02, 0xE0, 0x00, 0x00, 0xBF, 0xFF, 0xFE, 0x2F, 0xFF, 0xFF, 0x8B, 0x80, 0x00,
    0x02, 0xE0, 0x00, 0x00, 0xB8, 0x00, 0x00, 0x2E, 0x00, 0x00, 0x0B, 0x80, 0x00, 0x02, 0xE0, 0x00,
    0x00, 0xB8, 0x00, 0x00, 0x2E, 0x00, 0x00, 0x0B, 0x80, 0x00, 0x00, 0x00, 0x7F, 0xE0, 0x00, 0x3F,
    0xFF, 0xD0, 0x0F, 0xD0, 0x2F, 0x01, 0xF0, 0x00, 0xB8, 0x3E, 0x00, 0x03, 0x43, 0xC0, 0x00, 0x00,
    0x3C, 0x00, 0x00, 0x07, 0xC0, 0x00, 0x00, 0x7C, 0x00, 0x00, 0x07, 0xC0, 0x3F, 0xFC, 0x7C, 0x03,
    0xFF, 0xC7, 0xC0, 0x00, 0x3C, 0x7C, 0x00, 0x03, 0xC3, 0xC0, 0x00, 0x3C, 0x3D, 0x00, 0x07, 0xC2,
    0xF0, 0x00, 0xFC, 0x0F, 0xD0, 0x2B, 0xC0, 0x7F, 0xFF, 0x3C, 0x00, 0xBF, 0x83, 0xC0, 0xF4, 0x00,
    0x0F, 0x3D, 0x00, 0x03, 0xCF, 0x40, 0x00, 0xF3, 0xD0, 0x00, 0x3C, 0xF4, 0x00, 0x0F, 0x3D, 0x00,
    0x03, 0xCF, 0x40, 0x00, 0xF3, 0xD0, 0x00, 0x3C, 0xFF, 0xFF, 0xFF, 0x3F, 0xFF, 0xFF, 0xCF, 0x40,
    0x00, 0xF3, 0xD0, 0x00, 0x3C, 0xF4, 0x00, 0x0F, 0x3D, 0x00, 0x03, 0xCF, 0x40, 0x00, 0xF3, 0xD0,
    0x00, 0x3C, 0xF4, 0x00, 0x0F, 0x3D, 0x00, 0x03, 0xCF, 0x40, 0x00, 0xF0, 0xBF, 0xFF, 0xFF, 0xBF,
    0xFF, 0xFF, 0x00, 0x3C, 0x00, 0x00, 0x3C, 0x00, 0x00, 0x3C, 0x00, 0x00, 0x3C, 0x00, 0x00, 0x3C,
    0x00, 0x00, 0x3C, 0x00, 0x00, 0x3C, 0x00, 0x00, 0x3C, 0x00, 0x00, 0x3C, 0x00, 0x00, 0x3C, 0x00,
    0x00, 0x3C, 0x00, 0x00, 0x3C, 0x00, 0x00, 0x3C, 0x00, 0x00, 0x3C, 0x00, 0x00, 0x3C, 0x00, 0xBF,
    0xFF, 0xFF, 0xBF, 0xFF, 0xFF, 0x0F, 0xFF, 0xFC, 0x3F, 0xFF, 0xF0, 0x00, 0x07, 0xC0, 0x00, 0x1F,
    0x00, 0x00, 0x7C, 0x00, 0x01, 0xF0, 0x00, 0x07, 0xC0, 0x00, 0x1F, 0x00, 0x00, 0x7C, 0x00, 0x01,
    0xF0, 0x00, 0x07, 0xC0, 0x00, 0x1F, 0x00, 0x00, 0x7C, 0x00, 0x01, 0xF6, 0x00, 0x07, 0xEE, 0x00,
    0x3E, 0x7E, 0x02, 0xF4, 0x7F, 0xFF, 0x40, 0x6F, 0xE0, 0x00, 0xB8, 0x00, 0x0B, 0xCB, 0x80, 0x02,
    0xF0, 0xB8, 0x00, 0x7D, 0x0B, 0x80, 0x0F, 0x80, 0xB8, 0x03, 0xE0, 0x0B, 0x80, 0xFC, 0x00, 0xB8,
    0x2F, 0x00, 0x0B, 0x87, 0xC0, 0x00, 0xB9, 0xFC, 0x00, 0x0B, 0xBF, 0xE0, 0x00, 0xBF, 0x8F, 0x40,
    0x0B, 0xE0, 0xBC, 0x00, 0xBC, 0x03, 0xE0, 0x0B, 0x80, 0x1F, 0x00, 0xB8, 0x00, 0xFC, 0x0B, 0x80,
    0x03, 0xD0, 0xB8, 0x00, 0x2F, 0x0B, 0x80, 0x00, 0xF8, 0xB8, 0x00, 0x07, 0xD0, 0xF8, 0x00, 0x00,
    0xF8, 0x00, 0x00, 0xF8, 0x00, 0x00, 0xF8, 0x00, 0x00, 0xF8, 0x00, 0x00, 0xF8, 0x00, 0x00, 0xF8,
    0x00, 0x00, 0xF8, 0x00, 0x00, 0xF8, 0x00, 0x00, 0xF8, 0x00, 0x00, 0xF8, 0x00, 0x00, 0xF8, 0x00,
    0x00, 0xF8, 0x00, 0x00, 0xF8, 0x00, 0x00, 0xF8, 0x00, 0x00, 0xF8, 0x00, 0x00, 0xF8, 0x00, 0x00,
    0xFF, 0xFF, 0xFD, 0xFF, 0xFF, 0xFD, 0x3F, 0x00, 0x0B, 0xD3, 0xF4, 0x00, 0xFD, 0x3F, 0xC0, 0x1F,
    0xD3, 0xFC, 0x03, 0xFD, 0x3D, 0xE0, 0x7A, 0xD3, 0xCF, 0x0B, 0x2D, 0x3C, 0xB4, 0xF2, 0xD3, 0xC3,
    0xDD, 0x2D, 0x3C, 0x3F, 0xC2, 0xD3, 0xC1, 0xF8, 0x2D, 0x3C, 0x0F, 0x02, 0xD3, 0xC0, 0xA0, 0x2D,
    0x3C, 0x01, 0x02, 0xD3, 0xC0, 0x00, 0x2D, 0x3C, 0x00, 0x02, 0xD3, 0xC0, 0x00, 0x2D, 0x3C, 0x00,
    0x02, 0xD3, 0xC0, 0x00, 0x2D, 0x3C, 0x00, 0x02, 0xD0, 0xFE, 0x00, 0x0F, 0x3F, 0xC0, 0x03, 0xCF,
    0xF4, 0x00, 0xF3, 0xEF, 0x00, 0x3C, 0xF7, 0xC0, 0x0F, 0x3C, 0xB8, 0x03, 0xCF, 0x0F, 0x00, 0xF3,
    0xC3, 0xD0, 0x3C, 0xF0, 0x7C, 0x0F, 0x3C, 0x0F, 0x03, 0xCF, 0x02, 0xE0, 0xF3, 0xC0, 0x3C, 0x3C,
    0xF0, 0x0F, 0x4F, 0x3C, 0x01, 0xF3, 0xCF, 0x00, 0x3C, 0xF3, 0xC0, 0x0B, 0xBC, 0xF0, 0x00, 0xFF,
    0x3C, 0x00, 0x3F, 0xCF, 0x00, 0x07, 0xF0, 0x00, 0x7F, 0xE0, 0x00, 0x3F, 0xFF, 0xD0, 0x0F, 0xD0,
    0x3F, 0x01, 0xF0, 0x00, 0xF8, 0x3D, 0x00, 0x07, 0xC3, 0xC0, 0x00, 0x3D, 0x7C, 0x00, 0x03, 0xD7,
    0xC0, 0x00, 0x3E, 0x7C, 0x00, 0x02, 0xE7, 0xC0, 0x00, 0x2E, 0x7C, 0x00, 0x02, 0xE7, 0xC0, 0x00,
    0x2E, 0x7C, 0x00, 0x03, 0xD3, 0xC0, 0x00, 0x3D, 0x3D, 0x00, 0x07, 0xC1, 0xF0, 0x00, 0xF8, 0x0F,
    0xD0, 0x3F, 0x00, 0x3F, 0xFF, 0xD0, 0x00, 0x7F, 0xE0, 0x00, 0xBF, 0xFF, 0xE0, 0x2F, 0xFF, 0xFF,
    0x4B, 0x80, 0x03, 0xF2, 0xE0, 0x00, 0x3D, 0xB8, 0x00, 0x0F, 0xAE, 0x00, 0x02, 0xEB, 0x80, 0x00,
    0xFA, 0xE0, 0x00, 0x3D, 0xB8, 0x00, 0x3F, 0x2F, 0xFF, 0xFF, 0x4B, 0xFF, 0xFE, 0x02, 0xE0, 0x00,
    0x00, 0xB8, 0x00, 0x00, 0x2E, 0x00, 0x00, 0x0B, 0x80, 0x00, 0x02, 0xE0, 0x00, 0x00, 0xB8, 0x00,
    0x00, 0x2E, 0x00, 0x00, 0x0B, 0x80, 0x00, 0x00, 0x00, 0x7F, 0xE0, 0x00, 0x3F, 0xFF, 0xD0, 0x0F,
    0xD0, 0x3F, 0x01, 0xF0, 0x00, 0xF8, 0x3D, 0x00, 0x07, 0xC3, 0xC0, 0x00, 0x3D, 0x7C, 0x00, 0x03,
    0xD7, 0xC0, 0x00, 0x3E, 0x7C, 0x00, 0x02, 0xE7, 0xC0, 0x00, 0x2E, 0x7C, 0x00, 0x02, 0xE7, 0xC0,
    0x00, 0x2E, 0x7C, 0x00, 0x03, 0xD3, 0xC0, 0x00, 0x3D, 0x3D, 0x00, 0x07, 0xC1, 0xF0, 0x00, 0xF8,
    0x0F, 0xD0, 0x3F, 0x00, 0x3F, 0xFF, 0xD0, 0x00, 0xBF, 0xE0, 0x00, 0x00, 0xF0, 0x00, 0x00, 0x0F,
    0x00, 0x00, 0x00, 0xBF, 0xF4, 0x00, 0x02, 0xFF, 0x40, 0xBF, 0xFF, 0xE0, 0x2F, 0xFF, 0xFF, 0x4B,
    0x80, 0x03, 0xF2, 0xE0, 0x00, 0x3D, 0xB8, 0x00, 0x0F, 0xAE, 0x00, 0x02, 0xEB, 0x80, 0x00, 0xFA,
    0xE0, 0x00, 0x3D, 0xB8, 0x00, 0x3F, 0x2F, 0xFF, 0xFF, 0x4B, 0xFF, 0xFE, 0x02, 0xE0, 0x3D, 0x00,
    0xB8, 0x07, 0xC0, 0x2E, 0x00, 0xF8, 0x0B, 0x80, 0x1F, 0x02, 0xE0, 0x02, 0xE0, 0xB8, 0x00, 0x3D,
    0x2E, 0x00, 0x0B, 0xCB, 0x80, 0x00, 0xF8, 0x00, 0xBF, 0xE4, 0x00, 0xBF, 0xFF, 0xF0, 0x1F, 0x80,
    0x1F, 0xC3, 0xE0, 0x00, 0x38, 0x3C, 0x00, 0x00, 0x03, 0xC0, 0x00, 0x00, 0x3E, 0x00, 0x00, 0x02,
    0xF8, 0x00, 0x00, 0x0F, 0xFE, 0x90, 0x00, 0x1F, 0xFF, 0xE0, 0x00, 0x05, 0xBF, 0x80, 0x00, 0x00,
    0xBD, 0x00, 0x00, 0x03, 0xD0, 0x00, 0x00, 0x2E, 0x10, 0x00, 0x03, 0xE7, 0xC0, 0x00, 0x3D, 0x3F,
    0x80, 0x2F, 0xC0, 0xFF, 0xFF, 0xF0, 0x01, 0xBF, 0xE4, 0x00, 0x7F, 0xFF, 0xFF, 0xFE, 0x7F, 0xFF,
    0xFF, 0xFE, 0x00, 0x03, 0xC0, 0x00, 0x00, 0x03, 0xC0, 0x00, 0x00, 0x03, 0xC0, 0x00, 0x00, 0x03,
    0xC0, 0x00, 0x00, 0x03, 0xC0, 0x00, 0x00, 0x03, 0xC0, 0x00, 0x00, 0x03, 0xC0, 0x00, 0x00, 0x03,
    0xC0, 0x00, 0x00, 0x03, 0xC0, 0x00, 0x00, 0x03, 0xC0, 0x00, 0x00, 0x03, 0xC0, 0x00, 0x00, 0x03,
    0xC0, 0x00, 0x00, 0x03, 0xC0, 0x00, 0x00, 0x03, 0xC0, 0x00, 0x00, 0x03, 0xC0, 0x00, 0x00, 0x03,
    0xC0, 0x00, 0x00, 0x03, 0xC0, 0x00, 0xF4, 0x00, 0x0F, 0x3D, 0x00, 0x03, 0xCF, 0x40, 0x00, 0xF3,
    0xD0, 0x00, 0x3C, 0xF4, 0x00, 0x0F, 0x3D, 0x00, 0x03, 0xCF, 0x40, 0x00, 0xF3, 0xD0, 0x00, 0x3C,
    0xF4, 0x00, 0x0F, 0x3D, 0x00, 0x03, 0xCF, 0x40, 0x00, 0xF3, 0xD0, 0x00, 0x3C, 0xF4, 0x00, 0x1F,
    0x2E, 0x00, 0x07, 0xCB, 0x80, 0x01, 0xF1, 0xF0, 0x00, 0xF8, 0x3F, 0x00, 0xBC, 0x07, 0xFF, 0xFD,
    0x00, 0x2F, 0xF9, 0x00, 0x3E, 0x00, 0x00, 0x3C, 0x2F, 0x00, 0x00, 0xBC, 0x1F, 0x00, 0x00, 0xF4,
    0x0F, 0x40, 0x00, 0xF0, 0x0B, 0x80, 0x01, 0xF0, 0x07, 0xC0, 0x02, 0xE0, 0x03, 0xC0, 0x03, 0xD0,
    0x03, 0xD0, 0x03, 0xC0, 0x02, 0xF0, 0x07, 0x80, 0x00, 0xF0, 0x0F, 0x40, 0x00, 0xF4, 0x0F, 0x00,
    0x00, 0xB8, 0x1F, 0x00, 0x00, 0x7C, 0x2E, 0x00, 0x00, 0x3C, 0x3D, 0x00, 0x00, 0x3D, 0x3C, 0x00,
    0x00, 0x1E, 0x78, 0x00, 0x00, 0x0F, 0xF4, 0x00, 0x00, 0x0F, 0xF0, 0x00, 0x00, 0x0B, 0xF0, 0x00,
    0x3C, 0x00, 0x00, 0x3C, 0x3C, 0x00, 0x00, 0x3C, 0x3C, 0x00, 0x00, 0x3C, 0x3C, 0x00, 0x00, 0x3C,
    0x2D, 0x00, 0x00, 0x3C, 0x2D, 0x07, 0xD0, 0x3C, 0x2D, 0x07, 0xE0, 0x38, 0x1E, 0x0B, 0xF0, 0x78,
    0x1E, 0x0F, 0xB0, 0x78, 0x1E, 0x0E, 0x74, 0x78, 0x0E, 0x1D, 0x38, 0x74, 0x0F, 0x2C, 0x3C, 0xB4,
    0x0F, 0x2C, 0x3C, 0xB4, 0x0F, 0x3C, 0x2C, 0xB0, 0x0F, 0x38, 0x1D, 0xF0, 0x0F, 0x74, 0x0E, 0xF0,
    0x0F, 0xF0, 0x0F, 0xF0, 0x0B, 0xF0, 0x0F, 0xF0, 0x0B, 0xF0, 0x0B, 0xF0, 0x2F, 0x00, 0x00, 0x7C,
    0x0F, 0x80, 0x00, 0xF4, 0x07, 0xC0, 0x02, 0xF0, 0x03, 0xE0, 0x07, 0xC0, 0x00, 0xF4, 0x0F, 0x80,
    0x00, 0xBC, 0x2F, 0x00, 0x00, 0x3E, 0x3D, 0x00, 0x00, 0x1F, 0xF8, 0x00, 0x00, 0x0B, 0xF0, 0x00,
    0x00, 0x07, 0xE0, 0x00, 0x00, 0x0F, 0xF4, 0x00, 0x00, 0x2F, 0xBC, 0x00, 0x00, 0x3C, 0x3D, 0x00,
    0x00, 0xF8, 0x1F, 0x00, 0x01, 0xF0, 0x0B, 0x80, 0x03, 0xD0, 0x03, 0xD0, 0x0B, 0xC0, 0x02, 0xF0,
    0x1F, 0x00, 0x00, 0xF8, 0x3E, 0x00, 0x00, 0x7C, 0x7D, 0x00, 0x00, 0x3D, 0x2F, 0x00, 0x00, 0xBC,
    0x0F, 0x40, 0x00, 0xF4, 0x0B, 0xC0, 0x03, 0xE0, 0x03, 0xE0, 0x07, 0xC0, 0x01, 0xF0, 0x0F, 0x80,
    0x00, 0xF8, 0x1F, 0x00, 0x00, 0x3C, 0x3D, 0x00, 0x00, 0x2F, 0xBC, 0x00, 0x00, 0x0F, 0xF0, 0x00,
    0x00, 0x07, 0xE0, 0x00, 0x00, 0x03, 0xC0, 0x00, 0x00, 0x03, 0xC0, 0x00, 0x00, 0x03, 0xC0, 0x00,
    0x00, 0x03, 0xC0, 0x00, 0x00, 0x03, 0xC0, 0x00, 0x00, 0x03, 0xC0, 0x00, 0x00, 0x03, 0xC0, 0x00,
    0x00, 0x03, 0xC0, 0x00, 0x7F, 0xFF, 0xFF, 0xD7, 0xFF, 0xFF, 0xFD, 0x00, 0x00, 0x07, 0xC0, 0x00,
    0x00, 0xF4, 0x00, 0x00, 0x3E, 0x00, 0x00, 0x0B, 0xC0, 0x00, 0x01, 0xF4, 0x00, 0x00, 0x3E, 0x00,
    0x00, 0x0B, 0xC0, 0x00, 0x01, 0xF0, 0x00, 0x00, 0x3D, 0x00, 0x00, 0x0F, 0x80, 0x00, 0x02, 0xF0,
    0x00, 0x00, 0x3D, 0x00, 0x00, 0x0F, 0x80, 0x00, 0x02, 0xF0, 0x00, 0x00, 0x7C, 0x00, 0x00, 0x0B,
    0xFF, 0xFF, 0xFF, 0xBF, 0xFF, 0xFF, 0xF0, 0xFF, 0xFE, 0xFF, 0xFE, 0xF0, 0x00, 0xF0, 0x00, 0xF0,
    0x00, 0xF0, 0x00, 0xF0, 0x00, 0xF0, 0x00, 0xF0, 0x00, 0xF0, 0x00, 0xF0, 0x00, 0xF0, 0x00, 0xF0,
    0x00, 0xF0, 0x00, 0xF0, 0x00, 0xF0, 0x00, 0xF0, 0x00, 0xF0, 0x00, 0xF0, 0x00, 0xF0, 0x00, 0xF0,
    0x00, 0xF0, 0x00, 0xF0, 0x00, 0xFF, 0xFE, 0xFF, 0xFE, 0x78, 0x00, 0x00, 0x3C, 0x00, 0x00, 0x2D,
    0x00, 0x00, 0x1E, 0x00, 0x00, 0x0F, 0x00, 0x00, 0x0B, 0x40, 0x00, 0x03, 0xC0, 0x00, 0x02, 0xC0,
    0x00, 0x01, 0xE0, 0x00, 0x00, 0xF0, 0x00, 0x00, 0xB4, 0x00, 0x00, 0x38, 0x00, 0x00, 0x3C, 0x00,
    0x00, 0x1D, 0x00, 0x00, 0x0F, 0x00, 0x00, 0x0B, 0x00, 0x00, 0x07, 0x80, 0x00, 0x03, 0xC0, 0x00,
    0x02, 0xD0, 0x00, 0x00, 0xE0, 0x00, 0x00, 0xF0, 0x00, 0x00, 0x74, 0x00, 0x00, 0x3C, 0x00, 0x00,
    0x2C, 0x00, 0x00, 0x1E, 0x7F, 0xFF, 0x1F, 0xFF, 0xC0, 0x00, 0xB0, 0x00, 0x2C, 0x00, 0x0B, 0x00,
    0x02, 0xC0, 0x00, 0xB0, 0x00, 0x2C, 0x00, 0x0B, 0x00, 0x02, 0xC0, 0x00, 0xB0, 0x00, 0x2C, 0x00,
    0x0B, 0x00, 0x02, 0xC0, 0x00, 0xB0, 0x00, 0x2C, 0x00, 0x0B, 0x00, 0x02, 0xC0, 0x00, 0xB0, 0x00,
    0x2C, 0x00, 0x0B, 0x00, 0x02, 0xC0, 0x00, 0xB1, 0xFF, 0xFC, 0x7F, 0xFF, 0x00, 0x00, 0x1F, 0x80,
    0x00, 0x03, 0xFC, 0x00, 0x00, 0x7A, 0xE0, 0x00, 0x0F, 0x0F, 0x00, 0x02, 0xE0, 0x7C, 0x00, 0x3C,
    0x03, 0xD0, 0x0B, 0x40, 0x1F, 0x01, 0xF0, 0x00, 0xF4, 0x3D, 0x00, 0x03, 0xC7, 0xC0, 0x00, 0x2E,
    0x70, 0x00, 0x00, 0xD0, 0x00, 0x00, 0x00, 0x7F, 0xFF, 0xFF, 0xE7, 0xFF, 0xFF, 0xFE, 0x00, 0x1D,
    0x07, 0xC0, 0xF4, 0x0F, 0x01, 0x80, 0x00, 0xBF, 0x90, 0x00, 0xBF, 0xFF, 0x80, 0x1F, 0x40, 0xBD,
    0x00, 0xC0, 0x02, 0xF0, 0x00, 0x00, 0x1F, 0x00, 0x00, 0x01, 0xF0, 0x02, 0xFF, 0xFF, 0x01, 0xFF,
    0xFF, 0xF0, 0x3F, 0x40, 0x1F, 0x03, 0xC0, 0x01, 0xF0, 0x3C, 0x00, 0x1F, 0x03, 0xE0, 0x0A, 0xF0,
    0x1F, 0xFF, 0xCB, 0xF0, 0x2F, 0xE0, 0x3F, 0x78, 0x00, 0x00, 0x1E, 0x00, 0x00, 0x07, 0x80, 0x00,
    0x01, 0xE0, 0x00, 0x00, 0x78, 0x00, 0x00, 0x1E, 0x00, 0x00, 0x07, 0x86, 0xFD, 0x01, 0xE7, 0xFF,
    0xE0, 0x7F, 0x40, 0xBE, 0x1F, 0x00, 0x07, 0xC7, 0x80, 0x00, 0xF5, 0xE0, 0x00, 0x3D, 0x78, 0x00,
    0x0B, 0x9E, 0x00, 0x02, 0xE7, 0x80, 0x00, 0xF5, 0xE0, 0x00, 0x3D, 0x7C, 0x00, 0x1F, 0x1F, 0xD0,
    0x2F, 0x87, 0x9F, 0xFF, 0x81, 0xE1, 0xBF, 0x40, 0x01, 0xBF, 0x80, 0x0B, 0xFF, 0xF4, 0x1F, 0x80,
    0xBC, 0x3D, 0x00, 0x1D, 0x7C, 0x00, 0x00, 0xB8, 0x00, 0x00, 0xB8, 0x00, 0x00, 0xB8, 0x00, 0x00,
    0xB8, 0x00, 0x00, 0x7C, 0x00, 0x00, 0x3D, 0x00, 0x0E, 0x1F, 0x80, 0x7D, 0x0B, 0xFF, 0xF8, 0x01,
    0xBF, 0x90, 0x00, 0x00, 0x0B, 0x80, 0x00, 0x02, 0xE0, 0x00, 0x00, 0xB8, 0x00, 0x00, 0x2E, 0x00,
    0x00, 0x0B, 0x80, 0x00, 0x02, 0xE0, 0x1F, 0xF4, 0xB8, 0x2F, 0xFF, 0xAE, 0x1F, 0x80, 0x7F, 0x8F,
    0x80, 0x03, 0xE3, 0xC0, 0x00, 0xB9, 0xF0, 0x00, 0x2E, 0x7C, 0x00, 0x0B, 0x9F, 0x00, 0x02, 0xE7,
    0xC0, 0x00, 0xB8, 0xF0, 0x00, 0x2E, 0x3E, 0x00, 0x0F, 0x87, 0xE0, 0x1F, 0xE0, 0xBF, 0xFE, 0xB8,
    0x07, 0xFD, 0x2E, 0x00, 0x7F, 0xE0, 0x00, 0x3F, 0xFF, 0xD0, 0x0F, 0xD0, 0x2F, 0x01, 0xF0, 0x00,
    0xB8, 0x3D, 0x00, 0x03, 0xC3, 0xC0, 0x00, 0x3D, 0x3F, 0xFF, 0xFF, 0xD3, 0xFF, 0xFF, 0xFD, 0x3C,
    0x00, 0x00, 0x03, 0xC0, 0x00, 0x00, 0x1F, 0x00, 0x03, 0x40, 0xFD, 0x01, 0xF8, 0x03, 0xFF, 0xFE,
    0x00, 0x07, 0xFE, 0x40, 0x00, 0x02, 0xFF, 0xE0, 0x00, 0xBF, 0xFE, 0x00, 0x0F, 0x00, 0x00, 0x00,
    0xF0, 0x00, 0x00, 0x0F, 0x00, 0x00, 0x00, 0xF0, 0x00, 0x3F, 0xFF, 0xFF, 0xE3, 0xFF, 0xFF, 0xFE,
    0x00, 0x0F, 0x00, 0x00, 0x00, 0xF0, 0x00, 0x00, 0x0F, 0x00, 0x00, 0x00, 0xF0, 0x00, 0x00, 0x0F,
    0x00, 0x00, 0x00, 0xF0, 0x00, 0x00, 0x0F, 0x00, 0x00, 0x00, 0xF0, 0x00, 0x00, 0x0F, 0x00, 0x00,
    0x00, 0xF0, 0x00, 0x3F, 0xFF, 0xFF, 0xC3, 0xFF, 0xFF, 0xFC, 0x00, 0x00, 0x0B, 0xF0, 0x00, 0x00,
    0x3F, 0xC0, 0x0B, 0xFE, 0xC0, 0x00, 0xFF, 0xFF, 0x40, 0x0F, 0xC0, 0x2F, 0x00, 0x3C, 0x00, 0x3D,
    0x01, 0xF0, 0x00, 0xF4, 0x07, 0xC0, 0x03, 0xD0, 0x0F, 0xC0, 0x2F, 0x00, 0x1F, 0xFF, 0xF0, 0x00,
    0x0F, 0xFE, 0x00, 0x01, 0xD0, 0x00, 0x00, 0x0F, 0x00, 0x00, 0x00, 0x3F, 0xFF, 0xF8, 0x00, 0x7F,
    0xFF, 0xFD, 0x02, 0x40, 0x00, 0xBC, 0x3C, 0x00, 0x00, 0xF0, 0xF0, 0x00, 0x03, 0xC3, 0xF0, 0x00,
    0x7E, 0x07, 0xFF, 0xFF, 0xF0, 0x02, 0xFF, 0xF9, 0x00, 0x7C, 0x00, 0x00, 0x7C, 0x00, 0x00, 0x7C,
    0x00, 0x00, 0x7C, 0x00, 0x00, 0x7C, 0x00, 0x00, 0x7C, 0x00, 0x00, 0x7C, 0x2F, 0xD0, 0x7D, 0xFF,
    0xF4, 0x7E, 0x40, 0xFC, 0x7C, 0x00, 0x3E, 0x7C, 0x00, 0x2E, 0x7C, 0x00, 0x1E, 0x7C, 0x00, 0x1E,
    0x7C, 0x00, 0x1E, 0x7C, 0x00, 0x1E, 0x7C, 0x00, 0x1E, 0x7C, 0x00, 0x1E, 0x7C, 0x00, 0x1E, 0x7C,
    0x00, 0x1E, 0x7C, 0x00, 0x1E, 0x00, 0x1F, 0x40, 0x00, 0x0B, 0xE0, 0x00, 0x01, 0xF4, 0x00, 0x00,
    0x00, 0x00, 0x00, 0x00, 0x00, 0x00, 0x00, 0x00, 0x03, 0xFF, 0xF0, 0x00, 0xFF, 0xFC, 0x00, 0x00,
    0x0F, 0x00, 0x00, 0x03, 0xC0, 0x00, 0x00, 0xF0, 0x00, 0x00, 0x3C, 0x00, 0x00, 0x0F, 0x00, 0x00,
    0x03, 0xC0, 0x00, 0x00, 0xF0, 0x00, 0x00, 0x3C, 0x00, 0x00, 0x0F, 0x00, 0x00, 0x03, 0xC0, 0x03,
    0xFF, 0xFF, 0xF8, 0xFF, 0xFF, 0xFE, 0x00, 0x02, 0xF0, 0x00, 0x0F, 0xD0, 0x00, 0x2F, 0x00, 0x00,
    0x00, 0x00, 0x00, 0x00, 0x00, 0x00, 0x07, 0xFF, 0xFE, 0x1F, 0xFF, 0xF8, 0x00, 0x02, 0xE0, 0x00,
    0x0B, 0x80, 0x00, 0x2E, 0x00, 0x00, 0xB8, 0x00, 0x02, 0xE0, 0x00, 0x0B, 0x80, 0x00, 0x2E, 0x00,
    0x00, 0xB8, 0x00, 0x02, 0xE0, 0x00, 0x0B, 0x80, 0x00, 0x2E, 0x00, 0x00, 0xB8, 0x00, 0x02, 0xE0,
    0x00, 0x0B, 0x80, 0x00, 0x2E, 0x1F, 0xFF, 0xF4, 0x7F, 0xFF, 0x40, 0x3C, 0x00, 0x00, 0x03, 0xC0,
    0x00, 0x00, 0x3C, 0x00, 0x00, 0x03, 0xC0, 0x00, 0x00, 0x3C, 0x00, 0x00, 0x03, 0xC0, 0x00, 0x00,
    0x3C, 0x00, 0x1F, 0x43, 0xC0, 0x07, 0xD0, 0x3C, 0x02, 0xF0, 0x03, 0xC0, 0xBC, 0x00, 0x3C, 0x2F,
    0x00, 0x03, 0xCB, 0xD0, 0x00, 0x3F, 0xFF, 0x00, 0x03, 0xF8, 0xF8, 0x00, 0x3D, 0x07, 0xD0, 0x03,
    0xC0, 0x2F, 0x00, 0x3C, 0x00, 0xFC, 0x03, 0xC0, 0x03, 0xE0, 0x3C, 0x00, 0x1F, 0x43, 0xC0, 0x00,
    0xBC, 0xFF, 0xFC, 0x00, 0x3F, 0xFF, 0x00, 0x00, 0x03, 0xC0, 0x00, 0x00, 0xF0, 0x00, 0x00, 0x3C,
    0x00, 0x00, 0x0F, 0x00, 0x00, 0x03, 0xC0, 0x00, 0x00, 0xF0, 0x00, 0x00, 0x3C, 0x00, 0x00, 0x0F,
    0x00, 0x00, 0x03, 0xC0, 0x00, 0x00, 0xF0, 0x00, 0x00, 0x3C, 0x00, 0x00, 0x0F, 0x00, 0x00, 0x03,
    0xC0, 0x00, 0x00, 0xF0, 0x00, 0x00, 0x3C, 0x00, 0x00, 0x0F, 0x00, 0x0F, 0xFF, 0xFF, 0xF3, 0xFF,
    0xFF, 0xFC, 0xB4, 0xF8, 0x2F, 0x8B, 0x7F, 0xD7, 0xFD, 0xB8, 0x1E, 0x83, 0xEB, 0x80, 0xF0, 0x1E,
    0xB4, 0x0F, 0x01, 0xEB, 0x40, 0xF0, 0x1E, 0xB4, 0x0F, 0x01, 0xEB, 0x40, 0xF0, 0x1E, 0xB4, 0x0F,
    0x01, 0xEB, 0x40, 0xF0, 0x1E, 0xB4, 0x0F, 0x01, 0xEB, 0x40, 0xF0, 0x1E, 0xB4, 0x0F, 0x01, 0xEB,
    0x40, 0xF0, 0x1E, 0x7C, 0x2F, 0xD0, 0x7D, 0xFF, 0xF4, 0x7E, 0x40, 0xFC, 0x7C, 0x00, 0x3E, 0x7C,
    0x00, 0x2E, 0x7C, 0x00, 0x1E, 0x7C, 0x00, 0x1E, 0x7C, 0x00, 0x1E, 0x7C, 0x00, 0x1E, 0x7C, 0x00,
    0x1E, 0x7C, 0x00, 0x1E, 0x7C, 0x00, 0x1E, 0x7C, 0x00, 0x1E, 0x7C, 0x00, 0x1E, 0x00, 0x7F, 0xE0,
    0x00, 0x3F, 0xFF, 0xD0, 0x0F, 0xD0, 0x2F, 0x02, 0xF0, 0x00, 0xB8, 0x3D, 0x00, 0x03, 0xC3, 0xC0,
    0x00, 0x3D, 0x3C, 0x00, 0x03, 0xD3, 0xC0, 0x00, 0x3D, 0x3C, 0x00, 0x03, 0xD3, 0xD0, 0x00, 0x3C,
    0x2F, 0x00, 0x0B, 0x80, 0xFD, 0x02, 0xF0, 0x03, 0xFF, 0xFD, 0x00, 0x07, 0xFE, 0x00, 0x78, 0x6F,
    0xD0, 0x1E, 0x7F, 0xFE, 0x07, 0xF4, 0x0B, 0xE1, 0xF0, 0x00, 0x7C, 0x78, 0x00, 0x0F, 0x5E, 0x00,
    0x03, 0xD7, 0x80, 0x00, 0xB9, 0xE0, 0x00, 0x2E, 0x78, 0x00, 0x0F, 0x5E, 0x00, 0x03, 0xD7, 0xC0,
    0x01, 0xF1, 0xFD, 0x02, 0xF8, 0x79, 0xFF, 0xF8, 0x1E, 0x1B, 0xF4, 0x07, 0x80, 0x00, 0x01, 0xE0,
    0x00, 0x00, 0x78, 0x00, 0x00, 0x1E, 0x00, 0x00, 0x07, 0x80, 0x00, 0x00, 0x01, 0xFF, 0x4B, 0x82,
    0xFF, 0xFA, 0xE1, 0xF8, 0x07, 0xF8, 0xF8, 0x00, 0x3E, 0x3C, 0x00, 0x0B, 0x9F, 0x00, 0x02, 0xE7,
    0xC0, 0x00, 0xB9, 0xF0, 0x00, 0x2E, 0x7C, 0x00, 0x0B, 0x8F, 0x00, 0x02, 0xE3, 0xE0, 0x00, 0xF8,
    0x7E, 0x01, 0xFE, 0x0B, 0xFF, 0xEB, 0x80, 0x7F, 0xD2, 0xE0, 0x00, 0x00, 0xB8, 0x00, 0x00, 0x2E,
    0x00, 0x00, 0x0B, 0x80, 0x00, 0x02, 0xE0, 0x00, 0x00, 0xB8, 0xFF, 0xF4, 0x2F, 0xCF, 0xFF, 0x5F,
    0xFC, 0x00, 0xF7, 0x40, 0x00, 0x0F, 0x80, 0x00, 0x00, 0xF8, 0x00, 0x00, 0x0F, 0x40, 0x00, 0x00,
    0xF4, 0x00, 0x00, 0x0F, 0x40, 0x00, 0x00, 0xF4, 0x00, 0x00, 0x0F, 0x40, 0x00, 0x00, 0xF4, 0x00,
    0x00, 0x0F, 0x40, 0x00, 0xFF, 0xFF, 0xFE, 0x0F, 0xFF, 0xFF, 0xE0, 0x00, 0xBF, 0xE4, 0x00, 0x7F,
    0xFF, 0xF0, 0x0F, 0x80, 0x1F, 0x81, 0xF0, 0x00, 0x10, 0x1F, 0x00, 0x00, 0x00, 0xFD, 0x40, 0x00,
    0x07, 0xFF, 0xF4, 0x00, 0x06, 0xFF, 0xF4, 0x00, 0x00, 0x1F, 0xC0, 0x00, 0x00, 0x3C, 0x18, 0x00,
    0x03, 0xC3, 0xF8, 0x01, 0xF8, 0x0B, 0xFF, 0xFF, 0x00, 0x0B, 0xFF, 0x40, 0x00, 0x3C, 0x00, 0x00,
    0x03, 0xC0, 0x00, 0x00, 0x3C, 0x00, 0x00, 0x03, 0xC0, 0x00, 0x00, 0x7C, 0x00, 0x0F, 0xFF, 0xFF,
    0xFC, 0xFF, 0xFF, 0xFF, 0xC0, 0x07, 0xC0, 0x00, 0x00, 0x7C, 0x00, 0x00, 0x07, 0xC0, 0x00, 0x00,
    0x7C, 0x00, 0x00, 0x07, 0xC0, 0x00, 0x00, 0x7C, 0x00, 0x00, 0x07, 0xC0, 0x00, 0x00, 0x7C, 0x00,
    0x00, 0x07, 0xC0, 0x00, 0x00, 0x3C, 0x00, 0x00, 0x03, 0xFF, 0xFC, 0x00, 0x0F, 0xFF, 0xC0, 0xB8,
    0x00, 0x2E, 0xB8, 0x00, 0x2E, 0xB8, 0x00, 0x2E, 0xB8, 0x00, 0x2E, 0xB8, 0x00, 0x2E, 0xB8, 0x00,
    0x2E, 0xB8, 0x00, 0x2E, 0xB8, 0x00, 0x2E, 0xB8, 0x00, 0x2E, 0x7C, 0x00, 0x2E, 0x7C, 0x00, 0x3E,
    0x3F, 0x41, 0xEE, 0x1F, 0xFF, 0x6E, 0x02, 0xFD, 0x2E, 0x3C, 0x00, 0x03, 0xD2, 0xD0, 0x00, 0x3C,
    0x1F, 0x00, 0x0B, 0x80, 0xF0, 0x00, 0xF0, 0x0B, 0x40, 0x0F, 0x00, 0x7C, 0x02, 0xE0, 0x03, 0xC0,
    0x3C, 0x00, 0x2D, 0x03, 0xC0, 0x00, 0xF0, 0xB4, 0x00, 0x0F, 0x0F, 0x00, 0x00, 0xB4, 0xE0, 0x00,
    0x03, 0xED, 0x00, 0x00, 0x3F, 0xC0, 0x00, 0x01, 0xF8, 0x00, 0x3C, 0x03, 0xD0, 0x2D, 0x3C, 0x07,
    0xE0, 0x2C, 0x3C, 0x0B, 0xF0, 0x3C, 0x2C, 0x0F, 0xB0, 0x3C, 0x2D, 0x0E, 0x70, 0x38, 0x1D, 0x0D,
    0x34, 0x38, 0x0E, 0x1C, 0x38, 0x74, 0x0E, 0x2C, 0x3C, 0x70, 0x0F, 0x2C, 0x2C, 0xB0, 0x0B, 0x38,
    0x1C, 0xB0, 0x0B, 0x74, 0x0D, 0xF0, 0x07, 0xB0, 0x0E, 0xE0, 0x07, 0xF0, 0x0F, 0xD0, 0x03, 0xF0,
    0x0B, 0xD0, 0x3E, 0x00, 0x07, 0xC0, 0xF4, 0x00, 0xF4, 0x07, 0xC0, 0x3E, 0x00, 0x2F, 0x0B, 0xC0,
    0x00, 0xF8, 0xF0, 0x00, 0x03, 0xFD, 0x00, 0x00, 0x1F, 0x80, 0x00, 0x02, 0xFC, 0x00, 0x00, 0x7F,
    0xE0, 0x00, 0x0F, 0x4F, 0x40, 0x03, 0xE0, 0xBC, 0x00, 0xBC, 0x03, 0xE0, 0x1F, 0x00, 0x0F, 0x43,
    0xD0, 0x00, 0x7C, 0x7C, 0x00, 0x02, 0xE3, 0xD0, 0x00, 0x3C, 0x2E, 0x00, 0x07, 0x80, 0xF0, 0x00,
    0xF4, 0x0B, 0x40, 0x0F, 0x00, 0x7C, 0x02, 0xD0, 0x03, 0xD0, 0x3C, 0x00, 0x1E, 0x07, 0x80, 0x00,
    0xF0, 0xF0, 0x00, 0x0B, 0x8F, 0x00, 0x00, 0x3E, 0xD0, 0x00, 0x03, 0xFC, 0x00, 0x00, 0x1F, 0x80,
    0x00, 0x00, 0xF0, 0x00, 0x00, 0x1F, 0x00, 0x00, 0x03, 0xD0, 0x00, 0x00, 0x7C, 0x00, 0x03, 0xFF,
    0x40, 0x00, 0x3F, 0xD0, 0x00, 0x00, 0x7F, 0xFF, 0xFE, 0x7F, 0xFF, 0xFE, 0x00, 0x00, 0x3D, 0x00,
    0x00, 0xF4, 0x00, 0x03, 0xE0, 0x00, 0x0F, 0x80, 0x00, 0x3E, 0x00, 0x00, 0xBC, 0x00, 0x02, 0xF0,
    0x00, 0x0B, 0xC0, 0x00, 0x2F, 0x00, 0x00, 0x7C, 0x00, 0x00, 0xBF, 0xFF, 0xFF, 0xBF, 0xFF, 0xFF,
    0x00, 0x2F, 0xFD, 0x00, 0xBF, 0xFD, 0x00, 0xB0, 0x00, 0x00, 0xB0, 0x00, 0x00, 0xB0, 0x00, 0x00,
    0x78, 0x00, 0x00, 0x3C, 0x00, 0x00, 0x0F, 0x00, 0x00, 0x07, 0x40, 0x00, 0x07, 0x80, 0x00, 0x1F,
    0x00, 0x3F, 0xF8, 0x00, 0x3F, 0xF8, 0x00, 0x00, 0x1F, 0x00, 0x00, 0x07, 0x40, 0x00, 0x07, 0x40,
    0x00, 0x0F, 0x00, 0x00, 0x2D, 0x00, 0x00, 0x3C, 0x00, 0x00, 0x74, 0x00, 0x00, 0xB0, 0x00, 0x00,
    0xB0, 0x00, 0x00, 0xB0, 0x00, 0x00, 0x7F, 0xFD, 0x00, 0x2F, 0xFD, 0xF3, 0xCF, 0x3C, 0xF3, 0xCF,
    0x3C, 0xF3, 0xCF, 0x3C, 0xF3, 0xCF, 0x3C, 0xF3, 0xCF, 0x3C, 0xF3, 0xCF, 0x3C, 0xF0, 0x3F, 0xFC,
    0x00, 0x3F, 0xFE, 0x00, 0x00, 0x0F, 0x00, 0x00, 0x0F, 0x00, 0x00, 0x0F, 0x00, 0x00, 0x1E, 0x00,
    0x00, 0x3C, 0x00, 0x00, 0xB4, 0x00, 0x00, 0xE0, 0x00, 0x01, 0xE0, 0x00, 0x00, 0xF8, 0x00, 0x00,
    0x2F, 0xFD, 0x00, 0x2F, 0xFD, 0x00, 0xF8, 0x00, 0x01, 0xE0, 0x00, 0x01, 0xE0, 0x00, 0x00, 0xF0,
    0x00, 0x00, 0x78, 0x00, 0x00, 0x2D, 0x00, 0x00, 0x0E, 0x00, 0x00, 0x0F, 0x00, 0x00, 0x0F, 0x00,
    0x00, 0x0F, 0x00, 0x3F, 0xFE, 0x00, 0x3F, 0xFC, 0x00, 0x07, 0xE0, 0x00, 0xE0, 0xFF, 0xC0, 0x0E,
    0x2D, 0x2F, 0x02, 0xD3, 0x80, 0xBC, 0x3C, 0x74, 0x03, 0xFF, 0x47, 0x00, 0x0B, 0xD0, 0x7E, 0x3F,
    0xCF, 0xF1, 0xF8, 0x00, 0x00, 0x00, 0x00, 0x60, 0x18, 0x0B, 0x02, 0xC0, 0xF0, 0x3C, 0x0F, 0x03,
    0xD0, 0xF4, 0x3D, 0x0F, 0x43, 0xD0, 0xA0, 0x00, 0x1C, 0x00, 0x00, 0x1C, 0x00, 0x00, 0x1C, 0x00,
    0x01, 0xFF, 0xD0, 0x0B, 0xFF, 0xF8, 0x2F, 0x5C, 0x7D, 0x3D, 0x1C, 0x1D, 0x7C, 0x1C, 0x00, 0xB8,
    0x1C, 0x00, 0xB8, 0x1C, 0x00, 0xB8, 0x1C, 0x00, 0xB8, 0x1C, 0x00, 0x7C, 0x1C, 0x00, 0x3D, 0x1C,
    0x0E, 0x2F, 0x5C, 0x7D, 0x0B, 0xFF, 0xF8, 0x01, 0xFF, 0xD0, 0x00, 0x1C, 0x00, 0x00, 0x1C, 0x00,
    0x00, 0x1C, 0x00, 0x00, 0x2F, 0xF8, 0x00, 0x2F, 0xFF, 0xF4, 0x0B, 0xE0, 0x1B, 0xD0, 0xF4, 0x00,
    0x2D, 0x1F, 0x00, 0x00, 0x01, 0xF0, 0x00, 0x00, 0x0F, 0x00, 0x00, 0x00, 0xF4, 0x00, 0x00, 0x0B,
    0x80, 0x00, 0x0B, 0xFF, 0xFF, 0x00, 0xBF, 0xFF, 0xF0, 0x00, 0x3D, 0x00, 0x00, 0x03, 0xD0, 0x00,
    0x00, 0x3C, 0x00, 0x00, 0x07, 0xC0, 0x00, 0x00, 0xF4, 0x00, 0x00, 0x3E, 0x00, 0x00, 0x03, 0xFF,
    0xFF, 0xFE, 0x3F, 0xFF, 0xFF, 0xE0, 0x10, 0x00, 0x04, 0x2D, 0x00, 0x03, 0xC7, 0xC0, 0x02, 0xD0,
    0xBB, 0xFE, 0xF0, 0x0F, 0xFF, 0xF4, 0x07, 0xD0, 0x7E, 0x03, 0xD0, 0x03, 0xC0, 0xF0, 0x00, 0xF4,
    0x7C, 0x00, 0x2E, 0x1F, 0x00, 0x0B, 0x87, 0xC0, 0x02, 0xE0, 0xF0, 0x00, 0xF4, 0x3D, 0x00, 0x3C,
    0x07, 0xD0, 0x7E, 0x00, 0xFF, 0xFF, 0x40, 0xBB, 0xFE, 0xF0, 0x7C, 0x00, 0x2D, 0x2D, 0x00, 0x03,
    0xC1, 0x00, 0x00, 0x40, 0x3D, 0x00, 0x00, 0x3D, 0x2F, 0x00, 0x00, 0xBC, 0x0F, 0x40, 0x00, 0xF4,
    0x0B, 0xC0, 0x02, 0xF0, 0x03, 0xD0, 0x03, 0xD0, 0x02, 0xF0, 0x0B, 0x80, 0x00, 0xF4, 0x0F, 0x00,
    0x00, 0x7C, 0x2E, 0x00, 0x00, 0x3D, 0x3C, 0x00, 0x00, 0x1F, 0xB8, 0x00, 0x0F, 0xFF, 0xFF, 0xF0,
    0x0F, 0xFF, 0xFF, 0xF0, 0x00, 0x03, 0xC0, 0x00, 0x00, 0x03, 0xC0, 0x00, 0x00, 0x03, 0xC0, 0x00,
    0x00, 0x03, 0xC0, 0x00, 0x00, 0x03, 0xC0, 0x00, 0x0F, 0xFF, 0xFF, 0xF0, 0x0F, 0xFF, 0xFF, 0xF0,
    0xF3, 0xCF, 0x3C, 0xF3, 0xCF, 0x3C, 0xF3, 0xC0, 0x00, 0x00, 0x00, 0x3C, 0xF3, 0xCF, 0x3C, 0xF3,
    0xCF, 0x3C, 0xF0, 0x01, 0xBF, 0x90, 0x02, 0xFF, 0xFF, 0x01, 0xF4, 0x07, 0x40, 0xF4, 0x00, 0x00,
    0x3D, 0x00, 0x00, 0x0B, 0xC0, 0x00, 0x00, 0xFE, 0x00, 0x00, 0x0F, 0xFE, 0x00, 0x0B, 0x6F, 0xF8,
    0x0F, 0x00, 0x6F, 0x8B, 0x40, 0x02, 0xF3, 0xD0, 0x00, 0x3C, 0xBC, 0x00, 0x0F, 0x0F, 0xD0, 0x0B,
    0x41, 0xFF, 0xDB, 0x40, 0x0B, 0xFF, 0x40, 0x00, 0x07, 0xF4, 0x00, 0x00, 0x2F, 0x00, 0x00, 0x03,
    0xC0, 0x00, 0x00, 0xF0, 0x0E, 0x01, 0xF8, 0x0B, 0xFF, 0xFC, 0x00, 0x6F, 0xF4, 0x00, 0xB8, 0x2F,
    0x3F, 0x0F, 0xCB, 0x82, 0xF0, 0x00, 0x2F, 0xF8, 0x00, 0x00, 0xB8, 0x02, 0xE0, 0x00, 0xB0, 0x00,
    0x0F, 0x00, 0x70, 0x00, 0x00, 0xE0, 0x38, 0x0B, 0xF0, 0x1C, 0x1C, 0x0F, 0x0B, 0x03, 0x8B, 0x07,
    0x40, 0xC0, 0xB3, 0xC3, 0xC0, 0x00, 0x2C, 0xE0, 0xF0, 0x00, 0x0B, 0x38, 0x3C, 0x00, 0x02, 0xCF,
    0x0F, 0x00, 0x00, 0xB2, 0xC1, 0xD0, 0x24, 0x2C, 0x70, 0x3C, 0x2D, 0x0E, 0x0E, 0x02, 0xFD, 0x07,
    0x01, 0xC0, 0x00, 0x03, 0x80, 0x2C, 0x00, 0x03, 0xC0, 0x02, 0xE0, 0x0B, 0x80, 0x00, 0x0B, 0xFE,
    0x00, 0x00, 0x0B, 0xF8, 0x02, 0xC0, 0xF0, 0x00, 0x07, 0x40, 0x00, 0x74, 0x00, 0x03, 0x40, 0xBF,
    0xF4, 0x3C, 0x03, 0x43, 0x40, 0x74, 0x38, 0x1F, 0x41, 0xFF, 0x7E, 0x00, 0x20, 0x02, 0x00, 0x7C,
    0x03, 0xC0, 0xBD, 0x07, 0xD0, 0xBD, 0x0B, 0xD0, 0xFD, 0x0B, 0xD0, 0x3D, 0x03, 0xE0, 0x0F, 0xD0,
    0xBD, 0x00, 0xBD, 0x0B, 0xD0, 0x0B, 0xD0, 0x7D, 0x00, 0x7C, 0x03, 0xC0, 0x02, 0x00, 0x20, 0x7F,
    0xFF, 0xFF, 0xC7, 0xFF, 0xFF, 0xFC, 0x00, 0x00, 0x03, 0xC0, 0x00, 0x00, 0x3C, 0x00, 0x00, 0x03,
    0xC0, 0x00, 0x00, 0x3C, 0x00, 0x00, 0x03, 0xC0, 0x00, 0x00, 0x00, 0xFF, 0xFF, 0x3F, 0xFF, 0xC0,
    0x06, 0xFD, 0x00, 0xB4, 0x1E, 0x07, 0x3F, 0x8E, 0x28, 0xD3, 0x1C, 0xD3, 0xF8, 0x72, 0x8D, 0x91,
    0xC7, 0x34, 0xCE, 0x0B, 0x41, 0xE0, 0x06, 0xFD, 0x00, 0xBF, 0xFF, 0xBF, 0xFF, 0x02, 0xFD, 0x01,
    0xE0, 0x78, 0x3C, 0x02, 0xC7, 0x80, 0x1E, 0x74, 0x00, 0xE7, 0x80, 0x1E, 0x3C, 0x02, 0xC1, 0xE0,
    0x78, 0x02, 0xFD, 0x00, 0x00, 0x05, 0x00, 0x00, 0x00, 0xF0, 0x00, 0x00, 0x0F, 0x00, 0x00, 0x00,
    0xF0, 0x00, 0x00, 0x0F, 0x00, 0x00, 0x00, 0xF0, 0x00, 0x7F, 0xFF, 0xFF, 0xE7, 0xFF, 0xFF, 0xFE,
    0x00, 0x0F, 0x00, 0x00, 0x00, 0xF0, 0x00, 0x00, 0x0F, 0x00, 0x00, 0x00, 0xF0, 0x00, 0x00, 0x0F,
    0x00, 0x00, 0x00, 0x00, 0x00, 0x00, 0x00, 0x00, 0x07, 0xFF, 0xFF, 0xFE, 0x7F, 0xFF, 0xFF, 0xE0,
    0x1F, 0xE0, 0x78, 0x3C, 0x10, 0x1D, 0x00, 0x1D, 0x00, 0x3C, 0x00, 0xB0, 0x02, 0xC0, 0x0F, 0x00,
    0x3C, 0x00, 0xBF, 0xFF, 0x1F, 0xF4, 0x34, 0x2C, 0x00, 0x1D, 0x00, 0x3C, 0x07, 0xF0, 0x00, 0x2C,
    0x00, 0x0E, 0x00, 0x1E, 0xB4, 0x3C, 0x2F, 0xE0, 0x00, 0x00, 0x38, 0x0B, 0x80, 0xF0, 0x2D, 0x02,
    0x80, 0x7C, 0x00, 0x2E, 0x7C, 0x00, 0x2E, 0x7C, 0x00, 0x2E, 0x7C, 0x00, 0x2E, 0x7C, 0x00, 0x2E,
    0x7C, 0x00, 0x2E, 0x7C, 0x00, 0x2E, 0x7C, 0x00, 0x2E, 0x7C, 0x00, 0x2E, 0x7C, 0x00, 0x2E, 0x7D,
    0x00, 0x3E, 0x7F, 0x41, 0xAE, 0x7F, 0xFF, 0x6E, 0x79, 0xFD, 0x2E, 0x7C, 0x00, 0x00, 0x7C, 0x00,
    0x00, 0x7C, 0x00, 0x00, 0x7C, 0x00, 0x00, 0x7C, 0x00, 0x00, 0x01, 0xBF, 0xFF, 0x82, 0xFF, 0xFF,
    0xE2, 0xFF, 0xF0, 0x78, 0xFF, 0xFC, 0x1E, 0xBF, 0xFF, 0x07, 0xAF, 0xFF, 0xC1, 0xEB, 0xFF, 0xF0,
    0x7A, 0xFF, 0xFC, 0x1E, 0x3F, 0xFF, 0x07, 0x8B, 0xFF, 0xC1, 0xE0, 0xBF, 0xF0, 0x78, 0x06, 0xFC,
    0x1E, 0x00, 0x0B, 0x07, 0x80, 0x02, 0xC1, 0xE0, 0x00, 0xB0, 0x78, 0x00, 0x2C, 0x1E, 0x00, 0x0B,
    0x07, 0x80, 0x02, 0xC1, 0xE0, 0x00, 0xB0, 0x78, 0x00, 0x2C, 0x1E, 0x00, 0x0B, 0x07, 0x80, 0x02,
    0xC1, 0xE0, 0x00, 0xB0, 0x78, 0x7E, 0x3F, 0xCF, 0xF1, 0xF8, 0x0B, 0x00, 0x38, 0x00, 0xAF, 0x00,
    0x2D, 0x39, 0xF0, 0x69, 0x00, 0x0B, 0xD0, 0x1E, 0x74, 0x00, 0x1D, 0x00, 0x07, 0x40, 0x01, 0xD0,
    0x00, 0x74, 0x00, 0x1D, 0x00, 0x07, 0x40, 0x01, 0xD0, 0x1F, 0xFF, 0xC0, 0x02, 0xFD, 0x00, 0xE0,
    0xB4, 0x3C, 0x03, 0xC3, 0x80, 0x2D, 0x38, 0x01, 0xD3, 0x80, 0x1D, 0x38, 0x02, 0xD3, 0xC0, 0x3C,
    0x0E, 0x0B, 0x40, 0x2F, 0xD0, 0x20, 0x02, 0x40, 0x03, 0xD0, 0x3E, 0x00, 0x0F, 0x80, 0xF8, 0x00,
    0x3F, 0x03, 0xF0, 0x00, 0xFC, 0x0F, 0xC0, 0x07, 0xC0, 0x7C, 0x00, 0xFC, 0x0F, 0xC0, 0x3F, 0x03,
    0xF0, 0x0F, 0x80, 0xF8, 0x03, 0xD0, 0x3E, 0x00, 0x20, 0x02, 0x40, 0x00, 0x0B, 0xD0, 0x00, 0x2D,
    0x39, 0xD0, 0x00, 0x3C, 0x01, 0xD0, 0x00, 0xB4, 0x01, 0xD0, 0x00, 0xF0, 0x01, 0xD0, 0x02, 0xD0,
    0x01, 0xD0, 0x03, 0x80, 0x01, 0xD0, 0x0B, 0x00, 0x01, 0xD0, 0x1E, 0x00, 0x3F, 0xFE, 0x00, 0x00,
    0x00, 0x00, 0x00, 0x00, 0x00, 0x00, 0x00, 0xF8, 0x00, 0x74, 0x02, 0xB8, 0x00, 0xF0, 0x07, 0x38,
    0x02, 0xD0, 0x0D, 0x38, 0x03, 0xC0, 0x28, 0x38, 0x0B, 0x40, 0x70, 0x38, 0x0F, 0x00, 0xBF, 0xFF,
    0x2C, 0x00, 0x00, 0x38, 0x38, 0x00, 0x00, 0x38, 0x0B, 0xD0, 0x00, 0x2D, 0x39, 0xD0, 0x00, 0x3C,
    0x01, 0xD0, 0x00, 0xB4, 0x01, 0xD0, 0x00, 0xF0, 0x01, 0xD0, 0x02, 0xD0, 0x01, 0xD0, 0x03, 0x80,
    0x01, 0xD0, 0x0B, 0x00, 0x01, 0xD0, 0x1E, 0x00, 0x3F, 0xFE, 0x00, 0x00, 0x00, 0x00, 0x00, 0x00,
    0x00, 0x00, 0x0F, 0xE0, 0x00, 0x74, 0x38, 0x3C, 0x00, 0xF0, 0x00, 0x2C, 0x02, 0xD0, 0x00, 0x3C,
    0x03, 0xC0, 0x00, 0x74, 0x0B, 0x40, 0x01, 0xD0, 0x0F, 0x00, 0x0B, 0x00, 0x2C, 0x00, 0x2C, 0x00,
    0x38, 0x00, 0x3F, 0xFE, 0x1F, 0xE0, 0x00, 0x2D, 0x28, 0x3C, 0x00, 0x3C, 0x00, 0x2C, 0x00, 0xB4,
    0x00, 0x38, 0x00, 0xF0, 0x03, 0xF0, 0x02, 0xD0, 0x00, 0x3C, 0x03, 0x80, 0x00, 0x1C, 0x0B, 0x00,
    0x38, 0x3C, 0x1E, 0x00, 0x1F, 0xE0, 0x00, 0x00, 0x00, 0x00, 0x00, 0x00, 0x00, 0x00, 0x00, 0xF8,
    0x00, 0x74, 0x02, 0xB8, 0x00, 0xF0, 0x07, 0x38, 0x02, 0xD0, 0x0D, 0x38, 0x03, 0xC0, 0x28, 0x38,
    0x0B, 0x40, 0x70, 0x38, 0x0F, 0x00, 0xBF, 0xFF, 0x2C, 0x00, 0x00, 0x38, 0x38, 0x00, 0x00, 0x38,
    0x00, 0x3F, 0x00, 0x00, 0x1F, 0xE0, 0x00, 0x07, 0xF8, 0x00, 0x00, 0xFC, 0x00, 0x00, 0x00, 0x00,
    0x00, 0x00, 0x00, 0x00, 0x00, 0x00, 0x00, 0x00, 0x7C, 0x00, 0x00, 0x1F, 0x00, 0x00, 0x0B, 0xC0,
    0x00, 0x7F, 0xE0, 0x00, 0x7D, 0x00, 0x00, 0x3C, 0x00, 0x00, 0x1F, 0x00, 0x00, 0x0B, 0xC0, 0x00,
    0xE1, 0xF0, 0x00, 0xB8, 0x3F, 0x40, 0xBC, 0x07, 0xFF, 0xFD, 0x00, 0x2F, 0xF8, 0x00, 0x00, 0x00,
    0x00, 0x00, 0x00, 0x1D, 0x00, 0x00, 0x00, 0x1F, 0x00, 0x00, 0x00, 0x0F, 0x40, 0x00, 0x00, 0x03,
    0xC0, 0x00, 0x00, 0x01, 0x80, 0x00, 0x00, 0x00, 0x00, 0x00, 0x00, 0x0B, 0xF0, 0x00, 0x00, 0x0F,
    0xF0, 0x00, 0x00, 0x0F, 0xF4, 0x00, 0x00, 0x1E, 0x78, 0x00, 0x00, 0x3D, 0x3C, 0x00, 0x00, 0x3C,
    0x3D, 0x00, 0x00, 0x7C, 0x2E, 0x00, 0x00, 0xB8, 0x1F, 0x00, 0x00, 0xF4, 0x0F, 0x00, 0x01, 0xF0,
    0x0F, 0x40, 0x02, 0xE0, 0x0B, 0xC0, 0x03, 0xD0, 0x07, 0xC0, 0x03, 0xFF, 0xFF, 0xD0, 0x07, 0xFF,
    0xFF, 0xE0, 0x0F, 0x80, 0x01, 0xF0, 0x0F, 0x40, 0x00, 0xF4, 0x1F, 0x00, 0x00, 0xF8, 0x2E, 0x00,
    0x00, 0x7C, 0x3D, 0x00, 0x00, 0x3C, 0x00, 0x00, 0x00, 0x00, 0x00, 0x00, 0x38, 0x00, 0x00, 0x00,
    0xB8, 0x00, 0x00, 0x00, 0xF0, 0x00, 0x00, 0x02, 0xD0, 0x00, 0x00, 0x02, 0x80, 0x00, 0x00, 0x00,
    0x00, 0x00, 0x00, 0x0B, 0xF0, 0x00, 0x00, 0x0F, 0xF0, 0x00, 0x00, 0x0F, 0xF4, 0x00, 0x00, 0x1E,
    0x78, 0x00, 0x00, 0x3D, 0x3C, 0x00, 0x00, 0x3C, 0x3D, 0x00, 0x00, 0x7C, 0x2E, 0x00, 0x00, 0xB8,
    0x1F, 0x00, 0x00, 0xF4, 0x0F, 0x00, 0x01, 0xF0, 0x0F, 0x40, 0x02, 0xE0, 0x0B, 0xC0, 0x03, 0xD0,
    0x07, 0xC0, 0x03, 0xFF, 0xFF, 0xD0, 0x07, 0xFF, 0xFF, 0xE0, 0x0F, 0x80, 0x01, 0xF0, 0x0F, 0x40,
    0x00, 0xF4, 0x1F, 0x00, 0x00, 0xF8, 0x2E, 0x00, 0x00, 0x7C, 0x3D, 0x00, 0x00, 0x3C, 0x00, 0x0B,
    0xF0, 0x00, 0x00, 0x1F, 0xF8, 0x00, 0x00, 0x3D, 0x3D, 0x00, 0x00, 0xF4, 0x0F, 0x00, 0x00, 0x90,
    0x07, 0x00, 0x00, 0x00, 0x00, 0x00, 0x00, 0x00, 0x00, 0x00, 0x00, 0x0B, 0xF0, 0x00, 0x00, 0x0F,
    0xF0, 0x00, 0x00, 0x0F, 0xF4, 0x00, 0x00, 0x1E, 0x78, 0x00, 0x00, 0x3D, 0x3C, 0x00, 0x00, 0x3C,
    0x3D, 0x00, 0x00, 0x7C, 0x2E, 0x00, 0x00, 0xB8, 0x1F, 0x00, 0x00, 0xF4, 0x0F, 0x00, 0x01, 0xF0,
    0x0F, 0x40, 0x02, 0xE0, 0x0B, 0xC0, 0x03, 0xD0, 0x07, 0xC0, 0x03, 0xFF, 0xFF, 0xD0, 0x07, 0xFF,
    0xFF, 0xE0, 0x0F, 0x80, 0x01, 0xF0, 0x0F, 0x40, 0x00, 0xF4, 0x1F, 0x00, 0x00, 0xF8, 0x2E, 0x00,
    0x00, 0x7C, 0x3D, 0x00, 0x00, 0x3C, 0x00, 0x7E, 0x42, 0x00, 0x00, 0xFF, 0xFF, 0x40, 0x00, 0x81,
    0xBE, 0x00, 0x00, 0x00, 0x00, 0x00, 0x00, 0x00, 0x00, 0x00, 0x00, 0x0B, 0xF0, 0x00, 0x00, 0x0F,
    0xF0, 0x00, 0x00, 0x0F, 0xF4, 0x00, 0x00, 0x1E, 0x78, 0x00, 0x00, 0x3D, 0x3C, 0x00, 0x00, 0x3C,
    0x3D, 0x00, 0x00, 0x7C, 0x2E, 0x00, 0x00, 0xB8, 0x1F, 0x00, 0x00, 0xF4, 0x0F, 0x00, 0x01, 0xF0,
    0x0F, 0x40, 0x02, 0xE0, 0x0B, 0xC0, 0x03, 0xD0, 0x07, 0xC0, 0x03, 0xFF, 0xFF, 0xD0, 0x07, 0xFF,
    0xFF, 0xE0, 0x0F, 0x80, 0x01, 0xF0, 0x0F, 0x40, 0x00, 0xF4, 0x1F, 0x00, 0x00, 0xF8, 0x2E, 0x00,
    0x00, 0x7C, 0x3D, 0x00, 0x00, 0x3C, 0x00, 0xB8, 0x2F, 0x00, 0x00, 0xFC, 0x3F, 0x00, 0x00, 0xB8,
    0x2F, 0x00, 0x00, 0x00, 0x00, 0x00, 0x00, 0x00, 0x00, 0x00, 0x00, 0x0B, 0xF0, 0x00, 0x00, 0x0F,
    0xF0, 0x00, 0x00, 0x0F, 0xF4, 0x00, 0x00, 0x1E, 0x78, 0x00, 0x00, 0x3D, 0x3C, 0x00, 0x00, 0x3C,
    0x3D, 0x00, 0x00, 0x7C, 0x2E, 0x00, 0x00, 0xB8, 0x1F, 0x00, 0x00, 0xF4, 0x0F, 0x00, 0x01, 0xF0,
    0x0F, 0x40, 0x02, 0xE0, 0x0B, 0xC0, 0x03, 0xD0, 0x07, 0xC0, 0x03, 0xFF, 0xFF, 0xD0, 0x07, 0xFF,
    0xFF, 0xE0, 0x0F, 0x80, 0x01, 0xF0, 0x0F, 0x40, 0x00, 0xF4, 0x1F, 0x00, 0x00, 0xF8, 0x2E, 0x00,
    0x00, 0x7C, 0x3D, 0x00, 0x00, 0x3C, 0x00, 0x0B, 0xE0, 0x00, 0x00, 0x2C, 0x2C, 0x00, 0x00, 0x38,
    0x1C, 0x00, 0x00, 0x38, 0x1C, 0x00, 0x00, 0x2C, 0x2C, 0x00, 0x00, 0x0B, 0xE0, 0x00, 0x00, 0x00,
    0x00, 0x00, 0x00, 0x0B, 0xF0, 0x00, 0x00, 0x0F, 0xF0, 0x00, 0x00, 0x0F, 0xF4, 0x00, 0x00, 0x1E,
    0x78, 0x00, 0x00, 0x3D, 0x3C, 0x00, 0x00, 0x3C, 0x3D, 0x00, 0x00, 0x7C, 0x2E, 0x00, 0x00, 0xB8,
    0x1F, 0x00, 0x00, 0xF4, 0x0F, 0x00, 0x01, 0xF0, 0x0F, 0x40, 0x02, 0xE0, 0x0B, 0xC0, 0x03, 0xD0,
    0x07, 0xC0, 0x03, 0xFF, 0xFF, 0xD0, 0x07, 0xFF, 0xFF, 0xE0, 0x0F, 0x80, 0x01, 0xF0, 0x0F, 0x40,
    0x00, 0xF4, 0x1F, 0x00, 0x00, 0xF8, 0x2E, 0x00, 0x00, 0x7C, 0x3D, 0x00, 0x00, 0x3C, 0x00, 0x0F,
    0xFF, 0xFC, 0x00, 0x1F, 0xFF, 0xFC, 0x00, 0x2D, 0xB8, 0x00, 0x00, 0x3C, 0xB8, 0x00, 0x00, 0x3C,
    0xB8, 0x00, 0x00, 0xB8, 0xB8, 0x00, 0x00, 0xF4, 0xB8, 0x00, 0x00, 0xF0, 0xB8, 0x00, 0x01, 0xF0,
    0xBF, 0xFC, 0x02, 0xD0, 0xBF, 0xFC, 0x03, 0xC0, 0xB8, 0x00, 0x07, 0xC0, 0xB8, 0x00, 0x0B, 0xFF,
    0xF8, 0x00, 0x0F, 0xFF, 0xF8, 0x00, 0x0F, 0x00, 0xB8, 0x00, 0x1F, 0x00, 0xB8, 0x00, 0x2E, 0x00,
    0xB8, 0x00, 0x3D, 0x00, 0xBF, 0xFC, 0x7C, 0x00, 0xBF, 0xFC, 0x00, 0x2F, 0xF4, 0x00, 0x2F, 0xFF,
    0xE0, 0x07, 0xE0, 0x1F, 0x80, 0xF8, 0x00, 0x7C, 0x1F, 0x00, 0x02, 0x82, 0xE0, 0x00, 0x00, 0x3D,
    0x00, 0x00, 0x03, 0xD0, 0x00, 0x00, 0x3D, 0x00, 0x00, 0x03, 0xD0, 0x00, 0x00, 0x3D, 0x00, 0x00,
    0x03, 0xD0, 0x00, 0x00, 0x3D, 0x00, 0x00, 0x02, 0xE0, 0x00, 0x00, 0x1F, 0x00, 0x02, 0x80, 0xF8,
    0x00, 0x7C, 0x07, 0xE0, 0x1F, 0x80, 0x2F, 0xFF, 0xE0, 0x00, 0x2F, 0xF4, 0x00, 0x00, 0xB0, 0x00,
    0x00, 0x0B, 0xF0, 0x00, 0x00, 0x0B, 0x80, 0x00, 0x14, 0x74, 0x00, 0x02, 0xFE, 0x00, 0x00, 0x00,
    0x00, 0x00, 0x78, 0x00, 0x00, 0x1F, 0x00, 0x00, 0x02, 0xE0, 0x00, 0x00, 0x3C, 0x00, 0x00, 0x07,
    0x00, 0x00, 0x00, 0x00, 0x02, 0xFF, 0xFF, 0xFC, 0xBF, 0xFF, 0xFF, 0x2E, 0x00, 0x00, 0x0B, 0x80,
    0x00, 0x02, 0xE0, 0x00, 0x00, 0xB8, 0x00, 0x00, 0x2E, 0x00, 0x00, 0x0B, 0x80, 0x00, 0x02, 0xFF,
    0xFF, 0xF8, 0xBF, 0xFF, 0xFE, 0x2E, 0x00, 0x00, 0x0B, 0x80, 0x00, 0x02, 0xE0, 0x00, 0x00, 0xB8,
    0x00, 0x00, 0x2E, 0x00, 0x00, 0x0B, 0x80, 0x00, 0x02, 0xE0, 0x00, 0x00, 0xBF, 0xFF, 0xFF, 0x2F,
    0xFF, 0xFF, 0xC0, 0x00, 0x00, 0x00, 0x00, 0x00, 0xE0, 0x00, 0x00, 0xBC, 0x00, 0x00, 0x3C, 0x00,
    0x00, 0x2D, 0x00, 0x00, 0x0A, 0x00, 0x00, 0x00, 0x00, 0x02, 0xFF, 0xFF, 0xFC, 0xBF, 0xFF, 0xFF,
    0x2E, 0x00, 0x00, 0x0B, 0x80, 0x00, 0x02, 0xE0, 0x00, 0x00, 0xB8, 0x00, 0x00, 0x2E, 0x00, 0x00,
    0x0B, 0x80, 0x00, 0x02, 0xFF, 0xFF, 0xF8, 0xBF, 0xFF, 0xFE, 0x2E, 0x00, 0x00, 0x0B, 0x80, 0x00,
    0x02, 0xE0, 0x00, 0x00, 0xB8, 0x00, 0x00, 0x2E, 0x00, 0x00, 0x0B, 0x80, 0x00, 0x02, 0xE0, 0x00,
    0x00, 0xBF, 0xFF, 0xFF, 0x2F, 0xFF, 0xFF, 0xC0, 0x00, 0x7F, 0x00, 0x00, 0x3F, 0xE0, 0x00, 0x3D,
    0x3D, 0x00, 0x2D, 0x03, 0xC0, 0x0A, 0x00, 0x30, 0x00, 0x00, 0x00, 0x00, 0x00, 0x00, 0x02, 0xFF,
    0xFF, 0xFC, 0xBF, 0xFF, 0xFF, 0x2E, 0x00, 0x00, 0x0B, 0x80, 0x00, 0x02, 0xE0, 0x00, 0x00, 0xB8,
    0x00, 0x00, 0x2E, 0x00, 0x00, 0x0B, 0x80, 0x00, 0x02, 0xFF, 0xFF, 0xF8, 0xBF, 0xFF, 0xFE, 0x2E,
    0x00, 0x00, 0x0B, 0x80, 0x00, 0x02, 0xE0, 0x00, 0x00, 0xB8, 0x00, 0x00, 0x2E, 0x00, 0x00, 0x0B,
    0x80, 0x00, 0x02, 0xE0, 0x00, 0x00, 0xBF, 0xFF, 0xFF, 0x2F, 0xFF, 0xFF, 0xC0, 0x07, 0xC1, 0xF0,
    0x03, 0xF0, 0xFD, 0x00, 0x7C, 0x1F, 0x00, 0x00, 0x00, 0x00, 0x00, 0x00, 0x00, 0x2F, 0xFF, 0xFF,
    0xCB, 0xFF, 0xFF, 0xF2, 0xE0, 0x00, 0x00, 0xB8, 0x00, 0x00, 0x2E, 0x00, 0x00, 0x0B, 0x80, 0x00,
    0x02, 0xE0, 0x00, 0x00, 0xB8, 0x00, 0x00, 0x2F, 0xFF, 0xFF, 0x8B, 0xFF, 0xFF, 0xE2, 0xE0, 0x00,
    0x00, 0xB8, 0x00, 0x00, 0x2E, 0x00, 0x00, 0x0B, 0x80, 0x00, 0x02, 0xE0, 0x00, 0x00, 0xB8, 0x00,
    0x00, 0x2E, 0x00, 0x00, 0x0B, 0xFF, 0xFF, 0xF2, 0xFF, 0xFF, 0xFC, 0x00, 0x00, 0x00, 0x01, 0xD0,
    0x00, 0x01, 0xF0, 0x00, 0x00, 0xF4, 0x00, 0x00, 0x3C, 0x00, 0x00, 0x18, 0x00, 0x00, 0x00, 0x00,
    0xBF, 0xFF, 0xFF, 0xBF, 0xFF, 0xFF, 0x00, 0x3C, 0x00, 0x00, 0x3C, 0x00, 0x00, 0x3C, 0x00, 0x00,
    0x3C, 0x00, 0x00, 0x3C, 0x00, 0x00, 0x3C, 0x00, 0x00, 0x3C, 0x00, 0x00, 0x3C, 0x00, 0x00, 0x3C,
    0x00, 0x00, 0x3C, 0x00, 0x00, 0x3C, 0x00, 0x00, 0x3C, 0x00, 0x00, 0x3C, 0x00, 0x00, 0x3C, 0x00,
    0x00, 0x3C, 0x00, 0xBF, 0xFF, 0xFF, 0xBF, 0xFF, 0xFF, 0x00, 0x00, 0x00, 0x00, 0x03, 0x80, 0x00,
    0x0B, 0x80, 0x00, 0x0F, 0x00, 0x00, 0x2D, 0x00, 0x00, 0x28, 0x00, 0x00, 0x00, 0x00, 0xBF, 0xFF,
    0xFF, 0xBF, 0xFF, 0xFF, 0x00, 0x3C, 0x00, 0x00, 0x3C, 0x00, 0x00, 0x3C, 0x00, 0x00, 0x3C, 0x00,
    0x00, 0x3C, 0x00, 0x00, 0x3C, 0x00, 0x00, 0x3C, 0x00, 0x00, 0x3C, 0x00, 0x00, 0x3C, 0x00, 0x00,
    0x3C, 0x00, 0x00, 0x3C, 0x00, 0x00, 0x3C, 0x00, 0x00, 0x3C, 0x00, 0x00, 0x3C, 0x00, 0x00, 0x3C,
    0x00, 0xBF, 0xFF, 0xFF, 0xBF, 0xFF, 0xFF, 0x00, 0xBF, 0x00, 0x01, 0xFF, 0x80, 0x03, 0xD3, 0xD0,
    0x0F, 0x40, 0xF0, 0x09, 0x00, 0x70, 0x00, 0x00, 0x00, 0x00, 0x00, 0x00, 0xBF, 0xFF, 0xFF, 0xBF,
    0xFF, 0xFF, 0x00, 0x3C, 0x00, 0x00, 0x3C, 0x00, 0x00, 0x3C, 0x00, 0x00, 0x3C, 0x00, 0x00, 0x3C,
    0x00, 0x00, 0x3C, 0x00, 0x00, 0x3C, 0x00, 0x00, 0x3C, 0x00, 0x00, 0x3C, 0x00, 0x00, 0x3C, 0x00,
    0x00, 0x3C, 0x00, 0x00, 0x3C, 0x00, 0x00, 0x3C, 0x00, 0x00, 0x3C, 0x00, 0x00, 0x3C, 0x00, 0xBF,
    0xFF, 0xFF, 0xBF, 0xFF, 0xFF, 0x0B, 0x82, 0xF0, 0x0F, 0xC3, 0xF0, 0x0B, 0x82, 0xF0, 0x00, 0x00,
    0x00, 0x00, 0x00, 0x00, 0xBF, 0xFF, 0xFF, 0xBF, 0xFF, 0xFF, 0x00, 0x3C, 0x00, 0x00, 0x3C, 0x00,
    0x00, 0x3C, 0x00, 0x00, 0x3C, 0x00, 0x00, 0x3C, 0x00, 0x00, 0x3C, 0x00, 0x00, 0x3C, 0x00, 0x00,
    0x3C, 0x00, 0x00, 0x3C, 0x00, 0x00, 0x3C, 0x00, 0x00, 0x3C, 0x00, 0x00, 0x3C, 0x00, 0x00, 0x3C,
    0x00, 0x00, 0x3C, 0x00, 0x00, 0x3C, 0x00, 0xBF, 0xFF, 0xFF, 0xBF, 0xFF, 0xFF, 0x07, 0xFF, 0xF8,
    0x00, 0x1F, 0xFF, 0xFC, 0x00, 0x7C, 0x01, 0xFC, 0x01, 0xF0, 0x00, 0xF8, 0x07, 0xC0, 0x01, 0xF0,
    0x1F, 0x00, 0x03, 0xD0, 0x7C, 0x00, 0x0F, 0x41, 0xF0, 0x00, 0x3E, 0x7F, 0xFF, 0xC0, 0xB9, 0xFF,
    0xFF, 0x02, 0xE0, 0x7C, 0x00, 0x0B, 0x81, 0xF0, 0x00, 0x3E, 0x07, 0xC0, 0x00, 0xF4, 0x1F, 0x00,
    0x03, 0xD0, 0x7C, 0x00, 0x1F, 0x01, 0xF0, 0x00, 0xF8, 0x07, 0xC0, 0x1F, 0xC0, 0x1F, 0xFF, 0xFC,
    0x00, 0x7F, 0xFF, 0x80, 0x00, 0x07, 0xE4, 0x20, 0x03, 0xFF, 0xFD, 0x00, 0x81, 0xBE, 0x00, 0x00,
    0x00, 0x00, 0x00, 0x00, 0x00, 0x3F, 0x80, 0x03, 0xCF, 0xF0, 0x00, 0xF3, 0xFD, 0x00, 0x3C, 0xFB,
    0xC0, 0x0F, 0x3D, 0xF0, 0x03, 0xCF, 0x2E, 0x00, 0xF3, 0xC3, 0xC0, 0x3C, 0xF0, 0xF4, 0x0F, 0x3C,
    0x1F, 0x03, 0xCF, 0x03, 0xC0, 0xF3, 0xC0, 0xB8, 0x3C, 0xF0, 0x0F, 0x0F, 0x3C, 0x03, 0xD3, 0xCF,
    0x00, 0x7C, 0xF3, 0xC0, 0x0F, 0x3C, 0xF0, 0x02, 0xEF, 0x3C, 0x00, 0x3F, 0xCF, 0x00, 0x0F, 0xF3,
    0xC0, 0x01, 0xFC, 0x00, 0x00, 0x00, 0x00, 0x07, 0x40, 0x00, 0x00, 0x7C, 0x00, 0x00, 0x03, 0xD0,
    0x00, 0x00, 0x0F, 0x00, 0x00, 0x00, 0x60, 0x00, 0x00, 0x00, 0x00, 0x00, 0x07, 0xFE, 0x00, 0x03,
    0xFF, 0xFD, 0x00, 0xFD, 0x03, 0xF0, 0x1F, 0x00, 0x0F, 0x83, 0xD0, 0x00, 0x7C, 0x3C, 0x00, 0x03,
    0xD7, 0xC0, 0x00, 0x3D, 0x7C, 0x00, 0x03, 0xE7, 0xC0, 0x00, 0x2E, 0x7C, 0x00, 0x02, 0xE7, 0xC0,
    0x00, 0x2E, 0x7C, 0x00, 0x02, 0xE7, 0xC0, 0x00, 0x3D, 0x3C, 0x00, 0x03, 0xD3, 0xD0, 0x00, 0x7C,
    0x1F, 0x00, 0x0F, 0x80, 0xFD, 0x03, 0xF0, 0x03, 0xFF, 0xFD, 0x00, 0x07, 0xFE, 0x00, 0x00, 0x00,
    0x00, 0x00, 0x00, 0x0E, 0x00, 0x00, 0x02, 0xE0, 0x00, 0x00, 0x3C, 0x00, 0x00, 0x0B, 0x40, 0x00,
    0x00, 0xA0, 0x00, 0x00, 0x00, 0x00, 0x00, 0x07, 0xFE, 0x00, 0x03, 0xFF, 0xFD, 0x00, 0xFD, 0x03,
    0xF0, 0x1F, 0x00, 0x0F, 0x83, 0xD0, 0x00, 0x7C, 0x3C, 0x00, 0x03, 0xD7, 0xC0, 0x00, 0x3D, 0x7C,
    0x00, 0x03, 0xE7, 0xC0, 0x00, 0x2E, 0x7C, 0x00, 0x02, 0xE7, 0xC0, 0x00, 0x2E, 0x7C, 0x00, 0x02,
    0xE7, 0xC0, 0x00, 0x3D, 0x3C, 0x00, 0x03, 0xD3, 0xD0, 0x00, 0x7C, 0x1F, 0x00, 0x0F, 0x80, 0xFD,
    0x03, 0xF0, 0x03, 0xFF, 0xFD, 0x00, 0x07, 0xFE, 0x00, 0x00, 0x2F, 0xC0, 0x00, 0x07, 0xFE, 0x00,
    0x00, 0xF4, 0xF4, 0x00, 0x3D, 0x03, 0xC0, 0x02, 0x40, 0x1C, 0x00, 0x00, 0x00, 0x00, 0x00, 0x00,
    0x00, 0x00, 0x07, 0xFE, 0x00, 0x03, 0xFF, 0xFD, 0x00, 0xFD, 0x03, 0xF0, 0x1F, 0x00, 0x0F, 0x83,
    0xD0, 0x00, 0x7C, 0x3C, 0x00, 0x03, 0xD7, 0xC0, 0x00, 0x3D, 0x7C, 0x00, 0x03, 0xE7, 0xC0, 0x00,
    0x2E, 0x7C, 0x00, 0x02, 0xE7, 0xC0, 0x00, 0x2E, 0x7C, 0x00, 0x02, 0xE7, 0xC0, 0x00, 0x3D, 0x3C,
    0x00, 0x03, 0xD3, 0xD0, 0x00, 0x7C, 0x1F, 0x00, 0x0F, 0x80, 0xFD, 0x03, 0xF0, 0x03, 0xFF, 0xFD,
    0x00, 0x07, 0xFE, 0x00, 0x01, 0xF9, 0x08, 0x00, 0x3F, 0xFF, 0xD0, 0x02, 0x06, 0xF8, 0x00, 0x00,
    0x00, 0x00, 0x00, 0x00, 0x00, 0x00, 0x07, 0xFE, 0x00, 0x03, 0xFF, 0xFD, 0x00, 0xFD, 0x03, 0xF0,
    0x1F, 0x00, 0x0F, 0x83, 0xD0, 0x00, 0x7C, 0x3C, 0x00, 0x03, 0xD7, 0xC0, 0x00, 0x3D, 0x7C, 0x00,
    0x03, 0xE7, 0xC0, 0x00, 0x2E, 0x7C, 0x00, 0x02, 0xE7, 0xC0, 0x00, 0x2E, 0x7C, 0x00, 0x02, 0xE7,
    0xC0, 0x00, 0x3D, 0x3C, 0x00, 0x03, 0xD3, 0xD0, 0x00, 0x7C, 0x1F, 0x00, 0x0F, 0x80, 0xFD, 0x03,
    0xF0, 0x03, 0xFF, 0xFD, 0x00, 0x07, 0xFE, 0x00, 0x02, 0xE0, 0xBC, 0x00, 0x3F, 0x0F, 0xC0, 0x02,
    0xE0, 0xBC, 0x00, 0x00, 0x00, 0x00, 0x00, 0x00, 0x00, 0x00, 0x07, 0xFE, 0x00, 0x03, 0xFF, 0xFD,
    0x00, 0xFD, 0x03, 0xF0, 0x1F, 0x00, 0x0F, 0x83, 0xD0, 0x00, 0x7C, 0x3C, 0x00, 0x03, 0xD7, 0xC0,
    0x00, 0x3D, 0x7C, 0x00, 0x03, 0xE7, 0xC0, 0x00, 0x2E, 0x7C, 0x00, 0x02, 0xE7, 0xC0, 0x00, 0x2E,
    0x7C, 0x00, 0x02, 0xE7, 0xC0, 0x00, 0x3D, 0x3C, 0x00, 0x03, 0xD3, 0xD0, 0x00, 0x7C, 0x1F, 0x00,
    0x0F, 0x80, 0xFD, 0x03, 0xF0, 0x03, 0xFF, 0xFD, 0x00, 0x07, 0xFE, 0x00, 0x20, 0x00, 0x0C, 0x7C,
    0x00, 0x3E, 0x1F, 0x00, 0xF8, 0x07, 0xC3, 0xE0, 0x01, 0xFF, 0x80, 0x00, 0xBE, 0x00, 0x00, 0xFF,
    0x00, 0x03, 0xE7, 0xC0, 0x0F, 0x81, 0xF0, 0x3E, 0x00, 0x7C, 0x78, 0x00, 0x1D, 0x00, 0x00, 0x00,
    0x00, 0x00, 0x00, 0x80, 0x07, 0xFE, 0x2E, 0x03, 0xFF, 0xFF, 0xC0, 0xFD, 0x03, 0xF8, 0x1F, 0x00,
    0x0F, 0x83, 0xD0, 0x03, 0xFC, 0x3C, 0x00, 0x7B, 0xD7, 0xC0, 0x0F, 0x3D, 0x7C, 0x02, 0xD2, 0xE7,
    0xC0, 0x78, 0x2E, 0x7C, 0x0F, 0x02, 0xE7, 0xC2, 0xD0, 0x2E, 0x7C, 0x3C, 0x02, 0xE7, 0xCB, 0x40,
    0x3D, 0x3E, 0xE0, 0x03, 0xD3, 0xFC, 0x00, 0x7C, 0x1F, 0x40, 0x0F, 0x81, 0xFD, 0x03, 0xF0, 0x3F,
    0xFF, 0xFD, 0x07, 0x8B, 0xFE, 0x00, 0x20, 0x00, 0x00, 0x00, 0x00, 0x00, 0x00, 0x00, 0x74, 0x00,
    0x00, 0x1F, 0x00, 0x00, 0x03, 0xD0, 0x00, 0x00, 0x3C, 0x00, 0x00, 0x06, 0x00, 0x00, 0x00, 0x00,
    0x03, 0xD0, 0x00, 0x3C, 0xF4, 0x00, 0x0F, 0x3D, 0x00, 0x03, 0xCF, 0x40, 0x00, 0xF3, 0xD0, 0x00,
    0x3C, 0xF4, 0x00, 0x0F, 0x3D, 0x00, 0x03, 0xCF, 0x40, 0x00, 0xF3, 0xD0, 0x00, 0x3C, 0xF4, 0x00,
    0x0F, 0x3D, 0x00, 0x03, 0xCF, 0x40, 0x00, 0xF3, 0xD0, 0x00, 0x7C, 0xB8, 0x00, 0x1F, 0x2E, 0x00,
    0x07, 0xC7, 0xC0, 0x03, 0xE0, 0xFC, 0x02, 0xF0, 0x1F, 0xFF, 0xF4, 0x00, 0xBF, 0xE4, 0x00, 0x00,
    0x00, 0x00, 0x00, 0x00, 0xE0, 0x00, 0x00, 0xB8, 0x00, 0x00, 0x3C, 0x00, 0x00, 0x2D, 0x00, 0x00,
    0x0A, 0x00, 0x00, 0x00, 0x00, 0x03, 0xD0, 0x00, 0x3C, 0xF4, 0x00, 0x0F, 0x3D, 0x00, 0x03, 0xCF,
    0x40, 0x00, 0xF3, 0xD0, 0x00, 0x3C, 0xF4, 0x00, 0x0F, 0x3D, 0x00, 0x03, 0xCF, 0x40, 0x00, 0xF3,
    0xD0, 0x00, 0x3C, 0xF4, 0x00, 0x0F, 0x3D, 0x00, 0x03, 0xCF, 0x40, 0x00, 0xF3, 0xD0, 0x00, 0x7C,
    0xB8, 0x00, 0x1F, 0x2E, 0x00, 0x07, 0xC7, 0xC0, 0x03, 0xE0, 0xFC, 0x02, 0xF0, 0x1F, 0xFF, 0xF4,
    0x00, 0xBF, 0xE4, 0x00, 0x00, 0xBF, 0x00, 0x00, 0x7F, 0xE0, 0x00, 0x3D, 0x3D, 0x00, 0x3D, 0x03,
    0xC0, 0x09, 0x00, 0x70, 0x00, 0x00, 0x00, 0x00, 0x00, 0x00, 0x03, 0xD0, 0x00, 0x3C, 0xF4, 0x00,
    0x0F, 0x3D, 0x00, 0x03, 0xCF, 0x40, 0x00, 0xF3, 0xD0, 0x00, 0x3C, 0xF4, 0x00, 0x0F, 0x3D, 0x00,
    0x03, 0xCF, 0x40, 0x00, 0xF3, 0xD0, 0x00, 0x3C, 0xF4, 0x00, 0x0F, 0x3D, 0x00, 0x03, 0xCF, 0x40,
    0x00, 0xF3, 0xD0, 0x00, 0x7C, 0xB8, 0x00, 0x1F, 0x2E, 0x00, 0x07, 0xC7, 0xC0, 0x03, 0xE0, 0xFC,
    0x02, 0xF0, 0x1F, 0xFF, 0xF4, 0x00, 0xBF, 0xE4, 0x00, 0x0B, 0x82, 0xF0, 0x03, 0xF0, 0xFC, 0x00,
    0xB8, 0x2F, 0x00, 0x00, 0x00, 0x00, 0x00, 0x00, 0x00, 0x3D, 0x00, 0x03, 0xCF, 0x40, 0x00, 0xF3,
    0xD0, 0x00, 0x3C, 0xF4, 0x00, 0x0F, 0x3D, 0x00, 0x03, 0xCF, 0x40, 0x00, 0xF3, 0xD0, 0x00, 0x3C,
    0xF4, 0x00, 0x0F, 0x3D, 0x00, 0x03, 0xCF, 0x40, 0x00, 0xF3, 0xD0, 0x00, 0x3C, 0xF4, 0x00, 0x0F,
    0x3D, 0x00, 0x07, 0xCB, 0x80, 0x01, 0xF2, 0xE0, 0x00, 0x7C, 0x7C, 0x00, 0x3E, 0x0F, 0xC0, 0x2F,
    0x01, 0xFF, 0xFF, 0x40, 0x0B, 0xFE, 0x40, 0x00, 0x00, 0x00, 0x00, 0x00, 0x00, 0x38, 0x00, 0x00,
    0x00, 0xB8, 0x00, 0x00, 0x00, 0xF0, 0x00, 0x00, 0x02, 0xD0, 0x00, 0x00, 0x02, 0x80, 0x00, 0x00,
    0x00, 0x00, 0x00, 0x7D, 0x00, 0x00, 0x3D, 0x2F, 0x00, 0x00, 0xBC, 0x0F, 0x40, 0x00, 0xF4, 0x0B,
    0xC0, 0x03, 0xE0, 0x03, 0xE0, 0x07, 0xC0, 0x01, 0xF0, 0x0F, 0x80, 0x00, 0xF8, 0x1F, 0x00, 0x00,
    0x3C, 0x3D, 0x00, 0x00, 0x2F, 0xBC, 0x00, 0x00, 0x0F, 0xF0, 0x00, 0x00, 0x07, 0xE0, 0x00, 0x00,
    0x03, 0xC0, 0x00, 0x00, 0x03, 0xC0, 0x00, 0x00, 0x03, 0xC0, 0x00, 0x00, 0x03, 0xC0, 0x00, 0x00,
    0x03, 0xC0, 0x00, 0x00, 0x03, 0xC0, 0x00, 0x00, 0x03, 0xC0, 0x00, 0x00, 0x03, 0xC0, 0x00, 0xB8,
    0x00, 0x00, 0x2E, 0x00, 0x00, 0x0B, 0x80, 0x00, 0x02, 0xE0, 0x00, 0x00, 0xBF, 0xFF, 0xE0, 0x2F,
    0xFF, 0xFF, 0x4B, 0x80, 0x03, 0xF2, 0xE0, 0x00, 0x3D, 0xB8, 0x00, 0x0B, 0xAE, 0x00, 0x02, 0xEB,
    0x80, 0x00, 0xBA, 0xE0, 0x00, 0x3D, 0xB8, 0x00, 0x3F, 0x2F, 0xFF, 0xFF, 0x4B, 0xFF, 0xFE, 0x02,
    0xE0, 0x00, 0x00, 0xB8, 0x00, 0x00, 0x2E, 0x00, 0x00, 0x0B, 0x80, 0x00, 0x00, 0x0B, 0xFE, 0x00,
    0x03, 0xFF, 0xE0, 0x00, 0x3C, 0x00, 0x00, 0x03, 0xC0, 0x00, 0x00, 0x7C, 0x00, 0x00, 0x07, 0xC0,
    0x00, 0x00, 0x7F, 0xFF, 0xFF, 0x07, 0xFF, 0xFF, 0xF0, 0x7C, 0x00, 0x0F, 0x07, 0xC0, 0x03, 0xC0,
    0x7C, 0x00, 0xF4, 0x07, 0xC0, 0x2E, 0x00, 0x7C, 0x07, 0xC0, 0x07, 0xC0, 0xF0, 0x00, 0x7C, 0x2F,
    0x90, 0x07, 0xC2, 0xFF, 0xE0, 0x7C, 0x00, 0x2F, 0x87, 0xC0, 0x00, 0x7C, 0x7C, 0x00, 0x03, 0xD7,
    0xC0, 0x00, 0x3D, 0x00, 0x00, 0x03, 0xD0, 0x00, 0x00, 0x7C, 0x00, 0x00, 0x2F, 0x40, 0x07, 0xFF,
    0xE0, 0x00, 0x7F, 0xE0, 0x00, 0x00, 0x00, 0x00, 0x00, 0x0B, 0x00, 0x00, 0x00, 0xF4, 0x00, 0x00,
    0x03, 0xC0, 0x00, 0x00, 0x2D, 0x00, 0x00, 0x00, 0xD0, 0x00, 0x00, 0x00, 0x00, 0x00, 0x00, 0x00,
    0x00, 0x00, 0xBF, 0x90, 0x00, 0xBF, 0xFF, 0x80, 0x1F, 0x40, 0xBD, 0x00, 0xC0, 0x02, 0xF0, 0x00,
    0x00, 0x1F, 0x00, 0x00, 0x01, 0xF0, 0x02, 0xFF, 0xFF, 0x01, 0xFF, 0xFF, 0xF0, 0x3F, 0x40, 0x1F,
    0x03, 0xC0, 0x01, 0xF0, 0x3C, 0x00, 0x1F, 0x03, 0xE0, 0x0A, 0xF0, 0x1F, 0xFF, 0xCB, 0xF0, 0x2F,
    0xE0, 0x3F, 0x00, 0x00, 0x00, 0x00, 0x00, 0x2D, 0x00, 0x00, 0x03, 0xC0, 0x00, 0x00, 0xB8, 0x00,
    0x00, 0x0F, 0x00, 0x00, 0x00, 0xC0, 0x00, 0x00, 0x00, 0x00, 0x00, 0x00, 0x00, 0x00, 0x00, 0xBF,
    0x90, 0x00, 0xBF, 0xFF, 0x80, 0x1F, 0x40, 0xBD, 0x00, 0xC0, 0x02, 0xF0, 0x00, 0x00, 0x1F, 0x00,
    0x00, 0x01, 0xF0, 0x02, 0xFF, 0xFF, 0x01, 0xFF, 0xFF, 0xF0, 0x3F, 0x40, 0x1F, 0x03, 0xC0, 0x01,
    0xF0, 0x3C, 0x00, 0x1F, 0x03, 0xE0, 0x0A, 0xF0, 0x1F, 0xFF, 0xCB, 0xF0, 0x2F, 0xE0, 0x3F, 0x00,
    0x3F, 0x40, 0x00, 0x0F, 0xFC, 0x00, 0x02, 0xF2, 0xF0, 0x00, 0x7C, 0x0B, 0x80, 0x07, 0x00, 0x24,
    0x00, 0x00, 0x00, 0x00, 0x00, 0x00, 0x00, 0x00, 0x0B, 0xF9, 0x00, 0x0B, 0xFF, 0xF8, 0x01, 0xF4,
    0x0B, 0xD0, 0x0C, 0x00, 0x2F, 0x00, 0x00, 0x01, 0xF0, 0x00, 0x00, 0x1F, 0x00, 0x2F, 0xFF, 0xF0,
    0x1F, 0xFF, 0xFF, 0x03, 0xF4, 0x01, 0xF0, 0x3C, 0x00, 0x1F, 0x03, 0xC0, 0x01, 0xF0, 0x3E, 0x00,
    0xAF, 0x01, 0xFF, 0xFC, 0xBF, 0x02, 0xFE, 0x03, 0xF0, 0x02, 0xF9, 0x18, 0x00, 0xBF, 0xFF, 0xC0,
    0x06, 0x07, 0xF0, 0x00, 0x00, 0x00, 0x00, 0x00, 0x00, 0x00, 0x00, 0x0B, 0xF9, 0x00, 0x0B, 0xFF,
    0xF8, 0x01, 0xF4, 0x0B, 0xD0, 0x0C, 0x00, 0x2F, 0x00, 0x00, 0x01, 0xF0, 0x00, 0x00, 0x1F, 0x00,
    0x2F, 0xFF, 0xF0, 0x1F, 0xFF, 0xFF, 0x03, 0xF4, 0x01, 0xF0, 0x3C, 0x00, 0x1F, 0x03, 0xC0, 0x01,
    0xF0, 0x3E, 0x00, 0xAF, 0x01, 0xFF, 0xFC, 0xBF, 0x02, 0xFE, 0x03, 0xF0, 0x03, 0xD0, 0xF4, 0x00,
    0x7E, 0x1F, 0x80, 0x03, 0xD0, 0xF4, 0x00, 0x00, 0x00, 0x00, 0x00, 0x00, 0x00, 0x00, 0x00, 0x00,
    0x00, 0x00, 0xBF, 0x90, 0x00, 0xBF, 0xFF, 0x80, 0x1F, 0x40, 0xBD, 0x00, 0xC0, 0x02, 0xF0, 0x00,
    0x00, 0x1F, 0x00, 0x00, 0x01, 0xF0, 0x02, 0xFF, 0xFF, 0x01, 0xFF, 0xFF, 0xF0, 0x3F, 0x40, 0x1F,
    0x03, 0xC0, 0x01, 0xF0, 0x3C, 0x00, 0x1F, 0x03, 0xE0, 0x0A, 0xF0, 0x1F, 0xFF, 0xCB, 0xF0, 0x2F,
    0xE0, 0x3F, 0x00, 0x2F, 0x40, 0x00, 0x0E, 0x1D, 0x00, 0x01, 0xC0, 0xE0, 0x00, 0x1C, 0x0E, 0x00,
    0x00, 0xE1, 0xD0, 0x00, 0x03, 0xF4, 0x00, 0x00, 0x00, 0x00, 0x00, 0x0B, 0xF9, 0x00, 0x0B, 0xFF,
    0xF8, 0x01, 0xF4, 0x0B, 0xD0, 0x0C, 0x00, 0x2F, 0x00, 0x00, 0x01, 0xF0, 0x00, 0x00, 0x1F, 0x00,
    0x2F, 0xFF, 0xF0, 0x1F, 0xFF, 0xFF, 0x03, 0xF4, 0x01, 0xF0, 0x3C, 0x00, 0x1F, 0x03, 0xC0, 0x01,
    0xF0, 0x3E, 0x00, 0xAF, 0x01, 0xFF, 0xFC, 0xBF, 0x02, 0xFE, 0x03, 0xF0, 0x03, 0xF4, 0x1F, 0xD0,
    0x1F, 0xFD, 0x7F, 0xF4, 0x3D, 0x0F, 0xE0, 0x7C, 0x34, 0x07, 0xC0, 0x1D, 0x00, 0x07, 0xC0, 0x0E,
    0x00, 0x03, 0xC0, 0x0E, 0x0B, 0xFF, 0xFF, 0xFE, 0x3F, 0xFF, 0xFF, 0xFE, 0x7D, 0x03, 0xC0, 0x00,
    0xB4, 0x03, 0xC0, 0x00, 0xB4, 0x07, 0xC0, 0x2D, 0xB8, 0x1D, 0xF0, 0x7C, 0x3F, 0xF8, 0xBF, 0xF0,
    0x0B, 0xE0, 0x2F, 0xC0, 0x01, 0xBF, 0x80, 0x0B, 0xFF, 0xF4, 0x1F, 0x80, 0xBC, 0x3D, 0x00, 0x1D,
    0x7C, 0x00, 0x00, 0xB8, 0x00, 0x00, 0xB8, 0x00, 0x00, 0xB8, 0x00, 0x00, 0xB8, 0x00, 0x00, 0x7C,
    0x00, 0x00, 0x3D, 0x00, 0x0E, 0x2F, 0x80, 0x7D, 0x0B, 0xFF, 0xF8, 0x01, 0xFF, 0xD0, 0x00, 0x28,
    0x00, 0x00, 0x3F, 0xC0, 0x00, 0x02, 0xD0, 0x00, 0x52, 0xD0, 0x00, 0xBF, 0x40, 0x00, 0x00, 0x00,
    0x00, 0x07, 0x40, 0x00, 0x00, 0x7C, 0x00, 0x00, 0x02, 0xD0, 0x00, 0x00, 0x0F, 0x00, 0x00, 0x00,
    0x70, 0x00, 0x00, 0x00, 0x00, 0x00, 0x00, 0x00, 0x00, 0x00, 0x7F, 0xE0, 0x00, 0x3F, 0xFF, 0xD0,
    0x0F, 0xD0, 0x2F, 0x01, 0xF0, 0x00, 0xB8, 0x3D, 0x00, 0x03, 0xC3, 0xC0, 0x00, 0x3D, 0x3F, 0xFF,
    0xFF, 0xD3, 0xFF, 0xFF, 0xFD, 0x3C, 0x00, 0x00, 0x03, 0xC0, 0x00, 0x00, 0x1F, 0x00, 0x03, 0x40,
    0xFD, 0x01, 0xF8, 0x03, 0xFF, 0xFE, 0x00, 0x07, 0xFE, 0x40, 0x00, 0x00, 0x00, 0x00, 0x00, 0x0E,
    0x00, 0x00, 0x02, 0xE0, 0x00, 0x00, 0x3C, 0x00, 0x00, 0x0B, 0x40, 0x00, 0x00, 0xA0, 0x00, 0x00,
    0x00, 0x00, 0x00, 0x00, 0x00, 0x00, 0x00, 0x7F, 0xE0, 0x00, 0x3F, 0xFF, 0xD0, 0x0F, 0xD0, 0x2F,
    0x01, 0xF0, 0x00, 0xB8, 0x3D, 0x00, 0x03, 0xC3, 0xC0, 0x00, 0x3D, 0x3F, 0xFF, 0xFF, 0xD3, 0xFF,
    0xFF, 0xFD, 0x3C, 0x00, 0x00, 0x03, 0xC0, 0x00, 0x00, 0x1F, 0x00, 0x03, 0x40, 0xFD, 0x01, 0xF8,
    0x03, 0xFF, 0xFE, 0x00, 0x07, 0xFE, 0x40, 0x00, 0x2F, 0xC0, 0x00, 0x07, 0xFE, 0x00, 0x00, 0xF4,
    0xF4, 0x00, 0x2D, 0x03, 0xC0, 0x02, 0x40, 0x0C, 0x00, 0x00, 0x00, 0x00, 0x00, 0x00, 0x00, 0x00,
    0x07, 0xFE, 0x00, 0x03, 0xFF, 0xFD, 0x00, 0xFD, 0x02, 0xF0, 0x1F, 0x00, 0x0B, 0x83, 0xD0, 0x00,
    0x3C, 0x3C, 0x00, 0x03, 0xD3, 0xFF, 0xFF, 0xFD, 0x3F, 0xFF, 0xFF, 0xD3, 0xC0, 0x00, 0x00, 0x3C,
    0x00, 0x00, 0x01, 0xF0, 0x00, 0x34, 0x0F, 0xD0, 0x1F, 0x80, 0x3F, 0xFF, 0xE0, 0x00, 0x7F, 0xE4,
    0x00, 0x02, 0xF0, 0xBC, 0x00, 0x3F, 0x0F, 0xC0, 0x02, 0xF0, 0xBC, 0x00, 0x00, 0x00, 0x00, 0x00,
    0x00, 0x00, 0x00, 0x00, 0x00, 0x00, 0x00, 0x7F, 0xE0, 0x00, 0x3F, 0xFF, 0xD0, 0x0F, 0xD0, 0x2F,
    0x01, 0xF0, 0x00, 0xB8, 0x3D, 0x00, 0x03, 0xC3, 0xC0, 0x00, 0x3D, 0x3F, 0xFF, 0xFF, 0xD3, 0xFF,
    0xFF, 0xFD, 0x3C, 0x00, 0x00, 0x03, 0xC0, 0x00, 0x00, 0x1F, 0x00, 0x03, 0x40, 0xFD, 0x01, 0xF8,
    0x03, 0xFF, 0xFE, 0x00, 0x07, 0xFE, 0x40, 0x00, 0x00, 0x00, 0x00, 0x2C, 0x00, 0x00, 0x0B, 0x80,
    0x00, 0x00, 0xF0, 0x00, 0x00, 0x0E, 0x00, 0x00, 0x02, 0x80, 0x00, 0x00, 0x00, 0x00, 0x00, 0x00,
    0x00, 0x3F, 0xFF, 0x00, 0x0F, 0xFF, 0xC0, 0x00, 0x00, 0xF0, 0x00, 0x00, 0x3C, 0x00, 0x00, 0x0F,
    0x00, 0x00, 0x03, 0xC0, 0x00, 0x00, 0xF0, 0x00, 0x00, 0x3C, 0x00, 0x00, 0x0F, 0x00, 0x00, 0x03,
    0xC0, 0x00, 0x00, 0xF0, 0x00, 0x00, 0x3C, 0x00, 0x3F, 0xFF, 0xFF, 0x8F, 0xFF, 0xFF, 0xE0, 0x00,
    0x00, 0x00, 0x00, 0x00, 0x78, 0x00, 0x00, 0x3D, 0x00, 0x00, 0x1F, 0x00, 0x00, 0x0F, 0x00, 0x00,
    0x02, 0x40, 0x00, 0x00, 0x00, 0x00, 0x00, 0x00, 0x00, 0x3F, 0xFF, 0x00, 0x0F, 0xFF, 0xC0, 0x00,
    0x00, 0xF0, 0x00, 0x00, 0x3C, 0x00, 0x00, 0x0F, 0x00, 0x00, 0x03, 0xC0, 0x00, 0x00, 0xF0, 0x00,
    0x00, 0x3C, 0x00, 0x00, 0x0F, 0x00, 0x00, 0x03, 0xC0, 0x00, 0x00, 0xF0, 0x00, 0x00, 0x3C, 0x00,
    0x3F, 0xFF, 0xFF, 0x8F, 0xFF, 0xFF, 0xE0, 0x00, 0x2F, 0x80, 0x00, 0x1F, 0xF4, 0x00, 0x0F, 0x1F,
    0x00, 0x0F, 0x01, 0xF0, 0x02, 0x40, 0x18, 0x00, 0x00, 0x00, 0x00, 0x00, 0x00, 0x00, 0xFF, 0xFC,
    0x00, 0x3F, 0xFF, 0x00, 0x00, 0x03, 0xC0, 0x00, 0x00, 0xF0, 0x00, 0x00, 0x3C, 0x00, 0x00, 0x0F,
    0x00, 0x00, 0x03, 0xC0, 0x00, 0x00, 0xF0, 0x00, 0x00, 0x3C, 0x00, 0x00, 0x0F, 0x00, 0x00, 0x03,
    0xC0, 0x00, 0x00, 0xF0, 0x00, 0xFF, 0xFF, 0xFE, 0x3F, 0xFF, 0xFF, 0x80, 0x02, 0xE0, 0xB8, 0x00,
    0xFC, 0x3F, 0x00, 0x2E, 0x0B, 0x80, 0x00, 0x00, 0x00, 0x00, 0x00, 0x00, 0x00, 0x00, 0x00, 0x03,
    0xFF, 0xF0, 0x00, 0xFF, 0xFC, 0x00, 0x00, 0x0F, 0x00, 0x00, 0x03, 0xC0, 0x00, 0x00, 0xF0, 0x00,
    0x00, 0x3C, 0x00, 0x00, 0x0F, 0x00, 0x00, 0x03, 0xC0, 0x00, 0x00, 0xF0, 0x00, 0x00, 0x3C, 0x00,
    0x00, 0x0F, 0x00, 0x00, 0x03, 0xC0, 0x03, 0xFF, 0xFF, 0xF8, 0xFF, 0xFF, 0xFE, 0x00, 0x00, 0x00,
    0x00, 0x2F, 0x82, 0xC0, 0x00, 0x3F, 0xF4, 0x00, 0x00, 0xFD, 0x00, 0x00, 0x7E, 0xF0, 0x00, 0x0F,
    0x0B, 0x80, 0x00, 0x00, 0x2D, 0x00, 0x0B, 0xF8, 0xF0, 0x03, 0xFF, 0xFB, 0x40, 0xFD, 0x02, 0xF8,
    0x2F, 0x00, 0x0B, 0xC3, 0xD0, 0x00, 0x3C, 0x3C, 0x00, 0x03, 0xD3, 0xC0, 0x00, 0x3D, 0x3C, 0x00,
    0x03, 0xD3, 0xC0, 0x00, 0x3D, 0x3D, 0x00, 0x03, 0xC2, 0xF0, 0x00, 0xB8, 0x0F, 0xD0, 0x2F, 0x00,
    0x3F, 0xFF, 0xD0, 0x00, 0x7F, 0xE0, 0x00, 0x07, 0xF4, 0x20, 0x0F, 0xFF, 0xF4, 0x08, 0x1B, 0xE0,
    0x00, 0x00, 0x00, 0x00, 0x00, 0x00, 0x7C, 0x2F, 0xD0, 0x7D, 0xFF, 0xF4, 0x7E, 0x40, 0xFC, 0x7C,
    0x00, 0x3E, 0x7C, 0x00, 0x2E, 0x7C, 0x00, 0x1E, 0x7C, 0x00, 0x1E, 0x7C, 0x00, 0x1E, 0x7C, 0x00,
    0x1E, 0x7C, 0x00, 0x1E, 0x7C, 0x00, 0x1E, 0x7C, 0x00, 0x1E, 0x7C, 0x00, 0x1E, 0x7C, 0x00, 0x1E,
    0x00, 0x00, 0x00, 0x00, 0x07, 0x40, 0x00, 0x00, 0x7C, 0x00, 0x00, 0x03, 0xD0, 0x00, 0x00, 0x0F,
    0x00, 0x00, 0x00, 0x60, 0x00, 0x00, 0x00, 0x00, 0x00, 0x00, 0x00, 0x00, 0x00, 0x7F, 0xE0, 0x00,
    0x3F, 0xFF, 0xD0, 0x0F, 0xD0, 0x2F, 0x02, 0xF0, 0x00, 0xB8, 0x3D, 0x00, 0x03, 0xC3, 0xC0, 0x00,
    0x3D, 0x3C, 0x00, 0x03, 0xD3, 0xC0, 0x00, 0x3D, 0x3C, 0x00, 0x03, 0xD3, 0xD0, 0x00, 0x3C, 0x2F,
    0x00, 0x0B, 0x80, 0xFD, 0x02, 0xF0, 0x03, 0xFF, 0xFD, 0x00, 0x07, 0xFE, 0x00, 0x00, 0x00, 0x00,
    0x00, 0x00, 0x0E, 0x00, 0x00, 0x02, 0xE0, 0x00, 0x00, 0x3C, 0x00, 0x00, 0x0B, 0x40, 0x00, 0x00,
    0xA0, 0x00, 0x00, 0x00, 0x00, 0x00, 0x00, 0x00, 0x00, 0x00, 0x7F, 0xE0, 0x00, 0x3F, 0xFF, 0xD0,
    0x0F, 0xD0, 0x2F, 0x02, 0xF0, 0x00, 0xB8, 0x3D, 0x00, 0x03, 0xC3, 0xC0, 0x00, 0x3D, 0x3C, 0x00,
    0x03, 0xD3, 0xC0, 0x00, 0x3D, 0x3C, 0x00, 0x03, 0xD3, 0xD0, 0x00, 0x3C, 0x2F, 0x00, 0x0B, 0x80,
    0xFD, 0x02, 0xF0, 0x03, 0xFF, 0xFD, 0x00, 0x07, 0xFE, 0x00, 0x00, 0x2F, 0xC0, 0x00, 0x07, 0xFE,
    0x00, 0x00, 0xF4, 0xF4, 0x00, 0x3D, 0x03, 0xC0, 0x02, 0x40, 0x1C, 0x00, 0x00, 0x00, 0x00, 0x00,
    0x00, 0x00, 0x00, 0x07, 0xFE, 0x00, 0x03, 0xFF, 0xFD, 0x00, 0xFD, 0x02, 0xF0, 0x2F, 0x00, 0x0B,
    0x83, 0xD0, 0x00, 0x3C, 0x3C, 0x00, 0x03, 0xD3, 0xC0, 0x00, 0x3D, 0x3C, 0x00, 0x03, 0xD3, 0xC0,
    0x00, 0x3D, 0x3D, 0x00, 0x03, 0xC2, 0xF0, 0x00, 0xB8, 0x0F, 0xD0, 0x2F, 0x00, 0x3F, 0xFF, 0xD0,
    0x00, 0x7F, 0xE0, 0x00, 0x01, 0xF9, 0x08, 0x00, 0x3F, 0xFF, 0xD0, 0x02, 0x06, 0xF8, 0x00, 0x00,
    0x00, 0x00, 0x00, 0x00, 0x00, 0x00, 0x07, 0xFE, 0x00, 0x03, 0xFF, 0xFD, 0x00, 0xFD, 0x02, 0xF0,
    0x2F, 0x00, 0x0B, 0x83, 0xD0, 0x00, 0x3C, 0x3C, 0x00, 0x03, 0xD3, 0xC0, 0x00, 0x3D, 0x3C, 0x00,
    0x03, 0xD3, 0xC0, 0x00, 0x3D, 0x3D, 0x00, 0x03, 0xC2, 0xF0, 0x00, 0xB8, 0x0F, 0xD0, 0x2F, 0x00,
    0x3F, 0xFF, 0xD0, 0x00, 0x7F, 0xE0, 0x00, 0x02, 0xE0, 0xBC, 0x00, 0x3F, 0x0F, 0xC0, 0x02, 0xE0,
    0xBC, 0x00, 0x00, 0x00, 0x00, 0x00, 0x00, 0x00, 0x00, 0x00, 0x00, 0x00, 0x00, 0x7F, 0xE0, 0x00,
    0x3F, 0xFF, 0xD0, 0x0F, 0xD0, 0x2F, 0x02, 0xF0, 0x00, 0xB8, 0x3D, 0x00, 0x03, 0xC3, 0xC0, 0x00,
    0x3D, 0x3C, 0x00, 0x03, 0xD3, 0xC0, 0x00, 0x3D, 0x3C, 0x00, 0x03, 0xD3, 0xD0, 0x00, 0x3C, 0x2F,
    0x00, 0x0B, 0x80, 0xFD, 0x02, 0xF0, 0x03, 0xFF, 0xFD, 0x00, 0x07, 0xFE, 0x00, 0x00, 0x1F, 0x40,
    0x00, 0x02, 0xFC, 0x00, 0x00, 0x1F, 0x40, 0x00, 0x00, 0x00, 0x00, 0x00, 0x00, 0x00, 0x00, 0x00,
    0x00, 0x00, 0x7F, 0xFF, 0xFF, 0xE7, 0xFF, 0xFF, 0xFE, 0x00, 0x00, 0x00, 0x00, 0x00, 0x00, 0x00,
    0x00, 0x00, 0x00, 0x00, 0x01, 0xF4, 0x00, 0x00, 0x2F, 0xC0, 0x00, 0x01, 0xF4, 0x00, 0x00, 0x00,
    0x00, 0x40, 0x07, 0xFE, 0x1E, 0x03, 0xFF, 0xFF, 0x80, 0xFD, 0x02, 0xF0, 0x2F, 0x00, 0x2F, 0x83,
    0xD0, 0x0B, 0x7C, 0x3C, 0x02, 0xD3, 0xD3, 0xC0, 0x78, 0x3D, 0x3C, 0x1E, 0x03, 0xD3, 0xC7, 0x80,
    0x3D, 0x3E, 0xF0, 0x03, 0xC2, 0xFC, 0x00, 0xB8, 0x0F, 0xD0, 0x2F, 0x02, 0xFF, 0xFF, 0xD0, 0x78,
    0x7F, 0xE0, 0x02, 0x00, 0x00, 0x00, 0x00, 0x00, 0x00, 0x02, 0xD0, 0x00, 0x01, 0xF0, 0x00, 0x00,
    0xF4, 0x00, 0x00, 0x3C, 0x00, 0x00, 0x18, 0x00, 0x00, 0x00, 0x00, 0x00, 0x00, 0x00, 0xB8, 0x00,
    0x2E, 0xB8, 0x00, 0x2E, 0xB8, 0x00, 0x2E, 0xB8, 0x00, 0x2E, 0xB8, 0x00, 0x2E, 0xB8, 0x00, 0x2E,
    0xB8, 0x00, 0x2E, 0xB8, 0x00, 0x2E, 0xB8, 0x00, 0x2E, 0x7C, 0x00, 0x2E, 0x7C, 0x00, 0x3E, 0x3F,
    0x41, 0xEE, 0x1F, 0xFF, 0x6E, 0x02, 0xFD, 0x2E, 0x00, 0x00, 0x00, 0x00, 0x03, 0x80, 0x00, 0x0B,
    0x80, 0x00, 0x0F, 0x00, 0x00, 0x2C, 0x00, 0x00, 0x28, 0x00, 0x00, 0x00, 0x00, 0x00, 0x00, 0x00,
    0xB8, 0x00, 0x2E, 0xB8, 0x00, 0x2E, 0xB8, 0x00, 0x2E, 0xB8, 0x00, 0x2E, 0xB8, 0x00, 0x2E, 0xB8,
    0x00, 0x2E, 0xB8, 0x00, 0x2E, 0xB8, 0x00, 0x2E, 0xB8, 0x00, 0x2E, 0x7C, 0x00, 0x2E, 0x7C, 0x00,
    0x3E, 0x3F, 0x41, 0xEE, 0x1F, 0xFF, 0x6E, 0x02, 0xFD, 0x2E, 0x00, 0xBF, 0x00, 0x01, 0xFF, 0x40,
    0x03, 0xD3, 0xC0, 0x0F, 0x41, 0xF0, 0x09, 0x00, 0x60, 0x00, 0x00, 0x00, 0x00, 0x00, 0x00, 0xB8,
    0x00, 0x2E, 0xB8, 0x00, 0x2E, 0xB8, 0x00, 0x2E, 0xB8, 0x00, 0x2E, 0xB8, 0x00, 0x2E, 0xB8, 0x00,
    0x2E, 0xB8, 0x00, 0x2E, 0xB8, 0x00, 0x2E, 0xB8, 0x00, 0x2E, 0x7C, 0x00, 0x2E, 0x7C, 0x00, 0x3E,
    0x3F, 0x41, 0xEE, 0x1F, 0xFF, 0x6E, 0x02, 0xFD, 0x2E, 0x0B, 0x82, 0xE0, 0x0F, 0xC3, 0xF0, 0x0B,
    0x82, 0xE0, 0x00, 0x00, 0x00, 0x00, 0x00, 0x00, 0x00, 0x00, 0x00, 0xB8, 0x00, 0x2E, 0xB8, 0x00,
    0x2E, 0xB8, 0x00, 0x2E, 0xB8, 0x00, 0x2E, 0xB8, 0x00, 0x2E, 0xB8, 0x00, 0x2E, 0xB8, 0x00, 0x2E,
    0xB8, 0x00, 0x2E, 0xB8, 0x00, 0x2E, 0x7C, 0x00, 0x2E, 0x7C, 0x00, 0x3E, 0x3F, 0x41, 0xEE, 0x1F,
    0xFF, 0x6E, 0x02, 0xFD, 0x2E, 0x00, 0x00, 0x00, 0x00, 0x00, 0x0E, 0x00, 0x00, 0x02, 0xE0, 0x00,
    0x00, 0x3C, 0x00, 0x00, 0x0B, 0x40, 0x00, 0x00, 0xA0, 0x00, 0x00, 0x00, 0x00, 0x00, 0x00, 0x00,
    0x00, 0x7C, 0x00, 0x02, 0xE3, 0xD0, 0x00, 0x3C, 0x2E, 0x00, 0x07, 0x80, 0xF0, 0x00, 0xF4, 0x0B,
    0x40, 0x0F, 0x00, 0x7C, 0x02, 0xD0, 0x03, 0xD0, 0x3C, 0x00, 0x1E, 0x07, 0x80, 0x00, 0xF0, 0xF0,
    0x00, 0x0B, 0x8F, 0x00, 0x00, 0x3E, 0xD0, 0x00, 0x03, 0xFC, 0x00, 0x00, 0x1F, 0x80, 0x00, 0x00,
    0xF0, 0x00, 0x00, 0x1F, 0x00, 0x00, 0x03, 0xD0, 0x00, 0x00, 0x7C, 0x00, 0x03, 0xFF, 0x40, 0x00,
    0x3F, 0xD0, 0x00, 0x00, 0x78, 0x00, 0x00, 0x1E, 0x00, 0x00, 0x07, 0x80, 0x00, 0x01, 0xE0, 0x00,
    0x00, 0x78, 0x00, 0x00, 0x1E, 0x00, 0x00, 0x07, 0x86, 0xFD, 0x01, 0xE7, 0xFF, 0xE0, 0x7F, 0x40,
    0xBE, 0x1F, 0x00, 0x07, 0xC7, 0x80, 0x00, 0xF5, 0xE0, 0x00, 0x3D, 0x78, 0x00, 0x0B, 0x9E, 0x00,
    0x02, 0xE7, 0x80, 0x00, 0xF5, 0xE0, 0x00, 0x3D, 0x7C, 0x00, 0x1F, 0x1F, 0xD0, 0x2F, 0x87, 0x9F,
    0xFF, 0x81, 0xE1, 0xBF, 0x40, 0x78, 0x00, 0x00, 0x1E, 0x00, 0x00, 0x07, 0x80, 0x00, 0x01, 0xE0,
    0x00, 0x00, 0x78, 0x00, 0x00, 0x00, 0x02, 0xE0, 0xBC, 0x00, 0x3F, 0x0F, 0xC0, 0x02, 0xE0, 0xBC,
    0x00, 0x00, 0x00, 0x00, 0x00, 0x00, 0x00, 0x00, 0x00, 0x00, 0x00, 0x7C, 0x00, 0x02, 0xE3, 0xD0,
    0x00, 0x3C, 0x2E, 0x00, 0x07, 0x80, 0xF0, 0x00, 0xF4, 0x0B, 0x40, 0x0F, 0x00, 0x7C, 0x02, 0xD0,
    0x03, 0xD0, 0x3C, 0x00, 0x1E, 0x07, 0x80, 0x00, 0xF0, 0xF0, 0x00, 0x0B, 0x8F, 0x00, 0x00, 0x3E,
    0xD0, 0x00, 0x03, 0xFC, 0x00, 0x00, 0x1F, 0x80, 0x00, 0x00, 0xF0, 0x00, 0x00, 0x1F, 0x00, 0x00,
    0x03, 0xD0, 0x00, 0x00, 0x7C, 0x00, 0x03, 0xFF, 0x40, 0x00, 0x3F, 0xD0, 0x00, 0x00, 0x3F, 0xFF,
    0x00, 0x0F, 0xFF, 0xC0, 0x00, 0x00, 0xF0, 0x00, 0x00, 0x3C, 0x00, 0x00, 0x0F, 0x00, 0x00, 0x03,
    0xC0, 0x00, 0x00, 0xF0, 0x00, 0x00, 0x3C, 0x00, 0x00, 0x0F, 0x00, 0x00, 0x03, 0xC0, 0x00, 0x00,
    0xF0, 0x00, 0x00, 0x3C, 0x00, 0x3F, 0xFF, 0xFF, 0x8F, 0xFF, 0xFF, 0xE0, 0x00, 0xBF, 0xFF, 0xF0,
    0x1F, 0xFF, 0xFF, 0xC1, 0xF8, 0x2E, 0x00, 0x0F, 0x80, 0xB8, 0x00, 0x7C, 0x02, 0xE0, 0x02, 0xE0,
    0x0B, 0x80, 0x0F, 0x40, 0x2E, 0x00, 0x3D, 0x00, 0xB8, 0x00, 0xF4, 0x02, 0xFF, 0xF3, 0xD0, 0x0B,
    0xFF, 0xCF, 0x40, 0x2E, 0x00, 0x3D, 0x00, 0xB8, 0x00, 0xF4, 0x02, 0xE0, 0x02, 0xE0, 0x0B, 0x80,
    0x07, 0xC0, 0x2E, 0x00, 0x0F, 0x80, 0xB8, 0x00, 0x1F, 0x82, 0xE0, 0x00, 0x1F, 0xFF, 0xFF, 0xC0,
    0x0B, 0xFF, 0xFF, 0x00, 0x07, 0xF4, 0x0F, 0xE0, 0x1F, 0xFD, 0x3F, 0xF8, 0x3D, 0x0F, 0xB0, 0x7C,
    0x3C, 0x07, 0xD0, 0x1D, 0x78, 0x03, 0xC0, 0x0E, 0xB4, 0x03, 0xC0, 0x0E, 0xB4, 0x03, 0xFF, 0xFE,
    0xB4, 0x03, 0xFF, 0xFE, 0xB4, 0x03, 0xC0, 0x00, 0x78, 0x03, 0xC0, 0x00, 0x3C, 0x07, 0xD0, 0x1D,
    0x3D, 0x0F, 0xF4, 0x7C, 0x1F, 0xFD, 0x7F, 0xF4, 0x07, 0xF4, 0x1F, 0xD0, 0x00, 0x02, 0xD0, 0x2F,
    0x00, 0xF4, 0x03, 0xC0, 0x18, 0x00, 0x00, 0x78, 0x0F, 0x81, 0xF0, 0x3C, 0x02, 0x80, 0x1F, 0x90,
    0x87, 0xFF, 0xFD, 0x20, 0x6F, 0x40, 0xFF, 0xFF, 0xFF, 0xFF, 0x2E, 0x0B, 0x83, 0xF0, 0xFC, 0x2E,
    0x0B, 0x80, 0x7F, 0xC7, 0xFE, 0x01, 0xD0, 0x38, 0x07, 0x00, 0x3C, 0xBE, 0x3C, 0x00, 0x00, 0x00,
    0x00, 0x78, 0x00, 0x00, 0x1F, 0x00, 0x00, 0x02, 0xE0, 0x00, 0x00, 0x3C, 0x00, 0x00, 0x07, 0x00,
    0x00, 0x00, 0x00, 0x02, 0xFF, 0xFF, 0xFC, 0xBF, 0xFF, 0xFF, 0x2E, 0x00, 0x00, 0x0B, 0x80, 0x00,
    0x02, 0xE0, 0x00, 0x00, 0xB8, 0x00, 0x00, 0x2E, 0x00, 0x00, 0x0B, 0x80, 0x00, 0x02, 0xFF, 0xFF,
    0xF8, 0xBF, 0xFF, 0xFE, 0x2E, 0x00, 0x00, 0x0B, 0x80, 0x00, 0x02, 0xE0, 0x00, 0x00, 0xB8, 0x00,
    0x00, 0x2E, 0x00, 0x00, 0x0B, 0x80, 0x00, 0x02, 0xE0, 0x00, 0x00, 0xBF, 0xFF, 0xFF, 0x2F, 0xFF,
    0xFF, 0xC0, 0x07, 0xC1, 0xF0, 0x03, 0xF0, 0xFD, 0x00, 0x7C, 0x1F, 0x00, 0x00, 0x00, 0x00, 0x00,
    0x00, 0x00, 0x2F, 0xFF, 0xFF, 0xCB, 0xFF, 0xFF, 0xF2, 0xE0, 0x00, 0x00, 0xB8, 0x00, 0x00, 0x2E,
    0x00, 0x00, 0x0B, 0x80, 0x00, 0x02, 0xE0, 0x00, 0x00, 0xB8, 0x00, 0x00, 0x2F, 0xFF, 0xFF, 0x8B,
    0xFF, 0xFF, 0xE2, 0xE0, 0x00, 0x00, 0xB8, 0x00, 0x00, 0x2E, 0x00, 0x00, 0x0B, 0x80, 0x00, 0x02,
    0xE0, 0x00, 0x00, 0xB8, 0x00, 0x00, 0x2E, 0x00, 0x00, 0x0B, 0xFF, 0xFF, 0xF2, 0xFF, 0xFF, 0xFC,
    0xBF, 0xFF, 0xFC, 0x02, 0xFF, 0xFF, 0xF0, 0x00, 0x07, 0xC0, 0x00, 0x00, 0x1F, 0x00, 0x00, 0x00,
    0x7C, 0x00, 0x00, 0x01, 0xF0, 0x00, 0x00, 0x07, 0xC0, 0x00, 0x00, 0x1F, 0xBF, 0xD0, 0x00, 0x7F,
    0xFF, 0xE0, 0x01, 0xF4, 0x0B, 0xD0, 0x07, 0xC0, 0x0F, 0x80, 0x1F, 0x00, 0x1F, 0x00, 0x7C, 0x00,
    0x7C, 0x01, 0xF0, 0x01, 0xF0, 0x07, 0xC0, 0x07, 0xC0, 0x1F, 0x00, 0x1F, 0x00, 0x7C, 0x00, 0x7C,
    0x01, 0xF0, 0x01, 0xF0, 0x07, 0xC0, 0x07, 0xC0, 0x00, 0x00, 0x1F, 0x00, 0x00, 0x00, 0x7C, 0x00,
    0x0F, 0xFF, 0xE0, 0x00, 0x3F, 0xFE, 0x00, 0x00, 0x00, 0x00, 0x00, 0x07, 0x40, 0x00, 0x0F, 0x40,
    0x00, 0x1E, 0x00, 0x00, 0x3C, 0x00, 0x00, 0x34, 0x00, 0x00, 0x00, 0x00, 0x7F, 0xFF, 0xFC, 0x7F,
    0xFF, 0xFC, 0x7C, 0x00, 0x00, 0x7C, 0x00, 0x00, 0x7C, 0x00, 0x00, 0x7C, 0x00, 0x00, 0x7C, 0x00,
    0x00, 0x7C, 0x00, 0x00, 0x7C, 0x00, 0x00, 0x7C, 0x00, 0x00, 0x7C, 0x00, 0x00, 0x7C, 0x00, 0x00,
    0x7C, 0x00, 0x00, 0x7C, 0x00, 0x00, 0x7C, 0x00, 0x00, 0x7C, 0x00, 0x00, 0x7C, 0x00, 0x00, 0x7C,
    0x00, 0x00, 0x7C, 0x00, 0x00, 0x00, 0x6F, 0xF4, 0x00, 0x2F, 0xFF, 0xE0, 0x07, 0xE0, 0x1F, 0x80,
    0xF4, 0x00, 0x3C, 0x1F, 0x00, 0x02, 0x83, 0xD0, 0x00, 0x00, 0x3D, 0x00, 0x00, 0x03, 0xC0, 0x00,
    0x00, 0x3F, 0xFF, 0xD0, 0x03, 0xFF, 0xFD, 0x00, 0x3C, 0x00, 0x00, 0x03, 0xD0, 0x00, 0x00, 0x3D,
    0x00, 0x00, 0x03, 0xE0, 0x00, 0x00, 0x1F, 0x00, 0x02, 0x80, 0xF8, 0x00, 0x3C, 0x07, 0xE0, 0x1F,
    0x80, 0x2F, 0xFF, 0xF0, 0x00, 0x6F, 0xF4, 0x00, 0x00, 0xBF, 0xE4, 0x00, 0xBF, 0xFF, 0xF0, 0x1F,
    0x80, 0x1F, 0xC3, 0xE0, 0x00, 0x38, 0x3C, 0x00, 0x00, 0x03, 0xC0, 0x00, 0x00, 0x3E, 0x00, 0x00,
    0x02, 0xF8, 0x00, 0x00, 0x0F, 0xFE, 0x90, 0x00, 0x1F, 0xFF, 0xE0, 0x00, 0x05, 0xBF, 0x80, 0x00,
    0x00, 0xBD, 0x00, 0x00, 0x03, 0xD0, 0x00, 0x00, 0x2E, 0x10, 0x00, 0x03, 0xE7, 0xC0, 0x00, 0x3D,
    0x3F, 0x80, 0x2F, 0xC0, 0xFF, 0xFF, 0xF0, 0x01, 0xBF, 0xE4, 0x00, 0xBF, 0xFF, 0xFF, 0xBF, 0xFF,
    0xFF, 0x00, 0x3C, 0x00, 0x00, 0x3C, 0x00, 0x00, 0x3C, 0x00, 0x00, 0x3C, 0x00, 0x00, 0x3C, 0x00,
    0x00, 0x3C, 0x00, 0x00, 0x3C, 0x00, 0x00, 0x3C, 0x00, 0x00, 0x3C, 0x00, 0x00, 0x3C, 0x00, 0x00,
    0x3C, 0x00, 0x00, 0x3C, 0x00, 0x00, 0x3C, 0x00, 0x00, 0x3C, 0x00, 0x00, 0x3C, 0x00, 0xBF, 0xFF,
    0xFF, 0xBF, 0xFF, 0xFF, 0x0B, 0x82, 0xF0, 0x0F, 0xC3, 0xF0, 0x0B, 0x82, 0xF0, 0x00, 0x00, 0x00,
    0x00, 0x00, 0x00, 0xBF, 0xFF, 0xFF, 0xBF, 0xFF, 0xFF, 0x00, 0x3C, 0x00, 0x00, 0x3C, 0x00, 0x00,
    0x3C, 0x00, 0x00, 0x3C, 0x00, 0x00, 0x3C, 0x00, 0x00, 0x3C, 0x00, 0x00, 0x3C, 0x00, 0x00, 0x3C,
    0x00, 0x00, 0x3C, 0x00, 0x00, 0x3C, 0x00, 0x00, 0x3C, 0x00, 0x00, 0x3C, 0x00, 0x00, 0x3C, 0x00,
    0x00, 0x3C, 0x00, 0x00, 0x3C, 0x00, 0xBF, 0xFF, 0xFF, 0xBF, 0xFF, 0xFF, 0x0F, 0xFF, 0xFC, 0x3F,
    0xFF, 0xF0, 0x00, 0x07, 0xC0, 0x00, 0x1F, 0x00, 0x00, 0x7C, 0x00, 0x01, 0xF0, 0x00, 0x07, 0xC0,
    0x00, 0x1F, 0x00, 0x00, 0x7C, 0x00, 0x01, 0xF0, 0x00, 0x07, 0xC0, 0x00, 0x1F, 0x00, 0x00, 0x7C,
    0x00, 0x01, 0xF6, 0x00, 0x07, 0xEE, 0x00, 0x3E, 0x7E, 0x02, 0xF4, 0x7F, 0xFF, 0x40, 0x6F, 0xE0,
    0x00, 0x00, 0xFF, 0xFD, 0x00, 0x00, 0x0F, 0xFF, 0xD0, 0x00, 0x00, 0xF0, 0x3D, 0x00, 0x00, 0x0F,
    0x03, 0xD0, 0x00, 0x00, 0xF0, 0x3D, 0x00, 0x00, 0x0F, 0x03, 0xD0, 0x00, 0x00, 0xF0, 0x3D, 0x00,
    0x00, 0x0F, 0x03, 0xD0, 0x00, 0x00, 0xF0, 0x3F, 0xF4, 0x00, 0x0F, 0x03, 0xFF, 0xF0, 0x00, 0xF0,
    0x3D, 0x1F, 0x40, 0x0F, 0x03, 0xD0, 0x7C, 0x00, 0xF0, 0x3D, 0x07, 0xC0, 0x1F, 0x03, 0xD0, 0x3C,
    0x02, 0xE0, 0x3D, 0x07, 0xC0, 0x3D, 0x03, 0xD0, 0x7C, 0x07, 0xC0, 0x3D, 0x1F, 0x43, 0xF8, 0x03,
    0xFF, 0xF0, 0x3D, 0x00, 0x3F, 0xF4, 0x00, 0xB8, 0x07, 0xC0, 0x00, 0xB8, 0x07, 0xC0, 0x00, 0xB8,
    0x07, 0xC0, 0x00, 0xB8, 0x07, 0xC0, 0x00, 0xB8, 0x07, 0xC0, 0x00, 0xB8, 0x07, 0xC0, 0x00, 0xB8,
    0x07, 0xC0, 0x00, 0xB8, 0x07, 0xC0, 0x00, 0xBF, 0xFF, 0xFF, 0x40, 0xBF, 0xFF, 0xFF, 0xF0, 0xB8,
    0x07, 0xC1, 0xF4, 0xB8, 0x07, 0xC0, 0x7C, 0xB8, 0x07, 0xC0, 0x7C, 0xB8, 0x07, 0xC0, 0x3C, 0xB8,
    0x07, 0xC0, 0x7C, 0xB8, 0x07, 0xC0, 0x7C, 0xB8, 0x07, 0xC1, 0xF4, 0xB8, 0x07, 0xFF, 0xF0, 0xB8,
    0x07, 0xFF, 0x40, 0xBF, 0xFF, 0xFC, 0x02, 0xFF, 0xFF, 0xF0, 0x00, 0x07, 0xC0, 0x00, 0x00, 0x1F,
    0x00, 0x00, 0x00, 0x7C, 0x00, 0x00, 0x01, 0xF0, 0x00, 0x00, 0x07, 0xC0, 0x00, 0x00, 0x1F, 0xBF,
    0xD0, 0x00, 0x7F, 0xFF, 0xE0, 0x01, 0xF4, 0x0B, 0xD0, 0x07, 0xC0, 0x0F, 0x80, 0x1F, 0x00, 0x1F,
    0x00, 0x7C, 0x00, 0x7C, 0x01, 0xF0, 0x01, 0xF0, 0x07, 0xC0, 0x07, 0xC0, 0x1F, 0x00, 0x1F, 0x00,
    0x7C, 0x00, 0x7C, 0x01, 0xF0, 0x01, 0xF0, 0x07, 0xC0, 0x07, 0xC0, 0x00, 0x00, 0x00, 0x00, 0x02,
    0xD0, 0x00, 0x00, 0xF4, 0x00, 0x00, 0xB8, 0x00, 0x00, 0x3C, 0x00, 0x00, 0x0D, 0x00, 0x00, 0x00,
    0x00, 0x03, 0xD0, 0x00, 0xBC, 0xF4, 0x00, 0x3D, 0x3D, 0x00, 0x2F, 0x0F, 0x40, 0x0F, 0x43, 0xD0,
    0x0B, 0xC0, 0xF4, 0x03, 0xD0, 0x3D, 0x02, 0xF0, 0x0F, 0x40, 0xF4, 0x03, 0xFF, 0xF8, 0x00, 0xFF,
    0xFE, 0x00, 0x3D, 0x03, 0xD0, 0x0F, 0x40, 0xBC, 0x03, 0xD0, 0x0F, 0x00, 0xF4, 0x03, 0xE0, 0x3D,
    0x00, 0x7C, 0x0F, 0x40, 0x0F, 0x43, 0xD0, 0x02, 0xF0, 0xF4, 0x00, 0x3F, 0xFD, 0x00, 0x07, 0xF0,
    0x00, 0x00, 0x00, 0x00, 0x74, 0x00, 0x00, 0x1F, 0x00, 0x00, 0x03, 0xD0, 0x00, 0x00, 0x3C, 0x00,
    0x00, 0x06, 0x00, 0x00, 0x00, 0x00, 0x03, 0xD0, 0x00, 0x7C, 0xF4, 0x00, 0x3F, 0x3D, 0x00, 0x1F,
    0xCF, 0x40, 0x0F, 0xF3, 0xD0, 0x07, 0xBC, 0xF4, 0x03, 0xCF, 0x3D, 0x01, 0xE3, 0xCF, 0x40, 0xF0,
    0xF3, 0xD0, 0x78, 0x3C, 0xF4, 0x3C, 0x0F, 0x3D, 0x1E, 0x03, 0xCF, 0x4F, 0x00, 0xF3, 0xC7, 0x80,
    0x3C, 0xF3, 0xC0, 0x0F, 0x3E, 0xE0, 0x03, 0xCF, 0xF0, 0x00, 0xF3, 0xF8, 0x00, 0x3C, 0xFC, 0x00,
    0x0F, 0x3E, 0x00, 0x03, 0xC0, 0x00, 0x00, 0x00, 0x00, 0x0A, 0x00, 0xB4, 0x00, 0x3C, 0x03, 0xC0,
    0x00, 0x78, 0x1E, 0x00, 0x00, 0xFF, 0xF0, 0x00, 0x00, 0xBE, 0x00, 0x00, 0x00, 0x00, 0x00, 0x00,
    0x00, 0x00, 0x00, 0xBC, 0x00, 0x01, 0xF0, 0xF0, 0x00, 0x0B, 0x83, 0xE0, 0x00, 0x3C, 0x07, 0xC0,
    0x01, 0xF0, 0x0F, 0x40, 0x0B, 0x40, 0x2F, 0x00, 0x3C, 0x00, 0x3D, 0x01, 0xE0, 0x00, 0xB8, 0x0F,
    0x40, 0x00, 0xF0, 0x3C, 0x00, 0x03, 0xD2, 0xE0, 0x00, 0x07, 0xCF, 0x00, 0x00, 0x0F, 0x7C, 0x00,
    0x00, 0x2F, 0xD0, 0x00, 0x00, 0x3F, 0x00, 0x00, 0x00, 0xB8, 0x00, 0x00, 0x02, 0xD0, 0x00, 0x00,
    0x0F, 0x00, 0x00, 0x1F, 0xF4, 0x00, 0x00, 0x7F, 0x80, 0x00, 0x00, 0xF8, 0x00, 0x1F, 0xF8, 0x00,
    0x1F, 0xF8, 0x00, 0x1F, 0xF8, 0x00, 0x1F, 0xF8, 0x00, 0x1F, 0xF8, 0x00, 0x1F, 0xF8, 0x00, 0x1F,
    0xF8, 0x00, 0x1F, 0xF8, 0x00, 0x1F, 0xF8, 0x00, 0x1F, 0xF8, 0x00, 0x1F, 0xF8, 0x00, 0x1F, 0xF8,
    0x00, 0x1F, 0xF8, 0x00, 0x1F, 0xF8, 0x00, 0x1F, 0xF8, 0x00, 0x1F, 0xF8, 0x00, 0x1F, 0xFF, 0xFF,
    0xFF, 0xFF, 0xFF, 0xFF, 0x00, 0x3C, 0x00, 0x00, 0x3C, 0x00, 0x00, 0x3C, 0x00, 0x00, 0x3C, 0x00,
    0x00, 0x0B, 0xF0, 0x00, 0x00, 0x0F, 0xF0, 0x00, 0x00, 0x0F, 0xF4, 0x00, 0x00, 0x1E, 0x78, 0x00,
    0x00, 0x3D, 0x3C, 0x00, 0x00, 0x3C, 0x3D, 0x00, 0x00, 0x7C, 0x2E, 0x00, 0x00, 0xB8, 0x1F, 0x00,
    0x00, 0xF4, 0x0F, 0x00, 0x01, 0xF0, 0x0F, 0x40, 0x02, 0xE0, 0x0B, 0xC0, 0x03, 0xD0, 0x07, 0xC0,
    0x03, 0xFF, 0xFF, 0xD0, 0x07, 0xFF, 0xFF, 0xE0, 0x0F, 0x80, 0x01, 0xF0, 0x0F, 0x40, 0x00, 0xF4,
    0x1F, 0x00, 0x00, 0xF8, 0x2E, 0x00, 0x00, 0x7C, 0x3D, 0x00, 0x00, 0x3C, 0xBF, 0xFF, 0xFC, 0x2F,
    0xFF, 0xFF, 0x0B, 0x80, 0x00, 0x02, 0xE0, 0x00, 0x00, 0xB8, 0x00, 0x00, 0x2E, 0x00, 0x00, 0x0B,
    0x80, 0x00, 0x02, 0xE0, 0x00, 0x00, 0xBF, 0xFF, 0xE0, 0x2F, 0xFF, 0xFF, 0x0B, 0x80, 0x07, 0xF2,
    0xE0, 0x00, 0x3C, 0xB8, 0x00, 0x0F, 0x6E, 0x00, 0x03, 0xDB, 0x80, 0x00, 0xF6, 0xE0, 0x00, 0x3C,
    0xB8, 0x00, 0x7F, 0x2F, 0xFF, 0xFF, 0x0B, 0xFF, 0xFE, 0x00, 0xBF, 0xFF, 0xD0, 0x2F, 0xFF, 0xFE,
    0x0B, 0x80, 0x0B, 0xD2, 0xE0, 0x00, 0xBC, 0xB8, 0x00, 0x1F, 0x2E, 0x00, 0x07, 0xCB, 0x80, 0x02,
    0xE2, 0xE0, 0x02, 0xF0, 0xBF, 0xFF, 0xE0, 0x2F, 0xFF, 0xFE, 0x0B, 0x80, 0x07, 0xE2, 0xE0, 0x00,
    0x3D, 0xB8, 0x00, 0x0F, 0xAE, 0x00, 0x02, 0xEB, 0x80, 0x00, 0xFA, 0xE0, 0x00, 0x3D, 0xB8, 0x00,
    0x7F, 0x2F, 0xFF, 0xFF, 0x0B, 0xFF, 0xFE, 0x00, 0x7F, 0xFF, 0xFC, 0x7F, 0xFF, 0xFC, 0x7C, 0x00,
    0x00, 0x7C, 0x00, 0x00, 0x7C, 0x00, 0x00, 0x7C, 0x00, 0x00, 0x7C, 0x00, 0x00, 0x7C, 0x00, 0x00,
    0x7C, 0x00, 0x00, 0x7C, 0x00, 0x00, 0x7C, 0x00, 0x00, 0x7C, 0x00, 0x00, 0x7C, 0x00, 0x00, 0x7C,
    0x00, 0x00, 0x7C, 0x00, 0x00, 0x7C, 0x00, 0x00, 0x7C, 0x00, 0x00, 0x7C, 0x00, 0x00, 0x7C, 0x00,
    0x00, 0x00, 0xBF, 0xFF, 0xD0, 0x00, 0xBF, 0xFF, 0xD0, 0x00, 0xB8, 0x03, 0xD0, 0x00, 0xB8, 0x03,
    0xD0, 0x00, 0xB8, 0x03, 0xD0, 0x00, 0xB8, 0x03, 0xD0, 0x00, 0xB8, 0x03, 0xD0, 0x00, 0xB8, 0x03,
    0xD0, 0x00, 0xB8, 0x03, 0xD0, 0x00, 0xB8, 0x03, 0xD0, 0x00, 0xF4, 0x03, 0xD0, 0x00, 0xF4, 0x03,
    0xD0, 0x00, 0xF0, 0x03, 0xD0, 0x01, 0xF0, 0x03, 0xD0, 0x03, 0xE0, 0x03, 0xD0, 0x03, 0xD0, 0x03,
    0xD0, 0x0B, 0xC0, 0x03, 0xD0, 0xBF, 0xFF, 0xFF, 0xFE, 0xBF, 0xFF, 0xFF, 0xFE, 0xB4, 0x00, 0x00,
    0x2E, 0xB4, 0x00, 0x00, 0x2E, 0xB4, 0x00, 0x00, 0x2E, 0xB4, 0x00, 0x00, 0x2E, 0xBF, 0xFF, 0xFF,
    0x2F, 0xFF, 0xFF, 0xCB, 0x80, 0x00, 0x02, 0xE0, 0x00, 0x00, 0xB8, 0x00, 0x00, 0x2E, 0x00, 0x00,
    0x0B, 0x80, 0x00, 0x02, 0xE0, 0x00, 0x00, 0xBF, 0xFF, 0xFE, 0x2F, 0xFF, 0xFF, 0x8B, 0x80, 0x00,
    0x02, 0xE0, 0x00, 0x00, 0xB8, 0x00, 0x00, 0x2E, 0x00, 0x00, 0x0B, 0x80, 0x00, 0x02, 0xE0, 0x00,
    0x00, 0xB8, 0x00, 0x00, 0x2F, 0xFF, 0xFF, 0xCB, 0xFF, 0xFF, 0xF0, 0x7C, 0x03, 0xC0, 0x2E, 0x0F,
    0x00, 0xF0, 0x0F, 0x43, 0xD0, 0x3C, 0x03, 0xC0, 0x7C, 0x0F, 0x02, 0xE0, 0x0F, 0x03, 0xC0, 0xF4,
    0x03, 0xD0, 0xF0, 0x3C, 0x00, 0xB8, 0x3C, 0x1F, 0x00, 0x0F, 0x0F, 0x0F, 0x40, 0x02, 0xFF, 0xFF,
    0x80, 0x00, 0xBF, 0xFF, 0xE0, 0x00, 0x7C, 0x3C, 0x3D, 0x00, 0x2E, 0x0F, 0x07, 0xC0, 0x0F, 0x43,
    0xC0, 0xF0, 0x07, 0xC0, 0xF0, 0x3D, 0x02, 0xE0, 0x3C, 0x0B, 0xC0, 0xF4, 0x0F, 0x01, 0xF0, 0x3C,
    0x03, 0xC0, 0x3D, 0x1F, 0x00, 0xF0, 0x0B, 0x8F, 0x80, 0x3C, 0x01, 0xF0, 0x01, 0xBF, 0xE0, 0x00,
    0xBF, 0xFF, 0xD0, 0x3F, 0x40, 0x7F, 0x01, 0xC0, 0x00, 0xF4, 0x00, 0x00, 0x0F, 0x80, 0x00, 0x00,
    0xF8, 0x00, 0x00, 0x0F, 0x40, 0x00, 0x07, 0xE0, 0x00, 0xFF, 0xE4, 0x00, 0x0F, 0xFF, 0x80, 0x00,
    0x00, 0x2F, 0x00, 0x00, 0x00, 0xF8, 0x00, 0x00, 0x07, 0xC0, 0x00, 0x00, 0x7C, 0x10, 0x00, 0x07,
    0xCB, 0xC0, 0x00, 0xF8, 0x3F, 0x40, 0x7F, 0x00, 0xFF, 0xFF, 0xD0, 0x01, 0xBF, 0xD0, 0x00, 0xF4,
    0x00, 0x1F, 0x3D, 0x00, 0x0F, 0xCF, 0x40, 0x07, 0xF3, 0xD0, 0x03, 0xFC, 0xF4, 0x01, 0xEF, 0x3D,
    0x00, 0xF3, 0xCF, 0x40, 0x78, 0xF3, 0xD0, 0x3C, 0x3C, 0xF4, 0x1E, 0x0F, 0x3D, 0x0F, 0x03, 0xCF,
    0x47, 0x80, 0xF3, 0xD3, 0xC0, 0x3C, 0xF1, 0xE0, 0x0F, 0x3C, 0xF0, 0x03, 0xCF, 0xB8, 0x00, 0xF3,
    0xFC, 0x00, 0x3C, 0xFE, 0x00, 0x0F, 0x3F, 0x00, 0x03, 0xCF, 0x80, 0x00, 0xF0, 0x00, 0x00, 0x00,
    0x02, 0x80, 0x2D, 0x00, 0xF0, 0x0F, 0x00, 0x1E, 0x07, 0x80, 0x03, 0xFF, 0xC0, 0x00, 0x2F, 0x80,
    0x00, 0x00, 0x00, 0x00, 0x00, 0x00, 0x00, 0xF4, 0x00, 0x1F, 0x3D, 0x00, 0x0F, 0xCF, 0x40, 0x07,
    0xF3, 0xD0, 0x03, 0xFC, 0xF4, 0x01, 0xEF, 0x3D, 0x00, 0xF3, 0xCF, 0x40, 0x78, 0xF3, 0xD0, 0x3C,
    0x3C, 0xF4, 0x1E, 0x0F, 0x3D, 0x0F, 0x03, 0xCF, 0x47, 0x80, 0xF3, 0xD3, 0xC0, 0x3C, 0xF1, 0xE0,
    0x0F, 0x3C, 0xF0, 0x03, 0xCF, 0xB8, 0x00, 0xF3, 0xFC, 0x00, 0x3C, 0xFE, 0x00, 0x0F, 0x3F, 0x00,
    0x03, 0xCF, 0x80, 0x00, 0xF0, 0xF4, 0x00, 0x2F, 0x3D, 0x00, 0x0F, 0x4F, 0x40, 0x0B, 0xC3, 0xD0,
    0x03, 0xD0, 0xF4, 0x02, 0xF0, 0x3D, 0x00, 0xF4, 0x0F, 0x40, 0xBC, 0x03, 0xD0, 0x3D, 0x00, 0xFF,
    0xFE, 0x00, 0x3F, 0xFF, 0x80, 0x0F, 0x40, 0xF4, 0x03, 0xD0, 0x2F, 0x00, 0xF4, 0x03, 0xC0, 0x3D,
    0x00, 0xF8, 0x0F, 0x40, 0x1F, 0x03, 0xD0, 0x03, 0xD0, 0xF4, 0x00, 0xBC, 0x3D, 0x00, 0x0F, 0xFF,
    0x40, 0x01, 0xFC, 0x00, 0xBF, 0xFF, 0xF0, 0x02, 0xFF, 0xFF, 0xC0, 0x0B, 0x80, 0x0F, 0x00, 0x2E,
    0x00, 0x3C, 0x00, 0xB8, 0x00, 0xF0, 0x02, 0xD0, 0x03, 0xC0, 0x0B, 0x40, 0x0F, 0x00, 0x2D, 0x00,
    0x3C, 0x00, 0xF4, 0x00, 0xF0, 0x03, 0xD0, 0x03, 0xC0, 0x0F, 0x40, 0x0F, 0x00, 0x3C, 0x00, 0x3C,
    0x00, 0xF0, 0x00, 0xF0, 0x07, 0xC0, 0x03, 0xC0, 0x2E, 0x00, 0x0F, 0x00, 0xF4, 0x00, 0x3C, 0x0B,
    0xC0, 0x00, 0xF3, 0xFD, 0x00, 0x03, 0xCF, 0xD0, 0x00, 0x0F, 0x00, 0x3F, 0x00, 0x0B, 0xD3, 0xF4,
    0x00, 0xFD, 0x3F, 0xC0, 0x1F, 0xD3, 0xFC, 0x03, 0xFD, 0x3D, 0xE0, 0x7A, 0xD3, 0xCF, 0x0B, 0x2D,
    0x3C, 0xB4, 0xF2, 0xD3, 0xC3, 0xDD, 0x2D, 0x3C, 0x3F, 0xC2, 0xD3, 0xC1, 0xF8, 0x2D, 0x3C, 0x0F,
    0x02, 0xD3, 0xC0, 0xA0, 0x2D, 0x3C, 0x01, 0x02, 0xD3, 0xC0, 0x00, 0x2D, 0x3C, 0x00, 0x02, 0xD3,
    0xC0, 0x00, 0x2D, 0x3C, 0x00, 0x02, 0xD3, 0xC0, 0x00, 0x2D, 0x3C, 0x00, 0x02, 0xD0, 0xF4, 0x00,
    0x0F, 0x3D, 0x00, 0x03, 0xCF, 0x40, 0x00, 0xF3, 0xD0, 0x00, 0x3C, 0xF4, 0x00, 0x0F, 0x3D, 0x00,
    0x03, 0xCF, 0x40, 0x00, 0xF3, 0xD0, 0x00, 0x3C, 0xFF, 0xFF, 0xFF, 0x3F, 0xFF, 0xFF, 0xCF, 0x40,
    0x00, 0xF3, 0xD0, 0x00, 0x3C, 0xF4, 0x00, 0x0F, 0x3D, 0x00, 0x03, 0xCF, 0x40, 0x00, 0xF3, 0xD0,
    0x00, 0x3C, 0xF4, 0x00, 0x0F, 0x3D, 0x00, 0x03, 0xCF, 0x40, 0x00, 0xF0, 0x00, 0x7F, 0xE0, 0x00,
    0x3F, 0xFF, 0xD0, 0x0F, 0xD0, 0x3F, 0x01, 0xF0, 0x00, 0xF8, 0x3D, 0x00, 0x07, 0xC3, 0xC0, 0x00,
    0x3D, 0x7C, 0x00, 0x03, 0xD7, 0xC0, 0x00, 0x3E, 0x7C, 0x00, 0x02, 0xE7, 0xC0, 0x00, 0x2E, 0x7C,
    0x00, 0x02, 0xE7, 0xC0, 0x00, 0x2E, 0x7C, 0x00, 0x03, 0xD3, 0xC0, 0x00, 0x3D, 0x3D, 0x00, 0x07,
    0xC1, 0xF0, 0x00, 0xF8, 0x0F, 0xD0, 0x3F, 0x00, 0x3F, 0xFF, 0xD0, 0x00, 0x7F, 0xE0, 0x00, 0xFF,
    0xFF, 0xFF, 0xFF, 0xFF, 0xFF, 0xF8, 0x00, 0x1F, 0xF8, 0x00, 0x1F, 0xF8, 0x00, 0x1F, 0xF8, 0x00,
    0x1F, 0xF8, 0x00, 0x1F, 0xF8, 0x00, 0x1F, 0xF8, 0x00, 0x1F, 0xF8, 0x00, 0x1F, 0xF8, 0x00, 0x1F,
    0xF8, 0x00, 0x1F, 0xF8, 0x00, 0x1F, 0xF8, 0x00, 0x1F, 0xF8, 0x00, 0x1F, 0xF8, 0x00, 0x1F, 0xF8,
    0x00, 0x1F, 0xF8, 0x00, 0x1F, 0xF8, 0x00, 0x1F, 0xBF, 0xFF, 0xE0, 0x2F, 0xFF, 0xFF, 0x4B, 0x80,
    0x03, 0xF2, 0xE0, 0x00, 0x3D, 0xB8, 0x00, 0x0F, 0xAE, 0x00, 0x02, 0xEB, 0x80, 0x00, 0xFA, 0xE0,
    0x00, 0x3D, 0xB8, 0x00, 0x3F, 0x2F, 0xFF, 0xFF, 0x4B, 0xFF, 0xFE, 0x02, 0xE0, 0x00, 0x00, 0xB8,
    0x00, 0x00, 0x2E, 0x00, 0x00, 0x0B, 0x80, 0x00, 0x02, 0xE0, 0x00, 0x00, 0xB8, 0x00, 0x00, 0x2E,
    0x00, 0x00, 0x0B, 0x80, 0x00, 0x00, 0x00, 0x2F, 0xF4, 0x00, 0x2F, 0xFF, 0xE0, 0x07, 0xE0, 0x1F,
    0x80, 0xF8, 0x00, 0x7C, 0x1F, 0x00, 0x02, 0x82, 0xE0, 0x00, 0x00, 0x3D, 0x00, 0x00, 0x03, 0xD0,
    0x00, 0x00, 0x3D, 0x00, 0x00, 0x03, 0xD0, 0x00, 0x00, 0x3D, 0x00, 0x00, 0x03, 0xD0, 0x00, 0x00,
    0x3D, 0x00, 0x00, 0x02, 0xE0, 0x00, 0x00, 0x1F, 0x00, 0x02, 0x80, 0xF8, 0x00, 0x7C, 0x07, 0xE0,
    0x1F, 0x80, 0x2F, 0xFF, 0xE0, 0x00, 0x2F, 0xF4, 0x00, 0x7F, 0xFF, 0xFF, 0xFE, 0x7F, 0xFF, 0xFF,
    0xFE, 0x00, 0x03, 0xC0, 0x00, 0x00, 0x03, 0xC0, 0x00, 0x00, 0x03, 0xC0, 0x00, 0x00, 0x03, 0xC0,
    0x00, 0x00, 0x03, 0xC0, 0x00, 0x00, 0x03, 0xC0, 0x00, 0x00, 0x03, 0xC0, 0x00, 0x00, 0x03, 0xC0,
    0x00, 0x00, 0x03, 0xC0, 0x00, 0x00, 0x03, 0xC0, 0x00, 0x00, 0x03, 0xC0, 0x00, 0x00, 0x03, 0xC0,
    0x00, 0x00, 0x03, 0xC0, 0x00, 0x00, 0x03, 0xC0, 0x00, 0x00, 0x03, 0xC0, 0x00, 0x00, 0x03, 0xC0,
    0x00, 0x00, 0x03, 0xC0, 0x00, 0xBC, 0x00, 0x01, 0xF0, 0xF0, 0x00, 0x0B, 0x83, 0xE0, 0x00, 0x3C,
    0x07, 0xC0, 0x01, 0xF0, 0x0F, 0x40, 0x0B, 0x40, 0x2F, 0x00, 0x3C, 0x00, 0x3D, 0x01, 0xE0, 0x00,
    0xB8, 0x0F, 0x40, 0x00, 0xF0, 0x3C, 0x00, 0x03, 0xD2, 0xE0, 0x00, 0x07, 0xCF, 0x00, 0x00, 0x0F,
    0x7C, 0x00, 0x00, 0x2F, 0xD0, 0x00, 0x00, 0x3F, 0x00, 0x00, 0x00, 0xB8, 0x00, 0x00, 0x02, 0xD0,
    0x00, 0x00, 0x0F, 0x00, 0x00, 0x1F, 0xF4, 0x00, 0x00, 0x7F, 0x80, 0x00, 0x00, 0x00, 0x03, 0xC0,
    0x00, 0x00, 0x03, 0xC0, 0x00, 0x00, 0x7F, 0xFD, 0x00, 0x03, 0xFF, 0xFF, 0xC0, 0x0F, 0xD3, 0xC7,
    0xF0, 0x1F, 0x03, 0xC0, 0xF8, 0x3D, 0x03, 0xC0, 0x3C, 0x3C, 0x03, 0xC0, 0x3D, 0x3C, 0x03, 0xC0,
    0x3D, 0x7C, 0x03, 0xC0, 0x3D, 0x3C, 0x03, 0xC0, 0x3D, 0x3C, 0x03, 0xC0, 0x3D, 0x3D, 0x03, 0xC0,
    0x3C, 0x2F, 0x03, 0xC0, 0xB8, 0x0F, 0xD3, 0xC7, 0xF0, 0x03, 0xFF, 0xFF, 0xC0, 0x00, 0x7F, 0xFD,
    0x00, 0x00, 0x03, 0xC0, 0x00, 0x00, 0x03, 0xC0, 0x00, 0x2F, 0x00, 0x00, 0x7C, 0x0F, 0x80, 0x00,
    0xF4, 0x07, 0xC0, 0x02, 0xF0, 0x03, 0xE0, 0x07, 0xC0, 0x00, 0xF4, 0x0F, 0x80, 0x00, 0xBC, 0x2F,
    0x00, 0x00, 0x3E, 0x3D, 0x00, 0x00, 0x1F, 0xF8, 0x00, 0x00, 0x0B, 0xF0, 0x00, 0x00, 0x07, 0xE0,
    0x00, 0x00, 0x0F, 0xF4, 0x00, 0x00, 0x2F, 0xBC, 0x00, 0x00, 0x3C, 0x3D, 0x00, 0x00, 0xF8, 0x1F,
    0x00, 0x01, 0xF0, 0x0B, 0x80, 0x03, 0xD0, 0x03, 0xD0, 0x0B, 0xC0, 0x02, 0xF0, 0x1F, 0x00, 0x00,
    0xF8, 0x3E, 0x00, 0x00, 0x7C, 0xF4, 0x00, 0x3D, 0x0F, 0x40, 0x03, 0xD0, 0xF4, 0x00, 0x3D, 0x0F,
    0x40, 0x03, 0xD0, 0xF4, 0x00, 0x3D, 0x0F, 0x40, 0x03, 0xD0, 0xF4, 0x00, 0x3D, 0x0F, 0x40, 0x03,
    0xD0, 0xF4, 0x00, 0x3D, 0x0F, 0x40, 0x03, 0xD0, 0xF4, 0x00, 0x3D, 0x0F, 0x40, 0x03, 0xD0, 0xF4,
    0x00, 0x3D, 0x0F, 0x40, 0x03, 0xD0, 0xF4, 0x00, 0x3D, 0x0F, 0x40, 0x03, 0xD0, 0xF4, 0x00, 0x3D,
    0x0F, 0xFF, 0xFF, 0xFE, 0xFF, 0xFF, 0xFF, 0xE0, 0x00, 0x00, 0x2E, 0x00, 0x00, 0x02, 0xE0, 0x00,
    0x00, 0x2E, 0x00, 0x00, 0x02, 0xE0, 0x7C, 0x00, 0x07, 0xDF, 0x00, 0x01, 0xF7, 0xC0, 0x00, 0x7D,
    0xF0, 0x00, 0x1F, 0x7C, 0x00, 0x07, 0xDF, 0x00, 0x01, 0xF7, 0xC0, 0x00, 0x7C, 0xF0, 0x00, 0x1F,
    0x3D, 0x00, 0x07, 0xCB, 0xD0, 0x07, 0xF0, 0xFF, 0xFF, 0xFC, 0x07, 0xFF, 0xAF, 0x00, 0x00, 0x07,
    0xC0, 0x00, 0x01, 0xF0, 0x00, 0x00, 0x7C, 0x00, 0x00, 0x1F, 0x00, 0x00, 0x07, 0xC0, 0x00, 0x01,
    0xF0, 0x00, 0x00, 0x7C, 0xB8, 0x0F, 0x01, 0xFB, 0x80, 0xF0, 0x1F, 0xB8, 0x0F, 0x01, 0xFB, 0x80,
    0xF0, 0x1F, 0xB8, 0x0F, 0x01, 0xFB, 0x80, 0xF0, 0x1F, 0xB8, 0x0F, 0x01, 0xFB, 0x80, 0xF0, 0x1F,
    0xB8, 0x0F, 0x01, 0xFB, 0x80, 0xF0, 0x1F, 0xB8, 0x0F, 0x01, 0xFB, 0x80, 0xF0, 0x1F, 0xB8, 0x0F,
    0x01, 0xFB, 0x80, 0xF0, 0x1F, 0xB8, 0x0F, 0x01, 0xFB, 0x80, 0xF0, 0x1F, 0xB8, 0x0F, 0x01, 0xFB,
    0xFF, 0xFF, 0xFF, 0xBF, 0xFF, 0xFF, 0xF0, 0xB8, 0x1F, 0x03, 0xC0, 0xB8, 0x1F, 0x03, 0xC0, 0xB8,
    0x1F, 0x03, 0xC0, 0xB8, 0x1F, 0x03, 0xC0, 0xB8, 0x1F, 0x03, 0xC0, 0xB8, 0x1F, 0x03, 0xC0, 0xB8,
    0x1F, 0x03, 0xC0, 0xB8, 0x1F, 0x03, 0xC0, 0xB8, 0x1F, 0x03, 0xC0, 0xB8, 0x1F, 0x03, 0xC0, 0xB8,
    0x1F, 0x03, 0xC0, 0xB8, 0x1F, 0x03, 0xC0, 0xB8, 0x1F, 0x03, 0xC0, 0xB8, 0x1F, 0x03, 0xC0, 0xB8,
    0x1F, 0x03, 0xC0, 0xB8, 0x1F, 0x03, 0xC0, 0xB8, 0x1F, 0x03, 0xC0, 0xBF, 0xFF, 0xFF, 0xFC, 0xBF,
    0xFF, 0xFF, 0xFC, 0x00, 0x00, 0x00, 0x3C, 0x00, 0x00, 0x00, 0x3C, 0x00, 0x00, 0x00, 0x3C, 0x00,
    0x00, 0x00, 0x3C, 0xBF, 0xFC, 0x00, 0x00, 0xBF, 0xFC, 0x00, 0x00, 0x00, 0x7C, 0x00, 0x00, 0x00,
    0x7C, 0x00, 0x00, 0x00, 0x7C, 0x00, 0x00, 0x00, 0x7C, 0x00, 0x00, 0x00, 0x7C, 0x00, 0x00, 0x00,
    0x7C, 0x00, 0x00, 0x00, 0x7F, 0xFF, 0x80, 0x00, 0x7F, 0xFF, 0xF4, 0x00, 0x7C, 0x00, 0xFC, 0x00,
    0x7C, 0x00, 0x3D, 0x00, 0x7C, 0x00, 0x3E, 0x00, 0x7C, 0x00, 0x3E, 0x00, 0x7C, 0x00, 0x3E, 0x00,
    0x7C, 0x00, 0x3D, 0x00, 0x7C, 0x00, 0xFC, 0x00, 0x7F, 0xFF, 0xF4, 0x00, 0x7F, 0xFF, 0x80, 0xB8,
    0x00, 0x01, 0xFB, 0x80, 0x00, 0x1F, 0xB8, 0x00, 0x01, 0xFB, 0x80, 0x00, 0x1F, 0xB8, 0x00, 0x01,
    0xFB, 0x80, 0x00, 0x1F, 0xB8, 0x00, 0x01, 0xFB, 0x80, 0x00, 0x1F, 0xBF, 0xF8, 0x01, 0xFB, 0xFF,
    0xF4, 0x1F, 0xB8, 0x0B, 0xC1, 0xFB, 0x80, 0x3D, 0x1F, 0xB8, 0x02, 0xE1, 0xFB, 0x80, 0x2E, 0x1F,
    0xB8, 0x02, 0xE1, 0xFB, 0x80, 0x3D, 0x1F, 0xB8, 0x0B, 0xC1, 0xFB, 0xFF, 0xF4, 0x1F, 0xBF, 0xF8,
    0x01, 0xF0, 0xBC, 0x00, 0x00, 0x2F, 0x00, 0x00, 0x0B, 0xC0, 0x00, 0x02, 0xF0, 0x00, 0x00, 0xBC,
    0x00, 0x00, 0x2F, 0x00, 0x00, 0x0B, 0xC0, 0x00, 0x02, 0xF0, 0x00, 0x00, 0xBF, 0xFF, 0xE0, 0x2F,
    0xFF, 0xFF, 0x4B, 0xC0, 0x03, 0xF2, 0xF0, 0x00, 0x3D, 0xBC, 0x00, 0x0F, 0xAF, 0x00, 0x03, 0xEB,
    0xC0, 0x00, 0xFA, 0xF0, 0x00, 0x3D, 0xBC, 0x00, 0x3F, 0x2F, 0xFF, 0xFF, 0x4B, 0xFF, 0xFE, 0x00,
    0x01, 0xBF, 0x90, 0x00, 0xBF, 0xFF, 0x80, 0x1F, 0x80, 0x7E, 0x03, 0xD0, 0x00, 0xF4, 0x2C, 0x00,
    0x0B, 0x80, 0x00, 0x00, 0x7C, 0x00, 0x00, 0x03, 0xC0, 0x00, 0x00, 0x3D, 0x00, 0x7F, 0xFF, 0xD0,
    0x07, 0xFF, 0xFD, 0x00, 0x00, 0x03, 0xD0, 0x00, 0x00, 0x3D, 0x00, 0x00, 0x03, 0xC0, 0x00, 0x00,
    0x7C, 0x2C, 0x00, 0x0B, 0x83, 0xD0, 0x01, 0xF4, 0x1F, 0x80, 0x7E, 0x00, 0xBF, 0xFF, 0x80, 0x01,
    0xBF, 0x90, 0x00, 0xB8, 0x02, 0xFE, 0x02, 0xE0, 0x3F, 0xFE, 0x0B, 0x82, 0xF0, 0x7C, 0x2E, 0x0F,
    0x40, 0xB4, 0xB8, 0x3C, 0x02, 0xE2, 0xE0, 0xF0, 0x07, 0xCB, 0x87, 0xC0, 0x1F, 0x2E, 0x1F, 0x00,
    0x7C, 0xBF, 0xFC, 0x01, 0xF2, 0xFF, 0xF0, 0x07, 0xCB, 0x87, 0xC0, 0x1F, 0x2E, 0x1F, 0x00, 0x7C,
    0xB8, 0x7C, 0x01, 0xF2, 0xE0, 0xF0, 0x07, 0xCB, 0x83, 0xC0, 0x2E, 0x2E, 0x0F, 0x40, 0xB4, 0xB8,
    0x2F, 0x07, 0xC2, 0xE0, 0x3F, 0xFE, 0x0B, 0x80, 0x2F, 0xE0, 0x00, 0x01, 0xFF, 0xFF, 0xC2, 0xFF,
    0xFF, 0xF1, 0xF8, 0x00, 0x7C, 0xB8, 0x00, 0x1F, 0x3D, 0x00, 0x07, 0xCF, 0x40, 0x01, 0xF3, 0xD0,
    0x00, 0x7C, 0xB8, 0x00, 0x1F, 0x0F, 0x80, 0x07, 0xC1, 0xFF, 0xFF, 0xF0, 0x06, 0xFF, 0xFC, 0x01,
    0xF0, 0x1F, 0x00, 0xF4, 0x07, 0xC0, 0xBC, 0x01, 0xF0, 0x3E, 0x00, 0x7C, 0x1F, 0x00, 0x1F, 0x0F,
    0x80, 0x07, 0xFF, 0xC0, 0x01, 0xFF, 0xD0, 0x00, 0x7C, 0x00, 0xBF, 0x90, 0x00, 0xBF, 0xFF, 0x80,
    0x1F, 0x40, 0xBD, 0x00, 0xC0, 0x02, 0xF0, 0x00, 0x00, 0x1F, 0x00, 0x00, 0x01, 0xF0, 0x02, 0xFF,
    0xFF, 0x01, 0xFF, 0xFF, 0xF0, 0x3F, 0x40, 0x1F, 0x03, 0xC0, 0x01, 0xF0, 0x3C, 0x00, 0x1F, 0x03,
    0xE0, 0x0A, 0xF0, 0x1F, 0xFF, 0xCB, 0xF0, 0x2F, 0xE0, 0x3F, 0x00, 0x06, 0xFF, 0x40, 0x0B, 0xFF,
    0xF4, 0x03, 0xF9, 0x40, 0x00, 0xBC, 0x00, 0x00, 0x0F, 0x00, 0x00, 0x01, 0xE0, 0x00, 0x00, 0x2D,
    0x2F, 0xE0, 0x03, 0xDF, 0xFF, 0xD0, 0x3E, 0x80, 0x2F, 0x03, 0xE0, 0x00, 0xB8, 0x3D, 0x00, 0x03,
    0xC3, 0xC0, 0x00, 0x3D, 0x3C, 0x00, 0x03, 0xD3, 0xC0, 0x00, 0x3D, 0x3C, 0x00, 0x03, 0xD2, 0xD0,
    0x00, 0x3C, 0x1F, 0x00, 0x0B, 0x80, 0xBD, 0x02, 0xF0, 0x03, 0xFF, 0xFC, 0x00, 0x07, 0xFE, 0x00,
    0x3F, 0xFF, 0xE0, 0x0F, 0xFF, 0xFF, 0x03, 0xC0, 0x07, 0xD0, 0xF0, 0x00, 0xB8, 0x3C, 0x00, 0x2E,
    0x0F, 0x00, 0x1F, 0x03, 0xFF, 0xFE, 0x00, 0xFF, 0xFF, 0xE0, 0x3C, 0x00, 0x2E, 0x0F, 0x00, 0x03,
    0xC3, 0xC0, 0x00, 0xF0, 0xF0, 0x00, 0xBC, 0x3F, 0xFF, 0xFC, 0x0F, 0xFF, 0xFD, 0x00, 0x7F, 0xFF,
    0xF9, 0xFF, 0xFF, 0xE7, 0xC0, 0x00, 0x1F, 0x00, 0x00, 0x7C, 0x00, 0x01, 0xF0, 0x00, 0x07, 0xC0,
    0x00, 0x1F, 0x00, 0x00, 0x7C, 0x00, 0x01, 0xF0, 0x00, 0x07, 0xC0, 0x00, 0x1F, 0x00, 0x00, 0x7C,
    0x00, 0x01, 0xF0, 0x00, 0x00, 0x00, 0xFF, 0xFF, 0xC0, 0x00, 0xFF, 0xFF, 0xC0, 0x00, 0xF0, 0x03,
    0xC0, 0x00, 0xF0, 0x03, 0xC0, 0x00, 0xF0, 0x03, 0xC0, 0x00, 0xF0, 0x03, 0xC0, 0x00, 0xF0, 0x03,
    0xC0, 0x01, 0xF0, 0x03, 0xC0, 0x01, 0xF0, 0x03, 0xC0, 0x02, 0xE0, 0x03, 0xC0, 0x03, 0xC0, 0x03,
    0xC0, 0x0B, 0x80, 0x03, 0xC0, 0x7F, 0xFF, 0xFF, 0xFD, 0x7F, 0xFF, 0xFF, 0xFD, 0x78, 0x00, 0x00,
    0x2D, 0x78, 0x00, 0x00, 0x2D, 0x78, 0x00, 0x00, 0x2D, 0x78, 0x00, 0x00, 0x2D, 0x00, 0x7F, 0xE0,
    0x00, 0x3F, 0xFF, 0xD0, 0x0F, 0xD0, 0x2F, 0x01, 0xF0, 0x00, 0xB8, 0x3D, 0x00, 0x03, 0xC3, 0xC0,
    0x00, 0x3D, 0x3F, 0xFF, 0xFF, 0xD3, 0xFF, 0xFF, 0xFD, 0x3C, 0x00, 0x00, 0x03, 0xC0, 0x00, 0x00,
    0x1F, 0x00, 0x03, 0x40, 0xFD, 0x01, 0xF8, 0x03, 0xFF, 0xFE, 0x00, 0x07, 0xFE, 0x40, 0x3C, 0x03,
    0xC0, 0x3C, 0x2D, 0x03, 0xC0, 0x3C, 0x1E, 0x03, 0xC0, 0xB4, 0x0F, 0x03, 0xC0, 0xF0, 0x0F, 0x43,
    0xC0, 0xF0, 0x07, 0x83, 0xC1, 0xE0, 0x03, 0xFF, 0xFF, 0x80, 0x03, 0xFF, 0xFF, 0xD0, 0x0B, 0x83,
    0xC1, 0xF0, 0x0F, 0x43, 0xC0, 0xF0, 0x0F, 0x03, 0xC0, 0xF4, 0x1E, 0x03, 0xC0, 0xB8, 0x3D, 0x03,
    0xC0, 0x3C, 0x3C, 0x03, 0xC0, 0x3D, 0x01, 0xBF, 0xE0, 0x02, 0xFF, 0xFF, 0x42, 0xF4, 0x03, 0xF0,
    0x70, 0x00, 0x3C, 0x00, 0x00, 0x0F, 0x00, 0x00, 0x0B, 0x80, 0x0F, 0xFF, 0x40, 0x03, 0xFF, 0xF4,
    0x00, 0x00, 0x2F, 0x00, 0x00, 0x03, 0xD2, 0x80, 0x00, 0xF4, 0xFD, 0x00, 0xBC, 0x0F, 0xFF, 0xFD,
    0x00, 0x7F, 0xF8, 0x00, 0x78, 0x00, 0x2E, 0x78, 0x00, 0x7E, 0x78, 0x00, 0xFE, 0x78, 0x02, 0xFE,
    0x78, 0x07, 0xDE, 0x78, 0x0F, 0x1E, 0x78, 0x2D, 0x2E, 0x78, 0x7C, 0x2E, 0x78, 0xF0, 0x2E, 0x7A,
    0xE0, 0x2E, 0x7F, 0xC0, 0x2E, 0x7F, 0x00, 0x2E, 0x7E, 0x00, 0x2E, 0x7C, 0x00, 0x2E, 0x00, 0x00,
    0x00, 0x0A, 0x00, 0xA0, 0x0F, 0x00, 0xF0, 0x0B, 0x41, 0xE0, 0x03, 0xFF, 0xC0, 0x00, 0xBE, 0x00,
    0x00, 0x00, 0x00, 0x00, 0x00, 0x00, 0x78, 0x00, 0x2E, 0x78, 0x00, 0x7E, 0x78, 0x00, 0xFE, 0x78,
    0x02, 0xFE, 0x78, 0x07, 0xDE, 0x78, 0x0F, 0x1E, 0x78, 0x2D, 0x2E, 0x78, 0x7C, 0x2E, 0x78, 0xF0,
    0x2E, 0x7A, 0xE0, 0x2E, 0x7F, 0xC0, 0x2E, 0x7F, 0x00, 0x2E, 0x7E, 0x00, 0x2E, 0x7C, 0x00, 0x2E,
    0x3C, 0x00, 0x2E, 0x0F, 0x00, 0x0F, 0x03, 0xC0, 0x0F, 0x40, 0xF0, 0x07, 0xC0, 0x3C, 0x03, 0xC0,
    0x0F, 0x02, 0xE0, 0x03, 0xFF, 0xE0, 0x00, 0xFF, 0xFC, 0x00, 0x3C, 0x0B, 0xC0, 0x0F, 0x00, 0xF4,
    0x03, 0xC0, 0x1F, 0x00, 0xF0, 0x03, 0xE0, 0x3C, 0x00, 0x7F, 0x8F, 0x00, 0x07, 0xE0, 0x00, 0xFF,
    0xFF, 0xD0, 0x0F, 0xFF, 0xFD, 0x00, 0xF0, 0x03, 0xD0, 0x0F, 0x00, 0x3D, 0x00, 0xF0, 0x03, 0xD0,
    0x0F, 0x00, 0x3D, 0x00, 0xF0, 0x03, 0xD0, 0x0F, 0x00, 0x3D, 0x00, 0xF0, 0x03, 0xD0, 0x1E, 0x00,
    0x3D, 0x03, 0xD0, 0x03, 0xD0, 0x7C, 0x00, 0x3D, 0x7F, 0x80, 0x03, 0xD7, 0xE0, 0x00, 0x3D, 0x3F,
    0x00, 0x0B, 0xD3, 0xF8, 0x00, 0xFD, 0x3F, 0xC0, 0x2F, 0xD3, 0xED, 0x03, 0xFD, 0x3C, 0xF0, 0x77,
    0xD3, 0xCB, 0x4F, 0x3D, 0x3C, 0x79, 0xD3, 0xD3, 0xC3, 0xFC, 0x3D, 0x3C, 0x1F, 0x83, 0xD3, 0xC0,
    0xF0, 0x3D, 0x3C, 0x0A, 0x03, 0xD3, 0xC0, 0x10, 0x3D, 0x3C, 0x00, 0x03, 0xD3, 0xC0, 0x00, 0x3D,
    0x78, 0x00, 0x2E, 0x78, 0x00, 0x2E, 0x78, 0x00, 0x2E, 0x78, 0x00, 0x2E, 0x78, 0x00, 0x2E, 0x78,
    0x00, 0x2E, 0x7F, 0xFF, 0xFE, 0x7F, 0xFF, 0xFE, 0x78, 0x00, 0x2E, 0x78, 0x00, 0x2E, 0x78, 0x00,
    0x2E, 0x78, 0x00, 0x2E, 0x78, 0x00, 0x2E, 0x78, 0x00, 0x2E, 0x00, 0x7F, 0xE0, 0x00, 0x3F, 0xFF,
    0xD0, 0x0F, 0xD0, 0x2F, 0x02, 0xF0, 0x00, 0xB8, 0x3D, 0x00, 0x03, 0xC3, 0xC0, 0x00, 0x3D, 0x3C,
    0x00, 0x03, 0xD3, 0xC0, 0x00, 0x3D, 0x3C, 0x00, 0x03, 0xD3, 0xD0, 0x00, 0x3C, 0x2F, 0x00, 0x0B,
    0x80, 0xFD, 0x02, 0xF0, 0x03, 0xFF, 0xFD, 0x00, 0x07, 0xFE, 0x00, 0x7F, 0xFF, 0xFE, 0x7F, 0xFF,
    0xFE, 0x7C, 0x00, 0x2E, 0x7C, 0x00, 0x2E, 0x7C, 0x00, 0x2E, 0x7C, 0x00, 0x2E, 0x7C, 0x00, 0x2E,
    0x7C, 0x00, 0x2E, 0x7C, 0x00, 0x2E, 0x7C, 0x00, 0x2E, 0x7C, 0x00, 0x2E, 0x7C, 0x00, 0x2E, 0x7C,
    0x00, 0x2E, 0x7C, 0x00, 0x2E, 0x78, 0x6F, 0xD0, 0x1E, 0x7F, 0xFE, 0x07, 0xF4, 0x0B, 0xE1, 0xF0,
    0x00, 0x7C, 0x78, 0x00, 0x0F, 0x5E, 0x00, 0x03, 0xD7, 0x80, 0x00, 0xB9, 0xE0, 0x00, 0x2E, 0x78,
    0x00, 0x0F, 0x5E, 0x00, 0x03, 0xD7, 0xC0, 0x01, 0xF1, 0xFD, 0x02, 0xF8, 0x79, 0xFF, 0xF8, 0x1E,
    0x1B, 0xF4, 0x07, 0x80, 0x00, 0x01, 0xE0, 0x00, 0x00, 0x78, 0x00, 0x00, 0x1E, 0x00, 0x00, 0x07,
    0x80, 0x00, 0x00, 0x01, 0xBF, 0x80, 0x0B, 0xFF, 0xF4, 0x1F, 0x80, 0xBC, 0x3D, 0x00, 0x1D, 0x7C,
    0x00, 0x00, 0xB8, 0x00, 0x00, 0xB8, 0x00, 0x00, 0xB8, 0x00, 0x00, 0xB8, 0x00, 0x00, 0x7C, 0x00,
    0x00, 0x3D, 0x00, 0x0E, 0x1F, 0x80, 0x7D, 0x0B, 0xFF, 0xF8, 0x01, 0xBF, 0x90, 0x3F, 0xFF, 0xFF,
    0xD3, 0xFF, 0xFF, 0xFD, 0x00, 0x0F, 0x00, 0x00, 0x00, 0xF0, 0x00, 0x00, 0x0F, 0x00, 0x00, 0x00,
    0xF0, 0x00, 0x00, 0x0F, 0x00, 0x00, 0x00, 0xF0, 0x00, 0x00, 0x0F, 0x00, 0x00, 0x00, 0xF0, 0x00,
    0x00, 0x0F, 0x00, 0x00, 0x00, 0xF0, 0x00, 0x00, 0x0F, 0x00, 0x00, 0x00, 0xF0, 0x00, 0x7C, 0x00,
    0x02, 0xE3, 0xD0, 0x00, 0x3C, 0x2E, 0x00, 0x07, 0x80, 0xF0, 0x00, 0xF4, 0x0B, 0x40, 0x0F, 0x00,
    0x7C, 0x02, 0xD0, 0x03, 0xD0, 0x3C, 0x00, 0x1E, 0x07, 0x80, 0x00, 0xF0, 0xF0, 0x00, 0x0B, 0x8F,
    0x00, 0x00, 0x3E, 0xD0, 0x00, 0x03, 0xFC, 0x00, 0x00, 0x1F, 0x80, 0x00, 0x00, 0xF0, 0x00, 0x00,
    0x1F, 0x00, 0x00, 0x03, 0xD0, 0x00, 0x00, 0x7C, 0x00, 0x03, 0xFF, 0x40, 0x00, 0x3F, 0xD0, 0x00,
    0x00, 0x00, 0x0F, 0x00, 0x00, 0x00, 0x3C, 0x00, 0x00, 0x00, 0xF0, 0x00, 0x00, 0x03, 0xC0, 0x00,
    0x00, 0x0F, 0x00, 0x00, 0x3F, 0x3C, 0xBD, 0x03, 0xFF, 0xFB, 0xFC, 0x1F, 0x07, 0xE0, 0xF8, 0xB8,
    0x0F, 0x01, 0xF2, 0xD0, 0x3C, 0x03, 0xCF, 0x00, 0xF0, 0x0F, 0x3C, 0x03, 0xC0, 0x3C, 0xF0, 0x0F,
    0x00, 0xF3, 0xC0, 0x3C, 0x03, 0xCB, 0x40, 0xF0, 0x0F, 0x2D, 0x03, 0xC0, 0x7C, 0x7C, 0x1F, 0x83,
    0xE0, 0xFF, 0xFE, 0xFF, 0x00, 0xFC, 0xF2, 0xF4, 0x00, 0x03, 0xC0, 0x00, 0x00, 0x0F, 0x00, 0x00,
    0x00, 0x3C, 0x00, 0x00, 0x00, 0xF0, 0x00, 0x00, 0x03, 0xC0, 0x00, 0x3E, 0x00, 0x07, 0xC0, 0xF4,
    0x00, 0xF4, 0x07, 0xC0, 0x3E, 0x00, 0x2F, 0x0B, 0xC0, 0x00, 0xF8, 0xF0, 0x00, 0x03, 0xFD, 0x00,
    0x00, 0x1F, 0x80, 0x00, 0x02, 0xFC, 0x00, 0x00, 0x7F, 0xE0, 0x00, 0x0F, 0x4F, 0x40, 0x03, 0xE0,
    0xBC, 0x00, 0xBC, 0x03, 0xE0, 0x1F, 0x00, 0x0F, 0x43, 0xD0, 0x00, 0x7C, 0xB4, 0x00, 0x3C, 0x0B,
    0x40, 0x03, 0xC0, 0xB4, 0x00, 0x3C, 0x0B, 0x40, 0x03, 0xC0, 0xB4, 0x00, 0x3C, 0x0B, 0x40, 0x03,
    0xC0, 0xB4, 0x00, 0x3C, 0x0B, 0x40, 0x03, 0xC0, 0xB4, 0x00, 0x3C, 0x0B, 0x40, 0x03, 0xC0, 0xB4,
    0x00, 0x3C, 0x0B, 0x40, 0x03, 0xC0, 0xBF, 0xFF, 0xFF, 0xDB, 0xFF, 0xFF, 0xFD, 0x00, 0x00, 0x02,
    0xD0, 0x00, 0x00, 0x2D, 0x00, 0x00, 0x02, 0xD0, 0x00, 0x00, 0x2D, 0xF4, 0x00, 0x3C, 0xF4, 0x00,
    0x3C, 0xF4, 0x00, 0x3C, 0xF4, 0x00, 0x3C, 0xF4, 0x00, 0x3C, 0xF8, 0x00, 0x3C, 0xBD, 0x01, 0xBC,
    0x3F, 0xFF, 0xBC, 0x0B, 0xFD, 0x3C, 0x00, 0x00, 0x3C, 0x00, 0x00, 0x3C, 0x00, 0x00, 0x3C, 0x00,
    0x00, 0x3C, 0x00, 0x00, 0x3C, 0xB4, 0x0F, 0x01, 0xEB, 0x40, 0xF0, 0x1E, 0xB4, 0x0F, 0x01, 0xEB,
    0x40, 0xF0, 0x1E, 0xB4, 0x0F, 0x01, 0xEB, 0x40, 0xF0, 0x1E, 0xB4, 0x0F, 0x01, 0xEB, 0x40, 0xF0,
    0x1E, 0xB4, 0x0F, 0x01, 0xEB, 0x40, 0xF0, 0x1E, 0xB4, 0x0F, 0x01, 0xEB, 0x40, 0xF0, 0x1E, 0xBF,
    0xFF, 0xFF, 0xEB, 0xFF, 0xFF, 0xFE, 0xB4, 0x0F, 0x01, 0xE0, 0xB4, 0x0F, 0x01, 0xE0, 0xB4, 0x0F,
    0x01, 0xE0, 0xB4, 0x0F, 0x01, 0xE0, 0xB4, 0x0F, 0x01, 0xE0, 0xB4, 0x0F, 0x01, 0xE0, 0xB4, 0x0F,
    0x01, 0xE0, 0xB4, 0x0F, 0x01, 0xE0, 0xB4, 0x0F, 0x01, 0xE0, 0xB4, 0x0F, 0x01, 0xE0, 0xB4, 0x0F,
    0x01, 0xE0, 0xB4, 0x0F, 0x01, 0xE0, 0xBF, 0xFF, 0xFF, 0xFC, 0xBF, 0xFF, 0xFF, 0xFC, 0x00, 0x00,
    0x00, 0x2C, 0x00, 0x00, 0x00, 0x2C, 0x00, 0x00, 0x00, 0x2C, 0x00, 0x00, 0x00, 0x2C, 0xBF, 0xF8,
    0x00, 0x00, 0xBF, 0xF8, 0x00, 0x00, 0x00, 0xB8, 0x00, 0x00, 0x00, 0xB8, 0x00, 0x00, 0x00, 0xB8,
    0x00, 0x00, 0x00, 0xBF, 0xFF, 0x80, 0x00, 0xBF, 0xFF, 0xF0, 0x00, 0xB8, 0x00, 0xF8, 0x00, 0xB8,
    0x00, 0x7C, 0x00, 0xB8, 0x00, 0x7C, 0x00, 0xB8, 0x00, 0x7C, 0x00, 0xB8, 0x00, 0xF8, 0x00, 0xBF,
    0xFF, 0xF0, 0x00, 0xBF, 0xFF, 0x80, 0xB8, 0x00, 0x01, 0xEB, 0x80, 0x00, 0x1E, 0xB8, 0x00, 0x01,
    0xEB, 0x80, 0x00, 0x1E, 0xB8, 0x00, 0x01, 0xEB, 0xFF, 0xD0, 0x1E, 0xBF, 0xFF, 0x81, 0xEB, 0x80,
    0x7C, 0x1E, 0xB8, 0x03, 0xD1, 0xEB, 0x80, 0x2E, 0x1E, 0xB8, 0x03, 0xD1, 0xEB, 0x80, 0xBC, 0x1E,
    0xBF, 0xFF, 0x81, 0xEB, 0xFF, 0xD0, 0x1E, 0xF0, 0x00, 0x00, 0xF0, 0x00, 0x00, 0xF0, 0x00, 0x00,
    0xF0, 0x00, 0x00, 0xF0, 0x00, 0x00, 0xFF, 0xFF, 0x80, 0xFF, 0xFF, 0xF0, 0xF0, 0x00, 0xF8, 0xF0,
    0x00, 0x7C, 0xF0, 0x00, 0x3C, 0xF0, 0x00, 0x7C, 0xF0, 0x00, 0xF8, 0xFF, 0xFF, 0xF0, 0xFF, 0xFF,
    0x80, 0x02, 0xFE, 0x40, 0x1F, 0xFF, 0xE0, 0x3E, 0x01, 0xF8, 0x74, 0x00, 0x3C, 0x00, 0x00, 0x2E,
    0x00, 0x00, 0x1F, 0x01, 0xFF, 0xFF, 0x01, 0xFF, 0xFF, 0x00, 0x00, 0x1F, 0x00, 0x00, 0x2E, 0x74,
    0x00, 0x3C, 0x3E, 0x01, 0xF8, 0x1F, 0xFF, 0xE0, 0x02, 0xFE, 0x40, 0xB4, 0x02, 0xFE, 0x0B, 0x40,
    0xFF, 0xFC, 0xB4, 0x1F, 0x03, 0xDB, 0x42, 0xD0, 0x1E, 0xB4, 0x3C, 0x00, 0xFB, 0x43, 0xC0, 0x0F,
    0xBF, 0xFC, 0x00, 0xFB, 0xFF, 0xC0, 0x0F, 0xB4, 0x3C, 0x00, 0xFB, 0x43, 0xC0, 0x0F, 0xB4, 0x2D,
    0x01, 0xEB, 0x41, 0xF0, 0x3D, 0xB4, 0x0F, 0xFF, 0xCB, 0x40, 0x2F, 0xE0, 0x01, 0xFF, 0xFF, 0x02,
    0xFF, 0xFF, 0xC0, 0xF8, 0x00, 0xF0, 0x7C, 0x00, 0x3C, 0x2E, 0x00, 0x0F, 0x0B, 0xC0, 0x03, 0xC0,
    0xF4, 0x00, 0xF0, 0x2F, 0xFF, 0xFC, 0x01, 0xBF, 0xFF, 0x00, 0x3D, 0x03, 0xC0, 0x2F, 0x00, 0xF0,
    0x1F, 0x40, 0x3C, 0x3F, 0x80, 0x0F, 0x0F, 0x80, 0x03, 0xC0, 0x00, 0x00, 0x00, 0x00, 0x07, 0x40,
    0x00, 0x00, 0x7C, 0x00, 0x00, 0x02, 0xD0, 0x00, 0x00, 0x0F, 0x00, 0x00, 0x00, 0x70, 0x00, 0x00,
    0x00, 0x00, 0x00, 0x00, 0x00, 0x00, 0x00, 0x7F, 0xE0, 0x00, 0x3F, 0xFF, 0xD0, 0x0F, 0xD0, 0x2F,
    0x01, 0xF0, 0x00, 0xB8, 0x3D, 0x00, 0x03, 0xC3, 0xC0, 0x00, 0x3D, 0x3F, 0xFF, 0xFF, 0xD3, 0xFF,
    0xFF, 0xFD, 0x3C, 0x00, 0x00, 0x03, 0xC0, 0x00, 0x00, 0x1F, 0x00, 0x03, 0x40, 0xFD, 0x01, 0xF8,
    0x03, 0xFF, 0xFE, 0x00, 0x07, 0xFE, 0x40, 0x02, 0xF0, 0xBC, 0x00, 0x3F, 0x0F, 0xC0, 0x02, 0xF0,
    0xBC, 0x00, 0x00, 0x00, 0x00, 0x00, 0x00, 0x00, 0x00, 0x00, 0x00, 0x00, 0x00, 0x7F, 0xE0, 0x00,
    0x3F, 0xFF, 0xD0, 0x0F, 0xD0, 0x2F, 0x01, 0xF0, 0x00, 0xB8, 0x3D, 0x00, 0x03, 0xC3, 0xC0, 0x00,
    0x3D, 0x3F, 0xFF, 0xFF, 0xD3, 0xFF, 0xFF, 0xFD, 0x3C, 0x00, 0x00, 0x03, 0xC0, 0x00, 0x00, 0x1F,
    0x00, 0x03, 0x40, 0xFD, 0x01, 0xF8, 0x03, 0xFF, 0xFE, 0x00, 0x07, 0xFE, 0x40, 0x07, 0xC0, 0x00,
    0x00, 0x7C, 0x00, 0x00, 0x3F, 0xFF, 0xC0, 0x03, 0xFF, 0xFC, 0x00, 0x07, 0xC0, 0x00, 0x00, 0x7C,
    0x00, 0x00, 0x07, 0xC7, 0xFD, 0x00, 0x7D, 0xFF, 0xF4, 0x07, 0xF4, 0x0B, 0xC0, 0x7C, 0x00, 0x3E,
    0x07, 0xC0, 0x02, 0xE0, 0x7C, 0x00, 0x1E, 0x07, 0xC0, 0x01, 0xE0, 0x7C, 0x00, 0x1E, 0x07, 0xC0,
    0x01, 0xE0, 0x7C, 0x00, 0x1E, 0x07, 0xC0, 0x01, 0xE0, 0x7C, 0x00, 0x1E, 0x07, 0xC0, 0x01, 0xE0,
    0x7C, 0x00, 0x1E, 0x00, 0x00, 0x01, 0xE0, 0x00, 0x00, 0x1E, 0x00, 0x00, 0x01, 0xE0, 0x03, 0xFF,
    0xFD, 0x00, 0x3F, 0xFF, 0x40, 0x00, 0x00, 0x00, 0x00, 0x2D, 0x00, 0x00, 0xF0, 0x00, 0x0B, 0x40,
    0x00, 0x3C, 0x00, 0x00, 0xC0, 0x00, 0x00, 0x00, 0x00, 0x00, 0x00, 0x7F, 0xFF, 0xF9, 0xFF, 0xFF,
    0xE7, 0xC0, 0x00, 0x1F, 0x00, 0x00, 0x7C, 0x00, 0x01, 0xF0, 0x00, 0x07, 0xC0, 0x00, 0x1F, 0x00,
    0x00, 0x7C, 0x00, 0x01, 0xF0, 0x00, 0x07, 0xC0, 0x00, 0x1F, 0x00, 0x00, 0x7C, 0x00, 0x01, 0xF0,
    0x00, 0x00, 0x01, 0xBF, 0x80, 0x0B, 0xFF, 0xF4, 0x1F, 0x80, 0xBC, 0x3D, 0x00, 0x1D, 0x7C, 0x00,
    0x00, 0xB8, 0x00, 0x00, 0xBF, 0xFF, 0x80, 0xBF, 0xFF, 0x80, 0xB8, 0x00, 0x00, 0x7C, 0x00, 0x00,
    0x3D, 0x00, 0x0E, 0x1F, 0x40, 0x7D, 0x0B, 0xFF, 0xF8, 0x01, 0xBF, 0x90, 0x00, 0xBF, 0xE4, 0x00,
    0x7F, 0xFF, 0xF0, 0x0F, 0x80, 0x1F, 0x81, 0xF0, 0x00, 0x10, 0x1F, 0x00, 0x00, 0x00, 0xFD, 0x40,
    0x00, 0x07, 0xFF, 0xF4, 0x00, 0x06, 0xFF, 0xF4, 0x00, 0x00, 0x1F, 0xC0, 0x00, 0x00, 0x3C, 0x18,
    0x00, 0x03, 0xC3, 0xF8, 0x01, 0xF8, 0x0B, 0xFF, 0xFF, 0x00, 0x0B, 0xFF, 0x40, 0x00, 0x1F, 0x40,
    0x00, 0x0B, 0xE0, 0x00, 0x01, 0xF4, 0x00, 0x00, 0x00, 0x00, 0x00, 0x00, 0x00, 0x00, 0x00, 0x00,
    0x03, 0xFF, 0xF0, 0x00, 0xFF, 0xFC, 0x00, 0x00, 0x0F, 0x00, 0x00, 0x03, 0xC0, 0x00, 0x00, 0xF0,
    0x00, 0x00, 0x3C, 0x00, 0x00, 0x0F, 0x00, 0x00, 0x03, 0xC0, 0x00, 0x00, 0xF0, 0x00, 0x00, 0x3C,
    0x00, 0x00, 0x0F, 0x00, 0x00, 0x03, 0xC0, 0x03, 0xFF, 0xFF, 0xF8, 0xFF, 0xFF, 0xFE, 0x02, 0xE0,
    0xB8, 0x00, 0xFC, 0x3F, 0x00, 0x2E, 0x0B, 0x80, 0x00, 0x00, 0x00, 0x00, 0x00, 0x00, 0x00, 0x00,
    0x00, 0x03, 0xFF, 0xF0, 0x00, 0xFF, 0xFC, 0x00, 0x00, 0x0F, 0x00, 0x00, 0x03, 0xC0, 0x00, 0x00,
    0xF0, 0x00, 0x00, 0x3C, 0x00, 0x00, 0x0F, 0x00, 0x00, 0x03, 0xC0, 0x00, 0x00, 0xF0, 0x00, 0x00,
    0x3C, 0x00, 0x00, 0x0F, 0x00, 0x00, 0x03, 0xC0, 0x03, 0xFF, 0xFF, 0xF8, 0xFF, 0xFF, 0xFE, 0x00,
    0x02, 0xF0, 0x00, 0x0F, 0xD0, 0x00, 0x2F, 0x00, 0x00, 0x00, 0x00, 0x00, 0x00, 0x00, 0x00, 0x07,
    0xFF, 0xFE, 0x1F, 0xFF, 0xF8, 0x00, 0x02, 0xE0, 0x00, 0x0B, 0x80, 0x00, 0x2E, 0x00, 0x00, 0xB8,
    0x00, 0x02, 0xE0, 0x00, 0x0B, 0x80, 0x00, 0x2E, 0x00, 0x00, 0xB8, 0x00, 0x02, 0xE0, 0x00, 0x0B,
    0x80, 0x00, 0x2E, 0x00, 0x00, 0xB8, 0x00, 0x02, 0xE0, 0x00, 0x0B, 0x80, 0x00, 0x2E, 0x1F, 0xFF,
    0xF4, 0x7F, 0xFF, 0x40, 0x03, 0xFF, 0xF0, 0x00, 0x03, 0xFF, 0xF0, 0x00, 0x03, 0xC0, 0xF0, 0x00,
    0x03, 0xC0, 0xF0, 0x00, 0x03, 0xC0, 0xF0, 0x00, 0x03, 0xC0, 0xFF, 0xE0, 0x03, 0xC0, 0xFF, 0xFC,
    0x03, 0xC0, 0xF0, 0x7D, 0x07, 0x80, 0xF0, 0x1E, 0x0B, 0x40, 0xF0, 0x1F, 0x0F, 0x00, 0xF0, 0x1E,
    0x1F, 0x00, 0xF0, 0x7D, 0xFD, 0x00, 0xFF, 0xFC, 0xF4, 0x00, 0xFF, 0xE0, 0xB4, 0x03, 0xC0, 0x02,
    0xD0, 0x0F, 0x00, 0x0B, 0x40, 0x3C, 0x00, 0x2D, 0x00, 0xF0, 0x00, 0xB4, 0x03, 0xC0, 0x02, 0xD0,
    0x0F, 0xFE, 0x0B, 0xFF, 0xFF, 0xFF, 0x2F, 0xFF, 0xF0, 0x7D, 0xB4, 0x03, 0xC0, 0x7A, 0xD0, 0x0F,
    0x01, 0xFB, 0x40, 0x3C, 0x07, 0xAD, 0x00, 0xF0, 0x7D, 0xB4, 0x03, 0xFF, 0xF2, 0xD0, 0x0F, 0xFE,
    0x00, 0x07, 0xC0, 0x00, 0x00, 0x7C, 0x00, 0x00, 0x3F, 0xFF, 0xC0, 0x03, 0xFF, 0xFC, 0x00, 0x07,
    0xC0, 0x00, 0x00, 0x7C, 0x00, 0x00, 0x07, 0xC2, 0xFD, 0x00, 0x7D, 0xFF, 0xF4, 0x07, 0xE4, 0x0F,
    0xC0, 0x7C, 0x00, 0x3E, 0x07, 0xC0, 0x02, 0xE0, 0x7C, 0x00, 0x1E, 0x07, 0xC0, 0x01, 0xE0, 0x7C,
    0x00, 0x1E, 0x07, 0xC0, 0x01, 0xE0, 0x7C, 0x00, 0x1E, 0x07, 0xC0, 0x01, 0xE0, 0x7C, 0x00, 0x1E,
    0x07, 0xC0, 0x01, 0xE0, 0x7C, 0x00, 0x1E, 0x00, 0x00, 0x00, 0x00, 0x01, 0xE0, 0x00, 0x00, 0xF8,
    0x00, 0x00, 0x7C, 0x00, 0x00, 0x3C, 0x00, 0x00, 0x0A, 0x00, 0x00, 0x00, 0x00, 0x00, 0x00, 0x00,
    0x00, 0x3C, 0x00, 0x2E, 0x0F, 0x00, 0x0F, 0x03, 0xC0, 0x0F, 0x40, 0xF0, 0x07, 0xC0, 0x3C, 0x03,
    0xC0, 0x0F, 0x02, 0xE0, 0x03, 0xFF, 0xE0, 0x00, 0xFF, 0xFC, 0x00, 0x3C, 0x0B, 0xC0, 0x0F, 0x00,
    0xF4, 0x03, 0xC0, 0x1F, 0x00, 0xF0, 0x03, 0xE0, 0x3C, 0x00, 0x7F, 0x8F, 0x00, 0x07, 0xE0, 0x00,
    0x00, 0x00, 0x02, 0xD0, 0x00, 0x02, 0xF0, 0x00, 0x00, 0xF4, 0x00, 0x00, 0x3C, 0x00, 0x00, 0x18,
    0x00, 0x00, 0x00, 0x00, 0x00, 0x00, 0x00, 0x78, 0x00, 0x2E, 0x78, 0x00, 0x7E, 0x78, 0x00, 0xFE,
    0x78, 0x02, 0xFE, 0x78, 0x07, 0xDE, 0x78, 0x0F, 0x1E, 0x78, 0x2D, 0x2E, 0x78, 0x7C, 0x2E, 0x78,
    0xF0, 0x2E, 0x7A, 0xE0, 0x2E, 0x7F, 0xC0, 0x2E, 0x7F, 0x00, 0x2E, 0x7E, 0x00, 0x2E, 0x7C, 0x00,
    0x2E, 0x00, 0x00, 0x00, 0x00, 0x28, 0x02, 0x90, 0x03, 0xC0, 0x3C, 0x00, 0x1E, 0x07, 0x80, 0x00,
    0xFF, 0xF0, 0x00, 0x02, 0xF8, 0x00, 0x00, 0x00, 0x00, 0x00, 0x00, 0x00, 0x00, 0x7C, 0x00, 0x02,
    0xE3, 0xD0, 0x00, 0x3C, 0x2E, 0x00, 0x07, 0x80, 0xF0, 0x00, 0xF4, 0x0B, 0x40, 0x0F, 0x00, 0x7C,
    0x02, 0xD0, 0x03, 0xD0, 0x3C, 0x00, 0x1E, 0x07, 0x80, 0x00, 0xF0, 0xF0, 0x00, 0x0B, 0x8F, 0x00,
    0x00, 0x3E, 0xD0, 0x00, 0x03, 0xFC, 0x00, 0x00, 0x1F, 0x80, 0x00, 0x00, 0xF0, 0x00, 0x00, 0x1F,
    0x00, 0x00, 0x03, 0xD0, 0x00, 0x00, 0x7C, 0x00, 0x03, 0xFF, 0x40, 0x00, 0x3F, 0xD0, 0x00, 0x00,
    0x7C, 0x00, 0x2E, 0x7C, 0x00, 0x2E, 0x7C, 0x00, 0x2E, 0x7C, 0x00, 0x2E, 0x7C, 0x00, 0x2E, 0x7C,
    0x00, 0x2E, 0x7C, 0x00, 0x2E, 0x7C, 0x00, 0x2E, 0x7C, 0x00, 0x2E, 0x7C, 0x00, 0x2E, 0x7C, 0x00,
    0x2E, 0x7C, 0x00, 0x2E, 0x7F, 0xFF, 0xFE, 0x7F, 0xFF, 0xFE, 0x00, 0x3C, 0x00, 0x00, 0x3C, 0x00,
    0x00, 0x3C, 0x00, 0x00, 0x3C, 0x00, 0x00, 0x00, 0x3C, 0x00, 0x00, 0x3C, 0x00, 0x00, 0x3C, 0x00,
    0x00, 0x3C, 0x7F, 0xFF, 0xFC, 0x7F, 0xFF, 0xFC, 0x7C, 0x00, 0x00, 0x7C, 0x00, 0x00, 0x7C, 0x00,
    0x00, 0x7C, 0x00, 0x00, 0x7C, 0x00, 0x00, 0x7C, 0x00, 0x00, 0x7C, 0x00, 0x00, 0x7C, 0x00, 0x00,
    0x7C, 0x00, 0x00, 0x7C, 0x00, 0x00, 0x7C, 0x00, 0x00, 0x7C, 0x00, 0x00, 0x7C, 0x00, 0x00, 0x7C,
    0x00, 0x00, 0x7C, 0x00, 0x00, 0x7C, 0x00, 0x00, 0x7C, 0x00, 0x00, 0x00, 0x00, 0x78, 0x00, 0x01,
    0xE0, 0x00, 0x07, 0x80, 0x00, 0x1E, 0x7F, 0xFF, 0xF9, 0xFF, 0xFF, 0xE7, 0xC0, 0x00, 0x1F, 0x00,
    0x00, 0x7C, 0x00, 0x01, 0xF0, 0x00, 0x07, 0xC0, 0x00, 0x1F, 0x00, 0x00, 0x7C, 0x00, 0x01, 0xF0,
    0x00, 0x07, 0xC0, 0x00, 0x1F, 0x00, 0x00, 0x7C, 0x00, 0x01, 0xF0, 0x00, 0x00, 0x7D, 0x00, 0x00,
    0x3D, 0x2F, 0x00, 0x00, 0xBC, 0x0F, 0x40, 0x00, 0xF4, 0x0B, 0xC0, 0x02, 0xF0, 0x03, 0xD0, 0x03,
    0xD0, 0x02, 0xF0, 0x0B, 0xC0, 0x00, 0xF4, 0x0F, 0x00, 0x00, 0x7C, 0x2E, 0x00, 0x00, 0x3D, 0x3C,
    0x00, 0x00, 0x1F, 0xB8, 0x00, 0x00, 0x0F, 0xF0, 0x00, 0x00, 0x07, 0xE0, 0x00, 0x03, 0xFF, 0xFF,
    0xD0, 0x03, 0xFF, 0xFF, 0xD0, 0x00, 0x03, 0xC0, 0x00, 0x00, 0x03, 0xC0, 0x00, 0x00, 0x03, 0xC0,
    0x00, 0x00, 0x03, 0xC0, 0x00, 0x00, 0x03, 0xC0, 0x00, 0x3C, 0x00, 0x03, 0xD2, 0xD0, 0x00, 0x3C,
    0x1F, 0x00, 0x0B, 0x80, 0xF0, 0x00, 0xF0, 0x0B, 0x80, 0x1F, 0x00, 0x3C, 0x02, 0xD0, 0x03, 0xD0,
    0x3C, 0x00, 0x1E, 0x07, 0x80, 0x00, 0xF0, 0xB4, 0x00, 0x0B, 0x4F, 0x00, 0x00, 0x79, 0xE0, 0x00,
    0x03, 0xFC, 0x00, 0x00, 0x2F, 0xC0, 0x00, 0x00, 0xF4, 0x00, 0x0B, 0xFF, 0xFF, 0x00, 0xBF, 0xFF,
    0xF0, 0x00, 0x0F, 0x00, 0x00, 0x00, 0xF0, 0x00, 0x00, 0x0F, 0x00, 0x00, 0x7F, 0xFF, 0xFF, 0xE7,
    0xFF, 0xFF, 0xFE, 0xFF, 0xFF, 0xFF, 0xFF, 0x3F, 0xFF, 0xFF, 0xFF, 0xC0, 0x03, 0xC0, 0x7C, 0x0B,
    0x80, 0xF8, 0x1F, 0x43, 0xF0, 0x7F, 0x05, 0x50, 0x2F, 0x8F, 0xD3, 0xF0, 0xF4, 0x7C, 0x2E, 0x0F,
    0x01, 0x40, 0x0F, 0xC1, 0xFC, 0x2F, 0x42, 0xF0, 0x3E, 0x03, 0xD0, 0x3C, 0x07, 0x80, 0x03, 0xC0,
    0x1D, 0x07, 0xC0, 0x3D, 0x0B, 0x80, 0x7C, 0x0F, 0x40, 0xBC, 0x2F, 0x40, 0xF8, 0x3F, 0x02, 0xF8,
    0x7F, 0x03, 0xF4, 0x55, 0x01, 0x50, 0x0B, 0xE0, 0x3F, 0x03, 0xF4, 0x1F, 0x80, 0xFC, 0x0B, 0xD0,
    0x7D, 0x03, 0xF0, 0x1F, 0x00, 0xF4, 0x0B, 0x80, 0x3C, 0x03, 0xC0, 0x1E, 0x00, 0x50, 0x05, 0x00,
    0x0B, 0xE0, 0x3F, 0x03, 0xF4, 0x1F, 0xC0, 0xFC, 0x0B, 0xD0, 0x3E, 0x03, 0xF0, 0x1F, 0x00, 0xF8,
    0x0B, 0xC0, 0x3C, 0x03, 0xD0, 0x1F, 0x00, 0xF0, 0x07, 0x40, 0x0F, 0xF4, 0x3F, 0xFC, 0x3F, 0xFD,
    0x3F, 0xFD, 0x3F, 0xFC, 0x0F, 0xF4, 0x7C, 0x0F, 0x43, 0xE3, 0xF8, 0xBF, 0x1F, 0xCF, 0xE2, 0xFC,
    0x7F, 0x1F, 0x03, 0xD0, 0xF8, 0x0F, 0x1E, 0x2D, 0x3C, 0x3C, 0x3C, 0x78, 0x78, 0x60, 0x0B, 0x43,
    0xC0, 0xF0, 0x3C, 0x0F, 0x03, 0xC0, 0xF0, 0x78, 0x1E, 0x0B, 0x41, 0xE0, 0xB4, 0x2D, 0x0F, 0x03,
    0xC0, 0xF0, 0x28, 0x09, 0x00, 0x00, 0x14, 0x02, 0xE0, 0x3F, 0x07, 0xF0, 0x7F, 0x01, 0xF0, 0x07,
    0xF0, 0x07, 0xF0, 0x03, 0xF0, 0x02, 0xE0, 0x01, 0x40, 0x20, 0x01, 0xF0, 0x02, 0xF0, 0x02, 0xF4,
    0x02, 0xF4, 0x03, 0xE0, 0x2F, 0x42, 0xF4, 0x2F, 0x01, 0xF0, 0x02, 0x00, 0x00, 0x00, 0x00, 0x00,
    0x2D, 0x00, 0x00, 0x00, 0x3C, 0x00, 0x00, 0x00, 0xB4, 0x00, 0x00, 0x00, 0xF0, 0x00, 0x00, 0x02,
    0xD0, 0x00, 0x00, 0x03, 0x80, 0x00, 0x00, 0x0B, 0x00, 0x00, 0x00, 0x1E, 0x00, 0x00, 0x00, 0x00,
    0x00, 0x00, 0x00, 0x00, 0x00, 0x00, 0x00, 0x00, 0x00, 0x00, 0x74, 0x00, 0x00, 0x00, 0xF0, 0x00,
    0x00, 0x02, 0xD0, 0x00, 0x00, 0x03, 0xC0, 0x00, 0x00, 0x0B, 0x40, 0x00, 0x00, 0x0F, 0x00, 0x00,
    0x00, 0x2C, 0x00, 0x00, 0x00, 0x38, 0x00, 0x00, 0x00, 0x00, 0x2F, 0xE4, 0x00, 0x2F, 0xFF, 0xE0,
    0x07, 0xE0, 0x1F, 0x80, 0xF4, 0x00, 0x7C, 0x1F, 0x00, 0x02, 0x82, 0xD0, 0x00, 0x00, 0x3F, 0xFF,
    0xD0, 0x03, 0xFF, 0xFD, 0x00, 0x3C, 0x00, 0x00, 0x03, 0xC0, 0x00, 0x00, 0x3F, 0xFF, 0xD0, 0x03,
    0xFF, 0xFD, 0x00, 0x3D, 0x00, 0x00, 0x02, 0xE0, 0x00, 0x00, 0x1F, 0x00, 0x02, 0x80, 0xF8, 0x00,
    0x7C, 0x07, 0xE0, 0x1F, 0x80, 0x2F, 0xFF, 0xE0, 0x00, 0x2F, 0xF4, 0x00, 0x00, 0x18, 0x00, 0x00,
    0x7E, 0x00, 0x01, 0xFF, 0x80, 0x07, 0xFF, 0xE0, 0x1F, 0x2C, 0xF8, 0x3C, 0x3C, 0x3D, 0x10, 0x3C,
    0x08, 0x00, 0x3C, 0x00, 0x00, 0x3C, 0x00, 0x00, 0x3C, 0x00, 0x00, 0x3C, 0x00, 0x00, 0x3C, 0x00,
    0x00, 0x3C, 0x00, 0x00, 0x3C, 0x00, 0x00, 0x3C, 0x00, 0x00, 0x3C, 0x00, 0x00, 0x3C, 0x00, 0x00,
    0x3C, 0x00, 0x00, 0x3C, 0x00, 0x00, 0x3C, 0x00, 0x00, 0x3C, 0x00, 0x00, 0x3C, 0x00, 0x00, 0x3C,
    0x00, 0x00, 0x3C, 0x00, 0x00, 0x3C, 0x00, 0x00, 0x3C, 0x00, 0x00, 0x3C, 0x00, 0x00, 0x3C, 0x00,
    0x00, 0x3C, 0x00, 0x00, 0x3C, 0x00, 0x00, 0x3C, 0x00, 0x10, 0x3C, 0x08, 0x3C, 0x3C, 0x3D, 0x1F,
    0x2C, 0xF8, 0x07, 0xFF, 0xE0, 0x01, 0xFF, 0x80, 0x00, 0x7E, 0x00, 0x00, 0x18, 0x00, 0x7F, 0xFF,
    0xFF, 0xE7, 0xFF, 0xFF, 0xFE, 0x00, 0x00, 0x00, 0x2D, 0x00, 0x00, 0x00, 0x3C, 0x00, 0x00, 0x00,
    0xB4, 0x00, 0x00, 0x00, 0xF0, 0x00, 0x00, 0x02, 0xD0, 0x00, 0x00, 0x03, 0x80, 0x00, 0x00, 0x0B,
    0x00, 0x00, 0x00, 0x1E, 0x00, 0x00, 0x00, 0x00, 0x00, 0x00, 0x00, 0x00, 0x00, 0x00, 0x00, 0x00,
    0x00, 0x00, 0x74, 0x00, 0x00, 0x00, 0xF0, 0x00, 0x00, 0x02, 0xD0, 0x00, 0x00, 0x03, 0xC0, 0x00,
    0x00, 0x0B, 0x40, 0x00, 0x00, 0x0F, 0x00, 0x00, 0x00, 0x2C, 0x00, 0x00, 0x00, 0x38, 0x00, 0x00,
    0x00,
};

static const EpdGlyph PROGMEM ibm_plex_mono_13_2bGlyphs[] = {
    { 0, 0, 0, 0, 0, 0, 0 },
    { 0, 0, 16, 0, 0, 0, 0 },
    { 0, 0, 16, 0, 0, 0, 0 }, //  
    { 5, 19, 16, 6, 19, 24, 0 }, // !
    { 8, 8, 16, 4, 20, 16, 24 }, // "
    { 16, 19, 16, 0, 19, 76, 40 }, // #
    { 14, 25, 16, 1, 22, 88, 116 }, // $
    { 16, 19, 16, 0, 19, 76, 204 }, // %
    { 16, 19, 16, 0, 19, 76, 280 }, // &
    { 3, 8, 16, 7, 20, 6, 356 }, // '
    { 9, 25, 16, 5, 21, 57, 362 }, // (
    { 9, 25, 16, 2, 21, 57, 419 }, // )
    { 15, 14, 16, 1, 15, 53, 476 }, // *
    { 14, 14, 16, 1, 15, 49, 529 }, // +
    { 6, 8, 16, 5, 4, 12, 578 }, // ,
    { 9, 2, 16, 4, 9, 5, 590 }, // -
    { 5, 4, 16, 6, 4, 5, 595 }, // .
    { 12, 25, 16, 2, 21, 75, 600 }, // /
    { 14, 19, 16, 1, 19, 67, 675 }, // 0
    { 14, 19, 16, 1, 19, 67, 742 }, // 1
    { 14, 19, 16, 1, 19, 67, 809 }, // 2
    { 13, 19, 16, 1, 19, 62, 876 }, // 3
    { 16, 19, 16, 0, 19, 76, 938 }, // 4
    { 14, 19, 16, 1, 19, 67, 1014 }, // 5
    { 14, 19, 16, 1, 19, 67, 1081 }, // 6
    { 14, 19, 16, 1, 19, 67, 1148 }, // 7
    { 14, 19, 16, 1, 19, 67, 1215 }, // 8
    { 14, 19, 16, 1, 19, 67, 1282 }, // 9
    { 5, 15, 16, 6, 15, 19, 1349 }, // :
    { 6, 19, 16, 5, 15, 29, 1368 }, // ;
    { 12, 16, 16, 2, 16, 48, 1397 }, // <
    { 14, 7, 16, 1, 12, 25, 1445 }, // =
    { 12, 16, 16, 2, 16, 48, 1470 }, // >
    { 12, 19, 16, 2, 19, 57, 1518 }, // ?
    { 14, 22, 16, 1, 19, 77, 1575 }, // @
    { 16, 19, 16, 0, 19, 76, 1652 }, // A
    { 13, 19, 16, 2, 19, 62, 1728 }, // B
    { 14, 19, 16, 1, 19, 67, 1790 }, // C
    { 13, 19, 16, 2, 19, 62, 1857 }, // D
    { 13, 19, 16, 2, 19, 62, 1919 }, // E
    { 13, 19, 16, 2, 19, 62, 1981 }, // F
    { 14, 19, 16, 1, 19, 67, 2043 }, // G
    { 13, 19, 16, 2, 19, 62, 2110 }, // H
    { 12, 19, 16, 2, 19, 57, 2172 }, // I
    { 11, 19, 16, 2, 19, 53, 2229 }, // J
    { 14, 19, 16, 2, 19, 67, 2282 }, // K
    { 12, 19, 16, 3, 19, 57, 2349 }, // L
    { 14, 19, 16, 1, 19, 67, 2406 }, // M
    { 13, 19, 16, 2, 19, 62, 2473 }, // N
    { 14, 19, 16, 1, 19, 67, 2535 }, // O
    { 13, 19, 16, 2, 19, 62, 2602 }, // P
    { 14, 23, 16, 1, 19, 81, 2664 }, // Q
    { 13, 19, 16, 2, 19, 62, 2745 }, // R
    { 14, 19, 16, 1, 19, 67, 2807 }, // S
    { 16, 19, 16, 0, 19, 76, 2874 }, // T
    { 13, 19, 16, 2, 19, 62, 2950 }, // U
    { 16, 19, 16, 0, 19, 76, 3012 }, // V
    { 16, 19, 16, 0, 19, 76, 3088 }, // W
    { 16, 19, 16, 0, 19, 76, 3164 }, // X
    { 16, 19, 16, 0, 19, 76, 3240 }, // Y
    { 14, 19, 16, 1, 19, 67, 3316 }, // Z
    { 8, 25, 16, 6, 21, 50, 3383 }, // [
    { 12, 25, 16, 2, 21, 75, 3433 }, // <backslash>
    { 9, 25, 16, 2, 21, 57, 3508 }, // ]
    { 14, 12, 16, 1, 19, 42, 3565 }, // ^
    { 14, 2, 16, 1, -3, 7, 3607 }, // _
    { 5, 6, 16, 5, 22, 8, 3614 }, // `
    { 14, 14, 16, 1, 14, 49, 3622 }, // a
    { 13, 20, 16, 2, 20, 65, 3671 }, // b
    { 12, 14, 16, 2, 14, 42, 3736 }, // c
    { 13, 20, 16, 1, 20, 65, 3778 }, // d
    { 14, 14, 16, 1, 14, 49, 3843 }, // e
    { 14, 20, 16, 1, 20, 70, 3892 }, // f
    { 15, 21, 16, 1, 16, 79, 3962 }, // g
    { 12, 20, 16, 2, 20, 60, 4041 }, // h
    { 13, 20, 16, 2, 20, 65, 4101 }, // i
    { 11, 25, 16, 2, 20, 69, 4166 }, // j
    { 14, 20, 16, 2, 20, 70, 4235 }, // k
    { 13, 20, 16, 2, 20, 65, 4305 }, // l
    { 14, 14, 16, 1, 14, 49, 4370 }, // m
    { 12, 14, 16, 2, 14, 42, 4419 }, // n
    { 14, 14, 16, 1, 14, 49, 4461 }, // o
    { 13, 19, 16, 2, 14, 62, 4510 }, // p
    { 13, 19, 16, 1, 14, 62, 4572 }, // q
    { 14, 14, 16, 2, 14, 49, 4634 }, // r
    { 14, 14, 16, 1, 14, 49, 4683 }, // s
    { 14, 19, 16, 1, 19, 67, 4732 }, // t
    { 12, 14, 16, 2, 14, 42, 4799 }, // u
    { 14, 14, 16, 1, 14, 49, 4841 }, // v
    { 16, 14, 16, 0, 14, 56, 4890 }, // w
    { 14, 14, 16, 1, 14, 49, 4946 }, // x
    { 14, 19, 16, 1, 14, 67, 4995 }, // y
    { 12, 14, 16, 2, 14, 42, 5062 }, // z
    { 12, 25, 16, 2, 21, 75, 5104 }, // {
    { 3, 25, 16, 7, 21, 19, 5179 }, // |
    { 12, 25, 16, 2, 21, 75, 5198 }, // }
    { 14, 6, 16, 1, 11, 21, 5273 }, // ~
    { 0, 0, 16, 0, 0, 0, 5294 }, //  
    { 5, 20, 16, 6, 14, 25, 5294 }, // ¡
    { 12, 20, 16, 2, 17, 60, 5319 }, // ¢
    { 14, 19, 16, 1, 19, 67, 5379 }, // £
    { 13, 19, 16, 2, 19, 62, 5446 }, // ¤
    { 16, 19, 16, 0, 19, 76, 5508 }, // ¥
    { 3, 25, 16, 7, 21, 19, 5584 }, // ¦
    { 13, 23, 16, 2, 19, 75, 5603 }, // §
    { 9, 3, 16, 4, 20, 7, 5678 }, // ¨
    { 17, 18, 16, 0, 18, 77, 5685 }, // ©
    { 10, 10, 16, 3, 19, 25, 5762 }, // ª
    { 13, 11, 16, 2, 13, 36, 5787 }, // «
    { 14, 8, 16, 1, 9, 28, 5823 }, // ¬
    { 9, 2, 16, 4, 9, 5, 5851 }, // ­
    { 11, 9, 16, 3, 19, 25, 5856 }, // ®
    { 8, 2, 16, 4, 19, 4, 5881 }, // ¯
    { 10, 9, 16, 3, 19, 23, 5885 }, // °
    { 14, 17, 16, 1, 17, 60, 5908 }, // ±
    { 8, 10, 16, 4, 19, 20, 5968 }, // ²
    { 8, 10, 16, 4, 19, 20, 5988 }, // ³
    { 6, 6, 16, 6, 22, 9, 6008 }, // ´
    { 12, 19, 16, 2, 14, 57, 6017 }, // µ
    { 13, 23, 16, 1, 19, 75, 6074 }, // ¶
    { 5, 4, 16, 6, 10, 5, 6149 }, // ·
    { 7, 6, 16, 5, 1, 11, 6154 }, // ¸
    { 9, 10, 16, 4, 19, 23, 6165 }, // ¹
    { 10, 10, 16, 3, 19, 25, 6188 }, // º
    { 14, 11, 16, 1, 13, 39, 6213 }, // »
    { 16, 19, 16, 0, 19, 76, 6252 }, // ¼
    { 16, 19, 16, 0, 19, 76, 6328 }, // ½
    { 16, 19, 16, 0, 19, 76, 6404 }, // ¾
    { 13, 19, 16, 2, 14, 62, 6480 }, // ¿
    { 16, 26, 16, 0, 26, 104, 6542 }, // À
    { 16, 26, 16, 0, 26, 104, 6646 }, // Á
    { 16, 26, 16, 0, 26, 104, 6750 }, // Â
    { 16, 24, 16, 0, 24, 96, 6854 }, // Ã
    { 16, 24, 16, 0, 24, 96, 6950 }, // Ä
    { 16, 26, 16, 0, 26, 104, 7046 }, // Å
    { 16, 19, 16, 0, 19, 76, 7150 }, // Æ
    { 14, 24, 16, 1, 19, 84, 7226 }, // Ç
    { 13, 26, 16, 2, 26, 85, 7310 }, // È
    { 13, 26, 16, 2, 26, 85, 7395 }, // É
    { 13, 26, 16, 2, 26, 85, 7480 }, // Ê
    { 13, 24, 16, 2, 24, 78, 7565 }, // Ë
    { 12, 26, 16, 2, 26, 78, 7643 }, // Ì
    { 12, 26, 16, 2, 26, 78, 7721 }, // Í
    { 12, 26, 16, 2, 26, 78, 7799 }, // Î
    { 12, 24, 16, 2, 24, 72, 7877 }, // Ï
    { 15, 19, 16, 0, 19, 72, 7949 }, // Ð
    { 13, 24, 16, 2, 24, 78, 8021 }, // Ñ
    { 14, 26, 16, 1, 26, 91, 8099 }, // Ò
    { 14, 26, 16, 1, 26, 91, 8190 }, // Ó
    { 14, 26, 16, 1, 26, 91, 8281 }, // Ô
    { 14, 24, 16, 1, 24, 84, 8372 }, // Õ
    { 14, 24, 16, 1, 24, 84, 8456 }, // Ö
    { 12, 12, 16, 2, 14, 36, 8540 }, // ×
    { 14, 21, 16, 1, 20, 74, 8576 }, // Ø
    { 13, 26, 16, 2, 26, 85, 8650 }, // Ù
    { 13, 26, 16, 2, 26, 85, 8735 }, // Ú
    { 13, 26, 16, 2, 26, 85, 8820 }, // Û
    { 13, 24, 16, 2, 24, 78, 8905 }, // Ü
    { 16, 26, 16, 0, 26, 104, 8983 }, // Ý
    { 13, 19, 16, 2, 19, 62, 9087 }, // Þ
    { 14, 25, 16, 2, 20, 88, 9149 }, // ß
    { 14, 22, 16, 1, 22, 77, 9237 }, // à
    { 14, 22, 16, 1, 22, 77, 9314 }, // á
    { 14, 21, 16, 1, 21, 74, 9391 }, // â
    { 14, 19, 16, 1, 19, 67, 9465 }, // ã
    { 14, 20, 16, 1, 20, 70, 9532 }, // ä
    { 14, 21, 16, 1, 21, 74, 9602 }, // å
    { 16, 14, 16, 0, 14, 56, 9676 }, // æ
    { 12, 19, 16, 2, 14, 57, 9732 }, // ç
    { 14, 22, 16, 1, 22, 77, 9789 }, // è
    { 14, 22, 16, 1, 22, 77, 9866 }, // é
    { 14, 21, 16, 1, 21, 74, 9943 }, // ê
    { 14, 20, 16, 1, 20, 70, 10017 }, // ë
    { 13, 22, 16, 2, 22, 72, 10087 }, // ì
    { 13, 22, 16, 2, 22, 72, 10159 }, // í
    { 13, 21, 16, 2, 21, 69, 10231 }, // î
    { 13, 20, 16, 2, 20, 65, 10300 }, // ï
    { 14, 21, 16, 1, 21, 74, 10365 }, // ð
    { 12, 19, 16, 2, 19, 57, 10439 }, // ñ
    { 14, 22, 16, 1, 22, 77, 10496 }, // ò
    { 14, 22, 16, 1, 22, 77, 10573 }, // ó
    { 14, 21, 16, 1, 21, 74, 10650 }, // ô
    { 14, 19, 16, 1, 19, 67, 10724 }, // õ
    { 14, 20, 16, 1, 20, 70, 10791 }, // ö
    { 14, 14, 16, 1, 15, 49, 10861 }, // ÷
    { 14, 16, 16, 1, 15, 56, 10910 }, // ø
    { 12, 22, 16, 2, 22, 66, 10966 }, // ù
    { 12, 22, 16, 2, 22, 66, 11032 }, // ú
    { 12, 21, 16, 2, 21, 63, 11098 }, // û
    { 12, 20, 16, 2, 20, 60, 11161 }, // ü
    { 14, 27, 16, 1, 22, 95, 11221 }, // ý
    { 13, 25, 16, 2, 20, 82, 11316 }, // þ
    { 14, 25, 16, 1, 20, 88, 11398 }, // ÿ
    { 13, 14, 16, 2, 14, 46, 11486 }, // ı
    { 15, 19, 16, 1, 19, 72, 11532 }, // Œ
    { 16, 14, 16, 0, 14, 56, 11604 }, // œ
    { 6, 6, 0, -4, 22, 9, 11660 }, // ̀
    { 6, 6, 0, -2, 22, 9, 11669 }, // ́
    { 10, 3, 0, -5, 19, 8, 11678 }, // ̃
    { 8, 2, 0, -4, 19, 4, 11686 }, // ̄
    { 10, 3, 0, -5, 20, 8, 11690 }, // ̈
    { 6, 5, 0, -3, 21, 8, 11698 }, // ̉
    { 4, 3, 0, -2, -2, 3, 11706 }, // ̣
    { 13, 26, 16, 2, 26, 85, 11709 }, // Ѐ
    { 13, 24, 16, 2, 24, 78, 11794 }, // Ё
    { 15, 23, 16, 0, 19, 87, 11872 }, // Ђ
    { 12, 26, 16, 3, 26, 78, 11959 }, // Ѓ
    { 14, 19, 16, 1, 19, 67, 12037 }, // Є
    { 14, 19, 16, 1, 19, 67, 12104 }, // Ѕ
    { 12, 19, 16, 2, 19, 57, 12171 }, // І
    { 12, 24, 16, 2, 24, 72, 12228 }, // Ї
    { 11, 19, 16, 2, 19, 53, 12300 }, // Ј
    { 18, 19, 16, -1, 19, 86, 12353 }, // Љ
    { 16, 19, 16, 1, 19, 76, 12439 }, // Њ
    { 15, 19, 16, 0, 19, 72, 12515 }, // Ћ
    { 13, 26, 16, 2, 26, 85, 12587 }, // Ќ
    { 13, 26, 16, 2, 26, 85, 12672 }, // Ѝ
    { 15, 27, 16, 1, 27, 102, 12757 }, // Ў
    { 12, 23, 16, 2, 19, 69, 12859 }, // Џ
    { 16, 19, 16, 0, 19, 76, 12928 }, // А
    { 13, 19, 16, 2, 19, 62, 13004 }, // Б
    { 13, 19, 16, 2, 19, 62, 13066 }, // В
    { 12, 19, 16, 3, 19, 57, 13128 }, // Г
    { 16, 23, 16, 0, 19, 92, 13185 }, // Д
    { 13, 19, 16, 2, 19, 62, 13277 }, // Е
    { 17, 19, 16, 0, 19, 81, 13339 }, // Ж
    { 14, 19, 16, 1, 19, 67, 13420 }, // З
    { 13, 19, 16, 2, 19, 62, 13487 }, // И
    { 13, 27, 16, 2, 27, 88, 13549 }, // Й
    { 13, 19, 16, 2, 19, 62, 13637 }, // К
    { 15, 19, 16, 0, 19, 72, 13699 }, // Л
    { 14, 19, 16, 1, 19, 67, 13771 }, // М
    { 13, 19, 16, 2, 19, 62, 13838 }, // Н
    { 14, 19, 16, 1, 19, 67, 13900 }, // О
    { 12, 19, 16, 2, 19, 57, 13967 }, // П
    { 13, 19, 16, 2, 19, 62, 14024 }, // Р
    { 14, 19, 16, 1, 19, 67, 14086 }, // С
    { 16, 19, 16, 0, 19, 76, 14153 }, // Т
    { 15, 19, 16, 1, 19, 72, 14229 }, // У
    { 16, 19, 16, 0, 19, 76, 14301 }, // Ф
    { 16, 19, 16, 0, 19, 76, 14377 }, // Х
    { 14, 23, 16, 2, 19, 81, 14453 }, // Ц
    { 13, 19, 16, 1, 19, 62, 14534 }, // Ч
    { 14, 19, 16, 1, 19, 67, 14596 }, // Ш
    { 16, 23, 16, 1, 19, 92, 14663 }, // Щ
    { 16, 19, 16, 0, 19, 76, 14755 }, // Ъ
    { 14, 19, 16, 1, 19, 67, 14831 }, // Ы
    { 13, 19, 16, 2, 19, 62, 14898 }, // Ь
    { 14, 19, 16, 1, 19, 67, 14960 }, // Э
    { 15, 19, 16, 1, 19, 72, 15027 }, // Ю
    { 13, 19, 16, 1, 19, 62, 15099 }, // Я
    { 14, 14, 16, 1, 14, 49, 15161 }, // а
    { 14, 20, 16, 1, 20, 70, 15210 }, // б
    { 13, 14, 16, 2, 14, 46, 15280 }, // в
    { 11, 14, 16, 3, 14, 39, 15326 }, // г
    { 16, 18, 16, 0, 14, 72, 15365 }, // д
    { 14, 14, 16, 1, 14, 49, 15437 }, // е
    { 16, 14, 16, 0, 14, 56, 15486 }, // ж
    { 13, 14, 16, 1, 14, 46, 15542 }, // з
    { 12, 14, 16, 2, 14, 42, 15588 }, // и
    { 12, 22, 16, 2, 22, 66, 15630 }, // й
    { 13, 14, 16, 2, 14, 46, 15696 }, // к
    { 14, 14, 16, 0, 14, 49, 15742 }, // л
    { 14, 14, 16, 1, 14, 49, 15791 }, // м
    { 12, 14, 16, 2, 14, 42, 15840 }, // н
    { 14, 14, 16, 1, 14, 49, 15882 }, // о
    { 12, 14, 16, 2, 14, 42, 15931 }, // п
    { 13, 19, 16, 2, 14, 62, 15973 }, // р
    { 12, 14, 16, 2, 14, 42, 16035 }, // с
    { 14, 14, 16, 1, 14, 49, 16077 }, // т
    { 14, 19, 16, 1, 14, 67, 16126 }, // у
    { 15, 24, 16, 1, 19, 90, 16193 }, // ф
    { 14, 14, 16, 1, 14, 49, 16283 }, // х
    { 14, 18, 16, 2, 14, 63, 16332 }, // ц
    { 12, 14, 16, 2, 14, 42, 16395 }, // ч
    { 14, 14, 16, 1, 14, 49, 16437 }, // ш
    { 16, 18, 16, 1, 14, 72, 16486 }, // щ
    { 16, 14, 16, 0, 14, 56, 16558 }, // ъ
    { 14, 14, 16, 1, 14, 49, 16614 }, // ы
    { 12, 14, 16, 3, 14, 42, 16663 }, // ь
    { 12, 14, 16, 2, 14, 42, 16705 }, // э
    { 14, 14, 16, 1, 14, 49, 16747 }, // ю
    { 13, 14, 16, 1, 14, 46, 16796 }, // я
    { 14, 22, 16, 1, 22, 77, 16842 }, // ѐ
    { 14, 20, 16, 1, 20, 70, 16919 }, // ё
    { 14, 25, 16, 0, 20, 88, 16989 }, // ђ
    { 11, 22, 16, 3, 22, 61, 17077 }, // ѓ
    { 12, 14, 16, 2, 14, 42, 17138 }, // є
    { 14, 14, 16, 1, 14, 49, 17180 }, // ѕ
    { 13, 20, 16, 2, 20, 65, 17229 }, // і
    { 13, 20, 16, 2, 20, 65, 17294 }, // ї
    { 11, 25, 16, 2, 20, 69, 17359 }, // ј
    { 16, 14, 16, 0, 14, 56, 17428 }, // љ
    { 15, 14, 16, 1, 14, 53, 17484 }, // њ
    { 14, 20, 16, 0, 20, 70, 17537 }, // ћ
    { 13, 22, 16, 2, 22, 72, 17607 }, // ќ
    { 12, 22, 16, 2, 22, 66, 17679 }, // ѝ
    { 14, 27, 16, 1, 22, 95, 17745 }, // ў
    { 12, 18, 16, 2, 14, 54, 17840 }, // џ
    { 12, 23, 16, 3, 23, 69, 17894 }, // Ґ
    { 11, 18, 16, 3, 18, 50, 17963 }, // ґ
    { 16, 19, 16, 0, 19, 76, 18013 }, // Ұ
    { 14, 19, 16, 1, 14, 67, 18089 }, // ұ
    { 14, 2, 16, 1, 9, 7, 18156 }, // –
    { 17, 2, 16, 0, 9, 9, 18163 }, // —
    { 6, 8, 16, 5, 20, 12, 18172 }, // ‘
    { 5, 8, 16, 6, 20, 10, 18184 }, // ’
    { 6, 8, 16, 5, 4, 12, 18194 }, // ‚
    { 12, 8, 16, 2, 20, 24, 18206 }, // “
    { 13, 8, 16, 2, 20, 26, 18230 }, // ”
    { 13, 8, 16, 2, 4, 26, 18256 }, // „
    { 8, 6, 16, 4, 11, 12, 18282 }, // •
    { 15, 4, 16, 1, 4, 15, 18294 }, // …
    { 4, 9, 16, 6, 19, 9, 18309 }, // ′
    { 10, 9, 16, 3, 19, 23, 18318 }, // ″
    { 7, 11, 16, 4, 13, 20, 18341 }, // ‹
    { 7, 11, 16, 5, 13, 20, 18361 }, // ›
    { 16, 19, 16, 0, 19, 76, 18381 }, // ⁄
    { 14, 19, 16, 1, 19, 67, 18457 }, // €
    { 12, 19, 16, 2, 19, 57, 18524 }, // ↑
    { 12, 19, 16, 2, 19, 57, 18581 }, // ↓
    { 14, 2, 16, 1, 9, 7, 18638 }, // −
    { 16, 19, 16, 0, 19, 76, 18645 }, // ∕
};

static const EpdUnicodeInterval PROGMEM ibm_plex_mono_13_2bIntervals[] = {
    { 0x0, 0x0, 0x0 },
    { 0xD, 0xD, 0x1 },
    { 0x20, 0x7E, 0x2 },
    { 0xA0, 0xFF, 0x61 },
    { 0x131, 0x131, 0xC1 },
    { 0x152, 0x153, 0xC2 },
    { 0x300, 0x301, 0xC4 },
    { 0x303, 0x304, 0xC6 },
    { 0x308, 0x309, 0xC8 },
    { 0x323, 0x323, 0xCA },
    { 0x400, 0x45F, 0xCB },
    { 0x490, 0x491, 0x12B },
    { 0x4B0, 0x4B1, 0x12D },
    { 0x2013, 0x2014, 0x12F },
    { 0x2018, 0x201A, 0x131 },
    { 0x201C, 0x201E, 0x134 },
    { 0x2022, 0x2022, 0x137 },
    { 0x2026, 0x2026, 0x138 },
    { 0x2032, 0x2033, 0x139 },
    { 0x2039, 0x203A, 0x13B },
    { 0x2044, 0x2044, 0x13D },
    { 0x20AC, 0x20AC, 0x13E },
    { 0x2191, 0x2191, 0x13F },
    { 0x2193, 0x2193, 0x140 },
    { 0x2212, 0x2212, 0x141 },
    { 0x2215, 0x2215, 0x142 },
};

static const EpdFontData ibm_plex_mono_13_2b = {
    ibm_plex_mono_13_2bBitmaps,
    ibm_plex_mono_13_2bGlyphs,
    ibm_plex_mono_13_2bIntervals,
    26,
    35,
    28,
    -8,
    true,
};
