/*
 * SIL OPEN FONT LICENSE 1.1 — bundled font notice (required by §56-61).
 *
 * Based on JetBrains Mono NL by JetBrains s.r.o.
 * Copyright 2020 The JetBrains Mono Project Authors
 *   (https://github.com/JetBrains/JetBrainsMono)
 *
 * This font is licensed under the SIL Open Font License, Version 1.1.
 * Full license text: scripts/jetbrains/OFL.txt (also bundled with each
 * snapix release archive).  License URL: https://openfontlicense.org
 *
 * Embedded in the snapix firmware as a derivative work — format conversion
 * (TTF → .epdfont → C array) is permitted under OFL §39-42.
 */
/**
 * generated by epdfont_to_header.py
 * name: jetbrains_mono_13_2b
 * mode: 2-bit
 */
#pragma once
#include "EpdFontData.h"

static const uint8_t PROGMEM jetbrains_mono_13_2bBitmaps[57462] = {
    0x7E, 0x1F, 0x47, 0xD1, 0xF4, 0x3D, 0x0F, 0x43, 0xD0, 0xF4, 0x3D, 0x0F, 0x43, 0xD0, 0xF4, 0x3C, 0x0F, 0x00, 0x00,
    0x00, 0x00, 0x1F, 0x8F, 0xF1, 0xF8, 0x3E, 0x07, 0xD3, 0xE0, 0x7D, 0x3E, 0x07, 0xD3, 0xE0, 0x7D, 0x3E, 0x07, 0xC3,
    0xD0, 0x7C, 0x3D, 0x03, 0xC3, 0xD0, 0x3C, 0x00, 0x0E, 0x00, 0xF0, 0x00, 0x1D, 0x00, 0xE0, 0x00, 0x2D, 0x01, 0xE0,
    0x00, 0x3C, 0x02, 0xD0, 0x00, 0x3C, 0x02, 0xC0, 0x00, 0x7C, 0x03, 0xC0, 0x0F, 0xFF, 0xFF, 0xFD, 0x0F, 0xFF, 0xFF,
    0xFD, 0x00, 0xB4, 0x07, 0x80, 0x00, 0xF0, 0x0B, 0x40, 0x00, 0xF0, 0x0B, 0x00, 0x00, 0xF0, 0x0F, 0x00, 0x01, 0xE0,
    0x0F, 0x00, 0x3F, 0xFF, 0xFF, 0xF4, 0x3F, 0xFF, 0xFF, 0xF4, 0x03, 0xC0, 0x2D, 0x00, 0x03, 0xC0, 0x3C, 0x00, 0x03,
    0x80, 0x3C, 0x00, 0x07, 0x40, 0x38, 0x00, 0x0B, 0x00, 0x74, 0x00, 0x00, 0x0B, 0x00, 0x00, 0x00, 0xB0, 0x00, 0x00,
    0x0B, 0x00, 0x00, 0x01, 0xF4, 0x00, 0x01, 0xFF, 0xFC, 0x00, 0xBF, 0xFB, 0xF0, 0x0F, 0x8B, 0x0F, 0x81, 0xF0, 0xB0,
    0xBC, 0x1F, 0x0B, 0x02, 0x41, 0xF0, 0xB0, 0x00, 0x0F, 0x8B, 0x00, 0x00, 0xBF, 0xF0, 0x00, 0x03, 0xFF, 0x90, 0x00,
    0x07, 0xFF, 0xC0, 0x00, 0x0B, 0xFF, 0x00, 0x00, 0xB1, 0xF8, 0x00, 0x0B, 0x0B, 0xC0, 0x00, 0xB0, 0x7C, 0x3D, 0x0B,
    0x03, 0xC3, 0xF0, 0xB0, 0xBC, 0x1F, 0x8B, 0x1F, 0x80, 0xFF, 0xFF, 0xF0, 0x02, 0xFF, 0xF8, 0x00, 0x01, 0xB4, 0x00,
    0x00, 0x0B, 0x00, 0x00, 0x00, 0xB0, 0x00, 0x00, 0x0B, 0x00, 0x00, 0x0B, 0xF0, 0x00, 0x2D, 0x3F, 0xFC, 0x00, 0x3C,
    0x7D, 0x2E, 0x00, 0xF0, 0xB4, 0x0F, 0x02, 0xD0, 0xB4, 0x0F, 0x03, 0xC0, 0xB4, 0x0F, 0x0F, 0x00, 0x7C, 0x2F, 0x2D,
    0x00, 0x3F, 0xFD, 0x3C, 0x00, 0x0F, 0xF4, 0xF0, 0x00, 0x00, 0x02, 0xD0, 0x00, 0x00, 0x03, 0xC0, 0x00, 0x00, 0x0F,
    0x0B, 0xE0, 0x00, 0x2D, 0x3F, 0xFC, 0x00, 0x78, 0xBD, 0x3E, 0x00, 0xF0, 0xB4, 0x1F, 0x02, 0xD0, 0xB4, 0x0F, 0x07,
    0x80, 0xB4, 0x1F, 0x0F, 0x00, 0xBC, 0x3E, 0x2D, 0x00, 0x3F, 0xFC, 0x78, 0x00, 0x0B, 0xE0, 0x00, 0x2F, 0xE0, 0x00,
    0x00, 0x3F, 0xFF, 0x00, 0x00, 0x2F, 0x47, 0xF0, 0x00, 0x0F, 0x80, 0x3D, 0x00, 0x03, 0xD0, 0x0F, 0x80, 0x00, 0xF8,
    0x00, 0x40, 0x00, 0x1F, 0x00, 0x00, 0x00, 0x03, 0xF0, 0x00, 0x00, 0x00, 0x3E, 0x00, 0x00, 0x00, 0xBF, 0xD0, 0x00,
    0x01, 0xFF, 0xFC, 0x02, 0xF0, 0xFD, 0x0F, 0xC0, 0xF4, 0x3D, 0x01, 0xF8, 0xF8, 0x1F, 0x00, 0x1F, 0xFC, 0x07, 0xC0,
    0x01, 0xFC, 0x01, 0xF0, 0x00, 0x7F, 0x00, 0x3D, 0x00, 0x7F, 0xF0, 0x0F, 0xD0, 0xBD, 0x3E, 0x00, 0xFF, 0xFE, 0x03,
    0xD0, 0x0B, 0xF8, 0x00, 0x7C, 0x7D, 0x3D, 0x3D, 0x3D, 0x3D, 0x3D, 0x3D, 0x3D, 0x00, 0x02, 0x00, 0x0F, 0xC0, 0x1F,
    0xF0, 0x1F, 0xD0, 0x0F, 0xC0, 0x0F, 0xC0, 0x07, 0xD0, 0x02, 0xF0, 0x00, 0xF8, 0x00, 0x3E, 0x00, 0x0F, 0x40, 0x03,
    0xD0, 0x00, 0xF4, 0x00, 0x3D, 0x00, 0x0F, 0x40, 0x03, 0xD0, 0x00, 0xF4, 0x00, 0x3E, 0x00, 0x0B, 0xC0, 0x01, 0xF0,
    0x00, 0x3E, 0x00, 0x0B, 0xD0, 0x00, 0xFD, 0x00, 0x0F, 0xE4, 0x00, 0xFF, 0x00, 0x07, 0xC0, 0x00, 0x00, 0x50, 0x00,
    0x3F, 0x40, 0x0B, 0xF8, 0x00, 0x3F, 0x80, 0x02, 0xF4, 0x00, 0x3F, 0x00, 0x03, 0xD0, 0x00, 0xFC, 0x00, 0x1F, 0x00,
    0x07, 0xC0, 0x01, 0xF0, 0x00, 0x3C, 0x00, 0x0F, 0x00, 0x03, 0xC0, 0x00, 0xF0, 0x00, 0x3C, 0x00, 0x1F, 0x00, 0x07,
    0xC0, 0x02, 0xF0, 0x00, 0xF8, 0x00, 0x7D, 0x00, 0x3F, 0x00, 0x3F, 0x00, 0xBF, 0x40, 0xFF, 0x00, 0x3D, 0x00, 0x00,
    0x00, 0x00, 0x00, 0x03, 0xC0, 0x00, 0x00, 0x03, 0xC0, 0x00, 0x00, 0x03, 0xC0, 0x00, 0x00, 0x03, 0xC0, 0x00, 0x2E,
    0x43, 0xC0, 0xB8, 0x3F, 0xF7, 0xDF, 0xFC, 0x07, 0xFF, 0xFF, 0xD0, 0x00, 0x1B, 0xF4, 0x00, 0x00, 0x0F, 0xF0, 0x00,
    0x00, 0x3E, 0x7C, 0x00, 0x00, 0xBC, 0x3F, 0x00, 0x01, 0xF4, 0x0F, 0x80, 0x03, 0xE0, 0x0B, 0xC0, 0x00, 0x80, 0x02,
    0x00, 0x00, 0x0F, 0x40, 0x00, 0x00, 0xF4, 0x00, 0x00, 0x0F, 0x40, 0x00, 0x00, 0xF4, 0x00, 0x00, 0x0F, 0x40, 0x00,
    0x00, 0xF4, 0x00, 0x7F, 0xFF, 0xFF, 0xD7, 0xFF, 0xFF, 0xFD, 0x00, 0x0F, 0x40, 0x00, 0x00, 0xF4, 0x00, 0x00, 0x0F,
    0x40, 0x00, 0x00, 0xF4, 0x00, 0x00, 0x0F, 0x40, 0x00, 0x0F, 0xC0, 0xF8, 0x1F, 0x41, 0xF0, 0x2F, 0x03, 0xF0, 0x3E,
    0x03, 0xD0, 0x00, 0x00, 0x03, 0xFF, 0xFD, 0x3F, 0xFF, 0xD0, 0x1F, 0x83, 0xFC, 0x3F, 0xC1, 0xF8, 0x00, 0x00, 0x2F,
    0x00, 0x00, 0x0F, 0x80, 0x00, 0x07, 0xC0, 0x00, 0x02, 0xF0, 0x00, 0x00, 0xF4, 0x00, 0x00, 0xBC, 0x00, 0x00, 0x3E,
    0x00, 0x00, 0x1F, 0x40, 0x00, 0x0B, 0xC0, 0x00, 0x03, 0xE0, 0x00, 0x01, 0xF0, 0x00, 0x00, 0xFC, 0x00, 0x00, 0x3D,
    0x00, 0x00, 0x2F, 0x00, 0x00, 0x0F, 0x80, 0x00, 0x07, 0xC0, 0x00, 0x02, 0xF0, 0x00, 0x00, 0xF4, 0x00, 0x00, 0x7C,
    0x00, 0x00, 0x3E, 0x00, 0x00, 0x0F, 0x40, 0x00, 0x0B, 0xC0, 0x00, 0x03, 0xE0, 0x00, 0x01, 0xF0, 0x00, 0x00, 0xFC,
    0x00, 0x00, 0x00, 0x02, 0xFF, 0x80, 0x03, 0xFF, 0xFD, 0x03, 0xF8, 0x1F, 0xC1, 0xF4, 0x00, 0xF8, 0xBC, 0x00, 0x2F,
    0x3E, 0x00, 0x07, 0xCF, 0x80, 0x01, 0xF3, 0xE0, 0x00, 0x7C, 0xF8, 0x3D, 0x1F, 0x3E, 0x1F, 0x87, 0xCF, 0x83, 0xD1,
    0xF3, 0xE0, 0x00, 0x7C, 0xF8, 0x00, 0x1F, 0x3E, 0x00, 0x07, 0xCF, 0x80, 0x01, 0xF2, 0xF0, 0x00, 0xBC, 0x7D, 0x00,
    0x3E, 0x0F, 0xD0, 0x7F, 0x00, 0xFF, 0xFF, 0x40, 0x0B, 0xFE, 0x00, 0x00, 0xBF, 0x00, 0x00, 0xFF, 0xC0, 0x01, 0xFE,
    0xF0, 0x01, 0xFD, 0x3C, 0x00, 0xB8, 0x0F, 0x00, 0x28, 0x03, 0xC0, 0x00, 0x00, 0xF0, 0x00, 0x00, 0x3C, 0x00, 0x00,
    0x0F, 0x00, 0x00, 0x03, 0xC0, 0x00, 0x00, 0xF0, 0x00, 0x00, 0x3C, 0x00, 0x00, 0x0F, 0x00, 0x00, 0x03, 0xC0, 0x00,
    0x00, 0xF0, 0x00, 0x00, 0x3C, 0x00, 0x00, 0x0F, 0x00, 0x00, 0x07, 0xD0, 0x0B, 0xFF, 0xFF, 0xFA, 0xFF, 0xFF, 0xFE,
    0x02, 0xFF, 0x80, 0x03, 0xFF, 0xFD, 0x03, 0xF9, 0x1F, 0xC1, 0xF0, 0x00, 0xF8, 0xF8, 0x00, 0x2F, 0x3D, 0x00, 0x0B,
    0xC0, 0x00, 0x02, 0xF0, 0x00, 0x00, 0xF8, 0x00, 0x00, 0x7D, 0x00, 0x00, 0x3F, 0x00, 0x00, 0x3F, 0x00, 0x00, 0x3F,
    0x40, 0x00, 0x2F, 0x40, 0x00, 0x2F, 0x40, 0x00, 0x2F, 0x40, 0x00, 0x2F, 0x40, 0x00, 0x1F, 0x80, 0x00, 0x1F, 0x80,
    0x00, 0x0B, 0xFF, 0xFF, 0xF2, 0xFF, 0xFF, 0xFC, 0x2F, 0xFF, 0xFF, 0x4B, 0xFF, 0xFF, 0xD0, 0x00, 0x03, 0xF0, 0x00,
    0x02, 0xF0, 0x00, 0x02, 0xF4, 0x00, 0x02, 0xF4, 0x00, 0x02, 0xF4, 0x00, 0x00, 0xFE, 0x00, 0x00, 0x7F, 0xF8, 0x00,
    0x05, 0xBF, 0x80, 0x00, 0x02, 0xF4, 0x00, 0x00, 0x3E, 0x00, 0x00, 0x0B, 0x80, 0x00, 0x02, 0xF2, 0x80, 0x00, 0xB8,
    0xF8, 0x00, 0x3E, 0x2F, 0x00, 0x1F, 0x47, 0xF4, 0x6F, 0xC0, 0x7F, 0xFF, 0xC0, 0x02, 0xFF, 0x80, 0x00, 0x00, 0xF8,
    0x00, 0x00, 0xFC, 0x00, 0x00, 0x7D, 0x00, 0x00, 0x3F, 0x00, 0x00, 0x2F, 0x00, 0x00, 0x0F, 0x80, 0x00, 0x0B, 0xC0,
    0x00, 0x07, 0xD0, 0x00, 0x03, 0xF0, 0x00, 0x02, 0xF0, 0x03, 0xC0, 0xF8, 0x00, 0xF0, 0xBC, 0x00, 0x3C, 0x3D, 0x00,
    0x0F, 0x0F, 0x40, 0x07, 0xC3, 0xFF, 0xFF, 0xF0, 0xFF, 0xFF, 0xFC, 0x00, 0x00, 0x0F, 0x00, 0x00, 0x03, 0xC0, 0x00,
    0x00, 0xF0, 0x00, 0x00, 0x3C, 0x7F, 0xFF, 0xFC, 0x7F, 0xFF, 0xFC, 0x7C, 0x00, 0x00, 0x7C, 0x00, 0x00, 0x7C, 0x00,
    0x00, 0x7C, 0x00, 0x00, 0x7C, 0x00, 0x00, 0x7C, 0x00, 0x00, 0x7F, 0xFF, 0xD0, 0x7F, 0xFF, 0xF8, 0x00, 0x01, 0xFD,
    0x00, 0x00, 0x3E, 0x00, 0x00, 0x2F, 0x00, 0x00, 0x2F, 0x64, 0x00, 0x2F, 0xF8, 0x00, 0x2F, 0xBC, 0x00, 0x3E, 0x3F,
    0x41, 0xFC, 0x1F, 0xFF, 0xF4, 0x02, 0xFF, 0x80, 0x00, 0x03, 0xE0, 0x00, 0x00, 0xBC, 0x00, 0x00, 0x1F, 0x40, 0x00,
    0x03, 0xF0, 0x00, 0x00, 0x7D, 0x00, 0x00, 0x0F, 0xC0, 0x00, 0x02, 0xF0, 0x00, 0x00, 0x3E, 0x00, 0x00, 0x0B, 0xEF,
    0xE4, 0x00, 0xFF, 0xFF, 0xE0, 0x2F, 0xC0, 0x2F, 0x43, 0xF0, 0x00, 0xBC, 0x3D, 0x00, 0x03, 0xD3, 0xC0, 0x00, 0x3D,
    0x3C, 0x00, 0x03, 0xD3, 0xD0, 0x00, 0x7C, 0x2F, 0x00, 0x0F, 0xC0, 0xFD, 0x07, 0xF4, 0x03, 0xFF, 0xFD, 0x00, 0x07,
    0xFE, 0x00, 0xFF, 0xFF, 0xFF, 0xBF, 0xFF, 0xFF, 0xEF, 0x80, 0x00, 0xFB, 0xE0, 0x00, 0x7C, 0xF8, 0x00, 0x3F, 0x15,
    0x00, 0x0F, 0x40, 0x00, 0x0B, 0xC0, 0x00, 0x03, 0xE0, 0x00, 0x01, 0xF4, 0x00, 0x00, 0xBC, 0x00, 0x00, 0x3E, 0x00,
    0x00, 0x2F, 0x00, 0x00, 0x0F, 0x80, 0x00, 0x07, 0xD0, 0x00, 0x02, 0xF0, 0x00, 0x00, 0xF8, 0x00, 0x00, 0x7C, 0x00,
    0x00, 0x3F, 0x00, 0x00, 0x1F, 0x40, 0x00, 0x0B, 0xC0, 0x00, 0x00, 0x7F, 0xE0, 0x00, 0x3F, 0xFF, 0xD0, 0x0F, 0xE4,
    0x7F, 0x01, 0xF4, 0x00, 0xF8, 0x2F, 0x00, 0x0B, 0xC2, 0xF0, 0x00, 0xBC, 0x1F, 0x00, 0x0B, 0x80, 0xF4, 0x00, 0xF4,
    0x07, 0xE4, 0x7E, 0x00, 0x1F, 0xFF, 0x40, 0x03, 0xFF, 0xFD, 0x00, 0xFD, 0x02, 0xF4, 0x3F, 0x00, 0x0B, 0xC3, 0xD0,
    0x00, 0x3D, 0x3C, 0x00, 0x03, 0xD3, 0xD0, 0x00, 0x3D, 0x3F, 0x00, 0x0B, 0xC1, 0xFD, 0x07, 0xF4, 0x07, 0xFF, 0xFE,
    0x00, 0x0B, 0xFE, 0x00, 0x00, 0x7F, 0xE0, 0x00, 0x3F, 0xFF, 0xD0, 0x0F, 0xE0, 0x7F, 0x42, 0xF0, 0x00, 0xFC, 0x3E,
    0x00, 0x07, 0xC3, 0xD0, 0x00, 0x3D, 0x3C, 0x00, 0x03, 0xD3, 0xC0, 0x00, 0x3D, 0x3E, 0x00, 0x07, 0xC3, 0xF0, 0x00,
    0xFC, 0x1F, 0xD0, 0x7F, 0x40, 0x7F, 0xFF, 0xF0, 0x01, 0xFF, 0xBD, 0x00, 0x00, 0x0B, 0x80, 0x00, 0x01, 0xF0, 0x00,
    0x00, 0x3E, 0x00, 0x00, 0x0B, 0xC0, 0x00, 0x00, 0xF4, 0x00, 0x00, 0x3F, 0x00, 0x00, 0x07, 0xD0, 0x00, 0x1F, 0x83,
    0xFC, 0x3F, 0xC1, 0xF8, 0x00, 0x00, 0x00, 0x00, 0x00, 0x00, 0x00, 0x00, 0x00, 0x00, 0x01, 0xF8, 0x3F, 0xC3, 0xFC,
    0x1F, 0x80, 0x1F, 0x83, 0xFD, 0x3F, 0xD1, 0xF8, 0x00, 0x00, 0x00, 0x00, 0x00, 0x00, 0x00, 0x00, 0x00, 0x00, 0x00,
    0xFC, 0x1F, 0x81, 0xF4, 0x2F, 0x03, 0xF0, 0x3E, 0x03, 0xD0, 0x7C, 0x00, 0x00, 0x00, 0x00, 0x00, 0x00, 0x07, 0x00,
    0x00, 0x7F, 0x00, 0x07, 0xFD, 0x00, 0x7F, 0xD0, 0x07, 0xFD, 0x00, 0x7F, 0xD0, 0x00, 0xBD, 0x00, 0x00, 0xBD, 0x00,
    0x00, 0x7F, 0xD0, 0x00, 0x0B, 0xFD, 0x00, 0x00, 0xBF, 0xD0, 0x00, 0x0B, 0xFD, 0x00, 0x00, 0xBF, 0x00, 0x00, 0x0B,
    0x00, 0x00, 0x00, 0xBF, 0xFF, 0xFF, 0xBF, 0xFF, 0xFF, 0x00, 0x00, 0x00, 0x00, 0x00, 0x00, 0x00, 0x00, 0x00, 0x00,
    0x00, 0x00, 0x00, 0x00, 0x00, 0xBF, 0xFF, 0xFF, 0xBF, 0xFF, 0xFF, 0x00, 0x00, 0x00, 0x90, 0x00, 0x00, 0xBD, 0x00,
    0x00, 0x7F, 0xD0, 0x00, 0x07, 0xFD, 0x00, 0x00, 0x7F, 0xD0, 0x00, 0x07, 0xFD, 0x00, 0x00, 0x7F, 0x00, 0x00, 0x2F,
    0x00, 0x02, 0xFE, 0x00, 0x2F, 0xE0, 0x02, 0xFE, 0x00, 0x2F, 0xE0, 0x00, 0xBE, 0x00, 0x00, 0xA0, 0x00, 0x00, 0x00,
    0x00, 0x00, 0x7F, 0xF4, 0x01, 0xFF, 0xFC, 0x00, 0x01, 0xFC, 0x00, 0x00, 0xF8, 0x00, 0x02, 0xF0, 0x00, 0x07, 0xC0,
    0x00, 0x1F, 0x00, 0x00, 0xBC, 0x00, 0x03, 0xE0, 0x00, 0x7F, 0x00, 0x7F, 0xF4, 0x01, 0xFE, 0x40, 0x07, 0xC0, 0x00,
    0x1F, 0x00, 0x00, 0x14, 0x00, 0x00, 0x00, 0x00, 0x00, 0x00, 0x00, 0x2F, 0x40, 0x00, 0xFE, 0x00, 0x02, 0xF4, 0x00,
    0x00, 0x7F, 0xE4, 0x00, 0x0F, 0xFF, 0xFC, 0x00, 0xFE, 0x46, 0xFC, 0x0F, 0xC0, 0x00, 0xF4, 0x3C, 0x00, 0x02, 0xF2,
    0xF0, 0x00, 0x03, 0xCB, 0x80, 0x00, 0x0F, 0x3D, 0x00, 0xBE, 0x3C, 0xF4, 0x0F, 0xFE, 0xF3, 0xD0, 0x3E, 0x1F, 0xCF,
    0x41, 0xF0, 0x0F, 0x3D, 0x0B, 0x80, 0x3C, 0xF4, 0x2E, 0x00, 0xF3, 0xD0, 0xB8, 0x03, 0xCF, 0x42, 0xE0, 0x0F, 0x3D,
    0x07, 0xC0, 0x7C, 0xF4, 0x0F, 0x87, 0xE2, 0xD0, 0x2F, 0xFF, 0x0B, 0x80, 0x1F, 0xE0, 0x1F, 0x00, 0x00, 0x00, 0x3C,
    0x00, 0x00, 0x00, 0xBC, 0x00, 0x00, 0x00, 0xFE, 0x40, 0x00, 0x00, 0xFF, 0xFF, 0x00, 0x00, 0x6F, 0xFC, 0x00, 0x00,
    0x2F, 0xC0, 0x00, 0x03, 0xFC, 0x00, 0x00, 0x3F, 0xD0, 0x00, 0x07, 0xEE, 0x00, 0x00, 0xB9, 0xF0, 0x00, 0x0F, 0x4F,
    0x00, 0x00, 0xF0, 0xF4, 0x00, 0x1F, 0x0B, 0x80, 0x02, 0xE0, 0x7C, 0x00, 0x3D, 0x03, 0xC0, 0x03, 0xC0, 0x3D, 0x00,
    0x7C, 0x03, 0xE0, 0x0B, 0x80, 0x2F, 0x00, 0xFF, 0xFF, 0xF0, 0x0F, 0xFF, 0xFF, 0x42, 0xF0, 0x00, 0xF8, 0x3E, 0x00,
    0x0B, 0xC3, 0xD0, 0x00, 0x7C, 0x7C, 0x00, 0x03, 0xDB, 0xC0, 0x00, 0x2E, 0x7F, 0xFF, 0x80, 0x1F, 0xFF, 0xFD, 0x07,
    0xC0, 0x1F, 0xC1, 0xF0, 0x00, 0xF8, 0x7C, 0x00, 0x2F, 0x1F, 0x00, 0x0B, 0xC7, 0xC0, 0x02, 0xE1, 0xF0, 0x00, 0xF4,
    0x7C, 0x01, 0xF8, 0x1F, 0xFF, 0xF4, 0x07, 0xFF, 0xFF, 0x01, 0xF0, 0x02, 0xF0, 0x7C, 0x00, 0x2F, 0x1F, 0x00, 0x07,
    0xC7, 0xC0, 0x00, 0xF5, 0xF0, 0x00, 0x7C, 0x7C, 0x00, 0x2F, 0x1F, 0x00, 0x7F, 0x87, 0xFF, 0xFF, 0x81, 0xFF, 0xFE,
    0x40, 0x01, 0xFF, 0x80, 0x03, 0xFF, 0xFD, 0x02, 0xF9, 0x1F, 0xD0, 0xF8, 0x00, 0xFC, 0x7C, 0x00, 0x2F, 0x2F, 0x00,
    0x02, 0x8B, 0xC0, 0x00, 0x02, 0xF0, 0x00, 0x00, 0xBC, 0x00, 0x00, 0x2F, 0x00, 0x00, 0x0B, 0xC0, 0x00, 0x02, 0xF0,
    0x00, 0x00, 0xBC, 0x00, 0x00, 0x2F, 0x00, 0x00, 0x0B, 0xC0, 0x00, 0xA1, 0xF0, 0x00, 0xBC, 0x3E, 0x00, 0x3F, 0x0B,
    0xE4, 0x7F, 0x40, 0xFF, 0xFF, 0x40, 0x07, 0xFE, 0x00, 0xBF, 0xFE, 0x40, 0xBF, 0xFF, 0xF0, 0xBC, 0x06, 0xFC, 0xBC,
    0x00, 0x7D, 0xBC, 0x00, 0x3E, 0xBC, 0x00, 0x2F, 0xBC, 0x00, 0x2F, 0xBC, 0x00, 0x2F, 0xBC, 0x00, 0x2F, 0xBC, 0x00,
    0x2F, 0xBC, 0x00, 0x2F, 0xBC, 0x00, 0x2F, 0xBC, 0x00, 0x2F, 0xBC, 0x00, 0x2F, 0xBC, 0x00, 0x2F, 0xBC, 0x00, 0x3E,
    0xBC, 0x00, 0x7D, 0xBC, 0x06, 0xFC, 0xBF, 0xFF, 0xF0, 0xBF, 0xFF, 0x40, 0x7F, 0xFF, 0xFF, 0x1F, 0xFF, 0xFF, 0xC7,
    0xC0, 0x00, 0x01, 0xF0, 0x00, 0x00, 0x7C, 0x00, 0x00, 0x1F, 0x00, 0x00, 0x07, 0xC0, 0x00, 0x01, 0xF0, 0x00, 0x00,
    0x7C, 0x00, 0x00, 0x1F, 0xFF, 0xFF, 0x07, 0xFF, 0xFF, 0xC1, 0xF0, 0x00, 0x00, 0x7C, 0x00, 0x00, 0x1F, 0x00, 0x00,
    0x07, 0xC0, 0x00, 0x01, 0xF0, 0x00, 0x00, 0x7C, 0x00, 0x00, 0x1F, 0x00, 0x00, 0x07, 0xFF, 0xFF, 0xF1, 0xFF, 0xFF,
    0xFC, 0x7F, 0xFF, 0xFF, 0x1F, 0xFF, 0xFF, 0xC7, 0xC0, 0x00, 0x01, 0xF0, 0x00, 0x00, 0x7C, 0x00, 0x00, 0x1F, 0x00,
    0x00, 0x07, 0xC0, 0x00, 0x01, 0xF0, 0x00, 0x00, 0x7C, 0x00, 0x00, 0x1F, 0xFF, 0xFF, 0x47, 0xFF, 0xFF, 0xD1, 0xF0,
    0x00, 0x00, 0x7C, 0x00, 0x00, 0x1F, 0x00, 0x00, 0x07, 0xC0, 0x00, 0x01, 0xF0, 0x00, 0x00, 0x7C, 0x00, 0x00, 0x1F,
    0x00, 0x00, 0x07, 0xC0, 0x00, 0x01, 0xF0, 0x00, 0x00, 0x01, 0xFF, 0x80, 0x0F, 0xFF, 0xF4, 0x3F, 0x91, 0xFC, 0x7D,
    0x00, 0x3E, 0xBC, 0x00, 0x2F, 0xBC, 0x00, 0x1A, 0xBC, 0x00, 0x00, 0xBC, 0x00, 0x00, 0xBC, 0x00, 0x00, 0xBC, 0x00,
    0x00, 0xBC, 0x1F, 0xFF, 0xBC, 0x1F, 0xFF, 0xBC, 0x00, 0x1F, 0xBC, 0x00, 0x1F, 0xBC, 0x00, 0x1F, 0xBC, 0x00, 0x2F,
    0x7D, 0x00, 0x3E, 0x3F, 0x91, 0xFC, 0x0F, 0xFF, 0xF4, 0x01, 0xFF, 0x80, 0x7C, 0x00, 0x2E, 0x7C, 0x00, 0x2E, 0x7C,
    0x00, 0x2E, 0x7C, 0x00, 0x2E, 0x7C, 0x00, 0x2E, 0x7C, 0x00, 0x2E, 0x7C, 0x00, 0x2E, 0x7C, 0x00, 0x2E, 0x7C, 0x00,
    0x3E, 0x7F, 0xFF, 0xFE, 0x7F, 0xFF, 0xFE, 0x7C, 0x00, 0x2E, 0x7C, 0x00, 0x2E, 0x7C, 0x00, 0x2E, 0x7C, 0x00, 0x2E,
    0x7C, 0x00, 0x2E, 0x7C, 0x00, 0x2E, 0x7C, 0x00, 0x2E, 0x7C, 0x00, 0x2E, 0x7C, 0x00, 0x2E, 0x3F, 0xFF, 0xFD, 0x3F,
    0xFF, 0xFD, 0x00, 0x7D, 0x00, 0x00, 0x3D, 0x00, 0x00, 0x3D, 0x00, 0x00, 0x3D, 0x00, 0x00, 0x3D, 0x00, 0x00, 0x3D,
    0x00, 0x00, 0x3D, 0x00, 0x00, 0x3D, 0x00, 0x00, 0x3D, 0x00, 0x00, 0x3D, 0x00, 0x00, 0x3D, 0x00, 0x00, 0x3D, 0x00,
    0x00, 0x3D, 0x00, 0x00, 0x3D, 0x00, 0x00, 0x3D, 0x00, 0x00, 0x7D, 0x00, 0x3F, 0xFF, 0xFD, 0x3F, 0xFF, 0xFD, 0x00,
    0x00, 0x0F, 0x40, 0x00, 0x03, 0xD0, 0x00, 0x00, 0xF4, 0x00, 0x00, 0x3D, 0x00, 0x00, 0x0F, 0x40, 0x00, 0x03, 0xD0,
    0x00, 0x00, 0xF4, 0x00, 0x00, 0x3D, 0x00, 0x00, 0x0F, 0x40, 0x00, 0x03, 0xD0, 0x00, 0x00, 0xF4, 0x00, 0x00, 0x3D,
    0x00, 0x00, 0x0F, 0x40, 0x00, 0x03, 0xDB, 0x80, 0x00, 0xF6, 0xF0, 0x00, 0x7C, 0x7D, 0x00, 0x3F, 0x0F, 0xE4, 0x7F,
    0x40, 0xFF, 0xFF, 0x80, 0x07, 0xFE, 0x40, 0xBC, 0x00, 0x0F, 0x8B, 0xC0, 0x02, 0xF0, 0xBC, 0x00, 0x3E, 0x0B, 0xC0,
    0x0B, 0xC0, 0xBC, 0x00, 0xF8, 0x0B, 0xC0, 0x2F, 0x00, 0xBC, 0x03, 0xE0, 0x0B, 0xC0, 0xBC, 0x00, 0xBC, 0x0F, 0x80,
    0x0B, 0xFF, 0xF0, 0x00, 0xBF, 0xFF, 0x40, 0x0B, 0xC0, 0xFC, 0x00, 0xBC, 0x07, 0xD0, 0x0B, 0xC0, 0x3F, 0x00, 0xBC,
    0x01, 0xF4, 0x0B, 0xC0, 0x0F, 0xC0, 0xBC, 0x00, 0x7D, 0x0B, 0xC0, 0x03, 0xF0, 0xBC, 0x00, 0x1F, 0x4B, 0xC0, 0x00,
    0xFC, 0x7C, 0x00, 0x00, 0x7C, 0x00, 0x00, 0x7C, 0x00, 0x00, 0x7C, 0x00, 0x00, 0x7C, 0x00, 0x00, 0x7C, 0x00, 0x00,
    0x7C, 0x00, 0x00, 0x7C, 0x00, 0x00, 0x7C, 0x00, 0x00, 0x7C, 0x00, 0x00, 0x7C, 0x00, 0x00, 0x7C, 0x00, 0x00, 0x7C,
    0x00, 0x00, 0x7C, 0x00, 0x00, 0x7C, 0x00, 0x00, 0x7C, 0x00, 0x00, 0x7C, 0x00, 0x00, 0x7C, 0x00, 0x00, 0x7F, 0xFF,
    0xFF, 0x7F, 0xFF, 0xFF, 0x3F, 0x80, 0x1F, 0xD3, 0xFC, 0x03, 0xFD, 0x3E, 0xD0, 0x3B, 0xD3, 0xDE, 0x07, 0x7D, 0x3C,
    0xF0, 0xB3, 0xD3, 0xCB, 0x0F, 0x3D, 0x3C, 0x75, 0xD3, 0xD3, 0xD3, 0xAC, 0x3D, 0x3D, 0x3F, 0xC3, 0xD3, 0xD2, 0xF8,
    0x3D, 0x3D, 0x0F, 0x43, 0xD3, 0xD0, 0x00, 0x3D, 0x3D, 0x00, 0x03, 0xD3, 0xD0, 0x00, 0x3D, 0x3D, 0x00, 0x03, 0xD3,
    0xD0, 0x00, 0x3D, 0x3D, 0x00, 0x03, 0xD3, 0xD0, 0x00, 0x3D, 0x3D, 0x00, 0x03, 0xD3, 0xD0, 0x00, 0x3D, 0xBF, 0x00,
    0x2F, 0xBF, 0x00, 0x2F, 0xBF, 0x80, 0x2F, 0xBF, 0xC0, 0x2F, 0xBB, 0xD0, 0x2F, 0xBA, 0xE0, 0x2F, 0xB8, 0xF0, 0x2F,
    0xBC, 0xF4, 0x2F, 0xBC, 0xB8, 0x2F, 0xBC, 0x3C, 0x2F, 0xBC, 0x3D, 0x2F, 0xBC, 0x1E, 0x2F, 0xBC, 0x0F, 0x2F, 0xBC,
    0x0F, 0x6F, 0xBC, 0x07, 0xDF, 0xBC, 0x03, 0xEF, 0xBC, 0x02, 0xFF, 0xBC, 0x01, 0xFF, 0xBC, 0x00, 0xFF, 0xBC, 0x00,
    0xBF, 0x01, 0xFF, 0x80, 0x0F, 0xFF, 0xF4, 0x3F, 0x91, 0xFC, 0x7D, 0x00, 0x3D, 0xBC, 0x00, 0x3E, 0xBC, 0x00, 0x2F,
    0xBC, 0x00, 0x2F, 0xBC, 0x00, 0x2F, 0xBC, 0x00, 0x2F, 0xBC, 0x00, 0x2F, 0xBC, 0x00, 0x2F, 0xBC, 0x00, 0x2F, 0xBC,
    0x00, 0x2F, 0xBC, 0x00, 0x2F, 0xBC, 0x00, 0x2F, 0xBC, 0x00, 0x3E, 0x7D, 0x00, 0x3D, 0x3F, 0x81, 0xFC, 0x0F, 0xFF,
    0xF4, 0x02, 0xFF, 0x80, 0xBF, 0xFF, 0xD0, 0x2F, 0xFF, 0xFF, 0x0B, 0xC0, 0x0B, 0xF2, 0xF0, 0x00, 0x7D, 0xBC, 0x00,
    0x0F, 0xAF, 0x00, 0x02, 0xFB, 0xC0, 0x00, 0xBE, 0xF0, 0x00, 0x3E, 0xBC, 0x00, 0x1F, 0x6F, 0x00, 0x2F, 0xCB, 0xFF,
    0xFF, 0xC2, 0xFF, 0xFF, 0x40, 0xBC, 0x00, 0x00, 0x2F, 0x00, 0x00, 0x0B, 0xC0, 0x00, 0x02, 0xF0, 0x00, 0x00, 0xBC,
    0x00, 0x00, 0x2F, 0x00, 0x00, 0x0B, 0xC0, 0x00, 0x02, 0xF0, 0x00, 0x00, 0x02, 0xFF, 0x80, 0x03, 0xFF, 0xFD, 0x03,
    0xF9, 0x1F, 0xC1, 0xF4, 0x00, 0xF8, 0xBC, 0x00, 0x2F, 0x3E, 0x00, 0x07, 0xCF, 0x80, 0x01, 0xF3, 0xE0, 0x00, 0x7C,
    0xF8, 0x00, 0x1F, 0x3E, 0x00, 0x07, 0xCF, 0x80, 0x01, 0xF3, 0xE0, 0x00, 0x7C, 0xF8, 0x00, 0x1F, 0x3E, 0x00, 0x07,
    0xCF, 0x80, 0x01, 0xF2, 0xF0, 0x00, 0xBC, 0x7D, 0x00, 0x3E, 0x0F, 0xE4, 0x7F, 0x00, 0xFF, 0xFF, 0x40, 0x0B, 0xFF,
    0x40, 0x00, 0x03, 0xE0, 0x00, 0x00, 0xBC, 0x00, 0x00, 0x0F, 0xC0, 0x00, 0x01, 0xF4, 0x00, 0x00, 0x3F, 0x00, 0x7F,
    0xFF, 0x90, 0x1F, 0xFF, 0xFE, 0x07, 0xC0, 0x1F, 0xD1, 0xF0, 0x00, 0xFC, 0x7C, 0x00, 0x1F, 0x5F, 0x00, 0x03, 0xD7,
    0xC0, 0x00, 0xF5, 0xF0, 0x00, 0x7D, 0x7C, 0x00, 0x3F, 0x1F, 0x00, 0x7F, 0x47, 0xFF, 0xFF, 0x81, 0xFF, 0xFF, 0x40,
    0x7C, 0x0B, 0xC0, 0x1F, 0x00, 0xF8, 0x07, 0xC0, 0x2F, 0x01, 0xF0, 0x03, 0xE0, 0x7C, 0x00, 0xBC, 0x1F, 0x00, 0x0F,
    0x47, 0xC0, 0x02, 0xF1, 0xF0, 0x00, 0x3D, 0x00, 0x7F, 0xE0, 0x00, 0x3F, 0xFF, 0xC0, 0x0F, 0xE0, 0x7F, 0x01, 0xF4,
    0x01, 0xF4, 0x1F, 0x00, 0x0F, 0x82, 0xF0, 0x00, 0x00, 0x1F, 0x00, 0x00, 0x00, 0xFC, 0x00, 0x00, 0x07, 0xFE, 0x40,
    0x00, 0x1F, 0xFF, 0x40, 0x00, 0x1B, 0xFE, 0x00, 0x00, 0x02, 0xF8, 0x00, 0x00, 0x0B, 0xC0, 0x00, 0x00, 0x7C, 0x28,
    0x00, 0x03, 0xC3, 0xE0, 0x00, 0x7C, 0x2F, 0x00, 0x0F, 0xC0, 0xFD, 0x47, 0xF4, 0x07, 0xFF, 0xFE, 0x00, 0x0B, 0xFE,
    0x00, 0xBF, 0xFF, 0xFF, 0xEB, 0xFF, 0xFF, 0xFE, 0x00, 0x0F, 0x40, 0x00, 0x00, 0xF4, 0x00, 0x00, 0x0F, 0x40, 0x00,
    0x00, 0xF4, 0x00, 0x00, 0x0F, 0x40, 0x00, 0x00, 0xF4, 0x00, 0x00, 0x0F, 0x40, 0x00, 0x00, 0xF4, 0x00, 0x00, 0x0F,
    0x40, 0x00, 0x00, 0xF4, 0x00, 0x00, 0x0F, 0x40, 0x00, 0x00, 0xF4, 0x00, 0x00, 0x0F, 0x40, 0x00, 0x00, 0xF4, 0x00,
    0x00, 0x0F, 0x40, 0x00, 0x00, 0xF4, 0x00, 0x00, 0x0F, 0x40, 0x00, 0x00, 0xF4, 0x00, 0xBC, 0x00, 0x2F, 0xBC, 0x00,
    0x2F, 0xBC, 0x00, 0x2F, 0xBC, 0x00, 0x2F, 0xBC, 0x00, 0x2F, 0xBC, 0x00, 0x2F, 0xBC, 0x00, 0x2F, 0xBC, 0x00, 0x2F,
    0xBC, 0x00, 0x2F, 0xBC, 0x00, 0x2F, 0xBC, 0x00, 0x2F, 0xBC, 0x00, 0x2F, 0xBC, 0x00, 0x2F, 0xBC, 0x00, 0x2F, 0xBC,
    0x00, 0x2E, 0x7C, 0x00, 0x3E, 0x3D, 0x00, 0x7D, 0x3F, 0x91, 0xFC, 0x0F, 0xFF, 0xF4, 0x02, 0xFF, 0x80, 0xBC, 0x00,
    0x03, 0xE7, 0xC0, 0x00, 0x3D, 0x3D, 0x00, 0x07, 0xC3, 0xE0, 0x00, 0x7C, 0x2F, 0x00, 0x0B, 0x81, 0xF0, 0x00, 0xF4,
    0x0F, 0x40, 0x0F, 0x00, 0xF8, 0x01, 0xF0, 0x0B, 0xC0, 0x2E, 0x00, 0x3C, 0x03, 0xD0, 0x03, 0xD0, 0x3C, 0x00, 0x2E,
    0x07, 0xC0, 0x01, 0xF0, 0xB8, 0x00, 0x0F, 0x0F, 0x40, 0x00, 0xF4, 0xF0, 0x00, 0x0B, 0x9F, 0x00, 0x00, 0x7E, 0xE0,
    0x00, 0x03, 0xFD, 0x00, 0x00, 0x3F, 0xC0, 0x00, 0x02, 0xFC, 0x00, 0x7C, 0x03, 0xE0, 0x2E, 0x7C, 0x07, 0xE0, 0x2D,
    0x3C, 0x07, 0xF0, 0x2D, 0x3C, 0x0B, 0xB0, 0x3C, 0x3C, 0x0B, 0xB0, 0x3C, 0x3D, 0x0F, 0xB0, 0x3C, 0x2D, 0x0E, 0x74,
    0x3C, 0x2E, 0x0E, 0x74, 0x7C, 0x1E, 0x1D, 0x38, 0x78, 0x1F, 0x1D, 0x38, 0xB8, 0x0F, 0x2C, 0x3C, 0xB4, 0x0F, 0x2C,
    0x3C, 0xB4, 0x0F, 0x3C, 0x2C, 0xF0, 0x0F, 0x3C, 0x2C, 0xF0, 0x0F, 0x78, 0x1D, 0xF0, 0x0B, 0xB8, 0x1E, 0xF0, 0x0B,
    0xB4, 0x0E, 0xE0, 0x07, 0xF4, 0x0F, 0xE0, 0x07, 0xF0, 0x0F, 0xD0, 0x03, 0xF0, 0x0F, 0xD0, 0x7D, 0x00, 0x03, 0xE0,
    0xFC, 0x00, 0x2F, 0x01, 0xF4, 0x00, 0xF4, 0x02, 0xF0, 0x0B, 0xC0, 0x03, 0xD0, 0x3D, 0x00, 0x0B, 0xC2, 0xF0, 0x00,
    0x0F, 0x4F, 0x00, 0x00, 0x2F, 0xB8, 0x00, 0x00, 0x3F, 0xC0, 0x00, 0x00, 0x7E, 0x00, 0x00, 0x02, 0xFC, 0x00, 0x00,
    0x0F, 0xF4, 0x00, 0x00, 0xBE, 0xF0, 0x00, 0x07, 0xD3, 0xE0, 0x00, 0x3E, 0x0B, 0xC0, 0x01, 0xF0, 0x0F, 0x80, 0x0F,
    0x80, 0x2F, 0x00, 0xBC, 0x00, 0x3E, 0x03, 0xE0, 0x00, 0x7D, 0x2F, 0x00, 0x00, 0xFC, 0x3F, 0x00, 0x00, 0x7C, 0x1F,
    0x00, 0x00, 0xF8, 0x0F, 0x80, 0x01, 0xF0, 0x07, 0xC0, 0x03, 0xE0, 0x03, 0xE0, 0x07, 0xC0, 0x01, 0xF0, 0x0F, 0x80,
    0x00, 0xF8, 0x1F, 0x00, 0x00, 0xBC, 0x2E, 0x00, 0x00, 0x3D, 0x3C, 0x00, 0x00, 0x2F, 0xBC, 0x00, 0x00, 0x0F, 0xF4,
    0x00, 0x00, 0x0B, 0xF0, 0x00, 0x00, 0x03, 0xD0, 0x00, 0x00, 0x03, 0xD0, 0x00, 0x00, 0x03, 0xD0, 0x00, 0x00, 0x03,
    0xD0, 0x00, 0x00, 0x03, 0xD0, 0x00, 0x00, 0x03, 0xD0, 0x00, 0x00, 0x03, 0xD0, 0x00, 0x00, 0x03, 0xD0, 0x00, 0xBF,
    0xFF, 0xFE, 0xBF, 0xFF, 0xFE, 0x00, 0x00, 0x3E, 0x00, 0x00, 0xBC, 0x00, 0x00, 0xF4, 0x00, 0x02, 0xF0, 0x00, 0x07,
    0xD0, 0x00, 0x0F, 0x80, 0x00, 0x1F, 0x00, 0x00, 0x3E, 0x00, 0x00, 0xBC, 0x00, 0x00, 0xF4, 0x00, 0x03, 0xF0, 0x00,
    0x07, 0xD0, 0x00, 0x0F, 0x80, 0x00, 0x1F, 0x00, 0x00, 0x3E, 0x00, 0x00, 0xBC, 0x00, 0x00, 0xBF, 0xFF, 0xFF, 0xBF,
    0xFF, 0xFF, 0x00, 0x00, 0x7F, 0xFC, 0x7F, 0xFC, 0x7C, 0x00, 0x7C, 0x00, 0x7C, 0x00, 0x7C, 0x00, 0x7C, 0x00, 0x7C,
    0x00, 0x7C, 0x00, 0x7C, 0x00, 0x7C, 0x00, 0x7C, 0x00, 0x7C, 0x00, 0x7C, 0x00, 0x7C, 0x00, 0x7C, 0x00, 0x7C, 0x00,
    0x7C, 0x00, 0x7C, 0x00, 0x7C, 0x00, 0x7C, 0x00, 0x7C, 0x00, 0x7C, 0x00, 0x7F, 0xFC, 0x7F, 0xFC, 0xFC, 0x00, 0x00,
    0x1F, 0x00, 0x00, 0x03, 0xE0, 0x00, 0x00, 0xBC, 0x00, 0x00, 0x0F, 0x40, 0x00, 0x03, 0xE0, 0x00, 0x00, 0x7C, 0x00,
    0x00, 0x0F, 0x40, 0x00, 0x02, 0xF0, 0x00, 0x00, 0x7C, 0x00, 0x00, 0x0F, 0x80, 0x00, 0x02, 0xF0, 0x00, 0x00, 0x3D,
    0x00, 0x00, 0x0F, 0xC0, 0x00, 0x01, 0xF0, 0x00, 0x00, 0x3E, 0x00, 0x00, 0x0B, 0xC0, 0x00, 0x01, 0xF4, 0x00, 0x00,
    0x3E, 0x00, 0x00, 0x0B, 0xC0, 0x00, 0x00, 0xF4, 0x00, 0x00, 0x2F, 0x00, 0x00, 0x07, 0xC0, 0x00, 0x00, 0xF8, 0x00,
    0x00, 0x2F, 0x00, 0x00, 0x03, 0xFF, 0xEF, 0xFF, 0x80, 0x3E, 0x00, 0xF8, 0x03, 0xE0, 0x0F, 0x80, 0x3E, 0x00, 0xF8,
    0x03, 0xE0, 0x0F, 0x80, 0x3E, 0x00, 0xF8, 0x03, 0xE0, 0x0F, 0x80, 0x3E, 0x00, 0xF8, 0x03, 0xE0, 0x0F, 0x80, 0x3E,
    0x00, 0xF8, 0x03, 0xE0, 0x0F, 0x80, 0x3E, 0xFF, 0xFB, 0xFF, 0xE0, 0x00, 0x28, 0x00, 0x00, 0x1F, 0x80, 0x00, 0x0F,
    0xF0, 0x00, 0x07, 0x9E, 0x00, 0x03, 0xD3, 0xC0, 0x01, 0xF0, 0xB8, 0x00, 0xF4, 0x0F, 0x00, 0x3C, 0x02, 0xD0, 0x2D,
    0x00, 0x3C, 0x0F, 0x00, 0x0F, 0x4B, 0x80, 0x01, 0xF0, 0x00, 0x00, 0x00, 0x07, 0xFF, 0xFF, 0xFE, 0x7F, 0xFF, 0xFF,
    0xE0, 0x7D, 0x00, 0x7C, 0x00, 0xBC, 0x00, 0xF8, 0x00, 0xBF, 0xE0, 0x01, 0xFF, 0xFF, 0x40, 0xFD, 0x07, 0xF0, 0x7C,
    0x00, 0x3E, 0x00, 0x00, 0x0F, 0x80, 0x00, 0x03, 0xE0, 0x2F, 0xFF, 0xF8, 0x3F, 0xFF, 0xFE, 0x3F, 0x40, 0x0B, 0x8F,
    0x80, 0x02, 0xE3, 0xD0, 0x00, 0xF8, 0xF8, 0x00, 0x7E, 0x2F, 0x91, 0xBF, 0x83, 0xFF, 0xFA, 0xE0, 0x2F, 0xF4, 0xB8,
    0xBC, 0x00, 0x00, 0xBC, 0x00, 0x00, 0xBC, 0x00, 0x00, 0xBC, 0x00, 0x00, 0xBC, 0x00, 0x00, 0xBC, 0x7F, 0xD0, 0xBD,
    0xFF, 0xF8, 0xBF, 0x91, 0xFC, 0xBE, 0x00, 0x3E, 0xBC, 0x00, 0x2F, 0xBC, 0x00, 0x2F, 0xBC, 0x00, 0x2F, 0xBC, 0x00,
    0x2F, 0xBC, 0x00, 0x2F, 0xBC, 0x00, 0x2F, 0xBC, 0x00, 0x2F, 0xBE, 0x00, 0x3E, 0xBF, 0x91, 0xFC, 0xBD, 0xFF, 0xF8,
    0xBC, 0x7F, 0xD0, 0x01, 0xFF, 0x90, 0x03, 0xFF, 0xFE, 0x03, 0xF9, 0x1F, 0xD1, 0xF4, 0x00, 0xFC, 0xBC, 0x00, 0x1F,
    0x2F, 0x00, 0x00, 0x0B, 0xC0, 0x00, 0x02, 0xF0, 0x00, 0x00, 0xBC, 0x00, 0x00, 0x2F, 0x00, 0x00, 0x0B, 0xC0, 0x01,
    0xF1, 0xF4, 0x00, 0xFC, 0x3F, 0x91, 0xFD, 0x03, 0xFF, 0xFE, 0x00, 0x1F, 0xF9, 0x00, 0x00, 0x00, 0x2E, 0x00, 0x00,
    0x2E, 0x00, 0x00, 0x2E, 0x00, 0x00, 0x2E, 0x00, 0x00, 0x2E, 0x02, 0xFD, 0x2E, 0x1F, 0xFF, 0xAE, 0x3F, 0x41, 0xFE,
    0x7C, 0x00, 0x7E, 0xBC, 0x00, 0x3E, 0xBC, 0x00, 0x2E, 0xBC, 0x00, 0x2E, 0xBC, 0x00, 0x2E, 0xBC, 0x00, 0x2E, 0xBC,
    0x00, 0x2E, 0xBC, 0x00, 0x3E, 0x7D, 0x00, 0x7E, 0x3F, 0x41, 0xFE, 0x1F, 0xFF, 0xAE, 0x02, 0xFD, 0x2E, 0x01, 0xFF,
    0x80, 0x0F, 0xFF, 0xF4, 0x3F, 0x41, 0xFC, 0x7C, 0x00, 0x3E, 0xBC, 0x00, 0x2F, 0xB8, 0x00, 0x1F, 0xBF, 0xFF, 0xFF,
    0xBF, 0xFF, 0xFF, 0xB8, 0x00, 0x00, 0xB8, 0x00, 0x00, 0xBC, 0x00, 0x00, 0x7D, 0x00, 0x3E, 0x3F, 0x81, 0xFD, 0x0F,
    0xFF, 0xF4, 0x01, 0xFF, 0x80, 0x00, 0x07, 0xFF, 0xD0, 0x01, 0xFF, 0xFD, 0x00, 0x3F, 0x00, 0x00, 0x03, 0xD0, 0x00,
    0x00, 0x3C, 0x00, 0x00, 0x03, 0xC0, 0x00, 0x00, 0x3C, 0x00, 0x0B, 0xFF, 0xFF, 0xFD, 0xBF, 0xFF, 0xFF, 0xD0, 0x07,
    0xD0, 0x00, 0x00, 0x3C, 0x00, 0x00, 0x03, 0xC0, 0x00, 0x00, 0x3C, 0x00, 0x00, 0x03, 0xC0, 0x00, 0x00, 0x3C, 0x00,
    0x00, 0x03, 0xC0, 0x00, 0x00, 0x3C, 0x00, 0x00, 0x03, 0xC0, 0x00, 0x00, 0x3C, 0x00, 0x00, 0x03, 0xC0, 0x00, 0x02,
    0xFD, 0x2E, 0x1F, 0xFF, 0xAE, 0x3F, 0x82, 0xFE, 0x7D, 0x00, 0x7E, 0xBC, 0x00, 0x3E, 0xBC, 0x00, 0x3E, 0xBC, 0x00,
    0x2E, 0xBC, 0x00, 0x2E, 0xBC, 0x00, 0x2E, 0xBC, 0x00, 0x3E, 0x7D, 0x00, 0x7E, 0x3F, 0x41, 0xFE, 0x1F, 0xFF, 0xAE,
    0x07, 0xFE, 0x2E, 0x00, 0x00, 0x2E, 0x00, 0x00, 0x3E, 0x00, 0x00, 0x3D, 0x00, 0x01, 0xFC, 0x0B, 0xFF, 0xF4, 0x0B,
    0xFF, 0x80, 0xBC, 0x00, 0x00, 0xBC, 0x00, 0x00, 0xBC, 0x00, 0x00, 0xBC, 0x00, 0x00, 0xBC, 0x00, 0x00, 0xBC, 0x7F,
    0xD0, 0xBD, 0xFF, 0xF8, 0xBF, 0x91, 0xFC, 0xBE, 0x00, 0x3E, 0xBC, 0x00, 0x3E, 0xBC, 0x00, 0x2F, 0xBC, 0x00, 0x2F,
    0xBC, 0x00, 0x2F, 0xBC, 0x00, 0x2F, 0xBC, 0x00, 0x2F, 0xBC, 0x00, 0x2F, 0xBC, 0x00, 0x2F, 0xBC, 0x00, 0x2F, 0xBC,
    0x00, 0x2F, 0xBC, 0x00, 0x2F, 0x00, 0x3F, 0x00, 0x00, 0x1F, 0xD0, 0x00, 0x03, 0xF0, 0x00, 0x00, 0x00, 0x00, 0x00,
    0x00, 0x00, 0x0F, 0xFF, 0xC0, 0x03, 0xFF, 0xF0, 0x00, 0x00, 0xBC, 0x00, 0x00, 0x1F, 0x00, 0x00, 0x07, 0xC0, 0x00,
    0x01, 0xF0, 0x00, 0x00, 0x7C, 0x00, 0x00, 0x1F, 0x00, 0x00, 0x07, 0xC0, 0x00, 0x01, 0xF0, 0x00, 0x00, 0x7C, 0x00,
    0x00, 0x1F, 0x00, 0x00, 0x0B, 0xC0, 0x0B, 0xFF, 0xFF, 0xFE, 0xFF, 0xFF, 0xFF, 0x00, 0x03, 0xE0, 0x00, 0x2F, 0xC0,
    0x00, 0x3E, 0x00, 0x00, 0x00, 0x00, 0x00, 0x02, 0xFF, 0xFF, 0xCB, 0xFF, 0xFF, 0x00, 0x00, 0xBC, 0x00, 0x02, 0xF0,
    0x00, 0x0B, 0xC0, 0x00, 0x2F, 0x00, 0x00, 0xBC, 0x00, 0x02, 0xF0, 0x00, 0x0B, 0xC0, 0x00, 0x2F, 0x00, 0x00, 0xBC,
    0x00, 0x02, 0xF0, 0x00, 0x0B, 0xC0, 0x00, 0x2F, 0x00, 0x00, 0xB8, 0x00, 0x03, 0xE0, 0x00, 0x1F, 0x40, 0x06, 0xFC,
    0x2F, 0xFF, 0xC0, 0xBF, 0xF4, 0x00, 0x7C, 0x00, 0x00, 0x07, 0xC0, 0x00, 0x00, 0x7C, 0x00, 0x00, 0x07, 0xC0, 0x00,
    0x00, 0x7C, 0x00, 0x00, 0x07, 0xC0, 0x01, 0xF4, 0x7C, 0x00, 0x3F, 0x07, 0xC0, 0x0B, 0xC0, 0x7C, 0x01, 0xF4, 0x07,
    0xC0, 0x3E, 0x00, 0x7C, 0x0F, 0xC0, 0x07, 0xFF, 0xF4, 0x00, 0x7F, 0xFF, 0x40, 0x07, 0xC0, 0xFC, 0x00, 0x7C, 0x03,
    0xE0, 0x07, 0xC0, 0x2F, 0x40, 0x7C, 0x00, 0xFC, 0x07, 0xC0, 0x07, 0xE0, 0x7C, 0x00, 0x2F, 0x07, 0xC0, 0x00, 0xFC,
    0x3F, 0xFF, 0x40, 0x00, 0xFF, 0xFD, 0x00, 0x00, 0x00, 0xF4, 0x00, 0x00, 0x03, 0xD0, 0x00, 0x00, 0x0F, 0x40, 0x00,
    0x00, 0x3D, 0x00, 0x00, 0x00, 0xF4, 0x00, 0x00, 0x03, 0xD0, 0x00, 0x00, 0x0F, 0x40, 0x00, 0x00, 0x3D, 0x00, 0x00,
    0x00, 0xF4, 0x00, 0x00, 0x03, 0xD0, 0x00, 0x00, 0x0F, 0x40, 0x00, 0x00, 0x3D, 0x00, 0x00, 0x00, 0xF4, 0x00, 0x00,
    0x03, 0xD0, 0x00, 0x00, 0x0F, 0x40, 0x00, 0x00, 0x2F, 0x40, 0x00, 0x00, 0x3F, 0xFF, 0xC0, 0x00, 0x2F, 0xFF, 0x78,
    0xF8, 0x3F, 0x07, 0xBF, 0xDF, 0xFC, 0x7E, 0x2F, 0x87, 0xD7, 0xC0, 0xF0, 0x3E, 0x7C, 0x0F, 0x02, 0xE7, 0xC0, 0xF0,
    0x2E, 0x7C, 0x0F, 0x02, 0xE7, 0xC0, 0xF0, 0x2E, 0x7C, 0x0F, 0x02, 0xE7, 0xC0, 0xF0, 0x2E, 0x7C, 0x0F, 0x02, 0xE7,
    0xC0, 0xF0, 0x2E, 0x7C, 0x0F, 0x02, 0xE7, 0xC0, 0xF0, 0x2E, 0x7C, 0x0F, 0x02, 0xE0, 0xBC, 0x7F, 0xD0, 0xBD, 0xFF,
    0xF8, 0xBF, 0x91, 0xFC, 0xBE, 0x00, 0x7E, 0xBC, 0x00, 0x3E, 0xBC, 0x00, 0x2F, 0xBC, 0x00, 0x2F, 0xBC, 0x00, 0x2F,
    0xBC, 0x00, 0x2F, 0xBC, 0x00, 0x2F, 0xBC, 0x00, 0x2F, 0xBC, 0x00, 0x2F, 0xBC, 0x00, 0x2F, 0xBC, 0x00, 0x2F, 0xBC,
    0x00, 0x2F, 0x02, 0xFF, 0x80, 0x0F, 0xFF, 0xF4, 0x3F, 0x91, 0xFC, 0x7D, 0x00, 0x3E, 0xBC, 0x00, 0x2F, 0xB8, 0x00,
    0x2F, 0xB8, 0x00, 0x2F, 0xB8, 0x00, 0x2F, 0xB8, 0x00, 0x2F, 0xB8, 0x00, 0x2F, 0xBC, 0x00, 0x2F, 0x7D, 0x00, 0x3E,
    0x3F, 0x81, 0xFC, 0x0F, 0xFF, 0xF4, 0x02, 0xFF, 0x80, 0xBC, 0x7F, 0xD0, 0xBD, 0xFF, 0xF8, 0xBF, 0x91, 0xFC, 0xBE,
    0x00, 0x3E, 0xBC, 0x00, 0x2F, 0xBC, 0x00, 0x2F, 0xBC, 0x00, 0x2F, 0xBC, 0x00, 0x2F, 0xBC, 0x00, 0x2F, 0xBC, 0x00,
    0x2F, 0xBC, 0x00, 0x2F, 0xBE, 0x00, 0x3E, 0xBF, 0x91, 0xFC, 0xBD, 0xFF, 0xF8, 0xBC, 0x7F, 0xD0, 0xBC, 0x00, 0x00,
    0xBC, 0x00, 0x00, 0xBC, 0x00, 0x00, 0xBC, 0x00, 0x00, 0xBC, 0x00, 0x00, 0x02, 0xFD, 0x2E, 0x1F, 0xFF, 0xAE, 0x3F,
    0x41, 0xFE, 0x7D, 0x00, 0x7E, 0xBC, 0x00, 0x3E, 0xBC, 0x00, 0x2E, 0xBC, 0x00, 0x2E, 0xBC, 0x00, 0x2E, 0xBC, 0x00,
    0x2E, 0xBC, 0x00, 0x2E, 0xBC, 0x00, 0x3E, 0x7D, 0x00, 0x7E, 0x3F, 0x41, 0xFE, 0x1F, 0xFF, 0xAE, 0x02, 0xFD, 0x2E,
    0x00, 0x00, 0x2E, 0x00, 0x00, 0x2E, 0x00, 0x00, 0x2E, 0x00, 0x00, 0x2E, 0x00, 0x00, 0x2E, 0xF4, 0xBF, 0x80, 0xF7,
    0xFF, 0xF0, 0xFB, 0x46, 0xF8, 0xFC, 0x00, 0xBC, 0xF8, 0x00, 0x3D, 0xF4, 0x00, 0x3D, 0xF4, 0x00, 0x28, 0xF4, 0x00,
    0x00, 0xF4, 0x00, 0x00, 0xF4, 0x00, 0x00, 0xF4, 0x00, 0x00, 0xF4, 0x00, 0x00, 0xF4, 0x00, 0x00, 0xF4, 0x00, 0x00,
    0xF4, 0x00, 0x00, 0x06, 0xFF, 0xD0, 0x2F, 0xFF, 0xF8, 0x3F, 0x41, 0xBD, 0x7C, 0x00, 0x3E, 0x7C, 0x00, 0x00, 0x7D,
    0x00, 0x00, 0x3F, 0xFE, 0x40, 0x0B, 0xFF, 0xF8, 0x00, 0x05, 0xFD, 0x00, 0x00, 0x3E, 0x10, 0x00, 0x2F, 0xBC, 0x00,
    0x2F, 0x7E, 0x41, 0xBE, 0x2F, 0xFF, 0xFC, 0x07, 0xFF, 0xD0, 0x00, 0x7C, 0x00, 0x00, 0x07, 0xC0, 0x00, 0x00, 0x7C,
    0x00, 0x00, 0x07, 0xC0, 0x00, 0xBF, 0xFF, 0xFF, 0xCB, 0xFF, 0xFF, 0xFC, 0x00, 0xBC, 0x00, 0x00, 0x07, 0xC0, 0x00,
    0x00, 0x7C, 0x00, 0x00, 0x07, 0xC0, 0x00, 0x00, 0x7C, 0x00, 0x00, 0x07, 0xC0, 0x00, 0x00, 0x7C, 0x00, 0x00, 0x07,
    0xC0, 0x00, 0x00, 0x7C, 0x00, 0x00, 0x07, 0xC0, 0x00, 0x00, 0x3E, 0x00, 0x00, 0x02, 0xFF, 0xFC, 0x00, 0x0B, 0xFF,
    0xC0, 0xBC, 0x00, 0x2F, 0xBC, 0x00, 0x2F, 0xBC, 0x00, 0x2F, 0xBC, 0x00, 0x2F, 0xBC, 0x00, 0x2F, 0xBC, 0x00, 0x2F,
    0xBC, 0x00, 0x2F, 0xBC, 0x00, 0x2F, 0xBC, 0x00, 0x2F, 0xBC, 0x00, 0x2E, 0x7C, 0x00, 0x3E, 0x3D, 0x00, 0x7D, 0x3F,
    0x91, 0xFC, 0x0F, 0xFF, 0xF0, 0x01, 0xFF, 0x80, 0x7C, 0x00, 0x03, 0xE3, 0xE0, 0x00, 0x7C, 0x2F, 0x00, 0x0B, 0xC1,
    0xF0, 0x00, 0xF8, 0x0F, 0x80, 0x1F, 0x00, 0xBC, 0x02, 0xF0, 0x07, 0xC0, 0x3E, 0x00, 0x3D, 0x03, 0xC0, 0x02, 0xF0,
    0xBC, 0x00, 0x1F, 0x0F, 0x80, 0x00, 0xF4, 0xF0, 0x00, 0x0B, 0x9F, 0x00, 0x00, 0x7E, 0xE0, 0x00, 0x03, 0xFC, 0x00,
    0x00, 0x2F, 0xC0, 0x00, 0x3C, 0x03, 0xD0, 0x2D, 0x3C, 0x07, 0xE0, 0x3C, 0x3D, 0x0B, 0xE0, 0x3C, 0x2D, 0x0B, 0xB0,
    0x3C, 0x1E, 0x0E, 0xB0, 0x78, 0x1E, 0x0E, 0x74, 0x74, 0x0F, 0x1D, 0x34, 0xB4, 0x0F, 0x1C, 0x38, 0xF0, 0x0F, 0x2C,
    0x3C, 0xF0, 0x0B, 0x7C, 0x3C, 0xF0, 0x07, 0x78, 0x2D, 0xE0, 0x07, 0xB8, 0x1E, 0xD0, 0x03, 0xF4, 0x1F, 0xC0, 0x03,
    0xF0, 0x0F, 0xC0, 0x03, 0xF0, 0x0F, 0xC0, 0x3F, 0x00, 0x0B, 0xC1, 0xF4, 0x01, 0xF8, 0x0B, 0xC0, 0x3F, 0x00, 0x3F,
    0x0B, 0xC0, 0x01, 0xF4, 0xF8, 0x00, 0x0B, 0xEF, 0x00, 0x00, 0x3F, 0xC0, 0x00, 0x02, 0xFC, 0x00, 0x00, 0x3F, 0xD0,
    0x00, 0x0F, 0xAF, 0x00, 0x02, 0xF0, 0xFC, 0x00, 0x7D, 0x07, 0xD0, 0x0F, 0xC0, 0x2F, 0x02, 0xF0, 0x00, 0xFC, 0x7E,
    0x00, 0x07, 0xE0, 0x7D, 0x00, 0x03, 0xE3, 0xE0, 0x00, 0x7C, 0x2F, 0x00, 0x0B, 0xC0, 0xF4, 0x00, 0xF4, 0x0F, 0xC0,
    0x1F, 0x00, 0x7C, 0x02, 0xE0, 0x03, 0xE0, 0x3D, 0x00, 0x2F, 0x07, 0xC0, 0x00, 0xF4, 0xF8, 0x00, 0x0F, 0x8F, 0x00,
    0x00, 0x7D, 0xF0, 0x00, 0x03, 0xFD, 0x00, 0x00, 0x2F, 0xC0, 0x00, 0x01, 0xF8, 0x00, 0x00, 0x0F, 0x40, 0x00, 0x02,
    0xF0, 0x00, 0x00, 0x3E, 0x00, 0x00, 0x07, 0xD0, 0x00, 0x00, 0xBC, 0x00, 0x00, 0x0F, 0x80, 0x00, 0x7F, 0xFF, 0xFD,
    0x7F, 0xFF, 0xFD, 0x00, 0x00, 0xBD, 0x00, 0x01, 0xF8, 0x00, 0x03, 0xE0, 0x00, 0x0F, 0xC0, 0x00, 0x2F, 0x00, 0x00,
    0x7D, 0x00, 0x01, 0xF8, 0x00, 0x03, 0xE0, 0x00, 0x0F, 0xC0, 0x00, 0x2F, 0x00, 0x00, 0x7D, 0x00, 0x00, 0xBF, 0xFF,
    0xFF, 0xBF, 0xFF, 0xFF, 0x00, 0x00, 0x00, 0x00, 0x02, 0xFE, 0x00, 0x0F, 0xFE, 0x00, 0x1F, 0x80, 0x00, 0x2F, 0x00,
    0x00, 0x2F, 0x00, 0x00, 0x1F, 0x00, 0x00, 0x1F, 0x00, 0x00, 0x1F, 0x00, 0x00, 0x0F, 0x40, 0x00, 0x0F, 0x00, 0x00,
    0x2F, 0x00, 0xFF, 0xF8, 0x00, 0xFF, 0xF4, 0x00, 0x00, 0x7E, 0x00, 0x00, 0x1F, 0x00, 0x00, 0x0F, 0x40, 0x00, 0x0F,
    0x00, 0x00, 0x1F, 0x00, 0x00, 0x1F, 0x00, 0x00, 0x1F, 0x00, 0x00, 0x2F, 0x00, 0x00, 0x2F, 0x00, 0x00, 0x1F, 0xD0,
    0x00, 0x0B, 0xFE, 0x00, 0x01, 0xBE, 0x3D, 0x3D, 0x3D, 0x3D, 0x3D, 0x3D, 0x3D, 0x3D, 0x3D, 0x3D, 0x3D, 0x3D, 0x3D,
    0x3D, 0x3D, 0x3D, 0x3D, 0x3D, 0x3D, 0x3D, 0x3D, 0x3D, 0x3D, 0x3D, 0x3D, 0x00, 0x00, 0x00, 0x1F, 0xE0, 0x00, 0x07,
    0xFF, 0x00, 0x00, 0x07, 0xE0, 0x00, 0x00, 0xBC, 0x00, 0x00, 0x2E, 0x00, 0x00, 0x0F, 0x80, 0x00, 0x03, 0xD0, 0x00,
    0x00, 0xF0, 0x00, 0x00, 0x7C, 0x00, 0x00, 0x1F, 0x00, 0x00, 0x03, 0xE0, 0x00, 0x00, 0x2F, 0xFF, 0x00, 0x0B, 0xFF,
    0xC0, 0x0F, 0xD0, 0x00, 0x07, 0xC0, 0x00, 0x01, 0xF0, 0x00, 0x00, 0x7C, 0x00, 0x00, 0x0F, 0x40, 0x00, 0x03, 0xD0,
    0x00, 0x00, 0xF8, 0x00, 0x00, 0x2F, 0x00, 0x00, 0x0F, 0xC0, 0x00, 0x1B, 0xE0, 0x00, 0x7F, 0xF0, 0x00, 0x1F, 0xD0,
    0x00, 0x00, 0x07, 0xF0, 0x03, 0xD1, 0xFF, 0xD0, 0x3D, 0x3E, 0x2F, 0x03, 0xC3, 0xC0, 0xF8, 0x7C, 0x3C, 0x03, 0xFF,
    0x83, 0xC0, 0x0B, 0xE0, 0x7E, 0x3F, 0xC7, 0xE0, 0x00, 0x00, 0x00, 0x03, 0xC0, 0xF0, 0x3D, 0x0F, 0x43, 0xD0, 0xF4,
    0x3D, 0x0F, 0x43, 0xD0, 0xF4, 0x7D, 0x1F, 0x47, 0xD1, 0xF8, 0x00, 0x2C, 0x00, 0x00, 0x0B, 0x00, 0x00, 0x02, 0xC0,
    0x00, 0x01, 0xF4, 0x00, 0x07, 0xFF, 0xF0, 0x07, 0xFF, 0xFF, 0x03, 0xF2, 0xC3, 0xE1, 0xF0, 0xB0, 0xBC, 0xBC, 0x2C,
    0x05, 0x2F, 0x0B, 0x00, 0x0B, 0xC2, 0xC0, 0x02, 0xF0, 0xB0, 0x00, 0xBC, 0x2C, 0x00, 0x2F, 0x0B, 0x01, 0x47, 0xC2,
    0xC2, 0xF0, 0xF8, 0xB0, 0xF8, 0x2F, 0xFE, 0xFC, 0x01, 0xFF, 0xFC, 0x00, 0x07, 0xD0, 0x00, 0x00, 0xB0, 0x00, 0x00,
    0x2C, 0x00, 0x00, 0x0B, 0x00, 0x00, 0x02, 0xFF, 0x80, 0x03, 0xFF, 0xFD, 0x03, 0xF4, 0x1F, 0xC1, 0xF4, 0x00, 0xF8,
    0xBC, 0x00, 0x3F, 0x2F, 0x00, 0x00, 0x0B, 0xC0, 0x00, 0x00, 0xF4, 0x00, 0x00, 0x2F, 0x00, 0x00, 0x07, 0xE0, 0x00,
    0x0F, 0xFF, 0xFF, 0x03, 0xFF, 0xFF, 0xC0, 0x03, 0xD0, 0x00, 0x00, 0xF4, 0x00, 0x00, 0x7C, 0x00, 0x00, 0x3E, 0x00,
    0x00, 0x3F, 0x00, 0x00, 0x3F, 0x40, 0x00, 0x0F, 0xFF, 0xFF, 0xF7, 0xFF, 0xFF, 0xFD, 0x10, 0x00, 0x00, 0x01, 0xF0,
    0x00, 0x07, 0x47, 0xF6, 0xFD, 0x7F, 0x0B, 0xFF, 0xFF, 0xF0, 0x0F, 0xE0, 0x7F, 0x00, 0x3D, 0x00, 0x3C, 0x01, 0xF0,
    0x00, 0xB4, 0x07, 0x80, 0x01, 0xE0, 0x1E, 0x00, 0x0B, 0x80, 0x3C, 0x00, 0x3C, 0x00, 0xBD, 0x07, 0xF0, 0x07, 0xFF,
    0xFF, 0xE0, 0x7F, 0x7F, 0xEB, 0xE1, 0xF0, 0x00, 0x0F, 0x81, 0x00, 0x00, 0x04, 0x00, 0x3F, 0x00, 0x00, 0x7C, 0x1F,
    0x00, 0x00, 0xF8, 0x0F, 0x80, 0x01, 0xF0, 0x07, 0xC0, 0x03, 0xE0, 0x03, 0xE0, 0x07, 0xC0, 0x02, 0xF0, 0x0F, 0x80,
    0x00, 0xF4, 0x0F, 0x40, 0x00, 0xBC, 0x2F, 0x00, 0x00, 0x3D, 0x3D, 0x00, 0x00, 0x2F, 0xBC, 0x00, 0x00, 0x1F, 0xF8,
    0x00, 0x1F, 0xFF, 0xFF, 0xF8, 0x1F, 0xFF, 0xFF, 0xF8, 0x00, 0x03, 0xD0, 0x00, 0x00, 0x03, 0xD0, 0x00, 0x1F, 0xFF,
    0xFF, 0xF8, 0x1F, 0xFF, 0xFF, 0xF8, 0x00, 0x03, 0xD0, 0x00, 0x00, 0x03, 0xD0, 0x00, 0x00, 0x03, 0xD0, 0x00, 0x3D,
    0x3D, 0x3D, 0x3D, 0x3D, 0x3D, 0x3D, 0x3D, 0x3D, 0x3D, 0x00, 0x00, 0x00, 0x00, 0x00, 0x3D, 0x3D, 0x3D, 0x3D, 0x3D,
    0x3D, 0x3D, 0x3D, 0x3D, 0x3D, 0x06, 0xFF, 0xD0, 0x07, 0xFF, 0xFF, 0x03, 0xF4, 0x0B, 0xE1, 0xF0, 0x00, 0xBC, 0xBC,
    0x00, 0x00, 0x1F, 0x00, 0x00, 0x03, 0xF4, 0x00, 0x00, 0x3F, 0xFE, 0x00, 0x07, 0xFF, 0xF4, 0x0F, 0x80, 0x7F, 0x47,
    0xC0, 0x03, 0xF2, 0xF0, 0x00, 0x7C, 0xBC, 0x00, 0x1F, 0x1F, 0x40, 0x0B, 0x83, 0xF9, 0x07, 0xC0, 0x3F, 0xFF, 0x80,
    0x01, 0xBF, 0xFC, 0x00, 0x00, 0x2F, 0x80, 0x00, 0x02, 0xF0, 0x00, 0x00, 0x7C, 0xFC, 0x00, 0x2F, 0x2F, 0x90, 0x2F,
    0x83, 0xFF, 0xFF, 0xC0, 0x1F, 0xFF, 0x40, 0x3D, 0x03, 0xDB, 0xF0, 0xBF, 0x3D, 0x03, 0xD0, 0x00, 0x00, 0x00, 0x00,
    0x0B, 0xFE, 0x40, 0x0B, 0xD5, 0x7E, 0x01, 0xE0, 0x00, 0x78, 0x38, 0x00, 0x01, 0xD7, 0x02, 0xFD, 0x0E, 0xB0, 0xB4,
    0xF0, 0xBE, 0x0E, 0x03, 0x4B, 0xE0, 0xE0, 0x00, 0xBE, 0x0E, 0x00, 0x0B, 0xE0, 0xE0, 0x00, 0xBE, 0x0E, 0x02, 0x4B,
    0xB0, 0xF0, 0xB4, 0xBB, 0x03, 0xFD, 0x0E, 0x34, 0x00, 0x01, 0xD2, 0xD0, 0x00, 0x3C, 0x0B, 0x90, 0x2F, 0x00, 0x1F,
    0xFF, 0x40, 0x00, 0x00, 0x00, 0x00, 0x0B, 0xE0, 0x2C, 0x2C, 0x00, 0x0D, 0x1F, 0xFD, 0x38, 0x0D, 0x30, 0x0D, 0x38,
    0x2D, 0x1F, 0xCD, 0x00, 0x1F, 0x40, 0xFC, 0x00, 0x3E, 0x03, 0xF0, 0x00, 0xFC, 0x0B, 0xC0, 0x03, 0xF0, 0x1F, 0x40,
    0x0B, 0xC0, 0x3E, 0x00, 0x1F, 0x40, 0xF8, 0x00, 0x3E, 0x02, 0xF0, 0x00, 0x1F, 0x40, 0xF8, 0x00, 0x0B, 0xC0, 0x3E,
    0x00, 0x03, 0xF0, 0x1F, 0x40, 0x00, 0xFC, 0x0B, 0xC0, 0x00, 0x3E, 0x03, 0xF0, 0x00, 0x1F, 0x40, 0xFC, 0x00, 0x00,
    0x00, 0x7F, 0xFF, 0xFE, 0x7F, 0xFF, 0xFE, 0x00, 0x00, 0x3E, 0x00, 0x00, 0x3E, 0x00, 0x00, 0x3E, 0x00, 0x00, 0x14,
    0x00, 0x00, 0x03, 0xFF, 0xFD, 0x3F, 0xFF, 0xD0, 0x00, 0xBF, 0xE0, 0x00, 0x7D, 0x06, 0xE0, 0x1D, 0x00, 0x07, 0x83,
    0x80, 0x00, 0x1D, 0x70, 0xFF, 0xC0, 0xEB, 0x0F, 0x0F, 0x0B, 0xE0, 0xF0, 0x74, 0xBE, 0x0F, 0x0B, 0x0B, 0xE0, 0xFF,
    0xD0, 0xBE, 0x0F, 0x2C, 0x0B, 0xE0, 0xF1, 0xD0, 0xBB, 0x0F, 0x0F, 0x0B, 0xB0, 0xF0, 0xB0, 0xE3, 0x45, 0x01, 0x0D,
    0x2C, 0x00, 0x03, 0x80, 0xB8, 0x01, 0xF0, 0x01, 0xBF, 0xF4, 0x00, 0x00, 0x00, 0x00, 0x00, 0x00, 0x03, 0xFF, 0xFD,
    0x3F, 0xFF, 0xD0, 0x0B, 0xF4, 0x1F, 0x4B, 0x4F, 0x00, 0xF3, 0xC0, 0x2C, 0xF0, 0x0F, 0x1E, 0x0B, 0x81, 0xFF, 0x40,
    0x00, 0x00, 0x00, 0x0A, 0x00, 0x00, 0x00, 0xF4, 0x00, 0x00, 0x0F, 0x40, 0x00, 0x00, 0xF4, 0x00, 0x00, 0x0F, 0x40,
    0x00, 0x00, 0xF4, 0x00, 0x7F, 0xFF, 0xFF, 0xD7, 0xFF, 0xFF, 0xFD, 0x00, 0x0F, 0x40, 0x00, 0x00, 0xF4, 0x00, 0x00,
    0x0F, 0x40, 0x00, 0x00, 0xF4, 0x00, 0x00, 0x0F, 0x40, 0x00, 0x00, 0xF4, 0x00, 0x3F, 0xFF, 0xFF, 0xD3, 0xFF, 0xFF,
    0xFD, 0x02, 0xFD, 0x00, 0xFF, 0xF4, 0x2D, 0x03, 0xC3, 0xC0, 0x2C, 0x00, 0x03, 0xC0, 0x00, 0xB8, 0x00, 0x2F, 0x00,
    0x0F, 0x80, 0x03, 0xE0, 0x01, 0xF4, 0x00, 0x3F, 0xAA, 0x93, 0xFF, 0xFD, 0x2F, 0xFF, 0xC1, 0xAA, 0xFC, 0x00, 0x0F,
    0x40, 0x07, 0xC0, 0x00, 0xF8, 0x00, 0x0F, 0xF4, 0x00, 0x07, 0xC0, 0x00, 0x2D, 0x38, 0x02, 0xD3, 0xD0, 0x3C, 0x1F,
    0xFF, 0x80, 0x6F, 0xD0, 0x03, 0xD0, 0xF8, 0x2F, 0x07, 0xC0, 0x7C, 0x00, 0x2E, 0x7C, 0x00, 0x2E, 0x7C, 0x00, 0x2E,
    0x7C, 0x00, 0x2E, 0x7C, 0x00, 0x2E, 0x7C, 0x00, 0x2E, 0x7C, 0x00, 0x2E, 0x7C, 0x00, 0x2E, 0x7C, 0x00, 0x2E, 0x7C,
    0x00, 0x3E, 0x7C, 0x00, 0x3E, 0x7E, 0x00, 0x7E, 0x7F, 0x91, 0xFE, 0x7E, 0xFF, 0xEE, 0x7C, 0xBE, 0x2E, 0x7C, 0x00,
    0x00, 0x7C, 0x00, 0x00, 0x7C, 0x00, 0x00, 0x7C, 0x00, 0x00, 0x7C, 0x00, 0x00, 0x02, 0xFF, 0x0B, 0x83, 0xFF, 0xC2,
    0xE3, 0xFF, 0xF0, 0xB8, 0xFF, 0xFC, 0x2E, 0x3F, 0xFF, 0x0B, 0x9F, 0xFF, 0xC2, 0xE3, 0xFF, 0xF0, 0xB8, 0xFF, 0xFC,
    0x2E, 0x3F, 0xFF, 0x0B, 0x83, 0xFF, 0xC2, 0xE0, 0x2F, 0xF0, 0xB8, 0x00, 0x3C, 0x2E, 0x00, 0x0F, 0x0B, 0x80, 0x03,
    0xC2, 0xE0, 0x00, 0xF0, 0xB8, 0x00, 0x3C, 0x2E, 0x00, 0x0F, 0x0B, 0x80, 0x03, 0xC2, 0xE0, 0x00, 0xF0, 0xB8, 0x00,
    0x3C, 0x2E, 0x00, 0x0F, 0x0B, 0x80, 0x03, 0xC2, 0xE0, 0x00, 0xF0, 0xB8, 0x00, 0x3C, 0x2E, 0x00, 0x0F, 0x0B, 0x80,
    0x1F, 0x83, 0xFC, 0x3F, 0xC1, 0xF8, 0x1C, 0x00, 0xF4, 0x00, 0x7D, 0x00, 0x7C, 0x02, 0xF1, 0xFF, 0x00, 0x00, 0x00,
    0x0B, 0xF0, 0x1F, 0xFC, 0x0F, 0x4F, 0x02, 0x03, 0xC0, 0x00, 0xF0, 0x00, 0x3C, 0x00, 0x0F, 0x00, 0x03, 0xC0, 0x00,
    0xF0, 0x00, 0x3C, 0x0B, 0xFF, 0xFB, 0xFF, 0xFF, 0x2F, 0x82, 0xC2, 0xCD, 0x03, 0x34, 0x0C, 0xD0, 0x33, 0x40, 0xCB,
    0x0B, 0x0B, 0xE0, 0xBC, 0x03, 0xE0, 0x00, 0xFC, 0x07, 0xD0, 0x00, 0xF8, 0x0B, 0xC0, 0x00, 0xF8, 0x0F, 0xC0, 0x01,
    0xF4, 0x0F, 0x80, 0x02, 0xF0, 0x1F, 0x80, 0x03, 0xF0, 0x2F, 0x00, 0x2F, 0x00, 0xF8, 0x01, 0xF4, 0x0F, 0xC0, 0x0F,
    0x80, 0xFC, 0x00, 0xFC, 0x0B, 0xD0, 0x0F, 0xC0, 0x7D, 0x00, 0xBC, 0x03, 0xE0, 0x00, 0x01, 0x90, 0x00, 0x09, 0x02,
    0xF8, 0x00, 0x0F, 0x42, 0xDE, 0x00, 0x0B, 0x80, 0x43, 0x80, 0x07, 0xC0, 0x00, 0xE0, 0x03, 0xD0, 0x00, 0x38, 0x02,
    0xE0, 0x00, 0x0E, 0x01, 0xF0, 0x00, 0x03, 0x80, 0xF0, 0x00, 0x3F, 0xFF, 0xF4, 0x00, 0x05, 0x55, 0xBC, 0x00, 0x00,
    0x00, 0x3C, 0x00, 0x00, 0x00, 0x3D, 0x0B, 0x00, 0x00, 0x2E, 0x07, 0x80, 0x00, 0x1F, 0x03, 0xC0, 0x00, 0x0F, 0x42,
    0xC3, 0x80, 0x0B, 0x81, 0xD0, 0xE0, 0x07, 0xC0, 0xF0, 0x38, 0x03, 0xC0, 0x3F, 0xFE, 0x03, 0xD0, 0x01, 0x57, 0x82,
    0xF0, 0x00, 0x00, 0xE0, 0x01, 0x40, 0x00, 0x05, 0x02, 0xF8, 0x00, 0x0F, 0x41, 0xDE, 0x00, 0x0B, 0xC0, 0x93, 0x80,
    0x03, 0xC0, 0x00, 0xE0, 0x03, 0xD0, 0x00, 0x38, 0x02, 0xE0, 0x00, 0x0E, 0x01, 0xF0, 0x00, 0x03, 0x80, 0xF4, 0x00,
    0x3F, 0xFF, 0xF8, 0x00, 0x00, 0x00, 0xBC, 0x00, 0x00, 0x00, 0x3C, 0x00, 0x00, 0x00, 0x3D, 0x2F, 0x80, 0x00, 0x2F,
    0x3D, 0x78, 0x00, 0x1F, 0x1C, 0x07, 0x00, 0x0F, 0x40, 0x01, 0xC0, 0x0B, 0x80, 0x00, 0xF0, 0x07, 0xC0, 0x01, 0xF0,
    0x03, 0xD0, 0x02, 0xE0, 0x02, 0xE0, 0x07, 0xD0, 0x01, 0xF0, 0x02, 0xFF, 0xF4, 0x00, 0x00, 0x00, 0x00, 0x00, 0x00,
    0x00, 0x00, 0x00, 0x0B, 0xFF, 0x00, 0x0B, 0x80, 0x57, 0xC0, 0x07, 0xC0, 0x07, 0x40, 0x03, 0xC0, 0x01, 0xF8, 0x03,
    0xE0, 0x00, 0x07, 0x42, 0xF0, 0x03, 0x40, 0xE0, 0xF0, 0x00, 0xF0, 0xB4, 0xF4, 0x00, 0x0F, 0xF8, 0xB8, 0x00, 0x00,
    0x00, 0x7C, 0x00, 0x00, 0x00, 0x3C, 0x00, 0x00, 0x00, 0x3E, 0x0B, 0x00, 0x00, 0x2F, 0x07, 0x80, 0x00, 0x0F, 0x03,
    0xC0, 0x00, 0x0F, 0x42, 0xC3, 0x80, 0x0B, 0x81, 0xD0, 0xE0, 0x07, 0xC0, 0xF0, 0x38, 0x03, 0xC0, 0x3F, 0xFE, 0x03,
    0xE0, 0x01, 0x57, 0x82, 0xF0, 0x00, 0x00, 0xE0, 0x00, 0x3F, 0x00, 0x0B, 0xF4, 0x00, 0x3F, 0x00, 0x00, 0x00, 0x00,
    0x00, 0x00, 0x00, 0x00, 0x00, 0x2E, 0x00, 0x03, 0xE0, 0x00, 0x3E, 0x00, 0x2F, 0xE0, 0x1F, 0xFE, 0x03, 0xF4, 0x00,
    0xBC, 0x00, 0x0F, 0x80, 0x00, 0xF8, 0x00, 0x0F, 0x80, 0x00, 0x7C, 0x00, 0x03, 0xF9, 0x00, 0x0F, 0xFF, 0xE0, 0x1F,
    0xFE, 0x02, 0xF0, 0x00, 0x00, 0x0B, 0xC0, 0x00, 0x00, 0x3E, 0x00, 0x00, 0x00, 0xF4, 0x00, 0x00, 0x00, 0x00, 0x00,
    0x00, 0x00, 0x00, 0x00, 0x2F, 0xC0, 0x00, 0x03, 0xFC, 0x00, 0x00, 0x3F, 0xD0, 0x00, 0x07, 0xEE, 0x00, 0x00, 0xB9,
    0xF0, 0x00, 0x0F, 0x4F, 0x00, 0x00, 0xF0, 0xF4, 0x00, 0x1F, 0x0B, 0x80, 0x02, 0xE0, 0x7C, 0x00, 0x3D, 0x03, 0xC0,
    0x03, 0xC0, 0x3D, 0x00, 0x7C, 0x03, 0xE0, 0x0B, 0x80, 0x2F, 0x00, 0xFF, 0xFF, 0xF0, 0x0F, 0xFF, 0xFF, 0x42, 0xF0,
    0x00, 0xF8, 0x3E, 0x00, 0x0B, 0xC3, 0xD0, 0x00, 0x7C, 0x7C, 0x00, 0x03, 0xDB, 0xC0, 0x00, 0x2E, 0x00, 0x00, 0xF8,
    0x00, 0x00, 0x2F, 0x00, 0x00, 0x07, 0xC0, 0x00, 0x00, 0xF4, 0x00, 0x00, 0x00, 0x00, 0x00, 0x00, 0x00, 0x00, 0x00,
    0x2F, 0xC0, 0x00, 0x03, 0xFC, 0x00, 0x00, 0x3F, 0xD0, 0x00, 0x07, 0xEE, 0x00, 0x00, 0xB9, 0xF0, 0x00, 0x0F, 0x4F,
    0x00, 0x00, 0xF0, 0xF4, 0x00, 0x1F, 0x0B, 0x80, 0x02, 0xE0, 0x7C, 0x00, 0x3D, 0x03, 0xC0, 0x03, 0xC0, 0x3D, 0x00,
    0x7C, 0x03, 0xE0, 0x0B, 0x80, 0x2F, 0x00, 0xFF, 0xFF, 0xF0, 0x0F, 0xFF, 0xFF, 0x42, 0xF0, 0x00, 0xF8, 0x3E, 0x00,
    0x0B, 0xC3, 0xD0, 0x00, 0x7C, 0x7C, 0x00, 0x03, 0xDB, 0xC0, 0x00, 0x2E, 0x00, 0x2F, 0x80, 0x00, 0x07, 0xFE, 0x00,
    0x01, 0xF5, 0xF8, 0x00, 0x7D, 0x03, 0xE0, 0x00, 0x00, 0x00, 0x00, 0x00, 0x00, 0x00, 0x00, 0x2F, 0xC0, 0x00, 0x03,
    0xFC, 0x00, 0x00, 0x3F, 0xD0, 0x00, 0x07, 0xEE, 0x00, 0x00, 0xB9, 0xF0, 0x00, 0x0F, 0x4F, 0x00, 0x00, 0xF0, 0xF4,
    0x00, 0x1F, 0x0B, 0x80, 0x02, 0xE0, 0x7C, 0x00, 0x3D, 0x03, 0xC0, 0x03, 0xC0, 0x3D, 0x00, 0x7C, 0x03, 0xE0, 0x0B,
    0x80, 0x2F, 0x00, 0xFF, 0xFF, 0xF0, 0x0F, 0xFF, 0xFF, 0x42, 0xF0, 0x00, 0xF8, 0x3E, 0x00, 0x0B, 0xC3, 0xD0, 0x00,
    0x7C, 0x7C, 0x00, 0x03, 0xDB, 0xC0, 0x00, 0x2E, 0x00, 0x64, 0x09, 0x00, 0x3F, 0xD1, 0xD0, 0x03, 0x8B, 0xBC, 0x00,
    0x38, 0x2F, 0x40, 0x00, 0x00, 0x00, 0x00, 0x00, 0x00, 0x00, 0x00, 0x2F, 0xC0, 0x00, 0x03, 0xFC, 0x00, 0x00, 0x3F,
    0xD0, 0x00, 0x07, 0xEE, 0x00, 0x00, 0xB9, 0xF0, 0x00, 0x0F, 0x4F, 0x00, 0x00, 0xF0, 0xF4, 0x00, 0x1F, 0x0B, 0x80,
    0x02, 0xE0, 0x7C, 0x00, 0x3D, 0x03, 0xC0, 0x03, 0xC0, 0x3D, 0x00, 0x7C, 0x03, 0xE0, 0x0B, 0x80, 0x2F, 0x00, 0xFF,
    0xFF, 0xF0, 0x0F, 0xFF, 0xFF, 0x42, 0xF0, 0x00, 0xF8, 0x3E, 0x00, 0x0B, 0xC3, 0xD0, 0x00, 0x7C, 0x7C, 0x00, 0x03,
    0xDB, 0xC0, 0x00, 0x2E, 0x03, 0xD0, 0x3D, 0x00, 0xBF, 0x0B, 0xF0, 0x03, 0xD0, 0x3D, 0x00, 0x00, 0x00, 0x00, 0x00,
    0x00, 0x00, 0x00, 0x02, 0xFC, 0x00, 0x00, 0x3F, 0xC0, 0x00, 0x03, 0xFD, 0x00, 0x00, 0x7E, 0xE0, 0x00, 0x0B, 0x9F,
    0x00, 0x00, 0xF4, 0xF0, 0x00, 0x0F, 0x0F, 0x40, 0x01, 0xF0, 0xB8, 0x00, 0x2E, 0x07, 0xC0, 0x03, 0xD0, 0x3C, 0x00,
    0x3C, 0x03, 0xD0, 0x07, 0xC0, 0x3E, 0x00, 0xB8, 0x02, 0xF0, 0x0F, 0xFF, 0xFF, 0x00, 0xFF, 0xFF, 0xF4, 0x2F, 0x00,
    0x0F, 0x83, 0xE0, 0x00, 0xBC, 0x3D, 0x00, 0x07, 0xC7, 0xC0, 0x00, 0x3D, 0xBC, 0x00, 0x02, 0xE0, 0x00, 0x2F, 0x80,
    0x00, 0x0B, 0x5F, 0x00, 0x00, 0xE0, 0x70, 0x00, 0x0E, 0x07, 0x40, 0x00, 0xF0, 0xF0, 0x00, 0x03, 0xFC, 0x00, 0x00,
    0x00, 0x00, 0x00, 0x02, 0xFC, 0x00, 0x00, 0x3F, 0xC0, 0x00, 0x03, 0xFD, 0x00, 0x00, 0x7E, 0xE0, 0x00, 0x0B, 0x9F,
    0x00, 0x00, 0xF4, 0xF0, 0x00, 0x0F, 0x0F, 0x40, 0x01, 0xF0, 0xB8, 0x00, 0x2E, 0x07, 0xC0, 0x03, 0xD0, 0x3C, 0x00,
    0x3C, 0x03, 0xD0, 0x07, 0xC0, 0x3E, 0x00, 0xB8, 0x02, 0xF0, 0x0F, 0xFF, 0xFF, 0x00, 0xFF, 0xFF, 0xF4, 0x2F, 0x00,
    0x0F, 0x83, 0xE0, 0x00, 0xBC, 0x3D, 0x00, 0x07, 0xC7, 0xC0, 0x00, 0x3D, 0xBC, 0x00, 0x02, 0xE0, 0x00, 0x7F, 0xFF,
    0xFD, 0x00, 0xBF, 0xFF, 0xFD, 0x00, 0xF8, 0xF8, 0x00, 0x00, 0xF4, 0xF4, 0x00, 0x00, 0xF0, 0xF4, 0x00, 0x01, 0xF0,
    0xF4, 0x00, 0x02, 0xF0, 0xF4, 0x00, 0x03, 0xE0, 0xF4, 0x00, 0x03, 0xD0, 0xF8, 0x00, 0x03, 0xD0, 0xFF, 0xF8, 0x07,
    0xC0, 0xFF, 0xF8, 0x0B, 0xC0, 0xF4, 0x00, 0x0B, 0xC0, 0xF4, 0x00, 0x0F, 0xFF, 0xF4, 0x00, 0x0F, 0xFF, 0xF4, 0x00,
    0x1F, 0x00, 0xF4, 0x00, 0x2F, 0x00, 0xF4, 0x00, 0x2F, 0x00, 0xF8, 0x00, 0x3E, 0x00, 0xFF, 0xFD, 0x3D, 0x00, 0xFF,
    0xFD, 0x01, 0xFF, 0x80, 0x03, 0xFF, 0xFD, 0x02, 0xF9, 0x1F, 0xD0, 0xF8, 0x00, 0xFC, 0x7C, 0x00, 0x2F, 0x2F, 0x00,
    0x02, 0x8B, 0xC0, 0x00, 0x02, 0xF0, 0x00, 0x00, 0xBC, 0x00, 0x00, 0x2F, 0x00, 0x00, 0x0B, 0xC0, 0x00, 0x02, 0xF0,
    0x00, 0x00, 0xBC, 0x00, 0x00, 0x2F, 0x00, 0x00, 0x0B, 0xC0, 0x00, 0xA1, 0xF0, 0x00, 0xBC, 0x3E, 0x00, 0x3F, 0x0B,
    0xE4, 0x7F, 0x40, 0xFF, 0xFF, 0x40, 0x07, 0xFE, 0x00, 0x00, 0xB0, 0x00, 0x00, 0x2F, 0xD0, 0x00, 0x00, 0x7C, 0x00,
    0x00, 0x1F, 0x00, 0x01, 0xFF, 0x40, 0x00, 0x00, 0x00, 0x00, 0x07, 0xD0, 0x00, 0x00, 0x7C, 0x00, 0x00, 0x0B, 0xC0,
    0x00, 0x00, 0xF8, 0x00, 0x00, 0x00, 0x00, 0x00, 0x00, 0x00, 0x07, 0xFF, 0xFF, 0xF1, 0xFF, 0xFF, 0xFC, 0x7C, 0x00,
    0x00, 0x1F, 0x00, 0x00, 0x07, 0xC0, 0x00, 0x01, 0xF0, 0x00, 0x00, 0x7C, 0x00, 0x00, 0x1F, 0x00, 0x00, 0x07, 0xC0,
    0x00, 0x01, 0xFF, 0xFF, 0xF0, 0x7F, 0xFF, 0xFC, 0x1F, 0x00, 0x00, 0x07, 0xC0, 0x00, 0x01, 0xF0, 0x00, 0x00, 0x7C,
    0x00, 0x00, 0x1F, 0x00, 0x00, 0x07, 0xC0, 0x00, 0x01, 0xF0, 0x00, 0x00, 0x7F, 0xFF, 0xFF, 0x1F, 0xFF, 0xFF, 0xC0,
    0x00, 0x02, 0xF0, 0x00, 0x01, 0xF0, 0x00, 0x00, 0xF4, 0x00, 0x00, 0xF8, 0x00, 0x00, 0x00, 0x00, 0x00, 0x00, 0x00,
    0x07, 0xFF, 0xFF, 0xF1, 0xFF, 0xFF, 0xFC, 0x7C, 0x00, 0x00, 0x1F, 0x00, 0x00, 0x07, 0xC0, 0x00, 0x01, 0xF0, 0x00,
    0x00, 0x7C, 0x00, 0x00, 0x1F, 0x00, 0x00, 0x07, 0xC0, 0x00, 0x01, 0xFF, 0xFF, 0xF0, 0x7F, 0xFF, 0xFC, 0x1F, 0x00,
    0x00, 0x07, 0xC0, 0x00, 0x01, 0xF0, 0x00, 0x00, 0x7C, 0x00, 0x00, 0x1F, 0x00, 0x00, 0x07, 0xC0, 0x00, 0x01, 0xF0,
    0x00, 0x00, 0x7F, 0xFF, 0xFF, 0x1F, 0xFF, 0xFF, 0xC0, 0x00, 0x7F, 0x00, 0x00, 0x3F, 0xF0, 0x00, 0x3E, 0x3F, 0x00,
    0x3E, 0x03, 0xE0, 0x00, 0x00, 0x00, 0x00, 0x00, 0x00, 0x07, 0xFF, 0xFF, 0xF1, 0xFF, 0xFF, 0xFC, 0x7C, 0x00, 0x00,
    0x1F, 0x00, 0x00, 0x07, 0xC0, 0x00, 0x01, 0xF0, 0x00, 0x00, 0x7C, 0x00, 0x00, 0x1F, 0x00, 0x00, 0x07, 0xC0, 0x00,
    0x01, 0xFF, 0xFF, 0xF0, 0x7F, 0xFF, 0xFC, 0x1F, 0x00, 0x00, 0x07, 0xC0, 0x00, 0x01, 0xF0, 0x00, 0x00, 0x7C, 0x00,
    0x00, 0x1F, 0x00, 0x00, 0x07, 0xC0, 0x00, 0x01, 0xF0, 0x00, 0x00, 0x7F, 0xFF, 0xFF, 0x1F, 0xFF, 0xFF, 0xC0, 0x0F,
    0x80, 0xF8, 0x07, 0xF0, 0x7F, 0x00, 0xF8, 0x0F, 0x80, 0x00, 0x00, 0x00, 0x00, 0x00, 0x00, 0x1F, 0xFF, 0xFF, 0xC7,
    0xFF, 0xFF, 0xF1, 0xF0, 0x00, 0x00, 0x7C, 0x00, 0x00, 0x1F, 0x00, 0x00, 0x07, 0xC0, 0x00, 0x01, 0xF0, 0x00, 0x00,
    0x7C, 0x00, 0x00, 0x1F, 0x00, 0x00, 0x07, 0xFF, 0xFF, 0xC1, 0xFF, 0xFF, 0xF0, 0x7C, 0x00, 0x00, 0x1F, 0x00, 0x00,
    0x07, 0xC0, 0x00, 0x01, 0xF0, 0x00, 0x00, 0x7C, 0x00, 0x00, 0x1F, 0x00, 0x00, 0x07, 0xC0, 0x00, 0x01, 0xFF, 0xFF,
    0xFC, 0x7F, 0xFF, 0xFF, 0x00, 0x0B, 0xC0, 0x00, 0x02, 0xF0, 0x00, 0x00, 0xF8, 0x00, 0x00, 0x3D, 0x00, 0x00, 0x00,
    0x00, 0x00, 0x00, 0x00, 0x3F, 0xFF, 0xFD, 0x3F, 0xFF, 0xFD, 0x00, 0x7D, 0x00, 0x00, 0x3D, 0x00, 0x00, 0x3D, 0x00,
    0x00, 0x3D, 0x00, 0x00, 0x3D, 0x00, 0x00, 0x3D, 0x00, 0x00, 0x3D, 0x00, 0x00, 0x3D, 0x00, 0x00, 0x3D, 0x00, 0x00,
    0x3D, 0x00, 0x00, 0x3D, 0x00, 0x00, 0x3D, 0x00, 0x00, 0x3D, 0x00, 0x00, 0x3D, 0x00, 0x00, 0x3D, 0x00, 0x00, 0x7D,
    0x00, 0x3F, 0xFF, 0xFD, 0x3F, 0xFF, 0xFD, 0x00, 0x03, 0xE0, 0x00, 0x0B, 0xC0, 0x00, 0x1F, 0x00, 0x00, 0x3D, 0x00,
    0x00, 0x00, 0x00, 0x00, 0x00, 0x00, 0x3F, 0xFF, 0xFD, 0x3F, 0xFF, 0xFD, 0x00, 0x7D, 0x00, 0x00, 0x3D, 0x00, 0x00,
    0x3D, 0x00, 0x00, 0x3D, 0x00, 0x00, 0x3D, 0x00, 0x00, 0x3D, 0x00, 0x00, 0x3D, 0x00, 0x00, 0x3D, 0x00, 0x00, 0x3D,
    0x00, 0x00, 0x3D, 0x00, 0x00, 0x3D, 0x00, 0x00, 0x3D, 0x00, 0x00, 0x3D, 0x00, 0x00, 0x3D, 0x00, 0x00, 0x3D, 0x00,
    0x00, 0x7D, 0x00, 0x3F, 0xFF, 0xFD, 0x3F, 0xFF, 0xFD, 0x00, 0xBE, 0x00, 0x01, 0xFF, 0x80, 0x07, 0xD7, 0xE0, 0x1F,
    0x40, 0xF8, 0x00, 0x00, 0x00, 0x00, 0x00, 0x00, 0x3F, 0xFF, 0xFD, 0x3F, 0xFF, 0xFD, 0x00, 0x7D, 0x00, 0x00, 0x3D,
    0x00, 0x00, 0x3D, 0x00, 0x00, 0x3D, 0x00, 0x00, 0x3D, 0x00, 0x00, 0x3D, 0x00, 0x00, 0x3D, 0x00, 0x00, 0x3D, 0x00,
    0x00, 0x3D, 0x00, 0x00, 0x3D, 0x00, 0x00, 0x3D, 0x00, 0x00, 0x3D, 0x00, 0x00, 0x3D, 0x00, 0x00, 0x3D, 0x00, 0x00,
    0x3D, 0x00, 0x00, 0x7D, 0x00, 0x3F, 0xFF, 0xFD, 0x3F, 0xFF, 0xFD, 0x0F, 0x40, 0xF4, 0x2F, 0xC2, 0xFC, 0x0F, 0x40,
    0xF4, 0x00, 0x00, 0x00, 0x00, 0x00, 0x00, 0x3F, 0xFF, 0xFD, 0x3F, 0xFF, 0xFD, 0x00, 0x7D, 0x00, 0x00, 0x3D, 0x00,
    0x00, 0x3D, 0x00, 0x00, 0x3D, 0x00, 0x00, 0x3D, 0x00, 0x00, 0x3D, 0x00, 0x00, 0x3D, 0x00, 0x00, 0x3D, 0x00, 0x00,
    0x3D, 0x00, 0x00, 0x3D, 0x00, 0x00, 0x3D, 0x00, 0x00, 0x3D, 0x00, 0x00, 0x3D, 0x00, 0x00, 0x3D, 0x00, 0x00, 0x3D,
    0x00, 0x00, 0x7D, 0x00, 0x3F, 0xFF, 0xFD, 0x3F, 0xFF, 0xFD, 0x0B, 0xFF, 0xE4, 0x00, 0xBF, 0xFF, 0xF0, 0x0B, 0xC0,
    0x6F, 0xC0, 0xBC, 0x00, 0x7D, 0x0B, 0xC0, 0x03, 0xE0, 0xBC, 0x00, 0x2F, 0x0B, 0xC0, 0x02, 0xF0, 0xBC, 0x00, 0x2F,
    0x0B, 0xC0, 0x02, 0xFB, 0xFF, 0xF0, 0x2F, 0xBF, 0xFF, 0x02, 0xF0, 0xBC, 0x00, 0x2F, 0x0B, 0xC0, 0x02, 0xF0, 0xBC,
    0x00, 0x2F, 0x0B, 0xC0, 0x02, 0xF0, 0xBC, 0x00, 0x3E, 0x0B, 0xC0, 0x07, 0xD0, 0xBC, 0x06, 0xFC, 0x0B, 0xFF, 0xFF,
    0x00, 0xBF, 0xFF, 0x40, 0x01, 0x90, 0x24, 0x0F, 0xF4, 0x74, 0x0E, 0x2E, 0xF0, 0x0E, 0x0B, 0xD0, 0x00, 0x00, 0x00,
    0x00, 0x00, 0x00, 0xBF, 0x00, 0x2F, 0xBF, 0x00, 0x2F, 0xBF, 0x80, 0x2F, 0xBF, 0xC0, 0x2F, 0xBB, 0xD0, 0x2F, 0xBA,
    0xE0, 0x2F, 0xB8, 0xF0, 0x2F, 0xBC, 0xF4, 0x2F, 0xBC, 0xB8, 0x2F, 0xBC, 0x3C, 0x2F, 0xBC, 0x3D, 0x2F, 0xBC, 0x1E,
    0x2F, 0xBC, 0x0F, 0x2F, 0xBC, 0x0F, 0x6F, 0xBC, 0x07, 0xDF, 0xBC, 0x03, 0xEF, 0xBC, 0x02, 0xFF, 0xBC, 0x01, 0xFF,
    0xBC, 0x00, 0xFF, 0xBC, 0x00, 0xBF, 0x0B, 0xC0, 0x00, 0x02, 0xF0, 0x00, 0x00, 0xF8, 0x00, 0x00, 0x3D, 0x00, 0x00,
    0x00, 0x00, 0x00, 0x00, 0x00, 0x01, 0xFF, 0x80, 0x0F, 0xFF, 0xF4, 0x3F, 0x91, 0xFC, 0x7D, 0x00, 0x3D, 0xBC, 0x00,
    0x3E, 0xBC, 0x00, 0x2F, 0xBC, 0x00, 0x2F, 0xBC, 0x00, 0x2F, 0xBC, 0x00, 0x2F, 0xBC, 0x00, 0x2F, 0xBC, 0x00, 0x2F,
    0xBC, 0x00, 0x2F, 0xBC, 0x00, 0x2F, 0xBC, 0x00, 0x2F, 0xBC, 0x00, 0x2F, 0xBC, 0x00, 0x3E, 0x7D, 0x00, 0x3D, 0x3F,
    0x81, 0xFC, 0x0F, 0xFF, 0xF4, 0x02, 0xFF, 0x80, 0x00, 0x03, 0xE0, 0x00, 0x0B, 0xC0, 0x00, 0x1F, 0x00, 0x00, 0x3D,
    0x00, 0x00, 0x00, 0x00, 0x00, 0x00, 0x00, 0x01, 0xFF, 0x80, 0x0F, 0xFF, 0xF4, 0x3F, 0x91, 0xFC, 0x7D, 0x00, 0x3D,
    0xBC, 0x00, 0x3E, 0xBC, 0x00, 0x2F, 0xBC, 0x00, 0x2F, 0xBC, 0x00, 0x2F, 0xBC, 0x00, 0x2F, 0xBC, 0x00, 0x2F, 0xBC,
    0x00, 0x2F, 0xBC, 0x00, 0x2F, 0xBC, 0x00, 0x2F, 0xBC, 0x00, 0x2F, 0xBC, 0x00, 0x2F, 0xBC, 0x00, 0x3E, 0x7D, 0x00,
    0x3D, 0x3F, 0x81, 0xFC, 0x0F, 0xFF, 0xF4, 0x02, 0xFF, 0x80, 0x00, 0xBE, 0x00, 0x01, 0xFF, 0x80, 0x07, 0xD7, 0xE0,
    0x1F, 0x40, 0xF8, 0x00, 0x00, 0x00, 0x00, 0x00, 0x00, 0x01, 0xFF, 0x80, 0x0F, 0xFF, 0xF4, 0x3F, 0x91, 0xFC, 0x7D,
    0x00, 0x3D, 0xBC, 0x00, 0x3E, 0xBC, 0x00, 0x2F, 0xBC, 0x00, 0x2F, 0xBC, 0x00, 0x2F, 0xBC, 0x00, 0x2F, 0xBC, 0x00,
    0x2F, 0xBC, 0x00, 0x2F, 0xBC, 0x00, 0x2F, 0xBC, 0x00, 0x2F, 0xBC, 0x00, 0x2F, 0xBC, 0x00, 0x2F, 0xBC, 0x00, 0x3E,
    0x7D, 0x00, 0x3D, 0x3F, 0x81, 0xFC, 0x0F, 0xFF, 0xF4, 0x02, 0xFF, 0x80, 0x01, 0x90, 0x24, 0x0F, 0xF4, 0x74, 0x0E,
    0x2E, 0xF0, 0x0E, 0x0B, 0xD0, 0x00, 0x00, 0x00, 0x00, 0x00, 0x00, 0x01, 0xFF, 0x80, 0x0F, 0xFF, 0xF4, 0x3F, 0x91,
    0xFC, 0x7D, 0x00, 0x3D, 0xBC, 0x00, 0x3E, 0xBC, 0x00, 0x2F, 0xBC, 0x00, 0x2F, 0xBC, 0x00, 0x2F, 0xBC, 0x00, 0x2F,
    0xBC, 0x00, 0x2F, 0xBC, 0x00, 0x2F, 0xBC, 0x00, 0x2F, 0xBC, 0x00, 0x2F, 0xBC, 0x00, 0x2F, 0xBC, 0x00, 0x2F, 0xBC,
    0x00, 0x3E, 0x7D, 0x00, 0x3D, 0x3F, 0x81, 0xFC, 0x0F, 0xFF, 0xF4, 0x02, 0xFF, 0x80, 0x0F, 0x40, 0xF4, 0x2F, 0xC2,
    0xFC, 0x0F, 0x40, 0xF4, 0x00, 0x00, 0x00, 0x00, 0x00, 0x00, 0x01, 0xFF, 0x80, 0x0F, 0xFF, 0xF4, 0x3F, 0x91, 0xFC,
    0x7D, 0x00, 0x3D, 0xBC, 0x00, 0x3E, 0xBC, 0x00, 0x2F, 0xBC, 0x00, 0x2F, 0xBC, 0x00, 0x2F, 0xBC, 0x00, 0x2F, 0xBC,
    0x00, 0x2F, 0xBC, 0x00, 0x2F, 0xBC, 0x00, 0x2F, 0xBC, 0x00, 0x2F, 0xBC, 0x00, 0x2F, 0xBC, 0x00, 0x2F, 0xBC, 0x00,
    0x3E, 0x7D, 0x00, 0x3D, 0x3F, 0x81, 0xFC, 0x0F, 0xFF, 0xF4, 0x02, 0xFF, 0x80, 0x00, 0x00, 0x00, 0x1C, 0x00, 0x28,
    0x3F, 0x00, 0xBC, 0x0F, 0xC2, 0xF0, 0x03, 0xFB, 0xC0, 0x00, 0xFF, 0x00, 0x00, 0xBF, 0x00, 0x02, 0xFF, 0xC0, 0x0B,
    0xC3, 0xF0, 0x2F, 0x00, 0xFC, 0x2C, 0x00, 0x38, 0x00, 0x00, 0x00, 0x00, 0x00, 0x00, 0x24, 0x00, 0x2F, 0xF8, 0xB8,
    0x00, 0xFF, 0xFF, 0xF0, 0x03, 0xF9, 0x1F, 0xE0, 0x07, 0xD0, 0x07, 0xD0, 0x0B, 0xC0, 0x0B, 0xE0, 0x0B, 0xC0, 0x0F,
    0xF0, 0x0B, 0xC0, 0x3F, 0xF0, 0x0B, 0xC0, 0x7E, 0xF0, 0x0B, 0xC0, 0xF6, 0xF0, 0x0B, 0xC2, 0xE2, 0xF0, 0x0B, 0xC3,
    0xC2, 0xF0, 0x0B, 0xCB, 0x82, 0xF0, 0x0B, 0xDF, 0x02, 0xF0, 0x0B, 0xFD, 0x02, 0xF0, 0x0B, 0xFC, 0x02, 0xF0, 0x0B,
    0xF4, 0x03, 0xE0, 0x07, 0xE0, 0x03, 0xE0, 0x03, 0xF4, 0x1F, 0xC0, 0x0B, 0xFF, 0xFF, 0x40, 0x0F, 0x2F, 0xF8, 0x00,
    0x3D, 0x00, 0x00, 0x00, 0x0B, 0xC0, 0x00, 0x02, 0xF0, 0x00, 0x00, 0xF8, 0x00, 0x00, 0x3D, 0x00, 0x00, 0x00, 0x00,
    0x00, 0x00, 0x00, 0xBC, 0x00, 0x2F, 0xBC, 0x00, 0x2F, 0xBC, 0x00, 0x2F, 0xBC, 0x00, 0x2F, 0xBC, 0x00, 0x2F, 0xBC,
    0x00, 0x2F, 0xBC, 0x00, 0x2F, 0xBC, 0x00, 0x2F, 0xBC, 0x00, 0x2F, 0xBC, 0x00, 0x2F, 0xBC, 0x00, 0x2F, 0xBC, 0x00,
    0x2F, 0xBC, 0x00, 0x2F, 0xBC, 0x00, 0x2F, 0xBC, 0x00, 0x2E, 0x7C, 0x00, 0x3E, 0x3D, 0x00, 0x7D, 0x3F, 0x91, 0xFC,
    0x0F, 0xFF, 0xF4, 0x02, 0xFF, 0x80, 0x00, 0x03, 0xE0, 0x00, 0x0B, 0xC0, 0x00, 0x1F, 0x00, 0x00, 0x3D, 0x00, 0x00,
    0x00, 0x00, 0x00, 0x00, 0x00, 0xBC, 0x00, 0x2F, 0xBC, 0x00, 0x2F, 0xBC, 0x00, 0x2F, 0xBC, 0x00, 0x2F, 0xBC, 0x00,
    0x2F, 0xBC, 0x00, 0x2F, 0xBC, 0x00, 0x2F, 0xBC, 0x00, 0x2F, 0xBC, 0x00, 0x2F, 0xBC, 0x00, 0x2F, 0xBC, 0x00, 0x2F,
    0xBC, 0x00, 0x2F, 0xBC, 0x00, 0x2F, 0xBC, 0x00, 0x2F, 0xBC, 0x00, 0x2E, 0x7C, 0x00, 0x3E, 0x3D, 0x00, 0x7D, 0x3F,
    0x91, 0xFC, 0x0F, 0xFF, 0xF4, 0x02, 0xFF, 0x80, 0x00, 0xBE, 0x00, 0x01, 0xFF, 0x80, 0x07, 0xD7, 0xE0, 0x1F, 0x40,
    0xF8, 0x00, 0x00, 0x00, 0x00, 0x00, 0x00, 0xBC, 0x00, 0x2F, 0xBC, 0x00, 0x2F, 0xBC, 0x00, 0x2F, 0xBC, 0x00, 0x2F,
    0xBC, 0x00, 0x2F, 0xBC, 0x00, 0x2F, 0xBC, 0x00, 0x2F, 0xBC, 0x00, 0x2F, 0xBC, 0x00, 0x2F, 0xBC, 0x00, 0x2F, 0xBC,
    0x00, 0x2F, 0xBC, 0x00, 0x2F, 0xBC, 0x00, 0x2F, 0xBC, 0x00, 0x2F, 0xBC, 0x00, 0x2E, 0x7C, 0x00, 0x3E, 0x3D, 0x00,
    0x7D, 0x3F, 0x91, 0xFC, 0x0F, 0xFF, 0xF4, 0x02, 0xFF, 0x80, 0x0F, 0x40, 0xF4, 0x2F, 0xC2, 0xFC, 0x0F, 0x40, 0xF4,
    0x00, 0x00, 0x00, 0x00, 0x00, 0x00, 0xBC, 0x00, 0x2F, 0xBC, 0x00, 0x2F, 0xBC, 0x00, 0x2F, 0xBC, 0x00, 0x2F, 0xBC,
    0x00, 0x2F, 0xBC, 0x00, 0x2F, 0xBC, 0x00, 0x2F, 0xBC, 0x00, 0x2F, 0xBC, 0x00, 0x2F, 0xBC, 0x00, 0x2F, 0xBC, 0x00,
    0x2F, 0xBC, 0x00, 0x2F, 0xBC, 0x00, 0x2F, 0xBC, 0x00, 0x2F, 0xBC, 0x00, 0x2E, 0x7C, 0x00, 0x3E, 0x3D, 0x00, 0x7D,
    0x3F, 0x91, 0xFC, 0x0F, 0xFF, 0xF4, 0x02, 0xFF, 0x80, 0x00, 0x00, 0x3E, 0x00, 0x00, 0x00, 0xBC, 0x00, 0x00, 0x01,
    0xF0, 0x00, 0x00, 0x03, 0xD0, 0x00, 0x00, 0x00, 0x00, 0x00, 0x00, 0x00, 0x00, 0x00, 0x3F, 0x00, 0x00, 0x7C, 0x1F,
    0x00, 0x00, 0xF8, 0x0F, 0x80, 0x01, 0xF0, 0x07, 0xC0, 0x03, 0xE0, 0x03, 0xE0, 0x07, 0xC0, 0x01, 0xF0, 0x0F, 0x80,
    0x00, 0xF8, 0x1F, 0x00, 0x00, 0xBC, 0x2E, 0x00, 0x00, 0x3D, 0x3C, 0x00, 0x00, 0x2F, 0xBC, 0x00, 0x00, 0x0F, 0xF4,
    0x00, 0x00, 0x0B, 0xF0, 0x00, 0x00, 0x03, 0xD0, 0x00, 0x00, 0x03, 0xD0, 0x00, 0x00, 0x03, 0xD0, 0x00, 0x00, 0x03,
    0xD0, 0x00, 0x00, 0x03, 0xD0, 0x00, 0x00, 0x03, 0xD0, 0x00, 0x00, 0x03, 0xD0, 0x00, 0x00, 0x03, 0xD0, 0x00, 0xBC,
    0x00, 0x00, 0x2F, 0x00, 0x00, 0x0B, 0xC0, 0x00, 0x02, 0xF0, 0x00, 0x00, 0xBC, 0x00, 0x00, 0x2F, 0xFF, 0xF8, 0x0B,
    0xFF, 0xFF, 0xD2, 0xF0, 0x01, 0xFC, 0xBC, 0x00, 0x0F, 0xAF, 0x00, 0x02, 0xFB, 0xC0, 0x00, 0xFE, 0xF0, 0x00, 0x3E,
    0xBC, 0x00, 0x7F, 0x2F, 0xFF, 0xFF, 0x4B, 0xFF, 0xFE, 0x42, 0xF0, 0x00, 0x00, 0xBC, 0x00, 0x00, 0x2F, 0x00, 0x00,
    0x0B, 0xC0, 0x00, 0x02, 0xF0, 0x00, 0x00, 0x01, 0xFF, 0x80, 0x03, 0xFF, 0xFD, 0x02, 0xF9, 0x1F, 0xC0, 0xF8, 0x00,
    0xF8, 0x7C, 0x00, 0x3F, 0x1F, 0x00, 0x0B, 0xCB, 0xC0, 0x03, 0xE2, 0xF0, 0x00, 0xF0, 0xBC, 0x01, 0xF4, 0x2F, 0x0F,
    0xF4, 0x0B, 0xC3, 0xFF, 0x82, 0xF0, 0x02, 0xF4, 0xBC, 0x00, 0x2F, 0x2F, 0x00, 0x03, 0xDB, 0xC0, 0x00, 0xF6, 0xF0,
    0x00, 0x3D, 0xBC, 0x00, 0x2F, 0x2F, 0x00, 0x7F, 0x8B, 0xC3, 0xFF, 0x82, 0xF0, 0xFE, 0x40, 0x01, 0xF4, 0x00, 0x00,
    0x2F, 0x00, 0x00, 0x03, 0xF0, 0x00, 0x00, 0x3E, 0x00, 0x00, 0x00, 0x00, 0x00, 0x00, 0x00, 0x00, 0x0B, 0xFE, 0x00,
    0x1F, 0xFF, 0xF4, 0x0F, 0xD0, 0x7F, 0x07, 0xC0, 0x03, 0xE0, 0x00, 0x00, 0xF8, 0x00, 0x00, 0x3E, 0x02, 0xFF, 0xFF,
    0x83, 0xFF, 0xFF, 0xE3, 0xF4, 0x00, 0xB8, 0xF8, 0x00, 0x2E, 0x3D, 0x00, 0x0F, 0x8F, 0x80, 0x07, 0xE2, 0xF9, 0x1B,
    0xF8, 0x3F, 0xFF, 0xAE, 0x02, 0xFF, 0x4B, 0x80, 0x00, 0x00, 0xFC, 0x00, 0x00, 0xBC, 0x00, 0x00, 0x7D, 0x00, 0x00,
    0x3E, 0x00, 0x00, 0x00, 0x00, 0x00, 0x00, 0x00, 0x00, 0x0B, 0xFE, 0x00, 0x1F, 0xFF, 0xF4, 0x0F, 0xD0, 0x7F, 0x07,
    0xC0, 0x03, 0xE0, 0x00, 0x00, 0xF8, 0x00, 0x00, 0x3E, 0x02, 0xFF, 0xFF, 0x83, 0xFF, 0xFF, 0xE3, 0xF4, 0x00, 0xB8,
    0xF8, 0x00, 0x2E, 0x3D, 0x00, 0x0F, 0x8F, 0x80, 0x07, 0xE2, 0xF9, 0x1B, 0xF8, 0x3F, 0xFF, 0xAE, 0x02, 0xFF, 0x4B,
    0x80, 0x00, 0x1F, 0xC0, 0x00, 0x1F, 0xF8, 0x00, 0x1F, 0x8F, 0x80, 0x0F, 0x80, 0xF8, 0x00, 0x00, 0x00, 0x00, 0x00,
    0x00, 0x00, 0x0B, 0xFE, 0x00, 0x1F, 0xFF, 0xF4, 0x0F, 0xD0, 0x7F, 0x07, 0xC0, 0x03, 0xE0, 0x00, 0x00, 0xF8, 0x00,
    0x00, 0x3E, 0x02, 0xFF, 0xFF, 0x83, 0xFF, 0xFF, 0xE3, 0xF4, 0x00, 0xB8, 0xF8, 0x00, 0x2E, 0x3D, 0x00, 0x0F, 0x8F,
    0x80, 0x07, 0xE2, 0xF9, 0x1B, 0xF8, 0x3F, 0xFF, 0xAE, 0x02, 0xFF, 0x4B, 0x80, 0x00, 0x64, 0x09, 0x00, 0xBF, 0x83,
    0x80, 0x3C, 0xBF, 0xD0, 0x0E, 0x07, 0xE0, 0x00, 0x00, 0x00, 0x00, 0x00, 0x00, 0x00, 0x0B, 0xFE, 0x00, 0x1F, 0xFF,
    0xF4, 0x0F, 0xD0, 0x7F, 0x07, 0xC0, 0x03, 0xE0, 0x00, 0x00, 0xF8, 0x00, 0x00, 0x3E, 0x02, 0xFF, 0xFF, 0x83, 0xFF,
    0xFF, 0xE3, 0xF4, 0x00, 0xB8, 0xF8, 0x00, 0x2E, 0x3D, 0x00, 0x0F, 0x8F, 0x80, 0x07, 0xE2, 0xF9, 0x1B, 0xF8, 0x3F,
    0xFF, 0xAE, 0x02, 0xFF, 0x4B, 0x80, 0x03, 0xD0, 0x3D, 0x01, 0xFC, 0x1F, 0xC0, 0x3D, 0x03, 0xD0, 0x00, 0x00, 0x00,
    0x00, 0x00, 0x00, 0x00, 0x2F, 0xF8, 0x00, 0x7F, 0xFF, 0xD0, 0x3F, 0x41, 0xFC, 0x1F, 0x00, 0x0F, 0x80, 0x00, 0x03,
    0xE0, 0x00, 0x00, 0xF8, 0x0B, 0xFF, 0xFE, 0x0F, 0xFF, 0xFF, 0x8F, 0xD0, 0x02, 0xE3, 0xE0, 0x00, 0xB8, 0xF4, 0x00,
    0x3E, 0x3E, 0x00, 0x1F, 0x8B, 0xE4, 0x6F, 0xE0, 0xFF, 0xFE, 0xB8, 0x0B, 0xFD, 0x2E, 0x00, 0x2F, 0x80, 0x00, 0x2D,
    0x3C, 0x00, 0x0E, 0x07, 0x40, 0x03, 0x80, 0xD0, 0x00, 0xB0, 0xB0, 0x00, 0x0B, 0xF4, 0x00, 0x00, 0x00, 0x00, 0x00,
    0x00, 0x00, 0x00, 0xBF, 0xE0, 0x01, 0xFF, 0xFF, 0x40, 0xFD, 0x07, 0xF0, 0x7C, 0x00, 0x3E, 0x00, 0x00, 0x0F, 0x80,
    0x00, 0x03, 0xE0, 0x2F, 0xFF, 0xF8, 0x3F, 0xFF, 0xFE, 0x3F, 0x40, 0x0B, 0x8F, 0x80, 0x02, 0xE3, 0xD0, 0x00, 0xF8,
    0xF8, 0x00, 0x7E, 0x2F, 0x91, 0xBF, 0x83, 0xFF, 0xFA, 0xE0, 0x2F, 0xF4, 0xB8, 0x02, 0xF8, 0x1F, 0xD0, 0x0F, 0xFF,
    0x7F, 0xF4, 0x2F, 0x0B, 0xF0, 0xBC, 0x19, 0x03, 0xD0, 0x3C, 0x00, 0x03, 0xD0, 0x3C, 0x00, 0x03, 0xD0, 0x3D, 0x07,
    0xFF, 0xFF, 0xFD, 0x1F, 0xFF, 0xFF, 0xFD, 0x3F, 0x03, 0xD0, 0x00, 0x3D, 0x03, 0xD0, 0x00, 0x3C, 0x03, 0xD0, 0x00,
    0x3D, 0x03, 0xD0, 0x3C, 0x3F, 0x0B, 0xF0, 0xBC, 0x0F, 0xFF, 0x7F, 0xF4, 0x03, 0xF8, 0x1F, 0xD0, 0x01, 0xFF, 0x90,
    0x03, 0xFF, 0xFE, 0x03, 0xF9, 0x1F, 0xD1, 0xF4, 0x00, 0xFC, 0xBC, 0x00, 0x1F, 0x2F, 0x00, 0x00, 0x0B, 0xC0, 0x00,
    0x02, 0xF0, 0x00, 0x00, 0xBC, 0x00, 0x00, 0x2F, 0x00, 0x00, 0x0B, 0xC0, 0x01, 0xF1, 0xF4, 0x00, 0xFC, 0x3F, 0x91,
    0xFD, 0x03, 0xFF, 0xFE, 0x00, 0x1F, 0xF9, 0x00, 0x02, 0xC0, 0x00, 0x00, 0xBF, 0x40, 0x00, 0x01, 0xF0, 0x00, 0x00,
    0x7C, 0x00, 0x07, 0xFD, 0x00, 0x00, 0x00, 0x00, 0x00, 0x0B, 0xC0, 0x00, 0x02, 0xF0, 0x00, 0x00, 0xF8, 0x00, 0x00,
    0x3D, 0x00, 0x00, 0x00, 0x00, 0x00, 0x00, 0x00, 0x01, 0xFF, 0x80, 0x0F, 0xFF, 0xF4, 0x3F, 0x41, 0xFC, 0x7C, 0x00,
    0x3E, 0xBC, 0x00, 0x2F, 0xB8, 0x00, 0x1F, 0xBF, 0xFF, 0xFF, 0xBF, 0xFF, 0xFF, 0xB8, 0x00, 0x00, 0xB8, 0x00, 0x00,
    0xBC, 0x00, 0x00, 0x7D, 0x00, 0x3E, 0x3F, 0x81, 0xFD, 0x0F, 0xFF, 0xF4, 0x01, 0xFF, 0x80, 0x00, 0x03, 0xE0, 0x00,
    0x0B, 0xC0, 0x00, 0x1F, 0x00, 0x00, 0x3D, 0x00, 0x00, 0x00, 0x00, 0x00, 0x00, 0x00, 0x01, 0xFF, 0x80, 0x0F, 0xFF,
    0xF4, 0x3F, 0x41, 0xFC, 0x7C, 0x00, 0x3E, 0xBC, 0x00, 0x2F, 0xB8, 0x00, 0x1F, 0xBF, 0xFF, 0xFF, 0xBF, 0xFF, 0xFF,
    0xB8, 0x00, 0x00, 0xB8, 0x00, 0x00, 0xBC, 0x00, 0x00, 0x7D, 0x00, 0x3E, 0x3F, 0x81, 0xFD, 0x0F, 0xFF, 0xF4, 0x01,
    0xFF, 0x80, 0x00, 0xBE, 0x00, 0x01, 0xFF, 0x80, 0x07, 0xD3, 0xE0, 0x1F, 0x40, 0xF8, 0x00, 0x00, 0x00, 0x00, 0x00,
    0x00, 0x01, 0xFF, 0x80, 0x0F, 0xFF, 0xF4, 0x3F, 0x41, 0xFC, 0x7C, 0x00, 0x3E, 0xBC, 0x00, 0x2F, 0xB8, 0x00, 0x1F,
    0xBF, 0xFF, 0xFF, 0xBF, 0xFF, 0xFF, 0xB8, 0x00, 0x00, 0xB8, 0x00, 0x00, 0xBC, 0x00, 0x00, 0x7D, 0x00, 0x3E, 0x3F,
    0x81, 0xFD, 0x0F, 0xFF, 0xF4, 0x01, 0xFF, 0x80, 0x0F, 0x40, 0xF4, 0x2F, 0xC2, 0xFC, 0x0F, 0x40, 0xF4, 0x00, 0x00,
    0x00, 0x00, 0x00, 0x00, 0x01, 0xFF, 0x80, 0x0F, 0xFF, 0xF4, 0x3F, 0x41, 0xFC, 0x7C, 0x00, 0x3E, 0xBC, 0x00, 0x2F,
    0xB8, 0x00, 0x1F, 0xBF, 0xFF, 0xFF, 0xBF, 0xFF, 0xFF, 0xB8, 0x00, 0x00, 0xB8, 0x00, 0x00, 0xBC, 0x00, 0x00, 0x7D,
    0x00, 0x3E, 0x3F, 0x81, 0xFD, 0x0F, 0xFF, 0xF4, 0x01, 0xFF, 0x80, 0x03, 0xE0, 0x00, 0x00, 0x7D, 0x00, 0x00, 0x0B,
    0xC0, 0x00, 0x00, 0xFC, 0x00, 0x00, 0x00, 0x00, 0x00, 0x00, 0x00, 0x03, 0xFF, 0xF0, 0x00, 0xFF, 0xFC, 0x00, 0x00,
    0x2F, 0x00, 0x00, 0x07, 0xC0, 0x00, 0x01, 0xF0, 0x00, 0x00, 0x7C, 0x00, 0x00, 0x1F, 0x00, 0x00, 0x07, 0xC0, 0x00,
    0x01, 0xF0, 0x00, 0x00, 0x7C, 0x00, 0x00, 0x1F, 0x00, 0x00, 0x07, 0xC0, 0x00, 0x02, 0xF0, 0x02, 0xFF, 0xFF, 0xFF,
    0xBF, 0xFF, 0xFF, 0xC0, 0x00, 0x02, 0xF0, 0x00, 0x01, 0xF4, 0x00, 0x00, 0xF8, 0x00, 0x00, 0xBC, 0x00, 0x00, 0x00,
    0x00, 0x00, 0x00, 0x00, 0x03, 0xFF, 0xF0, 0x00, 0xFF, 0xFC, 0x00, 0x00, 0x2F, 0x00, 0x00, 0x07, 0xC0, 0x00, 0x01,
    0xF0, 0x00, 0x00, 0x7C, 0x00, 0x00, 0x1F, 0x00, 0x00, 0x07, 0xC0, 0x00, 0x01, 0xF0, 0x00, 0x00, 0x7C, 0x00, 0x00,
    0x1F, 0x00, 0x00, 0x07, 0xC0, 0x00, 0x02, 0xF0, 0x02, 0xFF, 0xFF, 0xFF, 0xBF, 0xFF, 0xFF, 0xC0, 0x00, 0x3F, 0x00,
    0x00, 0x3F, 0xF0, 0x00, 0x3F, 0x2F, 0x00, 0x3F, 0x02, 0xF0, 0x00, 0x00, 0x00, 0x00, 0x00, 0x00, 0x03, 0xFF, 0xF0,
    0x00, 0xFF, 0xFC, 0x00, 0x00, 0x2F, 0x00, 0x00, 0x07, 0xC0, 0x00, 0x01, 0xF0, 0x00, 0x00, 0x7C, 0x00, 0x00, 0x1F,
    0x00, 0x00, 0x07, 0xC0, 0x00, 0x01, 0xF0, 0x00, 0x00, 0x7C, 0x00, 0x00, 0x1F, 0x00, 0x00, 0x07, 0xC0, 0x00, 0x02,
    0xF0, 0x02, 0xFF, 0xFF, 0xFF, 0xBF, 0xFF, 0xFF, 0xC0, 0x0B, 0x80, 0xB8, 0x03, 0xF0, 0x3F, 0x00, 0xB8, 0x0B, 0x80,
    0x00, 0x00, 0x00, 0x00, 0x00, 0x00, 0x0F, 0xFF, 0xC0, 0x03, 0xFF, 0xF0, 0x00, 0x00, 0xBC, 0x00, 0x00, 0x1F, 0x00,
    0x00, 0x07, 0xC0, 0x00, 0x01, 0xF0, 0x00, 0x00, 0x7C, 0x00, 0x00, 0x1F, 0x00, 0x00, 0x07, 0xC0, 0x00, 0x01, 0xF0,
    0x00, 0x00, 0x7C, 0x00, 0x00, 0x1F, 0x00, 0x00, 0x0B, 0xC0, 0x0B, 0xFF, 0xFF, 0xFE, 0xFF, 0xFF, 0xFF, 0x00, 0x00,
    0x00, 0x00, 0x0F, 0x80, 0x90, 0x00, 0x7D, 0xFD, 0x00, 0x03, 0xFF, 0x40, 0x01, 0xFF, 0xC0, 0x00, 0xFF, 0xBD, 0x00,
    0x0F, 0x42, 0xF0, 0x00, 0x00, 0x0F, 0x80, 0x00, 0x00, 0x3D, 0x00, 0x0B, 0xFA, 0xF0, 0x07, 0xFF, 0xFF, 0x40, 0xFD,
    0x07, 0xF8, 0x2F, 0x00, 0x0F, 0xC3, 0xE0, 0x00, 0x7C, 0x3D, 0x00, 0x03, 0xD3, 0xD0, 0x00, 0x3C, 0x3E, 0x00, 0x07,
    0xC2, 0xF0, 0x00, 0xF8, 0x0F, 0xD0, 0x7F, 0x00, 0x7F, 0xFF, 0xD0, 0x00, 0xBF, 0xE0, 0x00, 0x01, 0x90, 0x24, 0x0B,
    0xF8, 0x38, 0x0F, 0x2F, 0xF4, 0x0E, 0x07, 0xE0, 0x00, 0x00, 0x00, 0x00, 0x00, 0x00, 0xBC, 0x7F, 0xD0, 0xBD, 0xFF,
    0xF8, 0xBF, 0x91, 0xFC, 0xBE, 0x00, 0x7E, 0xBC, 0x00, 0x3E, 0xBC, 0x00, 0x2F, 0xBC, 0x00, 0x2F, 0xBC, 0x00, 0x2F,
    0xBC, 0x00, 0x2F, 0xBC, 0x00, 0x2F, 0xBC, 0x00, 0x2F, 0xBC, 0x00, 0x2F, 0xBC, 0x00, 0x2F, 0xBC, 0x00, 0x2F, 0xBC,
    0x00, 0x2F, 0x0B, 0xC0, 0x00, 0x02, 0xF0, 0x00, 0x00, 0xF8, 0x00, 0x00, 0x3D, 0x00, 0x00, 0x00, 0x00, 0x00, 0x00,
    0x00, 0x02, 0xFF, 0x80, 0x0F, 0xFF, 0xF4, 0x3F, 0x91, 0xFC, 0x7D, 0x00, 0x3E, 0xBC, 0x00, 0x2F, 0xB8, 0x00, 0x2F,
    0xB8, 0x00, 0x2F, 0xB8, 0x00, 0x2F, 0xB8, 0x00, 0x2F, 0xB8, 0x00, 0x2F, 0xBC, 0x00, 0x2F, 0x7D, 0x00, 0x3E, 0x3F,
    0x81, 0xFC, 0x0F, 0xFF, 0xF4, 0x02, 0xFF, 0x80, 0x00, 0x03, 0xE0, 0x00, 0x0B, 0xC0, 0x00, 0x1F, 0x00, 0x00, 0x3D,
    0x00, 0x00, 0x00, 0x00, 0x00, 0x00, 0x00, 0x02, 0xFF, 0x80, 0x0F, 0xFF, 0xF4, 0x3F, 0x91, 0xFC, 0x7D, 0x00, 0x3E,
    0xBC, 0x00, 0x2F, 0xB8, 0x00, 0x2F, 0xB8, 0x00, 0x2F, 0xB8, 0x00, 0x2F, 0xB8, 0x00, 0x2F, 0xB8, 0x00, 0x2F, 0xBC,
    0x00, 0x2F, 0x7D, 0x00, 0x3E, 0x3F, 0x81, 0xFC, 0x0F, 0xFF, 0xF4, 0x02, 0xFF, 0x80, 0x00, 0xBE, 0x00, 0x01, 0xFF,
    0x80, 0x07, 0xD3, 0xE0, 0x1F, 0x40, 0xF8, 0x00, 0x00, 0x00, 0x00, 0x00, 0x00, 0x02, 0xFF, 0x80, 0x0F, 0xFF, 0xF4,
    0x3F, 0x91, 0xFC, 0x7D, 0x00, 0x3E, 0xBC, 0x00, 0x2F, 0xB8, 0x00, 0x2F, 0xB8, 0x00, 0x2F, 0xB8, 0x00, 0x2F, 0xB8,
    0x00, 0x2F, 0xB8, 0x00, 0x2F, 0xBC, 0x00, 0x2F, 0x7D, 0x00, 0x3E, 0x3F, 0x81, 0xFC, 0x0F, 0xFF, 0xF4, 0x02, 0xFF,
    0x80, 0x01, 0x90, 0x24, 0x0F, 0xF4, 0x74, 0x0E, 0x2E, 0xF0, 0x0E, 0x0B, 0xD0, 0x00, 0x00, 0x00, 0x00, 0x00, 0x00,
    0x02, 0xFF, 0x80, 0x0F, 0xFF, 0xF4, 0x3F, 0x91, 0xFC, 0x7D, 0x00, 0x3E, 0xBC, 0x00, 0x2F, 0xB8, 0x00, 0x2F, 0xB8,
    0x00, 0x2F, 0xB8, 0x00, 0x2F, 0xB8, 0x00, 0x2F, 0xB8, 0x00, 0x2F, 0xBC, 0x00, 0x2F, 0x7D, 0x00, 0x3E, 0x3F, 0x81,
    0xFC, 0x0F, 0xFF, 0xF4, 0x02, 0xFF, 0x80, 0x0F, 0x40, 0xF4, 0x2F, 0xC2, 0xFC, 0x0F, 0x40, 0xF4, 0x00, 0x00, 0x00,
    0x00, 0x00, 0x00, 0x02, 0xFF, 0x80, 0x0F, 0xFF, 0xF4, 0x3F, 0x91, 0xFC, 0x7D, 0x00, 0x3E, 0xBC, 0x00, 0x2F, 0xB8,
    0x00, 0x2F, 0xB8, 0x00, 0x2F, 0xB8, 0x00, 0x2F, 0xB8, 0x00, 0x2F, 0xB8, 0x00, 0x2F, 0xBC, 0x00, 0x2F, 0x7D, 0x00,
    0x3E, 0x3F, 0x81, 0xFC, 0x0F, 0xFF, 0xF4, 0x02, 0xFF, 0x80, 0x00, 0x7E, 0x00, 0x00, 0xFF, 0x00, 0x00, 0xFF, 0x00,
    0x00, 0x7E, 0x00, 0x00, 0x00, 0x00, 0x00, 0x00, 0x00, 0x00, 0x00, 0x00, 0x7F, 0xFF, 0xFE, 0x7F, 0xFF, 0xFE, 0x00,
    0x00, 0x00, 0x00, 0x00, 0x00, 0x00, 0x7E, 0x00, 0x00, 0xFF, 0x00, 0x00, 0xFF, 0x00, 0x00, 0x7E, 0x00, 0x00, 0x00,
    0x00, 0xBC, 0x00, 0x2F, 0xF9, 0xF4, 0x00, 0xFF, 0xFF, 0xE0, 0x03, 0xF9, 0x1F, 0xC0, 0x07, 0xD0, 0x0F, 0xD0, 0x0B,
    0xC0, 0x3F, 0xE0, 0x0B, 0x80, 0xB9, 0xF0, 0x0B, 0x81, 0xF1, 0xF0, 0x0B, 0x83, 0xC1, 0xF0, 0x0B, 0x8F, 0x41, 0xF0,
    0x0B, 0x9E, 0x01, 0xF0, 0x0B, 0xFC, 0x02, 0xE0, 0x07, 0xF4, 0x03, 0xE0, 0x03, 0xF8, 0x1F, 0xC0, 0x0B, 0xFF, 0xFF,
    0x40, 0x1F, 0x1F, 0xF8, 0x00, 0x15, 0x00, 0x00, 0x00, 0x0B, 0xC0, 0x00, 0x02, 0xF0, 0x00, 0x00, 0xF8, 0x00, 0x00,
    0x3D, 0x00, 0x00, 0x00, 0x00, 0x00, 0x00, 0x00, 0xBC, 0x00, 0x2F, 0xBC, 0x00, 0x2F, 0xBC, 0x00, 0x2F, 0xBC, 0x00,
    0x2F, 0xBC, 0x00, 0x2F, 0xBC, 0x00, 0x2F, 0xBC, 0x00, 0x2F, 0xBC, 0x00, 0x2F, 0xBC, 0x00, 0x2F, 0xBC, 0x00, 0x2E,
    0x7C, 0x00, 0x3E, 0x3D, 0x00, 0x7D, 0x3F, 0x91, 0xFC, 0x0F, 0xFF, 0xF0, 0x01, 0xFF, 0x80, 0x00, 0x03, 0xE0, 0x00,
    0x0B, 0xC0, 0x00, 0x1F, 0x00, 0x00, 0x3D, 0x00, 0x00, 0x00, 0x00, 0x00, 0x00, 0x00, 0xBC, 0x00, 0x2F, 0xBC, 0x00,
    0x2F, 0xBC, 0x00, 0x2F, 0xBC, 0x00, 0x2F, 0xBC, 0x00, 0x2F, 0xBC, 0x00, 0x2F, 0xBC, 0x00, 0x2F, 0xBC, 0x00, 0x2F,
    0xBC, 0x00, 0x2F, 0xBC, 0x00, 0x2E, 0x7C, 0x00, 0x3E, 0x3D, 0x00, 0x7D, 0x3F, 0x91, 0xFC, 0x0F, 0xFF, 0xF0, 0x01,
    0xFF, 0x80, 0x00, 0xBE, 0x00, 0x01, 0xFF, 0x80, 0x07, 0xD3, 0xE0, 0x1F, 0x40, 0xF8, 0x00, 0x00, 0x00, 0x00, 0x00,
    0x00, 0xBC, 0x00, 0x2F, 0xBC, 0x00, 0x2F, 0xBC, 0x00, 0x2F, 0xBC, 0x00, 0x2F, 0xBC, 0x00, 0x2F, 0xBC, 0x00, 0x2F,
    0xBC, 0x00, 0x2F, 0xBC, 0x00, 0x2F, 0xBC, 0x00, 0x2F, 0xBC, 0x00, 0x2E, 0x7C, 0x00, 0x3E, 0x3D, 0x00, 0x7D, 0x3F,
    0x91, 0xFC, 0x0F, 0xFF, 0xF0, 0x01, 0xFF, 0x80, 0x0F, 0x40, 0xF4, 0x2F, 0xC2, 0xFC, 0x0F, 0x40, 0xF4, 0x00, 0x00,
    0x00, 0x00, 0x00, 0x00, 0xBC, 0x00, 0x2F, 0xBC, 0x00, 0x2F, 0xBC, 0x00, 0x2F, 0xBC, 0x00, 0x2F, 0xBC, 0x00, 0x2F,
    0xBC, 0x00, 0x2F, 0xBC, 0x00, 0x2F, 0xBC, 0x00, 0x2F, 0xBC, 0x00, 0x2F, 0xBC, 0x00, 0x2E, 0x7C, 0x00, 0x3E, 0x3D,
    0x00, 0x7D, 0x3F, 0x91, 0xFC, 0x0F, 0xFF, 0xF0, 0x01, 0xFF, 0x80, 0x00, 0x00, 0xF8, 0x00, 0x00, 0x2F, 0x00, 0x00,
    0x07, 0xC0, 0x00, 0x00, 0xF4, 0x00, 0x00, 0x00, 0x00, 0x00, 0x00, 0x00, 0x00, 0x7D, 0x00, 0x03, 0xE3, 0xE0, 0x00,
    0x7C, 0x2F, 0x00, 0x0B, 0xC0, 0xF4, 0x00, 0xF4, 0x0F, 0xC0, 0x1F, 0x00, 0x7C, 0x02, 0xE0, 0x03, 0xE0, 0x3D, 0x00,
    0x2F, 0x07, 0xC0, 0x00, 0xF4, 0xF8, 0x00, 0x0F, 0x8F, 0x00, 0x00, 0x7D, 0xF0, 0x00, 0x03, 0xFD, 0x00, 0x00, 0x2F,
    0xC0, 0x00, 0x01, 0xF8, 0x00, 0x00, 0x0F, 0x40, 0x00, 0x02, 0xF0, 0x00, 0x00, 0x3E, 0x00, 0x00, 0x07, 0xD0, 0x00,
    0x00, 0xBC, 0x00, 0x00, 0x0F, 0x80, 0x00, 0xBC, 0x00, 0x00, 0xBC, 0x00, 0x00, 0xBC, 0x00, 0x00, 0xBC, 0x00, 0x00,
    0xBC, 0x00, 0x00, 0xBC, 0x7F, 0x90, 0xB9, 0xFF, 0xF4, 0xBF, 0x81, 0xFC, 0xBD, 0x00, 0x3D, 0xBC, 0x00, 0x3E, 0xBC,
    0x00, 0x2E, 0xBC, 0x00, 0x2E, 0xBC, 0x00, 0x2E, 0xBC, 0x00, 0x2E, 0xBC, 0x00, 0x2E, 0xBC, 0x00, 0x3E, 0xBD, 0x00,
    0x3D, 0xBF, 0x81, 0xFC, 0xBE, 0xFF, 0xF4, 0xBC, 0x7F, 0x90, 0xBC, 0x00, 0x00, 0xBC, 0x00, 0x00, 0xBC, 0x00, 0x00,
    0xBC, 0x00, 0x00, 0xBC, 0x00, 0x00, 0x03, 0xD0, 0x3D, 0x00, 0xBF, 0x0B, 0xF0, 0x03, 0xD0, 0x3D, 0x00, 0x00, 0x00,
    0x00, 0x00, 0x00, 0x00, 0x07, 0xD0, 0x00, 0x3E, 0x3E, 0x00, 0x07, 0xC2, 0xF0, 0x00, 0xBC, 0x0F, 0x40, 0x0F, 0x40,
    0xFC, 0x01, 0xF0, 0x07, 0xC0, 0x2E, 0x00, 0x3E, 0x03, 0xD0, 0x02, 0xF0, 0x7C, 0x00, 0x0F, 0x4F, 0x80, 0x00, 0xF8,
    0xF0, 0x00, 0x07, 0xDF, 0x00, 0x00, 0x3F, 0xD0, 0x00, 0x02, 0xFC, 0x00, 0x00, 0x1F, 0x80, 0x00, 0x00, 0xF4, 0x00,
    0x00, 0x2F, 0x00, 0x00, 0x03, 0xE0, 0x00, 0x00, 0x7D, 0x00, 0x00, 0x0B, 0xC0, 0x00, 0x00, 0xF8, 0x00, 0x00, 0x00,
    0x00, 0x00, 0x00, 0x3F, 0xFF, 0xD0, 0x03, 0xFF, 0xFD, 0x00, 0x00, 0x00, 0x00, 0x00, 0x00, 0x00, 0x00, 0x00, 0x00,
    0x00, 0x00, 0x2F, 0xC0, 0x00, 0x03, 0xFC, 0x00, 0x00, 0x3F, 0xD0, 0x00, 0x07, 0xEE, 0x00, 0x00, 0xB9, 0xF0, 0x00,
    0x0F, 0x4F, 0x00, 0x00, 0xF0, 0xF4, 0x00, 0x1F, 0x0B, 0x80, 0x02, 0xE0, 0x7C, 0x00, 0x3D, 0x03, 0xC0, 0x03, 0xC0,
    0x3D, 0x00, 0x7C, 0x03, 0xE0, 0x0B, 0x80, 0x2F, 0x00, 0xFF, 0xFF, 0xF0, 0x0F, 0xFF, 0xFF, 0x42, 0xF0, 0x00, 0xF8,
    0x3E, 0x00, 0x0B, 0xC3, 0xD0, 0x00, 0x7C, 0x7C, 0x00, 0x03, 0xDB, 0xC0, 0x00, 0x2E, 0x00, 0x00, 0x00, 0x00, 0xFF,
    0xFF, 0x80, 0x3F, 0xFF, 0xE0, 0x00, 0x00, 0x00, 0x00, 0x00, 0x00, 0x00, 0x00, 0x00, 0x00, 0x0B, 0xFE, 0x00, 0x1F,
    0xFF, 0xF4, 0x0F, 0xD0, 0x7F, 0x07, 0xC0, 0x03, 0xE0, 0x00, 0x00, 0xF8, 0x00, 0x00, 0x3E, 0x02, 0xFF, 0xFF, 0x83,
    0xFF, 0xFF, 0xE3, 0xF4, 0x00, 0xB8, 0xF8, 0x00, 0x2E, 0x3D, 0x00, 0x0F, 0x8F, 0x80, 0x07, 0xE2, 0xF9, 0x1B, 0xF8,
    0x3F, 0xFF, 0xAE, 0x02, 0xFF, 0x4B, 0x80, 0x03, 0xC0, 0x2D, 0x00, 0x3E, 0x07, 0xC0, 0x01, 0xFF, 0xF8, 0x00, 0x07,
    0xFD, 0x00, 0x00, 0x00, 0x00, 0x00, 0x00, 0x00, 0x00, 0x00, 0x2F, 0xC0, 0x00, 0x03, 0xFC, 0x00, 0x00, 0x3F, 0xD0,
    0x00, 0x07, 0xEE, 0x00, 0x00, 0xB9, 0xF0, 0x00, 0x0F, 0x4F, 0x00, 0x00, 0xF0, 0xF4, 0x00, 0x1F, 0x0B, 0x80, 0x02,
    0xE0, 0x7C, 0x00, 0x3D, 0x03, 0xC0, 0x03, 0xC0, 0x3D, 0x00, 0x7C, 0x03, 0xE0, 0x0B, 0x80, 0x2F, 0x00, 0xFF, 0xFF,
    0xF0, 0x0F, 0xFF, 0xFF, 0x42, 0xF0, 0x00, 0xF8, 0x3E, 0x00, 0x0B, 0xC3, 0xD0, 0x00, 0x7C, 0x7C, 0x00, 0x03, 0xDB,
    0xC0, 0x00, 0x2E, 0x03, 0xC0, 0x2D, 0x00, 0xF9, 0x1F, 0x40, 0x1F, 0xFF, 0x80, 0x00, 0xBF, 0x40, 0x00, 0x00, 0x00,
    0x00, 0x00, 0x00, 0x00, 0x0B, 0xFE, 0x00, 0x1F, 0xFF, 0xF4, 0x0F, 0xD0, 0x7F, 0x07, 0xC0, 0x03, 0xE0, 0x00, 0x00,
    0xF8, 0x00, 0x00, 0x3E, 0x02, 0xFF, 0xFF, 0x83, 0xFF, 0xFF, 0xE3, 0xF4, 0x00, 0xB8, 0xF8, 0x00, 0x2E, 0x3D, 0x00,
    0x0F, 0x8F, 0x80, 0x07, 0xE2, 0xF9, 0x1B, 0xF8, 0x3F, 0xFF, 0xAE, 0x02, 0xFF, 0x4B, 0x80, 0x00, 0x2F, 0xC0, 0x00,
    0x00, 0xFF, 0x00, 0x00, 0x03, 0xFD, 0x00, 0x00, 0x1F, 0xB8, 0x00, 0x00, 0xB9, 0xF0, 0x00, 0x03, 0xD3, 0xC0, 0x00,
    0x0F, 0x0F, 0x40, 0x00, 0x7C, 0x2E, 0x00, 0x02, 0xE0, 0x7C, 0x00, 0x0F, 0x40, 0xF0, 0x00, 0x3C, 0x03, 0xD0, 0x01,
    0xF0, 0x0F, 0x80, 0x0B, 0x80, 0x2F, 0x00, 0x3F, 0xFF, 0xFC, 0x00, 0xFF, 0xFF, 0xF4, 0x0B, 0xC0, 0x03, 0xE0, 0x3E,
    0x00, 0x0B, 0xC0, 0xF4, 0x00, 0x1F, 0x07, 0xC0, 0x00, 0x3D, 0x2F, 0x00, 0x00, 0xB8, 0x00, 0x00, 0x03, 0xC0, 0x00,
    0x00, 0x3C, 0x00, 0x00, 0x01, 0xE0, 0x00, 0x00, 0x0B, 0xC0, 0x00, 0x00, 0x1F, 0xFC, 0x00, 0x00, 0x1F, 0xF0, 0x00,
    0x00, 0x00, 0x00, 0x00, 0xBF, 0xE0, 0x00, 0x1F, 0xFF, 0xF4, 0x00, 0xFD, 0x07, 0xF0, 0x07, 0xC0, 0x03, 0xE0, 0x00,
    0x00, 0x0F, 0x80, 0x00, 0x00, 0x3E, 0x00, 0x2F, 0xFF, 0xF8, 0x03, 0xFF, 0xFF, 0xE0, 0x3F, 0x40, 0x0B, 0x80, 0xF8,
    0x00, 0x2E, 0x03, 0xD0, 0x00, 0xF8, 0x0F, 0x80, 0x07, 0xE0, 0x2F, 0x91, 0xBF, 0x80, 0x3F, 0xFF, 0xAE, 0x00, 0x2F,
    0xF4, 0xB8, 0x00, 0x00, 0x03, 0xC0, 0x00, 0x00, 0x3C, 0x00, 0x00, 0x00, 0xF4, 0x00, 0x00, 0x03, 0xFF, 0x00, 0x00,
    0x02, 0xFC, 0x00, 0x03, 0xF0, 0x00, 0x02, 0xF0, 0x00, 0x01, 0xF4, 0x00, 0x00, 0xF8, 0x00, 0x00, 0x00, 0x00, 0x00,
    0x00, 0x00, 0x00, 0x1F, 0xF8, 0x00, 0x3F, 0xFF, 0xD0, 0x2F, 0x91, 0xFD, 0x0F, 0x80, 0x0F, 0xC7, 0xC0, 0x02, 0xF2,
    0xF0, 0x00, 0x28, 0xBC, 0x00, 0x00, 0x2F, 0x00, 0x00, 0x0B, 0xC0, 0x00, 0x02, 0xF0, 0x00, 0x00, 0xBC, 0x00, 0x00,
    0x2F, 0x00, 0x00, 0x0B, 0xC0, 0x00, 0x02, 0xF0, 0x00, 0x00, 0xBC, 0x00, 0x0A, 0x1F, 0x00, 0x0B, 0xC3, 0xE0, 0x03,
    0xF0, 0xBE, 0x47, 0xF4, 0x0F, 0xFF, 0xF4, 0x00, 0x7F, 0xE0, 0x00, 0x00, 0x02, 0xF0, 0x00, 0x01, 0xF0, 0x00, 0x00,
    0xF4, 0x00, 0x00, 0xF8, 0x00, 0x00, 0x00, 0x00, 0x00, 0x00, 0x00, 0x00, 0x1F, 0xF9, 0x00, 0x3F, 0xFF, 0xE0, 0x3F,
    0x91, 0xFD, 0x1F, 0x40, 0x0F, 0xCB, 0xC0, 0x01, 0xF2, 0xF0, 0x00, 0x00, 0xBC, 0x00, 0x00, 0x2F, 0x00, 0x00, 0x0B,
    0xC0, 0x00, 0x02, 0xF0, 0x00, 0x00, 0xBC, 0x00, 0x1F, 0x1F, 0x40, 0x0F, 0xC3, 0xF9, 0x1F, 0xD0, 0x3F, 0xFF, 0xE0,
    0x01, 0xFF, 0x90, 0x00, 0x00, 0x7F, 0x00, 0x00, 0x7F, 0xE0, 0x00, 0x7E, 0x3E, 0x00, 0x3E, 0x03, 0xE0, 0x00, 0x00,
    0x00, 0x00, 0x00, 0x00, 0x00, 0x1F, 0xF8, 0x00, 0x3F, 0xFF, 0xD0, 0x2F, 0x91, 0xFD, 0x0F, 0x80, 0x0F, 0xC7, 0xC0,
    0x02, 0xF2, 0xF0, 0x00, 0x28, 0xBC, 0x00, 0x00, 0x2F, 0x00, 0x00, 0x0B, 0xC0, 0x00, 0x02, 0xF0, 0x00, 0x00, 0xBC,
    0x00, 0x00, 0x2F, 0x00, 0x00, 0x0B, 0xC0, 0x00, 0x02, 0xF0, 0x00, 0x00, 0xBC, 0x00, 0x0A, 0x1F, 0x00, 0x0B, 0xC3,
    0xE0, 0x03, 0xF0, 0xBE, 0x47, 0xF4, 0x0F, 0xFF, 0xF4, 0x00, 0x7F, 0xE0, 0x00, 0x00, 0x7F, 0x00, 0x00, 0x7F, 0xF0,
    0x00, 0x3E, 0x3E, 0x00, 0x3E, 0x03, 0xE0, 0x00, 0x00, 0x00, 0x00, 0x00, 0x00, 0x00, 0x1F, 0xF9, 0x00, 0x3F, 0xFF,
    0xE0, 0x3F, 0x91, 0xFD, 0x1F, 0x40, 0x0F, 0xCB, 0xC0, 0x01, 0xF2, 0xF0, 0x00, 0x00, 0xBC, 0x00, 0x00, 0x2F, 0x00,
    0x00, 0x0B, 0xC0, 0x00, 0x02, 0xF0, 0x00, 0x00, 0xBC, 0x00, 0x1F, 0x1F, 0x40, 0x0F, 0xC3, 0xF9, 0x1F, 0xD0, 0x3F,
    0xFF, 0xE0, 0x01, 0xFF, 0x90, 0x00, 0x00, 0x3E, 0x00, 0x00, 0x2F, 0xC0, 0x00, 0x03, 0xE0, 0x00, 0x00, 0x00, 0x00,
    0x00, 0x00, 0x00, 0x00, 0x7F, 0xE0, 0x00, 0xFF, 0xFF, 0x40, 0xBE, 0x47, 0xF4, 0x3E, 0x00, 0x3F, 0x1F, 0x00, 0x0B,
    0xCB, 0xC0, 0x00, 0xA2, 0xF0, 0x00, 0x00, 0xBC, 0x00, 0x00, 0x2F, 0x00, 0x00, 0x0B, 0xC0, 0x00, 0x02, 0xF0, 0x00,
    0x00, 0xBC, 0x00, 0x00, 0x2F, 0x00, 0x00, 0x0B, 0xC0, 0x00, 0x02, 0xF0, 0x00, 0x28, 0x7C, 0x00, 0x2F, 0x0F, 0x80,
    0x0F, 0xC2, 0xF9, 0x1F, 0xD0, 0x3F, 0xFF, 0xD0, 0x01, 0xFF, 0x80, 0x00, 0x00, 0x3E, 0x00, 0x00, 0x2F, 0xC0, 0x00,
    0x03, 0xE0, 0x00, 0x00, 0x00, 0x00, 0x00, 0x00, 0x00, 0x00, 0x7F, 0xE4, 0x00, 0xFF, 0xFF, 0x80, 0xFE, 0x47, 0xF4,
    0x7D, 0x00, 0x3F, 0x2F, 0x00, 0x07, 0xCB, 0xC0, 0x00, 0x02, 0xF0, 0x00, 0x00, 0xBC, 0x00, 0x00, 0x2F, 0x00, 0x00,
    0x0B, 0xC0, 0x00, 0x02, 0xF0, 0x00, 0x7C, 0x7D, 0x00, 0x3F, 0x0F, 0xE4, 0x7F, 0x40, 0xFF, 0xFF, 0x80, 0x07, 0xFE,
    0x40, 0x0F, 0x80, 0xF8, 0x01, 0xF4, 0xF8, 0x00, 0x1F, 0xF8, 0x00, 0x01, 0xFC, 0x00, 0x00, 0x00, 0x00, 0x00, 0x00,
    0x00, 0x00, 0x1F, 0xF8, 0x00, 0x3F, 0xFF, 0xD0, 0x2F, 0x91, 0xFD, 0x0F, 0x80, 0x0F, 0xC7, 0xC0, 0x02, 0xF2, 0xF0,
    0x00, 0x28, 0xBC, 0x00, 0x00, 0x2F, 0x00, 0x00, 0x0B, 0xC0, 0x00, 0x02, 0xF0, 0x00, 0x00, 0xBC, 0x00, 0x00, 0x2F,
    0x00, 0x00, 0x0B, 0xC0, 0x00, 0x02, 0xF0, 0x00, 0x00, 0xBC, 0x00, 0x0A, 0x1F, 0x00, 0x0B, 0xC3, 0xE0, 0x03, 0xF0,
    0xBE, 0x47, 0xF4, 0x0F, 0xFF, 0xF4, 0x00, 0x7F, 0xE0, 0x00, 0x0F, 0x80, 0xF8, 0x00, 0xF8, 0xFC, 0x00, 0x0F, 0xFC,
    0x00, 0x01, 0xFC, 0x00, 0x00, 0x00, 0x00, 0x00, 0x00, 0x00, 0x00, 0x1F, 0xF9, 0x00, 0x3F, 0xFF, 0xE0, 0x3F, 0x91,
    0xFD, 0x1F, 0x40, 0x0F, 0xCB, 0xC0, 0x01, 0xF2, 0xF0, 0x00, 0x00, 0xBC, 0x00, 0x00, 0x2F, 0x00, 0x00, 0x0B, 0xC0,
    0x00, 0x02, 0xF0, 0x00, 0x00, 0xBC, 0x00, 0x1F, 0x1F, 0x40, 0x0F, 0xC3, 0xF9, 0x1F, 0xD0, 0x3F, 0xFF, 0xE0, 0x01,
    0xFF, 0x90, 0x00, 0x1F, 0x41, 0xF8, 0x07, 0xD3, 0xE0, 0x01, 0xFF, 0x80, 0x00, 0x7E, 0x00, 0x00, 0x00, 0x00, 0x00,
    0x00, 0x00, 0xBF, 0xFE, 0x40, 0xBF, 0xFF, 0xF0, 0xBC, 0x06, 0xFC, 0xBC, 0x00, 0x7D, 0xBC, 0x00, 0x3E, 0xBC, 0x00,
    0x2F, 0xBC, 0x00, 0x2F, 0xBC, 0x00, 0x2F, 0xBC, 0x00, 0x2F, 0xBC, 0x00, 0x2F, 0xBC, 0x00, 0x2F, 0xBC, 0x00, 0x2F,
    0xBC, 0x00, 0x2F, 0xBC, 0x00, 0x2F, 0xBC, 0x00, 0x2F, 0xBC, 0x00, 0x3E, 0xBC, 0x00, 0x7D, 0xBC, 0x06, 0xFC, 0xBF,
    0xFF, 0xF0, 0xBF, 0xFF, 0x40, 0x00, 0x00, 0x3C, 0x3C, 0x00, 0x00, 0x3C, 0x3C, 0x00, 0x00, 0x3C, 0x3C, 0x00, 0x00,
    0x3C, 0x3C, 0x00, 0x00, 0x3C, 0x78, 0x02, 0xF8, 0x3C, 0x00, 0x0F, 0xFF, 0x7C, 0x00, 0x2F, 0x86, 0xBC, 0x00, 0x3E,
    0x00, 0xBC, 0x00, 0x3D, 0x00, 0x7C, 0x00, 0x7C, 0x00, 0x3C, 0x00, 0x7C, 0x00, 0x3C, 0x00, 0x7C, 0x00, 0x3C, 0x00,
    0x7C, 0x00, 0x3C, 0x00, 0x7C, 0x00, 0x3C, 0x00, 0x3D, 0x00, 0x7C, 0x00, 0x3E, 0x00, 0xBC, 0x00, 0x2F, 0x86, 0xFC,
    0x00, 0x0F, 0xFF, 0x7C, 0x00, 0x02, 0xFC, 0x3C, 0x00, 0x0B, 0xFF, 0xE4, 0x00, 0xBF, 0xFF, 0xF0, 0x0B, 0xC0, 0x6F,
    0xC0, 0xBC, 0x00, 0x7D, 0x0B, 0xC0, 0x03, 0xE0, 0xBC, 0x00, 0x2F, 0x0B, 0xC0, 0x02, 0xF0, 0xBC, 0x00, 0x2F, 0x0B,
    0xC0, 0x02, 0xFB, 0xFF, 0xF0, 0x2F, 0xBF, 0xFF, 0x02, 0xF0, 0xBC, 0x00, 0x2F, 0x0B, 0xC0, 0x02, 0xF0, 0xBC, 0x00,
    0x2F, 0x0B, 0xC0, 0x02, 0xF0, 0xBC, 0x00, 0x3E, 0x0B, 0xC0, 0x07, 0xD0, 0xBC, 0x06, 0xFC, 0x0B, 0xFF, 0xFF, 0x00,
    0xBF, 0xFF, 0x40, 0x00, 0x00, 0x3E, 0x00, 0x00, 0x00, 0xF8, 0x00, 0x07, 0xFF, 0xFF, 0x00, 0x1F, 0xFF, 0xFC, 0x00,
    0x00, 0x3E, 0x00, 0x00, 0x00, 0xF8, 0x00, 0x2F, 0xD3, 0xE0, 0x07, 0xFF, 0xDB, 0x80, 0x3F, 0x92, 0xFE, 0x01, 0xF4,
    0x01, 0xF8, 0x07, 0xC0, 0x03, 0xE0, 0x2F, 0x00, 0x0F, 0x80, 0xBC, 0x00, 0x3E, 0x02, 0xF0, 0x00, 0xF8, 0x0B, 0xC0,
    0x03, 0xE0, 0x1F, 0x00, 0x0F, 0x80, 0x7D, 0x00, 0x7E, 0x00, 0xFE, 0x0B, 0xF8, 0x01, 0xFF, 0xFB, 0xE0, 0x00, 0xBF,
    0x4F, 0x80, 0x00, 0x00, 0x00, 0x03, 0xFF, 0xFE, 0x00, 0xFF, 0xFF, 0x80, 0x00, 0x00, 0x00, 0x00, 0x00, 0x00, 0x00,
    0x00, 0x00, 0x07, 0xFF, 0xFF, 0xF1, 0xFF, 0xFF, 0xFC, 0x7C, 0x00, 0x00, 0x1F, 0x00, 0x00, 0x07, 0xC0, 0x00, 0x01,
    0xF0, 0x00, 0x00, 0x7C, 0x00, 0x00, 0x1F, 0x00, 0x00, 0x07, 0xC0, 0x00, 0x01, 0xFF, 0xFF, 0xF0, 0x7F, 0xFF, 0xFC,
    0x1F, 0x00, 0x00, 0x07, 0xC0, 0x00, 0x01, 0xF0, 0x00, 0x00, 0x7C, 0x00, 0x00, 0x1F, 0x00, 0x00, 0x07, 0xC0, 0x00,
    0x01, 0xF0, 0x00, 0x00, 0x7F, 0xFF, 0xFF, 0x1F, 0xFF, 0xFF, 0xC0, 0x00, 0x00, 0x00, 0x0F, 0xFF, 0xF4, 0x0F, 0xFF,
    0xF4, 0x00, 0x00, 0x00, 0x00, 0x00, 0x00, 0x00, 0x00, 0x00, 0x01, 0xFF, 0x80, 0x0F, 0xFF, 0xF4, 0x3F, 0x41, 0xFC,
    0x7C, 0x00, 0x3E, 0xBC, 0x00, 0x2F, 0xB8, 0x00, 0x1F, 0xBF, 0xFF, 0xFF, 0xBF, 0xFF, 0xFF, 0xB8, 0x00, 0x00, 0xB8,
    0x00, 0x00, 0xBC, 0x00, 0x00, 0x7D, 0x00, 0x3E, 0x3F, 0x81, 0xFD, 0x0F, 0xFF, 0xF4, 0x01, 0xFF, 0x80, 0x0F, 0x00,
    0x78, 0x02, 0xF4, 0x7D, 0x00, 0x3F, 0xFF, 0x00, 0x02, 0xFE, 0x00, 0x00, 0x00, 0x00, 0x00, 0x00, 0x00, 0x07, 0xFF,
    0xFF, 0xF1, 0xFF, 0xFF, 0xFC, 0x7C, 0x00, 0x00, 0x1F, 0x00, 0x00, 0x07, 0xC0, 0x00, 0x01, 0xF0, 0x00, 0x00, 0x7C,
    0x00, 0x00, 0x1F, 0x00, 0x00, 0x07, 0xC0, 0x00, 0x01, 0xFF, 0xFF, 0xF0, 0x7F, 0xFF, 0xFC, 0x1F, 0x00, 0x00, 0x07,
    0xC0, 0x00, 0x01, 0xF0, 0x00, 0x00, 0x7C, 0x00, 0x00, 0x1F, 0x00, 0x00, 0x07, 0xC0, 0x00, 0x01, 0xF0, 0x00, 0x00,
    0x7F, 0xFF, 0xFF, 0x1F, 0xFF, 0xFF, 0xC0, 0x0F, 0x00, 0xB4, 0x0F, 0x81, 0xF0, 0x07, 0xFF, 0xE0, 0x01, 0xFF, 0x40,
    0x00, 0x00, 0x00, 0x00, 0x00, 0x00, 0x01, 0xFF, 0x80, 0x0F, 0xFF, 0xF4, 0x3F, 0x41, 0xFC, 0x7C, 0x00, 0x3E, 0xBC,
    0x00, 0x2F, 0xB8, 0x00, 0x1F, 0xBF, 0xFF, 0xFF, 0xBF, 0xFF, 0xFF, 0xB8, 0x00, 0x00, 0xB8, 0x00, 0x00, 0xBC, 0x00,
    0x00, 0x7D, 0x00, 0x3E, 0x3F, 0x81, 0xFD, 0x0F, 0xFF, 0xF4, 0x01, 0xFF, 0x80, 0x00, 0x3E, 0x00, 0x00, 0x1F, 0xC0,
    0x00, 0x03, 0xE0, 0x00, 0x00, 0x00, 0x00, 0x00, 0x00, 0x00, 0x1F, 0xFF, 0xFF, 0xC7, 0xFF, 0xFF, 0xF1, 0xF0, 0x00,
    0x00, 0x7C, 0x00, 0x00, 0x1F, 0x00, 0x00, 0x07, 0xC0, 0x00, 0x01, 0xF0, 0x00, 0x00, 0x7C, 0x00, 0x00, 0x1F, 0x00,
    0x00, 0x07, 0xFF, 0xFF, 0xC1, 0xFF, 0xFF, 0xF0, 0x7C, 0x00, 0x00, 0x1F, 0x00, 0x00, 0x07, 0xC0, 0x00, 0x01, 0xF0,
    0x00, 0x00, 0x7C, 0x00, 0x00, 0x1F, 0x00, 0x00, 0x07, 0xC0, 0x00, 0x01, 0xFF, 0xFF, 0xFC, 0x7F, 0xFF, 0xFF, 0x00,
    0x00, 0x7D, 0x00, 0x00, 0xFF, 0x00, 0x00, 0x7E, 0x00, 0x00, 0x00, 0x00, 0x00, 0x00, 0x00, 0x01, 0xFF, 0x80, 0x0F,
    0xFF, 0xF4, 0x3F, 0x41, 0xFC, 0x7C, 0x00, 0x3E, 0xBC, 0x00, 0x2F, 0xB8, 0x00, 0x1F, 0xBF, 0xFF, 0xFF, 0xBF, 0xFF,
    0xFF, 0xB8, 0x00, 0x00, 0xB8, 0x00, 0x00, 0xBC, 0x00, 0x00, 0x7D, 0x00, 0x3E, 0x3F, 0x81, 0xFD, 0x0F, 0xFF, 0xF4,
    0x01, 0xFF, 0x80, 0x7F, 0xFF, 0xFF, 0x1F, 0xFF, 0xFF, 0xC7, 0xC0, 0x00, 0x01, 0xF0, 0x00, 0x00, 0x7C, 0x00, 0x00,
    0x1F, 0x00, 0x00, 0x07, 0xC0, 0x00, 0x01, 0xF0, 0x00, 0x00, 0x7C, 0x00, 0x00, 0x1F, 0xFF, 0xFF, 0x07, 0xFF, 0xFF,
    0xC1, 0xF0, 0x00, 0x00, 0x7C, 0x00, 0x00, 0x1F, 0x00, 0x00, 0x07, 0xC0, 0x00, 0x01, 0xF0, 0x00, 0x00, 0x7C, 0x00,
    0x00, 0x1F, 0x00, 0x00, 0x07, 0xFF, 0xFF, 0xF1, 0xFF, 0xFF, 0xFC, 0x00, 0x00, 0xF4, 0x00, 0x00, 0xB4, 0x00, 0x00,
    0x3C, 0x00, 0x00, 0x0F, 0x40, 0x00, 0x03, 0xFF, 0x00, 0x00, 0x3F, 0xC0, 0x00, 0x00, 0x00, 0x01, 0xFF, 0x80, 0x0F,
    0xFF, 0xF4, 0x3F, 0x41, 0xFC, 0x7D, 0x00, 0x3D, 0xBC, 0x00, 0x2E, 0xBC, 0x00, 0x2F, 0xBF, 0xFF, 0xFF, 0xBF, 0xFF,
    0xFF, 0xBC, 0x00, 0x00, 0xBC, 0x00, 0x00, 0xBC, 0x00, 0x00, 0x7D, 0x00, 0x3E, 0x3F, 0x41, 0xFC, 0x0F, 0xFF, 0xF4,
    0x01, 0xFF, 0xC0, 0x00, 0x0F, 0x00, 0x00, 0x3C, 0x00, 0x00, 0x3C, 0x00, 0x00, 0x3F, 0xA0, 0x00, 0x0B, 0xF0, 0x0F,
    0x80, 0xF8, 0x00, 0xF8, 0xFC, 0x00, 0x0F, 0xFC, 0x00, 0x00, 0xFC, 0x00, 0x00, 0x00, 0x00, 0x00, 0x00, 0x00, 0x07,
    0xFF, 0xFF, 0xF1, 0xFF, 0xFF, 0xFC, 0x7C, 0x00, 0x00, 0x1F, 0x00, 0x00, 0x07, 0xC0, 0x00, 0x01, 0xF0, 0x00, 0x00,
    0x7C, 0x00, 0x00, 0x1F, 0x00, 0x00, 0x07, 0xC0, 0x00, 0x01, 0xFF, 0xFF, 0xF0, 0x7F, 0xFF, 0xFC, 0x1F, 0x00, 0x00,
    0x07, 0xC0, 0x00, 0x01, 0xF0, 0x00, 0x00, 0x7C, 0x00, 0x00, 0x1F, 0x00, 0x00, 0x07, 0xC0, 0x00, 0x01, 0xF0, 0x00,
    0x00, 0x7F, 0xFF, 0xFF, 0x1F, 0xFF, 0xFF, 0xC0, 0x1F, 0x41, 0xF8, 0x07, 0xD3, 0xE0, 0x01, 0xFF, 0x80, 0x00, 0x7E,
    0x00, 0x00, 0x00, 0x00, 0x00, 0x00, 0x00, 0x01, 0xFF, 0x80, 0x0F, 0xFF, 0xF4, 0x3F, 0x41, 0xFC, 0x7C, 0x00, 0x3E,
    0xBC, 0x00, 0x2F, 0xB8, 0x00, 0x1F, 0xBF, 0xFF, 0xFF, 0xBF, 0xFF, 0xFF, 0xB8, 0x00, 0x00, 0xB8, 0x00, 0x00, 0xBC,
    0x00, 0x00, 0x7D, 0x00, 0x3E, 0x3F, 0x81, 0xFD, 0x0F, 0xFF, 0xF4, 0x01, 0xFF, 0x80, 0x00, 0xBE, 0x00, 0x01, 0xFF,
    0x80, 0x07, 0xD7, 0xE0, 0x1F, 0x40, 0xF8, 0x00, 0x00, 0x00, 0x00, 0x00, 0x00, 0x01, 0xFF, 0x80, 0x0F, 0xFF, 0xF4,
    0x3F, 0x91, 0xFC, 0x7D, 0x00, 0x3E, 0xBC, 0x00, 0x2F, 0xBC, 0x00, 0x1A, 0xBC, 0x00, 0x00, 0xBC, 0x00, 0x00, 0xBC,
    0x00, 0x00, 0xBC, 0x00, 0x00, 0xBC, 0x1F, 0xFF, 0xBC, 0x1F, 0xFF, 0xBC, 0x00, 0x1F, 0xBC, 0x00, 0x1F, 0xBC, 0x00,
    0x1F, 0xBC, 0x00, 0x2F, 0x7D, 0x00, 0x3E, 0x3F, 0x91, 0xFC, 0x0F, 0xFF, 0xF4, 0x01, 0xFF, 0x80, 0x00, 0xBE, 0x00,
    0x02, 0xFF, 0x80, 0x07, 0xD7, 0xD0, 0x1F, 0x41, 0xF4, 0x00, 0x00, 0x00, 0x00, 0x00, 0x00, 0x02, 0xFD, 0x2E, 0x1F,
    0xFF, 0xAE, 0x3F, 0x82, 0xFE, 0x7D, 0x00, 0x7E, 0xBC, 0x00, 0x3E, 0xBC, 0x00, 0x3E, 0xBC, 0x00, 0x2E, 0xBC, 0x00,
    0x2E, 0xBC, 0x00, 0x2E, 0xBC, 0x00, 0x3E, 0x7D, 0x00, 0x7E, 0x3F, 0x41, 0xFE, 0x1F, 0xFF, 0xAE, 0x07, 0xFE, 0x2E,
    0x00, 0x00, 0x2E, 0x00, 0x00, 0x3E, 0x00, 0x00, 0x3D, 0x00, 0x01, 0xFC, 0x0B, 0xFF, 0xF4, 0x0B, 0xFF, 0x80, 0x0F,
    0x00, 0xB4, 0x0F, 0x81, 0xF0, 0x07, 0xFF, 0xE0, 0x01, 0xFF, 0x40, 0x00, 0x00, 0x00, 0x00, 0x00, 0x00, 0x01, 0xFF,
    0x80, 0x0F, 0xFF, 0xF4, 0x3F, 0x91, 0xFC, 0x7D, 0x00, 0x3E, 0xBC, 0x00, 0x2F, 0xBC, 0x00, 0x1A, 0xBC, 0x00, 0x00,
    0xBC, 0x00, 0x00, 0xBC, 0x00, 0x00, 0xBC, 0x00, 0x00, 0xBC, 0x1F, 0xFF, 0xBC, 0x1F, 0xFF, 0xBC, 0x00, 0x1F, 0xBC,
    0x00, 0x1F, 0xBC, 0x00, 0x1F, 0xBC, 0x00, 0x2F, 0x7D, 0x00, 0x3E, 0x3F, 0x91, 0xFC, 0x0F, 0xFF, 0xF4, 0x01, 0xFF,
    0x80, 0x1E, 0x00, 0xB4, 0x0F, 0x82, 0xF0, 0x07, 0xFF, 0xD0, 0x01, 0xFF, 0x40, 0x00, 0x00, 0x00, 0x00, 0x00, 0x00,
    0x02, 0xFD, 0x2E, 0x1F, 0xFF, 0xAE, 0x3F, 0x82, 0xFE, 0x7D, 0x00, 0x7E, 0xBC, 0x00, 0x3E, 0xBC, 0x00, 0x3E, 0xBC,
    0x00, 0x2E, 0xBC, 0x00, 0x2E, 0xBC, 0x00, 0x2E, 0xBC, 0x00, 0x3E, 0x7D, 0x00, 0x7E, 0x3F, 0x41, 0xFE, 0x1F, 0xFF,
    0xAE, 0x07, 0xFE, 0x2E, 0x00, 0x00, 0x2E, 0x00, 0x00, 0x3E, 0x00, 0x00, 0x3D, 0x00, 0x01, 0xFC, 0x0B, 0xFF, 0xF4,
    0x0B, 0xFF, 0x80, 0x00, 0x7D, 0x00, 0x00, 0xFF, 0x00, 0x00, 0x7D, 0x00, 0x00, 0x00, 0x00, 0x00, 0x00, 0x00, 0x01,
    0xFF, 0x80, 0x0F, 0xFF, 0xF4, 0x3F, 0x91, 0xFC, 0x7D, 0x00, 0x3E, 0xBC, 0x00, 0x2F, 0xBC, 0x00, 0x1A, 0xBC, 0x00,
    0x00, 0xBC, 0x00, 0x00, 0xBC, 0x00, 0x00, 0xBC, 0x00, 0x00, 0xBC, 0x1F, 0xFF, 0xBC, 0x1F, 0xFF, 0xBC, 0x00, 0x1F,
    0xBC, 0x00, 0x1F, 0xBC, 0x00, 0x1F, 0xBC, 0x00, 0x2F, 0x7D, 0x00, 0x3E, 0x3F, 0x91, 0xFC, 0x0F, 0xFF, 0xF4, 0x01,
    0xFF, 0x80, 0x00, 0x7D, 0x00, 0x00, 0xFF, 0x00, 0x00, 0x7D, 0x00, 0x00, 0x00, 0x00, 0x00, 0x00, 0x00, 0x02, 0xFD,
    0x2E, 0x1F, 0xFF, 0xAE, 0x3F, 0x82, 0xFE, 0x7D, 0x00, 0x7E, 0xBC, 0x00, 0x3E, 0xBC, 0x00, 0x3E, 0xBC, 0x00, 0x2E,
    0xBC, 0x00, 0x2E, 0xBC, 0x00, 0x2E, 0xBC, 0x00, 0x3E, 0x7D, 0x00, 0x7E, 0x3F, 0x41, 0xFE, 0x1F, 0xFF, 0xAE, 0x07,
    0xFE, 0x2E, 0x00, 0x00, 0x2E, 0x00, 0x00, 0x3E, 0x00, 0x00, 0x3D, 0x00, 0x01, 0xFC, 0x0B, 0xFF, 0xF4, 0x0B, 0xFF,
    0x80, 0x01, 0xFF, 0x80, 0x0F, 0xFF, 0xF4, 0x3F, 0x91, 0xFC, 0x7D, 0x00, 0x3E, 0xBC, 0x00, 0x2F, 0xBC, 0x00, 0x1A,
    0xBC, 0x00, 0x00, 0xBC, 0x00, 0x00, 0xBC, 0x00, 0x00, 0xBC, 0x00, 0x00, 0xBC, 0x1F, 0xFF, 0xBC, 0x1F, 0xFF, 0xBC,
    0x00, 0x1F, 0xBC, 0x00, 0x1F, 0xBC, 0x00, 0x1F, 0xBC, 0x00, 0x2F, 0x7D, 0x00, 0x3E, 0x3F, 0x91, 0xFC, 0x0F, 0xFF,
    0xF4, 0x01, 0xFF, 0x80, 0x00, 0x00, 0x00, 0x00, 0x00, 0x00, 0x00, 0x2F, 0x40, 0x00, 0x3E, 0x00, 0x00, 0xFC, 0x00,
    0x01, 0xF0, 0x00, 0x00, 0x01, 0x40, 0x00, 0x07, 0xC0, 0x00, 0x0F, 0x40, 0x00, 0x2F, 0x00, 0x00, 0x3F, 0x00, 0x00,
    0xBD, 0x00, 0x00, 0xFC, 0x00, 0x00, 0x00, 0x00, 0x00, 0x00, 0x00, 0x02, 0xFD, 0x2E, 0x1F, 0xFF, 0xAE, 0x3F, 0x82,
    0xFE, 0x7D, 0x00, 0x7E, 0xBC, 0x00, 0x3E, 0xBC, 0x00, 0x3E, 0xBC, 0x00, 0x2E, 0xBC, 0x00, 0x2E, 0xBC, 0x00, 0x2E,
    0xBC, 0x00, 0x3E, 0x7D, 0x00, 0x7E, 0x3F, 0x41, 0xFE, 0x1F, 0xFF, 0xAE, 0x07, 0xFE, 0x2E, 0x00, 0x00, 0x2E, 0x00,
    0x00, 0x3E, 0x00, 0x00, 0x3D, 0x00, 0x01, 0xFC, 0x0B, 0xFF, 0xF4, 0x0B, 0xFF, 0x80, 0x00, 0xBE, 0x00, 0x01, 0xFF,
    0x80, 0x07, 0xD7, 0xE0, 0x1F, 0x40, 0xF8, 0x00, 0x00, 0x00, 0x00, 0x00, 0x00, 0x7C, 0x00, 0x2E, 0x7C, 0x00, 0x2E,
    0x7C, 0x00, 0x2E, 0x7C, 0x00, 0x2E, 0x7C, 0x00, 0x2E, 0x7C, 0x00, 0x2E, 0x7C, 0x00, 0x2E, 0x7C, 0x00, 0x2E, 0x7C,
    0x00, 0x3E, 0x7F, 0xFF, 0xFE, 0x7F, 0xFF, 0xFE, 0x7C, 0x00, 0x2E, 0x7C, 0x00, 0x2E, 0x7C, 0x00, 0x2E, 0x7C, 0x00,
    0x2E, 0x7C, 0x00, 0x2E, 0x7C, 0x00, 0x2E, 0x7C, 0x00, 0x2E, 0x7C, 0x00, 0x2E, 0x7C, 0x00, 0x2E, 0x00, 0xFD, 0x00,
    0x00, 0x03, 0xFF, 0x00, 0x00, 0x0B, 0xCB, 0xC0, 0x00, 0x2F, 0x02, 0xF0, 0x00, 0x00, 0x00, 0x00, 0x00, 0x00, 0x00,
    0x00, 0x00, 0x00, 0xBC, 0x00, 0x00, 0x00, 0xBC, 0x00, 0x00, 0x00, 0xBC, 0x00, 0x00, 0x00, 0xBC, 0x00, 0x00, 0x00,
    0xBC, 0x00, 0x00, 0x00, 0xBC, 0x7F, 0xD0, 0x00, 0xBD, 0xFF, 0xF8, 0x00, 0xBF, 0x91, 0xFC, 0x00, 0xBE, 0x00, 0x3E,
    0x00, 0xBC, 0x00, 0x3E, 0x00, 0xBC, 0x00, 0x2F, 0x00, 0xBC, 0x00, 0x2F, 0x00, 0xBC, 0x00, 0x2F, 0x00, 0xBC, 0x00,
    0x2F, 0x00, 0xBC, 0x00, 0x2F, 0x00, 0xBC, 0x00, 0x2F, 0x00, 0xBC, 0x00, 0x2F, 0x00, 0xBC, 0x00, 0x2F, 0x00, 0xBC,
    0x00, 0x2F, 0x00, 0xBC, 0x00, 0x2F, 0x07, 0xC0, 0x02, 0xE0, 0x07, 0xC0, 0x02, 0xE0, 0x07, 0xC0, 0x02, 0xE0, 0x0B,
    0xC0, 0x03, 0xE0, 0xBF, 0xFF, 0xFF, 0xFF, 0xBF, 0xFF, 0xFF, 0xFF, 0x07, 0xC0, 0x02, 0xE0, 0x07, 0xC0, 0x02, 0xE0,
    0x07, 0xC0, 0x03, 0xE0, 0x07, 0xFF, 0xFF, 0xE0, 0x07, 0xFF, 0xFF, 0xE0, 0x07, 0xC0, 0x02, 0xE0, 0x07, 0xC0, 0x02,
    0xE0, 0x07, 0xC0, 0x02, 0xE0, 0x07, 0xC0, 0x02, 0xE0, 0x07, 0xC0, 0x02, 0xE0, 0x07, 0xC0, 0x02, 0xE0, 0x07, 0xC0,
    0x02, 0xE0, 0x07, 0xC0, 0x02, 0xE0, 0x07, 0xC0, 0x02, 0xE0, 0x0B, 0xC0, 0x00, 0x00, 0xBC, 0x00, 0x00, 0x0B, 0xC0,
    0x00, 0x0F, 0xFF, 0xFD, 0x00, 0xFF, 0xFF, 0xD0, 0x00, 0xBC, 0x00, 0x00, 0x0B, 0xC0, 0x00, 0x00, 0xBC, 0x7F, 0xD0,
    0x0B, 0xDF, 0xFF, 0x80, 0xBF, 0x41, 0xFD, 0x0B, 0xD0, 0x03, 0xE0, 0xBC, 0x00, 0x3E, 0x0B, 0xC0, 0x02, 0xF0, 0xBC,
    0x00, 0x2F, 0x0B, 0xC0, 0x02, 0xF0, 0xBC, 0x00, 0x2F, 0x0B, 0xC0, 0x02, 0xF0, 0xBC, 0x00, 0x2F, 0x0B, 0xC0, 0x02,
    0xF0, 0xBC, 0x00, 0x2F, 0x01, 0x90, 0x24, 0x0F, 0xF4, 0x74, 0x0E, 0x2E, 0xF0, 0x0E, 0x0B, 0xD0, 0x00, 0x00, 0x00,
    0x00, 0x00, 0x00, 0x3F, 0xFF, 0xFD, 0x3F, 0xFF, 0xFD, 0x00, 0x7D, 0x00, 0x00, 0x3D, 0x00, 0x00, 0x3D, 0x00, 0x00,
    0x3D, 0x00, 0x00, 0x3D, 0x00, 0x00, 0x3D, 0x00, 0x00, 0x3D, 0x00, 0x00, 0x3D, 0x00, 0x00, 0x3D, 0x00, 0x00, 0x3D,
    0x00, 0x00, 0x3D, 0x00, 0x00, 0x3D, 0x00, 0x00, 0x3D, 0x00, 0x00, 0x3D, 0x00, 0x00, 0x3D, 0x00, 0x00, 0x7D, 0x00,
    0x3F, 0xFF, 0xFD, 0x3F, 0xFF, 0xFD, 0x01, 0x90, 0x28, 0x01, 0xFF, 0x0F, 0x00, 0xB1, 0xFB, 0x80, 0x3C, 0x1F, 0x80,
    0x00, 0x00, 0x00, 0x00, 0x00, 0x00, 0x03, 0xFF, 0xF0, 0x00, 0xFF, 0xFC, 0x00, 0x00, 0x2F, 0x00, 0x00, 0x07, 0xC0,
    0x00, 0x01, 0xF0, 0x00, 0x00, 0x7C, 0x00, 0x00, 0x1F, 0x00, 0x00, 0x07, 0xC0, 0x00, 0x01, 0xF0, 0x00, 0x00, 0x7C,
    0x00, 0x00, 0x1F, 0x00, 0x00, 0x07, 0xC0, 0x00, 0x02, 0xF0, 0x02, 0xFF, 0xFF, 0xFF, 0xBF, 0xFF, 0xFF, 0xC0, 0x00,
    0x00, 0x00, 0x0F, 0xFF, 0xF4, 0x0F, 0xFF, 0xF4, 0x00, 0x00, 0x00, 0x00, 0x00, 0x00, 0x00, 0x00, 0x00, 0x3F, 0xFF,
    0xFD, 0x3F, 0xFF, 0xFD, 0x00, 0x7D, 0x00, 0x00, 0x3D, 0x00, 0x00, 0x3D, 0x00, 0x00, 0x3D, 0x00, 0x00, 0x3D, 0x00,
    0x00, 0x3D, 0x00, 0x00, 0x3D, 0x00, 0x00, 0x3D, 0x00, 0x00, 0x3D, 0x00, 0x00, 0x3D, 0x00, 0x00, 0x3D, 0x00, 0x00,
    0x3D, 0x00, 0x00, 0x3D, 0x00, 0x00, 0x3D, 0x00, 0x00, 0x3D, 0x00, 0x00, 0x7D, 0x00, 0x3F, 0xFF, 0xFD, 0x3F, 0xFF,
    0xFD, 0x00, 0x00, 0x00, 0x03, 0xFF, 0xFF, 0x00, 0xFF, 0xFF, 0xC0, 0x00, 0x00, 0x00, 0x00, 0x00, 0x00, 0x00, 0x00,
    0x00, 0x03, 0xFF, 0xF0, 0x00, 0xFF, 0xFC, 0x00, 0x00, 0x2F, 0x00, 0x00, 0x07, 0xC0, 0x00, 0x01, 0xF0, 0x00, 0x00,
    0x7C, 0x00, 0x00, 0x1F, 0x00, 0x00, 0x07, 0xC0, 0x00, 0x01, 0xF0, 0x00, 0x00, 0x7C, 0x00, 0x00, 0x1F, 0x00, 0x00,
    0x07, 0xC0, 0x00, 0x02, 0xF0, 0x02, 0xFF, 0xFF, 0xFF, 0xBF, 0xFF, 0xFF, 0xC0, 0x0F, 0x00, 0xB4, 0x0F, 0x81, 0xF0,
    0x07, 0xFF, 0xE0, 0x01, 0xFF, 0x40, 0x00, 0x00, 0x00, 0x00, 0x00, 0x00, 0x3F, 0xFF, 0xFD, 0x3F, 0xFF, 0xFD, 0x00,
    0x7D, 0x00, 0x00, 0x3D, 0x00, 0x00, 0x3D, 0x00, 0x00, 0x3D, 0x00, 0x00, 0x3D, 0x00, 0x00, 0x3D, 0x00, 0x00, 0x3D,
    0x00, 0x00, 0x3D, 0x00, 0x00, 0x3D, 0x00, 0x00, 0x3D, 0x00, 0x00, 0x3D, 0x00, 0x00, 0x3D, 0x00, 0x00, 0x3D, 0x00,
    0x00, 0x3D, 0x00, 0x00, 0x3D, 0x00, 0x00, 0x7D, 0x00, 0x3F, 0xFF, 0xFD, 0x3F, 0xFF, 0xFD, 0x0F, 0x00, 0x3C, 0x02,
    0xF4, 0x7E, 0x00, 0x3F, 0xFF, 0x00, 0x02, 0xFE, 0x00, 0x00, 0x00, 0x00, 0x00, 0x00, 0x00, 0x03, 0xFF, 0xF0, 0x00,
    0xFF, 0xFC, 0x00, 0x00, 0x2F, 0x00, 0x00, 0x07, 0xC0, 0x00, 0x01, 0xF0, 0x00, 0x00, 0x7C, 0x00, 0x00, 0x1F, 0x00,
    0x00, 0x07, 0xC0, 0x00, 0x01, 0xF0, 0x00, 0x00, 0x7C, 0x00, 0x00, 0x1F, 0x00, 0x00, 0x07, 0xC0, 0x00, 0x02, 0xF0,
    0x02, 0xFF, 0xFF, 0xFF, 0xBF, 0xFF, 0xFF, 0xC0, 0x3F, 0xFF, 0xFD, 0x3F, 0xFF, 0xFD, 0x00, 0x7D, 0x00, 0x00, 0x3D,
    0x00, 0x00, 0x3D, 0x00, 0x00, 0x3D, 0x00, 0x00, 0x3D, 0x00, 0x00, 0x3D, 0x00, 0x00, 0x3D, 0x00, 0x00, 0x3D, 0x00,
    0x00, 0x3D, 0x00, 0x00, 0x3D, 0x00, 0x00, 0x3D, 0x00, 0x00, 0x3D, 0x00, 0x00, 0x3D, 0x00, 0x00, 0x3D, 0x00, 0x00,
    0x3D, 0x00, 0x00, 0x7D, 0x00, 0x3F, 0xFF, 0xFD, 0x3F, 0xFF, 0xFD, 0x00, 0xB4, 0x00, 0x01, 0xE0, 0x00, 0x03, 0xD0,
    0x00, 0x03, 0xE0, 0x00, 0x02, 0xFF, 0x40, 0x00, 0xBF, 0x40, 0x00, 0x00, 0x00, 0x00, 0x3F, 0x00, 0x00, 0x1F, 0xD0,
    0x00, 0x03, 0xF0, 0x00, 0x00, 0x00, 0x00, 0x00, 0x00, 0x00, 0x00, 0x00, 0x00, 0x03, 0xFF, 0xF0, 0x00, 0xFF, 0xFC,
    0x00, 0x00, 0x2F, 0x00, 0x00, 0x07, 0xC0, 0x00, 0x01, 0xF0, 0x00, 0x00, 0x7C, 0x00, 0x00, 0x1F, 0x00, 0x00, 0x07,
    0xC0, 0x00, 0x01, 0xF0, 0x00, 0x00, 0x7C, 0x00, 0x00, 0x1F, 0x00, 0x00, 0x07, 0xC0, 0x00, 0x02, 0xF0, 0x02, 0xFF,
    0xFF, 0xFF, 0xBF, 0xFF, 0xFF, 0xC0, 0x0F, 0x00, 0x00, 0x0F, 0x00, 0x00, 0x07, 0x80, 0x00, 0x02, 0xF0, 0x00, 0x00,
    0x7F, 0xF0, 0x00, 0x07, 0xFC, 0x00, 0x00, 0x00, 0x00, 0x00, 0x7D, 0x00, 0x00, 0xFF, 0x00, 0x00, 0x7D, 0x00, 0x00,
    0x00, 0x00, 0x00, 0x00, 0x00, 0x3F, 0xFF, 0xFD, 0x3F, 0xFF, 0xFD, 0x00, 0x7D, 0x00, 0x00, 0x3D, 0x00, 0x00, 0x3D,
    0x00, 0x00, 0x3D, 0x00, 0x00, 0x3D, 0x00, 0x00, 0x3D, 0x00, 0x00, 0x3D, 0x00, 0x00, 0x3D, 0x00, 0x00, 0x3D, 0x00,
    0x00, 0x3D, 0x00, 0x00, 0x3D, 0x00, 0x00, 0x3D, 0x00, 0x00, 0x3D, 0x00, 0x00, 0x3D, 0x00, 0x00, 0x3D, 0x00, 0x00,
    0x7D, 0x00, 0x3F, 0xFF, 0xFD, 0x3F, 0xFF, 0xFD, 0x3F, 0xFF, 0x00, 0x0F, 0xFF, 0xC0, 0x00, 0x02, 0xF0, 0x00, 0x00,
    0x7C, 0x00, 0x00, 0x1F, 0x00, 0x00, 0x07, 0xC0, 0x00, 0x01, 0xF0, 0x00, 0x00, 0x7C, 0x00, 0x00, 0x1F, 0x00, 0x00,
    0x07, 0xC0, 0x00, 0x01, 0xF0, 0x00, 0x00, 0x7C, 0x00, 0x00, 0x2F, 0x00, 0x2F, 0xFF, 0xFF, 0xFB, 0xFF, 0xFF, 0xFC,
    0x00, 0x00, 0x1F, 0x80, 0x00, 0x00, 0x1F, 0xF8, 0x00, 0x00, 0x1F, 0x4F, 0x80, 0x00, 0x1F, 0x40, 0xF8, 0x00, 0x00,
    0x00, 0x00, 0x00, 0x00, 0x00, 0x00, 0x00, 0x00, 0x00, 0xF4, 0x00, 0x00, 0x00, 0x3D, 0x00, 0x00, 0x00, 0x0F, 0x40,
    0x00, 0x00, 0x03, 0xD0, 0x00, 0x00, 0x00, 0xF4, 0x00, 0x00, 0x00, 0x3D, 0x00, 0x00, 0x00, 0x0F, 0x40, 0x00, 0x00,
    0x03, 0xD0, 0x00, 0x00, 0x00, 0xF4, 0x00, 0x00, 0x00, 0x3D, 0x00, 0x00, 0x00, 0x0F, 0x40, 0x00, 0x00, 0x03, 0xD0,
    0x00, 0x00, 0x00, 0xF4, 0x00, 0x00, 0x00, 0x3D, 0x00, 0xB8, 0x00, 0x0F, 0x40, 0x2F, 0x00, 0x07, 0xC0, 0x07, 0xD0,
    0x03, 0xF0, 0x00, 0xFE, 0x47, 0xF4, 0x00, 0x0F, 0xFF, 0xF8, 0x00, 0x00, 0x7F, 0xE4, 0x00, 0x00, 0x00, 0x07, 0xF0,
    0x00, 0x01, 0xFF, 0x80, 0x00, 0x7E, 0x3E, 0x00, 0x0F, 0x80, 0xF8, 0x00, 0x00, 0x00, 0x00, 0x00, 0x00, 0x00, 0xBF,
    0xFF, 0xF0, 0x0B, 0xFF, 0xFF, 0x00, 0x00, 0x02, 0xF0, 0x00, 0x00, 0x2F, 0x00, 0x00, 0x02, 0xF0, 0x00, 0x00, 0x2F,
    0x00, 0x00, 0x02, 0xF0, 0x00, 0x00, 0x2F, 0x00, 0x00, 0x02, 0xF0, 0x00, 0x00, 0x2F, 0x00, 0x00, 0x02, 0xF0, 0x00,
    0x00, 0x2F, 0x00, 0x00, 0x02, 0xF0, 0x00, 0x00, 0x2F, 0x00, 0x00, 0x02, 0xE0, 0x00, 0x00, 0x3E, 0x00, 0x00, 0x07,
    0xD0, 0x00, 0x06, 0xFC, 0x00, 0xBF, 0xFF, 0x00, 0x0B, 0xFF, 0x40, 0x00, 0xBC, 0x00, 0x0F, 0x8B, 0xC0, 0x02, 0xF0,
    0xBC, 0x00, 0x3E, 0x0B, 0xC0, 0x0B, 0xC0, 0xBC, 0x00, 0xF8, 0x0B, 0xC0, 0x2F, 0x00, 0xBC, 0x03, 0xE0, 0x0B, 0xC0,
    0xBC, 0x00, 0xBC, 0x0F, 0x80, 0x0B, 0xFF, 0xF0, 0x00, 0xBF, 0xFF, 0x40, 0x0B, 0xC0, 0xFC, 0x00, 0xBC, 0x07, 0xD0,
    0x0B, 0xC0, 0x3F, 0x00, 0xBC, 0x01, 0xF4, 0x0B, 0xC0, 0x0F, 0xC0, 0xBC, 0x00, 0x7D, 0x0B, 0xC0, 0x03, 0xF0, 0xBC,
    0x00, 0x1F, 0x4B, 0xC0, 0x00, 0xFC, 0x00, 0x00, 0x00, 0x00, 0x00, 0x00, 0x00, 0x00, 0x2F, 0x00, 0x00, 0x07, 0xD0,
    0x00, 0x00, 0xFC, 0x00, 0x00, 0x2F, 0x00, 0x00, 0x7C, 0x00, 0x00, 0x07, 0xC0, 0x00, 0x00, 0x7C, 0x00, 0x00, 0x07,
    0xC0, 0x00, 0x00, 0x7C, 0x00, 0x00, 0x07, 0xC0, 0x01, 0xF4, 0x7C, 0x00, 0x3F, 0x07, 0xC0, 0x0B, 0xC0, 0x7C, 0x01,
    0xF4, 0x07, 0xC0, 0x3E, 0x00, 0x7C, 0x0F, 0xC0, 0x07, 0xFF, 0xF4, 0x00, 0x7F, 0xFF, 0x40, 0x07, 0xC0, 0xFC, 0x00,
    0x7C, 0x03, 0xE0, 0x07, 0xC0, 0x2F, 0x40, 0x7C, 0x00, 0xFC, 0x07, 0xC0, 0x07, 0xE0, 0x7C, 0x00, 0x2F, 0x07, 0xC0,
    0x00, 0xFC, 0x00, 0x00, 0x00, 0x00, 0x00, 0x00, 0x00, 0x00, 0x2F, 0x00, 0x00, 0x07, 0xD0, 0x00, 0x00, 0xFC, 0x00,
    0x00, 0x2F, 0x00, 0x00, 0x3C, 0x00, 0x0F, 0x83, 0xC0, 0x03, 0xF0, 0x3C, 0x00, 0xBD, 0x03, 0xC0, 0x0F, 0x80, 0x3C,
    0x03, 0xF0, 0x03, 0xC0, 0xBC, 0x00, 0x3F, 0xFF, 0x40, 0x03, 0xFF, 0xF8, 0x00, 0x3D, 0x0B, 0xC0, 0x03, 0xC0, 0x3F,
    0x00, 0x3C, 0x01, 0xF4, 0x03, 0xC0, 0x0F, 0xC0, 0x3C, 0x00, 0x3E, 0x03, 0xC0, 0x02, 0xF4, 0x3C, 0x00, 0x0F, 0xC0,
    0x07, 0xD0, 0x00, 0x0F, 0x80, 0x00, 0x3F, 0x00, 0x00, 0x7C, 0x00, 0x00, 0x00, 0x00, 0x00, 0x00, 0x00, 0x00, 0x7C,
    0x00, 0x00, 0x7C, 0x00, 0x00, 0x7C, 0x00, 0x00, 0x7C, 0x00, 0x00, 0x7C, 0x00, 0x00, 0x7C, 0x00, 0x00, 0x7C, 0x00,
    0x00, 0x7C, 0x00, 0x00, 0x7C, 0x00, 0x00, 0x7C, 0x00, 0x00, 0x7C, 0x00, 0x00, 0x7C, 0x00, 0x00, 0x7C, 0x00, 0x00,
    0x7C, 0x00, 0x00, 0x7C, 0x00, 0x00, 0x7C, 0x00, 0x00, 0x7C, 0x00, 0x00, 0x7C, 0x00, 0x00, 0x7F, 0xFF, 0xFF, 0x7F,
    0xFF, 0xFF, 0x00, 0x02, 0xF0, 0x00, 0x00, 0x1F, 0x40, 0x00, 0x00, 0xF8, 0x00, 0x00, 0x0B, 0xC0, 0x00, 0x00, 0x00,
    0x00, 0x00, 0x00, 0x00, 0x00, 0x03, 0xFF, 0xF4, 0x00, 0x0F, 0xFF, 0xD0, 0x00, 0x00, 0x0F, 0x40, 0x00, 0x00, 0x3D,
    0x00, 0x00, 0x00, 0xF4, 0x00, 0x00, 0x03, 0xD0, 0x00, 0x00, 0x0F, 0x40, 0x00, 0x00, 0x3D, 0x00, 0x00, 0x00, 0xF4,
    0x00, 0x00, 0x03, 0xD0, 0x00, 0x00, 0x0F, 0x40, 0x00, 0x00, 0x3D, 0x00, 0x00, 0x00, 0xF4, 0x00, 0x00, 0x03, 0xD0,
    0x00, 0x00, 0x0F, 0x40, 0x00, 0x00, 0x3D, 0x00, 0x00, 0x00, 0xF4, 0x00, 0x00, 0x02, 0xF4, 0x00, 0x00, 0x03, 0xFF,
    0xFC, 0x00, 0x02, 0xFF, 0xF0, 0x7C, 0x00, 0x00, 0x7C, 0x00, 0x00, 0x7C, 0x00, 0x00, 0x7C, 0x00, 0x00, 0x7C, 0x00,
    0x00, 0x7C, 0x00, 0x00, 0x7C, 0x00, 0x00, 0x7C, 0x00, 0x00, 0x7C, 0x00, 0x00, 0x7C, 0x00, 0x00, 0x7C, 0x00, 0x00,
    0x7C, 0x00, 0x00, 0x7C, 0x00, 0x00, 0x7C, 0x00, 0x00, 0x7C, 0x00, 0x00, 0x7C, 0x00, 0x00, 0x7C, 0x00, 0x00, 0x7C,
    0x00, 0x00, 0x7F, 0xFF, 0xFF, 0x7F, 0xFF, 0xFF, 0x00, 0x00, 0x00, 0x00, 0x00, 0x00, 0x00, 0x2F, 0x40, 0x00, 0x3E,
    0x00, 0x00, 0xFC, 0x00, 0x01, 0xF0, 0x00, 0x3F, 0xFF, 0x40, 0x00, 0xFF, 0xFD, 0x00, 0x00, 0x00, 0xF4, 0x00, 0x00,
    0x03, 0xD0, 0x00, 0x00, 0x0F, 0x40, 0x00, 0x00, 0x3D, 0x00, 0x00, 0x00, 0xF4, 0x00, 0x00, 0x03, 0xD0, 0x00, 0x00,
    0x0F, 0x40, 0x00, 0x00, 0x3D, 0x00, 0x00, 0x00, 0xF4, 0x00, 0x00, 0x03, 0xD0, 0x00, 0x00, 0x0F, 0x40, 0x00, 0x00,
    0x3D, 0x00, 0x00, 0x00, 0xF4, 0x00, 0x00, 0x03, 0xD0, 0x00, 0x00, 0x0F, 0x40, 0x00, 0x00, 0x2F, 0x40, 0x00, 0x00,
    0x3F, 0xFF, 0xC0, 0x00, 0x2F, 0xFF, 0x00, 0x00, 0x00, 0x00, 0x00, 0x00, 0x00, 0x00, 0x00, 0x0F, 0x80, 0x00, 0x00,
    0xBC, 0x00, 0x00, 0x07, 0xD0, 0x00, 0x00, 0x3E, 0x00, 0x00, 0x7C, 0x07, 0xC0, 0x7C, 0x07, 0xC0, 0x7C, 0x07, 0x80,
    0x7C, 0x0B, 0x80, 0x7C, 0x0B, 0x40, 0x7C, 0x00, 0x00, 0x7C, 0x00, 0x00, 0x7C, 0x00, 0x00, 0x7C, 0x00, 0x00, 0x7C,
    0x00, 0x00, 0x7C, 0x00, 0x00, 0x7C, 0x00, 0x00, 0x7C, 0x00, 0x00, 0x7C, 0x00, 0x00, 0x7C, 0x00, 0x00, 0x7C, 0x00,
    0x00, 0x7C, 0x00, 0x00, 0x7C, 0x00, 0x00, 0x7F, 0xFF, 0xFF, 0x7F, 0xFF, 0xFF, 0x3F, 0xFF, 0x42, 0xE0, 0xFF, 0xFD,
    0x0B, 0x80, 0x00, 0xF4, 0x2D, 0x00, 0x03, 0xD0, 0xF4, 0x00, 0x0F, 0x43, 0xC0, 0x00, 0x3D, 0x00, 0x00, 0x00, 0xF4,
    0x00, 0x00, 0x03, 0xD0, 0x00, 0x00, 0x0F, 0x40, 0x00, 0x00, 0x3D, 0x00, 0x00, 0x00, 0xF4, 0x00, 0x00, 0x03, 0xD0,
    0x00, 0x00, 0x0F, 0x40, 0x00, 0x00, 0x3D, 0x00, 0x00, 0x00, 0xF4, 0x00, 0x00, 0x03, 0xD0, 0x00, 0x00, 0x0F, 0x40,
    0x00, 0x00, 0x2F, 0x40, 0x00, 0x00, 0x3F, 0xFF, 0xC0, 0x00, 0x2F, 0xFF, 0x7C, 0x00, 0x00, 0x7C, 0x00, 0x00, 0x7C,
    0x00, 0x00, 0x7C, 0x00, 0x00, 0x7C, 0x00, 0x00, 0x7C, 0x00, 0x00, 0x7C, 0x00, 0x00, 0x7C, 0x00, 0x00, 0x7C, 0x00,
    0x00, 0x7C, 0x00, 0xBC, 0x7C, 0x02, 0xFE, 0x7C, 0x02, 0xFE, 0x7C, 0x00, 0xFC, 0x7C, 0x00, 0x00, 0x7C, 0x00, 0x00,
    0x7C, 0x00, 0x00, 0x7C, 0x00, 0x00, 0x7C, 0x00, 0x00, 0x7F, 0xFF, 0xFF, 0x7F, 0xFF, 0xFF, 0xBF, 0xFF, 0x00, 0x00,
    0x2F, 0xFF, 0xC0, 0x00, 0x00, 0x02, 0xF0, 0x00, 0x00, 0x00, 0xBC, 0x00, 0x00, 0x00, 0x2F, 0x00, 0x00, 0x00, 0x0B,
    0xC0, 0x00, 0x00, 0x02, 0xF0, 0x00, 0x00, 0x00, 0xBC, 0x00, 0x00, 0x00, 0x2F, 0x00, 0x00, 0x00, 0x0B, 0xC0, 0x0B,
    0xD0, 0x02, 0xF0, 0x07, 0xFC, 0x00, 0xBC, 0x01, 0xFF, 0x00, 0x2F, 0x00, 0x2F, 0x40, 0x0B, 0xC0, 0x00, 0x00, 0x02,
    0xF0, 0x00, 0x00, 0x00, 0xBC, 0x00, 0x00, 0x00, 0x2F, 0x00, 0x00, 0x00, 0x07, 0xE0, 0x00, 0x00, 0x00, 0xBF, 0xFF,
    0x40, 0x00, 0x07, 0xFF, 0xD0, 0x01, 0xF0, 0x00, 0x00, 0x07, 0xC0, 0x00, 0x00, 0x1F, 0x00, 0x00, 0x00, 0x7C, 0x00,
    0x00, 0x01, 0xF0, 0x00, 0x00, 0x07, 0xC0, 0xA0, 0x00, 0x1F, 0x0F, 0x80, 0x00, 0x7D, 0xF8, 0x00, 0x01, 0xFF, 0x40,
    0x00, 0x0B, 0xE0, 0x00, 0x00, 0xBF, 0x00, 0x00, 0x1F, 0xFC, 0x00, 0x00, 0x75, 0xF0, 0x00, 0x01, 0x07, 0xC0, 0x00,
    0x00, 0x1F, 0x00, 0x00, 0x00, 0x7C, 0x00, 0x00, 0x01, 0xF0, 0x00, 0x00, 0x07, 0xC0, 0x00, 0x00, 0x1F, 0xFF, 0xFF,
    0xC0, 0x7F, 0xFF, 0xFF, 0x3F, 0xFF, 0x40, 0x00, 0xFF, 0xFD, 0x00, 0x00, 0x00, 0xF4, 0x00, 0x00, 0x03, 0xD0, 0x00,
    0x00, 0x0F, 0x40, 0x00, 0x00, 0x3D, 0x0A, 0x00, 0x00, 0xF4, 0xF8, 0x00, 0x03, 0xFF, 0x80, 0x00, 0x0F, 0xF4, 0x00,
    0x00, 0x7E, 0x00, 0x00, 0x0B, 0xF4, 0x00, 0x00, 0xFF, 0xD0, 0x00, 0x07, 0x8F, 0x40, 0x00, 0x00, 0x3D, 0x00, 0x00,
    0x00, 0xF4, 0x00, 0x00, 0x03, 0xD0, 0x00, 0x00, 0x0F, 0x40, 0x00, 0x00, 0x2F, 0x40, 0x00, 0x00, 0x3F, 0xFF, 0xC0,
    0x00, 0x2F, 0xFF, 0x00, 0x03, 0xE0, 0x00, 0x0B, 0xC0, 0x00, 0x1F, 0x00, 0x00, 0x3D, 0x00, 0x00, 0x00, 0x00, 0x00,
    0x00, 0x00, 0xBF, 0x00, 0x2F, 0xBF, 0x00, 0x2F, 0xBF, 0x80, 0x2F, 0xBF, 0xC0, 0x2F, 0xBB, 0xD0, 0x2F, 0xBA, 0xE0,
    0x2F, 0xB8, 0xF0, 0x2F, 0xBC, 0xF4, 0x2F, 0xBC, 0xB8, 0x2F, 0xBC, 0x3C, 0x2F, 0xBC, 0x3D, 0x2F, 0xBC, 0x1E, 0x2F,
    0xBC, 0x0F, 0x2F, 0xBC, 0x0F, 0x6F, 0xBC, 0x07, 0xDF, 0xBC, 0x03, 0xEF, 0xBC, 0x02, 0xFF, 0xBC, 0x01, 0xFF, 0xBC,
    0x00, 0xFF, 0xBC, 0x00, 0xBF, 0x00, 0x03, 0xF0, 0x00, 0x0B, 0xC0, 0x00, 0x1F, 0x40, 0x00, 0x3E, 0x00, 0x00, 0x00,
    0x00, 0x00, 0x00, 0x00, 0xBC, 0x7F, 0xD0, 0xBD, 0xFF, 0xF8, 0xBF, 0x91, 0xFC, 0xBE, 0x00, 0x7E, 0xBC, 0x00, 0x3E,
    0xBC, 0x00, 0x2F, 0xBC, 0x00, 0x2F, 0xBC, 0x00, 0x2F, 0xBC, 0x00, 0x2F, 0xBC, 0x00, 0x2F, 0xBC, 0x00, 0x2F, 0xBC,
    0x00, 0x2F, 0xBC, 0x00, 0x2F, 0xBC, 0x00, 0x2F, 0xBC, 0x00, 0x2F, 0xBF, 0x00, 0x2F, 0xBF, 0x00, 0x2F, 0xBF, 0x80,
    0x2F, 0xBF, 0xC0, 0x2F, 0xBB, 0xD0, 0x2F, 0xBA, 0xE0, 0x2F, 0xB8, 0xF0, 0x2F, 0xBC, 0xF4, 0x2F, 0xBC, 0xB8, 0x2F,
    0xBC, 0x3C, 0x2F, 0xBC, 0x3D, 0x2F, 0xBC, 0x1E, 0x2F, 0xBC, 0x0F, 0x2F, 0xBC, 0x0F, 0x6F, 0xBC, 0x07, 0xDF, 0xBC,
    0x03, 0xEF, 0xBC, 0x02, 0xFF, 0xBC, 0x01, 0xFF, 0xBC, 0x00, 0xFF, 0xBC, 0x00, 0xBF, 0x00, 0x00, 0x00, 0x00, 0x00,
    0x00, 0x00, 0x2F, 0x00, 0x00, 0x7D, 0x00, 0x00, 0xFC, 0x00, 0x02, 0xF0, 0x00, 0xBC, 0x7F, 0xD0, 0xBD, 0xFF, 0xF8,
    0xBF, 0x91, 0xFC, 0xBE, 0x00, 0x7E, 0xBC, 0x00, 0x3E, 0xBC, 0x00, 0x2F, 0xBC, 0x00, 0x2F, 0xBC, 0x00, 0x2F, 0xBC,
    0x00, 0x2F, 0xBC, 0x00, 0x2F, 0xBC, 0x00, 0x2F, 0xBC, 0x00, 0x2F, 0xBC, 0x00, 0x2F, 0xBC, 0x00, 0x2F, 0xBC, 0x00,
    0x2F, 0x00, 0x00, 0x00, 0x00, 0x00, 0x00, 0x00, 0x2F, 0x00, 0x00, 0x7D, 0x00, 0x00, 0xFC, 0x00, 0x02, 0xF0, 0x00,
    0x1F, 0x41, 0xF8, 0x07, 0xD3, 0xE0, 0x01, 0xFF, 0x80, 0x00, 0x7E, 0x00, 0x00, 0x00, 0x00, 0x00, 0x00, 0x00, 0xBF,
    0x00, 0x2F, 0xBF, 0x00, 0x2F, 0xBF, 0x80, 0x2F, 0xBF, 0xC0, 0x2F, 0xBB, 0xD0, 0x2F, 0xBA, 0xE0, 0x2F, 0xB8, 0xF0,
    0x2F, 0xBC, 0xF4, 0x2F, 0xBC, 0xB8, 0x2F, 0xBC, 0x3C, 0x2F, 0xBC, 0x3D, 0x2F, 0xBC, 0x1E, 0x2F, 0xBC, 0x0F, 0x2F,
    0xBC, 0x0F, 0x6F, 0xBC, 0x07, 0xDF, 0xBC, 0x03, 0xEF, 0xBC, 0x02, 0xFF, 0xBC, 0x01, 0xFF, 0xBC, 0x00, 0xFF, 0xBC,
    0x00, 0xBF, 0x0F, 0x80, 0xF8, 0x07, 0xE3, 0xE0, 0x01, 0xFF, 0x80, 0x00, 0x7F, 0x00, 0x00, 0x00, 0x00, 0x00, 0x00,
    0x00, 0xBC, 0x7F, 0xD0, 0xBD, 0xFF, 0xF8, 0xBF, 0x91, 0xFC, 0xBE, 0x00, 0x7E, 0xBC, 0x00, 0x3E, 0xBC, 0x00, 0x2F,
    0xBC, 0x00, 0x2F, 0xBC, 0x00, 0x2F, 0xBC, 0x00, 0x2F, 0xBC, 0x00, 0x2F, 0xBC, 0x00, 0x2F, 0xBC, 0x00, 0x2F, 0xBC,
    0x00, 0x2F, 0xBC, 0x00, 0x2F, 0xBC, 0x00, 0x2F, 0x03, 0xF0, 0x00, 0x00, 0x2F, 0x00, 0x00, 0x01, 0xF4, 0x00, 0x00,
    0x0F, 0x80, 0x00, 0x00, 0x00, 0x00, 0x00, 0x00, 0x00, 0x00, 0x00, 0x00, 0x00, 0x00, 0x00, 0x00, 0xBC, 0x7F, 0xD0,
    0x02, 0xF7, 0xFF, 0xE0, 0x0B, 0xF9, 0x1F, 0xC0, 0x2F, 0x80, 0x1F, 0x80, 0xBC, 0x00, 0x3E, 0x02, 0xF0, 0x00, 0xBC,
    0x0B, 0xC0, 0x02, 0xF0, 0x2F, 0x00, 0x0B, 0xC0, 0xBC, 0x00, 0x2F, 0x02, 0xF0, 0x00, 0xBC, 0x0B, 0xC0, 0x02, 0xF0,
    0x2F, 0x00, 0x0B, 0xC0, 0xBC, 0x00, 0x2F, 0x02, 0xF0, 0x00, 0xBC, 0x0B, 0xC0, 0x02, 0xF0, 0xBF, 0x00, 0x2F, 0xBF,
    0x40, 0x2F, 0xBF, 0x80, 0x2F, 0xBF, 0xC0, 0x2F, 0xBB, 0xD0, 0x2F, 0xB9, 0xF0, 0x2F, 0xB8, 0xF4, 0x2F, 0xBC, 0xB8,
    0x2F, 0xBC, 0x3C, 0x2F, 0xBC, 0x3D, 0x2F, 0xBC, 0x1F, 0x2F, 0xBC, 0x0F, 0x6F, 0xBC, 0x0B, 0x9F, 0xBC, 0x03, 0xEF,
    0xBC, 0x02, 0xFF, 0xBC, 0x01, 0xFF, 0xBC, 0x00, 0xFF, 0xBC, 0x00, 0xBF, 0xBC, 0x00, 0x3F, 0xBC, 0x00, 0x2F, 0x00,
    0x00, 0x3E, 0x00, 0x00, 0x3D, 0x00, 0x01, 0xFC, 0x00, 0xBF, 0xF4, 0x00, 0xBF, 0x80, 0x7C, 0x7F, 0xD0, 0x7D, 0xFF,
    0xF4, 0x7F, 0x91, 0xFC, 0x7E, 0x00, 0x7E, 0x7C, 0x00, 0x3E, 0x7C, 0x00, 0x2E, 0x7C, 0x00, 0x2E, 0x7C, 0x00, 0x2E,
    0x7C, 0x00, 0x2E, 0x7C, 0x00, 0x2E, 0x7C, 0x00, 0x2E, 0x7C, 0x00, 0x2E, 0x7C, 0x00, 0x2E, 0x7C, 0x00, 0x2E, 0x7C,
    0x00, 0x2E, 0x00, 0x00, 0x3E, 0x00, 0x00, 0x3D, 0x00, 0x01, 0xFC, 0x00, 0xBF, 0xF4, 0x00, 0xBF, 0x80, 0x00, 0x00,
    0x00, 0x0F, 0xFF, 0xF4, 0x0F, 0xFF, 0xF4, 0x00, 0x00, 0x00, 0x00, 0x00, 0x00, 0x00, 0x00, 0x00, 0x01, 0xFF, 0x80,
    0x0F, 0xFF, 0xF4, 0x3F, 0x91, 0xFC, 0x7D, 0x00, 0x3D, 0xBC, 0x00, 0x3E, 0xBC, 0x00, 0x2F, 0xBC, 0x00, 0x2F, 0xBC,
    0x00, 0x2F, 0xBC, 0x00, 0x2F, 0xBC, 0x00, 0x2F, 0xBC, 0x00, 0x2F, 0xBC, 0x00, 0x2F, 0xBC, 0x00, 0x2F, 0xBC, 0x00,
    0x2F, 0xBC, 0x00, 0x2F, 0xBC, 0x00, 0x3E, 0x7D, 0x00, 0x3D, 0x3F, 0x81, 0xFC, 0x0F, 0xFF, 0xF4, 0x02, 0xFF, 0x80,
    0x00, 0x00, 0x00, 0x0F, 0xFF, 0xF4, 0x0F, 0xFF, 0xF4, 0x00, 0x00, 0x00, 0x00, 0x00, 0x00, 0x00, 0x00, 0x00, 0x02,
    0xFF, 0x80, 0x0F, 0xFF, 0xF4, 0x3F, 0x91, 0xFC, 0x7D, 0x00, 0x3E, 0xBC, 0x00, 0x2F, 0xB8, 0x00, 0x2F, 0xB8, 0x00,
    0x2F, 0xB8, 0x00, 0x2F, 0xB8, 0x00, 0x2F, 0xB8, 0x00, 0x2F, 0xBC, 0x00, 0x2F, 0x7D, 0x00, 0x3E, 0x3F, 0x81, 0xFC,
    0x0F, 0xFF, 0xF4, 0x02, 0xFF, 0x80, 0x0F, 0x00, 0xB4, 0x0F, 0x81, 0xF0, 0x07, 0xFF, 0xE0, 0x01, 0xFF, 0x40, 0x00,
    0x00, 0x00, 0x00, 0x00, 0x00, 0x01, 0xFF, 0x80, 0x0F, 0xFF, 0xF4, 0x3F, 0x91, 0xFC, 0x7D, 0x00, 0x3D, 0xBC, 0x00,
    0x3E, 0xBC, 0x00, 0x2F, 0xBC, 0x00, 0x2F, 0xBC, 0x00, 0x2F, 0xBC, 0x00, 0x2F, 0xBC, 0x00, 0x2F, 0xBC, 0x00, 0x2F,
    0xBC, 0x00, 0x2F, 0xBC, 0x00, 0x2F, 0xBC, 0x00, 0x2F, 0xBC, 0x00, 0x2F, 0xBC, 0x00, 0x3E, 0x7D, 0x00, 0x3D, 0x3F,
    0x81, 0xFC, 0x0F, 0xFF, 0xF4, 0x02, 0xFF, 0x80, 0x0F, 0x00, 0xB4, 0x0F, 0x81, 0xF0, 0x07, 0xFF, 0xE0, 0x01, 0xFF,
    0x40, 0x00, 0x00, 0x00, 0x00, 0x00, 0x00, 0x02, 0xFF, 0x80, 0x0F, 0xFF, 0xF4, 0x3F, 0x91, 0xFC, 0x7D, 0x00, 0x3E,
    0xBC, 0x00, 0x2F, 0xB8, 0x00, 0x2F, 0xB8, 0x00, 0x2F, 0xB8, 0x00, 0x2F, 0xB8, 0x00, 0x2F, 0xB8, 0x00, 0x2F, 0xBC,
    0x00, 0x2F, 0x7D, 0x00, 0x3E, 0x3F, 0x81, 0xFC, 0x0F, 0xFF, 0xF4, 0x02, 0xFF, 0x80, 0x00, 0x7C, 0x2F, 0x00, 0x3D,
    0x1F, 0x00, 0x3D, 0x0F, 0x40, 0x2E, 0x0F, 0x80, 0x00, 0x00, 0x00, 0x00, 0x00, 0x00, 0x00, 0x1F, 0xF8, 0x00, 0x3F,
    0xFF, 0xD0, 0x3F, 0x91, 0xFC, 0x1F, 0x40, 0x0F, 0x4B, 0xC0, 0x03, 0xE2, 0xF0, 0x00, 0xBC, 0xBC, 0x00, 0x2F, 0x2F,
    0x00, 0x0B, 0xCB, 0xC0, 0x02, 0xF2, 0xF0, 0x00, 0xBC, 0xBC, 0x00, 0x2F, 0x2F, 0x00, 0x0B, 0xCB, 0xC0, 0x02, 0xF2,
    0xF0, 0x00, 0xBC, 0xBC, 0x00, 0x2F, 0x2F, 0x00, 0x0F, 0x87, 0xD0, 0x03, 0xD0, 0xFE, 0x07, 0xF0, 0x0F, 0xFF, 0xF4,
    0x00, 0xBF, 0xE0, 0x00, 0x00, 0x7C, 0x2F, 0x00, 0x3D, 0x1F, 0x00, 0x3D, 0x0F, 0x40, 0x2E, 0x0F, 0x80, 0x00, 0x00,
    0x00, 0x00, 0x00, 0x00, 0x00, 0x2F, 0xF8, 0x00, 0x3F, 0xFF, 0xD0, 0x3F, 0x91, 0xFC, 0x1F, 0x40, 0x0F, 0x8B, 0xC0,
    0x02, 0xF2, 0xE0, 0x00, 0xBC, 0xB8, 0x00, 0x2F, 0x2E, 0x00, 0x0B, 0xCB, 0x80, 0x02, 0xF2, 0xE0, 0x00, 0xBC, 0xBC,
    0x00, 0x2F, 0x1F, 0x40, 0x0F, 0x83, 0xF8, 0x1F, 0xC0, 0x3F, 0xFF, 0xD0, 0x02, 0xFF, 0x80, 0x00, 0x0B, 0xF2, 0xFF,
    0xF8, 0xFF, 0xFB, 0xFF, 0xE7, 0xE1, 0xFF, 0x00, 0x3F, 0x00, 0xFC, 0x00, 0xF8, 0x02, 0xF0, 0x03, 0xE0, 0x0B, 0xC0,
    0x0F, 0x80, 0x2F, 0x00, 0x3E, 0x00, 0xBC, 0x00, 0xF8, 0x02, 0xF0, 0x03, 0xE0, 0x0B, 0xFF, 0xCF, 0x80, 0x2F, 0xFF,
    0x3E, 0x00, 0xBC, 0x00, 0xF8, 0x02, 0xF0, 0x03, 0xE0, 0x0B, 0xC0, 0x0F, 0x80, 0x2F, 0x00, 0x3E, 0x00, 0xBC, 0x00,
    0xFC, 0x03, 0xF0, 0x01, 0xF8, 0x7F, 0xC0, 0x03, 0xFF, 0xEF, 0xFF, 0x82, 0xFC, 0xBF, 0xFE, 0x07, 0xF8, 0x2F, 0xD0,
    0x1F, 0xFF, 0xBF, 0xF4, 0x3F, 0x4F, 0xF4, 0xFC, 0x3D, 0x03, 0xD0, 0x3C, 0x3C, 0x03, 0xD0, 0x3C, 0x3C, 0x03, 0xD0,
    0x3D, 0x3C, 0x03, 0xFF, 0xFD, 0x3C, 0x03, 0xFF, 0xFD, 0x3C, 0x03, 0xD0, 0x00, 0x3C, 0x03, 0xD0, 0x00, 0x3C, 0x03,
    0xD0, 0x00, 0x3D, 0x03, 0xD0, 0x28, 0x3F, 0x4F, 0xF4, 0xFC, 0x1F, 0xFF, 0xBF, 0xF4, 0x07, 0xF8, 0x2F, 0xD0, 0x00,
    0x03, 0xE0, 0x00, 0x02, 0xF0, 0x00, 0x01, 0xF0, 0x00, 0x00, 0xF4, 0x00, 0x00, 0x00, 0x00, 0x00, 0x00, 0x00, 0x07,
    0xFF, 0xF9, 0x01, 0xFF, 0xFF, 0xE0, 0x7C, 0x01, 0xFD, 0x1F, 0x00, 0x0F, 0xC7, 0xC0, 0x01, 0xF5, 0xF0, 0x00, 0x3D,
    0x7C, 0x00, 0x0F, 0x5F, 0x00, 0x07, 0xD7, 0xC0, 0x03, 0xF1, 0xF0, 0x07, 0xF4, 0x7F, 0xFF, 0xF8, 0x1F, 0xFF, 0xF4,
    0x07, 0xC0, 0xBC, 0x01, 0xF0, 0x0F, 0x80, 0x7C, 0x02, 0xF0, 0x1F, 0x00, 0x3E, 0x07, 0xC0, 0x0B, 0xC1, 0xF0, 0x00,
    0xF4, 0x7C, 0x00, 0x2F, 0x1F, 0x00, 0x03, 0xD0, 0x00, 0x07, 0xC0, 0x00, 0x0F, 0x40, 0x00, 0x3E, 0x00, 0x00, 0xBC,
    0x00, 0x00, 0x00, 0x00, 0x00, 0x00, 0x00, 0xF4, 0xBF, 0x80, 0xF7, 0xFF, 0xF0, 0xFB, 0x46, 0xF8, 0xFC, 0x00, 0xBC,
    0xF8, 0x00, 0x3D, 0xF4, 0x00, 0x3D, 0xF4, 0x00, 0x28, 0xF4, 0x00, 0x00, 0xF4, 0x00, 0x00, 0xF4, 0x00, 0x00, 0xF4,
    0x00, 0x00, 0xF4, 0x00, 0x00, 0xF4, 0x00, 0x00, 0xF4, 0x00, 0x00, 0xF4, 0x00, 0x00, 0x7F, 0xFF, 0x90, 0x1F, 0xFF,
    0xFE, 0x07, 0xC0, 0x1F, 0xD1, 0xF0, 0x00, 0xFC, 0x7C, 0x00, 0x1F, 0x5F, 0x00, 0x03, 0xD7, 0xC0, 0x00, 0xF5, 0xF0,
    0x00, 0x7D, 0x7C, 0x00, 0x3F, 0x1F, 0x00, 0x7F, 0x47, 0xFF, 0xFF, 0x81, 0xFF, 0xFF, 0x40, 0x7C, 0x0B, 0xC0, 0x1F,
    0x00, 0xF8, 0x07, 0xC0, 0x2F, 0x01, 0xF0, 0x03, 0xE0, 0x7C, 0x00, 0xBC, 0x1F, 0x00, 0x0F, 0x47, 0xC0, 0x02, 0xF1,
    0xF0, 0x00, 0x3D, 0x00, 0x00, 0x00, 0x00, 0x00, 0x00, 0x00, 0x02, 0xF0, 0x00, 0x01, 0xF4, 0x00, 0x00, 0xFC, 0x00,
    0x00, 0xBC, 0x00, 0x00, 0x03, 0xD2, 0xFE, 0x00, 0x0F, 0x7F, 0xFF, 0x00, 0x3E, 0xD1, 0xBE, 0x00, 0xFC, 0x00, 0xBC,
    0x03, 0xE0, 0x00, 0xF4, 0x0F, 0x40, 0x03, 0xD0, 0x3D, 0x00, 0x0A, 0x00, 0xF4, 0x00, 0x00, 0x03, 0xD0, 0x00, 0x00,
    0x0F, 0x40, 0x00, 0x00, 0x3D, 0x00, 0x00, 0x00, 0xF4, 0x00, 0x00, 0x03, 0xD0, 0x00, 0x00, 0x0F, 0x40, 0x00, 0x00,
    0x3D, 0x00, 0x00, 0x00, 0x00, 0x00, 0x00, 0x00, 0x00, 0x00, 0x00, 0x0F, 0xC0, 0x00, 0x00, 0x7D, 0x00, 0x00, 0x03,
    0xE0, 0x00, 0x00, 0x2F, 0x00, 0x00, 0x00, 0x1F, 0x41, 0xF8, 0x01, 0xF4, 0xF8, 0x00, 0x1F, 0xF8, 0x00, 0x01, 0xF8,
    0x00, 0x00, 0x00, 0x00, 0x00, 0x00, 0x00, 0x07, 0xFF, 0xF9, 0x01, 0xFF, 0xFF, 0xE0, 0x7C, 0x01, 0xFD, 0x1F, 0x00,
    0x0F, 0xC7, 0xC0, 0x01, 0xF5, 0xF0, 0x00, 0x3D, 0x7C, 0x00, 0x0F, 0x5F, 0x00, 0x07, 0xD7, 0xC0, 0x03, 0xF1, 0xF0,
    0x07, 0xF4, 0x7F, 0xFF, 0xF8, 0x1F, 0xFF, 0xF4, 0x07, 0xC0, 0xBC, 0x01, 0xF0, 0x0F, 0x80, 0x7C, 0x02, 0xF0, 0x1F,
    0x00, 0x3E, 0x07, 0xC0, 0x0B, 0xC1, 0xF0, 0x00, 0xF4, 0x7C, 0x00, 0x2F, 0x1F, 0x00, 0x03, 0xD0, 0x2F, 0x02, 0xF0,
    0x0F, 0xCB, 0xC0, 0x03, 0xFF, 0x00, 0x00, 0xFD, 0x00, 0x00, 0x00, 0x00, 0x00, 0x00, 0x00, 0xF4, 0xBF, 0x80, 0xF7,
    0xFF, 0xF0, 0xFB, 0x46, 0xF8, 0xFC, 0x00, 0xBC, 0xF8, 0x00, 0x3D, 0xF4, 0x00, 0x3D, 0xF4, 0x00, 0x28, 0xF4, 0x00,
    0x00, 0xF4, 0x00, 0x00, 0xF4, 0x00, 0x00, 0xF4, 0x00, 0x00, 0xF4, 0x00, 0x00, 0xF4, 0x00, 0x00, 0xF4, 0x00, 0x00,
    0xF4, 0x00, 0x00, 0x00, 0x00, 0xF8, 0x00, 0x00, 0x2F, 0x00, 0x00, 0x07, 0xC0, 0x00, 0x00, 0xF4, 0x00, 0x00, 0x00,
    0x00, 0x00, 0x00, 0x00, 0x00, 0x00, 0x7F, 0xE0, 0x00, 0x3F, 0xFF, 0xC0, 0x0F, 0xE0, 0x7F, 0x01, 0xF4, 0x01, 0xF4,
    0x1F, 0x00, 0x0F, 0x82, 0xF0, 0x00, 0x00, 0x1F, 0x00, 0x00, 0x00, 0xFC, 0x00, 0x00, 0x07, 0xFE, 0x40, 0x00, 0x1F,
    0xFF, 0x40, 0x00, 0x1B, 0xFE, 0x00, 0x00, 0x02, 0xF8, 0x00, 0x00, 0x0B, 0xC0, 0x00, 0x00, 0x7C, 0x28, 0x00, 0x03,
    0xC3, 0xE0, 0x00, 0x7C, 0x2F, 0x00, 0x0F, 0xC0, 0xFD, 0x47, 0xF4, 0x07, 0xFF, 0xFE, 0x00, 0x0B, 0xFE, 0x00, 0x00,
    0x03, 0xE0, 0x00, 0x0B, 0xC0, 0x00, 0x1F, 0x00, 0x00, 0x3D, 0x00, 0x00, 0x00, 0x00, 0x00, 0x00, 0x00, 0x06, 0xFF,
    0xD0, 0x2F, 0xFF, 0xF8, 0x3F, 0x41, 0xBD, 0x7C, 0x00, 0x3E, 0x7C, 0x00, 0x00, 0x7D, 0x00, 0x00, 0x3F, 0xFE, 0x40,
    0x0B, 0xFF, 0xF8, 0x00, 0x05, 0xFD, 0x00, 0x00, 0x3E, 0x10, 0x00, 0x2F, 0xBC, 0x00, 0x2F, 0x7E, 0x41, 0xBE, 0x2F,
    0xFF, 0xFC, 0x07, 0xFF, 0xD0, 0x00, 0x2F, 0x80, 0x00, 0x07, 0xFE, 0x00, 0x01, 0xF5, 0xF8, 0x00, 0x7D, 0x03, 0xE0,
    0x00, 0x00, 0x00, 0x00, 0x00, 0x00, 0x00, 0x00, 0x7F, 0xE0, 0x00, 0x3F, 0xFF, 0xC0, 0x0F, 0xE0, 0x7F, 0x01, 0xF4,
    0x01, 0xF4, 0x1F, 0x00, 0x0F, 0x82, 0xF0, 0x00, 0x00, 0x1F, 0x00, 0x00, 0x00, 0xFC, 0x00, 0x00, 0x07, 0xFE, 0x40,
    0x00, 0x1F, 0xFF, 0x40, 0x00, 0x1B, 0xFE, 0x00, 0x00, 0x02, 0xF8, 0x00, 0x00, 0x0B, 0xC0, 0x00, 0x00, 0x7C, 0x28,
    0x00, 0x03, 0xC3, 0xE0, 0x00, 0x7C, 0x2F, 0x00, 0x0F, 0xC0, 0xFD, 0x47, 0xF4, 0x07, 0xFF, 0xFE, 0x00, 0x0B, 0xFE,
    0x00, 0x00, 0xBE, 0x00, 0x01, 0xFF, 0x80, 0x07, 0xD3, 0xE0, 0x1F, 0x40, 0xF8, 0x00, 0x00, 0x00, 0x00, 0x00, 0x00,
    0x06, 0xFF, 0xD0, 0x2F, 0xFF, 0xF8, 0x3F, 0x41, 0xBD, 0x7C, 0x00, 0x3E, 0x7C, 0x00, 0x00, 0x7D, 0x00, 0x00, 0x3F,
    0xFE, 0x40, 0x0B, 0xFF, 0xF8, 0x00, 0x05, 0xFD, 0x00, 0x00, 0x3E, 0x10, 0x00, 0x2F, 0xBC, 0x00, 0x2F, 0x7E, 0x41,
    0xBE, 0x2F, 0xFF, 0xFC, 0x07, 0xFF, 0xD0, 0x00, 0x7F, 0xE0, 0x00, 0x3F, 0xFF, 0xC0, 0x0F, 0xE0, 0x7F, 0x01, 0xF4,
    0x01, 0xF4, 0x1F, 0x00, 0x0F, 0x82, 0xF0, 0x00, 0x00, 0x1F, 0x00, 0x00, 0x00, 0xFC, 0x00, 0x00, 0x07, 0xFE, 0x40,
    0x00, 0x1F, 0xFF, 0x40, 0x00, 0x1B, 0xFE, 0x00, 0x00, 0x02, 0xF8, 0x00, 0x00, 0x0B, 0xC0, 0x00, 0x00, 0x7C, 0x28,
    0x00, 0x03, 0xC3, 0xE0, 0x00, 0x7C, 0x2F, 0x00, 0x0F, 0xC0, 0xFD, 0x47, 0xF4, 0x07, 0xFF, 0xFE, 0x00, 0x0B, 0xFE,
    0x00, 0x00, 0x2C, 0x00, 0x00, 0x02, 0xFC, 0x00, 0x00, 0x02, 0xF0, 0x00, 0x00, 0x2F, 0x00, 0x00, 0x7F, 0xC0, 0x00,
    0x00, 0x00, 0x00, 0x06, 0xFF, 0xD0, 0x2F, 0xFF, 0xF8, 0x3F, 0x41, 0xBD, 0x7C, 0x00, 0x3E, 0x7C, 0x00, 0x00, 0x7D,
    0x00, 0x00, 0x3F, 0xFE, 0x40, 0x0B, 0xFF, 0xF8, 0x00, 0x05, 0xFD, 0x00, 0x00, 0x3E, 0x10, 0x00, 0x2F, 0xBC, 0x00,
    0x2F, 0x7E, 0x41, 0xBE, 0x2F, 0xFF, 0xFC, 0x06, 0xFF, 0xD0, 0x00, 0x74, 0x00, 0x00, 0xBF, 0x40, 0x00, 0x07, 0xC0,
    0x00, 0x07, 0xC0, 0x00, 0xFF, 0x40, 0x00, 0x00, 0x00, 0x07, 0xD0, 0x7E, 0x00, 0x1F, 0x4F, 0x80, 0x00, 0x7F, 0xE0,
    0x00, 0x01, 0xF8, 0x00, 0x00, 0x00, 0x00, 0x00, 0x00, 0x00, 0x00, 0x00, 0x7F, 0xE0, 0x00, 0x3F, 0xFF, 0xC0, 0x0F,
    0xE0, 0x7F, 0x01, 0xF4, 0x01, 0xF4, 0x1F, 0x00, 0x0F, 0x82, 0xF0, 0x00, 0x00, 0x1F, 0x00, 0x00, 0x00, 0xFC, 0x00,
    0x00, 0x07, 0xFE, 0x40, 0x00, 0x1F, 0xFF, 0x40, 0x00, 0x1B, 0xFE, 0x00, 0x00, 0x02, 0xF8, 0x00, 0x00, 0x0B, 0xC0,
    0x00, 0x00, 0x7C, 0x28, 0x00, 0x03, 0xC3, 0xE0, 0x00, 0x7C, 0x2F, 0x00, 0x0F, 0xC0, 0xFD, 0x47, 0xF4, 0x07, 0xFF,
    0xFE, 0x00, 0x0B, 0xFE, 0x00, 0x1F, 0x41, 0xF8, 0x07, 0xD3, 0xE0, 0x01, 0xFF, 0x80, 0x00, 0x7E, 0x00, 0x00, 0x00,
    0x00, 0x00, 0x00, 0x00, 0x06, 0xFF, 0xD0, 0x2F, 0xFF, 0xF8, 0x3F, 0x41, 0xBD, 0x7C, 0x00, 0x3E, 0x7C, 0x00, 0x00,
    0x7D, 0x00, 0x00, 0x3F, 0xFE, 0x40, 0x0B, 0xFF, 0xF8, 0x00, 0x05, 0xFD, 0x00, 0x00, 0x3E, 0x10, 0x00, 0x2F, 0xBC,
    0x00, 0x2F, 0x7E, 0x41, 0xBE, 0x2F, 0xFF, 0xFC, 0x07, 0xFF, 0xD0, 0xBF, 0xFF, 0xFF, 0xEB, 0xFF, 0xFF, 0xFE, 0x00,
    0x0F, 0x40, 0x00, 0x00, 0xF4, 0x00, 0x00, 0x0F, 0x40, 0x00, 0x00, 0xF4, 0x00, 0x00, 0x0F, 0x40, 0x00, 0x00, 0xF4,
    0x00, 0x00, 0x0F, 0x40, 0x00, 0x00, 0xF4, 0x00, 0x00, 0x0F, 0x40, 0x00, 0x00, 0xF4, 0x00, 0x00, 0x0F, 0x40, 0x00,
    0x00, 0xF4, 0x00, 0x00, 0x0F, 0x40, 0x00, 0x00, 0xF4, 0x00, 0x00, 0x0F, 0x40, 0x00, 0x00, 0xF4, 0x00, 0x00, 0x0F,
    0x40, 0x00, 0x00, 0xF4, 0x00, 0x00, 0x07, 0x00, 0x00, 0x00, 0xBE, 0x00, 0x00, 0x00, 0xBC, 0x00, 0x00, 0x07, 0xC0,
    0x00, 0x1F, 0xF4, 0x00, 0x00, 0x00, 0x00, 0x00, 0x7C, 0x00, 0x00, 0x07, 0xC0, 0x00, 0x00, 0x7C, 0x00, 0x00, 0x07,
    0xC0, 0x00, 0xBF, 0xFF, 0xFF, 0xCB, 0xFF, 0xFF, 0xFC, 0x00, 0xBC, 0x00, 0x00, 0x07, 0xC0, 0x00, 0x00, 0x7C, 0x00,
    0x00, 0x07, 0xC0, 0x00, 0x00, 0x7C, 0x00, 0x00, 0x07, 0xC0, 0x00, 0x00, 0x7C, 0x00, 0x00, 0x07, 0xC0, 0x00, 0x00,
    0x7C, 0x00, 0x00, 0x07, 0xC0, 0x00, 0x00, 0x3E, 0x00, 0x00, 0x02, 0xFF, 0xFC, 0x00, 0x07, 0xFF, 0xC0, 0x00, 0x38,
    0x00, 0x00, 0x07, 0xF4, 0x00, 0x00, 0x03, 0xD0, 0x00, 0x00, 0x3E, 0x00, 0x00, 0xFF, 0x80, 0x00, 0x00, 0x00, 0x00,
    0x07, 0xD0, 0x7E, 0x00, 0x1F, 0x4F, 0x80, 0x00, 0x7F, 0xE0, 0x00, 0x01, 0xF8, 0x00, 0x00, 0x00, 0x00, 0x00, 0x00,
    0x00, 0x00, 0xBF, 0xFF, 0xFF, 0xEB, 0xFF, 0xFF, 0xFE, 0x00, 0x0F, 0x40, 0x00, 0x00, 0xF4, 0x00, 0x00, 0x0F, 0x40,
    0x00, 0x00, 0xF4, 0x00, 0x00, 0x0F, 0x40, 0x00, 0x00, 0xF4, 0x00, 0x00, 0x0F, 0x40, 0x00, 0x00, 0xF4, 0x00, 0x00,
    0x0F, 0x40, 0x00, 0x00, 0xF4, 0x00, 0x00, 0x0F, 0x40, 0x00, 0x00, 0xF4, 0x00, 0x00, 0x0F, 0x40, 0x00, 0x00, 0xF4,
    0x00, 0x00, 0x0F, 0x40, 0x00, 0x00, 0xF4, 0x00, 0x00, 0x0F, 0x40, 0x00, 0x00, 0xF4, 0x00, 0x00, 0x00, 0x2E, 0x00,
    0x00, 0x02, 0xD0, 0x00, 0x00, 0x3D, 0x00, 0x07, 0xC3, 0xC0, 0x00, 0x7C, 0x3C, 0x00, 0x07, 0xC0, 0x00, 0x00, 0x7C,
    0x00, 0x0B, 0xFF, 0xFF, 0xFC, 0xBF, 0xFF, 0xFF, 0xC0, 0x0B, 0xC0, 0x00, 0x00, 0x7C, 0x00, 0x00, 0x07, 0xC0, 0x00,
    0x00, 0x7C, 0x00, 0x00, 0x07, 0xC0, 0x00, 0x00, 0x7C, 0x00, 0x00, 0x07, 0xC0, 0x00, 0x00, 0x7C, 0x00, 0x00, 0x07,
    0xC0, 0x00, 0x00, 0x7C, 0x00, 0x00, 0x03, 0xE0, 0x00, 0x00, 0x2F, 0xFF, 0xC0, 0x00, 0xBF, 0xFC, 0xBF, 0xFF, 0xFF,
    0xEB, 0xFF, 0xFF, 0xFE, 0x00, 0x0F, 0x40, 0x00, 0x00, 0xF4, 0x00, 0x00, 0x0F, 0x40, 0x00, 0x00, 0xF4, 0x00, 0x00,
    0x0F, 0x40, 0x00, 0x00, 0xF4, 0x00, 0x00, 0x0F, 0x40, 0x00, 0x00, 0xF4, 0x00, 0x0F, 0xFF, 0xFF, 0x00, 0xFF, 0xFF,
    0xF0, 0x00, 0x0F, 0x40, 0x00, 0x00, 0xF4, 0x00, 0x00, 0x0F, 0x40, 0x00, 0x00, 0xF4, 0x00, 0x00, 0x0F, 0x40, 0x00,
    0x00, 0xF4, 0x00, 0x00, 0x0F, 0x40, 0x00, 0x00, 0xF4, 0x00, 0x00, 0x7C, 0x00, 0x00, 0x07, 0xC0, 0x00, 0x00, 0x7C,
    0x00, 0x00, 0x07, 0xC0, 0x00, 0xBF, 0xFF, 0xFF, 0xCB, 0xFF, 0xFF, 0xFC, 0x00, 0xBC, 0x00, 0x00, 0x07, 0xC0, 0x00,
    0x00, 0x7C, 0x00, 0x00, 0x07, 0xC0, 0x00, 0x00, 0xBC, 0x00, 0x02, 0xFF, 0xFF, 0xF0, 0x2F, 0xFF, 0xFF, 0x00, 0x07,
    0xC0, 0x00, 0x00, 0x7C, 0x00, 0x00, 0x07, 0xC0, 0x00, 0x00, 0x7E, 0x00, 0x00, 0x03, 0xFF, 0xFC, 0x00, 0x0B, 0xFF,
    0xC0, 0x01, 0x90, 0x24, 0x0F, 0xF4, 0x74, 0x0E, 0x2E, 0xF0, 0x0E, 0x0B, 0xD0, 0x00, 0x00, 0x00, 0x00, 0x00, 0x00,
    0xBC, 0x00, 0x2F, 0xBC, 0x00, 0x2F, 0xBC, 0x00, 0x2F, 0xBC, 0x00, 0x2F, 0xBC, 0x00, 0x2F, 0xBC, 0x00, 0x2F, 0xBC,
    0x00, 0x2F, 0xBC, 0x00, 0x2F, 0xBC, 0x00, 0x2F, 0xBC, 0x00, 0x2F, 0xBC, 0x00, 0x2F, 0xBC, 0x00, 0x2F, 0xBC, 0x00,
    0x2F, 0xBC, 0x00, 0x2F, 0xBC, 0x00, 0x2E, 0x7C, 0x00, 0x3E, 0x3D, 0x00, 0x7D, 0x3F, 0x91, 0xFC, 0x0F, 0xFF, 0xF4,
    0x02, 0xFF, 0x80, 0x01, 0x90, 0x24, 0x0F, 0xF4, 0x74, 0x0E, 0x2E, 0xF0, 0x0E, 0x0B, 0xD0, 0x00, 0x00, 0x00, 0x00,
    0x00, 0x00, 0xBC, 0x00, 0x2F, 0xBC, 0x00, 0x2F, 0xBC, 0x00, 0x2F, 0xBC, 0x00, 0x2F, 0xBC, 0x00, 0x2F, 0xBC, 0x00,
    0x2F, 0xBC, 0x00, 0x2F, 0xBC, 0x00, 0x2F, 0xBC, 0x00, 0x2F, 0xBC, 0x00, 0x2E, 0x7C, 0x00, 0x3E, 0x3D, 0x00, 0x7D,
    0x3F, 0x91, 0xFC, 0x0F, 0xFF, 0xF0, 0x01, 0xFF, 0x80, 0x00, 0x00, 0x00, 0x0F, 0xFF, 0xF4, 0x0F, 0xFF, 0xF4, 0x00,
    0x00, 0x00, 0x00, 0x00, 0x00, 0x00, 0x00, 0x00, 0xBC, 0x00, 0x2F, 0xBC, 0x00, 0x2F, 0xBC, 0x00, 0x2F, 0xBC, 0x00,
    0x2F, 0xBC, 0x00, 0x2F, 0xBC, 0x00, 0x2F, 0xBC, 0x00, 0x2F, 0xBC, 0x00, 0x2F, 0xBC, 0x00, 0x2F, 0xBC, 0x00, 0x2F,
    0xBC, 0x00, 0x2F, 0xBC, 0x00, 0x2F, 0xBC, 0x00, 0x2F, 0xBC, 0x00, 0x2F, 0xBC, 0x00, 0x2E, 0x7C, 0x00, 0x3E, 0x3D,
    0x00, 0x7D, 0x3F, 0x91, 0xFC, 0x0F, 0xFF, 0xF4, 0x02, 0xFF, 0x80, 0x00, 0x00, 0x00, 0x0F, 0xFF, 0xF4, 0x0F, 0xFF,
    0xF4, 0x00, 0x00, 0x00, 0x00, 0x00, 0x00, 0x00, 0x00, 0x00, 0xBC, 0x00, 0x2F, 0xBC, 0x00, 0x2F, 0xBC, 0x00, 0x2F,
    0xBC, 0x00, 0x2F, 0xBC, 0x00, 0x2F, 0xBC, 0x00, 0x2F, 0xBC, 0x00, 0x2F, 0xBC, 0x00, 0x2F, 0xBC, 0x00, 0x2F, 0xBC,
    0x00, 0x2E, 0x7C, 0x00, 0x3E, 0x3D, 0x00, 0x7D, 0x3F, 0x91, 0xFC, 0x0F, 0xFF, 0xF0, 0x01, 0xFF, 0x80, 0x0F, 0x00,
    0xB4, 0x0F, 0x81, 0xF0, 0x07, 0xFF, 0xE0, 0x01, 0xFF, 0x40, 0x00, 0x00, 0x00, 0x00, 0x00, 0x00, 0xBC, 0x00, 0x2F,
    0xBC, 0x00, 0x2F, 0xBC, 0x00, 0x2F, 0xBC, 0x00, 0x2F, 0xBC, 0x00, 0x2F, 0xBC, 0x00, 0x2F, 0xBC, 0x00, 0x2F, 0xBC,
    0x00, 0x2F, 0xBC, 0x00, 0x2F, 0xBC, 0x00, 0x2F, 0xBC, 0x00, 0x2F, 0xBC, 0x00, 0x2F, 0xBC, 0x00, 0x2F, 0xBC, 0x00,
    0x2F, 0xBC, 0x00, 0x2E, 0x7C, 0x00, 0x3E, 0x3D, 0x00, 0x7D, 0x3F, 0x91, 0xFC, 0x0F, 0xFF, 0xF4, 0x02, 0xFF, 0x80,
    0x0F, 0x00, 0xB4, 0x0F, 0x81, 0xF0, 0x07, 0xFF, 0xE0, 0x01, 0xFF, 0x40, 0x00, 0x00, 0x00, 0x00, 0x00, 0x00, 0xBC,
    0x00, 0x2F, 0xBC, 0x00, 0x2F, 0xBC, 0x00, 0x2F, 0xBC, 0x00, 0x2F, 0xBC, 0x00, 0x2F, 0xBC, 0x00, 0x2F, 0xBC, 0x00,
    0x2F, 0xBC, 0x00, 0x2F, 0xBC, 0x00, 0x2F, 0xBC, 0x00, 0x2E, 0x7C, 0x00, 0x3E, 0x3D, 0x00, 0x7D, 0x3F, 0x91, 0xFC,
    0x0F, 0xFF, 0xF0, 0x01, 0xFF, 0x80, 0x00, 0xBE, 0x00, 0x02, 0xD7, 0xC0, 0x03, 0x81, 0xC0, 0x03, 0x81, 0xD0, 0x03,
    0xC3, 0xC0, 0x00, 0xFF, 0x00, 0x00, 0x00, 0x00, 0xBC, 0x00, 0x2F, 0xBC, 0x00, 0x2F, 0xBC, 0x00, 0x2F, 0xBC, 0x00,
    0x2F, 0xBC, 0x00, 0x2F, 0xBC, 0x00, 0x2F, 0xBC, 0x00, 0x2F, 0xBC, 0x00, 0x2F, 0xBC, 0x00, 0x2F, 0xBC, 0x00, 0x2F,
    0xBC, 0x00, 0x2F, 0xBC, 0x00, 0x2F, 0xBC, 0x00, 0x2F, 0xBC, 0x00, 0x2F, 0xBC, 0x00, 0x2E, 0x7C, 0x00, 0x3E, 0x3D,
    0x00, 0x7D, 0x3F, 0x91, 0xFC, 0x0F, 0xFF, 0xF4, 0x02, 0xFF, 0x80, 0x00, 0xBE, 0x00, 0x02, 0xD7, 0xC0, 0x03, 0x81,
    0xC0, 0x03, 0x81, 0xD0, 0x03, 0xC3, 0xC0, 0x00, 0xFF, 0x00, 0x00, 0x00, 0x00, 0x00, 0x00, 0x00, 0xBC, 0x00, 0x2F,
    0xBC, 0x00, 0x2F, 0xBC, 0x00, 0x2F, 0xBC, 0x00, 0x2F, 0xBC, 0x00, 0x2F, 0xBC, 0x00, 0x2F, 0xBC, 0x00, 0x2F, 0xBC,
    0x00, 0x2F, 0xBC, 0x00, 0x2F, 0xBC, 0x00, 0x2E, 0x7C, 0x00, 0x3E, 0x3D, 0x00, 0x7D, 0x3F, 0x91, 0xFC, 0x0F, 0xFF,
    0xF0, 0x01, 0xFF, 0x80, 0x00, 0x7C, 0x2F, 0x00, 0x3D, 0x1F, 0x00, 0x3D, 0x0F, 0x40, 0x2E, 0x0F, 0x80, 0x00, 0x00,
    0x00, 0x00, 0x00, 0x00, 0x0B, 0xC0, 0x02, 0xF2, 0xF0, 0x00, 0xBC, 0xBC, 0x00, 0x2F, 0x2F, 0x00, 0x0B, 0xCB, 0xC0,
    0x02, 0xF2, 0xF0, 0x00, 0xBC, 0xBC, 0x00, 0x2F, 0x2F, 0x00, 0x0B, 0xCB, 0xC0, 0x02, 0xF2, 0xF0, 0x00, 0xBC, 0xBC,
    0x00, 0x2F, 0x2F, 0x00, 0x0B, 0xCB, 0xC0, 0x02, 0xF2, 0xF0, 0x00, 0xBC, 0xBC, 0x00, 0x2E, 0x1F, 0x00, 0x0F, 0x83,
    0xD0, 0x07, 0xD0, 0xFE, 0x47, 0xF0, 0x0F, 0xFF, 0xF4, 0x00, 0xBF, 0xE0, 0x00, 0x00, 0x7C, 0x2F, 0x00, 0x3D, 0x1F,
    0x00, 0x3D, 0x0F, 0x40, 0x2E, 0x0F, 0x80, 0x00, 0x00, 0x00, 0x00, 0x00, 0x00, 0x0B, 0xC0, 0x02, 0xF2, 0xF0, 0x00,
    0xBC, 0xBC, 0x00, 0x2F, 0x2F, 0x00, 0x0B, 0xCB, 0xC0, 0x02, 0xF2, 0xF0, 0x00, 0xBC, 0xBC, 0x00, 0x2F, 0x2F, 0x00,
    0x0B, 0xCB, 0xC0, 0x02, 0xF2, 0xF0, 0x00, 0xB8, 0x7C, 0x00, 0x3E, 0x0F, 0x40, 0x1F, 0x43, 0xF9, 0x1F, 0xC0, 0x3F,
    0xFF, 0xC0, 0x01, 0xFF, 0x80, 0x00, 0xBC, 0x00, 0x2F, 0xBC, 0x00, 0x2F, 0xBC, 0x00, 0x2F, 0xBC, 0x00, 0x2F, 0xBC,
    0x00, 0x2F, 0xBC, 0x00, 0x2F, 0xBC, 0x00, 0x2F, 0xBC, 0x00, 0x2F, 0xBC, 0x00, 0x2F, 0xBC, 0x00, 0x2F, 0xBC, 0x00,
    0x2F, 0xBC, 0x00, 0x2F, 0xBC, 0x00, 0x2F, 0xBC, 0x00, 0x2F, 0xBC, 0x00, 0x2E, 0x7C, 0x00, 0x3E, 0x3D, 0x00, 0x3C,
    0x3F, 0x91, 0xF8, 0x0F, 0xFF, 0xE0, 0x01, 0xFF, 0x40, 0x00, 0x0E, 0x00, 0x00, 0x2D, 0x00, 0x00, 0x3E, 0x00, 0x00,
    0x3F, 0xF4, 0x00, 0x0B, 0xF4, 0xBC, 0x00, 0x2F, 0xBC, 0x00, 0x2F, 0xBC, 0x00, 0x2F, 0xBC, 0x00, 0x2F, 0xBC, 0x00,
    0x2F, 0xBC, 0x00, 0x2F, 0xBC, 0x00, 0x2F, 0xBC, 0x00, 0x2F, 0xBC, 0x00, 0x2F, 0xBC, 0x00, 0x2E, 0x7C, 0x00, 0x3E,
    0x3D, 0x00, 0x3D, 0x3F, 0x81, 0xFC, 0x0F, 0xFF, 0xF0, 0x02, 0xFF, 0xC0, 0x00, 0x0F, 0x00, 0x00, 0x3C, 0x00, 0x00,
    0x3C, 0x00, 0x00, 0x3F, 0xA0, 0x00, 0x0B, 0xF0, 0x00, 0x0B, 0xE0, 0x00, 0x00, 0x1F, 0xF8, 0x00, 0x00, 0x7D, 0x7E,
    0x00, 0x01, 0xF4, 0x0F, 0x80, 0x00, 0x00, 0x00, 0x00, 0x00, 0x00, 0x00, 0x00, 0x7C, 0x03, 0xE0, 0x2E, 0x7C, 0x07,
    0xE0, 0x2D, 0x3C, 0x07, 0xF0, 0x2D, 0x3C, 0x0B, 0xB0, 0x3C, 0x3C, 0x0B, 0xB0, 0x3C, 0x3D, 0x0F, 0xB0, 0x3C, 0x2D,
    0x0E, 0x74, 0x3C, 0x2E, 0x0E, 0x74, 0x7C, 0x1E, 0x1D, 0x38, 0x78, 0x1F, 0x1D, 0x38, 0xB8, 0x0F, 0x2C, 0x3C, 0xB4,
    0x0F, 0x2C, 0x3C, 0xB4, 0x0F, 0x3C, 0x2C, 0xF0, 0x0F, 0x3C, 0x2C, 0xF0, 0x0F, 0x78, 0x1D, 0xF0, 0x0B, 0xB8, 0x1E,
    0xF0, 0x0B, 0xB4, 0x0E, 0xE0, 0x07, 0xF4, 0x0F, 0xE0, 0x07, 0xF0, 0x0F, 0xD0, 0x03, 0xF0, 0x0F, 0xD0, 0x00, 0x0B,
    0xE0, 0x00, 0x00, 0x1F, 0xF8, 0x00, 0x00, 0x7D, 0x3E, 0x00, 0x01, 0xF4, 0x0F, 0x80, 0x00, 0x00, 0x00, 0x00, 0x00,
    0x00, 0x00, 0x00, 0x3C, 0x03, 0xD0, 0x2D, 0x3C, 0x07, 0xE0, 0x3C, 0x3D, 0x0B, 0xE0, 0x3C, 0x2D, 0x0B, 0xB0, 0x3C,
    0x1E, 0x0E, 0xB0, 0x78, 0x1E, 0x0E, 0x74, 0x74, 0x0F, 0x1D, 0x34, 0xB4, 0x0F, 0x1C, 0x38, 0xF0, 0x0F, 0x2C, 0x3C,
    0xF0, 0x0B, 0x7C, 0x3C, 0xF0, 0x07, 0x78, 0x2D, 0xE0, 0x07, 0xB8, 0x1E, 0xD0, 0x03, 0xF4, 0x1F, 0xC0, 0x03, 0xF0,
    0x0F, 0xC0, 0x03, 0xF0, 0x0F, 0xC0, 0x00, 0x0B, 0xE0, 0x00, 0x00, 0x1F, 0xF8, 0x00, 0x00, 0x7D, 0x7E, 0x00, 0x01,
    0xF4, 0x0F, 0x80, 0x00, 0x00, 0x00, 0x00, 0x00, 0x00, 0x00, 0x00, 0x3F, 0x00, 0x00, 0x7C, 0x1F, 0x00, 0x00, 0xF8,
    0x0F, 0x80, 0x01, 0xF0, 0x07, 0xC0, 0x03, 0xE0, 0x03, 0xE0, 0x07, 0xC0, 0x01, 0xF0, 0x0F, 0x80, 0x00, 0xF8, 0x1F,
    0x00, 0x00, 0xBC, 0x2E, 0x00, 0x00, 0x3D, 0x3C, 0x00, 0x00, 0x2F, 0xBC, 0x00, 0x00, 0x0F, 0xF4, 0x00, 0x00, 0x0B,
    0xF0, 0x00, 0x00, 0x03, 0xD0, 0x00, 0x00, 0x03, 0xD0, 0x00, 0x00, 0x03, 0xD0, 0x00, 0x00, 0x03, 0xD0, 0x00, 0x00,
    0x03, 0xD0, 0x00, 0x00, 0x03, 0xD0, 0x00, 0x00, 0x03, 0xD0, 0x00, 0x00, 0x03, 0xD0, 0x00, 0x00, 0x2F, 0x80, 0x00,
    0x07, 0xFE, 0x00, 0x01, 0xF4, 0xF8, 0x00, 0x7D, 0x03, 0xE0, 0x00, 0x00, 0x00, 0x00, 0x00, 0x00, 0x00, 0x7D, 0x00,
    0x03, 0xE3, 0xE0, 0x00, 0x7C, 0x2F, 0x00, 0x0B, 0xC0, 0xF4, 0x00, 0xF4, 0x0F, 0xC0, 0x1F, 0x00, 0x7C, 0x02, 0xE0,
    0x03, 0xE0, 0x3D, 0x00, 0x2F, 0x07, 0xC0, 0x00, 0xF4, 0xF8, 0x00, 0x0F, 0x8F, 0x00, 0x00, 0x7D, 0xF0, 0x00, 0x03,
    0xFD, 0x00, 0x00, 0x2F, 0xC0, 0x00, 0x01, 0xF8, 0x00, 0x00, 0x0F, 0x40, 0x00, 0x02, 0xF0, 0x00, 0x00, 0x3E, 0x00,
    0x00, 0x07, 0xD0, 0x00, 0x00, 0xBC, 0x00, 0x00, 0x0F, 0x80, 0x00, 0x00, 0xF4, 0x0F, 0x40, 0x02, 0xFC, 0x2F, 0xC0,
    0x00, 0xF4, 0x0F, 0x40, 0x00, 0x00, 0x00, 0x00, 0x00, 0x00, 0x00, 0x00, 0x3F, 0x00, 0x00, 0x7C, 0x1F, 0x00, 0x00,
    0xF8, 0x0F, 0x80, 0x01, 0xF0, 0x07, 0xC0, 0x03, 0xE0, 0x03, 0xE0, 0x07, 0xC0, 0x01, 0xF0, 0x0F, 0x80, 0x00, 0xF8,
    0x1F, 0x00, 0x00, 0xBC, 0x2E, 0x00, 0x00, 0x3D, 0x3C, 0x00, 0x00, 0x2F, 0xBC, 0x00, 0x00, 0x0F, 0xF4, 0x00, 0x00,
    0x0B, 0xF0, 0x00, 0x00, 0x03, 0xD0, 0x00, 0x00, 0x03, 0xD0, 0x00, 0x00, 0x03, 0xD0, 0x00, 0x00, 0x03, 0xD0, 0x00,
    0x00, 0x03, 0xD0, 0x00, 0x00, 0x03, 0xD0, 0x00, 0x00, 0x03, 0xD0, 0x00, 0x00, 0x03, 0xD0, 0x00, 0x00, 0x03, 0xE0,
    0x00, 0x0B, 0xC0, 0x00, 0x1F, 0x00, 0x00, 0x3D, 0x00, 0x00, 0x00, 0x00, 0x00, 0x00, 0x00, 0xBF, 0xFF, 0xFE, 0xBF,
    0xFF, 0xFE, 0x00, 0x00, 0x3E, 0x00, 0x00, 0xBC, 0x00, 0x00, 0xF4, 0x00, 0x02, 0xF0, 0x00, 0x07, 0xD0, 0x00, 0x0F,
    0x80, 0x00, 0x1F, 0x00, 0x00, 0x3E, 0x00, 0x00, 0xBC, 0x00, 0x00, 0xF4, 0x00, 0x03, 0xF0, 0x00, 0x07, 0xD0, 0x00,
    0x0F, 0x80, 0x00, 0x1F, 0x00, 0x00, 0x3E, 0x00, 0x00, 0xBC, 0x00, 0x00, 0xBF, 0xFF, 0xFF, 0xBF, 0xFF, 0xFF, 0x00,
    0x03, 0xE0, 0x00, 0x0B, 0xC0, 0x00, 0x1F, 0x00, 0x00, 0x3D, 0x00, 0x00, 0x00, 0x00, 0x00, 0x00, 0x00, 0x7F, 0xFF,
    0xFD, 0x7F, 0xFF, 0xFD, 0x00, 0x00, 0xBD, 0x00, 0x01, 0xF8, 0x00, 0x03, 0xE0, 0x00, 0x0F, 0xC0, 0x00, 0x2F, 0x00,
    0x00, 0x7D, 0x00, 0x01, 0xF8, 0x00, 0x03, 0xE0, 0x00, 0x0F, 0xC0, 0x00, 0x2F, 0x00, 0x00, 0x7D, 0x00, 0x00, 0xBF,
    0xFF, 0xFF, 0xBF, 0xFF, 0xFF, 0x00, 0x7D, 0x00, 0x00, 0xFF, 0x00, 0x00, 0x7D, 0x00, 0x00, 0x00, 0x00, 0x00, 0x00,
    0x00, 0xBF, 0xFF, 0xFE, 0xBF, 0xFF, 0xFE, 0x00, 0x00, 0x3E, 0x00, 0x00, 0xBC, 0x00, 0x00, 0xF4, 0x00, 0x02, 0xF0,
    0x00, 0x07, 0xD0, 0x00, 0x0F, 0x80, 0x00, 0x1F, 0x00, 0x00, 0x3E, 0x00, 0x00, 0xBC, 0x00, 0x00, 0xF4, 0x00, 0x03,
    0xF0, 0x00, 0x07, 0xD0, 0x00, 0x0F, 0x80, 0x00, 0x1F, 0x00, 0x00, 0x3E, 0x00, 0x00, 0xBC, 0x00, 0x00, 0xBF, 0xFF,
    0xFF, 0xBF, 0xFF, 0xFF, 0x00, 0x7D, 0x00, 0x00, 0xFF, 0x00, 0x00, 0x7E, 0x00, 0x00, 0x00, 0x00, 0x00, 0x00, 0x00,
    0x7F, 0xFF, 0xFD, 0x7F, 0xFF, 0xFD, 0x00, 0x00, 0xBD, 0x00, 0x01, 0xF8, 0x00, 0x03, 0xE0, 0x00, 0x0F, 0xC0, 0x00,
    0x2F, 0x00, 0x00, 0x7D, 0x00, 0x01, 0xF8, 0x00, 0x03, 0xE0, 0x00, 0x0F, 0xC0, 0x00, 0x2F, 0x00, 0x00, 0x7D, 0x00,
    0x00, 0xBF, 0xFF, 0xFF, 0xBF, 0xFF, 0xFF, 0x1F, 0x41, 0xF8, 0x07, 0xD3, 0xE0, 0x01, 0xFF, 0x80, 0x00, 0x7E, 0x00,
    0x00, 0x00, 0x00, 0x00, 0x00, 0x00, 0xBF, 0xFF, 0xFE, 0xBF, 0xFF, 0xFE, 0x00, 0x00, 0x3E, 0x00, 0x00, 0xBC, 0x00,
    0x00, 0xF4, 0x00, 0x02, 0xF0, 0x00, 0x07, 0xD0, 0x00, 0x0F, 0x80, 0x00, 0x1F, 0x00, 0x00, 0x3E, 0x00, 0x00, 0xBC,
    0x00, 0x00, 0xF4, 0x00, 0x03, 0xF0, 0x00, 0x07, 0xD0, 0x00, 0x0F, 0x80, 0x00, 0x1F, 0x00, 0x00, 0x3E, 0x00, 0x00,
    0xBC, 0x00, 0x00, 0xBF, 0xFF, 0xFF, 0xBF, 0xFF, 0xFF, 0x1F, 0x41, 0xF8, 0x07, 0xD3, 0xE0, 0x01, 0xFF, 0x80, 0x00,
    0x7E, 0x00, 0x00, 0x00, 0x00, 0x00, 0x00, 0x00, 0x7F, 0xFF, 0xFD, 0x7F, 0xFF, 0xFD, 0x00, 0x00, 0xBD, 0x00, 0x01,
    0xF8, 0x00, 0x03, 0xE0, 0x00, 0x0F, 0xC0, 0x00, 0x2F, 0x00, 0x00, 0x7D, 0x00, 0x01, 0xF8, 0x00, 0x03, 0xE0, 0x00,
    0x0F, 0xC0, 0x00, 0x2F, 0x00, 0x00, 0x7D, 0x00, 0x00, 0xBF, 0xFF, 0xFF, 0xBF, 0xFF, 0xFF, 0x07, 0xFF, 0xF2, 0xFF,
    0xFF, 0x3F, 0x40, 0x07, 0xC0, 0x00, 0xBC, 0x00, 0x0B, 0xC0, 0x00, 0xBC, 0x00, 0x0B, 0xC0, 0x00, 0xBC, 0x00, 0x0B,
    0xC0, 0x00, 0xBC, 0x00, 0x0B, 0xC0, 0x00, 0xBC, 0x00, 0x0B, 0xC0, 0x00, 0xBC, 0x00, 0x0B, 0xC0, 0x00, 0xBC, 0x00,
    0x0B, 0xC0, 0x00, 0xBC, 0x00, 0x0B, 0xC0, 0x00, 0x02, 0xFF, 0x80, 0x0F, 0xFF, 0xF4, 0x3F, 0x91, 0xFC, 0x7D, 0x00,
    0x3D, 0x7C, 0x00, 0x3E, 0x54, 0x00, 0x2F, 0x00, 0x00, 0x2F, 0x00, 0x00, 0x2F, 0x00, 0x00, 0x2F, 0xBF, 0xFF, 0xFF,
    0xBF, 0xFF, 0xFF, 0xBC, 0x00, 0x2F, 0xBC, 0x00, 0x2F, 0xBC, 0x00, 0x2F, 0xBC, 0x00, 0x2F, 0x7C, 0x00, 0x3E, 0x3D,
    0x00, 0x3D, 0x2F, 0x81, 0xFC, 0x0F, 0xFF, 0xF0, 0x01, 0xFF, 0x80, 0x00, 0x7F, 0xE0, 0x00, 0x3F, 0xFF, 0xD0, 0x0F,
    0xE4, 0x7F, 0x41, 0xF4, 0x00, 0xFC, 0x2F, 0x00, 0x07, 0xC2, 0xF0, 0x00, 0x3C, 0x1F, 0x00, 0x00, 0x00, 0xF8, 0x00,
    0x00, 0x07, 0xE4, 0x00, 0x00, 0x0F, 0xFE, 0x00, 0x03, 0xFF, 0xE0, 0x00, 0xFD, 0x00, 0x00, 0x3F, 0x00, 0x00, 0x03,
    0xD0, 0x00, 0x00, 0x3D, 0x00, 0x01, 0x53, 0xD0, 0x00, 0x3E, 0x3F, 0x00, 0x07, 0xD1, 0xFE, 0x46, 0xFC, 0x07, 0xFF,
    0xFF, 0x00, 0x0B, 0xFE, 0x40, 0x00, 0x01, 0xFF, 0xF4, 0x00, 0x1F, 0xFF, 0xD0, 0x00, 0xFD, 0x00, 0x00, 0x03, 0xD0,
    0x00, 0x00, 0x0F, 0x40, 0x00, 0x00, 0x3D, 0x00, 0x00, 0x00, 0xF4, 0x00, 0x00, 0x03, 0xD0, 0x00, 0x00, 0x0F, 0x40,
    0x00, 0x00, 0x3D, 0x00, 0x01, 0xFF, 0xFF, 0xFF, 0x47, 0xFF, 0xFF, 0xFD, 0x00, 0x0F, 0x40, 0x00, 0x00, 0x3D, 0x00,
    0x00, 0x00, 0xF4, 0x00, 0x00, 0x03, 0xD0, 0x00, 0x00, 0x0F, 0x40, 0x00, 0x00, 0x3D, 0x00, 0x00, 0x00, 0xF4, 0x00,
    0x00, 0x03, 0xD0, 0x00, 0x00, 0x0F, 0x40, 0x00, 0x00, 0xBC, 0x00, 0x00, 0x1B, 0xE0, 0x00, 0x3F, 0xFF, 0x00, 0x00,
    0xFF, 0xD0, 0x00, 0x00, 0x00, 0x00, 0x00, 0x00, 0x0F, 0x80, 0xA0, 0x00, 0xBC, 0xBE, 0x00, 0x03, 0xFF, 0x80, 0x00,
    0xBF, 0x80, 0x00, 0xBF, 0xF0, 0x00, 0x2F, 0x9F, 0x40, 0x02, 0x82, 0xFC, 0x00, 0x00, 0x3F, 0xC0, 0x00, 0x07, 0xFE,
    0x00, 0x00, 0xBA, 0xF0, 0x00, 0x0F, 0x4F, 0x40, 0x01, 0xF0, 0xF8, 0x00, 0x3E, 0x07, 0xC0, 0x03, 0xC0, 0x3D, 0x00,
    0xBC, 0x02, 0xF0, 0x0F, 0x80, 0x1F, 0x01, 0xF0, 0x00, 0xF8, 0x2F, 0x00, 0x0B, 0xC3, 0xD0, 0x00, 0x7D, 0x7C, 0x00,
    0x03, 0xE0, 0x00, 0x00, 0x0B, 0x40, 0x00, 0x02, 0xD0, 0x1F, 0xF8, 0xF4, 0x3F, 0xFF, 0xFC, 0x3F, 0x91, 0xFD, 0x1F,
    0x40, 0x0F, 0x4B, 0xC0, 0x03, 0xE2, 0xF0, 0x00, 0xBC, 0xBC, 0x00, 0x2F, 0x2F, 0x00, 0x0B, 0xCB, 0xC0, 0x02, 0xF2,
    0xF0, 0x00, 0xBC, 0xBC, 0x00, 0x2F, 0x2F, 0x00, 0x0B, 0xCB, 0xC0, 0x02, 0xF2, 0xF0, 0x00, 0xBC, 0xBC, 0x00, 0x2F,
    0x2F, 0x00, 0x0F, 0x87, 0xD0, 0x03, 0xD0, 0xFE, 0x07, 0xF0, 0x0F, 0xFF, 0xF4, 0x00, 0xBF, 0xE0, 0x00, 0x00, 0x00,
    0x02, 0x40, 0x00, 0x01, 0xE0, 0x00, 0x00, 0x78, 0x0B, 0xFE, 0x6D, 0x0F, 0xFF, 0xFF, 0x0F, 0xE4, 0x7F, 0x07, 0xD0,
    0x03, 0xD2, 0xF0, 0x00, 0xBC, 0xB8, 0x00, 0x2F, 0x2E, 0x00, 0x0B, 0xCB, 0x80, 0x02, 0xF2, 0xE0, 0x00, 0xBC, 0xB8,
    0x00, 0x2F, 0x2F, 0x00, 0x0B, 0xC7, 0xD0, 0x03, 0xE0, 0xFE, 0x07, 0xF0, 0x0F, 0xFF, 0xF4, 0x00, 0xBF, 0xE0, 0x00,
    0x00, 0x00, 0x00, 0xF0, 0x00, 0x00, 0x03, 0xC0, 0x00, 0x00, 0x0F, 0x2F, 0x00, 0x0B, 0xF8, 0xBC, 0x00, 0x2F, 0x82,
    0xF0, 0x00, 0xBC, 0x0B, 0xC0, 0x02, 0xF0, 0x2F, 0x00, 0x0B, 0xC0, 0xBC, 0x00, 0x2F, 0x02, 0xF0, 0x00, 0xBC, 0x0B,
    0xC0, 0x02, 0xF0, 0x2F, 0x00, 0x0B, 0xC0, 0xBC, 0x00, 0x2F, 0x02, 0xF0, 0x00, 0xBC, 0x0B, 0xC0, 0x02, 0xF0, 0x2F,
    0x00, 0x0B, 0xC0, 0xBC, 0x00, 0x2F, 0x02, 0xF0, 0x00, 0xB8, 0x07, 0xC0, 0x03, 0xE0, 0x0F, 0x40, 0x1F, 0x40, 0x3F,
    0x91, 0xFC, 0x00, 0x3F, 0xFF, 0xD0, 0x00, 0x2F, 0xF8, 0x00, 0x00, 0x00, 0x00, 0x00, 0xF0, 0x00, 0x00, 0x03, 0xC0,
    0x00, 0x00, 0x0F, 0x2F, 0x00, 0x0B, 0xFC, 0xBC, 0x00, 0x2F, 0xD2, 0xF0, 0x00, 0xBC, 0x0B, 0xC0, 0x02, 0xF0, 0x2F,
    0x00, 0x0B, 0xC0, 0xBC, 0x00, 0x2F, 0x02, 0xF0, 0x00, 0xBC, 0x0B, 0xC0, 0x02, 0xF0, 0x2F, 0x00, 0x0B, 0xC0, 0xBC,
    0x00, 0x2F, 0x01, 0xF0, 0x00, 0xF8, 0x03, 0xD0, 0x07, 0xD0, 0x0F, 0xE4, 0x7F, 0x00, 0x0F, 0xFF, 0xF0, 0x00, 0x07,
    0xFE, 0x00, 0x00, 0x07, 0xD0, 0x7E, 0x00, 0x1F, 0x4F, 0x80, 0x00, 0x7F, 0xE0, 0x00, 0x01, 0xF8, 0x00, 0x00, 0x00,
    0x00, 0x00, 0x00, 0x00, 0x00, 0x00, 0x2F, 0xC0, 0x00, 0x03, 0xFC, 0x00, 0x00, 0x3F, 0xD0, 0x00, 0x07, 0xEE, 0x00,
    0x00, 0xB9, 0xF0, 0x00, 0x0F, 0x4F, 0x00, 0x00, 0xF0, 0xF4, 0x00, 0x1F, 0x0B, 0x80, 0x02, 0xE0, 0x7C, 0x00, 0x3D,
    0x03, 0xC0, 0x03, 0xC0, 0x3D, 0x00, 0x7C, 0x03, 0xE0, 0x0B, 0x80, 0x2F, 0x00, 0xFF, 0xFF, 0xF0, 0x0F, 0xFF, 0xFF,
    0x42, 0xF0, 0x00, 0xF8, 0x3E, 0x00, 0x0B, 0xC3, 0xD0, 0x00, 0x7C, 0x7C, 0x00, 0x03, 0xDB, 0xC0, 0x00, 0x2E, 0x03,
    0xE0, 0x3E, 0x00, 0x7E, 0x3E, 0x00, 0x07, 0xFE, 0x00, 0x00, 0x7F, 0x00, 0x00, 0x00, 0x00, 0x00, 0x00, 0x00, 0x00,
    0x0B, 0xFE, 0x00, 0x1F, 0xFF, 0xF4, 0x0F, 0xD0, 0x7F, 0x07, 0xC0, 0x03, 0xE0, 0x00, 0x00, 0xF8, 0x00, 0x00, 0x3E,
    0x02, 0xFF, 0xFF, 0x83, 0xFF, 0xFF, 0xE3, 0xF4, 0x00, 0xB8, 0xF8, 0x00, 0x2E, 0x3D, 0x00, 0x0F, 0x8F, 0x80, 0x07,
    0xE2, 0xF9, 0x1B, 0xF8, 0x3F, 0xFF, 0xAE, 0x02, 0xFF, 0x4B, 0x80, 0x0F, 0xC0, 0xFC, 0x00, 0xFC, 0xBC, 0x00, 0x0F,
    0xFC, 0x00, 0x00, 0xFC, 0x00, 0x00, 0x00, 0x00, 0x00, 0x00, 0x00, 0x03, 0xFF, 0xF0, 0x00, 0xFF, 0xFC, 0x00, 0x00,
    0x2F, 0x00, 0x00, 0x07, 0xC0, 0x00, 0x01, 0xF0, 0x00, 0x00, 0x7C, 0x00, 0x00, 0x1F, 0x00, 0x00, 0x07, 0xC0, 0x00,
    0x01, 0xF0, 0x00, 0x00, 0x7C, 0x00, 0x00, 0x1F, 0x00, 0x00, 0x07, 0xC0, 0x00, 0x02, 0xF0, 0x02, 0xFF, 0xFF, 0xFF,
    0xBF, 0xFF, 0xFF, 0xC0, 0x1F, 0x41, 0xF8, 0x07, 0xD3, 0xE0, 0x01, 0xFF, 0x80, 0x00, 0x7E, 0x00, 0x00, 0x00, 0x00,
    0x00, 0x00, 0x00, 0x02, 0xFF, 0x80, 0x0F, 0xFF, 0xF4, 0x3F, 0x91, 0xFC, 0x7D, 0x00, 0x3E, 0xBC, 0x00, 0x2F, 0xB8,
    0x00, 0x2F, 0xB8, 0x00, 0x2F, 0xB8, 0x00, 0x2F, 0xB8, 0x00, 0x2F, 0xB8, 0x00, 0x2F, 0xBC, 0x00, 0x2F, 0x7D, 0x00,
    0x3E, 0x3F, 0x81, 0xFC, 0x0F, 0xFF, 0xF4, 0x02, 0xFF, 0x80, 0x1F, 0x41, 0xF8, 0x07, 0xD3, 0xE0, 0x01, 0xFF, 0x80,
    0x00, 0x7E, 0x00, 0x00, 0x00, 0x00, 0x00, 0x00, 0x00, 0xBC, 0x00, 0x2F, 0xBC, 0x00, 0x2F, 0xBC, 0x00, 0x2F, 0xBC,
    0x00, 0x2F, 0xBC, 0x00, 0x2F, 0xBC, 0x00, 0x2F, 0xBC, 0x00, 0x2F, 0xBC, 0x00, 0x2F, 0xBC, 0x00, 0x2F, 0xBC, 0x00,
    0x2E, 0x7C, 0x00, 0x3E, 0x3D, 0x00, 0x7D, 0x3F, 0x91, 0xFC, 0x0F, 0xFF, 0xF0, 0x01, 0xFF, 0x80, 0x00, 0x00, 0x00,
    0x0F, 0xFF, 0xF4, 0x0F, 0xFF, 0xF4, 0x00, 0x00, 0x00, 0x00, 0x00, 0x00, 0x00, 0x00, 0x00, 0x00, 0x00, 0x00, 0x0F,
    0x40, 0xF4, 0x2F, 0xC2, 0xFC, 0x0F, 0x40, 0xF4, 0x00, 0x00, 0x00, 0x00, 0x00, 0x00, 0xBC, 0x00, 0x2F, 0xBC, 0x00,
    0x2F, 0xBC, 0x00, 0x2F, 0xBC, 0x00, 0x2F, 0xBC, 0x00, 0x2F, 0xBC, 0x00, 0x2F, 0xBC, 0x00, 0x2F, 0xBC, 0x00, 0x2F,
    0xBC, 0x00, 0x2F, 0xBC, 0x00, 0x2E, 0x7C, 0x00, 0x3E, 0x3D, 0x00, 0x7D, 0x3F, 0x91, 0xFC, 0x0F, 0xFF, 0xF0, 0x01,
    0xFF, 0x80, 0x00, 0x03, 0xE0, 0x00, 0x0B, 0xC0, 0x00, 0x1F, 0x00, 0x00, 0x3D, 0x00, 0x00, 0x00, 0x00, 0x00, 0x00,
    0x00, 0x00, 0x00, 0x00, 0x0F, 0x40, 0xF4, 0x2F, 0xC2, 0xFC, 0x0F, 0x40, 0xF4, 0x00, 0x00, 0x00, 0x00, 0x00, 0x00,
    0xBC, 0x00, 0x2F, 0xBC, 0x00, 0x2F, 0xBC, 0x00, 0x2F, 0xBC, 0x00, 0x2F, 0xBC, 0x00, 0x2F, 0xBC, 0x00, 0x2F, 0xBC,
    0x00, 0x2F, 0xBC, 0x00, 0x2F, 0xBC, 0x00, 0x2F, 0xBC, 0x00, 0x2E, 0x7C, 0x00, 0x3E, 0x3D, 0x00, 0x7D, 0x3F, 0x91,
    0xFC, 0x0F, 0xFF, 0xF0, 0x01, 0xFF, 0x80, 0x1F, 0x41, 0xF8, 0x07, 0xD3, 0xE0, 0x01, 0xFF, 0x80, 0x00, 0x7E, 0x00,
    0x00, 0x00, 0x00, 0x00, 0x00, 0x00, 0x00, 0x00, 0x00, 0x0F, 0x40, 0xF4, 0x2F, 0xC2, 0xFC, 0x0F, 0x40, 0xF4, 0x00,
    0x00, 0x00, 0x00, 0x00, 0x00, 0xBC, 0x00, 0x2F, 0xBC, 0x00, 0x2F, 0xBC, 0x00, 0x2F, 0xBC, 0x00, 0x2F, 0xBC, 0x00,
    0x2F, 0xBC, 0x00, 0x2F, 0xBC, 0x00, 0x2F, 0xBC, 0x00, 0x2F, 0xBC, 0x00, 0x2F, 0xBC, 0x00, 0x2E, 0x7C, 0x00, 0x3E,
    0x3D, 0x00, 0x7D, 0x3F, 0x91, 0xFC, 0x0F, 0xFF, 0xF0, 0x01, 0xFF, 0x80, 0x0B, 0xC0, 0x00, 0x02, 0xF0, 0x00, 0x00,
    0xF8, 0x00, 0x00, 0x3D, 0x00, 0x00, 0x00, 0x00, 0x00, 0x00, 0x00, 0x00, 0x00, 0x00, 0x0F, 0x40, 0xF4, 0x2F, 0xC2,
    0xFC, 0x0F, 0x40, 0xF4, 0x00, 0x00, 0x00, 0x00, 0x00, 0x00, 0xBC, 0x00, 0x2F, 0xBC, 0x00, 0x2F, 0xBC, 0x00, 0x2F,
    0xBC, 0x00, 0x2F, 0xBC, 0x00, 0x2F, 0xBC, 0x00, 0x2F, 0xBC, 0x00, 0x2F, 0xBC, 0x00, 0x2F, 0xBC, 0x00, 0x2F, 0xBC,
    0x00, 0x2E, 0x7C, 0x00, 0x3E, 0x3D, 0x00, 0x7D, 0x3F, 0x91, 0xFC, 0x0F, 0xFF, 0xF0, 0x01, 0xFF, 0x80, 0x1F, 0x41,
    0xF8, 0x07, 0xD3, 0xE0, 0x01, 0xFF, 0x80, 0x00, 0x7E, 0x00, 0x00, 0x00, 0x00, 0x00, 0x00, 0x00, 0x01, 0xFF, 0x80,
    0x0F, 0xFF, 0xF4, 0x3F, 0x91, 0xFC, 0x7D, 0x00, 0x3E, 0xBC, 0x00, 0x2F, 0xBC, 0x00, 0x1A, 0xBC, 0x00, 0x00, 0xBC,
    0x00, 0x00, 0xBC, 0x00, 0x00, 0xBC, 0x00, 0x00, 0xBC, 0x1F, 0xFF, 0xBC, 0x1F, 0xFF, 0xBC, 0x00, 0x1F, 0xBC, 0x00,
    0x1F, 0xBC, 0x00, 0x1F, 0xBC, 0x00, 0x2F, 0x7D, 0x00, 0x3E, 0x3F, 0x91, 0xFC, 0x0F, 0xFF, 0xF4, 0x01, 0xFF, 0x80,
    0x1F, 0x41, 0xF4, 0x07, 0xD7, 0xD0, 0x02, 0xFF, 0x80, 0x00, 0xBE, 0x00, 0x00, 0x00, 0x00, 0x00, 0x00, 0x00, 0x02,
    0xFD, 0x2E, 0x1F, 0xFF, 0xAE, 0x3F, 0x82, 0xFE, 0x7D, 0x00, 0x7E, 0xBC, 0x00, 0x3E, 0xBC, 0x00, 0x3E, 0xBC, 0x00,
    0x2E, 0xBC, 0x00, 0x2E, 0xBC, 0x00, 0x2E, 0xBC, 0x00, 0x3E, 0x7D, 0x00, 0x7E, 0x3F, 0x41, 0xFE, 0x1F, 0xFF, 0xAE,
    0x07, 0xFE, 0x2E, 0x00, 0x00, 0x2E, 0x00, 0x00, 0x3E, 0x00, 0x00, 0x3D, 0x00, 0x01, 0xFC, 0x0B, 0xFF, 0xF4, 0x0B,
    0xFF, 0x80, 0x02, 0xFF, 0x80, 0x0F, 0xFF, 0xF4, 0x3F, 0x91, 0xFC, 0x7D, 0x00, 0x3E, 0xBC, 0x00, 0x3E, 0xBC, 0x00,
    0x2F, 0xBC, 0x00, 0x2F, 0xBC, 0x00, 0x2F, 0xBC, 0x00, 0x2F, 0xBC, 0x00, 0x2F, 0xBC, 0x00, 0x2F, 0xBC, 0x00, 0x2F,
    0xBC, 0x00, 0x2F, 0xBC, 0x00, 0x2F, 0xBC, 0x00, 0x2F, 0xBC, 0x00, 0x3E, 0x7D, 0x00, 0x3D, 0x3F, 0x81, 0xF8, 0x0F,
    0xFF, 0xE0, 0x02, 0xFF, 0x40, 0x00, 0x0E, 0x00, 0x00, 0x2D, 0x00, 0x00, 0x3E, 0x00, 0x00, 0x3F, 0xF4, 0x00, 0x0B,
    0xF4, 0x02, 0xFF, 0x80, 0x0F, 0xFF, 0xF4, 0x3F, 0x91, 0xFC, 0x7D, 0x00, 0x3E, 0xBC, 0x00, 0x3F, 0xBC, 0x00, 0x2F,
    0xBC, 0x00, 0x2F, 0xBC, 0x00, 0x2F, 0xBC, 0x00, 0x2F, 0xBC, 0x00, 0x2F, 0xBC, 0x00, 0x3E, 0x7D, 0x00, 0x3D, 0x3F,
    0x81, 0xF8, 0x0F, 0xFF, 0xE0, 0x02, 0xFF, 0x40, 0x00, 0x0D, 0x00, 0x00, 0x3C, 0x00, 0x00, 0x3E, 0x00, 0x00, 0x3F,
    0xF0, 0x00, 0x0B, 0xF0, 0x00, 0x03, 0xE0, 0x00, 0x0B, 0xC0, 0x00, 0x1F, 0x00, 0x00, 0x3D, 0x00, 0x00, 0x00, 0x00,
    0x00, 0x00, 0x00, 0x01, 0xFF, 0x80, 0x0F, 0xFF, 0xF4, 0x3F, 0x91, 0xFC, 0x7D, 0x00, 0x3E, 0xBC, 0x00, 0x2F, 0xBC,
    0x00, 0x1A, 0xBC, 0x00, 0x00, 0xBC, 0x00, 0x00, 0xBC, 0x00, 0x00, 0xBC, 0x00, 0x00, 0xBC, 0x1F, 0xFF, 0xBC, 0x1F,
    0xFF, 0xBC, 0x00, 0x1F, 0xBC, 0x00, 0x1F, 0xBC, 0x00, 0x1F, 0xBC, 0x00, 0x2F, 0x7D, 0x00, 0x3E, 0x3F, 0x91, 0xFC,
    0x0F, 0xFF, 0xF4, 0x01, 0xFF, 0x80, 0x00, 0x03, 0xE0, 0x00, 0x0F, 0xC0, 0x00, 0x1F, 0x00, 0x00, 0x3D, 0x00, 0x00,
    0x00, 0x00, 0x00, 0x00, 0x00, 0x02, 0xFD, 0x2E, 0x1F, 0xFF, 0xAE, 0x3F, 0x82, 0xFE, 0x7D, 0x00, 0x7E, 0xBC, 0x00,
    0x3E, 0xBC, 0x00, 0x3E, 0xBC, 0x00, 0x2E, 0xBC, 0x00, 0x2E, 0xBC, 0x00, 0x2E, 0xBC, 0x00, 0x3E, 0x7D, 0x00, 0x7E,
    0x3F, 0x41, 0xFE, 0x1F, 0xFF, 0xAE, 0x07, 0xFE, 0x2E, 0x00, 0x00, 0x2E, 0x00, 0x00, 0x3E, 0x00, 0x00, 0x3D, 0x00,
    0x01, 0xFC, 0x0B, 0xFF, 0xF4, 0x0B, 0xFF, 0x80, 0x00, 0x00, 0x3E, 0x00, 0x00, 0x00, 0xBC, 0x00, 0x00, 0x01, 0xF0,
    0x00, 0x00, 0x03, 0xD0, 0x00, 0x00, 0x00, 0x00, 0x00, 0x00, 0x00, 0x00, 0x00, 0x00, 0x7F, 0xFF, 0xFD, 0x00, 0xBF,
    0xFF, 0xFD, 0x00, 0xF8, 0xF8, 0x00, 0x00, 0xF4, 0xF4, 0x00, 0x00, 0xF0, 0xF4, 0x00, 0x01, 0xF0, 0xF4, 0x00, 0x02,
    0xF0, 0xF4, 0x00, 0x03, 0xE0, 0xF4, 0x00, 0x03, 0xD0, 0xF8, 0x00, 0x03, 0xD0, 0xFF, 0xF8, 0x07, 0xC0, 0xFF, 0xF8,
    0x0B, 0xC0, 0xF4, 0x00, 0x0B, 0xC0, 0xF4, 0x00, 0x0F, 0xFF, 0xF4, 0x00, 0x0F, 0xFF, 0xF4, 0x00, 0x1F, 0x00, 0xF4,
    0x00, 0x2F, 0x00, 0xF4, 0x00, 0x2F, 0x00, 0xF8, 0x00, 0x3E, 0x00, 0xFF, 0xFD, 0x3D, 0x00, 0xFF, 0xFD, 0x00, 0x00,
    0x3E, 0x00, 0x00, 0x00, 0xBC, 0x00, 0x00, 0x01, 0xF0, 0x00, 0x00, 0x03, 0xD0, 0x00, 0x00, 0x00, 0x00, 0x00, 0x00,
    0x00, 0x00, 0x00, 0x02, 0xF8, 0x1F, 0xD0, 0x0F, 0xFF, 0x7F, 0xF4, 0x2F, 0x0B, 0xF0, 0xBC, 0x19, 0x03, 0xD0, 0x3C,
    0x00, 0x03, 0xD0, 0x3C, 0x00, 0x03, 0xD0, 0x3D, 0x07, 0xFF, 0xFF, 0xFD, 0x1F, 0xFF, 0xFF, 0xFD, 0x3F, 0x03, 0xD0,
    0x00, 0x3D, 0x03, 0xD0, 0x00, 0x3C, 0x03, 0xD0, 0x00, 0x3D, 0x03, 0xD0, 0x3C, 0x3F, 0x0B, 0xF0, 0xBC, 0x0F, 0xFF,
    0x7F, 0xF4, 0x03, 0xF8, 0x1F, 0xD0, 0x00, 0x00, 0x3E, 0x00, 0x00, 0x00, 0xBC, 0x00, 0x00, 0x01, 0xF0, 0x00, 0x00,
    0x03, 0xD0, 0x00, 0x00, 0x00, 0x00, 0x00, 0x00, 0x00, 0x00, 0x24, 0x00, 0x2F, 0xF8, 0xB8, 0x00, 0xFF, 0xFF, 0xF0,
    0x03, 0xF9, 0x1F, 0xE0, 0x07, 0xD0, 0x07, 0xD0, 0x0B, 0xC0, 0x0B, 0xE0, 0x0B, 0xC0, 0x0F, 0xF0, 0x0B, 0xC0, 0x3F,
    0xF0, 0x0B, 0xC0, 0x7E, 0xF0, 0x0B, 0xC0, 0xF6, 0xF0, 0x0B, 0xC2, 0xE2, 0xF0, 0x0B, 0xC3, 0xC2, 0xF0, 0x0B, 0xCB,
    0x82, 0xF0, 0x0B, 0xDF, 0x02, 0xF0, 0x0B, 0xFD, 0x02, 0xF0, 0x0B, 0xFC, 0x02, 0xF0, 0x0B, 0xF4, 0x03, 0xE0, 0x07,
    0xE0, 0x03, 0xE0, 0x03, 0xF4, 0x1F, 0xC0, 0x0B, 0xFF, 0xFF, 0x40, 0x0F, 0x2F, 0xF8, 0x00, 0x3D, 0x00, 0x00, 0x00,
    0x00, 0x00, 0x3E, 0x00, 0x00, 0x00, 0xBC, 0x00, 0x00, 0x01, 0xF0, 0x00, 0x00, 0x03, 0xD0, 0x00, 0x00, 0x00, 0x00,
    0x00, 0x00, 0x00, 0x00, 0xBC, 0x00, 0x2F, 0xF9, 0xF4, 0x00, 0xFF, 0xFF, 0xE0, 0x03, 0xF9, 0x1F, 0xC0, 0x07, 0xD0,
    0x0F, 0xD0, 0x0B, 0xC0, 0x3F, 0xE0, 0x0B, 0x80, 0xB9, 0xF0, 0x0B, 0x81, 0xF1, 0xF0, 0x0B, 0x83, 0xC1, 0xF0, 0x0B,
    0x8F, 0x41, 0xF0, 0x0B, 0x9E, 0x01, 0xF0, 0x0B, 0xFC, 0x02, 0xE0, 0x07, 0xF4, 0x03, 0xE0, 0x03, 0xF8, 0x1F, 0xC0,
    0x0B, 0xFF, 0xFF, 0x40, 0x1F, 0x1F, 0xF8, 0x00, 0x15, 0x00, 0x00, 0x00, 0x00, 0x7F, 0xE0, 0x00, 0x3F, 0xFF, 0xC0,
    0x0F, 0xE0, 0x7F, 0x01, 0xF4, 0x01, 0xF4, 0x1F, 0x00, 0x0F, 0x82, 0xF0, 0x00, 0x00, 0x1F, 0x00, 0x00, 0x00, 0xFC,
    0x00, 0x00, 0x07, 0xFE, 0x40, 0x00, 0x1F, 0xFF, 0x40, 0x00, 0x1B, 0xFE, 0x00, 0x00, 0x02, 0xF8, 0x00, 0x00, 0x0B,
    0xC0, 0x00, 0x00, 0x7C, 0x28, 0x00, 0x03, 0xC3, 0xE0, 0x00, 0x7C, 0x2F, 0x00, 0x0F, 0xC0, 0xFD, 0x47, 0xF4, 0x07,
    0xFF, 0xFE, 0x00, 0x0B, 0xFE, 0x00, 0x00, 0x00, 0x00, 0x00, 0x00, 0x00, 0x00, 0x00, 0x0B, 0xC0, 0x00, 0x01, 0xF4,
    0x00, 0x00, 0x3F, 0x00, 0x00, 0x0B, 0xC0, 0x00, 0x06, 0xFF, 0xD0, 0x2F, 0xFF, 0xF8, 0x3F, 0x41, 0xBD, 0x7C, 0x00,
    0x3E, 0x7C, 0x00, 0x00, 0x7D, 0x00, 0x00, 0x3F, 0xFE, 0x40, 0x0B, 0xFF, 0xF8, 0x00, 0x05, 0xFD, 0x00, 0x00, 0x3E,
    0x10, 0x00, 0x2F, 0xBC, 0x00, 0x2F, 0x7E, 0x41, 0xBE, 0x2F, 0xFF, 0xFC, 0x07, 0xFF, 0xD0, 0x00, 0x00, 0x00, 0x00,
    0x00, 0x00, 0x00, 0x2F, 0x00, 0x00, 0x7D, 0x00, 0x00, 0xFC, 0x00, 0x02, 0xF0, 0x00, 0xBF, 0xFF, 0xFF, 0xEB, 0xFF,
    0xFF, 0xFE, 0x00, 0x0F, 0x40, 0x00, 0x00, 0xF4, 0x00, 0x00, 0x0F, 0x40, 0x00, 0x00, 0xF4, 0x00, 0x00, 0x0F, 0x40,
    0x00, 0x00, 0xF4, 0x00, 0x00, 0x0F, 0x40, 0x00, 0x00, 0xF4, 0x00, 0x00, 0x0F, 0x40, 0x00, 0x00, 0xF4, 0x00, 0x00,
    0x0F, 0x40, 0x00, 0x00, 0xF4, 0x00, 0x00, 0x0F, 0x40, 0x00, 0x00, 0xF4, 0x00, 0x00, 0x0F, 0x40, 0x00, 0x00, 0xF4,
    0x00, 0x00, 0x0F, 0x40, 0x00, 0x00, 0xF4, 0x00, 0x00, 0x00, 0x00, 0x00, 0x00, 0x00, 0x00, 0x00, 0x0B, 0xC0, 0x00,
    0x01, 0xF4, 0x00, 0x00, 0x3F, 0x00, 0x00, 0x0B, 0xC0, 0x00, 0x00, 0x7C, 0x00, 0x00, 0x07, 0xC0, 0x00, 0x00, 0x7C,
    0x00, 0x00, 0x07, 0xC0, 0x00, 0xBF, 0xFF, 0xFF, 0xCB, 0xFF, 0xFF, 0xFC, 0x00, 0xBC, 0x00, 0x00, 0x07, 0xC0, 0x00,
    0x00, 0x7C, 0x00, 0x00, 0x07, 0xC0, 0x00, 0x00, 0x7C, 0x00, 0x00, 0x07, 0xC0, 0x00, 0x00, 0x7C, 0x00, 0x00, 0x07,
    0xC0, 0x00, 0x00, 0x7C, 0x00, 0x00, 0x07, 0xC0, 0x00, 0x00, 0x3E, 0x00, 0x00, 0x02, 0xFF, 0xFC, 0x00, 0x0B, 0xFF,
    0xC0, 0x00, 0x00, 0x00, 0x00, 0x00, 0x00, 0x00, 0x00, 0x0F, 0xC0, 0x00, 0x02, 0xF0, 0x00, 0x00, 0x7D, 0x00, 0x00,
    0x0F, 0x80, 0x00, 0x00, 0x00, 0x00, 0x00, 0x00, 0xFF, 0xFF, 0x40, 0x00, 0xFF, 0xFF, 0x40, 0x00, 0x00, 0x00, 0x00,
    0x00, 0x00, 0x00, 0x00, 0x00, 0x00, 0x00, 0x00, 0x3F, 0x00, 0x00, 0x7C, 0x1F, 0x00, 0x00, 0xF8, 0x0F, 0x80, 0x01,
    0xF0, 0x07, 0xC0, 0x03, 0xE0, 0x03, 0xE0, 0x07, 0xC0, 0x01, 0xF0, 0x0F, 0x80, 0x00, 0xF8, 0x1F, 0x00, 0x00, 0xBC,
    0x2E, 0x00, 0x00, 0x3D, 0x3C, 0x00, 0x00, 0x2F, 0xBC, 0x00, 0x00, 0x0F, 0xF4, 0x00, 0x00, 0x0B, 0xF0, 0x00, 0x00,
    0x03, 0xD0, 0x00, 0x00, 0x03, 0xD0, 0x00, 0x00, 0x03, 0xD0, 0x00, 0x00, 0x03, 0xD0, 0x00, 0x00, 0x03, 0xD0, 0x00,
    0x00, 0x03, 0xD0, 0x00, 0x00, 0x03, 0xD0, 0x00, 0x00, 0x03, 0xD0, 0x00, 0x00, 0x00, 0x00, 0x00, 0x3F, 0xFF, 0xD0,
    0x03, 0xFF, 0xFD, 0x00, 0x00, 0x00, 0x00, 0x00, 0x00, 0x00, 0x00, 0x00, 0x00, 0x00, 0x7D, 0x00, 0x03, 0xE3, 0xE0,
    0x00, 0x7C, 0x2F, 0x00, 0x0B, 0xC0, 0xF4, 0x00, 0xF4, 0x0F, 0xC0, 0x1F, 0x00, 0x7C, 0x02, 0xE0, 0x03, 0xE0, 0x3D,
    0x00, 0x2F, 0x07, 0xC0, 0x00, 0xF4, 0xF8, 0x00, 0x0F, 0x8F, 0x00, 0x00, 0x7D, 0xF0, 0x00, 0x03, 0xFD, 0x00, 0x00,
    0x2F, 0xC0, 0x00, 0x01, 0xF8, 0x00, 0x00, 0x0F, 0x40, 0x00, 0x02, 0xF0, 0x00, 0x00, 0x3E, 0x00, 0x00, 0x07, 0xD0,
    0x00, 0x00, 0xBC, 0x00, 0x00, 0x0F, 0x80, 0x00, 0xBF, 0xFF, 0xFB, 0xFF, 0xFF, 0x00, 0x02, 0xF0, 0x00, 0x2F, 0x00,
    0x02, 0xF0, 0x00, 0x2F, 0x00, 0x02, 0xF0, 0x00, 0x2F, 0x00, 0x02, 0xF0, 0x00, 0x2F, 0x00, 0x02, 0xF0, 0x00, 0x2F,
    0x00, 0x02, 0xF0, 0x00, 0x2F, 0x00, 0x02, 0xE0, 0x00, 0x3E, 0x00, 0x07, 0xD0, 0x06, 0xFC, 0xBF, 0xFF, 0x0B, 0xFF,
    0x40, 0x02, 0xFF, 0x80, 0x1F, 0xFF, 0xF0, 0x3F, 0x41, 0xFC, 0x7C, 0x00, 0x3D, 0x00, 0x00, 0x3E, 0x00, 0x00, 0x2F,
    0x00, 0x00, 0x2F, 0xBF, 0xFF, 0xFF, 0xBF, 0xFF, 0xFF, 0xBC, 0x00, 0x2F, 0x7C, 0x00, 0x2E, 0x3D, 0x00, 0x3D, 0x3F,
    0x41, 0xFC, 0x0F, 0xFF, 0xF0, 0x01, 0xFF, 0x80, 0x7D, 0x02, 0xF0, 0x0F, 0x80, 0x3D, 0x07, 0xC0, 0xF4, 0x3E, 0x0B,
    0xC0, 0x02, 0xF4, 0x00, 0xBF, 0xD0, 0x2F, 0x5F, 0x4B, 0xD0, 0x7D, 0x0A, 0x01, 0x83, 0xFD, 0x2C, 0x74, 0xFB, 0xC7,
    0x42, 0xF4, 0x00, 0x00, 0x07, 0xFF, 0xFC, 0x7F, 0xFF, 0xC0, 0x78, 0x03, 0xC3, 0xD0, 0xBC, 0x2F, 0xFF, 0x40, 0x7F,
    0xD0, 0x1F, 0x4F, 0xF2, 0xF4, 0x7C, 0x07, 0xCF, 0xE0, 0xFE, 0x7C, 0x07, 0xC0, 0x00, 0x0B, 0xFC, 0xBF, 0xE0, 0x2E,
    0x03, 0xC0, 0xF4, 0x0B, 0xE0, 0x3D, 0x78, 0x34, 0x2C, 0x74, 0x2C, 0x3C, 0x3C, 0x0F, 0xF0, 0x00, 0x00, 0x02, 0xF0,
    0xF8, 0x07, 0xC2, 0xF0, 0x0F, 0x47, 0xC0, 0x3E, 0x0F, 0x40, 0xBC, 0x07, 0xD2, 0xF1, 0xF4, 0x0B, 0xFD, 0x00, 0x2F,
    0x40, 0x3E, 0x0F, 0x40, 0x0F, 0x47, 0xC0, 0x07, 0xC1, 0xF0, 0x02, 0xF0, 0xB8, 0x00, 0x90, 0x2E, 0x03, 0xD0, 0xBC,
    0x0F, 0x82, 0xF4, 0x7F, 0x00, 0x06, 0x02, 0xD0, 0xB4, 0xFC, 0x7D, 0x00, 0x1F, 0x4F, 0xF2, 0xF4, 0x0B, 0xE0, 0x3C,
    0x7C, 0x74, 0x2C, 0x38, 0x3C, 0x1F, 0xF0, 0x00, 0x00, 0x03, 0xF0, 0x1F, 0x40, 0xF8, 0x0B, 0xC0, 0x2C, 0x03, 0xD0,
    0x0B, 0xD0, 0x2F, 0x03, 0xEB, 0xF8, 0x00, 0x00, 0x01, 0x40, 0x3C, 0x03, 0xD0, 0x0F, 0x00, 0x3F, 0xA0, 0x2F, 0xC0,
    0x00, 0x00, 0x00, 0x00, 0x00, 0xFF, 0xFF, 0xFF, 0xFF, 0xF3, 0xFF, 0xFF, 0xFF, 0xFF, 0xC0, 0x00, 0x00, 0x00, 0x64,
    0x00, 0x00, 0x00, 0xF4, 0x00, 0x00, 0x03, 0xE0, 0x00, 0x00, 0x0B, 0xC0, 0x00, 0x00, 0x1F, 0x00, 0x00, 0x00, 0x3D,
    0x00, 0x00, 0x00, 0xB8, 0x00, 0x00, 0x01, 0xF0, 0x00, 0x00, 0x03, 0xD0, 0x00, 0x00, 0x0F, 0x80, 0x00, 0x00, 0x2F,
    0x00, 0x00, 0x00, 0x7C, 0x00, 0x00, 0x00, 0xF4, 0x00, 0x00, 0x02, 0xE0, 0x00, 0x00, 0x07, 0xC0, 0x00, 0x00, 0x0F,
    0x40, 0x00, 0x00, 0x3E, 0x00, 0x00, 0x00, 0x00, 0x00, 0x14, 0x00, 0x00, 0x38, 0x00, 0x00, 0xB0, 0x00, 0x00, 0xF0,
    0x00, 0x01, 0xD0, 0x00, 0x03, 0xC0, 0x00, 0x03, 0x80, 0x00, 0x0B, 0x00, 0x00, 0x0E, 0x00, 0x00, 0x1D, 0x00, 0x00,
    0x3C, 0x00, 0x00, 0x74, 0x00, 0x00, 0xB0, 0x00, 0x00, 0xE0, 0x00, 0x02, 0xC0, 0x00, 0x03, 0xC0, 0x00, 0x07, 0x40,
    0x00, 0x0F, 0x00, 0x00, 0x0E, 0x00, 0x00, 0x2C, 0x00, 0x00, 0x38, 0x00, 0x00, 0x0B, 0xF0, 0x3F, 0x80, 0xFC, 0x07,
    0xE0, 0x2F, 0x40, 0xFC, 0x03, 0xD0, 0x1F, 0x00, 0x14, 0x00, 0x0F, 0xC0, 0xF8, 0x1F, 0x41, 0xF0, 0x2F, 0x03, 0xF0,
    0x3E, 0x03, 0xD0, 0x1F, 0x83, 0xFD, 0x3F, 0xD1, 0xF8, 0x00, 0x00, 0x00, 0x00, 0x00, 0x00, 0x00, 0x00, 0x00, 0x00,
    0x00, 0xFC, 0x1F, 0x81, 0xF4, 0x2F, 0x03, 0xF0, 0x3E, 0x03, 0xD0, 0x7C, 0x00, 0x03, 0xF0, 0x2F, 0x01, 0xF4, 0x0F,
    0x80, 0x00, 0x0F, 0x00, 0x03, 0xD0, 0x00, 0x78, 0x02, 0x86, 0x28, 0x7E, 0x07, 0xEB, 0xF0, 0xBF, 0x3D, 0x03, 0xD0,
    0x1F, 0x0B, 0xF0, 0x00, 0xF8, 0x3F, 0xC0, 0x03, 0xC0, 0xFF, 0x40, 0x2F, 0x07, 0xEE, 0x00, 0x00, 0x2E, 0x7C, 0x00,
    0x00, 0xF4, 0xF0, 0x00, 0x03, 0xC3, 0xD0, 0x00, 0x1F, 0x0B, 0x80, 0x00, 0xB8, 0x1F, 0x00, 0x03, 0xD0, 0x3C, 0x00,
    0x0F, 0x00, 0xF4, 0x00, 0x7C, 0x03, 0xE0, 0x02, 0xE0, 0x0B, 0xC0, 0x0F, 0xFF, 0xFF, 0x00, 0x3F, 0xFF, 0xFD, 0x02,
    0xF0, 0x00, 0xF8, 0x0F, 0x80, 0x02, 0xF0, 0x3D, 0x00, 0x07, 0xC1, 0xF0, 0x00, 0x0F, 0x4B, 0xC0, 0x00, 0x2E, 0x1F,
    0x83, 0xFC, 0x3F, 0xC1, 0xF8, 0x0F, 0x87, 0xFF, 0xFF, 0xF0, 0x3D, 0x1F, 0xFF, 0xFF, 0xC2, 0xF0, 0x7C, 0x00, 0x00,
    0x0F, 0x41, 0xF0, 0x00, 0x00, 0x00, 0x07, 0xC0, 0x00, 0x00, 0x00, 0x1F, 0x00, 0x00, 0x00, 0x00, 0x7C, 0x00, 0x00,
    0x00, 0x01, 0xF0, 0x00, 0x00, 0x00, 0x07, 0xC0, 0x00, 0x00, 0x00, 0x1F, 0xFF, 0xFF, 0x00, 0x00, 0x7F, 0xFF, 0xFC,
    0x00, 0x01, 0xF0, 0x00, 0x00, 0x00, 0x07, 0xC0, 0x00, 0x00, 0x00, 0x1F, 0x00, 0x00, 0x00, 0x00, 0x7C, 0x00, 0x00,
    0x00, 0x01, 0xF0, 0x00, 0x00, 0x00, 0x07, 0xC0, 0x00, 0x00, 0x00, 0x1F, 0x00, 0x00, 0x00, 0x00, 0x7F, 0xFF, 0xFF,
    0x00, 0x01, 0xFF, 0xFF, 0xFC, 0x0F, 0x87, 0xC0, 0x02, 0xE0, 0xF4, 0x7C, 0x00, 0x2E, 0x2F, 0x07, 0xC0, 0x02, 0xE3,
    0xD0, 0x7C, 0x00, 0x2E, 0x00, 0x07, 0xC0, 0x02, 0xE0, 0x00, 0x7C, 0x00, 0x2E, 0x00, 0x07, 0xC0, 0x02, 0xE0, 0x00,
    0x7C, 0x00, 0x2E, 0x00, 0x07, 0xC0, 0x03, 0xE0, 0x00, 0x7F, 0xFF, 0xFE, 0x00, 0x07, 0xFF, 0xFF, 0xE0, 0x00, 0x7C,
    0x00, 0x2E, 0x00, 0x07, 0xC0, 0x02, 0xE0, 0x00, 0x7C, 0x00, 0x2E, 0x00, 0x07, 0xC0, 0x02, 0xE0, 0x00, 0x7C, 0x00,
    0x2E, 0x00, 0x07, 0xC0, 0x02, 0xE0, 0x00, 0x7C, 0x00, 0x2E, 0x00, 0x07, 0xC0, 0x02, 0xE0, 0x00, 0x7C, 0x00, 0x2E,
    0x0F, 0x83, 0xFF, 0xFF, 0xD0, 0xF4, 0x3F, 0xFF, 0xFD, 0x2F, 0x00, 0x07, 0xD0, 0x03, 0xD0, 0x00, 0x3D, 0x00, 0x00,
    0x00, 0x03, 0xD0, 0x00, 0x00, 0x00, 0x3D, 0x00, 0x00, 0x00, 0x03, 0xD0, 0x00, 0x00, 0x00, 0x3D, 0x00, 0x00, 0x00,
    0x03, 0xD0, 0x00, 0x00, 0x00, 0x3D, 0x00, 0x00, 0x00, 0x03, 0xD0, 0x00, 0x00, 0x00, 0x3D, 0x00, 0x00, 0x00, 0x03,
    0xD0, 0x00, 0x00, 0x00, 0x3D, 0x00, 0x00, 0x00, 0x03, 0xD0, 0x00, 0x00, 0x00, 0x3D, 0x00, 0x00, 0x00, 0x03, 0xD0,
    0x00, 0x00, 0x00, 0x7D, 0x00, 0x00, 0x03, 0xFF, 0xFF, 0xD0, 0x00, 0x3F, 0xFF, 0xFD, 0x0F, 0x80, 0x7F, 0xE0, 0x03,
    0xC0, 0xFF, 0xFF, 0x42, 0xF0, 0xFE, 0x47, 0xF0, 0xF4, 0x7D, 0x00, 0x3D, 0x00, 0x2F, 0x00, 0x0F, 0x80, 0x0B, 0xC0,
    0x02, 0xF0, 0x02, 0xF0, 0x00, 0xBC, 0x00, 0xBC, 0x00, 0x2F, 0x00, 0x2F, 0x00, 0x0B, 0xC0, 0x0B, 0xC0, 0x02, 0xF0,
    0x02, 0xF0, 0x00, 0xBC, 0x00, 0xBC, 0x00, 0x2F, 0x00, 0x2F, 0x00, 0x0B, 0xC0, 0x0B, 0xC0, 0x02, 0xF0, 0x02, 0xF0,
    0x00, 0xBC, 0x00, 0xBC, 0x00, 0x3E, 0x00, 0x1F, 0x40, 0x0F, 0x40, 0x03, 0xF8, 0x1F, 0xC0, 0x00, 0x3F, 0xFF, 0xD0,
    0x00, 0x02, 0xFF, 0x80, 0x0F, 0x7F, 0x00, 0x00, 0x7C, 0x1F, 0x1F, 0x00, 0x00, 0xF8, 0x3E, 0x0F, 0x80, 0x01, 0xF0,
    0x3C, 0x07, 0xC0, 0x03, 0xE0, 0x00, 0x03, 0xE0, 0x07, 0xC0, 0x00, 0x01, 0xF0, 0x0F, 0x80, 0x00, 0x00, 0xF8, 0x1F,
    0x00, 0x00, 0x00, 0xBC, 0x2E, 0x00, 0x00, 0x00, 0x3D, 0x3C, 0x00, 0x00, 0x00, 0x2F, 0xBC, 0x00, 0x00, 0x00, 0x0F,
    0xF4, 0x00, 0x00, 0x00, 0x0B, 0xF0, 0x00, 0x00, 0x00, 0x03, 0xD0, 0x00, 0x00, 0x00, 0x03, 0xD0, 0x00, 0x00, 0x00,
    0x03, 0xD0, 0x00, 0x00, 0x00, 0x03, 0xD0, 0x00, 0x00, 0x00, 0x03, 0xD0, 0x00, 0x00, 0x00, 0x03, 0xD0, 0x00, 0x00,
    0x00, 0x03, 0xD0, 0x00, 0x00, 0x00, 0x03, 0xD0, 0x00, 0x0F, 0x80, 0xBF, 0xE0, 0x00, 0xF0, 0x3F, 0xFF, 0xD0, 0x2F,
    0x0F, 0xE4, 0x7F, 0x03, 0xD1, 0xF4, 0x00, 0xF8, 0x00, 0x2F, 0x00, 0x0B, 0xC0, 0x03, 0xE0, 0x00, 0x7C, 0x00, 0x3E,
    0x00, 0x07, 0xC0, 0x03, 0xE0, 0x00, 0x7C, 0x00, 0x3E, 0x00, 0x07, 0xC0, 0x03, 0xE0, 0x00, 0x7C, 0x00, 0x3E, 0x00,
    0x07, 0xC0, 0x03, 0xE0, 0x00, 0x7C, 0x00, 0x3E, 0x00, 0x07, 0xC0, 0x03, 0xE0, 0x00, 0x7C, 0x00, 0x2E, 0x00, 0x0B,
    0xC0, 0x01, 0xF0, 0x00, 0xF8, 0x00, 0x0F, 0x80, 0x2F, 0x00, 0x00, 0x2F, 0x0F, 0xD0, 0x00, 0xBF, 0xF0, 0xFF, 0xF0,
    0x0B, 0xFF, 0x0F, 0xFF, 0x00, 0x00, 0xF0, 0x00, 0x00, 0x3D, 0x00, 0x00, 0x07, 0x80, 0x00, 0x28, 0x62, 0x80, 0x07,
    0xE0, 0x7E, 0x00, 0xBF, 0x0B, 0xF0, 0x03, 0xD0, 0x3D, 0x00, 0x00, 0x00, 0x00, 0x00, 0x00, 0x00, 0x0B, 0xFF, 0xF0,
    0x00, 0xBF, 0xFF, 0x00, 0x00, 0x01, 0xF0, 0x00, 0x00, 0x1F, 0x00, 0x00, 0x01, 0xF0, 0x00, 0x00, 0x1F, 0x00, 0x00,
    0x01, 0xF0, 0x00, 0x00, 0x1F, 0x00, 0x00, 0x01, 0xF0, 0x00, 0x00, 0x1F, 0x00, 0x00, 0x00, 0xF0, 0x00, 0x00, 0x0F,
    0x40, 0x00, 0x00, 0xFD, 0x00, 0x00, 0x07, 0xFF, 0xF0, 0x00, 0x1F, 0xFF, 0x00, 0x2F, 0xC0, 0x00, 0x03, 0xFC, 0x00,
    0x00, 0x3F, 0xD0, 0x00, 0x07, 0xEE, 0x00, 0x00, 0xB9, 0xF0, 0x00, 0x0F, 0x4F, 0x00, 0x00, 0xF0, 0xF4, 0x00, 0x1F,
    0x0B, 0x80, 0x02, 0xE0, 0x7C, 0x00, 0x3D, 0x03, 0xC0, 0x03, 0xC0, 0x3D, 0x00, 0x7C, 0x03, 0xE0, 0x0B, 0x80, 0x2F,
    0x00, 0xFF, 0xFF, 0xF0, 0x0F, 0xFF, 0xFF, 0x42, 0xF0, 0x00, 0xF8, 0x3E, 0x00, 0x0B, 0xC3, 0xD0, 0x00, 0x7C, 0x7C,
    0x00, 0x03, 0xDB, 0xC0, 0x00, 0x2E, 0x7F, 0xFF, 0x80, 0x1F, 0xFF, 0xFD, 0x07, 0xC0, 0x1F, 0xC1, 0xF0, 0x00, 0xF8,
    0x7C, 0x00, 0x2F, 0x1F, 0x00, 0x0B, 0xC7, 0xC0, 0x02, 0xE1, 0xF0, 0x00, 0xF4, 0x7C, 0x01, 0xF8, 0x1F, 0xFF, 0xF4,
    0x07, 0xFF, 0xFF, 0x01, 0xF0, 0x02, 0xF0, 0x7C, 0x00, 0x2F, 0x1F, 0x00, 0x07, 0xC7, 0xC0, 0x00, 0xF5, 0xF0, 0x00,
    0x7C, 0x7C, 0x00, 0x2F, 0x1F, 0x00, 0x7F, 0x87, 0xFF, 0xFF, 0x81, 0xFF, 0xFE, 0x40, 0x7F, 0xFF, 0xFF, 0x7F, 0xFF,
    0xFF, 0x7C, 0x00, 0x00, 0x7C, 0x00, 0x00, 0x7C, 0x00, 0x00, 0x7C, 0x00, 0x00, 0x7C, 0x00, 0x00, 0x7C, 0x00, 0x00,
    0x7C, 0x00, 0x00, 0x7C, 0x00, 0x00, 0x7C, 0x00, 0x00, 0x7C, 0x00, 0x00, 0x7C, 0x00, 0x00, 0x7C, 0x00, 0x00, 0x7C,
    0x00, 0x00, 0x7C, 0x00, 0x00, 0x7C, 0x00, 0x00, 0x7C, 0x00, 0x00, 0x7C, 0x00, 0x00, 0x7C, 0x00, 0x00, 0x00, 0x2F,
    0xC0, 0x00, 0x03, 0xFC, 0x00, 0x00, 0x3F, 0xD0, 0x00, 0x07, 0xEE, 0x00, 0x00, 0xB9, 0xF0, 0x00, 0x0F, 0x4F, 0x00,
    0x00, 0xF0, 0xF4, 0x00, 0x1F, 0x0B, 0x80, 0x02, 0xE0, 0x7C, 0x00, 0x3D, 0x03, 0xC0, 0x03, 0xC0, 0x3D, 0x00, 0x7C,
    0x02, 0xE0, 0x0B, 0x80, 0x1F, 0x00, 0xF4, 0x00, 0xF0, 0x0F, 0x00, 0x0F, 0x42, 0xF0, 0x00, 0xB8, 0x3E, 0x00, 0x07,
    0xC3, 0xE0, 0x00, 0x7C, 0x7F, 0xFF, 0xFF, 0xDB, 0xFF, 0xFF, 0xFE, 0x7F, 0xFF, 0xFF, 0x1F, 0xFF, 0xFF, 0xC7, 0xC0,
    0x00, 0x01, 0xF0, 0x00, 0x00, 0x7C, 0x00, 0x00, 0x1F, 0x00, 0x00, 0x07, 0xC0, 0x00, 0x01, 0xF0, 0x00, 0x00, 0x7C,
    0x00, 0x00, 0x1F, 0xFF, 0xFF, 0x07, 0xFF, 0xFF, 0xC1, 0xF0, 0x00, 0x00, 0x7C, 0x00, 0x00, 0x1F, 0x00, 0x00, 0x07,
    0xC0, 0x00, 0x01, 0xF0, 0x00, 0x00, 0x7C, 0x00, 0x00, 0x1F, 0x00, 0x00, 0x07, 0xFF, 0xFF, 0xF1, 0xFF, 0xFF, 0xFC,
    0xBF, 0xFF, 0xFE, 0xBF, 0xFF, 0xFE, 0x00, 0x00, 0x3E, 0x00, 0x00, 0xBC, 0x00, 0x00, 0xF4, 0x00, 0x02, 0xF0, 0x00,
    0x07, 0xD0, 0x00, 0x0F, 0x80, 0x00, 0x1F, 0x00, 0x00, 0x3E, 0x00, 0x00, 0xBC, 0x00, 0x00, 0xF4, 0x00, 0x03, 0xF0,
    0x00, 0x07, 0xD0, 0x00, 0x0F, 0x80, 0x00, 0x1F, 0x00, 0x00, 0x3E, 0x00, 0x00, 0xBC, 0x00, 0x00, 0xBF, 0xFF, 0xFF,
    0xBF, 0xFF, 0xFF, 0x7C, 0x00, 0x2E, 0x7C, 0x00, 0x2E, 0x7C, 0x00, 0x2E, 0x7C, 0x00, 0x2E, 0x7C, 0x00, 0x2E, 0x7C,
    0x00, 0x2E, 0x7C, 0x00, 0x2E, 0x7C, 0x00, 0x2E, 0x7C, 0x00, 0x3E, 0x7F, 0xFF, 0xFE, 0x7F, 0xFF, 0xFE, 0x7C, 0x00,
    0x2E, 0x7C, 0x00, 0x2E, 0x7C, 0x00, 0x2E, 0x7C, 0x00, 0x2E, 0x7C, 0x00, 0x2E, 0x7C, 0x00, 0x2E, 0x7C, 0x00, 0x2E,
    0x7C, 0x00, 0x2E, 0x7C, 0x00, 0x2E, 0x02, 0xFF, 0x80, 0x0F, 0xFF, 0xF4, 0x3F, 0x91, 0xFC, 0x7D, 0x00, 0x3E, 0xBC,
    0x00, 0x3E, 0xBC, 0x00, 0x2F, 0xBC, 0x00, 0x2F, 0xBC, 0x00, 0x2F, 0xBC, 0x00, 0x2F, 0xBD, 0xFF, 0xAF, 0xBD, 0xFF,
    0xAF, 0xBC, 0x00, 0x2F, 0xBC, 0x00, 0x2F, 0xBC, 0x00, 0x2F, 0xBC, 0x00, 0x2F, 0xBC, 0x00, 0x3E, 0x7D, 0x00, 0x3D,
    0x3F, 0x81, 0xFC, 0x0F, 0xFF, 0xF4, 0x02, 0xFF, 0x80, 0x3F, 0xFF, 0xFD, 0x3F, 0xFF, 0xFD, 0x00, 0x7D, 0x00, 0x00,
    0x3D, 0x00, 0x00, 0x3D, 0x00, 0x00, 0x3D, 0x00, 0x00, 0x3D, 0x00, 0x00, 0x3D, 0x00, 0x00, 0x3D, 0x00, 0x00, 0x3D,
    0x00, 0x00, 0x3D, 0x00, 0x00, 0x3D, 0x00, 0x00, 0x3D, 0x00, 0x00, 0x3D, 0x00, 0x00, 0x3D, 0x00, 0x00, 0x3D, 0x00,
    0x00, 0x3D, 0x00, 0x00, 0x7D, 0x00, 0x3F, 0xFF, 0xFD, 0x3F, 0xFF, 0xFD, 0xBC, 0x00, 0x0F, 0x8B, 0xC0, 0x02, 0xF0,
    0xBC, 0x00, 0x3E, 0x0B, 0xC0, 0x0B, 0xC0, 0xBC, 0x00, 0xF8, 0x0B, 0xC0, 0x2F, 0x00, 0xBC, 0x03, 0xE0, 0x0B, 0xC0,
    0xBC, 0x00, 0xBC, 0x0F, 0x80, 0x0B, 0xFF, 0xF0, 0x00, 0xBF, 0xFF, 0x40, 0x0B, 0xC0, 0xFC, 0x00, 0xBC, 0x07, 0xD0,
    0x0B, 0xC0, 0x3F, 0x00, 0xBC, 0x01, 0xF4, 0x0B, 0xC0, 0x0F, 0xC0, 0xBC, 0x00, 0x7D, 0x0B, 0xC0, 0x03, 0xF0, 0xBC,
    0x00, 0x1F, 0x4B, 0xC0, 0x00, 0xFC, 0x00, 0x2F, 0xC0, 0x00, 0x03, 0xFC, 0x00, 0x00, 0x3F, 0xD0, 0x00, 0x07, 0xEE,
    0x00, 0x00, 0xB9, 0xF0, 0x00, 0x0F, 0x4F, 0x00, 0x00, 0xF0, 0xF4, 0x00, 0x1F, 0x0B, 0x80, 0x02, 0xE0, 0x7C, 0x00,
    0x3D, 0x03, 0xC0, 0x03, 0xC0, 0x3D, 0x00, 0x7C, 0x02, 0xE0, 0x0B, 0x80, 0x1F, 0x00, 0xF4, 0x00, 0xF0, 0x0F, 0x00,
    0x0F, 0x42, 0xF0, 0x00, 0xB8, 0x3E, 0x00, 0x07, 0xC3, 0xD0, 0x00, 0x3C, 0x7C, 0x00, 0x03, 0xDB, 0xC0, 0x00, 0x2E,
    0x3F, 0x80, 0x1F, 0xD3, 0xFC, 0x03, 0xFD, 0x3E, 0xD0, 0x3B, 0xD3, 0xDE, 0x07, 0x7D, 0x3C, 0xF0, 0xB3, 0xD3, 0xCB,
    0x0F, 0x3D, 0x3C, 0x75, 0xD3, 0xD3, 0xD3, 0xAC, 0x3D, 0x3D, 0x3F, 0xC3, 0xD3, 0xD2, 0xF8, 0x3D, 0x3D, 0x0F, 0x43,
    0xD3, 0xD0, 0x00, 0x3D, 0x3D, 0x00, 0x03, 0xD3, 0xD0, 0x00, 0x3D, 0x3D, 0x00, 0x03, 0xD3, 0xD0, 0x00, 0x3D, 0x3D,
    0x00, 0x03, 0xD3, 0xD0, 0x00, 0x3D, 0x3D, 0x00, 0x03, 0xD3, 0xD0, 0x00, 0x3D, 0xBF, 0x00, 0x2F, 0xBF, 0x00, 0x2F,
    0xBF, 0x80, 0x2F, 0xBF, 0xC0, 0x2F, 0xBB, 0xD0, 0x2F, 0xBA, 0xE0, 0x2F, 0xB8, 0xF0, 0x2F, 0xBC, 0xF4, 0x2F, 0xBC,
    0xB8, 0x2F, 0xBC, 0x3C, 0x2F, 0xBC, 0x3D, 0x2F, 0xBC, 0x1E, 0x2F, 0xBC, 0x0F, 0x2F, 0xBC, 0x0F, 0x6F, 0xBC, 0x07,
    0xDF, 0xBC, 0x03, 0xEF, 0xBC, 0x02, 0xFF, 0xBC, 0x01, 0xFF, 0xBC, 0x00, 0xFF, 0xBC, 0x00, 0xBF, 0xFF, 0xFF, 0xFF,
    0x3F, 0xFF, 0xFF, 0xC0, 0x00, 0x00, 0x00, 0x00, 0x00, 0x00, 0x00, 0x00, 0x00, 0x00, 0x00, 0x00, 0x00, 0x00, 0x00,
    0x00, 0x00, 0x00, 0x00, 0x00, 0x00, 0x00, 0x0F, 0xFF, 0xFF, 0x03, 0xFF, 0xFF, 0xC0, 0x00, 0x00, 0x00, 0x00, 0x00,
    0x00, 0x00, 0x00, 0x00, 0x00, 0x00, 0x00, 0x00, 0x00, 0x00, 0x00, 0x00, 0x00, 0x00, 0x00, 0x00, 0x00, 0x0F, 0xFF,
    0xFF, 0xF3, 0xFF, 0xFF, 0xFC, 0x01, 0xFF, 0x80, 0x0F, 0xFF, 0xF4, 0x3F, 0x91, 0xFC, 0x7D, 0x00, 0x3D, 0xBC, 0x00,
    0x3E, 0xBC, 0x00, 0x2F, 0xBC, 0x00, 0x2F, 0xBC, 0x00, 0x2F, 0xBC, 0x00, 0x2F, 0xBC, 0x00, 0x2F, 0xBC, 0x00, 0x2F,
    0xBC, 0x00, 0x2F, 0xBC, 0x00, 0x2F, 0xBC, 0x00, 0x2F, 0xBC, 0x00, 0x2F, 0xBC, 0x00, 0x3E, 0x7D, 0x00, 0x3D, 0x3F,
    0x81, 0xFC, 0x0F, 0xFF, 0xF4, 0x02, 0xFF, 0x80, 0x7F, 0xFF, 0xFE, 0x7F, 0xFF, 0xFE, 0x7C, 0x00, 0x3E, 0x7C, 0x00,
    0x3E, 0x7C, 0x00, 0x3E, 0x7C, 0x00, 0x3E, 0x7C, 0x00, 0x3E, 0x7C, 0x00, 0x3E, 0x7C, 0x00, 0x3E, 0x7C, 0x00, 0x3E,
    0x7C, 0x00, 0x3E, 0x7C, 0x00, 0x3E, 0x7C, 0x00, 0x3E, 0x7C, 0x00, 0x3E, 0x7C, 0x00, 0x3E, 0x7C, 0x00, 0x3E, 0x7C,
    0x00, 0x3E, 0x7C, 0x00, 0x3E, 0x7C, 0x00, 0x3E, 0x7C, 0x00, 0x3E, 0xBF, 0xFF, 0xD0, 0x2F, 0xFF, 0xFF, 0x0B, 0xC0,
    0x0B, 0xF2, 0xF0, 0x00, 0x7D, 0xBC, 0x00, 0x0F, 0xAF, 0x00, 0x02, 0xFB, 0xC0, 0x00, 0xBE, 0xF0, 0x00, 0x3E, 0xBC,
    0x00, 0x1F, 0x6F, 0x00, 0x2F, 0xCB, 0xFF, 0xFF, 0xC2, 0xFF, 0xFF, 0x40, 0xBC, 0x00, 0x00, 0x2F, 0x00, 0x00, 0x0B,
    0xC0, 0x00, 0x02, 0xF0, 0x00, 0x00, 0xBC, 0x00, 0x00, 0x2F, 0x00, 0x00, 0x0B, 0xC0, 0x00, 0x02, 0xF0, 0x00, 0x00,
    0xFF, 0xFF, 0xFF, 0xFF, 0xFF, 0xFF, 0xFB, 0xD0, 0x00, 0x00, 0xFC, 0x00, 0x00, 0x0F, 0xC0, 0x00, 0x01, 0xF8, 0x00,
    0x00, 0x1F, 0x80, 0x00, 0x02, 0xF4, 0x00, 0x00, 0x3F, 0x00, 0x00, 0x03, 0xF0, 0x00, 0x00, 0xF8, 0x00, 0x00, 0xFC,
    0x00, 0x00, 0xFC, 0x00, 0x00, 0xBD, 0x00, 0x00, 0x7E, 0x00, 0x00, 0x3E, 0x00, 0x00, 0x3F, 0x00, 0x00, 0x2F, 0x40,
    0x00, 0x0F, 0xFF, 0xFF, 0xFF, 0xFF, 0xFF, 0xFF, 0xBF, 0xFF, 0xFF, 0xEB, 0xFF, 0xFF, 0xFE, 0x00, 0x0F, 0x40, 0x00,
    0x00, 0xF4, 0x00, 0x00, 0x0F, 0x40, 0x00, 0x00, 0xF4, 0x00, 0x00, 0x0F, 0x40, 0x00, 0x00, 0xF4, 0x00, 0x00, 0x0F,
    0x40, 0x00, 0x00, 0xF4, 0x00, 0x00, 0x0F, 0x40, 0x00, 0x00, 0xF4, 0x00, 0x00, 0x0F, 0x40, 0x00, 0x00, 0xF4, 0x00,
    0x00, 0x0F, 0x40, 0x00, 0x00, 0xF4, 0x00, 0x00, 0x0F, 0x40, 0x00, 0x00, 0xF4, 0x00, 0x00, 0x0F, 0x40, 0x00, 0x00,
    0xF4, 0x00, 0x3F, 0x00, 0x00, 0x7C, 0x1F, 0x00, 0x00, 0xF8, 0x0F, 0x80, 0x01, 0xF0, 0x07, 0xC0, 0x03, 0xE0, 0x03,
    0xE0, 0x07, 0xC0, 0x01, 0xF0, 0x0F, 0x80, 0x00, 0xF8, 0x1F, 0x00, 0x00, 0xBC, 0x2E, 0x00, 0x00, 0x3D, 0x3C, 0x00,
    0x00, 0x2F, 0xBC, 0x00, 0x00, 0x0F, 0xF4, 0x00, 0x00, 0x0B, 0xF0, 0x00, 0x00, 0x03, 0xD0, 0x00, 0x00, 0x03, 0xD0,
    0x00, 0x00, 0x03, 0xD0, 0x00, 0x00, 0x03, 0xD0, 0x00, 0x00, 0x03, 0xD0, 0x00, 0x00, 0x03, 0xD0, 0x00, 0x00, 0x03,
    0xD0, 0x00, 0x00, 0x03, 0xD0, 0x00, 0x00, 0x0F, 0x40, 0x00, 0x00, 0xF4, 0x00, 0x02, 0xFF, 0xF8, 0x00, 0xFF, 0xFF,
    0xF4, 0x3F, 0x4F, 0x5F, 0xC7, 0xC0, 0xF0, 0x3E, 0xB8, 0x0F, 0x01, 0xFB, 0x80, 0xF0, 0x1F, 0xF8, 0x0F, 0x01, 0xFF,
    0x80, 0xF0, 0x1F, 0xF8, 0x0F, 0x01, 0xFF, 0x80, 0xF0, 0x1F, 0xF8, 0x0F, 0x01, 0xFB, 0x80, 0xF0, 0x1F, 0xB8, 0x0F,
    0x02, 0xF7, 0xC0, 0xF0, 0x3E, 0x3F, 0x4F, 0x5F, 0xC0, 0xFF, 0xFF, 0xF4, 0x02, 0xFF, 0xF8, 0x00, 0x00, 0xF4, 0x00,
    0x00, 0x0F, 0x40, 0x00, 0x7D, 0x00, 0x03, 0xE0, 0xFC, 0x00, 0x2F, 0x01, 0xF4, 0x00, 0xF4, 0x02, 0xF0, 0x0B, 0xC0,
    0x03, 0xD0, 0x3D, 0x00, 0x0B, 0xC2, 0xF0, 0x00, 0x0F, 0x4F, 0x00, 0x00, 0x2F, 0xB8, 0x00, 0x00, 0x3F, 0xC0, 0x00,
    0x00, 0x7E, 0x00, 0x00, 0x02, 0xFC, 0x00, 0x00, 0x0F, 0xF4, 0x00, 0x00, 0xBE, 0xF0, 0x00, 0x07, 0xD3, 0xE0, 0x00,
    0x3E, 0x0B, 0xC0, 0x01, 0xF0, 0x0F, 0x80, 0x0F, 0x80, 0x2F, 0x00, 0xBC, 0x00, 0x3E, 0x03, 0xE0, 0x00, 0x7D, 0x2F,
    0x00, 0x00, 0xFC, 0xB8, 0x0F, 0x02, 0xEB, 0x80, 0xF0, 0x2E, 0xB8, 0x0F, 0x02, 0xEB, 0x80, 0xF0, 0x2E, 0xB8, 0x0F,
    0x02, 0xEB, 0x80, 0xF0, 0x2E, 0xB8, 0x0F, 0x02, 0xEB, 0x80, 0xF0, 0x2E, 0xB8, 0x0F, 0x02, 0xEB, 0x80, 0xF0, 0x2E,
    0x7C, 0x0F, 0x02, 0xE3, 0xD0, 0xF0, 0x3D, 0x3F, 0x4F, 0x1F, 0xC0, 0xFF, 0xFF, 0xF4, 0x02, 0xFF, 0xF8, 0x00, 0x00,
    0xF4, 0x00, 0x00, 0x0F, 0x40, 0x00, 0x00, 0xF4, 0x00, 0x00, 0x0F, 0x40, 0x00, 0x00, 0xF4, 0x00, 0x00, 0xBF, 0xE0,
    0x00, 0x3F, 0xFF, 0xD0, 0x0F, 0xE4, 0x7F, 0x01, 0xF4, 0x00, 0xF8, 0x2F, 0x00, 0x0B, 0xC3, 0xE0, 0x00, 0x7C, 0x3E,
    0x00, 0x07, 0xC3, 0xE0, 0x00, 0x7C, 0x3E, 0x00, 0x07, 0xC3, 0xE0, 0x00, 0x7C, 0x3E, 0x00, 0x07, 0xC3, 0xE0, 0x00,
    0x7C, 0x3E, 0x00, 0x07, 0xC3, 0xE0, 0x00, 0x7C, 0x2E, 0x00, 0x0B, 0xC1, 0xF0, 0x00, 0xF8, 0x0F, 0x80, 0x2F, 0x00,
    0x2F, 0x0F, 0xD0, 0xBF, 0xF0, 0xFF, 0xFB, 0xFF, 0x0F, 0xFF, 0x0F, 0x40, 0xF4, 0x2F, 0xC2, 0xFC, 0x0F, 0x40, 0xF4,
    0x00, 0x00, 0x00, 0x00, 0x00, 0x00, 0x3F, 0xFF, 0xFD, 0x3F, 0xFF, 0xFD, 0x00, 0x7D, 0x00, 0x00, 0x3D, 0x00, 0x00,
    0x3D, 0x00, 0x00, 0x3D, 0x00, 0x00, 0x3D, 0x00, 0x00, 0x3D, 0x00, 0x00, 0x3D, 0x00, 0x00, 0x3D, 0x00, 0x00, 0x3D,
    0x00, 0x00, 0x3D, 0x00, 0x00, 0x3D, 0x00, 0x00, 0x3D, 0x00, 0x00, 0x3D, 0x00, 0x00, 0x3D, 0x00, 0x00, 0x3D, 0x00,
    0x00, 0x7D, 0x00, 0x3F, 0xFF, 0xFD, 0x3F, 0xFF, 0xFD, 0x00, 0xF4, 0x0F, 0x40, 0x02, 0xFC, 0x2F, 0xC0, 0x00, 0xF4,
    0x0F, 0x40, 0x00, 0x00, 0x00, 0x00, 0x00, 0x00, 0x00, 0x00, 0x3F, 0x00, 0x00, 0x7C, 0x1F, 0x00, 0x00, 0xF8, 0x0F,
    0x80, 0x01, 0xF0, 0x07, 0xC0, 0x03, 0xE0, 0x03, 0xE0, 0x07, 0xC0, 0x01, 0xF0, 0x0F, 0x80, 0x00, 0xF8, 0x1F, 0x00,
    0x00, 0xBC, 0x2E, 0x00, 0x00, 0x3D, 0x3C, 0x00, 0x00, 0x2F, 0xBC, 0x00, 0x00, 0x0F, 0xF4, 0x00, 0x00, 0x0B, 0xF0,
    0x00, 0x00, 0x03, 0xD0, 0x00, 0x00, 0x03, 0xD0, 0x00, 0x00, 0x03, 0xD0, 0x00, 0x00, 0x03, 0xD0, 0x00, 0x00, 0x03,
    0xD0, 0x00, 0x00, 0x03, 0xD0, 0x00, 0x00, 0x03, 0xD0, 0x00, 0x00, 0x03, 0xD0, 0x00, 0x00, 0x01, 0x90, 0x00, 0x0B,
    0xC0, 0x00, 0x1F, 0x40, 0x00, 0x3E, 0x00, 0x00, 0x64, 0x00, 0x00, 0x00, 0x00, 0x00, 0x00, 0x00, 0x02, 0xFD, 0x2E,
    0x1F, 0xFF, 0xAE, 0x3F, 0x81, 0xEE, 0x7D, 0x00, 0x7E, 0xBC, 0x00, 0x3E, 0xB8, 0x00, 0x2E, 0xB8, 0x00, 0x2E, 0xB8,
    0x00, 0x2E, 0xB8, 0x00, 0x2E, 0xB8, 0x00, 0x2E, 0xBC, 0x00, 0x3E, 0x7D, 0x00, 0x7E, 0x3F, 0x81, 0xFE, 0x1F, 0xFF,
    0xAE, 0x02, 0xFD, 0x2E, 0x00, 0x01, 0x90, 0x00, 0x01, 0xF4, 0x00, 0x00, 0xF8, 0x00, 0x00, 0xFC, 0x00, 0x00, 0x28,
    0x00, 0x00, 0x00, 0x00, 0x00, 0x00, 0x00, 0x00, 0x1B, 0xFF, 0x80, 0x2F, 0xFF, 0xFC, 0x1F, 0xD0, 0x1F, 0xCB, 0xC0,
    0x01, 0xA1, 0xF0, 0x00, 0x00, 0x3E, 0x00, 0x00, 0x02, 0xFF, 0xF0, 0x02, 0xFF, 0xFC, 0x01, 0xFD, 0x00, 0x00, 0xFC,
    0x00, 0x00, 0x3E, 0x00, 0x01, 0x4F, 0xC0, 0x01, 0xF2, 0xF9, 0x01, 0xFC, 0x2F, 0xFF, 0xFD, 0x01, 0xBF, 0xF8, 0x00,
    0x00, 0x03, 0xF0, 0x00, 0x0B, 0xC0, 0x00, 0x1F, 0x40, 0x00, 0x3E, 0x00, 0x00, 0x00, 0x00, 0x00, 0x00, 0x00, 0xBC,
    0x7F, 0xD0, 0xBD, 0xFF, 0xF8, 0xBF, 0x91, 0xFC, 0xBE, 0x00, 0x7E, 0xBC, 0x00, 0x3E, 0xBC, 0x00, 0x2F, 0xBC, 0x00,
    0x2F, 0xBC, 0x00, 0x2F, 0xBC, 0x00, 0x2F, 0xBC, 0x00, 0x2F, 0xBC, 0x00, 0x2F, 0xBC, 0x00, 0x2F, 0xBC, 0x00, 0x2F,
    0xBC, 0x00, 0x2F, 0xBC, 0x00, 0x2F, 0x00, 0x00, 0xF8, 0x00, 0x00, 0x3F, 0x00, 0x00, 0x0B, 0xC0, 0x00, 0x01, 0xF4,
    0x00, 0x00, 0x00, 0x00, 0x00, 0x00, 0x00, 0x00, 0xBF, 0xFF, 0x00, 0x0B, 0xFF, 0xF0, 0x00, 0x00, 0x1F, 0x00, 0x00,
    0x01, 0xF0, 0x00, 0x00, 0x1F, 0x00, 0x00, 0x01, 0xF0, 0x00, 0x00, 0x1F, 0x00, 0x00, 0x01, 0xF0, 0x00, 0x00, 0x1F,
    0x00, 0x00, 0x01, 0xF0, 0x00, 0x00, 0x0F, 0x00, 0x00, 0x00, 0xF4, 0x00, 0x00, 0x0F, 0xD0, 0x00, 0x00, 0x7F, 0xFF,
    0x00, 0x01, 0xFF, 0xF0, 0x00, 0x03, 0xC0, 0x00, 0x0F, 0x40, 0x00, 0x1E, 0x00, 0x0A, 0x18, 0xA0, 0x1F, 0x81, 0xF8,
    0x2F, 0xC2, 0xFC, 0x0F, 0x40, 0xF4, 0x00, 0x00, 0x00, 0x00, 0x00, 0x00, 0xBC, 0x00, 0x2F, 0xBC, 0x00, 0x2F, 0xBC,
    0x00, 0x2F, 0xBC, 0x00, 0x2F, 0xBC, 0x00, 0x2F, 0xBC, 0x00, 0x2F, 0xBC, 0x00, 0x2F, 0xBC, 0x00, 0x2F, 0xBC, 0x00,
    0x2F, 0xBC, 0x00, 0x2E, 0x7C, 0x00, 0x3E, 0x3D, 0x00, 0x7D, 0x3F, 0x91, 0xFC, 0x0F, 0xFF, 0xF0, 0x01, 0xFF, 0x80,
    0x02, 0xFD, 0x2E, 0x1F, 0xFF, 0xAE, 0x3F, 0x81, 0xEE, 0x7D, 0x00, 0x7E, 0xBC, 0x00, 0x3E, 0xB8, 0x00, 0x2E, 0xB8,
    0x00, 0x2E, 0xB8, 0x00, 0x2E, 0xB8, 0x00, 0x2E, 0xB8, 0x00, 0x2E, 0xBC, 0x00, 0x3E, 0x7D, 0x00, 0x7E, 0x3F, 0x81,
    0xFE, 0x1F, 0xFF, 0xAE, 0x02, 0xFD, 0x2E, 0x01, 0xFF, 0x80, 0x03, 0xFF, 0xFC, 0x02, 0xF9, 0x2F, 0xC0, 0xF8, 0x01,
    0xF4, 0x7C, 0x00, 0x3D, 0x1F, 0x00, 0x0F, 0x8B, 0xC0, 0x03, 0xD2, 0xF0, 0x01, 0xF0, 0xBC, 0x02, 0xF0, 0x2F, 0x0F,
    0xF0, 0x0B, 0xC3, 0xFF, 0x82, 0xF0, 0x02, 0xF8, 0xBC, 0x00, 0x2F, 0x2F, 0x00, 0x03, 0xDB, 0xC0, 0x00, 0xFA, 0xF0,
    0x00, 0x3D, 0xBE, 0x00, 0x2F, 0x2F, 0xE4, 0x6F, 0x8B, 0xDF, 0xFF, 0xC2, 0xF1, 0xFF, 0x40, 0xBC, 0x00, 0x00, 0x2F,
    0x00, 0x00, 0x0B, 0xC0, 0x00, 0x02, 0xF0, 0x00, 0x00, 0xBC, 0x00, 0x00, 0x00, 0x3D, 0x00, 0x03, 0xD3, 0xE0, 0x00,
    0x7C, 0x2F, 0x00, 0x0B, 0x80, 0xF4, 0x00, 0xF4, 0x0F, 0x80, 0x1F, 0x00, 0x7C, 0x02, 0xE0, 0x03, 0xD0, 0x3D, 0x00,
    0x3E, 0x07, 0xC0, 0x01, 0xF0, 0xB8, 0x00, 0x0F, 0x4F, 0x40, 0x00, 0xB9, 0xF0, 0x00, 0x07, 0xEE, 0x00, 0x00, 0x3F,
    0xC0, 0x00, 0x02, 0xFC, 0x00, 0x00, 0x1F, 0x80, 0x00, 0x00, 0xF4, 0x00, 0x00, 0x0F, 0x40, 0x00, 0x00, 0xF4, 0x00,
    0x00, 0x0F, 0x40, 0x00, 0x00, 0xF4, 0x00, 0x3F, 0xFF, 0xFE, 0x3F, 0xFF, 0xFE, 0x3F, 0x40, 0x00, 0x07, 0xE0, 0x00,
    0x00, 0xF8, 0x00, 0x00, 0x3F, 0x00, 0x02, 0xFF, 0xC0, 0x1F, 0xFF, 0xF0, 0x3F, 0x40, 0xF8, 0x7D, 0x00, 0x7C, 0xBC,
    0x00, 0x3E, 0xB8, 0x00, 0x2F, 0xB8, 0x00, 0x2F, 0xB8, 0x00, 0x2F, 0xB8, 0x00, 0x2F, 0xBC, 0x00, 0x3E, 0x7D, 0x00,
    0x7D, 0x3F, 0x91, 0xFC, 0x0F, 0xFF, 0xF0, 0x01, 0xFF, 0x80, 0x06, 0xFF, 0xE0, 0x0B, 0xFF, 0xFF, 0x07, 0xF4, 0x07,
    0xF2, 0xF0, 0x00, 0x68, 0x7C, 0x00, 0x00, 0x0F, 0x80, 0x00, 0x00, 0xBF, 0xFC, 0x00, 0xBF, 0xFF, 0x00, 0x7F, 0x40,
    0x00, 0x3F, 0x00, 0x00, 0x0F, 0x80, 0x00, 0x53, 0xF0, 0x00, 0x7C, 0xBE, 0x40, 0x7F, 0x0B, 0xFF, 0xFF, 0x40, 0x6F,
    0xFE, 0x00, 0x3F, 0xFF, 0xFF, 0xC3, 0xFF, 0xFF, 0xFC, 0x00, 0x00, 0x2F, 0xC0, 0x00, 0x0B, 0xE0, 0x00, 0x02, 0xF8,
    0x00, 0x00, 0xFD, 0x00, 0x00, 0x3F, 0x40, 0x00, 0x0F, 0xD0, 0x00, 0x03, 0xF0, 0x00, 0x00, 0xFD, 0x00, 0x00, 0x1F,
    0x40, 0x00, 0x03, 0xF0, 0x00, 0x00, 0x3D, 0x00, 0x00, 0x03, 0xD0, 0x00, 0x00, 0x3F, 0x00, 0x00, 0x02, 0xFC, 0x00,
    0x00, 0x0F, 0xFD, 0x00, 0x00, 0x2F, 0xFF, 0x80, 0x00, 0x1B, 0xFF, 0x40, 0x00, 0x06, 0xFC, 0x00, 0x00, 0x07, 0xC0,
    0x00, 0x00, 0xBC, 0x00, 0x00, 0x0F, 0x40, 0x00, 0x02, 0xF0, 0x00, 0x00, 0x00, 0x00, 0xBC, 0x7F, 0xD0, 0xBD, 0xFF,
    0xF8, 0xBF, 0x91, 0xFC, 0xBE, 0x00, 0x7E, 0xBC, 0x00, 0x3E, 0xBC, 0x00, 0x2F, 0xBC, 0x00, 0x2F, 0xBC, 0x00, 0x2F,
    0xBC, 0x00, 0x2F, 0xBC, 0x00, 0x2F, 0xBC, 0x00, 0x2F, 0xBC, 0x00, 0x2F, 0xBC, 0x00, 0x2F, 0xBC, 0x00, 0x2F, 0xBC,
    0x00, 0x2F, 0x02, 0xFF, 0x80, 0x0F, 0xFF, 0xF4, 0x3F, 0x91, 0xFC, 0x7D, 0x00, 0x3D, 0xBC, 0x00, 0x3E, 0xBC, 0x00,
    0x2F, 0xBC, 0x00, 0x2F, 0xBC, 0x00, 0x2F, 0xBC, 0x00, 0x2F, 0xBF, 0xFF, 0xFF, 0xBF, 0xFF, 0xFF, 0xBC, 0x00, 0x2F,
    0xBC, 0x00, 0x2F, 0xBC, 0x00, 0x2F, 0xBC, 0x00, 0x2F, 0xBC, 0x00, 0x3E, 0x7D, 0x00, 0x3D, 0x3F, 0x81, 0xFC, 0x0F,
    0xFF, 0xF4, 0x02, 0xFF, 0x80, 0xBF, 0xFF, 0x00, 0x0B, 0xFF, 0xF0, 0x00, 0x00, 0x1F, 0x00, 0x00, 0x01, 0xF0, 0x00,
    0x00, 0x1F, 0x00, 0x00, 0x01, 0xF0, 0x00, 0x00, 0x1F, 0x00, 0x00, 0x01, 0xF0, 0x00, 0x00, 0x1F, 0x00, 0x00, 0x01,
    0xF0, 0x00, 0x00, 0x0F, 0x00, 0x00, 0x00, 0xF4, 0x00, 0x00, 0x0F, 0xD0, 0x00, 0x00, 0x7F, 0xFF, 0x00, 0x01, 0xFF,
    0xF0, 0x3C, 0x00, 0x0F, 0x83, 0xC0, 0x03, 0xF0, 0x3C, 0x00, 0xBD, 0x03, 0xC0, 0x0F, 0x80, 0x3C, 0x03, 0xF0, 0x03,
    0xC0, 0xBC, 0x00, 0x3F, 0xFF, 0x40, 0x03, 0xFF, 0xF8, 0x00, 0x3D, 0x0B, 0xC0, 0x03, 0xC0, 0x3F, 0x00, 0x3C, 0x01,
    0xF4, 0x03, 0xC0, 0x0F, 0xC0, 0x3C, 0x00, 0x3E, 0x03, 0xC0, 0x02, 0xF4, 0x3C, 0x00, 0x0F, 0xC0, 0x00, 0xF8, 0x00,
    0x00, 0x0B, 0xC0, 0x00, 0x00, 0x3D, 0x00, 0x00, 0x03, 0xE0, 0x00, 0x00, 0x1F, 0x00, 0x00, 0x01, 0xF4, 0x00, 0x00,
    0x2F, 0xC0, 0x00, 0x03, 0xFC, 0x00, 0x00, 0x7F, 0xE0, 0x00, 0x0B, 0xAF, 0x00, 0x00, 0xF4, 0xF4, 0x00, 0x1F, 0x0F,
    0x80, 0x03, 0xE0, 0x7C, 0x00, 0x3C, 0x03, 0xD0, 0x0B, 0xC0, 0x2F, 0x00, 0xF8, 0x01, 0xF0, 0x1F, 0x00, 0x0F, 0x82,
    0xF0, 0x00, 0xBC, 0x3D, 0x00, 0x07, 0xD7, 0xC0, 0x00, 0x3E, 0x7C, 0x00, 0x2E, 0x7C, 0x00, 0x2E, 0x7C, 0x00, 0x2E,
    0x7C, 0x00, 0x2E, 0x7C, 0x00, 0x2E, 0x7C, 0x00, 0x2E, 0x7C, 0x00, 0x2E, 0x7C, 0x00, 0x2E, 0x7C, 0x00, 0x2E, 0x7C,
    0x00, 0x3E, 0x7C, 0x00, 0x3E, 0x7E, 0x00, 0x7E, 0x7F, 0x91, 0xFE, 0x7E, 0xFF, 0xEE, 0x7C, 0xBE, 0x2E, 0x7C, 0x00,
    0x00, 0x7C, 0x00, 0x00, 0x7C, 0x00, 0x00, 0x7C, 0x00, 0x00, 0x7C, 0x00, 0x00, 0x7C, 0x00, 0x03, 0xE3, 0xE0, 0x00,
    0x7C, 0x2F, 0x00, 0x0B, 0xC1, 0xF0, 0x00, 0xF8, 0x0F, 0x80, 0x1F, 0x00, 0xBC, 0x02, 0xF0, 0x07, 0xC0, 0x3E, 0x00,
    0x3D, 0x03, 0xC0, 0x02, 0xF0, 0xBC, 0x00, 0x1F, 0x0F, 0x80, 0x00, 0xF4, 0xF0, 0x00, 0x0B, 0x9F, 0x00, 0x00, 0x7E,
    0xE0, 0x00, 0x03, 0xFC, 0x00, 0x00, 0x2F, 0xC0, 0x00, 0x00, 0xBF, 0xD0, 0x02, 0xFF, 0xFF, 0x01, 0xFD, 0x1B, 0xF0,
    0xFC, 0x00, 0x7D, 0x3E, 0x00, 0x0A, 0x4F, 0x80, 0x00, 0x02, 0xF0, 0x00, 0x00, 0x3E, 0x00, 0x00, 0x02, 0xFF, 0xF8,
    0x01, 0xFF, 0xFE, 0x02, 0xFD, 0x00, 0x01, 0xF8, 0x00, 0x00, 0xBC, 0x00, 0x00, 0x2F, 0x00, 0x00, 0x0B, 0xC0, 0x00,
    0x01, 0xFC, 0x00, 0x00, 0x2F, 0xE0, 0x00, 0x01, 0xFF, 0xE4, 0x00, 0x07, 0xFF, 0xD0, 0x00, 0x07, 0xFC, 0x00, 0x00,
    0x0F, 0x40, 0x00, 0x03, 0xC0, 0x00, 0x03, 0xF0, 0x00, 0x00, 0xF0, 0x00, 0x00, 0x04, 0x00, 0x02, 0xFF, 0x80, 0x0F,
    0xFF, 0xF4, 0x3F, 0x91, 0xFC, 0x7D, 0x00, 0x3E, 0xBC, 0x00, 0x2F, 0xB8, 0x00, 0x2F, 0xB8, 0x00, 0x2F, 0xB8, 0x00,
    0x2F, 0xB8, 0x00, 0x2F, 0xB8, 0x00, 0x2F, 0xBC, 0x00, 0x2F, 0x7D, 0x00, 0x3E, 0x3F, 0x81, 0xFC, 0x0F, 0xFF, 0xF4,
    0x02, 0xFF, 0x80, 0x7F, 0xFF, 0xFF, 0xFD, 0xFF, 0xFF, 0xFF, 0xF0, 0x3D, 0x00, 0xF4, 0x00, 0xF4, 0x03, 0xD0, 0x03,
    0xD0, 0x0F, 0x40, 0x0F, 0x40, 0x3D, 0x00, 0x3D, 0x00, 0xF4, 0x00, 0xF4, 0x03, 0xD0, 0x03, 0xD0, 0x0F, 0x40, 0x0F,
    0x40, 0x3D, 0x00, 0x3D, 0x00, 0xF4, 0x00, 0xF4, 0x03, 0xD0, 0x03, 0xD0, 0x0B, 0xD0, 0x0F, 0x40, 0x0F, 0xF0, 0x3D,
    0x00, 0x0B, 0xC0, 0x01, 0xFF, 0x80, 0x0F, 0xFF, 0xF4, 0x2F, 0x91, 0xFC, 0x3E, 0x00, 0x3D, 0x7C, 0x00, 0x3E, 0x7C,
    0x00, 0x2F, 0x7C, 0x00, 0x2F, 0x7C, 0x00, 0x2F, 0x7C, 0x00, 0x2F, 0x7C, 0x00, 0x2F, 0x7C, 0x00, 0x3E, 0x7E, 0x00,
    0x3E, 0x7F, 0x91, 0xFC, 0x7D, 0xFF, 0xF4, 0x7C, 0x7F, 0xD0, 0x7C, 0x00, 0x00, 0x7C, 0x00, 0x00, 0x7C, 0x00, 0x00,
    0x7C, 0x00, 0x00, 0x7C, 0x00, 0x00, 0x01, 0xFF, 0x90, 0x03, 0xFF, 0xFE, 0x02, 0xF9, 0x1F, 0xD0, 0xF8, 0x00, 0xFC,
    0x7C, 0x00, 0x1F, 0x2F, 0x00, 0x00, 0x0B, 0xC0, 0x00, 0x02, 0xF0, 0x00, 0x00, 0xBC, 0x00, 0x00, 0x2F, 0x00, 0x00,
    0x07, 0xD0, 0x00, 0x00, 0xFD, 0x00, 0x00, 0x1F, 0xF8, 0x00, 0x00, 0xFF, 0xF8, 0x00, 0x02, 0xFF, 0x80, 0x00, 0x02,
    0xF0, 0x00, 0x00, 0x7C, 0x00, 0x00, 0x2E, 0x00, 0x00, 0x1F, 0x00, 0x00, 0x02, 0x80, 0x00, 0x00, 0x00, 0x00, 0x01,
    0xFF, 0xFF, 0xD0, 0xFF, 0xFF, 0xFD, 0x3F, 0x82, 0xE4, 0x07, 0xD0, 0x07, 0xC0, 0xBC, 0x00, 0x3E, 0x0B, 0x80, 0x02,
    0xE0, 0xB8, 0x00, 0x2F, 0x0B, 0x80, 0x02, 0xF0, 0xB8, 0x00, 0x2F, 0x0B, 0x80, 0x02, 0xE0, 0xBC, 0x00, 0x3E, 0x07,
    0xD0, 0x07, 0xD0, 0x3F, 0x81, 0xFC, 0x00, 0xFF, 0xFF, 0x00, 0x01, 0xFF, 0x80, 0x00, 0xBF, 0xFF, 0xFF, 0xCB, 0xFF,
    0xFF, 0xFC, 0x00, 0x7D, 0x00, 0x00, 0x03, 0xC0, 0x00, 0x00, 0x3C, 0x00, 0x00, 0x03, 0xC0, 0x00, 0x00, 0x3C, 0x00,
    0x00, 0x03, 0xC0, 0x00, 0x00, 0x3C, 0x00, 0x00, 0x03, 0xC0, 0x00, 0x00, 0x3C, 0x00, 0x00, 0x03, 0xD0, 0x00, 0x00,
    0x3F, 0x00, 0x00, 0x01, 0xFF, 0xFC, 0x00, 0x07, 0xFF, 0xC0, 0xBC, 0x00, 0x2F, 0xBC, 0x00, 0x2F, 0xBC, 0x00, 0x2F,
    0xBC, 0x00, 0x2F, 0xBC, 0x00, 0x2F, 0xBC, 0x00, 0x2F, 0xBC, 0x00, 0x2F, 0xBC, 0x00, 0x2F, 0xBC, 0x00, 0x2F, 0xBC,
    0x00, 0x2E, 0x7C, 0x00, 0x3E, 0x3D, 0x00, 0x7D, 0x3F, 0x91, 0xFC, 0x0F, 0xFF, 0xF0, 0x01, 0xFF, 0x80, 0x00, 0x00,
    0x00, 0x00, 0x70, 0xFF, 0x80, 0x1F, 0x0F, 0xFF, 0x03, 0xF0, 0xF5, 0xFC, 0x7D, 0x0F, 0x03, 0xD7, 0xC0, 0xF0, 0x2E,
    0xBC, 0x0F, 0x02, 0xEB, 0x80, 0xF0, 0x2E, 0xB8, 0x0F, 0x02, 0xEB, 0x80, 0xF0, 0x2E, 0xB8, 0x0F, 0x02, 0xE7, 0xC0,
    0xF0, 0x2E, 0x3D, 0x0F, 0x03, 0xD2, 0xF9, 0xF5, 0xFC, 0x0F, 0xFF, 0xFF, 0x00, 0x1F, 0xFF, 0x80, 0x00, 0x0F, 0x40,
    0x00, 0x00, 0xF4, 0x00, 0x00, 0x0F, 0x40, 0x00, 0x00, 0xF4, 0x00, 0x00, 0x0F, 0x40, 0x00, 0x3F, 0x00, 0x0B, 0xC1,
    0xF4, 0x01, 0xF8, 0x0B, 0xC0, 0x3F, 0x00, 0x3F, 0x0B, 0xC0, 0x01, 0xF4, 0xF8, 0x00, 0x0B, 0xEF, 0x00, 0x00, 0x3F,
    0xC0, 0x00, 0x02, 0xFC, 0x00, 0x00, 0x3F, 0xD0, 0x00, 0x0F, 0xAF, 0x00, 0x02, 0xF0, 0xFC, 0x00, 0x7D, 0x07, 0xD0,
    0x0F, 0xC0, 0x2F, 0x02, 0xF0, 0x00, 0xFC, 0x7E, 0x00, 0x07, 0xE0, 0xB8, 0x0F, 0x02, 0xEB, 0x80, 0xF0, 0x2E, 0xB8,
    0x0F, 0x02, 0xEB, 0x80, 0xF0, 0x2E, 0xB8, 0x0F, 0x02, 0xEB, 0x80, 0xF0, 0x2E, 0xB8, 0x0F, 0x02, 0xEB, 0x80, 0xF0,
    0x2E, 0xB8, 0x0F, 0x02, 0xEB, 0x80, 0xF0, 0x2E, 0x7C, 0x0F, 0x02, 0xE3, 0xC0, 0xF0, 0x3D, 0x3F, 0x4F, 0x0F, 0xC0,
    0xFF, 0xFF, 0xF4, 0x02, 0xFF, 0xF8, 0x00, 0x00, 0xF4, 0x00, 0x00, 0x0F, 0x40, 0x00, 0x00, 0xF4, 0x00, 0x00, 0x0F,
    0x40, 0x00, 0x00, 0xF4, 0x00, 0x00, 0x00, 0x00, 0x00, 0xB4, 0x00, 0xE0, 0x1F, 0x40, 0x0F, 0x83, 0xE0, 0x00, 0xFC,
    0x7C, 0x00, 0x03, 0xE7, 0xC0, 0x00, 0x2E, 0xBC, 0x06, 0x02, 0xEB, 0xC0, 0xF0, 0x2E, 0xBC, 0x0F, 0x02, 0xEB, 0xC0,
    0xF0, 0x2E, 0xBC, 0x0F, 0x02, 0xEB, 0xC0, 0xF0, 0x2E, 0x7C, 0x0F, 0x42, 0xE3, 0xE2, 0xEC, 0x7D, 0x2F, 0xF5, 0xFF,
    0xC0, 0xBE, 0x07, 0xF0, 0x07, 0xD0, 0x7D, 0x00, 0xBE, 0x0B, 0xE0, 0x07, 0xD0, 0x7D, 0x00, 0x00, 0x00, 0x00, 0x00,
    0x00, 0x00, 0x0B, 0xFF, 0xF0, 0x00, 0xBF, 0xFF, 0x00, 0x00, 0x01, 0xF0, 0x00, 0x00, 0x1F, 0x00, 0x00, 0x01, 0xF0,
    0x00, 0x00, 0x1F, 0x00, 0x00, 0x01, 0xF0, 0x00, 0x00, 0x1F, 0x00, 0x00, 0x01, 0xF0, 0x00, 0x00, 0x1F, 0x00, 0x00,
    0x00, 0xF0, 0x00, 0x00, 0x0F, 0x40, 0x00, 0x00, 0xFD, 0x00, 0x00, 0x07, 0xFF, 0xF0, 0x00, 0x1F, 0xFF, 0x0F, 0x40,
    0xF4, 0x2F, 0xC2, 0xFC, 0x0F, 0x40, 0xF4, 0x00, 0x00, 0x00, 0x00, 0x00, 0x00, 0xBC, 0x00, 0x2F, 0xBC, 0x00, 0x2F,
    0xBC, 0x00, 0x2F, 0xBC, 0x00, 0x2F, 0xBC, 0x00, 0x2F, 0xBC, 0x00, 0x2F, 0xBC, 0x00, 0x2F, 0xBC, 0x00, 0x2F, 0xBC,
    0x00, 0x2F, 0xBC, 0x00, 0x2E, 0x7C, 0x00, 0x3E, 0x3D, 0x00, 0x7D, 0x3F, 0x91, 0xFC, 0x0F, 0xFF, 0xF0, 0x01, 0xFF,
    0x80, 0x00, 0x03, 0xE0, 0x00, 0x0B, 0xC0, 0x00, 0x1F, 0x00, 0x00, 0x3D, 0x00, 0x00, 0x00, 0x00, 0x00, 0x00, 0x00,
    0x02, 0xFF, 0x80, 0x0F, 0xFF, 0xF4, 0x3F, 0x91, 0xFC, 0x7D, 0x00, 0x3E, 0xBC, 0x00, 0x2F, 0xB8, 0x00, 0x2F, 0xB8,
    0x00, 0x2F, 0xB8, 0x00, 0x2F, 0xB8, 0x00, 0x2F, 0xB8, 0x00, 0x2F, 0xBC, 0x00, 0x2F, 0x7D, 0x00, 0x3E, 0x3F, 0x81,
    0xFC, 0x0F, 0xFF, 0xF4, 0x02, 0xFF, 0x80, 0x00, 0x03, 0xE0, 0x00, 0x0B, 0xC0, 0x00, 0x1F, 0x00, 0x00, 0x3D, 0x00,
    0x00, 0x00, 0x00, 0x00, 0x00, 0x00, 0xBC, 0x00, 0x2F, 0xBC, 0x00, 0x2F, 0xBC, 0x00, 0x2F, 0xBC, 0x00, 0x2F, 0xBC,
    0x00, 0x2F, 0xBC, 0x00, 0x2F, 0xBC, 0x00, 0x2F, 0xBC, 0x00, 0x2F, 0xBC, 0x00, 0x2F, 0xBC, 0x00, 0x2E, 0x7C, 0x00,
    0x3E, 0x3D, 0x00, 0x7D, 0x3F, 0x91, 0xFC, 0x0F, 0xFF, 0xF0, 0x01, 0xFF, 0x80, 0x00, 0x01, 0xF4, 0x00, 0x00, 0x3E,
    0x00, 0x00, 0x0B, 0xC0, 0x00, 0x01, 0xF0, 0x00, 0x00, 0x00, 0x00, 0x00, 0x00, 0x00, 0x00, 0x0B, 0x40, 0x0E, 0x01,
    0xF4, 0x00, 0xF8, 0x3E, 0x00, 0x0F, 0xC7, 0xC0, 0x00, 0x3E, 0x7C, 0x00, 0x02, 0xEB, 0xC0, 0x60, 0x2E, 0xBC, 0x0F,
    0x02, 0xEB, 0xC0, 0xF0, 0x2E, 0xBC, 0x0F, 0x02, 0xEB, 0xC0, 0xF0, 0x2E, 0xBC, 0x0F, 0x02, 0xE7, 0xC0, 0xF4, 0x2E,
    0x3E, 0x2E, 0xC7, 0xD2, 0xFF, 0x5F, 0xFC, 0x0B, 0xE0, 0x7F, 0x00, 0xBC, 0x00, 0x0F, 0x8B, 0xC0, 0x02, 0xF0, 0xBC,
    0x00, 0x3E, 0x0B, 0xC0, 0x0B, 0xC0, 0xBC, 0x00, 0xF8, 0x0B, 0xC0, 0x1F, 0x00, 0xBC, 0x03, 0xE0, 0x0B, 0xC0, 0x7C,
    0x00, 0xBC, 0x0F, 0x80, 0x0B, 0xFF, 0xF0, 0x00, 0xBF, 0xFF, 0x00, 0x0B, 0xC0, 0xF8, 0x00, 0xBC, 0x0B, 0xC0, 0x0B,
    0xC0, 0x3F, 0x00, 0xBC, 0x02, 0xF4, 0x0B, 0xC0, 0x0F, 0xC0, 0xBC, 0x00, 0x7D, 0x0B, 0xC0, 0x03, 0xF0, 0xBC, 0x00,
    0x1F, 0xEB, 0xC0, 0x00, 0xFE, 0x00, 0x00, 0x02, 0xE0, 0x00, 0x00, 0x3D, 0x00, 0x00, 0x1F, 0xC0, 0x00, 0x0F, 0xF8,
    0x00, 0x00, 0xF9, 0x00, 0x00, 0x0F, 0x40, 0x00, 0x00, 0xF4, 0x00, 0x00, 0x0F, 0x40, 0x00, 0x00, 0xF4, 0x00, 0x00,
    0x0F, 0x40, 0x00, 0x1F, 0xFF, 0x80, 0x0F, 0xFF, 0xFF, 0x03, 0xF5, 0xF5, 0xFC, 0x7D, 0x0F, 0x03, 0xDB, 0xC0, 0xF0,
    0x2F, 0xB8, 0x0F, 0x01, 0xFB, 0x80, 0xF0, 0x1F, 0xB8, 0x0F, 0x01, 0xFB, 0x80, 0xF0, 0x1F, 0xB8, 0x0F, 0x01, 0xFB,
    0xC0, 0xF0, 0x2F, 0x7D, 0x0F, 0x03, 0xD3, 0xF4, 0xF5, 0xFC, 0x0F, 0xFF, 0xFF, 0x00, 0x1F, 0xFF, 0x80, 0x00, 0x0F,
    0x40, 0x00, 0x00, 0xF4, 0x00, 0x00, 0x0F, 0x40, 0x00, 0x00, 0xF4, 0x00, 0x00, 0x0F, 0x40, 0x00, 0xBF, 0xFF, 0xFF,
    0xFF, 0xBF, 0xFF, 0xFF, 0xFF, 0x07, 0x80, 0x01, 0xD0, 0x0F, 0x00, 0x00, 0xB0, 0x1F, 0x00, 0x00, 0xB8, 0x1F, 0x02,
    0x80, 0xB8, 0x2F, 0x03, 0xC0, 0xB8, 0x2F, 0x03, 0xC0, 0xB8, 0x2F, 0x03, 0xC0, 0xB8, 0x2F, 0x03, 0xC0, 0xB8, 0x2F,
    0x03, 0xC0, 0xB8, 0x1F, 0x03, 0xC0, 0xB8, 0x0F, 0x8B, 0xF1, 0xF4, 0x0F, 0xFE, 0x7F, 0xF0, 0x02, 0xF8, 0x1F, 0xC0,
    0xBC, 0x00, 0xBE, 0x2F, 0x00, 0x3F, 0x8B, 0xC0, 0x2F, 0xE2, 0xF0, 0x0F, 0xB8, 0xBC, 0x0B, 0xAE, 0x2F, 0x03, 0xCB,
    0x8B, 0xC2, 0xE2, 0xE2, 0xF0, 0xF0, 0xB8, 0xBC, 0x78, 0x2E, 0x2F, 0x3C, 0x0B, 0x8B, 0xDE, 0x02, 0xE2, 0xEF, 0x40,
    0xB8, 0xBF, 0xC0, 0x2E, 0x2F, 0xD0, 0x0B, 0xFB, 0xF0, 0x02, 0xFC, 0x00, 0x00, 0x2F, 0x00, 0x00, 0x0F, 0x80, 0x00,
    0x1B, 0xD0, 0x00, 0x3F, 0xE0, 0x00, 0x0F, 0xD0, 0x0F, 0x80, 0xF8, 0x07, 0xF0, 0x7F, 0x00, 0xF8, 0x0F, 0x80, 0x00,
    0x00, 0x00, 0x00, 0x00, 0x00, 0x1F, 0xFF, 0xFF, 0xC7, 0xFF, 0xFF, 0xF1, 0xF0, 0x00, 0x00, 0x7C, 0x00, 0x00, 0x1F,
    0x00, 0x00, 0x07, 0xC0, 0x00, 0x01, 0xF0, 0x00, 0x00, 0x7C, 0x00, 0x00, 0x1F, 0x00, 0x00, 0x07, 0xFF, 0xFF, 0xC1,
    0xFF, 0xFF, 0xF0, 0x7C, 0x00, 0x00, 0x1F, 0x00, 0x00, 0x07, 0xC0, 0x00, 0x01, 0xF0, 0x00, 0x00, 0x7C, 0x00, 0x00,
    0x1F, 0x00, 0x00, 0x07, 0xC0, 0x00, 0x01, 0xFF, 0xFF, 0xFC, 0x7F, 0xFF, 0xFF, 0x00, 0xFF, 0xFF, 0x80, 0x03, 0xFF,
    0xFE, 0x00, 0x00, 0x3D, 0x00, 0x00, 0x00, 0xF4, 0x00, 0x00, 0x03, 0xD0, 0x00, 0x00, 0x0F, 0x40, 0x00, 0x00, 0x3D,
    0x00, 0x00, 0x00, 0xF4, 0x7F, 0xE0, 0x03, 0xDB, 0xFF, 0xE0, 0x0F, 0xFD, 0x0F, 0xC0, 0x3F, 0xC0, 0x1F, 0x40, 0xFC,
    0x00, 0x3D, 0x03, 0xD0, 0x00, 0xF4, 0x0F, 0x40, 0x03, 0xD0, 0x3D, 0x00, 0x0F, 0x40, 0xF4, 0x00, 0x3D, 0x03, 0xD0,
    0x00, 0xF4, 0x0F, 0x40, 0x03, 0xD0, 0x3D, 0x00, 0x0F, 0x40, 0xF4, 0x00, 0x3D, 0x00, 0x00, 0x00, 0xF4, 0x00, 0x00,
    0x07, 0xC0, 0x00, 0x00, 0xBE, 0x00, 0x00, 0xFF, 0xF0, 0x00, 0x03, 0xFD, 0x00, 0x00, 0x07, 0xC0, 0x00, 0x0F, 0x40,
    0x00, 0x3E, 0x00, 0x00, 0xBC, 0x00, 0x00, 0x00, 0x00, 0x00, 0x00, 0x00, 0x7F, 0xFF, 0xFF, 0x7F, 0xFF, 0xFF, 0x7C,
    0x00, 0x00, 0x7C, 0x00, 0x00, 0x7C, 0x00, 0x00, 0x7C, 0x00, 0x00, 0x7C, 0x00, 0x00, 0x7C, 0x00, 0x00, 0x7C, 0x00,
    0x00, 0x7C, 0x00, 0x00, 0x7C, 0x00, 0x00, 0x7C, 0x00, 0x00, 0x7C, 0x00, 0x00, 0x7C, 0x00, 0x00, 0x7C, 0x00, 0x00,
    0x7C, 0x00, 0x00, 0x7C, 0x00, 0x00, 0x7C, 0x00, 0x00, 0x7C, 0x00, 0x00, 0x7C, 0x00, 0x00, 0x01, 0xFF, 0x80, 0x03,
    0xFF, 0xFD, 0x02, 0xF9, 0x1F, 0xD0, 0xF8, 0x00, 0xF8, 0x7C, 0x00, 0x2F, 0x2F, 0x00, 0x07, 0xCB, 0xC0, 0x00, 0x02,
    0xF0, 0x00, 0x00, 0xBC, 0x00, 0x00, 0x2F, 0xFF, 0xF0, 0x0B, 0xFF, 0xFC, 0x02, 0xF0, 0x00, 0x00, 0xBC, 0x00, 0x00,
    0x2F, 0x00, 0x00, 0x0B, 0xC0, 0x00, 0x51, 0xF0, 0x00, 0x7C, 0x3D, 0x00, 0x3F, 0x0B, 0xE4, 0x7F, 0x40, 0xFF, 0xFF,
    0x80, 0x07, 0xFE, 0x00, 0x00, 0x7F, 0xE0, 0x00, 0x3F, 0xFF, 0xC0, 0x0F, 0xE0, 0x7F, 0x01, 0xF4, 0x01, 0xF4, 0x1F,
    0x00, 0x0F, 0x82, 0xF0, 0x00, 0x00, 0x1F, 0x00, 0x00, 0x00, 0xFC, 0x00, 0x00, 0x07, 0xFE, 0x40, 0x00, 0x1F, 0xFF,
    0x40, 0x00, 0x1B, 0xFE, 0x00, 0x00, 0x02, 0xF8, 0x00, 0x00, 0x0B, 0xC0, 0x00, 0x00, 0x7C, 0x28, 0x00, 0x03, 0xC3,
    0xE0, 0x00, 0x7C, 0x2F, 0x00, 0x0F, 0xC0, 0xFD, 0x47, 0xF4, 0x07, 0xFF, 0xFE, 0x00, 0x0B, 0xFE, 0x00, 0x3F, 0xFF,
    0xFD, 0x3F, 0xFF, 0xFD, 0x00, 0x7D, 0x00, 0x00, 0x3D, 0x00, 0x00, 0x3D, 0x00, 0x00, 0x3D, 0x00, 0x00, 0x3D, 0x00,
    0x00, 0x3D, 0x00, 0x00, 0x3D, 0x00, 0x00, 0x3D, 0x00, 0x00, 0x3D, 0x00, 0x00, 0x3D, 0x00, 0x00, 0x3D, 0x00, 0x00,
    0x3D, 0x00, 0x00, 0x3D, 0x00, 0x00, 0x3D, 0x00, 0x00, 0x3D, 0x00, 0x00, 0x7D, 0x00, 0x3F, 0xFF, 0xFD, 0x3F, 0xFF,
    0xFD, 0x0F, 0x40, 0xF4, 0x2F, 0xC2, 0xFC, 0x0F, 0x40, 0xF4, 0x00, 0x00, 0x00, 0x00, 0x00, 0x00, 0x3F, 0xFF, 0xFD,
    0x3F, 0xFF, 0xFD, 0x00, 0x7D, 0x00, 0x00, 0x3D, 0x00, 0x00, 0x3D, 0x00, 0x00, 0x3D, 0x00, 0x00, 0x3D, 0x00, 0x00,
    0x3D, 0x00, 0x00, 0x3D, 0x00, 0x00, 0x3D, 0x00, 0x00, 0x3D, 0x00, 0x00, 0x3D, 0x00, 0x00, 0x3D, 0x00, 0x00, 0x3D,
    0x00, 0x00, 0x3D, 0x00, 0x00, 0x3D, 0x00, 0x00, 0x3D, 0x00, 0x00, 0x7D, 0x00, 0x3F, 0xFF, 0xFD, 0x3F, 0xFF, 0xFD,
    0x00, 0x00, 0x0F, 0x40, 0x00, 0x03, 0xD0, 0x00, 0x00, 0xF4, 0x00, 0x00, 0x3D, 0x00, 0x00, 0x0F, 0x40, 0x00, 0x03,
    0xD0, 0x00, 0x00, 0xF4, 0x00, 0x00, 0x3D, 0x00, 0x00, 0x0F, 0x40, 0x00, 0x03, 0xD0, 0x00, 0x00, 0xF4, 0x00, 0x00,
    0x3D, 0x00, 0x00, 0x0F, 0x40, 0x00, 0x03, 0xDB, 0x80, 0x00, 0xF6, 0xF0, 0x00, 0x7C, 0x7D, 0x00, 0x3F, 0x0F, 0xE4,
    0x7F, 0x40, 0xFF, 0xFF, 0x80, 0x07, 0xFE, 0x40, 0x03, 0xFF, 0xF8, 0x00, 0x00, 0xFF, 0xFE, 0x00, 0x00, 0x3D, 0x0B,
    0x80, 0x00, 0x0F, 0x01, 0xE0, 0x00, 0x03, 0xC0, 0x78, 0x00, 0x00, 0xF0, 0x1E, 0x00, 0x00, 0x3C, 0x07, 0x80, 0x00,
    0x0F, 0x01, 0xE0, 0x00, 0x03, 0xC0, 0x7F, 0xF4, 0x00, 0xF0, 0x1F, 0xFF, 0x80, 0x3C, 0x07, 0xC2, 0xF4, 0x0F, 0x01,
    0xE0, 0x3E, 0x03, 0xC0, 0x78, 0x0B, 0x80, 0xF0, 0x1E, 0x02, 0xE0, 0x3C, 0x07, 0x80, 0xB8, 0x0F, 0x01, 0xE0, 0x2E,
    0x07, 0xC0, 0x78, 0x0F, 0x83, 0xE0, 0x1F, 0x0B, 0xD3, 0xF4, 0x07, 0xFF, 0xE0, 0xF4, 0x01, 0xFF, 0xD0, 0xB8, 0x07,
    0x80, 0x02, 0xE0, 0x1E, 0x00, 0x0B, 0x80, 0x78, 0x00, 0x2E, 0x01, 0xE0, 0x00, 0xB8, 0x07, 0x80, 0x02, 0xE0, 0x1E,
    0x00, 0x0B, 0x80, 0x78, 0x00, 0x2E, 0x01, 0xE0, 0x00, 0xBF, 0xFF, 0xFF, 0x82, 0xFF, 0xFF, 0xFF, 0x8B, 0x80, 0x78,
    0x1F, 0x6E, 0x01, 0xE0, 0x2E, 0xB8, 0x07, 0x80, 0xBA, 0xE0, 0x1E, 0x02, 0xEB, 0x80, 0x78, 0x0B, 0xAE, 0x01, 0xE0,
    0x2E, 0xB8, 0x07, 0x80, 0xBA, 0xE0, 0x1E, 0x07, 0xDB, 0x80, 0x7F, 0xFE, 0x2E, 0x01, 0xFF, 0xE0, 0xFF, 0xFF, 0x80,
    0x03, 0xFF, 0xFE, 0x00, 0x00, 0x3D, 0x00, 0x00, 0x00, 0xF4, 0x00, 0x00, 0x03, 0xD0, 0x00, 0x00, 0x0F, 0x40, 0x00,
    0x00, 0x3D, 0x00, 0x00, 0x00, 0xF4, 0x7F, 0xE0, 0x03, 0xDB, 0xFF, 0xE0, 0x0F, 0xFD, 0x0F, 0xC0, 0x3F, 0xC0, 0x1F,
    0x40, 0xFC, 0x00, 0x3D, 0x03, 0xD0, 0x00, 0xF4, 0x0F, 0x40, 0x03, 0xD0, 0x3D, 0x00, 0x0F, 0x40, 0xF4, 0x00, 0x3D,
    0x03, 0xD0, 0x00, 0xF4, 0x0F, 0x40, 0x03, 0xD0, 0x3D, 0x00, 0x0F, 0x40, 0xF4, 0x00, 0x3D, 0x00, 0x03, 0xE0, 0x00,
    0x00, 0xBC, 0x00, 0x00, 0x1F, 0x00, 0x00, 0x03, 0xD0, 0x00, 0x00, 0x00, 0x00, 0x00, 0x00, 0x00, 0x00, 0xBC, 0x00,
    0x0F, 0x8B, 0xC0, 0x02, 0xF0, 0xBC, 0x00, 0x3E, 0x0B, 0xC0, 0x0B, 0xC0, 0xBC, 0x00, 0xF8, 0x0B, 0xC0, 0x2F, 0x00,
    0xBC, 0x03, 0xE0, 0x0B, 0xC0, 0xBC, 0x00, 0xBC, 0x0F, 0x80, 0x0B, 0xFF, 0xF0, 0x00, 0xBF, 0xFF, 0x40, 0x0B, 0xC0,
    0xFC, 0x00, 0xBC, 0x07, 0xD0, 0x0B, 0xC0, 0x3F, 0x00, 0xBC, 0x01, 0xF4, 0x0B, 0xC0, 0x0F, 0xC0, 0xBC, 0x00, 0x7D,
    0x0B, 0xC0, 0x03, 0xF0, 0xBC, 0x00, 0x1F, 0x4B, 0xC0, 0x00, 0xFC, 0x03, 0xC0, 0x2D, 0x00, 0x3E, 0x07, 0xC0, 0x01,
    0xFF, 0xF8, 0x00, 0x07, 0xFD, 0x00, 0x00, 0x00, 0x00, 0x00, 0x00, 0x00, 0x00, 0x7C, 0x00, 0x03, 0xE3, 0xE0, 0x00,
    0x7D, 0x2F, 0x00, 0x0B, 0xC1, 0xF4, 0x00, 0xF8, 0x0F, 0x80, 0x0F, 0x00, 0xBC, 0x02, 0xF0, 0x03, 0xD0, 0x3E, 0x00,
    0x2E, 0x03, 0xC0, 0x01, 0xF0, 0x7C, 0x00, 0x0F, 0x4F, 0x40, 0x00, 0xB8, 0xF0, 0x00, 0x03, 0xDF, 0x00, 0x00, 0x3F,
    0xD0, 0x00, 0x01, 0xFC, 0x00, 0x00, 0x0F, 0x80, 0x00, 0x00, 0xF4, 0x00, 0x00, 0x1F, 0x00, 0x00, 0x03, 0xE0, 0x00,
    0x00, 0x7D, 0x00, 0x00, 0x0B, 0xC0, 0x00, 0x7C, 0x00, 0x3E, 0x7C, 0x00, 0x3E, 0x7C, 0x00, 0x3E, 0x7C, 0x00, 0x3E,
    0x7C, 0x00, 0x3E, 0x7C, 0x00, 0x3E, 0x7C, 0x00, 0x3E, 0x7C, 0x00, 0x3E, 0x7C, 0x00, 0x3E, 0x7C, 0x00, 0x3E, 0x7C,
    0x00, 0x3E, 0x7C, 0x00, 0x3E, 0x7C, 0x00, 0x3E, 0x7C, 0x00, 0x3E, 0x7C, 0x00, 0x3E, 0x7C, 0x00, 0x3E, 0x7C, 0x00,
    0x3E, 0x7C, 0x00, 0x3E, 0x7F, 0xFF, 0xFE, 0x7F, 0xFF, 0xFE, 0x00, 0x3D, 0x00, 0x00, 0x3D, 0x00, 0x00, 0x3D, 0x00,
    0x00, 0x14, 0x00, 0x00, 0x2F, 0xC0, 0x00, 0x03, 0xFC, 0x00, 0x00, 0x3F, 0xD0, 0x00, 0x07, 0xEE, 0x00, 0x00, 0xB9,
    0xF0, 0x00, 0x0F, 0x4F, 0x00, 0x00, 0xF0, 0xF4, 0x00, 0x1F, 0x0B, 0x80, 0x02, 0xE0, 0x7C, 0x00, 0x3D, 0x03, 0xC0,
    0x03, 0xC0, 0x3D, 0x00, 0x7C, 0x03, 0xE0, 0x0B, 0x80, 0x2F, 0x00, 0xFF, 0xFF, 0xF0, 0x0F, 0xFF, 0xFF, 0x42, 0xF0,
    0x00, 0xF8, 0x3E, 0x00, 0x0B, 0xC3, 0xD0, 0x00, 0x7C, 0x7C, 0x00, 0x03, 0xDB, 0xC0, 0x00, 0x2E, 0x7F, 0xFF, 0xFE,
    0x1F, 0xFF, 0xFF, 0x87, 0xC0, 0x00, 0x01, 0xF0, 0x00, 0x00, 0x7C, 0x00, 0x00, 0x1F, 0x00, 0x00, 0x07, 0xC0, 0x00,
    0x01, 0xF0, 0x00, 0x00, 0x7C, 0x00, 0x00, 0x1F, 0xFF, 0xF4, 0x07, 0xFF, 0xFF, 0x81, 0xF0, 0x02, 0xF8, 0x7C, 0x00,
    0x3F, 0x1F, 0x00, 0x07, 0xC7, 0xC0, 0x00, 0xF5, 0xF0, 0x00, 0x7C, 0x7C, 0x00, 0x3F, 0x1F, 0x00, 0x7F, 0x47, 0xFF,
    0xFF, 0x81, 0xFF, 0xFE, 0x40, 0x7F, 0xFF, 0x80, 0x1F, 0xFF, 0xFD, 0x07, 0xC0, 0x1F, 0xC1, 0xF0, 0x00, 0xF8, 0x7C,
    0x00, 0x2F, 0x1F, 0x00, 0x0B, 0xC7, 0xC0, 0x02, 0xE1, 0xF0, 0x00, 0xF4, 0x7C, 0x01, 0xF8, 0x1F, 0xFF, 0xF4, 0x07,
    0xFF, 0xFF, 0x01, 0xF0, 0x02, 0xF0, 0x7C, 0x00, 0x2F, 0x1F, 0x00, 0x07, 0xC7, 0xC0, 0x00, 0xF5, 0xF0, 0x00, 0x7C,
    0x7C, 0x00, 0x2F, 0x1F, 0x00, 0x7F, 0x87, 0xFF, 0xFF, 0x81, 0xFF, 0xFE, 0x40, 0x7F, 0xFF, 0xFF, 0x7F, 0xFF, 0xFF,
    0x7C, 0x00, 0x00, 0x7C, 0x00, 0x00, 0x7C, 0x00, 0x00, 0x7C, 0x00, 0x00, 0x7C, 0x00, 0x00, 0x7C, 0x00, 0x00, 0x7C,
    0x00, 0x00, 0x7C, 0x00, 0x00, 0x7C, 0x00, 0x00, 0x7C, 0x00, 0x00, 0x7C, 0x00, 0x00, 0x7C, 0x00, 0x00, 0x7C, 0x00,
    0x00, 0x7C, 0x00, 0x00, 0x7C, 0x00, 0x00, 0x7C, 0x00, 0x00, 0x7C, 0x00, 0x00, 0x7C, 0x00, 0x00, 0x01, 0xFF, 0xFF,
    0xE0, 0x01, 0xFF, 0xFF, 0xE0, 0x02, 0xF0, 0x03, 0xE0, 0x02, 0xF0, 0x03, 0xE0, 0x02, 0xF0, 0x03, 0xE0, 0x02, 0xF0,
    0x03, 0xE0, 0x02, 0xF0, 0x03, 0xE0, 0x02, 0xF0, 0x03, 0xE0, 0x02, 0xF0, 0x03, 0xE0, 0x02, 0xF0, 0x03, 0xE0, 0x02,
    0xE0, 0x03, 0xE0, 0x02, 0xE0, 0x03, 0xE0, 0x02, 0xE0, 0x03, 0xE0, 0x03, 0xE0, 0x03, 0xE0, 0x03, 0xD0, 0x03, 0xE0,
    0x03, 0xD0, 0x03, 0xE0, 0x0B, 0xC0, 0x03, 0xE0, 0x0F, 0x80, 0x03, 0xE0, 0x7F, 0xFF, 0xFF, 0xFE, 0x7F, 0xFF, 0xFF,
    0xFE, 0x7C, 0x00, 0x00, 0x2E, 0x7C, 0x00, 0x00, 0x2E, 0x7C, 0x00, 0x00, 0x2E, 0x78, 0x00, 0x00, 0x2D, 0x7F, 0xFF,
    0xFF, 0x1F, 0xFF, 0xFF, 0xC7, 0xC0, 0x00, 0x01, 0xF0, 0x00, 0x00, 0x7C, 0x00, 0x00, 0x1F, 0x00, 0x00, 0x07, 0xC0,
    0x00, 0x01, 0xF0, 0x00, 0x00, 0x7C, 0x00, 0x00, 0x1F, 0xFF, 0xFF, 0x07, 0xFF, 0xFF, 0xC1, 0xF0, 0x00, 0x00, 0x7C,
    0x00, 0x00, 0x1F, 0x00, 0x00, 0x07, 0xC0, 0x00, 0x01, 0xF0, 0x00, 0x00, 0x7C, 0x00, 0x00, 0x1F, 0x00, 0x00, 0x07,
    0xFF, 0xFF, 0xF1, 0xFF, 0xFF, 0xFC, 0x7C, 0x03, 0xC0, 0x3E, 0x0F, 0x40, 0xF0, 0x0F, 0x42, 0xF0, 0x3C, 0x0B, 0xC0,
    0x7C, 0x0F, 0x03, 0xE0, 0x0F, 0x43, 0xC0, 0xF0, 0x02, 0xE0, 0xF0, 0xBC, 0x00, 0x7C, 0x3C, 0x3E, 0x00, 0x0F, 0x4F,
    0x0F, 0x00, 0x02, 0xE3, 0xDB, 0xC0, 0x00, 0x7F, 0xFF, 0xE0, 0x00, 0x1F, 0xFF, 0xF8, 0x00, 0x0F, 0x8F, 0x1F, 0x00,
    0x03, 0xD3, 0xC3, 0xD0, 0x02, 0xF0, 0xF0, 0xF8, 0x00, 0xF8, 0x3C, 0x1F, 0x00, 0x3C, 0x0F, 0x03, 0xD0, 0x2F, 0x03,
    0xC0, 0xBC, 0x0F, 0x80, 0xF0, 0x1F, 0x07, 0xC0, 0x3C, 0x03, 0xD2, 0xF0, 0x0F, 0x00, 0xBC, 0x00, 0xBF, 0xE0, 0x00,
    0x7F, 0xFF, 0xC0, 0x0F, 0xD0, 0xBF, 0x02, 0xF0, 0x01, 0xF4, 0x3E, 0x00, 0x0F, 0x83, 0xD0, 0x00, 0xB8, 0x00, 0x00,
    0x0F, 0x80, 0x00, 0x01, 0xF0, 0x00, 0x01, 0xBE, 0x00, 0x07, 0xFF, 0x40, 0x00, 0x7F, 0xFD, 0x00, 0x00, 0x07, 0xF4,
    0x00, 0x00, 0x0B, 0xC0, 0x00, 0x00, 0x3D, 0x54, 0x00, 0x03, 0xD7, 0xC0, 0x00, 0x7D, 0x3E, 0x00, 0x0F, 0xC2, 0xFD,
    0x07, 0xF4, 0x0B, 0xFF, 0xFE, 0x00, 0x1B, 0xFE, 0x00, 0xBC, 0x00, 0xBF, 0xBC, 0x00, 0xFF, 0xBC, 0x01, 0xFF, 0xBC,
    0x02, 0xFF, 0xBC, 0x03, 0xEF, 0xBC, 0x07, 0xDF, 0xBC, 0x0B, 0x6F, 0xBC, 0x0F, 0x2F, 0xBC, 0x1E, 0x2F, 0xBC, 0x3D,
    0x2F, 0xBC, 0x3C, 0x2F, 0xBC, 0x78, 0x2F, 0xBC, 0xF4, 0x2F, 0xB8, 0xF0, 0x2F, 0xBA, 0xE0, 0x2F, 0xBB, 0xD0, 0x2F,
    0xBF, 0xC0, 0x2F, 0xBF, 0x80, 0x2F, 0xBF, 0x00, 0x2F, 0xBF, 0x00, 0x2F, 0x0F, 0x00, 0xB4, 0x0F, 0x81, 0xF0, 0x07,
    0xFF, 0xE0, 0x01, 0xFF, 0x40, 0x00, 0x00, 0x00, 0x00, 0x00, 0x00, 0xBC, 0x00, 0xBF, 0xBC, 0x00, 0xFF, 0xBC, 0x01,
    0xFF, 0xBC, 0x02, 0xFF, 0xBC, 0x03, 0xEF, 0xBC, 0x07, 0xDF, 0xBC, 0x0B, 0x6F, 0xBC, 0x0F, 0x2F, 0xBC, 0x1E, 0x2F,
    0xBC, 0x3D, 0x2F, 0xBC, 0x3C, 0x2F, 0xBC, 0x78, 0x2F, 0xBC, 0xF4, 0x2F, 0xB8, 0xF0, 0x2F, 0xBA, 0xE0, 0x2F, 0xBB,
    0xD0, 0x2F, 0xBF, 0xC0, 0x2F, 0xBF, 0x80, 0x2F, 0xBF, 0x00, 0x2F, 0xBF, 0x00, 0x2F, 0xBC, 0x00, 0x0F, 0x8B, 0xC0,
    0x02, 0xF0, 0xBC, 0x00, 0x3E, 0x0B, 0xC0, 0x0B, 0xC0, 0xBC, 0x00, 0xF8, 0x0B, 0xC0, 0x2F, 0x00, 0xBC, 0x03, 0xE0,
    0x0B, 0xC0, 0xBC, 0x00, 0xBC, 0x0F, 0x80, 0x0B, 0xFF, 0xF0, 0x00, 0xBF, 0xFF, 0x40, 0x0B, 0xC0, 0xFC, 0x00, 0xBC,
    0x07, 0xD0, 0x0B, 0xC0, 0x3F, 0x00, 0xBC, 0x01, 0xF4, 0x0B, 0xC0, 0x0F, 0xC0, 0xBC, 0x00, 0x7D, 0x0B, 0xC0, 0x03,
    0xF0, 0xBC, 0x00, 0x1F, 0x4B, 0xC0, 0x00, 0xFC, 0x01, 0xFF, 0xFF, 0xE0, 0x2F, 0xFF, 0xFE, 0x02, 0xF0, 0x03, 0xE0,
    0x2F, 0x00, 0x3E, 0x02, 0xF0, 0x03, 0xE0, 0x2F, 0x00, 0x3E, 0x02, 0xF0, 0x03, 0xE0, 0x2F, 0x00, 0x3E, 0x02, 0xF0,
    0x03, 0xE0, 0x2F, 0x00, 0x3E, 0x02, 0xF0, 0x03, 0xE0, 0x2E, 0x00, 0x3E, 0x02, 0xE0, 0x03, 0xE0, 0x2E, 0x00, 0x3E,
    0x03, 0xE0, 0x03, 0xE0, 0x3D, 0x00, 0x3E, 0x03, 0xD0, 0x03, 0xE0, 0xFC, 0x00, 0x3E, 0x7F, 0x40, 0x03, 0xE7, 0xD0,
    0x00, 0x3E, 0x3F, 0x80, 0x1F, 0xD3, 0xFC, 0x03, 0xFD, 0x3E, 0xD0, 0x3B, 0xD3, 0xDE, 0x07, 0x7D, 0x3C, 0xF0, 0xB3,
    0xD3, 0xCB, 0x0F, 0x3D, 0x3C, 0x75, 0xD3, 0xD3, 0xD3, 0xAC, 0x3D, 0x3D, 0x3F, 0xC3, 0xD3, 0xD2, 0xF8, 0x3D, 0x3D,
    0x0F, 0x43, 0xD3, 0xD0, 0x00, 0x3D, 0x3D, 0x00, 0x03, 0xD3, 0xD0, 0x00, 0x3D, 0x3D, 0x00, 0x03, 0xD3, 0xD0, 0x00,
    0x3D, 0x3D, 0x00, 0x03, 0xD3, 0xD0, 0x00, 0x3D, 0x3D, 0x00, 0x03, 0xD3, 0xD0, 0x00, 0x3D, 0x7C, 0x00, 0x2E, 0x7C,
    0x00, 0x2E, 0x7C, 0x00, 0x2E, 0x7C, 0x00, 0x2E, 0x7C, 0x00, 0x2E, 0x7C, 0x00, 0x2E, 0x7C, 0x00, 0x2E, 0x7C, 0x00,
    0x2E, 0x7C, 0x00, 0x3E, 0x7F, 0xFF, 0xFE, 0x7F, 0xFF, 0xFE, 0x7C, 0x00, 0x2E, 0x7C, 0x00, 0x2E, 0x7C, 0x00, 0x2E,
    0x7C, 0x00, 0x2E, 0x7C, 0x00, 0x2E, 0x7C, 0x00, 0x2E, 0x7C, 0x00, 0x2E, 0x7C, 0x00, 0x2E, 0x7C, 0x00, 0x2E, 0x01,
    0xFF, 0x80, 0x0F, 0xFF, 0xF4, 0x3F, 0x91, 0xFC, 0x7D, 0x00, 0x3D, 0xBC, 0x00, 0x3E, 0xBC, 0x00, 0x2F, 0xBC, 0x00,
    0x2F, 0xBC, 0x00, 0x2F, 0xBC, 0x00, 0x2F, 0xBC, 0x00, 0x2F, 0xBC, 0x00, 0x2F, 0xBC, 0x00, 0x2F, 0xBC, 0x00, 0x2F,
    0xBC, 0x00, 0x2F, 0xBC, 0x00, 0x2F, 0xBC, 0x00, 0x3E, 0x7D, 0x00, 0x3D, 0x3F, 0x81, 0xFC, 0x0F, 0xFF, 0xF4, 0x02,
    0xFF, 0x80, 0x7F, 0xFF, 0xFE, 0x7F, 0xFF, 0xFE, 0x7C, 0x00, 0x3E, 0x7C, 0x00, 0x3E, 0x7C, 0x00, 0x3E, 0x7C, 0x00,
    0x3E, 0x7C, 0x00, 0x3E, 0x7C, 0x00, 0x3E, 0x7C, 0x00, 0x3E, 0x7C, 0x00, 0x3E, 0x7C, 0x00, 0x3E, 0x7C, 0x00, 0x3E,
    0x7C, 0x00, 0x3E, 0x7C, 0x00, 0x3E, 0x7C, 0x00, 0x3E, 0x7C, 0x00, 0x3E, 0x7C, 0x00, 0x3E, 0x7C, 0x00, 0x3E, 0x7C,
    0x00, 0x3E, 0x7C, 0x00, 0x3E, 0xBF, 0xFF, 0xD0, 0x2F, 0xFF, 0xFF, 0x0B, 0xC0, 0x0B, 0xF2, 0xF0, 0x00, 0x7D, 0xBC,
    0x00, 0x0F, 0xAF, 0x00, 0x02, 0xFB, 0xC0, 0x00, 0xBE, 0xF0, 0x00, 0x3E, 0xBC, 0x00, 0x1F, 0x6F, 0x00, 0x2F, 0xCB,
    0xFF, 0xFF, 0xC2, 0xFF, 0xFF, 0x40, 0xBC, 0x00, 0x00, 0x2F, 0x00, 0x00, 0x0B, 0xC0, 0x00, 0x02, 0xF0, 0x00, 0x00,
    0xBC, 0x00, 0x00, 0x2F, 0x00, 0x00, 0x0B, 0xC0, 0x00, 0x02, 0xF0, 0x00, 0x00, 0x01, 0xFF, 0x80, 0x03, 0xFF, 0xFD,
    0x02, 0xF9, 0x1F, 0xD0, 0xF8, 0x00, 0xFC, 0x7C, 0x00, 0x2F, 0x2F, 0x00, 0x02, 0x8B, 0xC0, 0x00, 0x02, 0xF0, 0x00,
    0x00, 0xBC, 0x00, 0x00, 0x2F, 0x00, 0x00, 0x0B, 0xC0, 0x00, 0x02, 0xF0, 0x00, 0x00, 0xBC, 0x00, 0x00, 0x2F, 0x00,
    0x00, 0x0B, 0xC0, 0x00, 0xA1, 0xF0, 0x00, 0xBC, 0x3E, 0x00, 0x3F, 0x0B, 0xE4, 0x7F, 0x40, 0xFF, 0xFF, 0x40, 0x07,
    0xFE, 0x00, 0xBF, 0xFF, 0xFF, 0xEB, 0xFF, 0xFF, 0xFE, 0x00, 0x0F, 0x40, 0x00, 0x00, 0xF4, 0x00, 0x00, 0x0F, 0x40,
    0x00, 0x00, 0xF4, 0x00, 0x00, 0x0F, 0x40, 0x00, 0x00, 0xF4, 0x00, 0x00, 0x0F, 0x40, 0x00, 0x00, 0xF4, 0x00, 0x00,
    0x0F, 0x40, 0x00, 0x00, 0xF4, 0x00, 0x00, 0x0F, 0x40, 0x00, 0x00, 0xF4, 0x00, 0x00, 0x0F, 0x40, 0x00, 0x00, 0xF4,
    0x00, 0x00, 0x0F, 0x40, 0x00, 0x00, 0xF4, 0x00, 0x00, 0x0F, 0x40, 0x00, 0x00, 0xF4, 0x00, 0x7C, 0x00, 0x03, 0xE3,
    0xE0, 0x00, 0x7D, 0x2F, 0x00, 0x0B, 0xC1, 0xF4, 0x00, 0xF8, 0x0F, 0x80, 0x0F, 0x00, 0xBC, 0x02, 0xF0, 0x03, 0xD0,
    0x3E, 0x00, 0x2E, 0x03, 0xC0, 0x01, 0xF0, 0x7C, 0x00, 0x0F, 0x4F, 0x40, 0x00, 0xB8, 0xF0, 0x00, 0x03, 0xDF, 0x00,
    0x00, 0x3F, 0xD0, 0x00, 0x01, 0xFC, 0x00, 0x00, 0x0F, 0x80, 0x00, 0x00, 0xF4, 0x00, 0x00, 0x1F, 0x00, 0x00, 0x03,
    0xE0, 0x00, 0x00, 0x7D, 0x00, 0x00, 0x0B, 0xC0, 0x00, 0x00, 0x0F, 0x40, 0x00, 0x00, 0xF4, 0x00, 0x02, 0xFF, 0xF8,
    0x00, 0xFF, 0xFF, 0xF4, 0x3F, 0x4F, 0x5F, 0xC7, 0xC0, 0xF0, 0x3E, 0xB8, 0x0F, 0x01, 0xFB, 0x80, 0xF0, 0x1F, 0xF8,
    0x0F, 0x01, 0xFF, 0x80, 0xF0, 0x1F, 0xF8, 0x0F, 0x01, 0xFF, 0x80, 0xF0, 0x1F, 0xF8, 0x0F, 0x01, 0xFB, 0x80, 0xF0,
    0x1F, 0xB8, 0x0F, 0x02, 0xF7, 0xC0, 0xF0, 0x3E, 0x3F, 0x4F, 0x5F, 0xC0, 0xFF, 0xFF, 0xF4, 0x02, 0xFF, 0xF8, 0x00,
    0x00, 0xF4, 0x00, 0x00, 0x0F, 0x40, 0x00, 0x7D, 0x00, 0x03, 0xE0, 0xFC, 0x00, 0x2F, 0x01, 0xF4, 0x00, 0xF4, 0x02,
    0xF0, 0x0B, 0xC0, 0x03, 0xD0, 0x3D, 0x00, 0x0B, 0xC2, 0xF0, 0x00, 0x0F, 0x4F, 0x00, 0x00, 0x2F, 0xB8, 0x00, 0x00,
    0x3F, 0xC0, 0x00, 0x00, 0x7E, 0x00, 0x00, 0x02, 0xFC, 0x00, 0x00, 0x0F, 0xF4, 0x00, 0x00, 0xBE, 0xF0, 0x00, 0x07,
    0xD3, 0xE0, 0x00, 0x3E, 0x0B, 0xC0, 0x01, 0xF0, 0x0F, 0x80, 0x0F, 0x80, 0x2F, 0x00, 0xBC, 0x00, 0x3E, 0x03, 0xE0,
    0x00, 0x7D, 0x2F, 0x00, 0x00, 0xFC, 0x7C, 0x00, 0x3C, 0x07, 0xC0, 0x03, 0xC0, 0x7C, 0x00, 0x3C, 0x07, 0xC0, 0x03,
    0xC0, 0x7C, 0x00, 0x3C, 0x07, 0xC0, 0x03, 0xC0, 0x7C, 0x00, 0x3C, 0x07, 0xC0, 0x03, 0xC0, 0x7C, 0x00, 0x3C, 0x07,
    0xC0, 0x03, 0xC0, 0x7C, 0x00, 0x3C, 0x07, 0xC0, 0x03, 0xC0, 0x7C, 0x00, 0x3C, 0x07, 0xC0, 0x03, 0xC0, 0x7C, 0x00,
    0x3C, 0x07, 0xC0, 0x03, 0xC0, 0x7C, 0x00, 0x3C, 0x07, 0xC0, 0x07, 0xD0, 0x7F, 0xFF, 0xFF, 0xD7, 0xFF, 0xFF, 0xFD,
    0x00, 0x00, 0x03, 0xD0, 0x00, 0x00, 0x3D, 0x00, 0x00, 0x03, 0xD0, 0x00, 0x00, 0x3C, 0xF4, 0x00, 0x3E, 0xF4, 0x00,
    0x3E, 0xF4, 0x00, 0x3E, 0xF4, 0x00, 0x3E, 0xF4, 0x00, 0x3E, 0xF4, 0x00, 0x3E, 0xF4, 0x00, 0x3E, 0xF4, 0x00, 0x3E,
    0xF8, 0x00, 0x3E, 0xFC, 0x00, 0x3E, 0x7F, 0x40, 0x3E, 0x2F, 0xFF, 0xFE, 0x06, 0xFF, 0xFE, 0x00, 0x00, 0x3E, 0x00,
    0x00, 0x3E, 0x00, 0x00, 0x3E, 0x00, 0x00, 0x3E, 0x00, 0x00, 0x3E, 0x00, 0x00, 0x3E, 0x00, 0x00, 0x3E, 0x7C, 0x0F,
    0x02, 0xE7, 0xC0, 0xF0, 0x2E, 0x7C, 0x0F, 0x02, 0xE7, 0xC0, 0xF0, 0x2E, 0x7C, 0x0F, 0x02, 0xE7, 0xC0, 0xF0, 0x2E,
    0x7C, 0x0F, 0x02, 0xE7, 0xC0, 0xF0, 0x2E, 0x7C, 0x0F, 0x02, 0xE7, 0xC0, 0xF0, 0x2E, 0x7C, 0x0F, 0x02, 0xE7, 0xC0,
    0xF0, 0x2E, 0x7C, 0x0F, 0x02, 0xE7, 0xC0, 0xF0, 0x2E, 0x7C, 0x0F, 0x02, 0xE7, 0xC0, 0xF0, 0x2E, 0x7C, 0x0F, 0x02,
    0xE7, 0xC0, 0xF0, 0x2E, 0x7F, 0xFF, 0xFF, 0xE7, 0xFF, 0xFF, 0xFE, 0x7C, 0x0F, 0x03, 0xD0, 0x7C, 0x0F, 0x03, 0xD0,
    0x7C, 0x0F, 0x03, 0xD0, 0x7C, 0x0F, 0x03, 0xD0, 0x7C, 0x0F, 0x03, 0xD0, 0x7C, 0x0F, 0x03, 0xD0, 0x7C, 0x0F, 0x03,
    0xD0, 0x7C, 0x0F, 0x03, 0xD0, 0x7C, 0x0F, 0x03, 0xD0, 0x7C, 0x0F, 0x03, 0xD0, 0x7C, 0x0F, 0x03, 0xD0, 0x7C, 0x0F,
    0x03, 0xD0, 0x7C, 0x0F, 0x03, 0xD0, 0x7C, 0x0F, 0x03, 0xD0, 0x7C, 0x0F, 0x03, 0xD0, 0x7C, 0x0F, 0x03, 0xD0, 0x7C,
    0x0F, 0x03, 0xD0, 0x7C, 0x0F, 0x03, 0xD0, 0x7F, 0xFF, 0xFF, 0xFC, 0x7F, 0xFF, 0xFF, 0xFC, 0x00, 0x00, 0x00, 0x3C,
    0x00, 0x00, 0x00, 0x3C, 0x00, 0x00, 0x00, 0x3C, 0x00, 0x00, 0x00, 0x3C, 0x3F, 0xFC, 0x00, 0x00, 0x3F, 0xFC, 0x00,
    0x00, 0x00, 0x7C, 0x00, 0x00, 0x00, 0x7C, 0x00, 0x00, 0x00, 0x7C, 0x00, 0x00, 0x00, 0x7C, 0x00, 0x00, 0x00, 0x7C,
    0x00, 0x00, 0x00, 0x7C, 0x00, 0x00, 0x00, 0x7C, 0x00, 0x00, 0x00, 0x7F, 0xFF, 0x80, 0x00, 0x7F, 0xFF, 0xF4, 0x00,
    0x7C, 0x01, 0xFC, 0x00, 0x7C, 0x00, 0x7E, 0x00, 0x7C, 0x00, 0x3E, 0x00, 0x7C, 0x00, 0x2F, 0x00, 0x7C, 0x00, 0x3E,
    0x00, 0x7C, 0x00, 0x7D, 0x00, 0x7C, 0x06, 0xFC, 0x00, 0x7F, 0xFF, 0xF0, 0x00, 0x7F, 0xFF, 0x40, 0x7C, 0x00, 0x02,
    0xE7, 0xC0, 0x00, 0x2E, 0x7C, 0x00, 0x02, 0xE7, 0xC0, 0x00, 0x2E, 0x7C, 0x00, 0x02, 0xE7, 0xC0, 0x00, 0x2E, 0x7C,
    0x00, 0x02, 0xE7, 0xC0, 0x00, 0x2E, 0x7C, 0x00, 0x02, 0xE7, 0xFF, 0x80, 0x2E, 0x7F, 0xFF, 0x42, 0xE7, 0xC1, 0xFC,
    0x2E, 0x7C, 0x03, 0xD2, 0xE7, 0xC0, 0x3D, 0x2E, 0x7C, 0x03, 0xD2, 0xE7, 0xC0, 0x3D, 0x2E, 0x7C, 0x07, 0xC2, 0xE7,
    0xC1, 0xFC, 0x2E, 0x7F, 0xFF, 0x02, 0xE7, 0xFF, 0x80, 0x2E, 0x7C, 0x00, 0x00, 0x1F, 0x00, 0x00, 0x07, 0xC0, 0x00,
    0x01, 0xF0, 0x00, 0x00, 0x7C, 0x00, 0x00, 0x1F, 0x00, 0x00, 0x07, 0xC0, 0x00, 0x01, 0xF0, 0x00, 0x00, 0x7C, 0x00,
    0x00, 0x1F, 0xFF, 0xF8, 0x07, 0xFF, 0xFF, 0xD1, 0xF0, 0x01, 0xFC, 0x7C, 0x00, 0x1F, 0x9F, 0x00, 0x03, 0xE7, 0xC0,
    0x00, 0xBD, 0xF0, 0x00, 0x3E, 0x7C, 0x00, 0x1F, 0x5F, 0x00, 0x6F, 0xC7, 0xFF, 0xFF, 0xC1, 0xFF, 0xFF, 0x40, 0x02,
    0xFF, 0x80, 0x1F, 0xFF, 0xF0, 0x3F, 0x46, 0xFC, 0xBC, 0x00, 0x7D, 0xF8, 0x00, 0x3E, 0xB4, 0x00, 0x3E, 0x00, 0x00,
    0x2E, 0x00, 0x00, 0x2E, 0x00, 0x00, 0x3E, 0x02, 0xFF, 0xFE, 0x02, 0xFF, 0xFE, 0x00, 0x00, 0x2E, 0x00, 0x00, 0x2E,
    0x00, 0x00, 0x2E, 0x54, 0x00, 0x2E, 0xF8, 0x00, 0x3E, 0xBC, 0x00, 0x7D, 0x3F, 0x42, 0xFC, 0x1F, 0xFF, 0xF0, 0x02,
    0xFF, 0x80, 0x7C, 0x01, 0xFE, 0x01, 0xF0, 0x1F, 0xFF, 0x47, 0xC0, 0xF8, 0x7F, 0x1F, 0x07, 0xC0, 0x3C, 0x7C, 0x2E,
    0x00, 0xF5, 0xF0, 0xB4, 0x03, 0xD7, 0xC2, 0xD0, 0x0F, 0x5F, 0x0B, 0x40, 0x3D, 0x7C, 0x2D, 0x00, 0xF5, 0xFF, 0xF4,
    0x03, 0xD7, 0xFF, 0xD0, 0x0F, 0x5F, 0x0B, 0x40, 0x3D, 0x7C, 0x2D, 0x00, 0xF5, 0xF0, 0xB4, 0x03, 0xD7, 0xC2, 0xD0,
    0x0F, 0x5F, 0x0B, 0x80, 0x3D, 0x7C, 0x1F, 0x00, 0xF1, 0xF0, 0x3E, 0x1F, 0xC7, 0xC0, 0xBF, 0xFD, 0x1F, 0x00, 0x7F,
    0x80, 0x00, 0xBF, 0xFF, 0x81, 0xFF, 0xFF, 0xE1, 0xFD, 0x00, 0xF8, 0xFC, 0x00, 0x3E, 0x3D, 0x00, 0x0F, 0x8F, 0x40,
    0x03, 0xE3, 0xD0, 0x00, 0xF8, 0xF4, 0x00, 0x3E, 0x3F, 0x00, 0x0F, 0x87, 0xF4, 0x03, 0xE0, 0x7F, 0xFF, 0xF8, 0x03,
    0xFF, 0xFE, 0x00, 0xFC, 0x0F, 0x80, 0x7D, 0x03, 0xE0, 0x3F, 0x00, 0xF8, 0x1F, 0x40, 0x3E, 0x0F, 0xC0, 0x0F, 0x87,
    0xD0, 0x03, 0xE3, 0xF0, 0x00, 0xF8, 0xF8, 0x00, 0x3E, 0x00, 0xBF, 0xE0, 0x01, 0xFF, 0xFF, 0x40, 0xFD, 0x07, 0xF0,
    0x7C, 0x00, 0x3E, 0x00, 0x00, 0x0F, 0x80, 0x00, 0x03, 0xE0, 0x2F, 0xFF, 0xF8, 0x3F, 0xFF, 0xFE, 0x3F, 0x40, 0x0B,
    0x8F, 0x80, 0x02, 0xE3, 0xD0, 0x00, 0xF8, 0xF8, 0x00, 0x7E, 0x2F, 0x91, 0xBF, 0x83, 0xFF, 0xFA, 0xE0, 0x2F, 0xF4,
    0xB8, 0x00, 0x00, 0x00, 0x00, 0x6B, 0xFC, 0x07, 0xFF, 0xFC, 0x1F, 0xFA, 0x54, 0x3F, 0x00, 0x00, 0x7C, 0x00, 0x00,
    0xB8, 0x00, 0x00, 0xB4, 0xBF, 0xD0, 0xB7, 0xFF, 0xF8, 0xBF, 0x41, 0xFC, 0xBD, 0x00, 0x3E, 0xBC, 0x00, 0x2F, 0xBC,
    0x00, 0x2F, 0xBC, 0x00, 0x2F, 0xBC, 0x00, 0x2F, 0xBC, 0x00, 0x2F, 0xBC, 0x00, 0x3F, 0x7D, 0x00, 0x3D, 0x3F, 0x91,
    0xFC, 0x0F, 0xFF, 0xF4, 0x01, 0xFF, 0x80, 0xBF, 0xFF, 0xE0, 0x2F, 0xFF, 0xFF, 0x0B, 0xC0, 0x0B, 0xE2, 0xF0, 0x00,
    0xBC, 0xBC, 0x00, 0x2E, 0x2F, 0x00, 0x1F, 0x0B, 0xFF, 0xFE, 0x02, 0xFF, 0xFF, 0xE0, 0xBC, 0x00, 0x7E, 0x2F, 0x00,
    0x07, 0xCB, 0xC0, 0x01, 0xF2, 0xF0, 0x00, 0x7C, 0xBC, 0x00, 0x7F, 0x2F, 0xFF, 0xFF, 0x0B, 0xFF, 0xFE, 0x00, 0x7F,
    0xFF, 0xFD, 0x7F, 0xFF, 0xFD, 0x7C, 0x00, 0x00, 0x7C, 0x00, 0x00, 0x7C, 0x00, 0x00, 0x7C, 0x00, 0x00, 0x7C, 0x00,
    0x00, 0x7C, 0x00, 0x00, 0x7C, 0x00, 0x00, 0x7C, 0x00, 0x00, 0x7C, 0x00, 0x00, 0x7C, 0x00, 0x00, 0x7C, 0x00, 0x00,
    0x7C, 0x00, 0x00, 0x7C, 0x00, 0x00, 0x01, 0xFF, 0xFF, 0xD0, 0x02, 0xFF, 0xFF, 0xD0, 0x02, 0xF0, 0x03, 0xD0, 0x02,
    0xF0, 0x03, 0xD0, 0x02, 0xF0, 0x03, 0xD0, 0x02, 0xF0, 0x03, 0xD0, 0x02, 0xF0, 0x03, 0xD0, 0x02, 0xE0, 0x03, 0xD0,
    0x02, 0xE0, 0x03, 0xD0, 0x03, 0xE0, 0x03, 0xD0, 0x03, 0xD0, 0x03, 0xD0, 0x07, 0xC0, 0x03, 0xD0, 0x0F, 0x80, 0x03,
    0xD0, 0x7F, 0xFF, 0xFF, 0xFD, 0x7F, 0xFF, 0xFF, 0xFD, 0x7C, 0x00, 0x00, 0x3D, 0x7C, 0x00, 0x00, 0x3D, 0x7C, 0x00,
    0x00, 0x3D, 0x3C, 0x00, 0x00, 0x2D, 0x01, 0xFF, 0x80, 0x0F, 0xFF, 0xF4, 0x3F, 0x41, 0xFC, 0x7C, 0x00, 0x3E, 0xBC,
    0x00, 0x2F, 0xB8, 0x00, 0x1F, 0xBF, 0xFF, 0xFF, 0xBF, 0xFF, 0xFF, 0xB8, 0x00, 0x00, 0xB8, 0x00, 0x00, 0xBC, 0x00,
    0x00, 0x7D, 0x00, 0x3E, 0x3F, 0x81, 0xFD, 0x0F, 0xFF, 0xF4, 0x01, 0xFF, 0x80, 0x3C, 0x03, 0xC0, 0x3D, 0x2E, 0x03,
    0xC0, 0x7C, 0x1F, 0x03, 0xC0, 0xF4, 0x0F, 0x83, 0xC1, 0xF0, 0x07, 0xC3, 0xC3, 0xE0, 0x03, 0xE3, 0xC7, 0xC0, 0x01,
    0xFF, 0xFF, 0x80, 0x02, 0xFF, 0xFF, 0xC0, 0x03, 0xD3, 0xC3, 0xC0, 0x07, 0xC3, 0xC3, 0xE0, 0x0F, 0x83, 0xC1, 0xF0,
    0x0F, 0x03, 0xC0, 0xF4, 0x2F, 0x03, 0xC0, 0xBC, 0x3D, 0x03, 0xC0, 0x3C, 0x7C, 0x03, 0xC0, 0x3E, 0x01, 0xFF, 0xF4,
    0x00, 0xFF, 0xFF, 0xF0, 0x2F, 0x80, 0x6F, 0x82, 0xA0, 0x00, 0xFC, 0x00, 0x00, 0x0F, 0x80, 0x00, 0x02, 0xF0, 0x00,
    0xBF, 0xF8, 0x00, 0x0B, 0xFF, 0xE0, 0x00, 0x00, 0x6F, 0x80, 0x00, 0x00, 0xBC, 0x14, 0x00, 0x07, 0xC3, 0xE0, 0x00,
    0xBC, 0x2F, 0x80, 0x6F, 0x80, 0xFF, 0xFF, 0xF0, 0x02, 0xFF, 0xF4, 0x00, 0xBC, 0x00, 0xBE, 0xBC, 0x00, 0xFE, 0xBC,
    0x02, 0xFE, 0xBC, 0x03, 0xEE, 0xBC, 0x0B, 0xAE, 0xBC, 0x0F, 0x2E, 0xBC, 0x2E, 0x2E, 0xBC, 0x3C, 0x2E, 0xBC, 0x78,
    0x2E, 0xBC, 0xF0, 0x2E, 0xBD, 0xE0, 0x2E, 0xBB, 0xC0, 0x2E, 0xBF, 0x80, 0x2E, 0xBF, 0x40, 0x2E, 0xBF, 0x00, 0x2E,
    0x0F, 0x00, 0xB4, 0x0F, 0x81, 0xF0, 0x07, 0xFF, 0xE0, 0x01, 0xFF, 0x40, 0x00, 0x00, 0x00, 0x00, 0x00, 0x00, 0xBC,
    0x00, 0xBE, 0xBC, 0x00, 0xFE, 0xBC, 0x02, 0xFE, 0xBC, 0x03, 0xEE, 0xBC, 0x0B, 0xAE, 0xBC, 0x0F, 0x2E, 0xBC, 0x2E,
    0x2E, 0xBC, 0x3C, 0x2E, 0xBC, 0x78, 0x2E, 0xBC, 0xF0, 0x2E, 0xBD, 0xE0, 0x2E, 0xBB, 0xC0, 0x2E, 0xBF, 0x80, 0x2E,
    0xBF, 0x40, 0x2E, 0xBF, 0x00, 0x2E, 0x3C, 0x00, 0x0F, 0x83, 0xC0, 0x03, 0xF0, 0x3C, 0x00, 0xBD, 0x03, 0xC0, 0x0F,
    0x80, 0x3C, 0x03, 0xF0, 0x03, 0xC0, 0xBC, 0x00, 0x3F, 0xFF, 0x40, 0x03, 0xFF, 0xF8, 0x00, 0x3D, 0x0B, 0xC0, 0x03,
    0xC0, 0x3F, 0x00, 0x3C, 0x01, 0xF4, 0x03, 0xC0, 0x0F, 0xC0, 0x3C, 0x00, 0x3E, 0x03, 0xC0, 0x02, 0xF4, 0x3C, 0x00,
    0x0F, 0xC0, 0x01, 0xFF, 0xFF, 0xE0, 0x2F, 0xFF, 0xFE, 0x02, 0xF0, 0x03, 0xE0, 0x2F, 0x00, 0x2E, 0x02, 0xF0, 0x02,
    0xE0, 0x2F, 0x00, 0x2E, 0x02, 0xF0, 0x02, 0xE0, 0x2F, 0x00, 0x2E, 0x02, 0xF0, 0x02, 0xE0, 0x2E, 0x00, 0x2E, 0x03,
    0xE0, 0x02, 0xE0, 0x3D, 0x00, 0x2E, 0x1B, 0xC0, 0x02, 0xE7, 0xF8, 0x00, 0x2E, 0x7D, 0x00, 0x02, 0xE0, 0x3F, 0x40,
    0x0F, 0xD3, 0xF8, 0x02, 0xFD, 0x3F, 0xC0, 0x3F, 0xD3, 0xDE, 0x07, 0x7D, 0x3C, 0xF0, 0xF3, 0xD3, 0xCB, 0x4E, 0x3D,
    0x3C, 0x3A, 0xC3, 0xD3, 0xC2, 0xFC, 0x3D, 0x3C, 0x1F, 0x43, 0xD3, 0xD0, 0x00, 0x3D, 0x3D, 0x00, 0x03, 0xD3, 0xD0,
    0x00, 0x3D, 0x3D, 0x00, 0x03, 0xD3, 0xD0, 0x00, 0x3D, 0x3D, 0x00, 0x03, 0xD0, 0xBC, 0x00, 0x2E, 0xBC, 0x00, 0x2E,
    0xBC, 0x00, 0x2E, 0xBC, 0x00, 0x2E, 0xBC, 0x00, 0x2E, 0xBC, 0x00, 0x2E, 0xBF, 0xFF, 0xFE, 0xBF, 0xFF, 0xFE, 0xBC,
    0x00, 0x3E, 0xBC, 0x00, 0x2E, 0xBC, 0x00, 0x2E, 0xBC, 0x00, 0x2E, 0xBC, 0x00, 0x2E, 0xBC, 0x00, 0x2E, 0xBC, 0x00,
    0x2E, 0x02, 0xFF, 0x80, 0x0F, 0xFF, 0xF4, 0x3F, 0x91, 0xFC, 0x7D, 0x00, 0x3E, 0xBC, 0x00, 0x2F, 0xB8, 0x00, 0x2F,
    0xB8, 0x00, 0x2F, 0xB8, 0x00, 0x2F, 0xB8, 0x00, 0x2F, 0xB8, 0x00, 0x2F, 0xBC, 0x00, 0x2F, 0x7D, 0x00, 0x3E, 0x3F,
    0x81, 0xFC, 0x0F, 0xFF, 0xF4, 0x02, 0xFF, 0x80, 0xBF, 0xFF, 0xFE, 0xBF, 0xFF, 0xFE, 0xBC, 0x00, 0x3E, 0xBC, 0x00,
    0x2E, 0xBC, 0x00, 0x2E, 0xBC, 0x00, 0x2E, 0xBC, 0x00, 0x2E, 0xBC, 0x00, 0x2E, 0xBC, 0x00, 0x2E, 0xBC, 0x00, 0x2E,
    0xBC, 0x00, 0x2E, 0xBC, 0x00, 0x2E, 0xBC, 0x00, 0x2E, 0xBC, 0x00, 0x2E, 0xBC, 0x00, 0x2E, 0xBC, 0x7F, 0xD0, 0xBD,
    0xFF, 0xF8, 0xBF, 0x91, 0xFC, 0xBE, 0x00, 0x3E, 0xBC, 0x00, 0x2F, 0xBC, 0x00, 0x2F, 0xBC, 0x00, 0x2F, 0xBC, 0x00,
    0x2F, 0xBC, 0x00, 0x2F, 0xBC, 0x00, 0x2F, 0xBC, 0x00, 0x2F, 0xBE, 0x00, 0x3E, 0xBF, 0x91, 0xFC, 0xBD, 0xFF, 0xF8,
    0xBC, 0x7F, 0xD0, 0xBC, 0x00, 0x00, 0xBC, 0x00, 0x00, 0xBC, 0x00, 0x00, 0xBC, 0x00, 0x00, 0xBC, 0x00, 0x00, 0x01,
    0xFF, 0x90, 0x03, 0xFF, 0xFE, 0x03, 0xF9, 0x1F, 0xD1, 0xF4, 0x00, 0xFC, 0xBC, 0x00, 0x1F, 0x2F, 0x00, 0x00, 0x0B,
    0xC0, 0x00, 0x02, 0xF0, 0x00, 0x00, 0xBC, 0x00, 0x00, 0x2F, 0x00, 0x00, 0x0B, 0xC0, 0x01, 0xF1, 0xF4, 0x00, 0xFC,
    0x3F, 0x91, 0xFD, 0x03, 0xFF, 0xFE, 0x00, 0x1F, 0xF9, 0x00, 0xBF, 0xFF, 0xFF, 0xEB, 0xFF, 0xFF, 0xFE, 0x00, 0x0F,
    0x40, 0x00, 0x00, 0xF4, 0x00, 0x00, 0x0F, 0x40, 0x00, 0x00, 0xF4, 0x00, 0x00, 0x0F, 0x40, 0x00, 0x00, 0xF4, 0x00,
    0x00, 0x0F, 0x40, 0x00, 0x00, 0xF4, 0x00, 0x00, 0x0F, 0x40, 0x00, 0x00, 0xF4, 0x00, 0x00, 0x0F, 0x40, 0x00, 0x00,
    0xF4, 0x00, 0x00, 0x0F, 0x40, 0x00, 0x7D, 0x00, 0x03, 0xE3, 0xE0, 0x00, 0x7C, 0x2F, 0x00, 0x0B, 0xC0, 0xF4, 0x00,
    0xF4, 0x0F, 0xC0, 0x1F, 0x00, 0x7C, 0x02, 0xE0, 0x03, 0xE0, 0x3D, 0x00, 0x2F, 0x07, 0xC0, 0x00, 0xF4, 0xF8, 0x00,
    0x0F, 0x8F, 0x00, 0x00, 0x7D, 0xF0, 0x00, 0x03, 0xFD, 0x00, 0x00, 0x2F, 0xC0, 0x00, 0x01, 0xF8, 0x00, 0x00, 0x0F,
    0x40, 0x00, 0x02, 0xF0, 0x00, 0x00, 0x3E, 0x00, 0x00, 0x07, 0xD0, 0x00, 0x00, 0xBC, 0x00, 0x00, 0x0F, 0x80, 0x00,
    0x00, 0x0F, 0x40, 0x00, 0x00, 0xF4, 0x00, 0x00, 0x0F, 0x40, 0x00, 0x00, 0xF4, 0x00, 0x00, 0x0F, 0x40, 0x00, 0x1F,
    0xFF, 0x80, 0x0F, 0xFF, 0xFF, 0x03, 0xF5, 0xF5, 0xFC, 0x7D, 0x0F, 0x03, 0xDB, 0xC0, 0xF0, 0x2F, 0xB8, 0x0F, 0x01,
    0xFB, 0x80, 0xF0, 0x1F, 0xB8, 0x0F, 0x01, 0xFB, 0x80, 0xF0, 0x1F, 0xB8, 0x0F, 0x01, 0xFB, 0xC0, 0xF0, 0x2F, 0x7D,
    0x0F, 0x03, 0xD3, 0xF4, 0xF5, 0xFC, 0x0F, 0xFF, 0xFF, 0x00, 0x1F, 0xFF, 0x80, 0x00, 0x0F, 0x40, 0x00, 0x00, 0xF4,
    0x00, 0x00, 0x0F, 0x40, 0x00, 0x00, 0xF4, 0x00, 0x00, 0x0F, 0x40, 0x00, 0x3F, 0x00, 0x0B, 0xC1, 0xF4, 0x01, 0xF8,
    0x0B, 0xC0, 0x3F, 0x00, 0x3F, 0x0B, 0xC0, 0x01, 0xF4, 0xF8, 0x00, 0x0B, 0xEF, 0x00, 0x00, 0x3F, 0xC0, 0x00, 0x02,
    0xFC, 0x00, 0x00, 0x3F, 0xD0, 0x00, 0x0F, 0xAF, 0x00, 0x02, 0xF0, 0xFC, 0x00, 0x7D, 0x07, 0xD0, 0x0F, 0xC0, 0x2F,
    0x02, 0xF0, 0x00, 0xFC, 0x7E, 0x00, 0x07, 0xE0, 0xBC, 0x00, 0x3D, 0x0B, 0xC0, 0x03, 0xD0, 0xBC, 0x00, 0x3D, 0x0B,
    0xC0, 0x03, 0xD0, 0xBC, 0x00, 0x3D, 0x0B, 0xC0, 0x03, 0xD0, 0xBC, 0x00, 0x3D, 0x0B, 0xC0, 0x03, 0xD0, 0xBC, 0x00,
    0x3D, 0x0B, 0xC0, 0x03, 0xD0, 0xBC, 0x00, 0x3D, 0x0B, 0xC0, 0x03, 0xD0, 0xBC, 0x00, 0x3D, 0x0B, 0xFF, 0xFF, 0xFD,
    0xBF, 0xFF, 0xFF, 0xD0, 0x00, 0x00, 0x3D, 0x00, 0x00, 0x03, 0xD0, 0x00, 0x00, 0x3D, 0x00, 0x00, 0x02, 0xD0, 0xF8,
    0x00, 0x3E, 0xF8, 0x00, 0x3E, 0xF8, 0x00, 0x3E, 0xF8, 0x00, 0x3E, 0xF8, 0x00, 0x3E, 0xF8, 0x00, 0x3E, 0xFC, 0x00,
    0x3E, 0x7E, 0x40, 0x3E, 0x2F, 0xFF, 0xFE, 0x07, 0xFF, 0xFE, 0x00, 0x00, 0x3E, 0x00, 0x00, 0x3E, 0x00, 0x00, 0x3E,
    0x00, 0x00, 0x3E, 0x00, 0x00, 0x3E, 0x7C, 0x0F, 0x02, 0xE7, 0xC0, 0xF0, 0x2E, 0x7C, 0x0F, 0x02, 0xE7, 0xC0, 0xF0,
    0x2E, 0x7C, 0x0F, 0x02, 0xE7, 0xC0, 0xF0, 0x2E, 0x7C, 0x0F, 0x02, 0xE7, 0xC0, 0xF0, 0x2E, 0x7C, 0x0F, 0x02, 0xE7,
    0xC0, 0xF0, 0x2E, 0x7C, 0x0F, 0x02, 0xE7, 0xC0, 0xF0, 0x2E, 0x7C, 0x0F, 0x02, 0xE7, 0xFF, 0xFF, 0xFE, 0x7F, 0xFF,
    0xFF, 0xE0, 0x7C, 0x0F, 0x03, 0xD0, 0x7C, 0x0F, 0x03, 0xD0, 0x7C, 0x0F, 0x03, 0xD0, 0x7C, 0x0F, 0x03, 0xD0, 0x7C,
    0x0F, 0x03, 0xD0, 0x7C, 0x0F, 0x03, 0xD0, 0x7C, 0x0F, 0x03, 0xD0, 0x7C, 0x0F, 0x03, 0xD0, 0x7C, 0x0F, 0x03, 0xD0,
    0x7C, 0x0F, 0x03, 0xD0, 0x7C, 0x0F, 0x03, 0xD0, 0x7C, 0x0F, 0x03, 0xD0, 0x7C, 0x0F, 0x03, 0xD0, 0x7F, 0xFF, 0xFF,
    0xFC, 0x7F, 0xFF, 0xFF, 0xFC, 0x00, 0x00, 0x00, 0x3C, 0x00, 0x00, 0x00, 0x3C, 0x00, 0x00, 0x00, 0x3C, 0x00, 0x00,
    0x00, 0x3C, 0x7F, 0xFC, 0x00, 0x00, 0x7F, 0xFC, 0x00, 0x00, 0x00, 0xBC, 0x00, 0x00, 0x00, 0xBC, 0x00, 0x00, 0x00,
    0xBC, 0x00, 0x00, 0x00, 0xBC, 0x00, 0x00, 0x00, 0xBF, 0xFF, 0x80, 0x00, 0xBF, 0xFF, 0xF4, 0x00, 0xBC, 0x01, 0xFC,
    0x00, 0xBC, 0x00, 0x7D, 0x00, 0xBC, 0x00, 0x3D, 0x00, 0xBC, 0x00, 0x7D, 0x00, 0xBC, 0x01, 0xFC, 0x00, 0xBF, 0xFF,
    0xF0, 0x00, 0xBF, 0xFF, 0x80, 0x7C, 0x00, 0x02, 0xE7, 0xC0, 0x00, 0x2E, 0x7C, 0x00, 0x02, 0xE7, 0xC0, 0x00, 0x2E,
    0x7C, 0x00, 0x02, 0xE7, 0xC0, 0x00, 0x2E, 0x7F, 0xF8, 0x02, 0xE7, 0xFF, 0xF4, 0x2E, 0x7C, 0x0B, 0xC2, 0xE7, 0xC0,
    0x3D, 0x2E, 0x7C, 0x02, 0xE2, 0xE7, 0xC0, 0x3D, 0x2E, 0x7C, 0x0B, 0xC2, 0xE7, 0xFF, 0xF4, 0x2E, 0x7F, 0xF8, 0x02,
    0xE0, 0x3D, 0x00, 0x00, 0x0F, 0x40, 0x00, 0x03, 0xD0, 0x00, 0x00, 0xF4, 0x00, 0x00, 0x3D, 0x00, 0x00, 0x0F, 0x40,
    0x00, 0x03, 0xFF, 0xFF, 0x80, 0xFF, 0xFF, 0xFC, 0x3D, 0x00, 0x2F, 0x8F, 0x40, 0x03, 0xF3, 0xD0, 0x00, 0xBC, 0xF4,
    0x00, 0x3F, 0x3D, 0x00, 0x7F, 0x4F, 0xFF, 0xFF, 0x83, 0xFF, 0xFE, 0x40, 0x02, 0xFF, 0x80, 0x1F, 0xFF, 0xF4, 0x3F,
    0x41, 0xFC, 0xBC, 0x00, 0x3E, 0xA4, 0x00, 0x2E, 0x00, 0x00, 0x2F, 0x00, 0xBF, 0xFF, 0x00, 0xBF, 0xFF, 0x00, 0x00,
    0x2F, 0x00, 0x00, 0x2F, 0xF8, 0x00, 0x3E, 0xBC, 0x00, 0x7E, 0x3F, 0x42, 0xFC, 0x1F, 0xFF, 0xF4, 0x02, 0xFF, 0x80,
    0x7C, 0x01, 0xFE, 0x01, 0xF0, 0x2F, 0xFF, 0x07, 0xC0, 0xF8, 0x7E, 0x1F, 0x07, 0xC0, 0x7C, 0x7C, 0x1E, 0x00, 0xF1,
    0xF0, 0xB8, 0x03, 0xC7, 0xFF, 0xE0, 0x0F, 0x1F, 0xFF, 0x80, 0x3C, 0x7C, 0x2E, 0x00, 0xF1, 0xF0, 0xB8, 0x03, 0xC7,
    0xC1, 0xE0, 0x0F, 0x1F, 0x07, 0xC0, 0x7C, 0x7C, 0x0F, 0x87, 0xE1, 0xF0, 0x2F, 0xFF, 0x07, 0xC0, 0x1F, 0xE0, 0x00,
    0x01, 0xBF, 0xFF, 0x82, 0xFF, 0xFF, 0xE1, 0xF9, 0x00, 0xF8, 0xFC, 0x00, 0x2E, 0x3E, 0x00, 0x0B, 0x8F, 0xC0, 0x02,
    0xE2, 0xF8, 0x00, 0xB8, 0x3F, 0xFF, 0xFE, 0x02, 0xFF, 0xFF, 0x80, 0x3F, 0x03, 0xE0, 0x1F, 0x40, 0xB8, 0x0F, 0x80,
    0x2E, 0x0B, 0xC0, 0x0B, 0x87, 0xE0, 0x02, 0xE3, 0xF0, 0x00, 0xB8, 0x0F, 0x40, 0xF4, 0x2F, 0xC2, 0xFC, 0x0F, 0x40,
    0xF4, 0x00, 0x00, 0x00, 0x00, 0x00, 0x00, 0x01, 0xFF, 0x80, 0x0F, 0xFF, 0xF4, 0x3F, 0x41, 0xFC, 0x7C, 0x00, 0x3E,
    0xBC, 0x00, 0x2F, 0xB8, 0x00, 0x1F, 0xBF, 0xFF, 0xFF, 0xBF, 0xFF, 0xFF, 0xB8, 0x00, 0x00, 0xB8, 0x00, 0x00, 0xBC,
    0x00, 0x00, 0x7D, 0x00, 0x3E, 0x3F, 0x81, 0xFD, 0x0F, 0xFF, 0xF4, 0x01, 0xFF, 0x80, 0x07, 0xC0, 0x00, 0x00, 0x7C,
    0x00, 0x00, 0x0B, 0xC0, 0x00, 0x0F, 0xFF, 0xFD, 0x00, 0xFF, 0xFF, 0xD0, 0x00, 0x7C, 0x00, 0x00, 0x07, 0xC0, 0x00,
    0x00, 0x7C, 0x7F, 0xD0, 0x07, 0xDF, 0xFF, 0x80, 0x7F, 0x41, 0xFC, 0x07, 0xD0, 0x03, 0xE0, 0x7C, 0x00, 0x3E, 0x07,
    0xC0, 0x02, 0xE0, 0x7C, 0x00, 0x2E, 0x07, 0xC0, 0x02, 0xE0, 0x7C, 0x00, 0x2E, 0x07, 0xC0, 0x02, 0xE0, 0x7C, 0x00,
    0x2E, 0x07, 0xC0, 0x02, 0xE0, 0x7C, 0x00, 0x2E, 0x00, 0x00, 0x03, 0xE0, 0x00, 0x00, 0x7D, 0x00, 0x00, 0x6F, 0xC0,
    0x00, 0x7F, 0xF0, 0x00, 0x07, 0xF4, 0x00, 0x00, 0x03, 0xD0, 0x00, 0x0F, 0x80, 0x00, 0x2F, 0x00, 0x00, 0x7C, 0x00,
    0x00, 0x00, 0x00, 0x00, 0x00, 0x00, 0x7F, 0xFF, 0xFD, 0x7F, 0xFF, 0xFD, 0x7C, 0x00, 0x00, 0x7C, 0x00, 0x00, 0x7C,
    0x00, 0x00, 0x7C, 0x00, 0x00, 0x7C, 0x00, 0x00, 0x7C, 0x00, 0x00, 0x7C, 0x00, 0x00, 0x7C, 0x00, 0x00, 0x7C, 0x00,
    0x00, 0x7C, 0x00, 0x00, 0x7C, 0x00, 0x00, 0x7C, 0x00, 0x00, 0x7C, 0x00, 0x00, 0x01, 0xFF, 0x90, 0x03, 0xFF, 0xFE,
    0x03, 0xF9, 0x1F, 0xD1, 0xF4, 0x00, 0xFC, 0xBC, 0x00, 0x1A, 0x2F, 0x00, 0x00, 0x0B, 0xFF, 0xE0, 0x02, 0xFF, 0xF8,
    0x00, 0xBC, 0x00, 0x00, 0x2F, 0x00, 0x00, 0x0B, 0xC0, 0x02, 0xF1, 0xF4, 0x00, 0xFC, 0x3F, 0x91, 0xFD, 0x03, 0xFF,
    0xFD, 0x00, 0x1F, 0xF8, 0x00, 0x06, 0xFF, 0xD0, 0x2F, 0xFF, 0xF8, 0x3F, 0x41, 0xBD, 0x7C, 0x00, 0x3E, 0x7C, 0x00,
    0x00, 0x7D, 0x00, 0x00, 0x3F, 0xFE, 0x40, 0x0B, 0xFF, 0xF8, 0x00, 0x05, 0xFD, 0x00, 0x00, 0x3E, 0x10, 0x00, 0x2F,
    0xBC, 0x00, 0x2F, 0x7E, 0x41, 0xBE, 0x2F, 0xFF, 0xFC, 0x07, 0xFF, 0xD0, 0x00, 0x3F, 0x00, 0x00, 0x1F, 0xD0, 0x00,
    0x03, 0xF0, 0x00, 0x00, 0x00, 0x00, 0x00, 0x00, 0x00, 0x0F, 0xFF, 0xC0, 0x03, 0xFF, 0xF0, 0x00, 0x00, 0xBC, 0x00,
    0x00, 0x1F, 0x00, 0x00, 0x07, 0xC0, 0x00, 0x01, 0xF0, 0x00, 0x00, 0x7C, 0x00, 0x00, 0x1F, 0x00, 0x00, 0x07, 0xC0,
    0x00, 0x01, 0xF0, 0x00, 0x00, 0x7C, 0x00, 0x00, 0x1F, 0x00, 0x00, 0x0B, 0xC0, 0x0B, 0xFF, 0xFF, 0xFE, 0xFF, 0xFF,
    0xFF, 0x0B, 0x80, 0xB8, 0x03, 0xF0, 0x3F, 0x00, 0xB8, 0x0B, 0x80, 0x00, 0x00, 0x00, 0x00, 0x00, 0x00, 0x0F, 0xFF,
    0xC0, 0x03, 0xFF, 0xF0, 0x00, 0x00, 0xBC, 0x00, 0x00, 0x1F, 0x00, 0x00, 0x07, 0xC0, 0x00, 0x01, 0xF0, 0x00, 0x00,
    0x7C, 0x00, 0x00, 0x1F, 0x00, 0x00, 0x07, 0xC0, 0x00, 0x01, 0xF0, 0x00, 0x00, 0x7C, 0x00, 0x00, 0x1F, 0x00, 0x00,
    0x0B, 0xC0, 0x0B, 0xFF, 0xFF, 0xFE, 0xFF, 0xFF, 0xFF, 0x00, 0x03, 0xE0, 0x00, 0x2F, 0xC0, 0x00, 0x3E, 0x00, 0x00,
    0x00, 0x00, 0x00, 0x02, 0xFF, 0xFF, 0xCB, 0xFF, 0xFF, 0x00, 0x00, 0xBC, 0x00, 0x02, 0xF0, 0x00, 0x0B, 0xC0, 0x00,
    0x2F, 0x00, 0x00, 0xBC, 0x00, 0x02, 0xF0, 0x00, 0x0B, 0xC0, 0x00, 0x2F, 0x00, 0x00, 0xBC, 0x00, 0x02, 0xF0, 0x00,
    0x0B, 0xC0, 0x00, 0x2F, 0x00, 0x00, 0xB8, 0x00, 0x03, 0xE0, 0x00, 0x1F, 0x40, 0x06, 0xFC, 0x2F, 0xFF, 0xC0, 0xBF,
    0xF4, 0x00, 0x0F, 0xFF, 0xE0, 0x00, 0x0F, 0xFF, 0xE0, 0x00, 0x0F, 0x82, 0xE0, 0x00, 0x0F, 0x41, 0xE0, 0x00, 0x0F,
    0x41, 0xE0, 0x00, 0x0F, 0x41, 0xE0, 0x00, 0x0F, 0x41, 0xFF, 0xE0, 0x0F, 0x41, 0xFF, 0xFC, 0x0F, 0x41, 0xE0, 0x7D,
    0x0F, 0x41, 0xE0, 0x3E, 0x0F, 0x41, 0xE0, 0x2E, 0x0F, 0x01, 0xE0, 0x3E, 0x2F, 0x01, 0xE0, 0xBD, 0xFD, 0x01, 0xFF,
    0xF8, 0xF4, 0x01, 0xFF, 0xE0, 0x7C, 0x07, 0x80, 0x01, 0xF0, 0x1E, 0x00, 0x07, 0xC0, 0x78, 0x00, 0x1F, 0x01, 0xE0,
    0x00, 0x7C, 0x07, 0x80, 0x01, 0xF0, 0x1E, 0x00, 0x07, 0xFF, 0xFF, 0xF8, 0x1F, 0xFF, 0xFF, 0xFC, 0x7C, 0x07, 0x81,
    0xF5, 0xF0, 0x1E, 0x02, 0xE7, 0xC0, 0x78, 0x0B, 0x9F, 0x01, 0xE0, 0x2E, 0x7C, 0x07, 0x81, 0xF5, 0xF0, 0x1F, 0xFF,
    0x87, 0xC0, 0x7F, 0xF8, 0x00, 0x0B, 0xC0, 0x00, 0x00, 0xBC, 0x00, 0x00, 0x0B, 0xC0, 0x00, 0x0F, 0xFF, 0xFD, 0x00,
    0xFF, 0xFF, 0xD0, 0x00, 0xBC, 0x00, 0x00, 0x0B, 0xC0, 0x00, 0x00, 0xBC, 0x7F, 0xD0, 0x0B, 0xDF, 0xFF, 0x80, 0xBF,
    0x41, 0xFD, 0x0B, 0xD0, 0x03, 0xE0, 0xBC, 0x00, 0x3E, 0x0B, 0xC0, 0x02, 0xF0, 0xBC, 0x00, 0x2F, 0x0B, 0xC0, 0x02,
    0xF0, 0xBC, 0x00, 0x2F, 0x0B, 0xC0, 0x02, 0xF0, 0xBC, 0x00, 0x2F, 0x0B, 0xC0, 0x02, 0xF0, 0xBC, 0x00, 0x2F, 0x00,
    0x03, 0xE0, 0x00, 0x00, 0xBC, 0x00, 0x00, 0x1F, 0x00, 0x00, 0x03, 0xD0, 0x00, 0x00, 0x00, 0x00, 0x00, 0x00, 0x00,
    0x00, 0x3C, 0x00, 0x0F, 0x83, 0xC0, 0x03, 0xF0, 0x3C, 0x00, 0xBD, 0x03, 0xC0, 0x0F, 0x80, 0x3C, 0x03, 0xF0, 0x03,
    0xC0, 0xBC, 0x00, 0x3F, 0xFF, 0x40, 0x03, 0xFF, 0xF8, 0x00, 0x3D, 0x0B, 0xC0, 0x03, 0xC0, 0x3F, 0x00, 0x3C, 0x01,
    0xF4, 0x03, 0xC0, 0x0F, 0xC0, 0x3C, 0x00, 0x3E, 0x03, 0xC0, 0x02, 0xF4, 0x3C, 0x00, 0x0F, 0xC0, 0x03, 0xC0, 0x2D,
    0x00, 0x3E, 0x07, 0xC0, 0x01, 0xFF, 0xF8, 0x00, 0x07, 0xFD, 0x00, 0x00, 0x00, 0x00, 0x00, 0x00, 0x00, 0x00, 0x7D,
    0x00, 0x03, 0xE3, 0xE0, 0x00, 0x7C, 0x2F, 0x00, 0x0B, 0xC0, 0xF4, 0x00, 0xF4, 0x0F, 0xC0, 0x1F, 0x00, 0x7C, 0x02,
    0xE0, 0x03, 0xE0, 0x3D, 0x00, 0x2F, 0x07, 0xC0, 0x00, 0xF4, 0xF8, 0x00, 0x0F, 0x8F, 0x00, 0x00, 0x7D, 0xF0, 0x00,
    0x03, 0xFD, 0x00, 0x00, 0x2F, 0xC0, 0x00, 0x01, 0xF8, 0x00, 0x00, 0x0F, 0x40, 0x00, 0x02, 0xF0, 0x00, 0x00, 0x3E,
    0x00, 0x00, 0x07, 0xD0, 0x00, 0x00, 0xBC, 0x00, 0x00, 0x0F, 0x80, 0x00, 0xBC, 0x00, 0x2E, 0xBC, 0x00, 0x2E, 0xBC,
    0x00, 0x2E, 0xBC, 0x00, 0x2E, 0xBC, 0x00, 0x2E, 0xBC, 0x00, 0x2E, 0xBC, 0x00, 0x2E, 0xBC, 0x00, 0x2E, 0xBC, 0x00,
    0x2E, 0xBC, 0x00, 0x2E, 0xBC, 0x00, 0x2E, 0xBC, 0x00, 0x2E, 0xBC, 0x00, 0x3E, 0xBF, 0xFF, 0xFE, 0xBF, 0xFF, 0xFE,
    0x00, 0x3D, 0x00, 0x00, 0x3D, 0x00, 0x00, 0x3D, 0x00, 0x00, 0x14, 0x00, 0x00, 0x00, 0x1F, 0x00, 0x00, 0x1F, 0x7F,
    0xFF, 0xFF, 0x7F, 0xFF, 0xFF, 0x7C, 0x00, 0x00, 0x7C, 0x00, 0x00, 0x7C, 0x00, 0x00, 0x7C, 0x00, 0x00, 0x7C, 0x00,
    0x00, 0x7C, 0x00, 0x00, 0x7C, 0x00, 0x00, 0x7C, 0x00, 0x00, 0x7C, 0x00, 0x00, 0x7C, 0x00, 0x00, 0x7C, 0x00, 0x00,
    0x7C, 0x00, 0x00, 0x7C, 0x00, 0x00, 0x7C, 0x00, 0x00, 0x7C, 0x00, 0x00, 0x7C, 0x00, 0x00, 0x7C, 0x00, 0x00, 0x7C,
    0x00, 0x00, 0x00, 0x00, 0x28, 0x00, 0x00, 0x3C, 0x00, 0x00, 0x3C, 0x7F, 0xFF, 0xFC, 0x7F, 0xFF, 0xFC, 0x7C, 0x00,
    0x00, 0x7C, 0x00, 0x00, 0x7C, 0x00, 0x00, 0x7C, 0x00, 0x00, 0x7C, 0x00, 0x00, 0x7C, 0x00, 0x00, 0x7C, 0x00, 0x00,
    0x7C, 0x00, 0x00, 0x7C, 0x00, 0x00, 0x7C, 0x00, 0x00, 0x7C, 0x00, 0x00, 0x7C, 0x00, 0x00, 0x7C, 0x00, 0x00, 0x01,
    0xFF, 0xFF, 0xFC, 0x07, 0xFF, 0xFF, 0xF0, 0x1F, 0x00, 0x00, 0x00, 0x7C, 0x00, 0x00, 0x01, 0xF0, 0x00, 0x00, 0x07,
    0xC0, 0x00, 0x00, 0x1F, 0x00, 0x00, 0x00, 0x7C, 0x00, 0x00, 0x01, 0xF0, 0x00, 0x00, 0xFF, 0xFF, 0xD0, 0x03, 0xFF,
    0xFF, 0x40, 0x00, 0xBC, 0x00, 0x00, 0x01, 0xF0, 0x00, 0x00, 0x07, 0xC0, 0x00, 0x00, 0x1F, 0x00, 0x00, 0x00, 0x7C,
    0x00, 0x00, 0x01, 0xF0, 0x00, 0x00, 0x07, 0xC0, 0x00, 0x00, 0x1F, 0x00, 0x00, 0x00, 0x7C, 0x00, 0x00, 0x03, 0xFF,
    0xFF, 0xE0, 0x3F, 0xFF, 0xFE, 0x03, 0xE0, 0x00, 0x00, 0x3D, 0x00, 0x00, 0x03, 0xD0, 0x00, 0x00, 0x3D, 0x00, 0x00,
    0x03, 0xE0, 0x00, 0x0B, 0xFF, 0xFF, 0x00, 0xBF, 0xFF, 0xF0, 0x00, 0x3D, 0x00, 0x00, 0x03, 0xD0, 0x00, 0x00, 0x3D,
    0x00, 0x00, 0x03, 0xD0, 0x00, 0x00, 0x3D, 0x00, 0x00, 0x03, 0xD0, 0x00, 0x00, 0xF8, 0x00, 0x1F, 0x4F, 0x80, 0x03,
    0xF0, 0xF8, 0x00, 0x7D, 0x0F, 0x80, 0x0F, 0xC0, 0xF8, 0x01, 0xF4, 0x0F, 0x80, 0x3F, 0x00, 0xF8, 0x07, 0xD0, 0x0F,
    0x80, 0xFC, 0x00, 0xF8, 0x1F, 0x40, 0x0F, 0xFF, 0xF0, 0x00, 0xFF, 0xFF, 0x00, 0x0F, 0x81, 0xF4, 0x00, 0xF8, 0x0F,
    0xC0, 0x0F, 0x80, 0x7D, 0x00, 0xF8, 0x03, 0xF0, 0x0F, 0x80, 0x1F, 0x40, 0xF8, 0x00, 0xBC, 0x0F, 0x80, 0x03, 0xD0,
    0xF8, 0x00, 0x2F, 0xFF, 0x80, 0x00, 0xFF, 0x00, 0x00, 0x01, 0xF0, 0x00, 0x00, 0x1F, 0x00, 0x00, 0x01, 0xF0, 0x00,
    0x00, 0x1F, 0xBC, 0x00, 0x1F, 0x4B, 0xC0, 0x03, 0xE0, 0xBC, 0x00, 0xFC, 0x0B, 0xC0, 0x2F, 0x00, 0xBC, 0x07, 0xD0,
    0x0B, 0xC0, 0xF8, 0x00, 0xBF, 0xFF, 0x00, 0x0B, 0xFF, 0xF0, 0x00, 0xBC, 0x1F, 0x80, 0x0B, 0xC0, 0xBC, 0x00, 0xBC,
    0x03, 0xF0, 0x0B, 0xC0, 0x1F, 0x40, 0xBC, 0x00, 0xBC, 0x0B, 0xC0, 0x03, 0xFD, 0xBC, 0x00, 0x1F, 0xD0, 0x00, 0x00,
    0x3D, 0x00, 0x00, 0x03, 0xD0, 0x00, 0x00, 0x3D, 0x00, 0x00, 0x03, 0xD0, 0xBC, 0x00, 0x3E, 0x2F, 0x00, 0x0F, 0x8B,
    0xC0, 0x03, 0xE2, 0xF0, 0x00, 0xF8, 0xBC, 0x00, 0x3E, 0x2F, 0x00, 0x0F, 0x8B, 0xC0, 0x03, 0xE2, 0xF0, 0x00, 0xF8,
    0xBC, 0x00, 0x3E, 0x2F, 0xFF, 0xFF, 0x8B, 0xFF, 0xFF, 0xE2, 0xF0, 0x00, 0xF8, 0xBC, 0x00, 0x3E, 0x2F, 0x00, 0x0F,
    0x8B, 0xC0, 0x03, 0xE2, 0xF0, 0x00, 0xF8, 0xBC, 0x00, 0x3E, 0x2F, 0x00, 0x0F, 0x8B, 0xC0, 0x03, 0xFE, 0xF0, 0x00,
    0xFF, 0x00, 0x00, 0x07, 0xC0, 0x00, 0x01, 0xF0, 0x00, 0x00, 0x7C, 0x00, 0x00, 0x1F, 0xBC, 0x00, 0x3E, 0x2F, 0x00,
    0x0F, 0x8B, 0xC0, 0x03, 0xE2, 0xF0, 0x00, 0xF8, 0xBC, 0x00, 0x3E, 0x2F, 0x00, 0x0F, 0x8B, 0xFF, 0xFF, 0xE2, 0xFF,
    0xFF, 0xF8, 0xBC, 0x00, 0x3E, 0x2F, 0x00, 0x0F, 0x8B, 0xC0, 0x03, 0xE2, 0xF0, 0x00, 0xF8, 0xBC, 0x00, 0x3E, 0x2F,
    0x00, 0x0F, 0xFB, 0xC0, 0x03, 0xFC, 0x00, 0x00, 0x1F, 0x00, 0x00, 0x07, 0xC0, 0x00, 0x01, 0xF0, 0x00, 0x00, 0x7C,
    0x3F, 0x00, 0x00, 0x7C, 0x1F, 0x00, 0x00, 0xF8, 0x0F, 0x80, 0x01, 0xF0, 0x07, 0xC0, 0x03, 0xE0, 0x03, 0xE0, 0x07,
    0xC0, 0x01, 0xF0, 0x0F, 0x80, 0x00, 0xF8, 0x1F, 0x00, 0x00, 0xBC, 0x2E, 0x00, 0x00, 0x3D, 0x3C, 0x00, 0x00, 0x2F,
    0xBC, 0x00, 0x00, 0x0F, 0xF4, 0x00, 0x00, 0x0B, 0xF0, 0x00, 0x00, 0x03, 0xD0, 0x00, 0x00, 0x03, 0xD0, 0x00, 0x00,
    0x03, 0xD0, 0x00, 0x00, 0x03, 0xD0, 0x00, 0x00, 0x03, 0xD0, 0x00, 0x00, 0x03, 0xD0, 0x00, 0x00, 0x03, 0xD0, 0x00,
    0x00, 0x03, 0xD0, 0x00, 0x3D, 0x00, 0x03, 0xD3, 0xE0, 0x00, 0x7C, 0x2F, 0x00, 0x0B, 0x80, 0xF4, 0x00, 0xF4, 0x0F,
    0x80, 0x1F, 0x00, 0x7C, 0x02, 0xE0, 0x03, 0xD0, 0x3D, 0x00, 0x3E, 0x07, 0xC0, 0x01, 0xF0, 0xB8, 0x00, 0x0F, 0x4F,
    0x40, 0x00, 0xB9, 0xF0, 0x00, 0x07, 0xEE, 0x00, 0x00, 0x3F, 0xC0, 0x00, 0x02, 0xFC, 0x00, 0x00, 0x1F, 0x80, 0x00,
    0x00, 0xF4, 0x00, 0x00, 0x0F, 0x40, 0x00, 0x00, 0xF4, 0x00, 0x00, 0x0F, 0x40, 0x00, 0x00, 0xF4, 0x00, 0x3F, 0x00,
    0x00, 0x7C, 0x1F, 0x00, 0x00, 0xF8, 0x0F, 0x80, 0x01, 0xF0, 0x07, 0xC0, 0x03, 0xE0, 0x03, 0xE0, 0x07, 0xC0, 0x02,
    0xF0, 0x0B, 0x80, 0x00, 0xF4, 0x0F, 0x40, 0x00, 0xBC, 0x2F, 0x00, 0x00, 0x3D, 0x3D, 0x00, 0x00, 0x2F, 0x7C, 0x00,
    0x00, 0x1F, 0xF4, 0x00, 0x00, 0x0F, 0xF0, 0x00, 0x00, 0x07, 0xE0, 0x00, 0x02, 0xFF, 0xFF, 0xC0, 0x02, 0xFF, 0xFF,
    0xC0, 0x00, 0x03, 0xD0, 0x00, 0x00, 0x03, 0xD0, 0x00, 0x00, 0x03, 0xD0, 0x00, 0x00, 0x03, 0xD0, 0x00, 0x00, 0x03,
    0xD0, 0x00, 0x3D, 0x00, 0x03, 0xD3, 0xE0, 0x00, 0x7C, 0x2F, 0x00, 0x0B, 0x80, 0xF4, 0x00, 0xF4, 0x0F, 0x80, 0x1F,
    0x00, 0x7C, 0x02, 0xE0, 0x03, 0xD0, 0x3D, 0x00, 0x2E, 0x07, 0xC0, 0x01, 0xF0, 0xB8, 0x00, 0x0F, 0x4F, 0x00, 0x00,
    0xB9, 0xF0, 0x00, 0x07, 0xEE, 0x00, 0x00, 0x3F, 0xC0, 0x00, 0x02, 0xFC, 0x00, 0x00, 0x1F, 0x40, 0x00, 0xBF, 0xFF,
    0xF0, 0x0B, 0xFF, 0xFF, 0x00, 0x00, 0xF4, 0x00, 0x00, 0x0F, 0x40, 0x00, 0x00, 0xF4, 0x00, 0x7C, 0x00, 0x0F, 0x47,
    0xC0, 0x00, 0xF4, 0x7C, 0x00, 0x0F, 0x47, 0xC0, 0x00, 0xF4, 0x7C, 0x00, 0x0F, 0x47, 0xC0, 0x00, 0xF4, 0x7C, 0x00,
    0x0F, 0x43, 0xC0, 0x00, 0xF4, 0x3D, 0x00, 0x0F, 0x43, 0xE0, 0x00, 0xF4, 0x2F, 0x90, 0x0F, 0x40, 0xFF, 0xFF, 0xF4,
    0x01, 0xFF, 0xFF, 0x40, 0x00, 0x00, 0xF4, 0x00, 0x00, 0x0F, 0x40, 0x00, 0x00, 0xF4, 0x00, 0x00, 0x0F, 0x40, 0x00,
    0x00, 0xF4, 0x00, 0x00, 0x0F, 0xE0, 0x00, 0x00, 0xFE, 0x00, 0x00, 0x02, 0xE0, 0x00, 0x00, 0x2E, 0x00, 0x00, 0x02,
    0xE0, 0x00, 0x00, 0x2E, 0x3D, 0x00, 0x0F, 0x43, 0xD0, 0x00, 0xF4, 0x3D, 0x00, 0x0F, 0x43, 0xD0, 0x00, 0xF4, 0x3D,
    0x00, 0x0F, 0x43, 0xD0, 0x00, 0xF4, 0x3E, 0x00, 0x0F, 0x42, 0xF8, 0x00, 0xF4, 0x0F, 0xFF, 0xFF, 0x40, 0x2F, 0xFF,
    0xF4, 0x00, 0x00, 0x0F, 0x40, 0x00, 0x00, 0xF4, 0x00, 0x00, 0x0F, 0x40, 0x00, 0x00, 0xFE, 0x00, 0x00, 0x0F, 0xE0,
    0x00, 0x00, 0x2E, 0x00, 0x00, 0x02, 0xE0, 0x00, 0x00, 0x2E, 0x00, 0x00, 0x02, 0xE0, 0x7C, 0x00, 0x00, 0x1F, 0x00,
    0x00, 0x07, 0xC0, 0x00, 0x01, 0xF0, 0x00, 0x00, 0x7C, 0x00, 0x00, 0x1F, 0x00, 0x00, 0x07, 0xC0, 0x00, 0x01, 0xF0,
    0x00, 0x00, 0x7F, 0xFF, 0xE0, 0x1F, 0xFF, 0xFF, 0x07, 0xC0, 0x07, 0xE1, 0xF0, 0x00, 0xBC, 0x7C, 0x00, 0x1F, 0x1F,
    0x00, 0x07, 0xC7, 0xC0, 0x01, 0xF1, 0xF0, 0x00, 0x7C, 0x7C, 0x00, 0x1F, 0x1F, 0x00, 0x07, 0xC7, 0xC0, 0x01, 0xF1,
    0xF0, 0x00, 0x7C, 0x7C, 0x00, 0x00, 0x1F, 0x00, 0x00, 0x07, 0xC0, 0x00, 0x01, 0xF0, 0x00, 0x00, 0x7C, 0x00, 0x00,
    0x1F, 0xFF, 0xF8, 0x07, 0xFF, 0xFF, 0xC1, 0xF4, 0x02, 0xF8, 0x7C, 0x00, 0x2F, 0x1F, 0x00, 0x07, 0xC7, 0xC0, 0x01,
    0xF1, 0xF0, 0x00, 0x7C, 0x7C, 0x00, 0x1F, 0x1F, 0x00, 0x07, 0xC7, 0xC0, 0x01, 0xF0, 0x02, 0xFF, 0x80, 0x0F, 0xFF,
    0xF0, 0x3F, 0x81, 0xFC, 0x7D, 0x00, 0x7D, 0xBC, 0x00, 0x3E, 0x64, 0x00, 0x2F, 0x00, 0x00, 0x2F, 0x00, 0x00, 0x2F,
    0x00, 0x00, 0x2F, 0xBF, 0xFF, 0xFF, 0xBF, 0xFF, 0xFF, 0xB8, 0x00, 0x2F, 0xB8, 0x00, 0x2F, 0xB8, 0x00, 0x2F, 0xB8,
    0x00, 0x2F, 0xBC, 0x00, 0x3E, 0x7D, 0x00, 0x7D, 0x3F, 0x81, 0xFC, 0x0F, 0xFF, 0xF0, 0x02, 0xFF, 0x80, 0x02, 0xFF,
    0x80, 0x1F, 0xFF, 0xF4, 0x3F, 0x41, 0xFC, 0xBC, 0x00, 0x3E, 0x00, 0x00, 0x2F, 0x00, 0x00, 0x1F, 0x00, 0x00, 0x2F,
    0xBF, 0xFF, 0xFF, 0xBF, 0xFF, 0xFF, 0xB8, 0x00, 0x1F, 0xBC, 0x00, 0x2F, 0x7C, 0x00, 0x3E, 0x3F, 0x41, 0xFC, 0x0F,
    0xFF, 0xF4, 0x01, 0xFF, 0x80, 0x00, 0xF4, 0x0F, 0x40, 0x00, 0xBF, 0x0B, 0xF0, 0x00, 0x0F, 0x40, 0xF4, 0x00, 0x00,
    0x00, 0x00, 0x00, 0x00, 0x00, 0x00, 0x00, 0x1F, 0x00, 0xF0, 0x0F, 0x83, 0xD0, 0x3C, 0x03, 0xD0, 0xBC, 0x0F, 0x02,
    0xF0, 0x1F, 0x03, 0xC0, 0xF8, 0x03, 0xD0, 0xF0, 0x3C, 0x00, 0xB8, 0x3C, 0x2F, 0x00, 0x1F, 0x0F, 0x0F, 0x80, 0x03,
    0xD3, 0xC3, 0xC0, 0x00, 0xB8, 0xF6, 0xF0, 0x00, 0x1F, 0xFF, 0xF8, 0x00, 0x07, 0xFF, 0xFE, 0x00, 0x03, 0xE3, 0xC7,
    0xC0, 0x00, 0xF4, 0xF0, 0xF4, 0x00, 0xBC, 0x3C, 0x3E, 0x00, 0x3E, 0x0F, 0x07, 0xC0, 0x0F, 0x03, 0xC0, 0xF4, 0x0B,
    0xC0, 0xF0, 0x2F, 0x03, 0xE0, 0x3C, 0x07, 0xC1, 0xF0, 0x0F, 0x00, 0xF4, 0xBC, 0x03, 0xC0, 0x2F, 0x00, 0x00, 0xF4,
    0x0F, 0x40, 0x02, 0xFC, 0x2F, 0xC0, 0x00, 0xF4, 0x0F, 0x40, 0x00, 0x00, 0x00, 0x00, 0x00, 0x00, 0x00, 0x00, 0x3C,
    0x03, 0xC0, 0x3D, 0x2E, 0x03, 0xC0, 0x7C, 0x1F, 0x03, 0xC0, 0xF4, 0x0F, 0x83, 0xC1, 0xF0, 0x07, 0xC3, 0xC3, 0xE0,
    0x03, 0xE3, 0xC7, 0xC0, 0x01, 0xFF, 0xFF, 0x80, 0x02, 0xFF, 0xFF, 0xC0, 0x03, 0xD3, 0xC3, 0xC0, 0x07, 0xC3, 0xC3,
    0xE0, 0x0F, 0x83, 0xC1, 0xF0, 0x0F, 0x03, 0xC0, 0xF4, 0x2F, 0x03, 0xC0, 0xBC, 0x3D, 0x03, 0xC0, 0x3C, 0x7C, 0x03,
    0xC0, 0x3E, 0x03, 0xD0, 0x3D, 0x00, 0xBF, 0x0B, 0xF0, 0x03, 0xD0, 0x3D, 0x00, 0x00, 0x00, 0x00, 0x00, 0x00, 0x00,
    0x00, 0x0B, 0xFE, 0x00, 0x07, 0xFF, 0xFC, 0x00, 0xFD, 0x0B, 0xF0, 0x2F, 0x00, 0x1F, 0x43, 0xE0, 0x00, 0xF8, 0x3D,
    0x00, 0x0B, 0x80, 0x00, 0x00, 0xF8, 0x00, 0x00, 0x1F, 0x00, 0x00, 0x1B, 0xE0, 0x00, 0x7F, 0xF4, 0x00, 0x07, 0xFF,
    0xD0, 0x00, 0x00, 0x7F, 0x40, 0x00, 0x00, 0xBC, 0x00, 0x00, 0x03, 0xD5, 0x40, 0x00, 0x3D, 0x7C, 0x00, 0x07, 0xD3,
    0xE0, 0x00, 0xFC, 0x2F, 0xD0, 0x7F, 0x40, 0xBF, 0xFF, 0xE0, 0x01, 0xBF, 0xE0, 0x00, 0x03, 0xD0, 0x3D, 0x00, 0xBF,
    0x0B, 0xF0, 0x03, 0xD0, 0x3D, 0x00, 0x00, 0x00, 0x00, 0x00, 0x00, 0x00, 0x00, 0x1F, 0xFF, 0x40, 0x0F, 0xFF, 0xFF,
    0x02, 0xF8, 0x06, 0xF8, 0x2A, 0x00, 0x0F, 0xC0, 0x00, 0x00, 0xF8, 0x00, 0x00, 0x2F, 0x00, 0x0B, 0xFF, 0x80, 0x00,
    0xBF, 0xFE, 0x00, 0x00, 0x06, 0xF8, 0x00, 0x00, 0x0B, 0xC1, 0x40, 0x00, 0x7C, 0x3E, 0x00, 0x0B, 0xC2, 0xF8, 0x06,
    0xF8, 0x0F, 0xFF, 0xFF, 0x00, 0x2F, 0xFF, 0x40, 0x0F, 0x40, 0xF4, 0x2F, 0xC2, 0xFC, 0x0F, 0x40, 0xF4, 0x00, 0x00,
    0x00, 0x00, 0x00, 0x00, 0xBC, 0x00, 0xBF, 0xBC, 0x00, 0xFF, 0xBC, 0x01, 0xFF, 0xBC, 0x02, 0xFF, 0xBC, 0x03, 0xEF,
    0xBC, 0x07, 0xDF, 0xBC, 0x0B, 0x6F, 0xBC, 0x0F, 0x2F, 0xBC, 0x1E, 0x2F, 0xBC, 0x3D, 0x2F, 0xBC, 0x3C, 0x2F, 0xBC,
    0x78, 0x2F, 0xBC, 0xF4, 0x2F, 0xB8, 0xF0, 0x2F, 0xBA, 0xE0, 0x2F, 0xBB, 0xD0, 0x2F, 0xBF, 0xC0, 0x2F, 0xBF, 0x80,
    0x2F, 0xBF, 0x00, 0x2F, 0xBF, 0x00, 0x2F, 0x0F, 0x40, 0xF4, 0x2F, 0xC2, 0xFC, 0x0F, 0x40, 0xF4, 0x00, 0x00, 0x00,
    0x00, 0x00, 0x00, 0xBC, 0x00, 0xBE, 0xBC, 0x00, 0xFE, 0xBC, 0x02, 0xFE, 0xBC, 0x03, 0xEE, 0xBC, 0x0B, 0xAE, 0xBC,
    0x0F, 0x2E, 0xBC, 0x2E, 0x2E, 0xBC, 0x3C, 0x2E, 0xBC, 0x78, 0x2E, 0xBC, 0xF0, 0x2E, 0xBD, 0xE0, 0x2E, 0xBB, 0xC0,
    0x2E, 0xBF, 0x80, 0x2E, 0xBF, 0x40, 0x2E, 0xBF, 0x00, 0x2E, 0x0F, 0x40, 0xF4, 0x2F, 0xC2, 0xFC, 0x0F, 0x40, 0xF4,
    0x00, 0x00, 0x00, 0x00, 0x00, 0x00, 0x01, 0xFF, 0x80, 0x0F, 0xFF, 0xF4, 0x3F, 0x91, 0xFC, 0x7D, 0x00, 0x3D, 0xBC,
    0x00, 0x3E, 0xBC, 0x00, 0x2F, 0xBC, 0x00, 0x2F, 0xBC, 0x00, 0x2F, 0xBC, 0x00, 0x2F, 0xBC, 0x00, 0x2F, 0xBC, 0x00,
    0x2F, 0xBC, 0x00, 0x2F, 0xBC, 0x00, 0x2F, 0xBC, 0x00, 0x2F, 0xBC, 0x00, 0x2F, 0xBC, 0x00, 0x3E, 0x7D, 0x00, 0x3D,
    0x3F, 0x81, 0xFC, 0x0F, 0xFF, 0xF4, 0x02, 0xFF, 0x80, 0x0F, 0x40, 0xF4, 0x2F, 0xC2, 0xFC, 0x0F, 0x40, 0xF4, 0x00,
    0x00, 0x00, 0x00, 0x00, 0x00, 0x02, 0xFF, 0x80, 0x0F, 0xFF, 0xF4, 0x3F, 0x91, 0xFC, 0x7D, 0x00, 0x3E, 0xBC, 0x00,
    0x2F, 0xB8, 0x00, 0x2F, 0xB8, 0x00, 0x2F, 0xB8, 0x00, 0x2F, 0xB8, 0x00, 0x2F, 0xB8, 0x00, 0x2F, 0xBC, 0x00, 0x2F,
    0x7D, 0x00, 0x3E, 0x3F, 0x81, 0xFC, 0x0F, 0xFF, 0xF4, 0x02, 0xFF, 0x80, 0x02, 0xFF, 0x80, 0x0F, 0xFF, 0xF4, 0x3F,
    0x91, 0xFC, 0x3D, 0x00, 0x3D, 0x7C, 0x00, 0x3E, 0xBC, 0x00, 0x2F, 0xBC, 0x00, 0x2F, 0xBC, 0x00, 0x2F, 0xBC, 0x00,
    0x2F, 0xBF, 0xFF, 0xFF, 0xBF, 0xFF, 0xFF, 0xBC, 0x00, 0x2F, 0xBC, 0x00, 0x2F, 0xBC, 0x00, 0x2F, 0xBC, 0x00, 0x2E,
    0x7C, 0x00, 0x3E, 0x3D, 0x00, 0x3D, 0x3F, 0x81, 0xFC, 0x0F, 0xFF, 0xF0, 0x02, 0xFF, 0x80, 0x01, 0xFF, 0x80, 0x0F,
    0xFF, 0xF0, 0x3F, 0x41, 0xFC, 0x3D, 0x00, 0x3D, 0x7C, 0x00, 0x2E, 0xBC, 0x00, 0x2F, 0xBF, 0xFF, 0xFF, 0xBF, 0xFF,
    0xFF, 0xBC, 0x00, 0x2F, 0xBC, 0x00, 0x2F, 0x7C, 0x00, 0x3E, 0x3D, 0x00, 0x3D, 0x3F, 0x91, 0xFC, 0x0F, 0xFF, 0xF0,
    0x01, 0xFF, 0x80, 0x0F, 0x40, 0xF4, 0x2F, 0xC2, 0xFC, 0x0F, 0x40, 0xF4, 0x00, 0x00, 0x00, 0x00, 0x00, 0x00, 0xF4,
    0x00, 0x3E, 0xF4, 0x00, 0x3E, 0xF4, 0x00, 0x3E, 0xF4, 0x00, 0x3E, 0xF4, 0x00, 0x3E, 0xF4, 0x00, 0x3E, 0xF4, 0x00,
    0x3E, 0xF4, 0x00, 0x3E, 0xF8, 0x00, 0x3E, 0xFC, 0x00, 0x3E, 0x7F, 0x40, 0x3E, 0x2F, 0xFF, 0xFE, 0x06, 0xFF, 0xFE,
    0x00, 0x00, 0x3E, 0x00, 0x00, 0x3E, 0x00, 0x00, 0x3E, 0x00, 0x00, 0x3E, 0x00, 0x00, 0x3E, 0x00, 0x00, 0x3E, 0x00,
    0x00, 0x3E, 0x0F, 0x40, 0xF4, 0x2F, 0xC2, 0xFC, 0x0F, 0x40, 0xF4, 0x00, 0x00, 0x00, 0x00, 0x00, 0x00, 0xF8, 0x00,
    0x3E, 0xF8, 0x00, 0x3E, 0xF8, 0x00, 0x3E, 0xF8, 0x00, 0x3E, 0xF8, 0x00, 0x3E, 0xF8, 0x00, 0x3E, 0xFC, 0x00, 0x3E,
    0x7E, 0x40, 0x3E, 0x2F, 0xFF, 0xFE, 0x07, 0xFF, 0xFE, 0x00, 0x00, 0x3E, 0x00, 0x00, 0x3E, 0x00, 0x00, 0x3E, 0x00,
    0x00, 0x3E, 0x00, 0x00, 0x3E, 0x00, 0xBC, 0x00, 0x00, 0x00, 0x2F, 0x00, 0x00, 0x00, 0x0F, 0x80, 0x00, 0x00, 0x03,
    0xD0, 0x00, 0x00, 0x00, 0x00, 0x00, 0x00, 0x00, 0x00, 0x00, 0x7C, 0x03, 0xE0, 0x2E, 0x7C, 0x07, 0xE0, 0x2D, 0x3C,
    0x07, 0xF0, 0x2D, 0x3C, 0x0B, 0xB0, 0x3C, 0x3C, 0x0B, 0xB0, 0x3C, 0x3D, 0x0F, 0xB0, 0x3C, 0x2D, 0x0E, 0x74, 0x3C,
    0x2E, 0x0E, 0x74, 0x7C, 0x1E, 0x1D, 0x38, 0x78, 0x1F, 0x1D, 0x38, 0xB8, 0x0F, 0x2C, 0x3C, 0xB4, 0x0F, 0x2C, 0x3C,
    0xB4, 0x0F, 0x3C, 0x2C, 0xF0, 0x0F, 0x3C, 0x2C, 0xF0, 0x0F, 0x78, 0x1D, 0xF0, 0x0B, 0xB8, 0x1E, 0xF0, 0x0B, 0xB4,
    0x0E, 0xE0, 0x07, 0xF4, 0x0F, 0xE0, 0x07, 0xF0, 0x0F, 0xD0, 0x03, 0xF0, 0x0F, 0xD0, 0x00, 0xBC, 0x00, 0x00, 0x00,
    0x2F, 0x00, 0x00, 0x00, 0x0F, 0x80, 0x00, 0x00, 0x03, 0xD0, 0x00, 0x00, 0x00, 0x00, 0x00, 0x00, 0x00, 0x00, 0x00,
    0x3C, 0x03, 0xD0, 0x2D, 0x3C, 0x07, 0xE0, 0x3C, 0x3D, 0x0B, 0xE0, 0x3C, 0x2D, 0x0B, 0xB0, 0x3C, 0x1E, 0x0E, 0xB0,
    0x78, 0x1E, 0x0E, 0x74, 0x74, 0x0F, 0x1D, 0x34, 0xB4, 0x0F, 0x1C, 0x38, 0xF0, 0x0F, 0x2C, 0x3C, 0xF0, 0x0B, 0x7C,
    0x3C, 0xF0, 0x07, 0x78, 0x2D, 0xE0, 0x07, 0xB8, 0x1E, 0xD0, 0x03, 0xF4, 0x1F, 0xC0, 0x03, 0xF0, 0x0F, 0xC0, 0x03,
    0xF0, 0x0F, 0xC0, 0x00, 0x00, 0x3E, 0x00, 0x00, 0x00, 0xBC, 0x00, 0x00, 0x01, 0xF0, 0x00, 0x00, 0x03, 0xD0, 0x00,
    0x00, 0x00, 0x00, 0x00, 0x00, 0x00, 0x00, 0x00, 0x7C, 0x03, 0xE0, 0x2E, 0x7C, 0x07, 0xE0, 0x2D, 0x3C, 0x07, 0xF0,
    0x2D, 0x3C, 0x0B, 0xB0, 0x3C, 0x3C, 0x0B, 0xB0, 0x3C, 0x3D, 0x0F, 0xB0, 0x3C, 0x2D, 0x0E, 0x74, 0x3C, 0x2E, 0x0E,
    0x74, 0x7C, 0x1E, 0x1D, 0x38, 0x78, 0x1F, 0x1D, 0x38, 0xB8, 0x0F, 0x2C, 0x3C, 0xB4, 0x0F, 0x2C, 0x3C, 0xB4, 0x0F,
    0x3C, 0x2C, 0xF0, 0x0F, 0x3C, 0x2C, 0xF0, 0x0F, 0x78, 0x1D, 0xF0, 0x0B, 0xB8, 0x1E, 0xF0, 0x0B, 0xB4, 0x0E, 0xE0,
    0x07, 0xF4, 0x0F, 0xE0, 0x07, 0xF0, 0x0F, 0xD0, 0x03, 0xF0, 0x0F, 0xD0, 0x00, 0x00, 0x3E, 0x00, 0x00, 0x00, 0xBC,
    0x00, 0x00, 0x01, 0xF0, 0x00, 0x00, 0x03, 0xD0, 0x00, 0x00, 0x00, 0x00, 0x00, 0x00, 0x00, 0x00, 0x00, 0x3C, 0x03,
    0xD0, 0x2D, 0x3C, 0x07, 0xE0, 0x3C, 0x3D, 0x0B, 0xE0, 0x3C, 0x2D, 0x0B, 0xB0, 0x3C, 0x1E, 0x0E, 0xB0, 0x78, 0x1E,
    0x0E, 0x74, 0x74, 0x0F, 0x1D, 0x34, 0xB4, 0x0F, 0x1C, 0x38, 0xF0, 0x0F, 0x2C, 0x3C, 0xF0, 0x0B, 0x7C, 0x3C, 0xF0,
    0x07, 0x78, 0x2D, 0xE0, 0x07, 0xB8, 0x1E, 0xD0, 0x03, 0xF4, 0x1F, 0xC0, 0x03, 0xF0, 0x0F, 0xC0, 0x03, 0xF0, 0x0F,
    0xC0, 0x00, 0xF4, 0x0F, 0x40, 0x02, 0xFC, 0x2F, 0xC0, 0x00, 0xF4, 0x0F, 0x40, 0x00, 0x00, 0x00, 0x00, 0x00, 0x00,
    0x00, 0x00, 0x7C, 0x03, 0xE0, 0x2E, 0x7C, 0x07, 0xE0, 0x2D, 0x3C, 0x07, 0xF0, 0x2D, 0x3C, 0x0B, 0xB0, 0x3C, 0x3C,
    0x0B, 0xB0, 0x3C, 0x3D, 0x0F, 0xB0, 0x3C, 0x2D, 0x0E, 0x74, 0x3C, 0x2E, 0x0E, 0x74, 0x7C, 0x1E, 0x1D, 0x38, 0x78,
    0x1F, 0x1D, 0x38, 0xB8, 0x0F, 0x2C, 0x3C, 0xB4, 0x0F, 0x2C, 0x3C, 0xB4, 0x0F, 0x3C, 0x2C, 0xF0, 0x0F, 0x3C, 0x2C,
    0xF0, 0x0F, 0x78, 0x1D, 0xF0, 0x0B, 0xB8, 0x1E, 0xF0, 0x0B, 0xB4, 0x0E, 0xE0, 0x07, 0xF4, 0x0F, 0xE0, 0x07, 0xF0,
    0x0F, 0xD0, 0x03, 0xF0, 0x0F, 0xD0, 0x00, 0xF4, 0x0F, 0x40, 0x02, 0xFC, 0x2F, 0xC0, 0x00, 0xF4, 0x0F, 0x40, 0x00,
    0x00, 0x00, 0x00, 0x00, 0x00, 0x00, 0x00, 0x3C, 0x03, 0xD0, 0x2D, 0x3C, 0x07, 0xE0, 0x3C, 0x3D, 0x0B, 0xE0, 0x3C,
    0x2D, 0x0B, 0xB0, 0x3C, 0x1E, 0x0E, 0xB0, 0x78, 0x1E, 0x0E, 0x74, 0x74, 0x0F, 0x1D, 0x34, 0xB4, 0x0F, 0x1C, 0x38,
    0xF0, 0x0F, 0x2C, 0x3C, 0xF0, 0x0B, 0x7C, 0x3C, 0xF0, 0x07, 0x78, 0x2D, 0xE0, 0x07, 0xB8, 0x1E, 0xD0, 0x03, 0xF4,
    0x1F, 0xC0, 0x03, 0xF0, 0x0F, 0xC0, 0x03, 0xF0, 0x0F, 0xC0, 0x01, 0xFF, 0xFF, 0x43, 0xFF, 0xFF, 0xD2, 0xF9, 0x02,
    0xF0, 0xF8, 0x00, 0xF8, 0x7C, 0x00, 0xFC, 0x1F, 0x00, 0xBC, 0x0B, 0xC0, 0x3D, 0x02, 0xF0, 0x3F, 0x00, 0xBC, 0x2F,
    0x40, 0x2F, 0x0B, 0xFD, 0x0B, 0xC2, 0xFF, 0xD2, 0xF0, 0x02, 0xFC, 0xBC, 0x00, 0x2F, 0x6F, 0x00, 0x03, 0xEB, 0xC0,
    0x00, 0xFA, 0xF0, 0x00, 0x3D, 0xBC, 0x00, 0x2F, 0x2F, 0x00, 0x6F, 0x8B, 0xC3, 0xFF, 0xC2, 0xF0, 0xFF, 0x40, 0x00,
    0x2F, 0xC0, 0x00, 0x03, 0xFC, 0x00, 0x00, 0x3F, 0xD0, 0x00, 0x07, 0xEE, 0x00, 0x00, 0xB9, 0xF0, 0x00, 0x0F, 0x4F,
    0x00, 0x00, 0xF0, 0xF4, 0x00, 0x1F, 0x0B, 0x80, 0x02, 0xE0, 0x7C, 0x00, 0x3D, 0x03, 0xC0, 0x03, 0xC0, 0x3D, 0x00,
    0x7C, 0x03, 0xE0, 0x0B, 0x80, 0x2F, 0x00, 0xFF, 0xFF, 0xF0, 0x0F, 0xFF, 0xFF, 0x42, 0xF0, 0x00, 0xF8, 0x3E, 0x00,
    0x0B, 0xC3, 0xD0, 0x00, 0x7C, 0x7C, 0x00, 0x03, 0xDB, 0xC0, 0x00, 0x2E, 0x00, 0x00, 0x00, 0x00, 0x00, 0x00, 0x00,
    0x00, 0x00, 0x00, 0x00, 0x01, 0xF4, 0x00, 0x00, 0x3F, 0xC0, 0x00, 0x01, 0xF8, 0x00, 0x00, 0xBF, 0xE0, 0x01, 0xFF,
    0xFF, 0x40, 0xFD, 0x07, 0xF0, 0x7C, 0x00, 0x3E, 0x00, 0x00, 0x0F, 0x80, 0x00, 0x03, 0xE0, 0x2F, 0xFF, 0xF8, 0x3F,
    0xFF, 0xFE, 0x3F, 0x40, 0x0B, 0x8F, 0x80, 0x02, 0xE3, 0xD0, 0x00, 0xF8, 0xF8, 0x00, 0x7E, 0x2F, 0x91, 0xBF, 0x83,
    0xFF, 0xFA, 0xE0, 0x2F, 0xF4, 0xB8, 0x00, 0x00, 0x00, 0x00, 0x00, 0x00, 0x00, 0x00, 0x00, 0x00, 0x00, 0xF8, 0x00,
    0x00, 0xBF, 0x00, 0x00, 0x1F, 0x80, 0x00, 0x00, 0x00, 0x00, 0x00, 0x07, 0xFC, 0x00, 0x00, 0x7F, 0xE0, 0x00, 0x00,
    0x2E, 0x00, 0x00, 0x03, 0xC0, 0x00, 0x00, 0xB8, 0x00, 0x00, 0x00, 0x00, 0x00, 0x00, 0x00, 0x00, 0x00, 0x2F, 0xC0,
    0x00, 0x03, 0xFC, 0x00, 0x00, 0x3F, 0xD0, 0x00, 0x07, 0xEE, 0x00, 0x00, 0xB9, 0xF0, 0x00, 0x0F, 0x4F, 0x00, 0x00,
    0xF0, 0xF4, 0x00, 0x1F, 0x0B, 0x80, 0x02, 0xE0, 0x7C, 0x00, 0x3D, 0x03, 0xC0, 0x03, 0xC0, 0x3D, 0x00, 0x7C, 0x03,
    0xE0, 0x0B, 0x80, 0x2F, 0x00, 0xFF, 0xFF, 0xF0, 0x0F, 0xFF, 0xFF, 0x42, 0xF0, 0x00, 0xF8, 0x3E, 0x00, 0x0B, 0xC3,
    0xD0, 0x00, 0x7C, 0x7C, 0x00, 0x03, 0xDB, 0xC0, 0x00, 0x2E, 0x00, 0x00, 0x00, 0x00, 0x0F, 0xF4, 0x00, 0x03, 0xFF,
    0x00, 0x00, 0x07, 0xC0, 0x00, 0x02, 0xD0, 0x00, 0x01, 0xE0, 0x00, 0x00, 0x00, 0x00, 0x00, 0x00, 0x00, 0x00, 0xBF,
    0xE0, 0x01, 0xFF, 0xFF, 0x40, 0xFD, 0x07, 0xF0, 0x7C, 0x00, 0x3E, 0x00, 0x00, 0x0F, 0x80, 0x00, 0x03, 0xE0, 0x2F,
    0xFF, 0xF8, 0x3F, 0xFF, 0xFE, 0x3F, 0x40, 0x0B, 0x8F, 0x80, 0x02, 0xE3, 0xD0, 0x00, 0xF8, 0xF8, 0x00, 0x7E, 0x2F,
    0x91, 0xBF, 0x83, 0xFF, 0xFA, 0xE0, 0x2F, 0xF4, 0xB8, 0x00, 0x00, 0x00, 0x28, 0x00, 0x00, 0x00, 0xF8, 0x00, 0x00,
    0x02, 0xF0, 0x00, 0x2F, 0x8B, 0xC0, 0x00, 0x7F, 0xE0, 0x00, 0x01, 0xF9, 0xF8, 0x00, 0x07, 0xD0, 0x7E, 0x00, 0x00,
    0x00, 0x00, 0x00, 0x00, 0x2F, 0xC0, 0x00, 0x00, 0x3F, 0xC0, 0x00, 0x00, 0x3F, 0xD0, 0x00, 0x00, 0x7E, 0xE0, 0x00,
    0x00, 0xB9, 0xF0, 0x00, 0x00, 0xF4, 0xF0, 0x00, 0x00, 0xF0, 0xF4, 0x00, 0x01, 0xF0, 0xB8, 0x00, 0x02, 0xE0, 0x7C,
    0x00, 0x03, 0xD0, 0x3C, 0x00, 0x03, 0xC0, 0x3D, 0x00, 0x07, 0xC0, 0x3E, 0x00, 0x0B, 0x80, 0x2F, 0x00, 0x0F, 0xFF,
    0xFF, 0x00, 0x0F, 0xFF, 0xFF, 0x40, 0x2F, 0x00, 0x0F, 0x80, 0x3E, 0x00, 0x0B, 0xC0, 0x3D, 0x00, 0x07, 0xC0, 0x7C,
    0x00, 0x03, 0xD0, 0xBC, 0x00, 0x02, 0xE0, 0x00, 0x00, 0x00, 0x3E, 0x00, 0x00, 0x00, 0xFC, 0x00, 0x00, 0x02, 0xF0,
    0x00, 0x1F, 0xC7, 0xC0, 0x00, 0x7F, 0xE0, 0x00, 0x01, 0xF9, 0xF8, 0x00, 0x03, 0xE0, 0x3E, 0x00, 0x00, 0x00, 0x00,
    0x00, 0x00, 0x00, 0x00, 0x00, 0x00, 0xBF, 0xE0, 0x00, 0x07, 0xFF, 0xFD, 0x00, 0x0F, 0xD0, 0x7F, 0x00, 0x1F, 0x00,
    0x0F, 0x80, 0x00, 0x00, 0x0F, 0x80, 0x00, 0x00, 0x0F, 0x80, 0x02, 0xFF, 0xFF, 0x80, 0x0F, 0xFF, 0xFF, 0x80, 0x3F,
    0x40, 0x0B, 0x80, 0x3E, 0x00, 0x0B, 0x80, 0x3D, 0x00, 0x0F, 0x80, 0x3E, 0x00, 0x1F, 0x80, 0x2F, 0x91, 0xBF, 0x80,
    0x0F, 0xFF, 0xEB, 0x80, 0x02, 0xFF, 0x4B, 0x80, 0x00, 0x00, 0xBC, 0x00, 0x00, 0x02, 0xF0, 0x00, 0x0A, 0x4B, 0xC0,
    0x03, 0xFD, 0x00, 0x00, 0xF9, 0xF4, 0x00, 0x7D, 0x07, 0xD0, 0x00, 0x00, 0x00, 0x00, 0x02, 0xFC, 0x00, 0x00, 0x3F,
    0xC0, 0x00, 0x03, 0xFD, 0x00, 0x00, 0x7E, 0xE0, 0x00, 0x0B, 0x9F, 0x00, 0x00, 0xF4, 0xF0, 0x00, 0x0F, 0x0F, 0x40,
    0x01, 0xF0, 0xB8, 0x00, 0x2E, 0x07, 0xC0, 0x03, 0xD0, 0x3C, 0x00, 0x3C, 0x03, 0xD0, 0x07, 0xC0, 0x3E, 0x00, 0xB8,
    0x02, 0xF0, 0x0F, 0xFF, 0xFF, 0x00, 0xFF, 0xFF, 0xF4, 0x2F, 0x00, 0x0F, 0x83, 0xE0, 0x00, 0xBC, 0x3D, 0x00, 0x07,
    0xC7, 0xC0, 0x00, 0x3D, 0xBC, 0x00, 0x02, 0xE0, 0x00, 0x00, 0xBC, 0x00, 0x00, 0x03, 0xF0, 0x00, 0x00, 0x0F, 0x80,
    0x01, 0xF8, 0x3D, 0x00, 0x3F, 0xE0, 0x00, 0x0F, 0x8F, 0x80, 0x03, 0xE0, 0x3E, 0x00, 0x00, 0x00, 0x00, 0x00, 0x00,
    0x00, 0x00, 0x0B, 0xFE, 0x00, 0x07, 0xFF, 0xFD, 0x00, 0xFD, 0x07, 0xF0, 0x1F, 0x00, 0x0F, 0x80, 0x00, 0x00, 0xF8,
    0x00, 0x00, 0x0F, 0x80, 0x2F, 0xFF, 0xF8, 0x0F, 0xFF, 0xFF, 0x83, 0xF4, 0x00, 0xB8, 0x3E, 0x00, 0x0B, 0x83, 0xD0,
    0x00, 0xF8, 0x3E, 0x00, 0x1F, 0x82, 0xF9, 0x1B, 0xF8, 0x0F, 0xFF, 0xEB, 0x80, 0x2F, 0xF4, 0xB8, 0x00, 0x00, 0x00,
    0x00, 0x00, 0x01, 0xFD, 0x00, 0x00, 0x1F, 0xF0, 0x00, 0x00, 0x1E, 0x00, 0x1F, 0x83, 0xC0, 0x07, 0xFE, 0x00, 0x01,
    0xF5, 0xF8, 0x00, 0x7D, 0x07, 0xD0, 0x00, 0x00, 0x00, 0x00, 0x02, 0xFC, 0x00, 0x00, 0x3F, 0xC0, 0x00, 0x03, 0xFD,
    0x00, 0x00, 0x7E, 0xE0, 0x00, 0x0B, 0x9F, 0x00, 0x00, 0xF4, 0xF0, 0x00, 0x0F, 0x0F, 0x40, 0x01, 0xF0, 0xB8, 0x00,
    0x2E, 0x07, 0xC0, 0x03, 0xD0, 0x3C, 0x00, 0x3C, 0x03, 0xD0, 0x07, 0xC0, 0x3E, 0x00, 0xB8, 0x02, 0xF0, 0x0F, 0xFF,
    0xFF, 0x00, 0xFF, 0xFF, 0xF4, 0x2F, 0x00, 0x0F, 0x83, 0xE0, 0x00, 0xBC, 0x3D, 0x00, 0x07, 0xC7, 0xC0, 0x00, 0x3D,
    0xBC, 0x00, 0x02, 0xE0, 0x00, 0x00, 0x00, 0x00, 0x00, 0x00, 0xFD, 0x00, 0x00, 0x0F, 0xF0, 0x00, 0x00, 0x0F, 0x00,
    0x00, 0x01, 0xD0, 0x00, 0xB8, 0x3C, 0x00, 0x3F, 0xE0, 0x00, 0x0F, 0x8F, 0x80, 0x03, 0xE0, 0x3E, 0x00, 0x00, 0x00,
    0x00, 0x00, 0x00, 0x00, 0x00, 0x0B, 0xFE, 0x00, 0x07, 0xFF, 0xFD, 0x00, 0xFD, 0x07, 0xF0, 0x1F, 0x00, 0x0F, 0x80,
    0x00, 0x00, 0xF8, 0x00, 0x00, 0x0F, 0x80, 0x2F, 0xFF, 0xF8, 0x0F, 0xFF, 0xFF, 0x83, 0xF4, 0x00, 0xB8, 0x3E, 0x00,
    0x0B, 0x83, 0xD0, 0x00, 0xF8, 0x3E, 0x00, 0x1F, 0x82, 0xF9, 0x1B, 0xF8, 0x0F, 0xFF, 0xEB, 0x80, 0x2F, 0xF4, 0xB8,
    0x02, 0xFD, 0x1D, 0x00, 0x78, 0xBF, 0xC0, 0x00, 0x00, 0x00, 0x00, 0x07, 0xFD, 0x00, 0x01, 0xF4, 0xF8, 0x00, 0x28,
    0x02, 0x90, 0x00, 0x00, 0x00, 0x00, 0x02, 0xFC, 0x00, 0x00, 0x3F, 0xC0, 0x00, 0x03, 0xFD, 0x00, 0x00, 0x7E, 0xE0,
    0x00, 0x0B, 0x9F, 0x00, 0x00, 0xF4, 0xF0, 0x00, 0x0F, 0x0F, 0x40, 0x01, 0xF0, 0xB8, 0x00, 0x2E, 0x07, 0xC0, 0x03,
    0xD0, 0x3C, 0x00, 0x3C, 0x03, 0xD0, 0x07, 0xC0, 0x3E, 0x00, 0xB8, 0x02, 0xF0, 0x0F, 0xFF, 0xFF, 0x00, 0xFF, 0xFF,
    0xF4, 0x2F, 0x00, 0x0F, 0x83, 0xE0, 0x00, 0xBC, 0x3D, 0x00, 0x07, 0xC7, 0xC0, 0x00, 0x3D, 0xBC, 0x00, 0x02, 0xE0,
    0x00, 0x00, 0x00, 0x00, 0x3F, 0x03, 0x80, 0x3D, 0xF5, 0xD0, 0x0E, 0x0F, 0xF0, 0x01, 0x00, 0x40, 0x00, 0x07, 0xE0,
    0x00, 0x07, 0xFF, 0x00, 0x07, 0xD3, 0xF0, 0x03, 0xD0, 0x2E, 0x00, 0x00, 0x00, 0x00, 0x00, 0x00, 0x00, 0x02, 0xFF,
    0x80, 0x07, 0xFF, 0xFD, 0x03, 0xF4, 0x1F, 0xC1, 0xF0, 0x00, 0xF8, 0x00, 0x00, 0x3E, 0x00, 0x00, 0x0F, 0x80, 0xBF,
    0xFF, 0xE0, 0xFF, 0xFF, 0xF8, 0xFD, 0x00, 0x2E, 0x3E, 0x00, 0x0B, 0x8F, 0x40, 0x03, 0xE3, 0xE0, 0x01, 0xF8, 0xBE,
    0x46, 0xFE, 0x0F, 0xFF, 0xEB, 0x80, 0xBF, 0xD2, 0xE0, 0x00, 0x2F, 0x80, 0x00, 0x07, 0xFE, 0x00, 0x01, 0xF5, 0xF8,
    0x00, 0x7D, 0x03, 0xE0, 0x00, 0x00, 0x00, 0x00, 0x00, 0x00, 0x00, 0x00, 0x2F, 0xC0, 0x00, 0x03, 0xFC, 0x00, 0x00,
    0x3F, 0xD0, 0x00, 0x07, 0xEE, 0x00, 0x00, 0xB9, 0xF0, 0x00, 0x0F, 0x4F, 0x00, 0x00, 0xF0, 0xF4, 0x00, 0x1F, 0x0B,
    0x80, 0x02, 0xE0, 0x7C, 0x00, 0x3D, 0x03, 0xC0, 0x03, 0xC0, 0x3D, 0x00, 0x7C, 0x03, 0xE0, 0x0B, 0x80, 0x2F, 0x00,
    0xFF, 0xFF, 0xF0, 0x0F, 0xFF, 0xFF, 0x42, 0xF0, 0x00, 0xF8, 0x3E, 0x00, 0x0B, 0xC3, 0xD0, 0x00, 0x7C, 0x7C, 0x00,
    0x03, 0xDB, 0xC0, 0x00, 0x2E, 0x00, 0x00, 0x00, 0x00, 0x00, 0x00, 0x00, 0x00, 0x00, 0x00, 0x00, 0x01, 0xF4, 0x00,
    0x00, 0x3F, 0xC0, 0x00, 0x01, 0xF8, 0x00, 0x00, 0x1F, 0xC0, 0x00, 0x1F, 0xF8, 0x00, 0x1F, 0x8F, 0x80, 0x0F, 0x80,
    0xF8, 0x00, 0x00, 0x00, 0x00, 0x00, 0x00, 0x00, 0x0B, 0xFE, 0x00, 0x1F, 0xFF, 0xF4, 0x0F, 0xD0, 0x7F, 0x07, 0xC0,
    0x03, 0xE0, 0x00, 0x00, 0xF8, 0x00, 0x00, 0x3E, 0x02, 0xFF, 0xFF, 0x83, 0xFF, 0xFF, 0xE3, 0xF4, 0x00, 0xB8, 0xF8,
    0x00, 0x2E, 0x3D, 0x00, 0x0F, 0x8F, 0x80, 0x07, 0xE2, 0xF9, 0x1B, 0xF8, 0x3F, 0xFF, 0xAE, 0x02, 0xFF, 0x4B, 0x80,
    0x00, 0x00, 0x00, 0x00, 0x00, 0x00, 0x00, 0x00, 0x00, 0x00, 0x0F, 0x80, 0x00, 0x0B, 0xF0, 0x00, 0x01, 0xF8, 0x00,
    0x00, 0x00, 0x64, 0x00, 0x00, 0x2F, 0x00, 0x00, 0x07, 0xC0, 0x00, 0x24, 0xF4, 0x90, 0x03, 0xC0, 0x2D, 0x00, 0x3F,
    0xAF, 0xC0, 0x00, 0xBF, 0xE0, 0x00, 0x00, 0x00, 0x00, 0x00, 0x2F, 0xC0, 0x00, 0x03, 0xFC, 0x00, 0x00, 0x3F, 0xD0,
    0x00, 0x07, 0xEE, 0x00, 0x00, 0xB9, 0xF0, 0x00, 0x0F, 0x4F, 0x00, 0x00, 0xF0, 0xF4, 0x00, 0x1F, 0x0B, 0x80, 0x02,
    0xE0, 0x7C, 0x00, 0x3D, 0x03, 0xC0, 0x03, 0xC0, 0x3D, 0x00, 0x7C, 0x03, 0xE0, 0x0B, 0x80, 0x2F, 0x00, 0xFF, 0xFF,
    0xF0, 0x0F, 0xFF, 0xFF, 0x42, 0xF0, 0x00, 0xF8, 0x3E, 0x00, 0x0B, 0xC3, 0xD0, 0x00, 0x7C, 0x7C, 0x00, 0x03, 0xDB,
    0xC0, 0x00, 0x2E, 0x00, 0x00, 0x64, 0x00, 0x00, 0x7D, 0x00, 0x00, 0x3D, 0x00, 0x09, 0x3D, 0x24, 0x03, 0xC0, 0x2E,
    0x00, 0xBE, 0xBF, 0x00, 0x06, 0xFE, 0x00, 0x00, 0x00, 0x00, 0x00, 0x00, 0x00, 0x00, 0x2F, 0xF8, 0x00, 0x7F, 0xFF,
    0xD0, 0x3F, 0x41, 0xFC, 0x1F, 0x00, 0x0F, 0x80, 0x00, 0x03, 0xE0, 0x00, 0x00, 0xF8, 0x0B, 0xFF, 0xFE, 0x0F, 0xFF,
    0xFF, 0x8F, 0xD0, 0x02, 0xE3, 0xE0, 0x00, 0xB8, 0xF4, 0x00, 0x3E, 0x3E, 0x00, 0x1F, 0x8B, 0xE4, 0x6F, 0xE0, 0xFF,
    0xFE, 0xB8, 0x0B, 0xFD, 0x2E, 0x00, 0x60, 0x00, 0x00, 0x0B, 0xC0, 0x00, 0x00, 0x3E, 0x00, 0x00, 0x24, 0xF4, 0x90,
    0x03, 0xC0, 0x2D, 0x00, 0x3F, 0xAF, 0xC0, 0x00, 0xBF, 0xE0, 0x00, 0x00, 0x00, 0x00, 0x00, 0x2F, 0xC0, 0x00, 0x03,
    0xFC, 0x00, 0x00, 0x3F, 0xD0, 0x00, 0x07, 0xEE, 0x00, 0x00, 0xB9, 0xF0, 0x00, 0x0F, 0x4F, 0x00, 0x00, 0xF0, 0xF4,
    0x00, 0x1F, 0x0B, 0x80, 0x02, 0xE0, 0x7C, 0x00, 0x3D, 0x03, 0xC0, 0x03, 0xC0, 0x3D, 0x00, 0x7C, 0x03, 0xE0, 0x0B,
    0x80, 0x2F, 0x00, 0xFF, 0xFF, 0xF0, 0x0F, 0xFF, 0xFF, 0x42, 0xF0, 0x00, 0xF8, 0x3E, 0x00, 0x0B, 0xC3, 0xD0, 0x00,
    0x7C, 0x7C, 0x00, 0x03, 0xDB, 0xC0, 0x00, 0x2E, 0x01, 0x90, 0x00, 0x00, 0x3E, 0x00, 0x00, 0x03, 0xE0, 0x00, 0x09,
    0x3D, 0x24, 0x03, 0xC0, 0x2E, 0x00, 0xBE, 0xBF, 0x00, 0x06, 0xFE, 0x00, 0x00, 0x00, 0x00, 0x00, 0x00, 0x00, 0x00,
    0x2F, 0xF8, 0x00, 0x7F, 0xFF, 0xD0, 0x3F, 0x41, 0xFC, 0x1F, 0x00, 0x0F, 0x80, 0x00, 0x03, 0xE0, 0x00, 0x00, 0xF8,
    0x0B, 0xFF, 0xFE, 0x0F, 0xFF, 0xFF, 0x8F, 0xD0, 0x02, 0xE3, 0xE0, 0x00, 0xB8, 0xF4, 0x00, 0x3E, 0x3E, 0x00, 0x1F,
    0x8B, 0xE4, 0x6F, 0xE0, 0xFF, 0xFE, 0xB8, 0x0B, 0xFD, 0x2E, 0x00, 0x00, 0x00, 0x00, 0x03, 0xFC, 0x00, 0x00, 0x3F,
    0xC0, 0x00, 0x00, 0x3C, 0x00, 0x07, 0x4B, 0x1D, 0x00, 0x3D, 0x07, 0xD0, 0x02, 0xFF, 0xFC, 0x00, 0x0B, 0xFE, 0x00,
    0x00, 0x00, 0x00, 0x00, 0x02, 0xFC, 0x00, 0x00, 0x3F, 0xC0, 0x00, 0x03, 0xFD, 0x00, 0x00, 0x7E, 0xE0, 0x00, 0x0B,
    0x9F, 0x00, 0x00, 0xF4, 0xF0, 0x00, 0x0F, 0x0F, 0x40, 0x01, 0xF0, 0xB8, 0x00, 0x2E, 0x07, 0xC0, 0x03, 0xD0, 0x3C,
    0x00, 0x3C, 0x03, 0xD0, 0x07, 0xC0, 0x3E, 0x00, 0xB8, 0x02, 0xF0, 0x0F, 0xFF, 0xFF, 0x00, 0xFF, 0xFF, 0xF4, 0x2F,
    0x00, 0x0F, 0x83, 0xE0, 0x00, 0xBC, 0x3D, 0x00, 0x07, 0xC7, 0xC0, 0x00, 0x3D, 0xBC, 0x00, 0x02, 0xE0, 0x00, 0x3F,
    0x80, 0x00, 0x0F, 0xF4, 0x00, 0x00, 0x3D, 0x00, 0x00, 0x0F, 0x00, 0x02, 0x46, 0x0A, 0x00, 0xF8, 0x1F, 0x80, 0x2F,
    0xFF, 0xC0, 0x01, 0xFF, 0x80, 0x00, 0x00, 0x00, 0x00, 0x00, 0x00, 0x00, 0x0B, 0xFE, 0x00, 0x1F, 0xFF, 0xF4, 0x0F,
    0xD0, 0x7F, 0x07, 0xC0, 0x03, 0xE0, 0x00, 0x00, 0xF8, 0x00, 0x00, 0x3E, 0x02, 0xFF, 0xFF, 0x83, 0xFF, 0xFF, 0xE3,
    0xF4, 0x00, 0xB8, 0xF8, 0x00, 0x2E, 0x3D, 0x00, 0x0F, 0x8F, 0x80, 0x07, 0xE2, 0xF9, 0x1B, 0xF8, 0x3F, 0xFF, 0xAE,
    0x02, 0xFF, 0x4B, 0x80, 0x02, 0xFD, 0x1D, 0x00, 0x78, 0xBF, 0xC0, 0x01, 0x00, 0x14, 0x00, 0x7D, 0x03, 0xD0, 0x03,
    0xFF, 0xFC, 0x00, 0x0B, 0xFE, 0x00, 0x00, 0x00, 0x00, 0x00, 0x02, 0xFC, 0x00, 0x00, 0x3F, 0xC0, 0x00, 0x03, 0xFD,
    0x00, 0x00, 0x7E, 0xE0, 0x00, 0x0B, 0x9F, 0x00, 0x00, 0xF4, 0xF0, 0x00, 0x0F, 0x0F, 0x40, 0x01, 0xF0, 0xB8, 0x00,
    0x2E, 0x07, 0xC0, 0x03, 0xD0, 0x3C, 0x00, 0x3C, 0x03, 0xD0, 0x07, 0xC0, 0x3E, 0x00, 0xB8, 0x02, 0xF0, 0x0F, 0xFF,
    0xFF, 0x00, 0xFF, 0xFF, 0xF4, 0x2F, 0x00, 0x0F, 0x83, 0xE0, 0x00, 0xBC, 0x3D, 0x00, 0x07, 0xC7, 0xC0, 0x00, 0x3D,
    0xBC, 0x00, 0x02, 0xE0, 0x00, 0x00, 0x00, 0x00, 0x7F, 0x87, 0x40, 0x38, 0x7F, 0xC0, 0x04, 0x01, 0x40, 0x03, 0x80,
    0x1D, 0x00, 0xF8, 0x1F, 0x40, 0x1F, 0xFF, 0x80, 0x00, 0xBF, 0x40, 0x00, 0x00, 0x00, 0x00, 0x00, 0x00, 0x00, 0x0B,
    0xFE, 0x00, 0x1F, 0xFF, 0xF4, 0x0F, 0xD0, 0x7F, 0x07, 0xC0, 0x03, 0xE0, 0x00, 0x00, 0xF8, 0x00, 0x00, 0x3E, 0x02,
    0xFF, 0xFF, 0x83, 0xFF, 0xFF, 0xE3, 0xF4, 0x00, 0xB8, 0xF8, 0x00, 0x2E, 0x3D, 0x00, 0x0F, 0x8F, 0x80, 0x07, 0xE2,
    0xF9, 0x1B, 0xF8, 0x3F, 0xFF, 0xAE, 0x02, 0xFF, 0x4B, 0x80, 0x03, 0xC0, 0x2D, 0x00, 0x3E, 0x07, 0xC0, 0x01, 0xFF,
    0xF8, 0x00, 0x07, 0xFD, 0x00, 0x00, 0x00, 0x00, 0x00, 0x00, 0x00, 0x00, 0x00, 0x2F, 0xC0, 0x00, 0x03, 0xFC, 0x00,
    0x00, 0x3F, 0xD0, 0x00, 0x07, 0xEE, 0x00, 0x00, 0xB9, 0xF0, 0x00, 0x0F, 0x4F, 0x00, 0x00, 0xF0, 0xF4, 0x00, 0x1F,
    0x0B, 0x80, 0x02, 0xE0, 0x7C, 0x00, 0x3D, 0x03, 0xC0, 0x03, 0xC0, 0x3D, 0x00, 0x7C, 0x03, 0xE0, 0x0B, 0x80, 0x2F,
    0x00, 0xFF, 0xFF, 0xF0, 0x0F, 0xFF, 0xFF, 0x42, 0xF0, 0x00, 0xF8, 0x3E, 0x00, 0x0B, 0xC3, 0xD0, 0x00, 0x7C, 0x7C,
    0x00, 0x03, 0xDB, 0xC0, 0x00, 0x2E, 0x00, 0x00, 0x00, 0x00, 0x00, 0x00, 0x00, 0x00, 0x00, 0x00, 0x00, 0x01, 0xF4,
    0x00, 0x00, 0x3F, 0xC0, 0x00, 0x01, 0xF8, 0x00, 0x03, 0xC0, 0x2D, 0x00, 0xF9, 0x1F, 0x40, 0x1F, 0xFF, 0x80, 0x00,
    0xBF, 0x40, 0x00, 0x00, 0x00, 0x00, 0x00, 0x00, 0x00, 0x0B, 0xFE, 0x00, 0x1F, 0xFF, 0xF4, 0x0F, 0xD0, 0x7F, 0x07,
    0xC0, 0x03, 0xE0, 0x00, 0x00, 0xF8, 0x00, 0x00, 0x3E, 0x02, 0xFF, 0xFF, 0x83, 0xFF, 0xFF, 0xE3, 0xF4, 0x00, 0xB8,
    0xF8, 0x00, 0x2E, 0x3D, 0x00, 0x0F, 0x8F, 0x80, 0x07, 0xE2, 0xF9, 0x1B, 0xF8, 0x3F, 0xFF, 0xAE, 0x02, 0xFF, 0x4B,
    0x80, 0x00, 0x00, 0x00, 0x00, 0x00, 0x00, 0x00, 0x00, 0x00, 0x00, 0x0F, 0x80, 0x00, 0x0B, 0xF0, 0x00, 0x01, 0xF8,
    0x00, 0x7F, 0xFF, 0xFF, 0x1F, 0xFF, 0xFF, 0xC7, 0xC0, 0x00, 0x01, 0xF0, 0x00, 0x00, 0x7C, 0x00, 0x00, 0x1F, 0x00,
    0x00, 0x07, 0xC0, 0x00, 0x01, 0xF0, 0x00, 0x00, 0x7C, 0x00, 0x00, 0x1F, 0xFF, 0xFF, 0x07, 0xFF, 0xFF, 0xC1, 0xF0,
    0x00, 0x00, 0x7C, 0x00, 0x00, 0x1F, 0x00, 0x00, 0x07, 0xC0, 0x00, 0x01, 0xF0, 0x00, 0x00, 0x7C, 0x00, 0x00, 0x1F,
    0x00, 0x00, 0x07, 0xFF, 0xFF, 0xF1, 0xFF, 0xFF, 0xFC, 0x00, 0x00, 0x00, 0x00, 0x00, 0x00, 0x00, 0x00, 0x00, 0x00,
    0x00, 0xF8, 0x00, 0x00, 0x7F, 0x00, 0x00, 0x0F, 0x80, 0x00, 0x01, 0xFF, 0x80, 0x0F, 0xFF, 0xF4, 0x3F, 0x41, 0xFC,
    0x7C, 0x00, 0x3E, 0xBC, 0x00, 0x2F, 0xB8, 0x00, 0x1F, 0xBF, 0xFF, 0xFF, 0xBF, 0xFF, 0xFF, 0xB8, 0x00, 0x00, 0xB8,
    0x00, 0x00, 0xBC, 0x00, 0x00, 0x7D, 0x00, 0x3E, 0x3F, 0x81, 0xFD, 0x0F, 0xFF, 0xF4, 0x01, 0xFF, 0x80, 0x00, 0x00,
    0x00, 0x00, 0x00, 0x00, 0x00, 0x00, 0x00, 0x00, 0x7D, 0x00, 0x00, 0xFF, 0x00, 0x00, 0x7E, 0x00, 0x00, 0x00, 0x00,
    0x00, 0x3F, 0xC0, 0x00, 0x0F, 0xFC, 0x00, 0x00, 0x1F, 0x00, 0x00, 0x0B, 0x40, 0x00, 0x07, 0xC0, 0x00, 0x00, 0x00,
    0x00, 0x00, 0x00, 0x00, 0x7F, 0xFF, 0xFF, 0x1F, 0xFF, 0xFF, 0xC7, 0xC0, 0x00, 0x01, 0xF0, 0x00, 0x00, 0x7C, 0x00,
    0x00, 0x1F, 0x00, 0x00, 0x07, 0xC0, 0x00, 0x01, 0xF0, 0x00, 0x00, 0x7C, 0x00, 0x00, 0x1F, 0xFF, 0xFF, 0x07, 0xFF,
    0xFF, 0xC1, 0xF0, 0x00, 0x00, 0x7C, 0x00, 0x00, 0x1F, 0x00, 0x00, 0x07, 0xC0, 0x00, 0x01, 0xF0, 0x00, 0x00, 0x7C,
    0x00, 0x00, 0x1F, 0x00, 0x00, 0x07, 0xFF, 0xFF, 0xF1, 0xFF, 0xFF, 0xFC, 0x00, 0x00, 0x00, 0x01, 0xFF, 0x00, 0x01,
    0xFF, 0x80, 0x00, 0x07, 0x80, 0x00, 0x0F, 0x40, 0x00, 0x2E, 0x00, 0x00, 0x00, 0x00, 0x00, 0x00, 0x00, 0x01, 0xFF,
    0x80, 0x0F, 0xFF, 0xF4, 0x3F, 0x41, 0xFC, 0x7C, 0x00, 0x3E, 0xBC, 0x00, 0x2F, 0xB8, 0x00, 0x1F, 0xBF, 0xFF, 0xFF,
    0xBF, 0xFF, 0xFF, 0xB8, 0x00, 0x00, 0xB8, 0x00, 0x00, 0xBC, 0x00, 0x00, 0x7D, 0x00, 0x3E, 0x3F, 0x81, 0xFD, 0x0F,
    0xFF, 0xF4, 0x01, 0xFF, 0x80, 0x01, 0x90, 0x24, 0x02, 0xFE, 0x0E, 0x00, 0xF1, 0xFF, 0x40, 0x3C, 0x1F, 0x80, 0x00,
    0x00, 0x00, 0x00, 0x00, 0x00, 0x07, 0xFF, 0xFF, 0xF1, 0xFF, 0xFF, 0xFC, 0x7C, 0x00, 0x00, 0x1F, 0x00, 0x00, 0x07,
    0xC0, 0x00, 0x01, 0xF0, 0x00, 0x00, 0x7C, 0x00, 0x00, 0x1F, 0x00, 0x00, 0x07, 0xC0, 0x00, 0x01, 0xFF, 0xFF, 0xF0,
    0x7F, 0xFF, 0xFC, 0x1F, 0x00, 0x00, 0x07, 0xC0, 0x00, 0x01, 0xF0, 0x00, 0x00, 0x7C, 0x00, 0x00, 0x1F, 0x00, 0x00,
    0x07, 0xC0, 0x00, 0x01, 0xF0, 0x00, 0x00, 0x7F, 0xFF, 0xFF, 0x1F, 0xFF, 0xFF, 0xC0, 0x01, 0x90, 0x24, 0x0F, 0xF4,
    0x74, 0x0E, 0x2E, 0xF0, 0x0E, 0x0B, 0xD0, 0x00, 0x00, 0x00, 0x00, 0x00, 0x00, 0x01, 0xFF, 0x80, 0x0F, 0xFF, 0xF4,
    0x3F, 0x41, 0xFC, 0x7C, 0x00, 0x3E, 0xBC, 0x00, 0x2F, 0xB8, 0x00, 0x1F, 0xBF, 0xFF, 0xFF, 0xBF, 0xFF, 0xFF, 0xB8,
    0x00, 0x00, 0xB8, 0x00, 0x00, 0xBC, 0x00, 0x00, 0x7D, 0x00, 0x3E, 0x3F, 0x81, 0xFD, 0x0F, 0xFF, 0xF4, 0x01, 0xFF,
    0x80, 0x00, 0x00, 0x00, 0x64, 0x00, 0x00, 0x0B, 0xC0, 0x00, 0x00, 0xBC, 0x00, 0x1F, 0xC7, 0xD0, 0x00, 0xFF, 0xC0,
    0x00, 0x0F, 0xDF, 0xC0, 0x00, 0xF8, 0x0F, 0x80, 0x00, 0x00, 0x00, 0x00, 0x7F, 0xFF, 0xFF, 0x01, 0xFF, 0xFF, 0xFC,
    0x07, 0xC0, 0x00, 0x00, 0x1F, 0x00, 0x00, 0x00, 0x7C, 0x00, 0x00, 0x01, 0xF0, 0x00, 0x00, 0x07, 0xC0, 0x00, 0x00,
    0x1F, 0x00, 0x00, 0x00, 0x7C, 0x00, 0x00, 0x01, 0xFF, 0xFF, 0xF0, 0x07, 0xFF, 0xFF, 0xC0, 0x1F, 0x00, 0x00, 0x00,
    0x7C, 0x00, 0x00, 0x01, 0xF0, 0x00, 0x00, 0x07, 0xC0, 0x00, 0x00, 0x1F, 0x00, 0x00, 0x00, 0x7C, 0x00, 0x00, 0x01,
    0xF0, 0x00, 0x00, 0x07, 0xFF, 0xFF, 0xF0, 0x1F, 0xFF, 0xFF, 0xC0, 0x00, 0x00, 0x00, 0xF4, 0x00, 0x00, 0x0F, 0x80,
    0x00, 0x00, 0xBC, 0x00, 0x2F, 0x8B, 0xC0, 0x01, 0xFF, 0x80, 0x00, 0x1F, 0x9F, 0x80, 0x01, 0xF4, 0x1F, 0x80, 0x00,
    0x00, 0x00, 0x00, 0x00, 0x00, 0x00, 0x00, 0x07, 0xFE, 0x00, 0x00, 0xFF, 0xFF, 0x40, 0x0F, 0xD0, 0x7F, 0x00, 0x7C,
    0x00, 0x3E, 0x02, 0xF0, 0x00, 0xBC, 0x0B, 0x80, 0x01, 0xF0, 0x2F, 0xFF, 0xFF, 0xC0, 0xBF, 0xFF, 0xFF, 0x02, 0xE0,
    0x00, 0x00, 0x0B, 0x80, 0x00, 0x00, 0x2F, 0x00, 0x00, 0x00, 0x7D, 0x00, 0x3E, 0x00, 0xFE, 0x07, 0xF4, 0x00, 0xFF,
    0xFF, 0x40, 0x00, 0x7F, 0xE0, 0x00, 0x00, 0x01, 0xF4, 0x00, 0x00, 0x1F, 0x40, 0x01, 0x91, 0xF4, 0x03, 0xFE, 0x00,
    0x03, 0xF7, 0xE0, 0x03, 0xE0, 0x3E, 0x00, 0x00, 0x00, 0x01, 0xFF, 0xFF, 0xFC, 0x7F, 0xFF, 0xFF, 0x1F, 0x00, 0x00,
    0x07, 0xC0, 0x00, 0x01, 0xF0, 0x00, 0x00, 0x7C, 0x00, 0x00, 0x1F, 0x00, 0x00, 0x07, 0xC0, 0x00, 0x01, 0xF0, 0x00,
    0x00, 0x7F, 0xFF, 0xFC, 0x1F, 0xFF, 0xFF, 0x07, 0xC0, 0x00, 0x01, 0xF0, 0x00, 0x00, 0x7C, 0x00, 0x00, 0x1F, 0x00,
    0x00, 0x07, 0xC0, 0x00, 0x01, 0xF0, 0x00, 0x00, 0x7C, 0x00, 0x00, 0x1F, 0xFF, 0xFF, 0xC7, 0xFF, 0xFF, 0xF0, 0x00,
    0x03, 0xF0, 0x00, 0x00, 0x3E, 0x00, 0x00, 0x03, 0xE0, 0x01, 0xF8, 0x3D, 0x01, 0xFF, 0x80, 0x01, 0xF5, 0xF8, 0x01,
    0xF4, 0x1F, 0x40, 0x00, 0x00, 0x00, 0x00, 0x00, 0x00, 0x00, 0x7F, 0xE0, 0x00, 0xFF, 0xFF, 0x40, 0xFD, 0x07, 0xF0,
    0x7C, 0x00, 0x3E, 0x2F, 0x00, 0x0B, 0xCB, 0x80, 0x01, 0xF2, 0xFF, 0xFF, 0xFC, 0xBF, 0xFF, 0xFF, 0x2E, 0x00, 0x00,
    0x0B, 0x80, 0x00, 0x02, 0xF0, 0x00, 0x00, 0x7D, 0x00, 0x3E, 0x0F, 0xE0, 0x7F, 0x40, 0xFF, 0xFF, 0x40, 0x07, 0xFE,
    0x00, 0x00, 0x00, 0x00, 0x00, 0x00, 0x03, 0xF8, 0x00, 0x00, 0x3F, 0xC0, 0x00, 0x00, 0x3C, 0x00, 0x3E, 0x0B, 0x40,
    0x0F, 0xFC, 0x00, 0x03, 0xE3, 0xF0, 0x00, 0xF8, 0x0F, 0x80, 0x00, 0x00, 0x00, 0x07, 0xFF, 0xFF, 0xF0, 0x7F, 0xFF,
    0xFF, 0x07, 0xC0, 0x00, 0x00, 0x7C, 0x00, 0x00, 0x07, 0xC0, 0x00, 0x00, 0x7C, 0x00, 0x00, 0x07, 0xC0, 0x00, 0x00,
    0x7C, 0x00, 0x00, 0x07, 0xC0, 0x00, 0x00, 0x7F, 0xFF, 0xFC, 0x07, 0xFF, 0xFF, 0xC0, 0x7C, 0x00, 0x00, 0x07, 0xC0,
    0x00, 0x00, 0x7C, 0x00, 0x00, 0x07, 0xC0, 0x00, 0x00, 0x7C, 0x00, 0x00, 0x07, 0xC0, 0x00, 0x00, 0x7C, 0x00, 0x00,
    0x07, 0xFF, 0xFF, 0xF0, 0x7F, 0xFF, 0xFF, 0x00, 0x00, 0x00, 0x00, 0x00, 0x00, 0x1F, 0xC0, 0x00, 0x07, 0xF8, 0x00,
    0x00, 0x1F, 0x00, 0x00, 0x0B, 0x40, 0x1F, 0x43, 0x80, 0x1F, 0xF4, 0x00, 0x1F, 0x9F, 0x40, 0x1F, 0x41, 0xF4, 0x00,
    0x00, 0x00, 0x00, 0x00, 0x00, 0x00, 0x07, 0xFE, 0x00, 0x0F, 0xFF, 0xF4, 0x0F, 0xD0, 0x7F, 0x07, 0xC0, 0x03, 0xE2,
    0xF0, 0x00, 0xBC, 0xB8, 0x00, 0x1F, 0x2F, 0xFF, 0xFF, 0xCB, 0xFF, 0xFF, 0xF2, 0xE0, 0x00, 0x00, 0xB8, 0x00, 0x00,
    0x2F, 0x00, 0x00, 0x07, 0xD0, 0x03, 0xE0, 0xFE, 0x07, 0xF4, 0x0F, 0xFF, 0xF4, 0x00, 0x7F, 0xE0, 0x00, 0x07, 0xF8,
    0x28, 0x03, 0xC7, 0xFD, 0x00, 0x00, 0x00, 0x00, 0x03, 0xFE, 0x00, 0x03, 0xE3, 0xF0, 0x02, 0x90, 0x2A, 0x00, 0x00,
    0x00, 0x01, 0xFF, 0xFF, 0xFC, 0x7F, 0xFF, 0xFF, 0x1F, 0x00, 0x00, 0x07, 0xC0, 0x00, 0x01, 0xF0, 0x00, 0x00, 0x7C,
    0x00, 0x00, 0x1F, 0x00, 0x00, 0x07, 0xC0, 0x00, 0x01, 0xF0, 0x00, 0x00, 0x7F, 0xFF, 0xFC, 0x1F, 0xFF, 0xFF, 0x07,
    0xC0, 0x00, 0x01, 0xF0, 0x00, 0x00, 0x7C, 0x00, 0x00, 0x1F, 0x00, 0x00, 0x07, 0xC0, 0x00, 0x01, 0xF0, 0x00, 0x00,
    0x7C, 0x00, 0x00, 0x1F, 0xFF, 0xFF, 0xC7, 0xFF, 0xFF, 0xF0, 0x00, 0x00, 0x00, 0x07, 0xF0, 0x74, 0x0F, 0x7C, 0xB0,
    0x0E, 0x0F, 0xE0, 0x04, 0x01, 0x00, 0x00, 0x7E, 0x00, 0x01, 0xFF, 0x80, 0x07, 0xD3, 0xE0, 0x1F, 0x40, 0xF4, 0x00,
    0x00, 0x00, 0x00, 0x00, 0x00, 0x01, 0xFF, 0x80, 0x0F, 0xFF, 0xF4, 0x3F, 0x41, 0xFC, 0x7C, 0x00, 0x3E, 0xBC, 0x00,
    0x2F, 0xB8, 0x00, 0x1F, 0xBF, 0xFF, 0xFF, 0xBF, 0xFF, 0xFF, 0xB8, 0x00, 0x00, 0xB8, 0x00, 0x00, 0xBC, 0x00, 0x00,
    0x7D, 0x00, 0x3E, 0x3F, 0x81, 0xFD, 0x0F, 0xFF, 0xF4, 0x01, 0xFF, 0x80, 0x00, 0x7F, 0x00, 0x00, 0x3F, 0xF0, 0x00,
    0x3E, 0x3F, 0x00, 0x3E, 0x03, 0xE0, 0x00, 0x00, 0x00, 0x00, 0x00, 0x00, 0x07, 0xFF, 0xFF, 0xF1, 0xFF, 0xFF, 0xFC,
    0x7C, 0x00, 0x00, 0x1F, 0x00, 0x00, 0x07, 0xC0, 0x00, 0x01, 0xF0, 0x00, 0x00, 0x7C, 0x00, 0x00, 0x1F, 0x00, 0x00,
    0x07, 0xC0, 0x00, 0x01, 0xFF, 0xFF, 0xF0, 0x7F, 0xFF, 0xFC, 0x1F, 0x00, 0x00, 0x07, 0xC0, 0x00, 0x01, 0xF0, 0x00,
    0x00, 0x7C, 0x00, 0x00, 0x1F, 0x00, 0x00, 0x07, 0xC0, 0x00, 0x01, 0xF0, 0x00, 0x00, 0x7F, 0xFF, 0xFF, 0x1F, 0xFF,
    0xFF, 0xC0, 0x00, 0x00, 0x00, 0x00, 0x00, 0x00, 0x00, 0x00, 0x00, 0x00, 0x0F, 0x80, 0x00, 0x07, 0xF0, 0x00, 0x00,
    0xF8, 0x00, 0x00, 0xBE, 0x00, 0x01, 0xFF, 0x80, 0x07, 0xD3, 0xE0, 0x1F, 0x40, 0xF8, 0x00, 0x00, 0x00, 0x00, 0x00,
    0x00, 0x01, 0xFF, 0x80, 0x0F, 0xFF, 0xF4, 0x3F, 0x41, 0xFC, 0x7C, 0x00, 0x3E, 0xBC, 0x00, 0x2F, 0xB8, 0x00, 0x1F,
    0xBF, 0xFF, 0xFF, 0xBF, 0xFF, 0xFF, 0xB8, 0x00, 0x00, 0xB8, 0x00, 0x00, 0xBC, 0x00, 0x00, 0x7D, 0x00, 0x3E, 0x3F,
    0x81, 0xFD, 0x0F, 0xFF, 0xF4, 0x01, 0xFF, 0x80, 0x00, 0x00, 0x00, 0x00, 0x00, 0x00, 0x00, 0x00, 0x00, 0x00, 0x7D,
    0x00, 0x00, 0xFF, 0x00, 0x00, 0x7E, 0x00, 0x00, 0x00, 0x00, 0x01, 0xFF, 0x00, 0x01, 0xFF, 0x80, 0x00, 0x0B, 0x80,
    0x00, 0x0F, 0x00, 0x00, 0x2E, 0x00, 0x00, 0x00, 0x00, 0x00, 0x00, 0x00, 0x3F, 0xFF, 0xFD, 0x3F, 0xFF, 0xFD, 0x00,
    0x7D, 0x00, 0x00, 0x3D, 0x00, 0x00, 0x3D, 0x00, 0x00, 0x3D, 0x00, 0x00, 0x3D, 0x00, 0x00, 0x3D, 0x00, 0x00, 0x3D,
    0x00, 0x00, 0x3D, 0x00, 0x00, 0x3D, 0x00, 0x00, 0x3D, 0x00, 0x00, 0x3D, 0x00, 0x00, 0x3D, 0x00, 0x00, 0x3D, 0x00,
    0x00, 0x3D, 0x00, 0x00, 0x3D, 0x00, 0x00, 0x7D, 0x00, 0x3F, 0xFF, 0xFD, 0x3F, 0xFF, 0xFD, 0x00, 0x00, 0x00, 0x00,
    0x3F, 0xE0, 0x00, 0x0F, 0xFC, 0x00, 0x00, 0x0F, 0x00, 0x00, 0x07, 0x80, 0x00, 0x03, 0xC0, 0x00, 0x00, 0x00, 0x00,
    0x00, 0x00, 0x00, 0x3F, 0xFF, 0x00, 0x0F, 0xFF, 0xC0, 0x00, 0x02, 0xF0, 0x00, 0x00, 0x7C, 0x00, 0x00, 0x1F, 0x00,
    0x00, 0x07, 0xC0, 0x00, 0x01, 0xF0, 0x00, 0x00, 0x7C, 0x00, 0x00, 0x1F, 0x00, 0x00, 0x07, 0xC0, 0x00, 0x01, 0xF0,
    0x00, 0x00, 0x7C, 0x00, 0x00, 0x2F, 0x00, 0x2F, 0xFF, 0xFF, 0xFB, 0xFF, 0xFF, 0xFC, 0x3F, 0xFF, 0xFD, 0x3F, 0xFF,
    0xFD, 0x00, 0x7D, 0x00, 0x00, 0x3D, 0x00, 0x00, 0x3D, 0x00, 0x00, 0x3D, 0x00, 0x00, 0x3D, 0x00, 0x00, 0x3D, 0x00,
    0x00, 0x3D, 0x00, 0x00, 0x3D, 0x00, 0x00, 0x3D, 0x00, 0x00, 0x3D, 0x00, 0x00, 0x3D, 0x00, 0x00, 0x3D, 0x00, 0x00,
    0x3D, 0x00, 0x00, 0x3D, 0x00, 0x00, 0x3D, 0x00, 0x00, 0x7D, 0x00, 0x3F, 0xFF, 0xFD, 0x3F, 0xFF, 0xFD, 0x00, 0x00,
    0x00, 0x00, 0x00, 0x00, 0x00, 0x00, 0x00, 0x00, 0x7D, 0x00, 0x00, 0xFF, 0x00, 0x00, 0x7E, 0x00, 0x00, 0x3F, 0x00,
    0x00, 0x1F, 0xD0, 0x00, 0x03, 0xF0, 0x00, 0x00, 0x00, 0x00, 0x00, 0x00, 0x00, 0x0F, 0xFF, 0xC0, 0x03, 0xFF, 0xF0,
    0x00, 0x00, 0xBC, 0x00, 0x00, 0x1F, 0x00, 0x00, 0x07, 0xC0, 0x00, 0x01, 0xF0, 0x00, 0x00, 0x7C, 0x00, 0x00, 0x1F,
    0x00, 0x00, 0x07, 0xC0, 0x00, 0x01, 0xF0, 0x00, 0x00, 0x7C, 0x00, 0x00, 0x1F, 0x00, 0x00, 0x0B, 0xC0, 0x0B, 0xFF,
    0xFF, 0xFE, 0xFF, 0xFF, 0xFF, 0x00, 0x00, 0x00, 0x00, 0x00, 0x00, 0x00, 0x00, 0x00, 0x00, 0x00, 0xFC, 0x00, 0x00,
    0x7F, 0x40, 0x00, 0x0F, 0xC0, 0x00, 0x01, 0xFF, 0x80, 0x0F, 0xFF, 0xF4, 0x3F, 0x91, 0xFC, 0x7D, 0x00, 0x3D, 0xBC,
    0x00, 0x3E, 0xBC, 0x00, 0x2F, 0xBC, 0x00, 0x2F, 0xBC, 0x00, 0x2F, 0xBC, 0x00, 0x2F, 0xBC, 0x00, 0x2F, 0xBC, 0x00,
    0x2F, 0xBC, 0x00, 0x2F, 0xBC, 0x00, 0x2F, 0xBC, 0x00, 0x2F, 0xBC, 0x00, 0x2F, 0xBC, 0x00, 0x3E, 0x7D, 0x00, 0x3D,
    0x3F, 0x81, 0xFC, 0x0F, 0xFF, 0xF4, 0x02, 0xFF, 0x80, 0x00, 0x00, 0x00, 0x00, 0x00, 0x00, 0x00, 0x00, 0x00, 0x00,
    0x7D, 0x00, 0x00, 0xFF, 0x00, 0x00, 0x7E, 0x00, 0x02, 0xFF, 0x80, 0x0F, 0xFF, 0xF4, 0x3F, 0x91, 0xFC, 0x7D, 0x00,
    0x3E, 0xBC, 0x00, 0x2F, 0xB8, 0x00, 0x2F, 0xB8, 0x00, 0x2F, 0xB8, 0x00, 0x2F, 0xB8, 0x00, 0x2F, 0xB8, 0x00, 0x2F,
    0xBC, 0x00, 0x2F, 0x7D, 0x00, 0x3E, 0x3F, 0x81, 0xFC, 0x0F, 0xFF, 0xF4, 0x02, 0xFF, 0x80, 0x00, 0x00, 0x00, 0x00,
    0x00, 0x00, 0x00, 0x00, 0x00, 0x00, 0x7D, 0x00, 0x00, 0xFF, 0x00, 0x00, 0x7E, 0x00, 0x00, 0x00, 0x00, 0x01, 0xFF,
    0x00, 0x01, 0xFF, 0x80, 0x00, 0x0B, 0x80, 0x00, 0x0F, 0x00, 0x00, 0x2E, 0x00, 0x00, 0x00, 0x00, 0x00, 0x00, 0x00,
    0x01, 0xFF, 0x80, 0x0F, 0xFF, 0xF4, 0x3F, 0x91, 0xFC, 0x7D, 0x00, 0x3D, 0xBC, 0x00, 0x3E, 0xBC, 0x00, 0x2F, 0xBC,
    0x00, 0x2F, 0xBC, 0x00, 0x2F, 0xBC, 0x00, 0x2F, 0xBC, 0x00, 0x2F, 0xBC, 0x00, 0x2F, 0xBC, 0x00, 0x2F, 0xBC, 0x00,
    0x2F, 0xBC, 0x00, 0x2F, 0xBC, 0x00, 0x2F, 0xBC, 0x00, 0x3E, 0x7D, 0x00, 0x3D, 0x3F, 0x81, 0xFC, 0x0F, 0xFF, 0xF4,
    0x02, 0xFF, 0x80, 0x00, 0x00, 0x00, 0x01, 0xFF, 0x00, 0x01, 0xFF, 0x80, 0x00, 0x07, 0x80, 0x00, 0x0F, 0x40, 0x00,
    0x2E, 0x00, 0x00, 0x00, 0x00, 0x00, 0x00, 0x00, 0x02, 0xFF, 0x80, 0x0F, 0xFF, 0xF4, 0x3F, 0x91, 0xFC, 0x7D, 0x00,
    0x3E, 0xBC, 0x00, 0x2F, 0xB8, 0x00, 0x2F, 0xB8, 0x00, 0x2F, 0xB8, 0x00, 0x2F, 0xB8, 0x00, 0x2F, 0xB8, 0x00, 0x2F,
    0xBC, 0x00, 0x2F, 0x7D, 0x00, 0x3E, 0x3F, 0x81, 0xFC, 0x0F, 0xFF, 0xF4, 0x02, 0xFF, 0x80, 0x00, 0x00, 0x00, 0xA0,
    0x00, 0x00, 0x0F, 0x80, 0x00, 0x00, 0xBC, 0x00, 0x2F, 0x8B, 0xC0, 0x01, 0xFF, 0x80, 0x00, 0x1F, 0x9F, 0x80, 0x01,
    0xF4, 0x1F, 0x80, 0x00, 0x00, 0x00, 0x00, 0x01, 0xFF, 0x80, 0x00, 0x3F, 0xFF, 0xD0, 0x03, 0xF9, 0x1F, 0xC0, 0x1F,
    0x40, 0x0F, 0x40, 0xBC, 0x00, 0x3E, 0x02, 0xF0, 0x00, 0xBC, 0x0B, 0xC0, 0x02, 0xF0, 0x2F, 0x00, 0x0B, 0xC0, 0xBC,
    0x00, 0x2F, 0x02, 0xF0, 0x00, 0xBC, 0x0B, 0xC0, 0x02, 0xF0, 0x2F, 0x00, 0x0B, 0xC0, 0xBC, 0x00, 0x2F, 0x02, 0xF0,
    0x00, 0xBC, 0x0B, 0xC0, 0x02, 0xF0, 0x2F, 0x00, 0x0F, 0x80, 0x7D, 0x00, 0x3D, 0x00, 0xFE, 0x07, 0xF0, 0x00, 0xFF,
    0xFF, 0x40, 0x00, 0xBF, 0xE0, 0x00, 0x00, 0x00, 0x00, 0xF4, 0x00, 0x00, 0x0F, 0x80, 0x00, 0x00, 0xBC, 0x00, 0x2F,
    0x8B, 0xC0, 0x01, 0xFF, 0x80, 0x00, 0x1F, 0x9F, 0x80, 0x01, 0xF4, 0x1F, 0x80, 0x00, 0x00, 0x00, 0x00, 0x00, 0x00,
    0x00, 0x00, 0x0B, 0xFE, 0x00, 0x00, 0xFF, 0xFF, 0x40, 0x0F, 0xE4, 0x7F, 0x00, 0x7D, 0x00, 0x3E, 0x02, 0xF0, 0x00,
    0xBC, 0x0B, 0x80, 0x02, 0xF0, 0x2E, 0x00, 0x0B, 0xC0, 0xB8, 0x00, 0x2F, 0x02, 0xE0, 0x00, 0xBC, 0x0B, 0x80, 0x02,
    0xF0, 0x2F, 0x00, 0x0B, 0xC0, 0x7D, 0x00, 0x3E, 0x00, 0xFE, 0x07, 0xF0, 0x00, 0xFF, 0xFF, 0x40, 0x00, 0xBF, 0xE0,
    0x00, 0x00, 0x02, 0xF0, 0x00, 0x00, 0x2F, 0x00, 0x02, 0x92, 0xF0, 0x03, 0xFD, 0x00, 0x03, 0xE7, 0xD0, 0x07, 0xD0,
    0x7D, 0x00, 0x00, 0x00, 0x00, 0x07, 0xFE, 0x00, 0x0F, 0xFF, 0xF4, 0x0F, 0xE4, 0x7F, 0x07, 0xD0, 0x03, 0xD2, 0xF0,
    0x00, 0xF8, 0xBC, 0x00, 0x2F, 0x2F, 0x00, 0x0B, 0xCB, 0xC0, 0x02, 0xF2, 0xF0, 0x00, 0xBC, 0xBC, 0x00, 0x2F, 0x2F,
    0x00, 0x0B, 0xCB, 0xC0, 0x02, 0xF2, 0xF0, 0x00, 0xBC, 0xBC, 0x00, 0x2F, 0x2F, 0x00, 0x0B, 0xCB, 0xC0, 0x03, 0xE1,
    0xF4, 0x00, 0xF4, 0x3F, 0x81, 0xFC, 0x03, 0xFF, 0xFD, 0x00, 0x2F, 0xF8, 0x00, 0x00, 0x03, 0xF0, 0x00, 0x00, 0x3E,
    0x00, 0x00, 0x03, 0xE0, 0x01, 0xF8, 0x3D, 0x01, 0xFF, 0x80, 0x01, 0xF5, 0xF8, 0x01, 0xF4, 0x1F, 0x40, 0x00, 0x00,
    0x00, 0x00, 0x00, 0x00, 0x00, 0xBF, 0xE0, 0x00, 0xFF, 0xFF, 0x40, 0xFE, 0x47, 0xF0, 0x7D, 0x00, 0x3E, 0x2F, 0x00,
    0x0B, 0xCB, 0x80, 0x02, 0xF2, 0xE0, 0x00, 0xBC, 0xB8, 0x00, 0x2F, 0x2E, 0x00, 0x0B, 0xCB, 0x80, 0x02, 0xF2, 0xF0,
    0x00, 0xBC, 0x7D, 0x00, 0x3E, 0x0F, 0xE0, 0x7F, 0x00, 0xFF, 0xFF, 0x40, 0x0B, 0xFE, 0x00, 0x00, 0x00, 0x00, 0x00,
    0x00, 0x1F, 0xD0, 0x00, 0x07, 0xFC, 0x00, 0x00, 0x1E, 0x00, 0x7E, 0x0F, 0x00, 0x7F, 0xE0, 0x00, 0x7D, 0x7E, 0x00,
    0x7D, 0x07, 0xD0, 0x00, 0x00, 0x00, 0x00, 0x7F, 0xE0, 0x00, 0xFF, 0xFF, 0x40, 0xFE, 0x47, 0xF0, 0x7D, 0x00, 0x3D,
    0x2F, 0x00, 0x0F, 0x8B, 0xC0, 0x02, 0xF2, 0xF0, 0x00, 0xBC, 0xBC, 0x00, 0x2F, 0x2F, 0x00, 0x0B, 0xCB, 0xC0, 0x02,
    0xF2, 0xF0, 0x00, 0xBC, 0xBC, 0x00, 0x2F, 0x2F, 0x00, 0x0B, 0xCB, 0xC0, 0x02, 0xF2, 0xF0, 0x00, 0xBC, 0xBC, 0x00,
    0x3E, 0x1F, 0x40, 0x0F, 0x43, 0xF8, 0x1F, 0xC0, 0x3F, 0xFF, 0xD0, 0x02, 0xFF, 0x80, 0x00, 0x00, 0x00, 0x00, 0x00,
    0x00, 0x1F, 0xC0, 0x00, 0x07, 0xF8, 0x00, 0x00, 0x1F, 0x00, 0x00, 0x0B, 0x40, 0x1F, 0x43, 0x80, 0x1F, 0xF4, 0x00,
    0x1F, 0x9F, 0x40, 0x1F, 0x41, 0xF4, 0x00, 0x00, 0x00, 0x00, 0x00, 0x00, 0x00, 0x0B, 0xFE, 0x00, 0x0F, 0xFF, 0xF4,
    0x0F, 0xE4, 0x7F, 0x07, 0xD0, 0x03, 0xE2, 0xF0, 0x00, 0xBC, 0xB8, 0x00, 0x2F, 0x2E, 0x00, 0x0B, 0xCB, 0x80, 0x02,
    0xF2, 0xE0, 0x00, 0xBC, 0xB8, 0x00, 0x2F, 0x2F, 0x00, 0x0B, 0xC7, 0xD0, 0x03, 0xE0, 0xFE, 0x07, 0xF0, 0x0F, 0xFF,
    0xF4, 0x00, 0xBF, 0xE0, 0x00, 0x0B, 0xF4, 0x74, 0x1E, 0x2F, 0xF0, 0x00, 0x00, 0x00, 0x01, 0xFF, 0x40, 0x07, 0xD3,
    0xE0, 0x0A, 0x00, 0xA4, 0x00, 0x00, 0x00, 0x01, 0xFF, 0x80, 0x0F, 0xFF, 0xF4, 0x3F, 0x91, 0xFC, 0x7D, 0x00, 0x3D,
    0xBC, 0x00, 0x3E, 0xBC, 0x00, 0x2F, 0xBC, 0x00, 0x2F, 0xBC, 0x00, 0x2F, 0xBC, 0x00, 0x2F, 0xBC, 0x00, 0x2F, 0xBC,
    0x00, 0x2F, 0xBC, 0x00, 0x2F, 0xBC, 0x00, 0x2F, 0xBC, 0x00, 0x2F, 0xBC, 0x00, 0x2F, 0xBC, 0x00, 0x3E, 0x7D, 0x00,
    0x3D, 0x3F, 0x81, 0xFC, 0x0F, 0xFF, 0xF4, 0x02, 0xFF, 0x80, 0x00, 0x00, 0x00, 0x07, 0xF0, 0x74, 0x0F, 0x7C, 0xB0,
    0x0E, 0x0F, 0xE0, 0x04, 0x01, 0x00, 0x00, 0x7E, 0x00, 0x01, 0xFF, 0x80, 0x07, 0xD3, 0xE0, 0x1F, 0x40, 0xF4, 0x00,
    0x00, 0x00, 0x00, 0x00, 0x00, 0x02, 0xFF, 0x80, 0x0F, 0xFF, 0xF4, 0x3F, 0x91, 0xFC, 0x7D, 0x00, 0x3E, 0xBC, 0x00,
    0x2F, 0xB8, 0x00, 0x2F, 0xB8, 0x00, 0x2F, 0xB8, 0x00, 0x2F, 0xB8, 0x00, 0x2F, 0xB8, 0x00, 0x2F, 0xBC, 0x00, 0x2F,
    0x7D, 0x00, 0x3E, 0x3F, 0x81, 0xFC, 0x0F, 0xFF, 0xF4, 0x02, 0xFF, 0x80, 0x00, 0xBE, 0x00, 0x01, 0xFF, 0x80, 0x07,
    0xD7, 0xE0, 0x1F, 0x40, 0xF8, 0x00, 0x00, 0x00, 0x00, 0x00, 0x00, 0x01, 0xFF, 0x80, 0x0F, 0xFF, 0xF4, 0x3F, 0x91,
    0xFC, 0x7D, 0x00, 0x3D, 0xBC, 0x00, 0x3E, 0xBC, 0x00, 0x2F, 0xBC, 0x00, 0x2F, 0xBC, 0x00, 0x2F, 0xBC, 0x00, 0x2F,
    0xBC, 0x00, 0x2F, 0xBC, 0x00, 0x2F, 0xBC, 0x00, 0x2F, 0xBC, 0x00, 0x2F, 0xBC, 0x00, 0x2F, 0xBC, 0x00, 0x2F, 0xBC,
    0x00, 0x3E, 0x7D, 0x00, 0x3D, 0x3F, 0x81, 0xFC, 0x0F, 0xFF, 0xF4, 0x02, 0xFF, 0x80, 0x00, 0x00, 0x00, 0x00, 0x00,
    0x00, 0x00, 0x00, 0x00, 0x00, 0x7D, 0x00, 0x00, 0xFF, 0x00, 0x00, 0x7E, 0x00, 0x00, 0xBE, 0x00, 0x01, 0xFF, 0x80,
    0x07, 0xD3, 0xE0, 0x1F, 0x40, 0xF8, 0x00, 0x00, 0x00, 0x00, 0x00, 0x00, 0x02, 0xFF, 0x80, 0x0F, 0xFF, 0xF4, 0x3F,
    0x91, 0xFC, 0x7D, 0x00, 0x3E, 0xBC, 0x00, 0x2F, 0xB8, 0x00, 0x2F, 0xB8, 0x00, 0x2F, 0xB8, 0x00, 0x2F, 0xB8, 0x00,
    0x2F, 0xB8, 0x00, 0x2F, 0xBC, 0x00, 0x2F, 0x7D, 0x00, 0x3E, 0x3F, 0x81, 0xFC, 0x0F, 0xFF, 0xF4, 0x02, 0xFF, 0x80,
    0x00, 0x00, 0x00, 0x00, 0x00, 0x00, 0x00, 0x00, 0x00, 0x00, 0x7D, 0x00, 0x00, 0xFF, 0x00, 0x00, 0x7E, 0x00, 0x00,
    0x03, 0xD0, 0x00, 0x03, 0xE0, 0x00, 0x02, 0xF0, 0x00, 0x01, 0xF0, 0x00, 0x00, 0x00, 0x0B, 0x40, 0x00, 0x02, 0xD0,
    0x1F, 0xF8, 0xF4, 0x3F, 0xFF, 0xFC, 0x3F, 0x91, 0xFD, 0x1F, 0x40, 0x0F, 0x4B, 0xC0, 0x03, 0xE2, 0xF0, 0x00, 0xBC,
    0xBC, 0x00, 0x2F, 0x2F, 0x00, 0x0B, 0xCB, 0xC0, 0x02, 0xF2, 0xF0, 0x00, 0xBC, 0xBC, 0x00, 0x2F, 0x2F, 0x00, 0x0B,
    0xCB, 0xC0, 0x02, 0xF2, 0xF0, 0x00, 0xBC, 0xBC, 0x00, 0x2F, 0x2F, 0x00, 0x0F, 0x87, 0xD0, 0x03, 0xD0, 0xFE, 0x07,
    0xF0, 0x0F, 0xFF, 0xF4, 0x00, 0xBF, 0xE0, 0x00, 0x00, 0x03, 0xD0, 0x00, 0x03, 0xE0, 0x00, 0x02, 0xF0, 0x00, 0x01,
    0xF0, 0x09, 0x00, 0x00, 0x07, 0x80, 0x00, 0x01, 0xE0, 0x2F, 0xF9, 0xB4, 0x3F, 0xFF, 0xFC, 0x3F, 0x91, 0xFC, 0x1F,
    0x40, 0x0F, 0x4B, 0xC0, 0x02, 0xF2, 0xE0, 0x00, 0xBC, 0xB8, 0x00, 0x2F, 0x2E, 0x00, 0x0B, 0xCB, 0x80, 0x02, 0xF2,
    0xE0, 0x00, 0xBC, 0xBC, 0x00, 0x2F, 0x1F, 0x40, 0x0F, 0x83, 0xF8, 0x1F, 0xC0, 0x3F, 0xFF, 0xD0, 0x02, 0xFF, 0x80,
    0x00, 0x0F, 0xC0, 0x00, 0x00, 0xF8, 0x00, 0x00, 0x0F, 0x40, 0x00, 0x01, 0xF0, 0x00, 0x00, 0x00, 0x0B, 0x40, 0x00,
    0x02, 0xD0, 0x1F, 0xF8, 0xF4, 0x3F, 0xFF, 0xFC, 0x3F, 0x91, 0xFD, 0x1F, 0x40, 0x0F, 0x4B, 0xC0, 0x03, 0xE2, 0xF0,
    0x00, 0xBC, 0xBC, 0x00, 0x2F, 0x2F, 0x00, 0x0B, 0xCB, 0xC0, 0x02, 0xF2, 0xF0, 0x00, 0xBC, 0xBC, 0x00, 0x2F, 0x2F,
    0x00, 0x0B, 0xCB, 0xC0, 0x02, 0xF2, 0xF0, 0x00, 0xBC, 0xBC, 0x00, 0x2F, 0x2F, 0x00, 0x0F, 0x87, 0xD0, 0x03, 0xD0,
    0xFE, 0x07, 0xF0, 0x0F, 0xFF, 0xF4, 0x00, 0xBF, 0xE0, 0x00, 0x0F, 0xC0, 0x00, 0x00, 0xF8, 0x00, 0x00, 0x0F, 0x40,
    0x00, 0x01, 0xF0, 0x09, 0x00, 0x00, 0x07, 0x80, 0x00, 0x01, 0xE0, 0x2F, 0xF9, 0xB4, 0x3F, 0xFF, 0xFC, 0x3F, 0x91,
    0xFC, 0x1F, 0x40, 0x0F, 0x4B, 0xC0, 0x02, 0xF2, 0xE0, 0x00, 0xBC, 0xB8, 0x00, 0x2F, 0x2E, 0x00, 0x0B, 0xCB, 0x80,
    0x02, 0xF2, 0xE0, 0x00, 0xBC, 0xBC, 0x00, 0x2F, 0x1F, 0x40, 0x0F, 0x83, 0xF8, 0x1F, 0xC0, 0x3F, 0xFF, 0xD0, 0x02,
    0xFF, 0x80, 0x00, 0x00, 0x00, 0x00, 0x00, 0xBF, 0x80, 0x00, 0x2F, 0xF4, 0x00, 0x00, 0x3D, 0x00, 0x00, 0x0F, 0x00,
    0x00, 0x0F, 0x40, 0x00, 0x00, 0x00, 0xB4, 0x00, 0x00, 0x2D, 0x01, 0xFF, 0x8F, 0x43, 0xFF, 0xFF, 0xC3, 0xF9, 0x1F,
    0xD1, 0xF4, 0x00, 0xF4, 0xBC, 0x00, 0x3E, 0x2F, 0x00, 0x0B, 0xCB, 0xC0, 0x02, 0xF2, 0xF0, 0x00, 0xBC, 0xBC, 0x00,
    0x2F, 0x2F, 0x00, 0x0B, 0xCB, 0xC0, 0x02, 0xF2, 0xF0, 0x00, 0xBC, 0xBC, 0x00, 0x2F, 0x2F, 0x00, 0x0B, 0xCB, 0xC0,
    0x02, 0xF2, 0xF0, 0x00, 0xF8, 0x7D, 0x00, 0x3D, 0x0F, 0xE0, 0x7F, 0x00, 0xFF, 0xFF, 0x40, 0x0B, 0xFE, 0x00, 0x00,
    0x00, 0x00, 0x00, 0xBF, 0xC0, 0x00, 0x2F, 0xF4, 0x00, 0x00, 0x2D, 0x00, 0x00, 0x0F, 0x00, 0x00, 0x0F, 0x40, 0x90,
    0x00, 0x00, 0x78, 0x00, 0x00, 0x1E, 0x02, 0xFF, 0x9B, 0x43, 0xFF, 0xFF, 0xC3, 0xF9, 0x1F, 0xC1, 0xF4, 0x00, 0xF4,
    0xBC, 0x00, 0x2F, 0x2E, 0x00, 0x0B, 0xCB, 0x80, 0x02, 0xF2, 0xE0, 0x00, 0xBC, 0xB8, 0x00, 0x2F, 0x2E, 0x00, 0x0B,
    0xCB, 0xC0, 0x02, 0xF1, 0xF4, 0x00, 0xF8, 0x3F, 0x81, 0xFC, 0x03, 0xFF, 0xFD, 0x00, 0x2F, 0xF8, 0x00, 0x02, 0x80,
    0x60, 0x03, 0xFD, 0x2C, 0x01, 0xD3, 0xEF, 0x00, 0x74, 0x2F, 0x00, 0x00, 0x00, 0x0B, 0x40, 0x00, 0x02, 0xD0, 0x1F,
    0xF8, 0xF4, 0x3F, 0xFF, 0xFC, 0x3F, 0x91, 0xFD, 0x1F, 0x40, 0x0F, 0x4B, 0xC0, 0x03, 0xE2, 0xF0, 0x00, 0xBC, 0xBC,
    0x00, 0x2F, 0x2F, 0x00, 0x0B, 0xCB, 0xC0, 0x02, 0xF2, 0xF0, 0x00, 0xBC, 0xBC, 0x00, 0x2F, 0x2F, 0x00, 0x0B, 0xCB,
    0xC0, 0x02, 0xF2, 0xF0, 0x00, 0xBC, 0xBC, 0x00, 0x2F, 0x2F, 0x00, 0x0F, 0x87, 0xD0, 0x03, 0xD0, 0xFE, 0x07, 0xF0,
    0x0F, 0xFF, 0xF4, 0x00, 0xBF, 0xE0, 0x00, 0x02, 0x80, 0x60, 0x03, 0xFD, 0x2C, 0x01, 0xD3, 0xEF, 0x00, 0x74, 0x2F,
    0x09, 0x00, 0x00, 0x07, 0x80, 0x00, 0x01, 0xE0, 0x2F, 0xF9, 0xB4, 0x3F, 0xFF, 0xFC, 0x3F, 0x91, 0xFC, 0x1F, 0x40,
    0x0F, 0x4B, 0xC0, 0x02, 0xF2, 0xE0, 0x00, 0xBC, 0xB8, 0x00, 0x2F, 0x2E, 0x00, 0x0B, 0xCB, 0x80, 0x02, 0xF2, 0xE0,
    0x00, 0xBC, 0xBC, 0x00, 0x2F, 0x1F, 0x40, 0x0F, 0x83, 0xF8, 0x1F, 0xC0, 0x3F, 0xFF, 0xD0, 0x02, 0xFF, 0x80, 0x00,
    0x00, 0x00, 0x0B, 0x40, 0x00, 0x02, 0xD0, 0x1F, 0xF8, 0xF4, 0x3F, 0xFF, 0xFC, 0x3F, 0x91, 0xFD, 0x1F, 0x40, 0x0F,
    0x4B, 0xC0, 0x03, 0xE2, 0xF0, 0x00, 0xBC, 0xBC, 0x00, 0x2F, 0x2F, 0x00, 0x0B, 0xCB, 0xC0, 0x02, 0xF2, 0xF0, 0x00,
    0xBC, 0xBC, 0x00, 0x2F, 0x2F, 0x00, 0x0B, 0xCB, 0xC0, 0x02, 0xF2, 0xF0, 0x00, 0xBC, 0xBC, 0x00, 0x2F, 0x2F, 0x00,
    0x0F, 0x87, 0xD0, 0x03, 0xD0, 0xFE, 0x07, 0xF0, 0x0F, 0xFF, 0xF4, 0x00, 0xBF, 0xE0, 0x00, 0x00, 0x00, 0x00, 0x00,
    0x00, 0x00, 0x00, 0x00, 0x00, 0x00, 0x1F, 0x40, 0x00, 0x0F, 0xF0, 0x00, 0x01, 0xF8, 0x00, 0x00, 0x00, 0x02, 0x40,
    0x00, 0x01, 0xE0, 0x00, 0x00, 0x78, 0x0B, 0xFE, 0x6D, 0x0F, 0xFF, 0xFF, 0x0F, 0xE4, 0x7F, 0x07, 0xD0, 0x03, 0xD2,
    0xF0, 0x00, 0xBC, 0xB8, 0x00, 0x2F, 0x2E, 0x00, 0x0B, 0xCB, 0x80, 0x02, 0xF2, 0xE0, 0x00, 0xBC, 0xB8, 0x00, 0x2F,
    0x2F, 0x00, 0x0B, 0xC7, 0xD0, 0x03, 0xE0, 0xFE, 0x07, 0xF0, 0x0F, 0xFF, 0xF4, 0x00, 0xBF, 0xE0, 0x00, 0x00, 0x00,
    0x00, 0x00, 0x00, 0x00, 0x00, 0x00, 0x00, 0x00, 0x1F, 0x40, 0x00, 0x0F, 0xF0, 0x00, 0x01, 0xF8, 0x00, 0xBC, 0x00,
    0x2F, 0xBC, 0x00, 0x2F, 0xBC, 0x00, 0x2F, 0xBC, 0x00, 0x2F, 0xBC, 0x00, 0x2F, 0xBC, 0x00, 0x2F, 0xBC, 0x00, 0x2F,
    0xBC, 0x00, 0x2F, 0xBC, 0x00, 0x2F, 0xBC, 0x00, 0x2F, 0xBC, 0x00, 0x2F, 0xBC, 0x00, 0x2F, 0xBC, 0x00, 0x2F, 0xBC,
    0x00, 0x2F, 0xBC, 0x00, 0x2E, 0x7C, 0x00, 0x3E, 0x3D, 0x00, 0x7D, 0x3F, 0x91, 0xFC, 0x0F, 0xFF, 0xF4, 0x02, 0xFF,
    0x80, 0x00, 0x00, 0x00, 0x00, 0x00, 0x00, 0x00, 0x00, 0x00, 0x00, 0x7D, 0x00, 0x00, 0xFF, 0x00, 0x00, 0x7E, 0x00,
    0xBC, 0x00, 0x2F, 0xBC, 0x00, 0x2F, 0xBC, 0x00, 0x2F, 0xBC, 0x00, 0x2F, 0xBC, 0x00, 0x2F, 0xBC, 0x00, 0x2F, 0xBC,
    0x00, 0x2F, 0xBC, 0x00, 0x2F, 0xBC, 0x00, 0x2F, 0xBC, 0x00, 0x2E, 0x7C, 0x00, 0x3E, 0x3D, 0x00, 0x7D, 0x3F, 0x91,
    0xFC, 0x0F, 0xFF, 0xF0, 0x01, 0xFF, 0x80, 0x00, 0x00, 0x00, 0x00, 0x00, 0x00, 0x00, 0x00, 0x00, 0x00, 0x7D, 0x00,
    0x00, 0xFF, 0x00, 0x00, 0x7E, 0x00, 0x00, 0x00, 0x00, 0x01, 0xFF, 0x00, 0x01, 0xFF, 0x80, 0x00, 0x0B, 0x80, 0x00,
    0x0F, 0x00, 0x00, 0x2E, 0x00, 0x00, 0x00, 0x00, 0x00, 0x00, 0x00, 0xBC, 0x00, 0x2F, 0xBC, 0x00, 0x2F, 0xBC, 0x00,
    0x2F, 0xBC, 0x00, 0x2F, 0xBC, 0x00, 0x2F, 0xBC, 0x00, 0x2F, 0xBC, 0x00, 0x2F, 0xBC, 0x00, 0x2F, 0xBC, 0x00, 0x2F,
    0xBC, 0x00, 0x2F, 0xBC, 0x00, 0x2F, 0xBC, 0x00, 0x2F, 0xBC, 0x00, 0x2F, 0xBC, 0x00, 0x2F, 0xBC, 0x00, 0x2E, 0x7C,
    0x00, 0x3E, 0x3D, 0x00, 0x7D, 0x3F, 0x91, 0xFC, 0x0F, 0xFF, 0xF4, 0x02, 0xFF, 0x80, 0x00, 0x00, 0x00, 0x01, 0xFF,
    0x00, 0x01, 0xFF, 0x80, 0x00, 0x07, 0x80, 0x00, 0x0F, 0x40, 0x00, 0x2E, 0x00, 0x00, 0x00, 0x00, 0x00, 0x00, 0x00,
    0xBC, 0x00, 0x2F, 0xBC, 0x00, 0x2F, 0xBC, 0x00, 0x2F, 0xBC, 0x00, 0x2F, 0xBC, 0x00, 0x2F, 0xBC, 0x00, 0x2F, 0xBC,
    0x00, 0x2F, 0xBC, 0x00, 0x2F, 0xBC, 0x00, 0x2F, 0xBC, 0x00, 0x2E, 0x7C, 0x00, 0x3E, 0x3D, 0x00, 0x7D, 0x3F, 0x91,
    0xFC, 0x0F, 0xFF, 0xF0, 0x01, 0xFF, 0x80, 0x00, 0x03, 0xE0, 0x00, 0x00, 0x2F, 0x00, 0x00, 0x01, 0xF0, 0x00, 0x00,
    0x0F, 0x40, 0x3C, 0x00, 0x00, 0x00, 0xF0, 0x00, 0x00, 0x03, 0xCB, 0xC0, 0x02, 0xFE, 0x2F, 0x00, 0x0B, 0xE0, 0xBC,
    0x00, 0x2F, 0x02, 0xF0, 0x00, 0xBC, 0x0B, 0xC0, 0x02, 0xF0, 0x2F, 0x00, 0x0B, 0xC0, 0xBC, 0x00, 0x2F, 0x02, 0xF0,
    0x00, 0xBC, 0x0B, 0xC0, 0x02, 0xF0, 0x2F, 0x00, 0x0B, 0xC0, 0xBC, 0x00, 0x2F, 0x02, 0xF0, 0x00, 0xBC, 0x0B, 0xC0,
    0x02, 0xF0, 0x2F, 0x00, 0x0B, 0xC0, 0xBC, 0x00, 0x2E, 0x01, 0xF0, 0x00, 0xF8, 0x03, 0xD0, 0x07, 0xD0, 0x0F, 0xE4,
    0x7F, 0x00, 0x0F, 0xFF, 0xF4, 0x00, 0x0B, 0xFE, 0x00, 0x00, 0x00, 0x03, 0xE0, 0x00, 0x00, 0x2F, 0x00, 0x00, 0x01,
    0xF0, 0x00, 0x00, 0x0F, 0x40, 0x3C, 0x00, 0x00, 0x00, 0xF0, 0x00, 0x00, 0x03, 0xCB, 0xC0, 0x02, 0xFF, 0x2F, 0x00,
    0x0B, 0xF4, 0xBC, 0x00, 0x2F, 0x02, 0xF0, 0x00, 0xBC, 0x0B, 0xC0, 0x02, 0xF0, 0x2F, 0x00, 0x0B, 0xC0, 0xBC, 0x00,
    0x2F, 0x02, 0xF0, 0x00, 0xBC, 0x0B, 0xC0, 0x02, 0xF0, 0x2F, 0x00, 0x0B, 0xC0, 0x7C, 0x00, 0x3E, 0x00, 0xF4, 0x01,
    0xF4, 0x03, 0xF9, 0x1F, 0xC0, 0x03, 0xFF, 0xFC, 0x00, 0x01, 0xFF, 0x80, 0x00, 0x0B, 0xC0, 0x00, 0x00, 0x0B, 0xC0,
    0x00, 0x00, 0x0F, 0x80, 0x00, 0x00, 0x0F, 0x40, 0x3C, 0x00, 0x00, 0x00, 0xF0, 0x00, 0x00, 0x03, 0xCB, 0xC0, 0x02,
    0xFE, 0x2F, 0x00, 0x0B, 0xE0, 0xBC, 0x00, 0x2F, 0x02, 0xF0, 0x00, 0xBC, 0x0B, 0xC0, 0x02, 0xF0, 0x2F, 0x00, 0x0B,
    0xC0, 0xBC, 0x00, 0x2F, 0x02, 0xF0, 0x00, 0xBC, 0x0B, 0xC0, 0x02, 0xF0, 0x2F, 0x00, 0x0B, 0xC0, 0xBC, 0x00, 0x2F,
    0x02, 0xF0, 0x00, 0xBC, 0x0B, 0xC0, 0x02, 0xF0, 0x2F, 0x00, 0x0B, 0xC0, 0xBC, 0x00, 0x2E, 0x01, 0xF0, 0x00, 0xF8,
    0x03, 0xD0, 0x07, 0xD0, 0x0F, 0xE4, 0x7F, 0x00, 0x0F, 0xFF, 0xF4, 0x00, 0x0B, 0xFE, 0x00, 0x00, 0x0B, 0xC0, 0x00,
    0x00, 0x0B, 0xC0, 0x00, 0x00, 0x0F, 0x80, 0x00, 0x00, 0x0F, 0x40, 0x3C, 0x00, 0x00, 0x00, 0xF0, 0x00, 0x00, 0x03,
    0xCB, 0xC0, 0x02, 0xFF, 0x2F, 0x00, 0x0B, 0xF4, 0xBC, 0x00, 0x2F, 0x02, 0xF0, 0x00, 0xBC, 0x0B, 0xC0, 0x02, 0xF0,
    0x2F, 0x00, 0x0B, 0xC0, 0xBC, 0x00, 0x2F, 0x02, 0xF0, 0x00, 0xBC, 0x0B, 0xC0, 0x02, 0xF0, 0x2F, 0x00, 0x0B, 0xC0,
    0x7C, 0x00, 0x3E, 0x00, 0xF4, 0x01, 0xF4, 0x03, 0xF9, 0x1F, 0xC0, 0x03, 0xFF, 0xFC, 0x00, 0x01, 0xFF, 0x80, 0x00,
    0x00, 0x00, 0x00, 0x00, 0x07, 0xFC, 0x00, 0x00, 0x1F, 0xF8, 0x00, 0x00, 0x02, 0xE0, 0x00, 0x00, 0x0F, 0x00, 0x00,
    0x00, 0xB8, 0x03, 0xC0, 0x00, 0x00, 0x0F, 0x00, 0x00, 0x00, 0x3C, 0xBC, 0x00, 0x2F, 0xE2, 0xF0, 0x00, 0xBE, 0x0B,
    0xC0, 0x02, 0xF0, 0x2F, 0x00, 0x0B, 0xC0, 0xBC, 0x00, 0x2F, 0x02, 0xF0, 0x00, 0xBC, 0x0B, 0xC0, 0x02, 0xF0, 0x2F,
    0x00, 0x0B, 0xC0, 0xBC, 0x00, 0x2F, 0x02, 0xF0, 0x00, 0xBC, 0x0B, 0xC0, 0x02, 0xF0, 0x2F, 0x00, 0x0B, 0xC0, 0xBC,
    0x00, 0x2F, 0x02, 0xF0, 0x00, 0xBC, 0x0B, 0xC0, 0x02, 0xE0, 0x1F, 0x00, 0x0F, 0x80, 0x3D, 0x00, 0x7D, 0x00, 0xFE,
    0x47, 0xF0, 0x00, 0xFF, 0xFF, 0x40, 0x00, 0xBF, 0xE0, 0x00, 0x00, 0x00, 0x00, 0x00, 0x07, 0xFC, 0x00, 0x00, 0x1F,
    0xF8, 0x00, 0x00, 0x01, 0xE0, 0x00, 0x00, 0x0F, 0x40, 0x00, 0x00, 0xB8, 0x03, 0xC0, 0x00, 0x00, 0x0F, 0x00, 0x00,
    0x00, 0x3C, 0xBC, 0x00, 0x2F, 0xF2, 0xF0, 0x00, 0xBF, 0x4B, 0xC0, 0x02, 0xF0, 0x2F, 0x00, 0x0B, 0xC0, 0xBC, 0x00,
    0x2F, 0x02, 0xF0, 0x00, 0xBC, 0x0B, 0xC0, 0x02, 0xF0, 0x2F, 0x00, 0x0B, 0xC0, 0xBC, 0x00, 0x2F, 0x02, 0xF0, 0x00,
    0xBC, 0x07, 0xC0, 0x03, 0xE0, 0x0F, 0x40, 0x1F, 0x40, 0x3F, 0x91, 0xFC, 0x00, 0x3F, 0xFF, 0xC0, 0x00, 0x1F, 0xF8,
    0x00, 0x00, 0x01, 0x90, 0x24, 0x00, 0x3F, 0xD1, 0xD0, 0x00, 0xE2, 0xEF, 0x00, 0x03, 0x82, 0xF4, 0x3C, 0x00, 0x00,
    0x00, 0xF0, 0x00, 0x00, 0x03, 0xCB, 0xC0, 0x02, 0xFE, 0x2F, 0x00, 0x0B, 0xE0, 0xBC, 0x00, 0x2F, 0x02, 0xF0, 0x00,
    0xBC, 0x0B, 0xC0, 0x02, 0xF0, 0x2F, 0x00, 0x0B, 0xC0, 0xBC, 0x00, 0x2F, 0x02, 0xF0, 0x00, 0xBC, 0x0B, 0xC0, 0x02,
    0xF0, 0x2F, 0x00, 0x0B, 0xC0, 0xBC, 0x00, 0x2F, 0x02, 0xF0, 0x00, 0xBC, 0x0B, 0xC0, 0x02, 0xF0, 0x2F, 0x00, 0x0B,
    0xC0, 0xBC, 0x00, 0x2E, 0x01, 0xF0, 0x00, 0xF8, 0x03, 0xD0, 0x07, 0xD0, 0x0F, 0xE4, 0x7F, 0x00, 0x0F, 0xFF, 0xF4,
    0x00, 0x0B, 0xFE, 0x00, 0x00, 0x01, 0x90, 0x24, 0x00, 0x3F, 0xD1, 0xD0, 0x00, 0xE2, 0xEF, 0x00, 0x03, 0x82, 0xF4,
    0x3C, 0x00, 0x00, 0x00, 0xF0, 0x00, 0x00, 0x03, 0xCB, 0xC0, 0x02, 0xFF, 0x2F, 0x00, 0x0B, 0xF4, 0xBC, 0x00, 0x2F,
    0x02, 0xF0, 0x00, 0xBC, 0x0B, 0xC0, 0x02, 0xF0, 0x2F, 0x00, 0x0B, 0xC0, 0xBC, 0x00, 0x2F, 0x02, 0xF0, 0x00, 0xBC,
    0x0B, 0xC0, 0x02, 0xF0, 0x2F, 0x00, 0x0B, 0xC0, 0x7C, 0x00, 0x3E, 0x00, 0xF4, 0x01, 0xF4, 0x03, 0xF9, 0x1F, 0xC0,
    0x03, 0xFF, 0xFC, 0x00, 0x01, 0xFF, 0x80, 0x00, 0x00, 0x00, 0x00, 0xF0, 0x00, 0x00, 0x03, 0xC0, 0x00, 0x00, 0x0F,
    0x2F, 0x00, 0x0B, 0xF8, 0xBC, 0x00, 0x2F, 0x82, 0xF0, 0x00, 0xBC, 0x0B, 0xC0, 0x02, 0xF0, 0x2F, 0x00, 0x0B, 0xC0,
    0xBC, 0x00, 0x2F, 0x02, 0xF0, 0x00, 0xBC, 0x0B, 0xC0, 0x02, 0xF0, 0x2F, 0x00, 0x0B, 0xC0, 0xBC, 0x00, 0x2F, 0x02,
    0xF0, 0x00, 0xBC, 0x0B, 0xC0, 0x02, 0xF0, 0x2F, 0x00, 0x0B, 0xC0, 0xBC, 0x00, 0x2F, 0x02, 0xF0, 0x00, 0xB8, 0x07,
    0xC0, 0x03, 0xE0, 0x0F, 0x40, 0x1F, 0x40, 0x3F, 0x91, 0xFC, 0x00, 0x3F, 0xFF, 0xD0, 0x00, 0x2F, 0xF8, 0x00, 0x00,
    0x00, 0x00, 0x00, 0x00, 0x00, 0x00, 0x00, 0x00, 0x00, 0x00, 0x00, 0x07, 0xD0, 0x00, 0x00, 0x3F, 0xC0, 0x00, 0x00,
    0x7E, 0x00, 0x00, 0x00, 0x00, 0x00, 0xF0, 0x00, 0x00, 0x03, 0xC0, 0x00, 0x00, 0x0F, 0x2F, 0x00, 0x0B, 0xFC, 0xBC,
    0x00, 0x2F, 0xD2, 0xF0, 0x00, 0xBC, 0x0B, 0xC0, 0x02, 0xF0, 0x2F, 0x00, 0x0B, 0xC0, 0xBC, 0x00, 0x2F, 0x02, 0xF0,
    0x00, 0xBC, 0x0B, 0xC0, 0x02, 0xF0, 0x2F, 0x00, 0x0B, 0xC0, 0xBC, 0x00, 0x2F, 0x01, 0xF0, 0x00, 0xF8, 0x03, 0xD0,
    0x07, 0xD0, 0x0F, 0xE4, 0x7F, 0x00, 0x0F, 0xFF, 0xF0, 0x00, 0x07, 0xFE, 0x00, 0x00, 0x00, 0x00, 0x00, 0x00, 0x00,
    0x00, 0x00, 0x00, 0x00, 0x00, 0x00, 0x01, 0xF4, 0x00, 0x00, 0x0F, 0xF0, 0x00, 0x00, 0x1F, 0x40, 0x00, 0x00, 0xBC,
    0x00, 0x00, 0x00, 0x2F, 0x00, 0x00, 0x00, 0x0F, 0x80, 0x00, 0x00, 0x03, 0xD0, 0x00, 0x00, 0x00, 0x00, 0x00, 0x00,
    0x00, 0x00, 0x00, 0x3F, 0x00, 0x00, 0x7C, 0x1F, 0x00, 0x00, 0xF8, 0x0F, 0x80, 0x01, 0xF0, 0x07, 0xC0, 0x03, 0xE0,
    0x03, 0xE0, 0x07, 0xC0, 0x01, 0xF0, 0x0F, 0x80, 0x00, 0xF8, 0x1F, 0x00, 0x00, 0xBC, 0x2E, 0x00, 0x00, 0x3D, 0x3C,
    0x00, 0x00, 0x2F, 0xBC, 0x00, 0x00, 0x0F, 0xF4, 0x00, 0x00, 0x0B, 0xF0, 0x00, 0x00, 0x03, 0xD0, 0x00, 0x00, 0x03,
    0xD0, 0x00, 0x00, 0x03, 0xD0, 0x00, 0x00, 0x03, 0xD0, 0x00, 0x00, 0x03, 0xD0, 0x00, 0x00, 0x03, 0xD0, 0x00, 0x00,
    0x03, 0xD0, 0x00, 0x00, 0x03, 0xD0, 0x00, 0x02, 0xF0, 0x00, 0x00, 0x0B, 0xC0, 0x00, 0x00, 0x3E, 0x00, 0x00, 0x00,
    0xF4, 0x00, 0x00, 0x00, 0x00, 0x00, 0x00, 0x00, 0x00, 0x7D, 0x00, 0x03, 0xE3, 0xE0, 0x00, 0x7C, 0x2F, 0x00, 0x0B,
    0xC0, 0xF4, 0x00, 0xF4, 0x0F, 0xC0, 0x1F, 0x00, 0x7C, 0x02, 0xE0, 0x03, 0xE0, 0x3D, 0x00, 0x2F, 0x07, 0xC0, 0x00,
    0xF4, 0xF8, 0x00, 0x0F, 0x8F, 0x00, 0x00, 0x7D, 0xF0, 0x00, 0x03, 0xFD, 0x00, 0x00, 0x2F, 0xC0, 0x00, 0x01, 0xF8,
    0x00, 0x00, 0x0F, 0x40, 0x00, 0x02, 0xF0, 0x00, 0x00, 0x3E, 0x00, 0x00, 0x07, 0xD0, 0x00, 0x00, 0xBC, 0x00, 0x00,
    0x0F, 0x80, 0x00, 0x3F, 0x00, 0x00, 0x7C, 0x1F, 0x00, 0x00, 0xF8, 0x0F, 0x80, 0x01, 0xF0, 0x07, 0xC0, 0x03, 0xE0,
    0x03, 0xE0, 0x07, 0xC0, 0x01, 0xF0, 0x0F, 0x80, 0x00, 0xF8, 0x1F, 0x00, 0x00, 0xBC, 0x2E, 0x00, 0x00, 0x3D, 0x3C,
    0x00, 0x00, 0x2F, 0xBC, 0x00, 0x00, 0x0F, 0xF4, 0x00, 0x00, 0x0B, 0xF0, 0x00, 0x00, 0x03, 0xD0, 0x00, 0x00, 0x03,
    0xD0, 0x00, 0x00, 0x03, 0xD0, 0x00, 0x00, 0x03, 0xD0, 0x00, 0x00, 0x03, 0xD0, 0x00, 0x00, 0x03, 0xD0, 0x00, 0x00,
    0x03, 0xD0, 0x00, 0x00, 0x03, 0xD0, 0x00, 0x00, 0x00, 0x00, 0x00, 0x00, 0x00, 0x00, 0x00, 0x00, 0x00, 0x00, 0x00,
    0x00, 0x07, 0xD0, 0x00, 0x00, 0x0F, 0xF0, 0x00, 0x00, 0x07, 0xE0, 0x00, 0x7D, 0x00, 0x03, 0xE3, 0xE0, 0x00, 0x7C,
    0x2F, 0x00, 0x0B, 0xC0, 0xF4, 0x00, 0xF4, 0x0F, 0xC0, 0x1F, 0x00, 0x7C, 0x02, 0xE0, 0x03, 0xE0, 0x3D, 0x00, 0x2F,
    0x07, 0xC0, 0x00, 0xF4, 0xF8, 0x00, 0x0F, 0x8F, 0x00, 0x00, 0x7D, 0xF0, 0x00, 0x03, 0xFD, 0x00, 0x00, 0x2F, 0xC0,
    0x00, 0x01, 0xF8, 0x00, 0x00, 0x0F, 0x40, 0x00, 0x02, 0xF0, 0x00, 0x00, 0x3E, 0x00, 0x00, 0x07, 0xD0, 0x00, 0x00,
    0xBC, 0x0F, 0x80, 0x0F, 0x81, 0xFD, 0x00, 0x00, 0x0F, 0x80, 0x00, 0x00, 0x00, 0x00, 0x00, 0x1F, 0xF0, 0x00, 0x00,
    0x1F, 0xF8, 0x00, 0x00, 0x00, 0xB8, 0x00, 0x00, 0x00, 0xF0, 0x00, 0x00, 0x02, 0xE0, 0x00, 0x00, 0x00, 0x00, 0x00,
    0x00, 0x00, 0x00, 0x00, 0x3F, 0x00, 0x00, 0x7C, 0x1F, 0x00, 0x00, 0xF8, 0x0F, 0x80, 0x01, 0xF0, 0x07, 0xC0, 0x03,
    0xE0, 0x03, 0xE0, 0x07, 0xC0, 0x01, 0xF0, 0x0F, 0x80, 0x00, 0xF8, 0x1F, 0x00, 0x00, 0xBC, 0x2E, 0x00, 0x00, 0x3D,
    0x3C, 0x00, 0x00, 0x2F, 0xBC, 0x00, 0x00, 0x0F, 0xF4, 0x00, 0x00, 0x0B, 0xF0, 0x00, 0x00, 0x03, 0xD0, 0x00, 0x00,
    0x03, 0xD0, 0x00, 0x00, 0x03, 0xD0, 0x00, 0x00, 0x03, 0xD0, 0x00, 0x00, 0x03, 0xD0, 0x00, 0x00, 0x03, 0xD0, 0x00,
    0x00, 0x03, 0xD0, 0x00, 0x00, 0x03, 0xD0, 0x00, 0x00, 0x00, 0x00, 0x00, 0x07, 0xFC, 0x00, 0x00, 0x7F, 0xE0, 0x00,
    0x00, 0x1E, 0x00, 0x00, 0x03, 0xD0, 0x00, 0x00, 0xB8, 0x00, 0x00, 0x00, 0x00, 0x00, 0x00, 0x00, 0x00, 0x7D, 0x00,
    0x03, 0xE3, 0xE0, 0x00, 0x7C, 0x2F, 0x00, 0x0B, 0xC0, 0xF4, 0x00, 0xF4, 0x0F, 0xC0, 0x1F, 0x00, 0x7C, 0x02, 0xE0,
    0x03, 0xE0, 0x3D, 0x00, 0x2F, 0x07, 0xC0, 0x00, 0xF4, 0xF8, 0x00, 0x0F, 0x8F, 0x00, 0x00, 0x7D, 0xF0, 0x00, 0x03,
    0xFD, 0x00, 0x00, 0x2F, 0xC0, 0x00, 0x01, 0xF8, 0x00, 0x00, 0x0F, 0x40, 0x00, 0x02, 0xF0, 0x00, 0x00, 0x3E, 0x00,
    0x00, 0x07, 0xD0, 0x00, 0x00, 0xBC, 0x00, 0x00, 0x0F, 0x80, 0x00, 0x00, 0x19, 0x02, 0x40, 0x00, 0xFF, 0x47, 0x40,
    0x00, 0xE2, 0xEF, 0x00, 0x00, 0xE0, 0xBD, 0x00, 0x00, 0x00, 0x00, 0x00, 0x00, 0x00, 0x00, 0x00, 0x3F, 0x00, 0x00,
    0x7C, 0x1F, 0x00, 0x00, 0xF8, 0x0F, 0x80, 0x01, 0xF0, 0x07, 0xC0, 0x03, 0xE0, 0x03, 0xE0, 0x07, 0xC0, 0x01, 0xF0,
    0x0F, 0x80, 0x00, 0xF8, 0x1F, 0x00, 0x00, 0xBC, 0x2E, 0x00, 0x00, 0x3D, 0x3C, 0x00, 0x00, 0x2F, 0xBC, 0x00, 0x00,
    0x0F, 0xF4, 0x00, 0x00, 0x0B, 0xF0, 0x00, 0x00, 0x03, 0xD0, 0x00, 0x00, 0x03, 0xD0, 0x00, 0x00, 0x03, 0xD0, 0x00,
    0x00, 0x03, 0xD0, 0x00, 0x00, 0x03, 0xD0, 0x00, 0x00, 0x03, 0xD0, 0x00, 0x00, 0x03, 0xD0, 0x00, 0x00, 0x03, 0xD0,
    0x00, 0x00, 0x64, 0x09, 0x00, 0x3F, 0xD1, 0xD0, 0x03, 0x8B, 0xBC, 0x00, 0x38, 0x2F, 0x40, 0x00, 0x00, 0x00, 0x00,
    0x00, 0x00, 0x00, 0x7D, 0x00, 0x03, 0xE3, 0xE0, 0x00, 0x7C, 0x2F, 0x00, 0x0B, 0xC0, 0xF4, 0x00, 0xF4, 0x0F, 0xC0,
    0x1F, 0x00, 0x7C, 0x02, 0xE0, 0x03, 0xE0, 0x3D, 0x00, 0x2F, 0x07, 0xC0, 0x00, 0xF4, 0xF8, 0x00, 0x0F, 0x8F, 0x00,
    0x00, 0x7D, 0xF0, 0x00, 0x03, 0xFD, 0x00, 0x00, 0x2F, 0xC0, 0x00, 0x01, 0xF8, 0x00, 0x00, 0x0F, 0x40, 0x00, 0x02,
    0xF0, 0x00, 0x00, 0x3E, 0x00, 0x00, 0x07, 0xD0, 0x00, 0x00, 0xBC, 0x00, 0x00, 0x0F, 0x80, 0x00, 0x00, 0x00, 0x03,
    0xFF, 0xFD, 0x3F, 0xFF, 0xD0, 0x00, 0x00, 0x00, 0x3F, 0xFF, 0xFF, 0xCF, 0xFF, 0xFF, 0xF0, 0x00, 0x00, 0x00, 0x00,
    0x3F, 0xFF, 0xFF, 0xFF, 0xCF, 0xFF, 0xFF, 0xFF, 0xF0, 0xBC, 0x02, 0xFB, 0xC0, 0x2F, 0xBC, 0x02, 0xFB, 0xC0, 0x2F,
    0xBC, 0x02, 0xFB, 0xC0, 0x2F, 0xBC, 0x02, 0xFB, 0xC0, 0x2F, 0xBC, 0x02, 0xFB, 0xC0, 0x2F, 0xBC, 0x02, 0xFB, 0xC0,
    0x2F, 0xBC, 0x02, 0xFB, 0xC0, 0x2F, 0xBC, 0x02, 0xFB, 0xC0, 0x2F, 0xBC, 0x02, 0xFB, 0xC0, 0x2F, 0xBC, 0x02, 0xFB,
    0xC0, 0x2F, 0xBC, 0x02, 0xFB, 0xC0, 0x2F, 0xBC, 0x02, 0xFB, 0xC0, 0x2F, 0xBC, 0x02, 0xF0, 0x0B, 0xC0, 0xF8, 0x2F,
    0x03, 0xE0, 0x3D, 0x07, 0xD0, 0x3E, 0x01, 0xF0, 0x0F, 0x80, 0x7D, 0x03, 0xD0, 0x3D, 0x07, 0xC0, 0xFC, 0x1F, 0x43,
    0xF0, 0x0F, 0x80, 0x7D, 0x03, 0xD0, 0x3D, 0x07, 0xC0, 0xFC, 0x1F, 0x43, 0xF0, 0x1F, 0x03, 0xE0, 0x7D, 0x03, 0xD0,
    0x3E, 0x02, 0xF0, 0x0F, 0x80, 0xBC, 0x0B, 0xC0, 0xBC, 0x0F, 0x80, 0xF8, 0x1F, 0x02, 0xF0, 0x3F, 0x03, 0xE0, 0x3E,
    0x03, 0xD0, 0x3D, 0x03, 0xD0, 0x3E, 0x03, 0xE0, 0x1F, 0x41, 0xF0, 0x0F, 0x80, 0xF8, 0x07, 0xC0, 0xBC, 0x03, 0xD0,
    0x3D, 0x07, 0xD0, 0x7C, 0x0B, 0xC0, 0xBC, 0x0F, 0x80, 0xF8, 0x1F, 0x02, 0xF0, 0x3F, 0x03, 0xE0, 0x0F, 0x80, 0xBC,
    0x07, 0xC0, 0x3E, 0x03, 0xD0, 0x2F, 0x07, 0xD0, 0x2F, 0x0B, 0xC0, 0x3E, 0x0F, 0x80, 0x7C, 0x1F, 0x00, 0xFC, 0x3F,
    0x01, 0xF4, 0x1F, 0x41, 0xF4, 0x3E, 0x03, 0xE0, 0x3D, 0x03, 0xD0, 0x3E, 0x03, 0xD0, 0x3F, 0x03, 0xF0, 0x1F, 0x01,
    0xF0, 0x0F, 0x80, 0xF8, 0x0B, 0xC0, 0xBC, 0x00, 0x28, 0x00, 0x00, 0x0F, 0x40, 0x00, 0x03, 0xD0, 0x00, 0x00, 0xF4,
    0x00, 0x00, 0x3D, 0x00, 0x00, 0x0F, 0x40, 0x00, 0x03, 0xD0, 0x03, 0xFF, 0xFF, 0xFC, 0xFF, 0xFF, 0xFF, 0x00, 0x0F,
    0x40, 0x00, 0x03, 0xD0, 0x00, 0x00, 0xF4, 0x00, 0x00, 0x3D, 0x00, 0x00, 0x0F, 0x40, 0x00, 0x03, 0xD0, 0x00, 0x00,
    0xF4, 0x00, 0x00, 0x3D, 0x00, 0x00, 0x0F, 0x40, 0x00, 0x03, 0xD0, 0x00, 0x00, 0xF4, 0x00, 0x00, 0x3D, 0x00, 0x00,
    0x0F, 0x40, 0x00, 0x03, 0xD0, 0x00, 0x00, 0xF4, 0x00, 0x00, 0x3D, 0x00, 0x00, 0x0F, 0x40, 0x00, 0x00, 0x28, 0x00,
    0x00, 0x0F, 0x40, 0x00, 0x03, 0xD0, 0x00, 0x00, 0xF4, 0x00, 0x00, 0x3D, 0x00, 0x00, 0x0F, 0x40, 0x00, 0x03, 0xD0,
    0x03, 0xFF, 0xFF, 0xFC, 0xFF, 0xFF, 0xFF, 0x00, 0x0F, 0x40, 0x00, 0x03, 0xD0, 0x00, 0x00, 0xF4, 0x00, 0x00, 0x3D,
    0x00, 0x00, 0x0F, 0x40, 0x00, 0x03, 0xD0, 0x00, 0x00, 0xF4, 0x00, 0x00, 0x3D, 0x00, 0x3F, 0xFF, 0xFF, 0xCF, 0xFF,
    0xFF, 0xF0, 0x00, 0xF4, 0x00, 0x00, 0x3D, 0x00, 0x00, 0x0F, 0x40, 0x00, 0x03, 0xD0, 0x00, 0x00, 0xF4, 0x00, 0x00,
    0x3D, 0x00, 0x00, 0x05, 0x00, 0x00, 0x0B, 0xE0, 0x2F, 0xFC, 0x3F, 0xFC, 0x3F, 0xFC, 0x2F, 0xFC, 0x0B, 0xE0, 0x1F,
    0x83, 0xFC, 0x3F, 0xC1, 0xF8, 0x3C, 0x0F, 0x02, 0xC7, 0xD0, 0xF4, 0x3E, 0x7D, 0x1F, 0x43, 0xE7, 0xD0, 0xF4, 0x3E,
    0x3C, 0x0F, 0x02, 0xC0, 0x07, 0xF4, 0x00, 0xB0, 0x01, 0xFF, 0xC0, 0x0E, 0x00, 0x3D, 0x2D, 0x03, 0xC0, 0x03, 0xC0,
    0xE0, 0x74, 0x00, 0x3C, 0x0E, 0x0F, 0x00, 0x03, 0xD2, 0xE2, 0xC0, 0x00, 0x1F, 0xFC, 0x38, 0x00, 0x00, 0x7F, 0x4B,
    0x00, 0x00, 0x00, 0x01, 0xD0, 0x00, 0x00, 0x00, 0x3C, 0x00, 0x00, 0x00, 0x0B, 0x40, 0x00, 0x00, 0x00, 0xE0, 0x00,
    0x00, 0x00, 0x2C, 0x7F, 0x2F, 0x80, 0x07, 0x8F, 0x7F, 0x6E, 0x00, 0xF1, 0xC1, 0xE0, 0xF0, 0x1D, 0x2C, 0x0D, 0x0F,
    0x03, 0x82, 0xC0, 0xD0, 0xF0, 0xB0, 0x1C, 0x1E, 0x0F, 0x1E, 0x00, 0xE2, 0xF5, 0xD3, 0xC0, 0x07, 0xE2, 0xF8, 0x0F,
    0xC0, 0xF8, 0x1F, 0x41, 0xF0, 0x2F, 0x03, 0xF0, 0x3E, 0x03, 0xD0, 0x0F, 0xC0, 0xBD, 0x0F, 0xC0, 0xFC, 0x0F, 0x80,
    0xFC, 0x1F, 0x40, 0xF8, 0x2F, 0x01, 0xF4, 0x2F, 0x02, 0xF0, 0x3E, 0x03, 0xF0, 0x3D, 0x03, 0xE0, 0x0F, 0xC2, 0xF0,
    0x7E, 0x1F, 0x83, 0xF0, 0xBD, 0x1F, 0x43, 0xE0, 0xBC, 0x2F, 0x03, 0xD0, 0xFC, 0x3F, 0x07, 0xD0, 0xF8, 0x3E, 0x0B,
    0xC1, 0xF4, 0x3D, 0x0F, 0xC1, 0xF0, 0x7C, 0x0F, 0x82, 0xF0, 0x00, 0x0F, 0x80, 0x03, 0xF0, 0x00, 0xBC, 0x00, 0x1F,
    0x00, 0x07, 0xD0, 0x00, 0xF8, 0x00, 0x3F, 0x00, 0x01, 0xF8, 0x00, 0x07, 0xD0, 0x00, 0x2F, 0x40, 0x00, 0xBC, 0x00,
    0x03, 0xF0, 0x00, 0x0F, 0xC0, 0x2F, 0x00, 0x00, 0xBC, 0x00, 0x03, 0xF0, 0x00, 0x0F, 0x80, 0x00, 0x7E, 0x00, 0x01,
    0xF4, 0x00, 0x0B, 0xC0, 0x00, 0xF4, 0x00, 0x3E, 0x00, 0x0F, 0x80, 0x03, 0xF0, 0x00, 0xBC, 0x00, 0x2F, 0x00, 0x00,
    0x2F, 0x40, 0xFC, 0x2F, 0x40, 0xF8, 0x2F, 0x00, 0xF8, 0x1F, 0x00, 0xF8, 0x1F, 0x00, 0xF8, 0x1F, 0x00, 0xF8, 0x1F,
    0x00, 0xF8, 0x1F, 0x00, 0xF8, 0x1F, 0x00, 0xF8, 0x1F, 0x00, 0xF8, 0x1F, 0x00, 0xF8, 0x1F, 0x00, 0xF4, 0x1F, 0x00,
    0xF4, 0x0F, 0x00, 0xF4, 0x00, 0x00, 0x00, 0x00, 0x00, 0x00, 0x00, 0x00, 0x00, 0x2F, 0x41, 0xFC, 0x3F, 0xC2, 0xFD,
    0x2F, 0x41, 0xFC, 0x7F, 0xF8, 0x01, 0xFF, 0xFD, 0x00, 0x01, 0xFD, 0x00, 0x00, 0xFC, 0x00, 0x01, 0xF0, 0x1F, 0x03,
    0xC0, 0x7C, 0x1F, 0x01, 0xF0, 0xBC, 0x07, 0xC7, 0xE0, 0x0F, 0xFF, 0x00, 0x3F, 0xE0, 0x00, 0xF0, 0x00, 0x03, 0xC0,
    0x00, 0x0F, 0x00, 0x00, 0x00, 0x00, 0x00, 0x00, 0x00, 0x00, 0x00, 0x00, 0x2F, 0x40, 0x00, 0xFF, 0x00, 0x02, 0xF4,
    0x00, 0x00, 0x00, 0x00, 0x00, 0x07, 0xFF, 0xFF, 0xFF, 0xFD, 0x7F, 0xFF, 0xFF, 0xFF, 0xD0, 0xBC, 0x00, 0x00, 0x2F,
    0xBC, 0x00, 0x00, 0x3F, 0x3F, 0x40, 0x00, 0xBD, 0x2F, 0xFF, 0xFF, 0xFC, 0x07, 0xFF, 0xFF, 0xE0, 0x00, 0x00, 0x00,
    0x2E, 0x00, 0x00, 0x00, 0x1F, 0x00, 0x00, 0x00, 0x0F, 0x40, 0x00, 0x00, 0x0B, 0x80, 0x00, 0x00, 0x07, 0xC0, 0x00,
    0x00, 0x03, 0xD0, 0x00, 0x00, 0x02, 0xE0, 0x00, 0x00, 0x01, 0xF0, 0x00, 0x00, 0x00, 0xF4, 0x00, 0x00, 0x00, 0xB8,
    0x00, 0x00, 0x00, 0x7C, 0x00, 0x00, 0x00, 0x3C, 0x00, 0x00, 0x00, 0x2E, 0x00, 0x00, 0x00, 0x1F, 0x00, 0x00, 0x00,
    0x0F, 0x00, 0x00, 0x00, 0x0F, 0x80, 0x00, 0x00, 0x07, 0xC0, 0x00, 0x00, 0x03, 0xC0, 0x00, 0x00, 0x03, 0xD0, 0x00,
    0x00, 0x02, 0xF0, 0x00, 0x00, 0x00, 0x00, 0x00, 0x7F, 0xFC, 0x7F, 0xFC, 0x7C, 0x00, 0x7C, 0x00, 0x7C, 0x00, 0x7C,
    0x00, 0x7C, 0x00, 0x7C, 0x00, 0x7C, 0x00, 0x7C, 0x00, 0x7C, 0x00, 0x7F, 0xFC, 0x7F, 0xFC, 0x7C, 0x00, 0x7C, 0x00,
    0x7C, 0x00, 0x7C, 0x00, 0x7C, 0x00, 0x7C, 0x00, 0x7C, 0x00, 0x7C, 0x00, 0x7C, 0x00, 0x7C, 0x00, 0x7F, 0xFC, 0x7F,
    0xFC, 0x00, 0x03, 0xFF, 0xEF, 0xFF, 0x80, 0x3E, 0x00, 0xF8, 0x03, 0xE0, 0x0F, 0x80, 0x3E, 0x00, 0xF8, 0x03, 0xE0,
    0x0F, 0x80, 0x3E, 0xFF, 0xFB, 0xFF, 0xE0, 0x0F, 0x80, 0x3E, 0x00, 0xF8, 0x03, 0xE0, 0x0F, 0x80, 0x3E, 0x00, 0xF8,
    0x03, 0xE0, 0x0F, 0x80, 0x3E, 0xFF, 0xFB, 0xFF, 0xE0, 0x06, 0xFD, 0x01, 0xFF, 0xF8, 0x3D, 0x03, 0xC3, 0xC0, 0x2D,
    0x78, 0x01, 0xD7, 0x80, 0x1E, 0x78, 0x01, 0xE7, 0x80, 0x1D, 0x3C, 0x02, 0xD3, 0xD0, 0x3C, 0x1F, 0xFF, 0x80, 0x6F,
    0xD0, 0x00, 0x3D, 0x00, 0x0B, 0x80, 0x01, 0xF0, 0x00, 0x3C, 0x00, 0x0B, 0x43, 0xC1, 0xF0, 0x3C, 0x3C, 0x03, 0xC3,
    0xEA, 0xBC, 0x3F, 0xFF, 0xC0, 0x00, 0x3C, 0x00, 0x03, 0xC0, 0x00, 0x3C, 0x2F, 0xFF, 0xC2, 0xFA, 0xA8, 0x2C, 0x00,
    0x02, 0xC0, 0x00, 0x2F, 0xFD, 0x01, 0xAB, 0xF8, 0x00, 0x03, 0xC0, 0x00, 0x2D, 0x3C, 0x02, 0xD3, 0xD0, 0x3C, 0x1F,
    0xFF, 0x80, 0x6F, 0xD0, 0x00, 0x78, 0x00, 0x0F, 0x00, 0x02, 0xD0, 0x00, 0x78, 0x00, 0x0F, 0xFE, 0x02, 0xF5, 0xBC,
    0x3C, 0x02, 0xD7, 0x80, 0x1E, 0x78, 0x01, 0xE3, 0xD0, 0x3C, 0x1F, 0xFF, 0x80, 0x7F, 0xD0, 0xFF, 0xFF, 0x7E, 0xAB,
    0xDF, 0x00, 0xB7, 0x80, 0x3C, 0x00, 0x2D, 0x00, 0x0F, 0x00, 0x0B, 0x40, 0x03, 0xC0, 0x02, 0xE0, 0x00, 0xF0, 0x00,
    0x78, 0x00, 0x3C, 0x00, 0x07, 0xFD, 0x02, 0xFF, 0xF8, 0x3C, 0x03, 0xC3, 0xC0, 0x2C, 0x2D, 0x07, 0x80, 0x7F, 0xD0,
    0x1F, 0xFF, 0x83, 0xC0, 0x3D, 0x78, 0x01, 0xE3, 0xC0, 0x3D, 0x2F, 0xFF, 0xC0, 0x7F, 0xD0, 0x07, 0xFD, 0x01, 0xFF,
    0xF8, 0x3D, 0x03, 0xC3, 0xC0, 0x2D, 0x3C, 0x02, 0xD3, 0xE0, 0x7C, 0x1F, 0xFF, 0xC0, 0x6A, 0xF0, 0x00, 0x2E, 0x00,
    0x03, 0xC0, 0x00, 0xF4, 0x00, 0x1E, 0x00, 0x03, 0xC0, 0x03, 0xC0, 0x03, 0xC0, 0xAB, 0xFA, 0xBF, 0xFF, 0x03, 0xC0,
    0x03, 0xC0, 0x03, 0xC0, 0xFF, 0xFF, 0x2A, 0xAA, 0x80, 0x00, 0x00, 0x00, 0x00, 0xAA, 0xAA, 0x3F, 0xFF, 0xC0, 0x06,
    0xFD, 0x01, 0xFF, 0xF8, 0x3D, 0x03, 0xC3, 0xC0, 0x2D, 0x78, 0x01, 0xD7, 0x80, 0x1E, 0x78, 0x01, 0xE7, 0x80, 0x1D,
    0x3C, 0x02, 0xD3, 0xD0, 0x3C, 0x1F, 0xFF, 0x80, 0x6F, 0xD0, 0x0B, 0xF0, 0x1F, 0xFC, 0x0F, 0x4F, 0x02, 0x03, 0xC0,
    0x00, 0xF0, 0x00, 0x3C, 0x00, 0x0F, 0x00, 0x03, 0xC0, 0x00, 0xF0, 0x00, 0x3C, 0x0B, 0xFF, 0xFB, 0xFF, 0xFF, 0x02,
    0xFD, 0x00, 0xFF, 0xF4, 0x2D, 0x03, 0xC3, 0xC0, 0x2C, 0x00, 0x03, 0xC0, 0x00, 0xB8, 0x00, 0x2F, 0x00, 0x0F, 0x80,
    0x03, 0xE0, 0x01, 0xF4, 0x00, 0x3F, 0xAA, 0x93, 0xFF, 0xFD, 0x2F, 0xFF, 0xC1, 0xAA, 0xFC, 0x00, 0x0F, 0x40, 0x07,
    0xC0, 0x00, 0xF8, 0x00, 0x0F, 0xF4, 0x00, 0x07, 0xC0, 0x00, 0x2D, 0x38, 0x02, 0xD3, 0xD0, 0x3C, 0x1F, 0xFF, 0x80,
    0x6F, 0xD0, 0x00, 0x3D, 0x00, 0x0B, 0x80, 0x01, 0xF0, 0x00, 0x3C, 0x00, 0x0B, 0x43, 0xC1, 0xF0, 0x3C, 0x3C, 0x03,
    0xC3, 0xEA, 0xBC, 0x3F, 0xFF, 0xC0, 0x00, 0x3C, 0x00, 0x03, 0xC0, 0x00, 0x3C, 0x2F, 0xFF, 0xC2, 0xFA, 0xA8, 0x2C,
    0x00, 0x02, 0xC0, 0x00, 0x2F, 0xFD, 0x01, 0xAB, 0xF8, 0x00, 0x03, 0xC0, 0x00, 0x2D, 0x3C, 0x02, 0xD3, 0xD0, 0x3C,
    0x1F, 0xFF, 0x80, 0x6F, 0xD0, 0x00, 0x78, 0x00, 0x0F, 0x00, 0x02, 0xD0, 0x00, 0x78, 0x00, 0x0F, 0xFE, 0x02, 0xF5,
    0xBC, 0x3C, 0x02, 0xD7, 0x80, 0x1E, 0x78, 0x01, 0xE3, 0xD0, 0x3C, 0x1F, 0xFF, 0x80, 0x7F, 0xD0, 0xFF, 0xFF, 0x7E,
    0xAB, 0xDF, 0x00, 0xB7, 0x80, 0x3C, 0x00, 0x2D, 0x00, 0x0F, 0x00, 0x0B, 0x40, 0x03, 0xC0, 0x02, 0xE0, 0x00, 0xF0,
    0x00, 0x78, 0x00, 0x3C, 0x00, 0x07, 0xFD, 0x02, 0xFF, 0xF8, 0x3C, 0x03, 0xC3, 0xC0, 0x2C, 0x2D, 0x07, 0x80, 0x7F,
    0xD0, 0x1F, 0xFF, 0x83, 0xC0, 0x3D, 0x78, 0x01, 0xE3, 0xC0, 0x3D, 0x2F, 0xFF, 0xC0, 0x7F, 0xD0, 0x07, 0xFD, 0x01,
    0xFF, 0xF8, 0x3D, 0x03, 0xC3, 0xC0, 0x2D, 0x3C, 0x02, 0xD3, 0xE0, 0x7C, 0x1F, 0xFF, 0xC0, 0x6A, 0xF0, 0x00, 0x2E,
    0x00, 0x03, 0xC0, 0x00, 0xF4, 0x00, 0x1E, 0x00, 0x00, 0x00, 0x3E, 0x00, 0x00, 0x00, 0xF8, 0x00, 0x00, 0xFF, 0xFF,
    0x00, 0x03, 0xFF, 0xFC, 0x00, 0x00, 0x3E, 0x00, 0x00, 0x00, 0xF8, 0x00, 0x2F, 0xD3, 0xE0, 0x07, 0xFF, 0xDB, 0x80,
    0x3F, 0x82, 0xFE, 0x01, 0xF4, 0x01, 0xF8, 0x07, 0xC0, 0x03, 0xE0, 0x2F, 0x00, 0x0F, 0x80, 0xBC, 0x00, 0x3E, 0x02,
    0xF0, 0x00, 0xF8, 0x07, 0xD0, 0x07, 0xE0, 0x0F, 0xD0, 0x7F, 0x80, 0x1F, 0xFF, 0xBE, 0x00, 0x1F, 0xF8, 0xF8, 0x00,
    0x00, 0x00, 0x00, 0x00, 0x00, 0x00, 0x00, 0xBF, 0xFF, 0xFF, 0x02, 0xFF, 0xFF, 0xFC, 0x00, 0x00, 0x1F, 0xF8, 0x00,
    0x03, 0xFF, 0xFE, 0x00, 0x3F, 0x91, 0xFD, 0x00, 0xF4, 0x00, 0xFC, 0x07, 0xC0, 0x01, 0xF0, 0x2F, 0x00, 0x01, 0x40,
    0xBC, 0x00, 0x00, 0x1F, 0xFF, 0xF8, 0x00, 0x7F, 0xFF, 0xE0, 0x00, 0x2F, 0x00, 0x00, 0x00, 0xBC, 0x00, 0x00, 0x1F,
    0xFF, 0xF8, 0x00, 0x7F, 0xFF, 0xE0, 0x00, 0x2F, 0x00, 0x00, 0x00, 0xBC, 0x00, 0x1A, 0x01, 0xF0, 0x00, 0xBC, 0x03,
    0xE0, 0x03, 0xE0, 0x0B, 0xE4, 0x7F, 0x40, 0x0F, 0xFF, 0xF4, 0x00, 0x07, 0xFE, 0x00, 0xFF, 0xFF, 0xFF, 0xFF, 0xFF,
    0xFF, 0xFF, 0x00, 0x0F, 0x40, 0x00, 0x00, 0xF4, 0x00, 0x00, 0x0F, 0x40, 0x00, 0x00, 0xF4, 0x00, 0x00, 0x0F, 0x41,
    0x80, 0x00, 0xFB, 0xFC, 0x00, 0x6F, 0xFE, 0x42, 0xFF, 0xF9, 0x00, 0x3F, 0x9F, 0x40, 0x01, 0x00, 0xF4, 0x6C, 0x00,
    0x0F, 0xFF, 0xC0, 0x1B, 0xFF, 0x90, 0x2F, 0xFF, 0x40, 0x03, 0xE4, 0xF4, 0x00, 0x00, 0x0F, 0x40, 0x00, 0x00, 0xF4,
    0x00, 0x00, 0x0F, 0x40, 0x00, 0x00, 0xF4, 0x00, 0x00, 0x7F, 0xE4, 0x00, 0x3F, 0xFF, 0xE0, 0x0F, 0xE4, 0x6F, 0x40,
    0xF4, 0x00, 0xF8, 0x0A, 0x00, 0x0F, 0x40, 0x00, 0x01, 0xF0, 0x00, 0x00, 0x7C, 0x0B, 0xFF, 0xFF, 0xFF, 0xBF, 0xFF,
    0xFF, 0xF0, 0x00, 0x00, 0x00, 0x00, 0x00, 0x00, 0x0B, 0xFF, 0xFF, 0xFF, 0xBF, 0xFF, 0xFF, 0xF0, 0xBD, 0x00, 0x00,
    0x0F, 0x40, 0x00, 0x01, 0xF0, 0x00, 0xF8, 0x1F, 0x00, 0x1F, 0x40, 0xFD, 0x0B, 0xF0, 0x07, 0xFF, 0xFC, 0x00, 0x0B,
    0xFE, 0x00, 0x03, 0xFF, 0xFE, 0x00, 0x0F, 0xFF, 0xFF, 0x00, 0x3D, 0x00, 0xBF, 0x00, 0xF4, 0x00, 0x7D, 0x03, 0xD0,
    0x00, 0xF8, 0x0F, 0x40, 0x02, 0xF0, 0x3D, 0x00, 0x0F, 0x80, 0xF4, 0x00, 0x3E, 0x03, 0xD0, 0x07, 0xF0, 0xFF, 0xFF,
    0xFF, 0x43, 0xFF, 0xFF, 0xE0, 0x00, 0xF4, 0x00, 0x00, 0x03, 0xD0, 0x00, 0x00, 0x0F, 0x40, 0x00, 0x03, 0xFF, 0xFF,
    0xE0, 0x0F, 0xFF, 0xFF, 0x80, 0x03, 0xD0, 0x00, 0x00, 0x0F, 0x40, 0x00, 0x00, 0x3D, 0x00, 0x00, 0x00, 0xF4, 0x00,
    0x00, 0x02, 0x05, 0x00, 0x00, 0xD2, 0xC0, 0x00, 0x34, 0xB0, 0x00, 0x0D, 0x2C, 0x00, 0x7F, 0xFF, 0x80, 0x1F, 0xFF,
    0xFD, 0x07, 0xC0, 0x1F, 0xC1, 0xF0, 0x00, 0xF8, 0x7C, 0x00, 0x2F, 0x1F, 0x00, 0x0B, 0xC7, 0xC0, 0x02, 0xE1, 0xF0,
    0x00, 0xF4, 0x7C, 0x01, 0xFC, 0x1F, 0xFF, 0xF8, 0x07, 0xFF, 0xFF, 0x41, 0xF0, 0x02, 0xF4, 0x7C, 0x00, 0x2F, 0x1F,
    0x00, 0x07, 0xC7, 0xC0, 0x00, 0xF5, 0xF0, 0x00, 0x7C, 0x7C, 0x00, 0x2F, 0x1F, 0x00, 0x7F, 0x87, 0xFF, 0xFF, 0x81,
    0xFF, 0xFE, 0x40, 0x03, 0x4B, 0x00, 0x00, 0xD2, 0xC0, 0x00, 0x34, 0xB0, 0x00, 0x04, 0x14, 0x00, 0x00, 0x06, 0x40,
    0x00, 0x00, 0x2F, 0x00, 0x00, 0x00, 0x7D, 0x00, 0x00, 0x00, 0xF8, 0x00, 0x00, 0x03, 0xF0, 0x00, 0x00, 0x0F, 0xC0,
    0x00, 0x00, 0x2F, 0x40, 0x00, 0x00, 0x7F, 0xFF, 0xFF, 0xFE, 0x7F, 0xFF, 0xFF, 0xFE, 0x1F, 0x40, 0x00, 0x00, 0x0B,
    0xC0, 0x00, 0x00, 0x03, 0xF0, 0x00, 0x00, 0x00, 0xF8, 0x00, 0x00, 0x00, 0x7D, 0x00, 0x00, 0x00, 0x2F, 0x40, 0x00,
    0x00, 0x05, 0x40, 0x00, 0x00, 0x06, 0x00, 0x00, 0x00, 0xBE, 0x00, 0x00, 0x0B, 0xFF, 0x00, 0x00, 0xFF, 0xFF, 0x00,
    0x0F, 0xCF, 0x7F, 0x41, 0xFC, 0x3C, 0x2F, 0x4F, 0xC0, 0xF0, 0x2F, 0x38, 0x03, 0xC0, 0x2C, 0x80, 0x0F, 0x00, 0x10,
    0x00, 0x3C, 0x00, 0x00, 0x00, 0xF0, 0x00, 0x00, 0x03, 0xC0, 0x00, 0x00, 0x0F, 0x00, 0x00, 0x00, 0x3C, 0x00, 0x00,
    0x00, 0xF0, 0x00, 0x00, 0x03, 0xC0, 0x00, 0x00, 0x0F, 0x00, 0x00, 0x00, 0x3C, 0x00, 0x00, 0x00, 0xF0, 0x00, 0x00,
    0x03, 0xC0, 0x00, 0x00, 0x01, 0xA0, 0x00, 0x00, 0x00, 0xFC, 0x00, 0x00, 0x00, 0x3E, 0x00, 0x00, 0x00, 0x1F, 0x40,
    0x00, 0x00, 0x0B, 0xC0, 0x00, 0x00, 0x03, 0xF0, 0x00, 0x00, 0x00, 0xFC, 0x7F, 0xFF, 0xFF, 0xFE, 0x7F, 0xFF, 0xFF,
    0xFD, 0x00, 0x00, 0x00, 0xF8, 0x00, 0x00, 0x03, 0xF0, 0x00, 0x00, 0x0B, 0xC0, 0x00, 0x00, 0x1F, 0x40, 0x00, 0x00,
    0x7E, 0x00, 0x00, 0x00, 0xF8, 0x00, 0x00, 0x01, 0x50, 0x00, 0x00, 0x0F, 0x00, 0x00, 0x00, 0x3C, 0x00, 0x00, 0x00,
    0xF0, 0x00, 0x00, 0x03, 0xC0, 0x00, 0x00, 0x0F, 0x00, 0x00, 0x00, 0x3C, 0x00, 0x00, 0x00, 0xF0, 0x00, 0x00, 0x03,
    0xC0, 0x00, 0x00, 0x0F, 0x00, 0x00, 0x00, 0x3C, 0x00, 0x00, 0x00, 0xF0, 0x00, 0x20, 0x03, 0xC0, 0x04, 0xE0, 0x0F,
    0x00, 0xB3, 0xF0, 0x3C, 0x0B, 0xC7, 0xF0, 0xF0, 0xBD, 0x03, 0xF3, 0xDF, 0xD0, 0x03, 0xFF, 0xFC, 0x00, 0x02, 0xFF,
    0xC0, 0x00, 0x02, 0xF8, 0x00, 0x00, 0x01, 0x80, 0x00, 0x00, 0x02, 0x80, 0x19, 0x00, 0x00, 0x00, 0xFC, 0x02, 0xF4,
    0x00, 0x00, 0x3F, 0x00, 0x0F, 0xC0, 0x00, 0x0B, 0xC0, 0x00, 0x3F, 0x00, 0x01, 0xF4, 0x00, 0x00, 0xF8, 0x00, 0x7E,
    0x00, 0x00, 0x07, 0xD0, 0x0F, 0x80, 0x00, 0x00, 0x2F, 0x43, 0xFF, 0xFF, 0xFF, 0xFF, 0xFC, 0x2F, 0xFF, 0xFF, 0xFF,
    0xFF, 0xC0, 0xF8, 0x00, 0x00, 0x02, 0xF0, 0x03, 0xE0, 0x00, 0x00, 0x7D, 0x00, 0x1F, 0x40, 0x00, 0x1F, 0x80, 0x00,
    0xBD, 0x00, 0x03, 0xE0, 0x00, 0x03, 0xF0, 0x00, 0xFC, 0x00, 0x00, 0x0F, 0xC0, 0x2F, 0x00, 0x00, 0x00, 0x14, 0x01,
    0x50, 0x00, 0x00, 0x00, 0x00, 0x00, 0x00, 0x3C, 0x00, 0x00, 0x03, 0xFC, 0x00, 0x00, 0x3F, 0xFD, 0x00, 0x07, 0xEF,
    0xBD, 0x00, 0x7E, 0x3C, 0xBE, 0x0B, 0xE0, 0xF0, 0x7E, 0x3E, 0x03, 0xC0, 0x7C, 0xD0, 0x0F, 0x00, 0x31, 0x00, 0x3C,
    0x00, 0x00, 0x00, 0xF0, 0x00, 0x00, 0x03, 0xC0, 0x00, 0x00, 0x0F, 0x00, 0x00, 0x00, 0x3C, 0x00, 0x00, 0x00, 0xF0,
    0x00, 0x00, 0x03, 0xC0, 0x00, 0x00, 0x0F, 0x00, 0x00, 0x00, 0x3C, 0x00, 0x00, 0x00, 0xF0, 0x00, 0x00, 0x03, 0xC0,
    0x00, 0x00, 0x0F, 0x00, 0x03, 0x00, 0x3C, 0x00, 0xCF, 0x40, 0xF0, 0x0F, 0x3F, 0x43, 0xC0, 0xFC, 0x2F, 0x4F, 0x1F,
    0xC0, 0x2F, 0x7D, 0xFC, 0x00, 0x1F, 0xFF, 0x80, 0x00, 0x1F, 0xF8, 0x00, 0x00, 0x0F, 0x40, 0x00, 0x00, 0x00, 0x00,
    0x00, 0x00, 0x00, 0x00, 0x07, 0xFF, 0xFF, 0xE0, 0x7F, 0xFF, 0xFF, 0x87, 0xF8, 0x00, 0x00, 0x7F, 0xE0, 0x00, 0x07,
    0xDF, 0x80, 0x00, 0x7C, 0x7E, 0x00, 0x07, 0xC1, 0xF8, 0x00, 0x7C, 0x07, 0xE0, 0x07, 0xC0, 0x1F, 0x80, 0x7C, 0x00,
    0x7E, 0x03, 0xC0, 0x01, 0xF8, 0x1C, 0x00, 0x07, 0xE0, 0x00, 0x00, 0x1C, 0x00, 0x00, 0x00, 0x00, 0x00, 0x00, 0x00,
    0x00, 0x7F, 0xFF, 0xFE, 0x1F, 0xFF, 0xFF, 0xE0, 0x00, 0x02, 0xFE, 0x00, 0x00, 0xBF, 0xE0, 0x00, 0x2F, 0x6E, 0x00,
    0x0B, 0xD2, 0xE0, 0x02, 0xF4, 0x2E, 0x00, 0xBD, 0x02, 0xE0, 0x2F, 0x40, 0x2E, 0x0B, 0xD0, 0x02, 0xE2, 0xF4, 0x00,
    0x2D, 0x7D, 0x00, 0x02, 0x43, 0x40, 0x00, 0x00, 0x00, 0x00, 0x00, 0x00, 0x00, 0x00, 0x00, 0x03, 0x80, 0x00, 0x10,
    0x7E, 0x00, 0x02, 0x81, 0xF8, 0x00, 0x2D, 0x07, 0xE0, 0x02, 0xE0, 0x1F, 0x80, 0x2E, 0x00, 0x7E, 0x02, 0xE0, 0x01,
    0xF8, 0x2E, 0x00, 0x07, 0xE2, 0xE0, 0x00, 0x1F, 0xAE, 0x00, 0x00, 0x7F, 0xE0, 0x00, 0x01, 0xFE, 0x1F, 0xFF, 0xFF,
    0xE0, 0x7F, 0xFF, 0xFE, 0x00, 0x00, 0x00, 0x00, 0x40, 0x00, 0x1D, 0x1C, 0x00, 0x07, 0xE7, 0xC0, 0x01, 0xF8, 0x7C,
    0x00, 0x7E, 0x07, 0xC0, 0x1F, 0x80, 0x7C, 0x07, 0xE0, 0x07, 0xC1, 0xF8, 0x00, 0x7C, 0x7E, 0x00, 0x07, 0xDF, 0x80,
    0x00, 0x7F, 0xE0, 0x00, 0x07, 0xF8, 0x00, 0x00, 0x7F, 0xFF, 0xFF, 0x87, 0xFF, 0xFF, 0xE0, 0x00, 0x00, 0xBF, 0xF8,
    0x00, 0x00, 0xBF, 0xFE, 0x00, 0x00, 0x00, 0xFF, 0x1F, 0xE0, 0x03, 0xFF, 0x3F, 0xFC, 0x0B, 0xDF, 0xBC, 0x7E, 0x2F,
    0x4F, 0xB4, 0x1F, 0xFD, 0x0F, 0xB4, 0x07, 0xF4, 0x0F, 0x02, 0xF0, 0x2F, 0x00, 0x0B, 0xC0, 0xBC, 0x00, 0x1F, 0x01,
    0xF0, 0x00, 0x7D, 0x07, 0xD0, 0x00, 0xBF, 0xFF, 0xFF, 0xFF, 0xBF, 0xFF, 0xFF, 0xFF, 0x3D, 0x07, 0xC0, 0x00, 0x1F,
    0x01, 0xF0, 0x00, 0x07, 0xC0, 0xBC, 0x00, 0x02, 0xF0, 0x2F, 0x00, 0x00, 0xBC, 0x0B, 0xC0, 0x00, 0x3E, 0x03, 0xE0,
    0x00, 0x0F, 0x80, 0xF8, 0x00, 0x03, 0xE0, 0x7E, 0xBF, 0xFF, 0xFF, 0xFF, 0xBF, 0xFF, 0xFF, 0xFF, 0x00, 0x03, 0xD0,
    0x3D, 0x00, 0x0F, 0x80, 0xF8, 0x00, 0x3E, 0x03, 0xE0, 0x00, 0xBC, 0x0B, 0xC0, 0x02, 0xF0, 0x00, 0x7E, 0x0B, 0xC0,
    0x00, 0xF8, 0x1F, 0x00, 0x03, 0xF0, 0x7D, 0x00, 0x0F, 0xC0, 0xBF, 0xFF, 0xFF, 0x00, 0xBF, 0xFF, 0xFF, 0x00, 0x3D,
    0x00, 0x0F, 0xC0, 0x1F, 0x00, 0x03, 0xF0, 0x07, 0xC0, 0x00, 0xF8, 0x02, 0xF0, 0x00, 0x7E, 0x7E, 0x00, 0x0B, 0xC0,
    0x1F, 0x40, 0x03, 0xE0, 0x0B, 0xD0, 0x00, 0xF8, 0x02, 0xF4, 0x00, 0x7E, 0x00, 0xFF, 0xFF, 0xFF, 0x00, 0xFF, 0xFF,
    0xFF, 0x03, 0xF0, 0x00, 0x3D, 0x0B, 0xC0, 0x00, 0xF8, 0x2F, 0x40, 0x03, 0xE0, 0x7D, 0x00, 0x0B, 0xC0, 0x00, 0x7E,
    0x00, 0x01, 0xFF, 0x80, 0x0B, 0xFF, 0xE0, 0x2F, 0xBE, 0xFC, 0x3D, 0x3D, 0x3C, 0x34, 0x3D, 0x0C, 0x00, 0x3D, 0x00,
    0x00, 0x3D, 0x00, 0x00, 0x3D, 0x00, 0x00, 0x3D, 0x00, 0x00, 0x3D, 0x00, 0x00, 0x3D, 0x00, 0x00, 0x3D, 0x00, 0x3F,
    0xFF, 0xFC, 0x3F, 0xFF, 0xFC, 0xB4, 0x00, 0x0B, 0xC0, 0xB4, 0x00, 0x03, 0xE0, 0xB4, 0x00, 0x00, 0xF8, 0xB8, 0x00,
    0x00, 0x7E, 0xBF, 0xFF, 0xFF, 0xFF, 0xBF, 0xFF, 0xFF, 0xFF, 0xB4, 0x00, 0x00, 0x3D, 0xB4, 0x00, 0x00, 0xF8, 0xB4,
    0x00, 0x03, 0xE0, 0xB4, 0x00, 0x0B, 0xC0, 0x00, 0x00, 0x00, 0x3F, 0xFF, 0xFC, 0x3F, 0xFF, 0xFC, 0x00, 0x3D, 0x00,
    0x00, 0x3D, 0x00, 0x00, 0x3D, 0x00, 0x00, 0x3D, 0x00, 0x00, 0x3D, 0x00, 0x00, 0x3D, 0x00, 0x10, 0x3D, 0x00, 0x34,
    0x3D, 0x1C, 0x3E, 0x3D, 0x7C, 0x1F, 0xFF, 0xF8, 0x03, 0xFF, 0xD0, 0x00, 0xFF, 0x40, 0x00, 0x14, 0x00, 0x00, 0x00,
    0x00, 0x00, 0x00, 0x00, 0xFE, 0x40, 0x00, 0x00, 0xFF, 0xE0, 0x00, 0x00, 0x02, 0xF8, 0x00, 0x00, 0x00, 0x7D, 0x00,
    0x00, 0x00, 0x3E, 0x00, 0x14, 0x00, 0x2F, 0x00, 0xF8, 0x00, 0x2F, 0x03, 0xE0, 0x00, 0x3E, 0x0B, 0xC0, 0x00, 0xBD,
    0x2F, 0x40, 0x07, 0xF8, 0x7F, 0xFF, 0xFF, 0xE0, 0x7F, 0xFF, 0xFE, 0x40, 0x2F, 0x00, 0x00, 0x00, 0x0B, 0xC0, 0x00,
    0x00, 0x03, 0xE0, 0x00, 0x00, 0x00, 0xF4, 0x00, 0x00, 0x00, 0x54, 0x00, 0x00, 0x00, 0x00, 0x00, 0x00, 0x00, 0xBF,
    0x00, 0x00, 0x0B, 0xFF, 0x00, 0x00, 0x2F, 0x90, 0x00, 0x00, 0x3E, 0x00, 0x00, 0x00, 0xBC, 0x00, 0x00, 0x00, 0xB8,
    0x00, 0x15, 0x00, 0xBC, 0x00, 0x1F, 0x40, 0xBC, 0x00, 0x07, 0xC0, 0x3E, 0x00, 0x02, 0xF0, 0x2F, 0xD0, 0x00, 0xF8,
    0x0B, 0xFF, 0xFF, 0xFE, 0x00, 0xBF, 0xFF, 0xFD, 0x00, 0x00, 0x00, 0xF8, 0x00, 0x00, 0x02, 0xF0, 0x00, 0x00, 0x07,
    0xC0, 0x00, 0x00, 0x1F, 0x40, 0x00, 0x00, 0x15, 0x00, 0x00, 0x90, 0x06, 0x40, 0x03, 0xD0, 0x07, 0xD0, 0x0F, 0x4B,
    0xD1, 0xF4, 0x2E, 0x2F, 0xF4, 0x7C, 0xB8, 0xBE, 0xFD, 0x2F, 0xBF, 0xF4, 0x2F, 0xFF, 0x7F, 0xD0, 0x0B, 0xFE, 0x2F,
    0x00, 0x00, 0xBC, 0x0B, 0xC0, 0x02, 0xF0, 0x02, 0xF0, 0x0B, 0xC0, 0x00, 0x00, 0x30, 0x00, 0x3C, 0x00, 0x3F, 0x00,
    0x37, 0xC0, 0x30, 0xB0, 0x30, 0x2C, 0x30, 0x0A, 0x30, 0x00, 0x30, 0x00, 0x30, 0x00, 0x30, 0x00, 0x30, 0x00, 0x30,
    0x00, 0x30, 0x00, 0x30, 0x00, 0x30, 0x00, 0x30, 0x00, 0x30, 0x00, 0x30, 0x00, 0x30, 0x00, 0x30, 0x00, 0x30, 0x00,
    0x30, 0x00, 0x30, 0x00, 0x30, 0x00, 0x30, 0x00, 0x30, 0x00, 0x00, 0x00, 0x03, 0xE0, 0x00, 0x00, 0x00, 0xF8, 0x00,
    0x00, 0x00, 0x3D, 0xBF, 0xFF, 0xFF, 0xFF, 0xBF, 0xFF, 0xFF, 0xFF, 0x00, 0x00, 0x00, 0x3E, 0x00, 0x00, 0x00, 0xBC,
    0x00, 0x00, 0x02, 0xF0, 0x00, 0x00, 0x03, 0xD0, 0x00, 0x00, 0x02, 0xF0, 0x00, 0x00, 0x00, 0xBC, 0x00, 0x00, 0x00,
    0x3E, 0xBF, 0xFF, 0xFF, 0xFF, 0xBF, 0xFF, 0xFF, 0xFF, 0x00, 0x00, 0x00, 0x3D, 0x00, 0x00, 0x00, 0xF8, 0x00, 0x00,
    0x03, 0xE0, 0x00, 0x06, 0x40, 0x00, 0x00, 0x0B, 0xD0, 0x00, 0x00, 0x07, 0xD0, 0x00, 0x00, 0x03, 0xE0, 0x00, 0x00,
    0x03, 0xFF, 0xFF, 0xFF, 0x02, 0xFF, 0xFF, 0xFF, 0xC1, 0xF4, 0x00, 0x00, 0x00, 0xF8, 0x00, 0x00, 0x00, 0xFC, 0x00,
    0x00, 0x00, 0x0F, 0x80, 0x00, 0x00, 0x01, 0xF4, 0x00, 0x00, 0x00, 0x2F, 0xFF, 0xFF, 0xFC, 0x03, 0xFF, 0xFF, 0xFF,
    0x00, 0x3E, 0x00, 0x00, 0x00, 0x07, 0xD0, 0x00, 0x00, 0x00, 0xBD, 0x00, 0x00, 0x00, 0x05, 0x40, 0x00, 0x00, 0x00,
    0x00, 0x00, 0x00, 0x00, 0x00, 0x90, 0x30, 0x00, 0x00, 0x2D, 0x03, 0xC0, 0x00, 0x0B, 0xD0, 0x3F, 0x00, 0x02, 0xCD,
    0x03, 0x7C, 0x00, 0xF0, 0xD0, 0x30, 0xF0, 0x3C, 0x0D, 0x03, 0x02, 0xC7, 0x00, 0xD0, 0x30, 0x09, 0x00, 0x0D, 0x03,
    0x00, 0x00, 0x00, 0xD0, 0x30, 0x00, 0x00, 0x0D, 0x03, 0x00, 0x00, 0x00, 0xD0, 0x30, 0x00, 0x00, 0x0D, 0x03, 0x00,
    0x00, 0x00, 0xD0, 0x30, 0x00, 0x00, 0x0D, 0x03, 0x00, 0x00, 0x00, 0xD0, 0x30, 0x00, 0x00, 0x0D, 0x03, 0x00, 0x00,
    0x00, 0xD0, 0x30, 0x00, 0x00, 0x0D, 0x03, 0x00, 0x00, 0x00, 0xD0, 0x30, 0x00, 0x00, 0x0D, 0x03, 0x00, 0x00, 0x00,
    0xD0, 0x30, 0x00, 0x00, 0x0D, 0x03, 0x00, 0x00, 0x00, 0xD0, 0x30, 0x00, 0x00, 0x0D, 0x03, 0x00, 0x00, 0x00, 0xD0,
    0x30, 0x00, 0x00, 0x0D, 0x03, 0x00, 0x00, 0x00, 0xD0, 0x30, 0x00, 0x00, 0x01, 0x90, 0x00, 0x00, 0x00, 0x3E, 0x00,
    0x00, 0x00, 0x07, 0xE0, 0x00, 0x00, 0x00, 0x7D, 0x00, 0xFF, 0xFF, 0xFF, 0xC0, 0x3F, 0xFF, 0xFF, 0xFC, 0x00, 0x00,
    0x00, 0x0F, 0x80, 0x00, 0x00, 0x01, 0xF4, 0x00, 0x00, 0x00, 0x3F, 0x00, 0x00, 0x00, 0x1F, 0x40, 0x00, 0x00, 0x0F,
    0x83, 0xFF, 0xFF, 0xFF, 0xC0, 0xFF, 0xFF, 0xFF, 0xC0, 0x00, 0x00, 0x07, 0xD0, 0x00, 0x00, 0x07, 0xE0, 0x00, 0x00,
    0x03, 0xE0, 0x00, 0x00, 0x01, 0x50, 0x00, 0x00, 0x00, 0x0D, 0x03, 0x00, 0x00, 0x00, 0xD0, 0x30, 0x00, 0x00, 0x0D,
    0x03, 0x00, 0x00, 0x00, 0xD0, 0x30, 0x00, 0x00, 0x0D, 0x03, 0x00, 0x00, 0x00, 0xD0, 0x30, 0x00, 0x00, 0x0D, 0x03,
    0x00, 0x00, 0x00, 0xD0, 0x30, 0x00, 0x00, 0x0D, 0x03, 0x00, 0x00, 0x00, 0xD0, 0x30, 0x00, 0x00, 0x0D, 0x03, 0x00,
    0x00, 0x00, 0xD0, 0x30, 0x00, 0x00, 0x0D, 0x03, 0x00, 0x00, 0x00, 0xD0, 0x30, 0x00, 0x00, 0x0D, 0x03, 0x00, 0x00,
    0x00, 0xD0, 0x30, 0x00, 0x00, 0x0D, 0x03, 0x00, 0x00, 0x00, 0xD0, 0x30, 0x00, 0x00, 0x0D, 0x03, 0x00, 0x00, 0x00,
    0xD0, 0x30, 0x00, 0x70, 0x0D, 0x03, 0x00, 0x93, 0xC0, 0xD0, 0x30, 0x2C, 0x0F, 0x0D, 0x03, 0x0B, 0x00, 0x2C, 0xD0,
    0x37, 0xC0, 0x00, 0xBD, 0x03, 0xF0, 0x00, 0x02, 0xD0, 0x3C, 0x00, 0x00, 0x09, 0x03, 0x00, 0x00, 0x00, 0x00, 0x00,
    0x00, 0x00, 0x01, 0x90, 0x68, 0x00, 0x00, 0x00, 0xBC, 0x03, 0xF0, 0x00, 0x00, 0x1F, 0x40, 0x0F, 0x80, 0x00, 0x07,
    0xD0, 0x00, 0x7D, 0x00, 0x00, 0xFF, 0xFF, 0xFF, 0xF0, 0x00, 0x3F, 0xFF, 0xFF, 0xFF, 0xC0, 0x0B, 0xD0, 0x00, 0x00,
    0x3F, 0x01, 0xF4, 0x00, 0x00, 0x00, 0xF8, 0x3F, 0x00, 0x00, 0x00, 0x0B, 0xC1, 0xF4, 0x00, 0x00, 0x00, 0xF8, 0x0B,
    0xD0, 0x00, 0x00, 0x3F, 0x00, 0x3F, 0xFF, 0xFF, 0xFF, 0xC0, 0x00, 0xFF, 0xFF, 0xFF, 0xF4, 0x00, 0x07, 0xD0, 0x00,
    0x7D, 0x00, 0x00, 0x1F, 0x40, 0x0F, 0x80, 0x00, 0x00, 0xBC, 0x03, 0xF0, 0x00, 0x00, 0x01, 0x50, 0x54, 0x00, 0x00,
    0x00, 0x01, 0x90, 0x00, 0x00, 0x00, 0x3E, 0x00, 0x00, 0x00, 0x07, 0xE0, 0x03, 0xFF, 0xFF, 0xFD, 0x00, 0xFF, 0xFF,
    0xFF, 0xD0, 0x00, 0x00, 0x00, 0xFC, 0x00, 0x00, 0x00, 0x0F, 0xC3, 0xFF, 0xFF, 0xFF, 0xF8, 0xFF, 0xFF, 0xFF, 0xFF,
    0x00, 0x00, 0x00, 0x3F, 0x00, 0x00, 0x00, 0x1F, 0x40, 0x00, 0x00, 0x0F, 0x80, 0xFF, 0xFF, 0xFF, 0xC0, 0x3F, 0xFF,
    0xFF, 0xC0, 0x00, 0x00, 0x07, 0xD0, 0x00, 0x00, 0x03, 0xE0, 0x00, 0x00, 0x01, 0x50, 0x00, 0x00, 0x00, 0x00, 0x00,
    0x00, 0x1C, 0x00, 0x00, 0x7E, 0x00, 0x00, 0xFF, 0x80, 0x03, 0xFF, 0xD0, 0x0F, 0xFF, 0xF0, 0x3F, 0xFF, 0xFC, 0x00,
    0x3D, 0x00, 0x00, 0x3D, 0x00, 0x00, 0x3D, 0x00, 0x3F, 0xFF, 0xFC, 0x3F, 0xFF, 0xFC, 0x00, 0x3D, 0x00, 0x00, 0x3D,
    0x00, 0x00, 0x3D, 0x00, 0x3F, 0xFF, 0xFC, 0x3F, 0xFF, 0xFC, 0x00, 0x3D, 0x00, 0x00, 0x3D, 0x00, 0x00, 0x3D, 0x00,
    0x00, 0x3D, 0x00, 0x00, 0x3D, 0x00, 0x00, 0x3D, 0x00, 0x00, 0x3D, 0x00, 0x00, 0x3D, 0x00, 0x3F, 0xFF, 0xFC, 0x3F,
    0xFF, 0xFC, 0x00, 0x3D, 0x00, 0x00, 0x3D, 0x00, 0x00, 0x3D, 0x00, 0x3F, 0xFF, 0xFC, 0x3F, 0xFF, 0xFC, 0x00, 0x3D,
    0x00, 0x00, 0x3D, 0x00, 0x00, 0x3D, 0x00, 0x2A, 0xBE, 0xA8, 0x1F, 0xFF, 0xF8, 0x07, 0xFF, 0xF0, 0x02, 0xFF, 0xC0,
    0x00, 0xBF, 0x00, 0x00, 0x2D, 0x00, 0x00, 0x04, 0x00, 0x00, 0x0A, 0x00, 0x19, 0x00, 0x0B, 0xC0, 0x2E, 0x00, 0x03,
    0xE0, 0x2E, 0x00, 0x00, 0xF8, 0x2E, 0x00, 0x00, 0x7D, 0x2E, 0xFF, 0xFF, 0xFF, 0x2E, 0xFF, 0xFF, 0xFF, 0x2E, 0x00,
    0x00, 0x7D, 0x2E, 0x00, 0x00, 0xF4, 0x2E, 0x00, 0x03, 0xE0, 0x2E, 0x00, 0x0B, 0xC0, 0x2E, 0x00, 0x05, 0x00, 0x15,
    0x00, 0x00, 0x00, 0x00, 0x00, 0x02, 0x80, 0x00, 0x00, 0x07, 0xE0, 0x00, 0x00, 0x1C, 0x38, 0x00, 0x00, 0x70, 0x0E,
    0x00, 0x01, 0xD0, 0x03, 0x40, 0x03, 0x40, 0x00, 0xD0, 0x0D, 0x00, 0x00, 0x34, 0x3F, 0xF0, 0x0F, 0xFC, 0x00, 0x70,
    0x0D, 0x00, 0x00, 0x70, 0x0D, 0x00, 0x00, 0x70, 0x0D, 0x00, 0x00, 0x70, 0x0D, 0x00, 0x00, 0x70, 0x0D, 0x00, 0x00,
    0x70, 0x0D, 0x00, 0x00, 0x70, 0x0D, 0x00, 0x00, 0x70, 0x0D, 0x00, 0x00, 0x70, 0x0D, 0x00, 0x00, 0x70, 0x0D, 0x00,
    0x00, 0x70, 0x0D, 0x00, 0x00, 0x70, 0x0D, 0x00, 0x00, 0x3F, 0xFC, 0x00, 0x00, 0x00, 0x00, 0x00, 0x00, 0x00, 0x00,
    0x00, 0x00, 0x00, 0x30, 0x00, 0x00, 0x00, 0x0F, 0x00, 0x00, 0x00, 0x03, 0xB0, 0x00, 0x00, 0x00, 0xC7, 0x40, 0x2F,
    0xFF, 0xF0, 0x74, 0x0D, 0x00, 0x00, 0x07, 0x43, 0x40, 0x00, 0x00, 0x38, 0xD0, 0x00, 0x00, 0x0E, 0x34, 0x00, 0x00,
    0x0E, 0x0B, 0xFF, 0xFC, 0x0E, 0x00, 0x00, 0x03, 0x1D, 0x00, 0x00, 0x00, 0xED, 0x00, 0x00, 0x00, 0x3D, 0x00, 0x00,
    0x00, 0x0C, 0x00, 0x00, 0x00, 0x00, 0x00, 0x00, 0x00, 0x00, 0x00, 0x00, 0x00, 0x02, 0x80, 0x00, 0x00, 0x07, 0xE0,
    0x00, 0x00, 0x1C, 0x38, 0x00, 0x00, 0x74, 0x0D, 0x00, 0x00, 0xD0, 0x03, 0x40, 0x03, 0x40, 0x01, 0xD0, 0x0E, 0x00,
    0x00, 0x70, 0x3F, 0xF0, 0x0F, 0xFC, 0x00, 0x70, 0x0E, 0x00, 0x00, 0x70, 0x0D, 0x00, 0x00, 0x70, 0x0D, 0x00, 0x00,
    0x70, 0x0D, 0x00, 0x00, 0x70, 0x0D, 0x00, 0x00, 0x7F, 0xFD, 0x00, 0x00, 0x00, 0x00, 0x00, 0x00, 0x00, 0x00, 0x00,
    0x00, 0x7F, 0xFD, 0x00, 0x00, 0x70, 0x0D, 0x00, 0x00, 0x70, 0x0D, 0x00, 0x00, 0x70, 0x0D, 0x00, 0x00, 0x3F, 0xFC,
    0x00, 0x00, 0x00, 0x00, 0x00, 0x64, 0x00, 0x01, 0x97, 0xC0, 0x00, 0x3E, 0x3D, 0x00, 0x03, 0xD3, 0xE0, 0x00, 0x7C,
    0x2F, 0x00, 0x0B, 0xC1, 0xF0, 0x00, 0xF8, 0x0F, 0xFF, 0xFF, 0x40, 0xFF, 0xFF, 0xF0, 0x0B, 0xC0, 0x2E, 0x00, 0x7C,
    0x03, 0xD0, 0x03, 0xD0, 0x3C, 0x00, 0x3E, 0x07, 0xC0, 0x02, 0xF0, 0xB8, 0x00, 0x0F, 0x0F, 0x40, 0x00, 0xF4, 0xF0,
    0x00, 0x0B, 0x9F, 0x00, 0x00, 0x7E, 0xE0, 0x00, 0x03, 0xFD, 0x00, 0x00, 0x3F, 0xC0, 0x00, 0x02, 0xFC, 0x00, 0x00,
    0x00, 0x03, 0xFE, 0x03, 0xFF, 0xE2, 0xF0, 0xBC, 0xF8, 0x0F, 0x7E, 0x03, 0xDF, 0x80, 0x03, 0xE0, 0x00, 0xF8, 0x00,
    0x3E, 0x00, 0x0F, 0x80, 0x03, 0xE0, 0x3D, 0xF8, 0x0F, 0x2F, 0x4B, 0xC3, 0xFF, 0xD0, 0x2F, 0xD0, 0x02, 0xF8, 0x00,
    0x00, 0x3F, 0x00, 0x00, 0x0B, 0xC0, 0x00, 0x03, 0xF0, 0x00, 0x00, 0xF8, 0x00, 0x00, 0x7C, 0x02, 0xFD, 0x3D, 0x0F,
    0xFF, 0xAE, 0x3F, 0x41, 0xFE, 0x3D, 0x00, 0x3F, 0x7C, 0x00, 0x3F, 0xBC, 0x00, 0x2F, 0xBC, 0x00, 0x2F, 0xBC, 0x00,
    0x2F, 0xBC, 0x00, 0x2E, 0x7C, 0x00, 0x3E, 0x3D, 0x00, 0x3D, 0x2F, 0x40, 0xFC, 0x0F, 0xFF, 0xF0, 0x01, 0xFF, 0x80,
    0xFF, 0xFF, 0xFE, 0xFF, 0xFF, 0xFE, 0x00, 0x00, 0x3E, 0x00, 0x00, 0x3E, 0x00, 0x00, 0x3E, 0x00, 0x00, 0x3E, 0x00,
    0x00, 0x3E, 0x00, 0x00, 0x3E, 0x00, 0x00, 0x3E, 0x3F, 0xFF, 0xFE, 0x3F, 0xFF, 0xFE, 0x00, 0x00, 0x3E, 0x00, 0x00,
    0x3E, 0x00, 0x00, 0x3E, 0x00, 0x00, 0x3E, 0x00, 0x00, 0x3E, 0x00, 0x00, 0x3E, 0x00, 0x00, 0x3E, 0xFF, 0xFF, 0xFE,
    0xFF, 0xFF, 0xFE, 0x00, 0x00, 0x05, 0x00, 0x00, 0x07, 0x80, 0x00, 0x02, 0xC0, 0xFF, 0xFF, 0xFE, 0x3F, 0xFF, 0xFF,
    0x80, 0x00, 0x3F, 0xE0, 0x00, 0x0F, 0xF8, 0x00, 0x07, 0x7E, 0x00, 0x03, 0xCF, 0x80, 0x00, 0xF3, 0xE0, 0x00, 0x74,
    0xF8, 0x00, 0x3D, 0x3E, 0x0F, 0xFF, 0xFF, 0x83, 0xFF, 0xFF, 0xE0, 0x03, 0xC0, 0xF8, 0x01, 0xE0, 0x3E, 0x00, 0xB0,
    0x0F, 0x80, 0x3C, 0x03, 0xE0, 0x1D, 0x00, 0xF8, 0x0F, 0x00, 0x3E, 0x07, 0xC0, 0x0F, 0x8F, 0xFF, 0xFF, 0xE3, 0xFF,
    0xFF, 0xF8, 0x78, 0x00, 0x00, 0x2C, 0x00, 0x00, 0x0F, 0x00, 0x00, 0x00, 0x00, 0x00, 0x00, 0x02, 0x00, 0x00, 0x00,
    0x00, 0xF0, 0x00, 0x0B, 0xFE, 0x6D, 0x00, 0x0B, 0xFF, 0xFF, 0x80, 0x03, 0xFD, 0x07, 0xFC, 0x00, 0xBD, 0x00, 0x2F,
    0xF0, 0x1F, 0x40, 0x07, 0x9F, 0x83, 0xF0, 0x00, 0xF0, 0xBC, 0x3D, 0x00, 0x2D, 0x07, 0xC3, 0xD0, 0x07, 0x80, 0x3D,
    0x3C, 0x00, 0xF0, 0x03, 0xD3, 0xC0, 0x2D, 0x00, 0x3D, 0x3D, 0x03, 0x80, 0x07, 0xC2, 0xF0, 0xF0, 0x00, 0xBC, 0x1F,
    0x6D, 0x00, 0x1F, 0x80, 0xBF, 0x80, 0x07, 0xF0, 0x03, 0xFD, 0x06, 0xFC, 0x00, 0x2F, 0xFF, 0xFF, 0x00, 0x03, 0x8B,
    0xFE, 0x40, 0x00, 0xF0, 0x00, 0x00, 0x00, 0x05, 0x00, 0x00, 0x00, 0x00, 0x00, 0x2F, 0xC0, 0x00, 0x03, 0xFC, 0x00,
    0x00, 0x3F, 0xD0, 0x00, 0x07, 0xEE, 0x00, 0x00, 0xB9, 0xF0, 0x00, 0x0F, 0x4F, 0x00, 0x00, 0xF0, 0xF4, 0x00, 0x1F,
    0x0B, 0x80, 0x02, 0xE0, 0x7C, 0x00, 0x3D, 0x03, 0xC0, 0x03, 0xC0, 0x3D, 0x00, 0x7C, 0x02, 0xE0, 0x0B, 0x80, 0x1F,
    0x00, 0xF4, 0x00, 0xF0, 0x0F, 0x00, 0x0F, 0x42, 0xF0, 0x00, 0xB8, 0x3E, 0x00, 0x07, 0xC3, 0xE0, 0x00, 0x7C, 0x7F,
    0xFF, 0xFF, 0xDB, 0xFF, 0xFF, 0xFE, 0x00, 0x00, 0x00, 0x07, 0xFF, 0xFF, 0xFE, 0x3F, 0xFF, 0xFF, 0xD3, 0xD0, 0x00,
    0x7C, 0x2F, 0x00, 0x0B, 0xC1, 0xF0, 0x00, 0xF8, 0x0F, 0x40, 0x0F, 0x40, 0xF8, 0x01, 0xF0, 0x0B, 0xC0, 0x2F, 0x00,
    0x7C, 0x03, 0xE0, 0x03, 0xD0, 0x3D, 0x00, 0x3E, 0x03, 0xC0, 0x02, 0xF0, 0x7C, 0x00, 0x1F, 0x0B, 0x80, 0x00, 0xF4,
    0xF4, 0x00, 0x0F, 0x4F, 0x00, 0x00, 0xB9, 0xF0, 0x00, 0x07, 0xEE, 0x00, 0x00, 0x3F, 0xD0, 0x00, 0x03, 0xFC, 0x00,
    0x00, 0x15, 0x40, 0x00, 0x00, 0x6F, 0xFF, 0xFD, 0x02, 0xFF, 0xFF, 0xFD, 0x0F, 0xD0, 0x00, 0x00, 0x1F, 0x40, 0x00,
    0x00, 0x3E, 0x00, 0x00, 0x00, 0x3D, 0x00, 0x00, 0x00, 0x3D, 0x00, 0x00, 0x00, 0x3F, 0xFF, 0xFF, 0xFD, 0x3F, 0xFF,
    0xFF, 0xFD, 0x3D, 0x00, 0x00, 0x00, 0x3D, 0x00, 0x00, 0x00, 0x3E, 0x00, 0x00, 0x00, 0x1F, 0x00, 0x00, 0x00, 0x0F,
    0xD0, 0x00, 0x00, 0x03, 0xFF, 0xFF, 0xFD, 0x00, 0x7F, 0xFF, 0xFD, 0x00, 0x00, 0x03, 0x80, 0x00, 0x00, 0x07, 0x40,
    0x00, 0x00, 0x0F, 0x00, 0x00, 0x7F, 0xFF, 0xFD, 0x03, 0xFF, 0xFF, 0xFD, 0x0F, 0xE4, 0x3C, 0x00, 0x1F, 0x40, 0x38,
    0x00, 0x3F, 0x00, 0xB0, 0x00, 0x3D, 0x00, 0xF0, 0x00, 0x3D, 0x00, 0xE0, 0x00, 0x3F, 0xFF, 0xFF, 0xFD, 0x3F, 0xFF,
    0xFF, 0xFD, 0x3D, 0x07, 0x80, 0x00, 0x3D, 0x0B, 0x00, 0x00, 0x3E, 0x0E, 0x00, 0x00, 0x2F, 0x5D, 0x00, 0x00, 0x0F,
    0xFC, 0x00, 0x00, 0x03, 0xFF, 0xFF, 0xFD, 0x00, 0xBF, 0xFF, 0xFD, 0x00, 0xB0, 0x00, 0x00, 0x00, 0xE0, 0x00, 0x00,
    0x01, 0xD0, 0x00, 0x00, 0x01, 0x40, 0x00, 0x00, 0x1F, 0xFF, 0x0E, 0x00, 0x07, 0x00, 0x02, 0xC0, 0x00, 0xBF, 0xFF,
    0x1C, 0x00, 0x03, 0x40, 0x00, 0x7F, 0xFC, 0x00, 0x00, 0x00, 0x3F, 0xFF, 0xF9, 0x00, 0x3F, 0xFF, 0xFF, 0xC0, 0x00,
    0x00, 0x07, 0xF0, 0x00, 0x00, 0x00, 0xF8, 0x00, 0x00, 0x00, 0x7C, 0x00, 0x00, 0x00, 0x3D, 0x00, 0x00, 0x00, 0x3D,
    0x3F, 0xFF, 0xFF, 0xFD, 0x3F, 0xFF, 0xFF, 0xFD, 0x00, 0x00, 0x00, 0x3D, 0x00, 0x00, 0x00, 0x3D, 0x00, 0x00, 0x00,
    0x7C, 0x00, 0x00, 0x00, 0xFC, 0x00, 0x00, 0x03, 0xF0, 0x3F, 0xFF, 0xFF, 0xD0, 0x3F, 0xFF, 0xFE, 0x00, 0x00, 0x00,
    0x03, 0xC0, 0x00, 0x00, 0x07, 0x40, 0x00, 0x00, 0x0F, 0x00, 0x3F, 0xFF, 0xFF, 0x00, 0x3F, 0xFF, 0xFF, 0xC0, 0x00,
    0x00, 0x3F, 0xF0, 0x00, 0x00, 0x34, 0xFC, 0x00, 0x00, 0xB0, 0x7C, 0x00, 0x00, 0xF0, 0x3D, 0x00, 0x00, 0xE0, 0x3D,
    0x3F, 0xFF, 0xFF, 0xFD, 0x3F, 0xFF, 0xFF, 0xFD, 0x00, 0x07, 0x40, 0x3D, 0x00, 0x0B, 0x00, 0x3D, 0x00, 0x0F, 0x00,
    0x7C, 0x00, 0x1D, 0x00, 0xFC, 0x00, 0x2C, 0x03, 0xF0, 0x3F, 0xFF, 0xFF, 0xD0, 0x3F, 0xFF, 0xFE, 0x00, 0x00, 0xB0,
    0x00, 0x00, 0x00, 0xE0, 0x00, 0x00, 0x01, 0xD0, 0x00, 0x00, 0x01, 0x40, 0x00, 0x00, 0xFF, 0xFF, 0xFF, 0xFF, 0xFF,
    0xFF, 0xFF, 0xFF, 0xFF, 0xFF, 0xFF, 0xFF, 0xFF, 0xFF, 0xFF, 0xFF, 0xFF, 0xFF, 0xFF, 0xFF, 0xFF, 0xFF, 0xFF, 0xFF,
    0xFF, 0xFF, 0xFF, 0xFF, 0xFF, 0xFF, 0xFF, 0xFF, 0xFF, 0xFF, 0xFF, 0x00, 0x00, 0x00, 0x03, 0xFF, 0xFF, 0xFF, 0xCF,
    0xFF, 0xFF, 0xFF, 0x03, 0xD0, 0x03, 0xC0, 0x0F, 0x40, 0x0F, 0x00, 0x3D, 0x00, 0x3C, 0x00, 0xF4, 0x00, 0xF0, 0x03,
    0xD0, 0x03, 0xC0, 0x0F, 0x40, 0x0F, 0x00, 0x3D, 0x00, 0x3C, 0x00, 0xF4, 0x00, 0xF0, 0x03, 0xD0, 0x03, 0xC0, 0x0F,
    0x40, 0x0F, 0x00, 0x3D, 0x00, 0x3C, 0x00, 0xF4, 0x00, 0xF0, 0x03, 0xD0, 0x03, 0xC0, 0x0F, 0x40, 0x0F, 0x00, 0x3D,
    0x00, 0x3C, 0x00, 0xF4, 0x00, 0xF0, 0x03, 0xD0, 0x03, 0xC0, 0x0F, 0x40, 0x0F, 0x00, 0x3D, 0x00, 0x3C, 0x00, 0xF4,
    0x00, 0xF0, 0x03, 0xD0, 0x03, 0xC0, 0x0F, 0x40, 0x0F, 0x00, 0x14, 0x00, 0x14, 0x00, 0x0A, 0x00, 0x0A, 0x00, 0x3D,
    0x00, 0x3D, 0x00, 0xF4, 0x00, 0xF4, 0x03, 0xD0, 0x03, 0xD0, 0x0F, 0x40, 0x0F, 0x40, 0x3D, 0x00, 0x3D, 0x00, 0xF4,
    0x00, 0xF4, 0x03, 0xD0, 0x03, 0xD0, 0x0F, 0x40, 0x0F, 0x40, 0x3D, 0x00, 0x3D, 0x00, 0xF4, 0x00, 0xF4, 0x03, 0xD0,
    0x03, 0xD0, 0x0F, 0x40, 0x0F, 0x40, 0x3D, 0x00, 0x3D, 0x00, 0xF4, 0x00, 0xF4, 0x03, 0xD0, 0x03, 0xD0, 0x0F, 0x40,
    0x0F, 0x40, 0x3D, 0x00, 0x3D, 0x00, 0xF4, 0x00, 0xF4, 0x03, 0xD0, 0x03, 0xD0, 0x0F, 0x40, 0x0F, 0x40, 0x3D, 0x00,
    0x3D, 0x01, 0xF4, 0x01, 0xF4, 0x3F, 0xFF, 0xFF, 0xFC, 0xFF, 0xFF, 0xFF, 0xF0, 0x00, 0x00, 0x00, 0x0B, 0xFF, 0xFF,
    0xFE, 0xBF, 0xFF, 0xFF, 0xE3, 0xF0, 0x00, 0x00, 0x1F, 0x80, 0x00, 0x00, 0xBD, 0x00, 0x00, 0x03, 0xF0, 0x00, 0x00,
    0x0F, 0xC0, 0x00, 0x00, 0x7E, 0x00, 0x00, 0x02, 0xF4, 0x00, 0x00, 0x0F, 0xC0, 0x00, 0x00, 0x3E, 0x00, 0x00, 0x01,
    0xF4, 0x00, 0x00, 0x1F, 0x80, 0x00, 0x03, 0xE0, 0x00, 0x00, 0xFC, 0x00, 0x00, 0x2F, 0x00, 0x00, 0x07, 0xD0, 0x00,
    0x01, 0xF8, 0x00, 0x00, 0x3F, 0x00, 0x00, 0x0F, 0xC0, 0x00, 0x02, 0xF4, 0x00, 0x00, 0x7F, 0x00, 0x00, 0x0B, 0xFF,
    0xFF, 0xFE, 0xBF, 0xFF, 0xFF, 0xE0, 0x00, 0x00, 0x03, 0xFF, 0xFD, 0x3F, 0xFF, 0xD0, 0x3F, 0xFF, 0xFF, 0xD3, 0xFF,
    0xFF, 0xFD, 0x00, 0x0F, 0x40, 0x00, 0x00, 0xF4, 0x00, 0x00, 0x0F, 0x40, 0x00, 0x00, 0xF4, 0x00, 0x00, 0x0F, 0x40,
    0x00, 0x00, 0xF4, 0x00, 0x7F, 0xFF, 0xFF, 0xD7, 0xFF, 0xFF, 0xFD, 0x00, 0x0F, 0x40, 0x00, 0x00, 0xF4, 0x00, 0x00,
    0x0F, 0x40, 0x00, 0x00, 0xF4, 0x00, 0x00, 0x0F, 0x40, 0x00, 0x00, 0x00, 0x00, 0x2E, 0x00, 0x00, 0x00, 0x1F, 0x00,
    0x00, 0x00, 0x0F, 0x40, 0x00, 0x00, 0x0B, 0x80, 0x00, 0x00, 0x07, 0xC0, 0x00, 0x00, 0x03, 0xD0, 0x00, 0x00, 0x02,
    0xE0, 0x00, 0x00, 0x01, 0xF0, 0x00, 0x00, 0x00, 0xF4, 0x00, 0x00, 0x00, 0xB8, 0x00, 0x00, 0x00, 0x7C, 0x00, 0x00,
    0x00, 0x3C, 0x00, 0x00, 0x00, 0x2E, 0x00, 0x00, 0x00, 0x1F, 0x00, 0x00, 0x00, 0x0F, 0x00, 0x00, 0x00, 0x0F, 0x80,
    0x00, 0x00, 0x07, 0xC0, 0x00, 0x00, 0x03, 0xC0, 0x00, 0x00, 0x03, 0xD0, 0x00, 0x00, 0x02, 0xF0, 0x00, 0x00, 0x00,
    0x0B, 0xE0, 0x28, 0x2C, 0x30, 0x0C, 0x30, 0x0C, 0x28, 0x2C, 0x0B, 0xE0, 0x1F, 0x83, 0xFC, 0x3F, 0xC1, 0xF8, 0x00,
    0x00, 0x00, 0x19, 0x00, 0x00, 0x00, 0x3E, 0x00, 0x00, 0x00, 0x3C, 0x00, 0x00, 0x00, 0x7C, 0x00, 0x00, 0x00, 0xB8,
    0x3F, 0xE0, 0x00, 0xF4, 0x3F, 0xF0, 0x00, 0xF0, 0x00, 0xF0, 0x01, 0xE0, 0x00, 0xF4, 0x03, 0xD0, 0x00, 0xB8, 0x03,
    0xC0, 0x00, 0x7C, 0x07, 0xC0, 0x00, 0x3C, 0x0B, 0x80, 0x00, 0x3D, 0x0F, 0x40, 0x00, 0x2E, 0x0F, 0x00, 0x00, 0x0F,
    0x1E, 0x00, 0x00, 0x0F, 0x2D, 0x00, 0x00, 0x0B, 0x7C, 0x00, 0x00, 0x07, 0xBC, 0x00, 0x00, 0x03, 0xF8, 0x00, 0x00,
    0x03, 0xF0, 0x00, 0x02, 0xE4, 0x0B, 0x90, 0x1F, 0xFD, 0x3F, 0xF4, 0x3E, 0x0F, 0x70, 0x7C, 0x3C, 0x07, 0xC0, 0x2C,
    0x3C, 0x03, 0xC0, 0x2C, 0x3C, 0x03, 0xC0, 0x2D, 0x3C, 0x03, 0xE0, 0x2C, 0x3D, 0x0A, 0xF0, 0x3C, 0x1F, 0xFC, 0x7F,
    0xF8, 0x07, 0xF4, 0x1F, 0xD0, 0x28, 0x3D, 0x3D, 0x3D, 0x3D, 0x3D, 0x3D, 0x3D, 0x3D, 0x3D, 0x3D, 0x3D, 0x3D, 0x3D,
    0x3D, 0x3D, 0x3D, 0x3D, 0x3D, 0x3D, 0x00, 0xA0, 0x00, 0x0F, 0x40, 0x00, 0xF4, 0x00, 0x0F, 0x40, 0x00, 0xF5, 0xE0,
    0x0F, 0x7C, 0x00, 0xFF, 0x40, 0x0F, 0xE0, 0x00, 0xFC, 0x00, 0x0F, 0x40, 0x00, 0xF4, 0x00, 0x3F, 0x40, 0x07, 0xF4,
    0x00, 0xFF, 0x40, 0x2D, 0xF4, 0x07, 0x8F, 0x40, 0x00, 0xF4, 0x00, 0x0F, 0x40, 0x00, 0xF4, 0x00, 0x0F, 0x40, 0x64,
    0x0A, 0x3E, 0x07, 0xCF, 0x81, 0xF3, 0xE0, 0x7C, 0xF8, 0x1F, 0x3E, 0x07, 0xCF, 0x81, 0xF3, 0xE0, 0x7C, 0xF8, 0x1F,
    0x3E, 0x07, 0xCF, 0x81, 0xF3, 0xE0, 0x7C, 0xF8, 0x1F, 0x3E, 0x07, 0xCF, 0x81, 0xF3, 0xE0, 0x7C, 0xF8, 0x1F, 0x3E,
    0x07, 0xCF, 0x81, 0xF3, 0xE0, 0x7C, 0x00, 0x1A, 0x40, 0x00, 0x03, 0xFC, 0x00, 0x00, 0x7F, 0xD0, 0x00, 0x0B, 0xAF,
    0x00, 0x00, 0xF5, 0xF0, 0x00, 0x1F, 0x0F, 0x80, 0x02, 0xE0, 0xBC, 0x00, 0x3D, 0x07, 0xD0, 0x07, 0xC0, 0x3E, 0x00,
    0xF8, 0x02, 0xF0, 0x0F, 0x40, 0x0F, 0x41, 0xF0, 0x00, 0xF8, 0x3E, 0x00, 0x07, 0xC3, 0xD0, 0x00, 0x3D, 0x28, 0x00,
    0x01, 0x83, 0xD0, 0x00, 0x3C, 0x2F, 0x00, 0x0B, 0xC1, 0xF0, 0x00, 0xF8, 0x0F, 0x80, 0x1F, 0x00, 0xBC, 0x02, 0xF0,
    0x03, 0xD0, 0x3D, 0x00, 0x3E, 0x07, 0xC0, 0x02, 0xF0, 0xB8, 0x00, 0x0F, 0x4F, 0x40, 0x00, 0xF9, 0xF0, 0x00, 0x07,
    0xEE, 0x00, 0x00, 0x3F, 0xD0, 0x00, 0x02, 0xFC, 0x00, 0x00, 0x00, 0x00, 0x00, 0x0B, 0xFF, 0xF4, 0x01, 0xFF, 0xFF,
    0xF8, 0x0F, 0xD0, 0x07, 0xF4, 0xBC, 0x00, 0x03, 0xE2, 0xF0, 0x00, 0x0B, 0xCF, 0x80, 0x00, 0x1F, 0x3E, 0x00, 0x00,
    0x7C, 0xF8, 0x00, 0x01, 0xF3, 0xE0, 0x00, 0x07, 0xCF, 0x80, 0x00, 0x1F, 0x3E, 0x00, 0x00, 0x7C, 0xF8, 0x00, 0x01,
    0xF3, 0xE0, 0x00, 0x07, 0xCF, 0x80, 0x00, 0x1F, 0x3E, 0x00, 0x00, 0x7C, 0xF8, 0x00, 0x01, 0xF3, 0xE0, 0x00, 0x07,
    0xCF, 0x80, 0x00, 0x1F, 0x3E, 0x00, 0x00, 0x7C, 0x54, 0x00, 0x00, 0x50, 0x64, 0x00, 0x00, 0xA3, 0xE0, 0x00, 0x07,
    0xCF, 0x80, 0x00, 0x1F, 0x3E, 0x00, 0x00, 0x7C, 0xF8, 0x00, 0x01, 0xF3, 0xE0, 0x00, 0x07, 0xCF, 0x80, 0x00, 0x1F,
    0x3E, 0x00, 0x00, 0x7C, 0xF8, 0x00, 0x01, 0xF3, 0xE0, 0x00, 0x07, 0xCF, 0x80, 0x00, 0x1F, 0x3E, 0x00, 0x00, 0x7C,
    0xF8, 0x00, 0x01, 0xF3, 0xE0, 0x00, 0x07, 0xCF, 0x80, 0x00, 0x1F, 0x2F, 0x00, 0x00, 0xBC, 0x7D, 0x00, 0x03, 0xE0,
    0xFE, 0x41, 0x7F, 0x01, 0xFF, 0xFF, 0xF4, 0x00, 0xBF, 0xFE, 0x00, 0x00, 0x00, 0x00, 0x00, 0x00, 0x07, 0xFF, 0xD0,
    0x00, 0xBF, 0xFF, 0x40, 0x03, 0xF0, 0x00, 0x00, 0x0F, 0x40, 0x00, 0x00, 0x3D, 0x00, 0x00, 0x00, 0xF4, 0x00, 0x00,
    0x03, 0xD0, 0x00, 0x00, 0x0F, 0x40, 0x00, 0x00, 0x3D, 0x00, 0x00, 0x00, 0xF4, 0x00, 0x00, 0x03, 0xD0, 0x00, 0x00,
    0x0F, 0x40, 0x00, 0x00, 0x3D, 0x00, 0x00, 0x00, 0xF4, 0x00, 0x00, 0x03, 0xD0, 0x00, 0x00, 0x0F, 0x40, 0x00, 0x00,
    0x3D, 0x00, 0x00, 0x00, 0xF4, 0x00, 0x00, 0x03, 0xD0, 0x00, 0x00, 0x0F, 0x40, 0x00, 0x00, 0xBC, 0x00, 0x00, 0x1B,
    0xE0, 0x00, 0x3F, 0xFF, 0x00, 0x00, 0xFF, 0xD0, 0x00, 0x00, 0x00, 0x01, 0x40, 0x00, 0x00, 0x0B, 0xF0, 0x00, 0x00,
    0x0F, 0xF0, 0x00, 0x00, 0x07, 0xD0, 0x00, 0x00, 0x00, 0x00, 0x00, 0x00, 0x00, 0x00, 0x00, 0x00, 0x00, 0x00, 0x00,
    0x00, 0x00, 0x00, 0x00, 0x00, 0x00, 0x00, 0x00, 0x00, 0x00, 0x00, 0x00, 0x00, 0x00, 0x00, 0x00, 0x00, 0x00, 0x00,
    0x00, 0x05, 0x00, 0x00, 0x10, 0x3F, 0x40, 0x00, 0xFC, 0x3F, 0x80, 0x01, 0xFD, 0x2F, 0x00, 0x00, 0xB8, 0x05, 0x00,
    0x00, 0x10, 0x3F, 0x40, 0x00, 0xFC, 0x3F, 0x80, 0x01, 0xFD, 0x2F, 0x00, 0x00, 0xFC, 0x00, 0x00, 0x00, 0x00, 0x00,
    0x00, 0x00, 0x00, 0x00, 0x00, 0x00, 0x00, 0x00, 0x00, 0x00, 0x00, 0x00, 0x00, 0x00, 0x00, 0x00, 0x00, 0x00, 0x00,
    0x00, 0x00, 0x00, 0x00, 0x00, 0x00, 0x00, 0x00, 0x00, 0x01, 0x40, 0x00, 0x00, 0x0B, 0xF0, 0x00, 0x00, 0x0F, 0xF0,
    0x00, 0x00, 0x07, 0xD0, 0x00, 0x1F, 0x83, 0xFC, 0x3F, 0xC1, 0xF8, 0x00, 0x00, 0x00, 0x00, 0x00, 0x00, 0x00, 0x00,
    0x00, 0x00, 0x01, 0xF8, 0x3F, 0xC3, 0xFC, 0x1F, 0x80, 0x2F, 0x00, 0x0F, 0x87, 0xFC, 0x02, 0xFE, 0x7F, 0xC0, 0x2F,
    0xE3, 0xF4, 0x01, 0xFC, 0x04, 0x00, 0x01, 0x00, 0x00, 0x00, 0x00, 0x00, 0x00, 0x00, 0x00, 0x00, 0x00, 0x00, 0x00,
    0x00, 0x00, 0x00, 0x40, 0x00, 0x10, 0x3F, 0x40, 0x1F, 0xC7, 0xFC, 0x02, 0xFE, 0x7F, 0xC0, 0x2F, 0xE2, 0xF0, 0x00,
    0xF8, 0x01, 0xF4, 0x00, 0x3F, 0xC0, 0x03, 0xFD, 0x00, 0x3F, 0xC0, 0x00, 0x60, 0x00, 0x00, 0x00, 0x00, 0x00, 0x03,
    0xFF, 0xFD, 0x3F, 0xFF, 0xD0, 0x00, 0x00, 0x00, 0x7D, 0x00, 0x00, 0x00, 0x3F, 0xC0, 0x00, 0x00, 0x0F, 0xF0, 0x00,
    0x00, 0x01, 0xF4, 0x00, 0x00, 0x00, 0x00, 0x3F, 0xFF, 0xF4, 0x00, 0x0F, 0xFF, 0xFD, 0x00, 0x00, 0x00, 0x00, 0x00,
    0x00, 0x00, 0x00, 0x00, 0x7D, 0x00, 0x00, 0x00, 0x3F, 0xC0, 0x00, 0x00, 0x0F, 0xF0, 0x00, 0x00, 0x01, 0xF4, 0x07,
    0xF0, 0x03, 0xD1, 0xFF, 0xD0, 0x3D, 0x3E, 0x2F, 0x03, 0xC3, 0xC0, 0xF8, 0x7C, 0x3C, 0x03, 0xFF, 0x83, 0xC0, 0x0B,
    0xE0, 0x07, 0xF8, 0x02, 0xD0, 0x1F, 0xFF, 0x02, 0xF8, 0x3D, 0x0F, 0x80, 0x7C, 0x3C, 0x07, 0xC0, 0x3C, 0x3C, 0x03,
    0xD0, 0x3C, 0x3D, 0x01, 0xF0, 0x7C, 0x1F, 0x80, 0xFF, 0xF4, 0x07, 0xC0, 0x2F, 0xD0, 0x07, 0xF0, 0x03, 0xD1, 0xFF,
    0xD0, 0x3D, 0x3E, 0x2F, 0x03, 0xD3, 0xC0, 0xF8, 0x7C, 0x3C, 0x03, 0xFF, 0x83, 0xC0, 0x0B, 0xE0, 0x00, 0x00, 0x00,
    0x00, 0x00, 0x00, 0x00, 0x00, 0x00, 0x00, 0x03, 0xFF, 0xFF, 0xFD, 0x3F, 0xFF, 0xFF, 0xD0, 0x00, 0x00, 0x00, 0x00,
    0xBF, 0x40, 0x3D, 0x2F, 0xFE, 0x03, 0xD3, 0xD1, 0xF8, 0x7C, 0x3C, 0x07, 0xFF, 0xC3, 0xC0, 0x1F, 0xE0, 0x00, 0x00,
    0x00, 0x00, 0x00, 0x00, 0x00, 0x00, 0x00, 0x00, 0x03, 0xFF, 0xFF, 0xFD, 0x3F, 0xFF, 0xFF, 0xD0, 0x00, 0x00, 0x00,
    0x00, 0x00, 0x00, 0x00, 0x00, 0x00, 0x00, 0x00, 0x00, 0x00, 0x03, 0xFF, 0xFF, 0xFD, 0x3F, 0xFF, 0xFF, 0xD0, 0x00,
    0x00, 0x0F, 0x00, 0x00, 0x01, 0xD0, 0x00, 0x00, 0x2C, 0x00, 0xBF, 0x43, 0xBD, 0x2F, 0xFE, 0x77, 0xD3, 0xD1, 0xFF,
    0x7C, 0x3C, 0x07, 0xFF, 0xC3, 0xC0, 0x2F, 0xE0, 0x00, 0x02, 0xC0, 0x00, 0x00, 0x38, 0x00, 0x00, 0x07, 0x40, 0x03,
    0xFF, 0xFF, 0xFD, 0x3F, 0xFF, 0xFF, 0xD0, 0x01, 0xD0, 0x00, 0x00, 0x2C, 0x00, 0x00, 0x03, 0x80, 0x00, 0x00, 0x74,
    0x00, 0x03, 0xFF, 0xFF, 0xFD, 0x3F, 0xFF, 0xFF, 0xD0, 0x1D, 0x00, 0x00, 0x02, 0xC0, 0x00, 0x00, 0x38, 0x00, 0x00,
    0x07, 0x40, 0x00, 0x00, 0x50, 0x00, 0x00, 0x07, 0xF0, 0x03, 0xD1, 0xFF, 0xD0, 0x3D, 0x3E, 0x2F, 0x03, 0xC3, 0xC0,
    0xF8, 0x7C, 0x3C, 0x03, 0xFF, 0x83, 0xC0, 0x0B, 0xE0, 0x00, 0x00, 0x00, 0x00, 0x7F, 0x00, 0x3D, 0x1F, 0xFD, 0x03,
    0xD3, 0xE2, 0xF0, 0x3C, 0x3C, 0x0F, 0x87, 0xC3, 0xC0, 0x3F, 0xF8, 0x3C, 0x00, 0xBE, 0x00, 0x00, 0x00, 0x0F, 0x00,
    0x00, 0x01, 0xD0, 0x00, 0x00, 0x2C, 0x00, 0x00, 0x03, 0x80, 0x00, 0x00, 0x74, 0x00, 0x00, 0x0B, 0x00, 0x0B, 0xF4,
    0xE3, 0xD2, 0xFF, 0xFC, 0x3D, 0x3D, 0x1F, 0xC7, 0xC3, 0xC0, 0x7F, 0xFC, 0x3C, 0x0B, 0xFE, 0x00, 0x00, 0xE0, 0x00,
    0x07, 0xFD, 0x03, 0xD1, 0xFF, 0xD0, 0x3D, 0x3E, 0x3F, 0x03, 0xD3, 0xC7, 0xFC, 0x7C, 0x3C, 0xF7, 0xFF, 0x83, 0xDE,
    0x0F, 0xE0, 0x01, 0xD0, 0x00, 0x00, 0x3C, 0x00, 0x00, 0x03, 0x80, 0x00, 0x00, 0x74, 0x00, 0x00, 0x05, 0x00, 0x00,
    0x00, 0x0B, 0xF4, 0x02, 0xD2, 0xFF, 0xF4, 0x3D, 0x3D, 0x1F, 0xFF, 0xC3, 0xC0, 0x1F, 0xE0, 0x00, 0x00, 0x00, 0x00,
    0x00, 0x00, 0x00, 0x0B, 0xF4, 0x02, 0xD2, 0xFF, 0xF4, 0x3D, 0x3D, 0x1F, 0xFF, 0xC3, 0xC0, 0x1F, 0xE0, 0x00, 0x00,
    0x00, 0x00, 0x00, 0x00, 0x00, 0x0B, 0xF4, 0x03, 0xD2, 0xFF, 0xF4, 0x3D, 0x3D, 0x1F, 0xFF, 0xC3, 0xC0, 0x1F, 0xE0,
    0xBC, 0x00, 0x02, 0xF7, 0xE0, 0x00, 0x7E, 0x3F, 0xFF, 0xFF, 0xC0, 0xBF, 0xFF, 0xE0, 0x00, 0x00, 0x00, 0x00, 0x00,
    0x00, 0x00, 0x00, 0x00, 0x00, 0x00, 0x7F, 0xFF, 0xE0, 0x2F, 0xFF, 0xFF, 0xC7, 0xE0, 0x00, 0xBE, 0xBC, 0x00, 0x02,
    0xF5, 0x40, 0x00, 0x05, 0x18, 0x00, 0x00, 0x00, 0x2F, 0xC0, 0x00, 0x00, 0x0F, 0xF4, 0x00, 0x00, 0x03, 0xFC, 0x1F,
    0xFF, 0xFC, 0x7D, 0x07, 0xFF, 0xFF, 0x00, 0x00, 0x00, 0x00, 0x00, 0x00, 0x00, 0x00, 0x00, 0x00, 0x00, 0x00, 0x00,
    0x18, 0x00, 0x00, 0x00, 0x2F, 0xC1, 0xFF, 0xFF, 0xCF, 0xF4, 0x7F, 0xFF, 0xF3, 0xFC, 0x00, 0x00, 0x00, 0x7D, 0x00,
    0x00, 0x00, 0x00, 0x00, 0xBE, 0x00, 0x03, 0xD3, 0xC0, 0x03, 0x81, 0xD0, 0x03, 0xC2, 0xC0, 0x00, 0xFF, 0x40, 0x00,
    0x00, 0x00, 0x00, 0x00, 0x00, 0x00, 0x00, 0x00, 0x00, 0x00, 0x00, 0xBF, 0xFF, 0xFF, 0xBF, 0xFF, 0xFF, 0x00, 0x00,
    0x00, 0x00, 0x00, 0x00, 0x00, 0x00, 0x00, 0x00, 0x00, 0x00, 0xBF, 0xFF, 0xFF, 0xBF, 0xFF, 0xFF, 0x00, 0x00, 0x00,
    0x03, 0xFF, 0x80, 0x03, 0xFF, 0xD0, 0x00, 0x00, 0xF0, 0x00, 0x00, 0xF0, 0x00, 0x00, 0xE0, 0x00, 0x3F, 0x80, 0x00,
    0x34, 0x00, 0x00, 0x00, 0x00, 0x00, 0x74, 0x00, 0x00, 0x74, 0x00, 0x00, 0x00, 0x00, 0x00, 0x00, 0x00, 0xBF, 0xFF,
    0xFF, 0xBF, 0xFF, 0xFF, 0x00, 0x00, 0x00, 0x00, 0x00, 0x00, 0x00, 0x00, 0x00, 0x00, 0x00, 0x00, 0xBF, 0xFF, 0xFF,
    0xBF, 0xFF, 0xFF, 0x00, 0x00, 0x14, 0x00, 0x00, 0x38, 0x00, 0x00, 0x70, 0x00, 0x00, 0xF0, 0x00, 0x00, 0xD0, 0x00,
    0x02, 0xC0, 0x00, 0x03, 0x80, 0x00, 0x07, 0x40, 0xBF, 0xFF, 0xFF, 0xBF, 0xFF, 0xFF, 0x00, 0x2D, 0x00, 0x00, 0x2C,
    0x00, 0x00, 0x38, 0x00, 0x00, 0x74, 0x00, 0x00, 0xB0, 0x00, 0xBF, 0xFF, 0xFF, 0xBF, 0xFF, 0xFF, 0x03, 0xC0, 0x00,
    0x03, 0x80, 0x00, 0x07, 0x00, 0x00, 0x0F, 0x00, 0x00, 0x0D, 0x00, 0x00, 0x2C, 0x00, 0x00, 0xBF, 0xFF, 0xFF, 0xBF,
    0xFF, 0xFF, 0x00, 0x00, 0x00, 0x00, 0x00, 0x00, 0x00, 0x00, 0x00, 0x00, 0x00, 0x00, 0xBF, 0xFF, 0xFF, 0xBF, 0xFF,
    0xFF, 0x00, 0x00, 0x00, 0x00, 0x00, 0x00, 0x00, 0x00, 0x00, 0x00, 0x00, 0x00, 0xBF, 0xFF, 0xFF, 0xBF, 0xFF, 0xFF,
    0x00, 0x00, 0x20, 0x00, 0x00, 0xB0, 0x00, 0x00, 0xE0, 0x00, 0x01, 0xD0, 0xBF, 0xFF, 0xFF, 0xBF, 0xFF, 0xFF, 0x00,
    0x07, 0x40, 0x00, 0x0B, 0x00, 0x00, 0x0E, 0x00, 0x00, 0x1D, 0x00, 0xBF, 0xFF, 0xFF, 0xBF, 0xFF, 0xFF, 0x00, 0x74,
    0x00, 0x00, 0xB0, 0x00, 0x00, 0xF0, 0x00, 0x00, 0xE0, 0x00, 0xBF, 0xFF, 0xFF, 0xBF, 0xFF, 0xFF, 0x03, 0x40, 0x00,
    0x0B, 0x00, 0x00, 0x0F, 0x00, 0x00, 0x05, 0x00, 0x00, 0xBF, 0xFF, 0xFF, 0xBF, 0xFF, 0xFF, 0x00, 0x00, 0x00, 0xBF,
    0xFF, 0xFF, 0xBF, 0xFF, 0xFF, 0x00, 0x00, 0x00, 0x00, 0x00, 0x00, 0xBF, 0xFF, 0xFF, 0xBF, 0xFF, 0xFF, 0x00, 0x00,
    0x00, 0x00, 0x00, 0x00, 0xBF, 0xFF, 0xFF, 0xBF, 0xFF, 0xFF, 0x00, 0x00, 0x00, 0x00, 0x00, 0x0B, 0x00, 0x00, 0xBF,
    0x00, 0x0B, 0xF8, 0x00, 0xBF, 0x80, 0x0B, 0xF8, 0x00, 0xBF, 0x80, 0x00, 0xB8, 0x00, 0x00, 0xBE, 0x00, 0x00, 0x2F,
    0xE0, 0x00, 0x02, 0xFE, 0x00, 0x00, 0x2F, 0xF4, 0x00, 0x02, 0xFE, 0x00, 0x00, 0x2F, 0x00, 0x00, 0x02, 0x00, 0x00,
    0x00, 0x00, 0x00, 0x00, 0x00, 0x00, 0x00, 0xBF, 0xFF, 0xFF, 0xBF, 0xFF, 0xFF, 0x00, 0x00, 0x00, 0xB4, 0x00, 0x00,
    0xBF, 0x40, 0x00, 0x2F, 0xF4, 0x00, 0x02, 0xFF, 0x40, 0x00, 0x2F, 0xF4, 0x00, 0x02, 0xFF, 0x00, 0x00, 0x2F, 0x00,
    0x00, 0xBF, 0x00, 0x0B, 0xFD, 0x00, 0xBF, 0xD0, 0x0B, 0xFD, 0x00, 0x7F, 0xD0, 0x00, 0xBD, 0x00, 0x00, 0x50, 0x00,
    0x00, 0x00, 0x00, 0x00, 0x00, 0x00, 0x00, 0x00, 0x00, 0x00, 0xBF, 0xFF, 0xFF, 0xBF, 0xFF, 0xFF, 0x00, 0x00, 0x00,
    0x00, 0x00, 0x00, 0x20, 0x00, 0x80, 0x00, 0x7C, 0x00, 0xF0, 0x00, 0xBE, 0x02, 0xF8, 0x01, 0xFC, 0x03, 0xF4, 0x02,
    0xF8, 0x0B, 0xF0, 0x07, 0xF4, 0x0F, 0xD0, 0x03, 0xE0, 0x0B, 0xC0, 0x00, 0xF4, 0x02, 0xE0, 0x00, 0x1F, 0xC0, 0x3F,
    0x40, 0x00, 0xFD, 0x02, 0xF8, 0x00, 0x0B, 0xE0, 0x1F, 0xC0, 0x00, 0x3F, 0x40, 0xBE, 0x00, 0x02, 0xF0, 0x07, 0xC0,
    0x00, 0x1C, 0x00, 0x30, 0x00, 0x00, 0x00, 0x00, 0x00, 0x00, 0x00, 0x00, 0x20, 0x00, 0x90, 0x00, 0x0F, 0x40, 0x2E,
    0x00, 0x02, 0xF8, 0x07, 0xF0, 0x00, 0x1F, 0xD0, 0x3F, 0x80, 0x00, 0xBE, 0x01, 0xFC, 0x00, 0x07, 0xF4, 0x0F, 0xD0,
    0x00, 0x2F, 0x00, 0x7C, 0x00, 0x0B, 0xC0, 0x1F, 0x00, 0x0F, 0xD0, 0x2F, 0x80, 0x1F, 0xC0, 0x7F, 0x40, 0x3F, 0x40,
    0xBE, 0x00, 0x7F, 0x00, 0xFD, 0x00, 0x3E, 0x00, 0xB8, 0x00, 0x0C, 0x00, 0x24, 0x00, 0x00, 0x00, 0x00, 0x00, 0x00,
    0x00, 0x00, 0x1F, 0x5B, 0xC0, 0x7F, 0x40, 0x2E, 0xD0, 0x2C, 0x2C, 0x0D, 0x03, 0x87, 0x00, 0xB2, 0xC0, 0x1C, 0xA0,
    0x03, 0x28, 0x00, 0xDA, 0x00, 0x32, 0xC0, 0x0C, 0x70, 0x07, 0x0D, 0x03, 0x82, 0xC1, 0xC0, 0x3E, 0xD0, 0x07, 0xF0,
    0x1F, 0x9F, 0xC1, 0x00, 0x10, 0x00, 0x00, 0x18, 0x00, 0x00, 0x03, 0xC0, 0x00, 0x00, 0x78, 0x00, 0x00, 0x0B, 0x00,
    0xBC, 0x00, 0xF2, 0xF7, 0xE0, 0x1E, 0x7E, 0x3F, 0xFF, 0xFF, 0xC0, 0xBF, 0xFF, 0xE0, 0x00, 0x0B, 0x40, 0x00, 0x00,
    0xF0, 0x00, 0x00, 0x1F, 0x00, 0x00, 0x7F, 0xFF, 0xE0, 0x2F, 0xFF, 0xFF, 0xC7, 0xE7, 0x80, 0xBE, 0xBC, 0xB0, 0x02,
    0xF5, 0x4F, 0x00, 0x05, 0x01, 0xE0, 0x00, 0x00, 0x2C, 0x00, 0x00, 0x01, 0x40, 0x00, 0x00, 0x00, 0x00, 0x20, 0x00,
    0x00, 0xB0, 0x00, 0x00, 0xE0, 0x00, 0x01, 0xD0, 0x00, 0x02, 0xC1, 0x00, 0x03, 0xDF, 0x00, 0x07, 0xFF, 0x00, 0x2F,
    0xF4, 0x02, 0xFF, 0x40, 0x2F, 0xFD, 0x00, 0xBE, 0x2C, 0x00, 0xB8, 0x38, 0x00, 0xBF, 0xF4, 0x00, 0x1F, 0xF8, 0x00,
    0x01, 0xFF, 0x80, 0x01, 0xDF, 0xF8, 0x03, 0xC1, 0xFF, 0x03, 0x80, 0x0B, 0x0B, 0x00, 0x00, 0x0F, 0x00, 0x00, 0x0D,
    0x00, 0x00, 0x2C, 0x00, 0x00, 0x00, 0x00, 0x20, 0x00, 0x00, 0xB0, 0x00, 0x00, 0xE0, 0x00, 0x01, 0xD0, 0x40, 0x02,
    0xC0, 0xB8, 0x03, 0x80, 0xBF, 0x87, 0x40, 0x1F, 0xFF, 0x00, 0x01, 0xFF, 0x80, 0x00, 0x2F, 0xF8, 0x00, 0x2D, 0xBF,
    0x00, 0x38, 0x1F, 0x00, 0x75, 0xFF, 0x00, 0xFF, 0xF4, 0x01, 0xFF, 0x40, 0x1F, 0xF4, 0x00, 0xBF, 0xC0, 0x00, 0xBB,
    0x80, 0x00, 0x0B, 0x00, 0x00, 0x0F, 0x00, 0x00, 0x0D, 0x00, 0x00, 0x2C, 0x00, 0x00, 0x00, 0x00, 0x3C, 0x00, 0x00,
    0x34, 0x00, 0x00, 0xBB, 0x00, 0x00, 0xFF, 0x00, 0x0B, 0xFD, 0x00, 0xBF, 0xD0, 0x0B, 0xFF, 0xC0, 0x7F, 0x83, 0x80,
    0xB8, 0x0B, 0x00, 0xBE, 0x0F, 0x00, 0x7F, 0xED, 0x00, 0x07, 0xFE, 0x00, 0x00, 0x7F, 0xE0, 0x00, 0x3B, 0xFE, 0x00,
    0xB0, 0x6F, 0x00, 0xF0, 0x02, 0x01, 0xD0, 0x00, 0x02, 0xC0, 0x00, 0x03, 0xC0, 0x00, 0xBF, 0xFF, 0xFF, 0xBF, 0xFF,
    0xFF, 0x0F, 0x00, 0x00, 0x1D, 0x00, 0x00, 0x2C, 0x00, 0x00, 0x00, 0x00, 0x3C, 0x00, 0x00, 0x34, 0xA0, 0x00, 0xB0,
    0xBE, 0x00, 0xF0, 0x7F, 0xE0, 0xD0, 0x07, 0xFF, 0xC0, 0x00, 0x6F, 0xE0, 0x00, 0x07, 0xFE, 0x00, 0x0B, 0x6F, 0x00,
    0x0F, 0x7F, 0x00, 0x0F, 0xFD, 0x00, 0x7F, 0xD0, 0x07, 0xFD, 0x00, 0x7F, 0xF4, 0x00, 0xBD, 0xB0, 0x00, 0x90, 0xF0,
    0x00, 0x01, 0xD0, 0x00, 0x02, 0xC0, 0x00, 0x03, 0xC0, 0x00, 0xBF, 0xFF, 0xFF, 0xBF, 0xFF, 0xFF, 0x0F, 0x00, 0x00,
    0x1D, 0x00, 0x00, 0x2C, 0x00, 0x00, 0x00, 0x00, 0x00, 0x40, 0x00, 0x00, 0x7C, 0x00, 0x00, 0x7F, 0xC0, 0x00, 0x7F,
    0xE0, 0x00, 0x7F, 0xE0, 0x00, 0x7F, 0xD0, 0x00, 0x2F, 0xD0, 0x00, 0x02, 0xE0, 0x00, 0x00, 0x2F, 0xD0, 0x00, 0x00,
    0xBF, 0xD0, 0x00, 0x00, 0xBF, 0xD0, 0x00, 0x00, 0xBF, 0xD0, 0x00, 0x00, 0xBF, 0xC0, 0x00, 0x00, 0xBC, 0x00, 0x00,
    0x00, 0x80, 0x00, 0x00, 0x00, 0x0B, 0xF4, 0x03, 0xD2, 0xFF, 0xF4, 0x3D, 0x3D, 0x1F, 0xFF, 0xC3, 0xC0, 0x1F, 0xE0,
    0x00, 0x00, 0x00, 0x2D, 0x00, 0x00, 0x0B, 0xF4, 0x00, 0x00, 0xBF, 0xD0, 0x00, 0x02, 0xFF, 0x40, 0x00, 0x0B, 0xFD,
    0x00, 0x00, 0x2F, 0xF0, 0x00, 0x00, 0xBC, 0x00, 0x00, 0x7F, 0x00, 0x01, 0xFF, 0x40, 0x0B, 0xFD, 0x00, 0x2F, 0xF4,
    0x00, 0x7F, 0xD0, 0x00, 0x2F, 0x40, 0x00, 0x09, 0x00, 0x00, 0x00, 0x00, 0x00, 0x00, 0x1F, 0xE0, 0x0F, 0x1F, 0xFF,
    0x4B, 0xCB, 0x83, 0xFF, 0xD2, 0xD0, 0x1F, 0xD0, 0x00, 0x00, 0x02, 0x40, 0x00, 0x00, 0xBC, 0x00, 0x00, 0x0F, 0x40,
    0x00, 0x03, 0xF0, 0x00, 0x01, 0xFC, 0x00, 0x06, 0xFF, 0x00, 0x7F, 0xFF, 0x40, 0x0B, 0xFE, 0x40, 0x00, 0xBF, 0xFF,
    0x40, 0x00, 0x1B, 0xFF, 0x00, 0x00, 0x02, 0xFC, 0x00, 0x00, 0x07, 0xF0, 0x00, 0x00, 0x1F, 0x40, 0x00, 0x00, 0xF8,
    0x00, 0x00, 0x07, 0xC0, 0x64, 0x00, 0x00, 0x2F, 0x00, 0x00, 0x07, 0xD0, 0x00, 0x00, 0xBD, 0x00, 0x00, 0x0F, 0xE0,
    0x00, 0x00, 0xFF, 0x90, 0x00, 0x06, 0xFF, 0xF8, 0x00, 0x0B, 0xFE, 0x00, 0x7F, 0xFF, 0x80, 0xBF, 0xE4, 0x00, 0xFF,
    0x40, 0x00, 0xBE, 0x00, 0x00, 0x3E, 0x00, 0x00, 0x1F, 0x00, 0x00, 0x0B, 0x80, 0x00, 0x00, 0x00, 0x00, 0x02, 0x40,
    0x00, 0x00, 0xBC, 0x00, 0x00, 0x0F, 0x40, 0x00, 0x03, 0xF0, 0x00, 0x01, 0xFD, 0x00, 0x01, 0xFF, 0x40, 0x7F, 0xFF,
    0x80, 0x0B, 0xFE, 0x40, 0x00, 0xBF, 0xFF, 0x40, 0x00, 0x1B, 0xFE, 0x00, 0x00, 0x02, 0xFC, 0x00, 0x00, 0x07, 0xE0,
    0x00, 0x00, 0x1F, 0x40, 0x00, 0x00, 0xF8, 0x00, 0x00, 0x0B, 0xC0, 0x00, 0x00, 0x00, 0x00, 0x00, 0x00, 0x00, 0x00,
    0x00, 0x00, 0xBF, 0xFF, 0xFF, 0xCB, 0xFF, 0xFF, 0xFC, 0x00, 0x7F, 0xFF, 0xFD, 0x03, 0xFF, 0xFF, 0xFD, 0x0F, 0xD4,
    0x00, 0x00, 0x2F, 0x00, 0x00, 0x00, 0x3E, 0x00, 0x00, 0x00, 0x3D, 0x00, 0x00, 0x00, 0x3D, 0x00, 0x00, 0x00, 0x3D,
    0x00, 0x00, 0x00, 0x3E, 0x00, 0x00, 0x00, 0x2F, 0x00, 0x00, 0x00, 0x0F, 0xD4, 0x00, 0x00, 0x03, 0xFF, 0xFF, 0xFD,
    0x00, 0x7F, 0xFF, 0xFD, 0x3F, 0xFF, 0xFE, 0x00, 0x3F, 0xFF, 0xFF, 0xD0, 0x00, 0x00, 0x07, 0xF0, 0x00, 0x00, 0x00,
    0xFC, 0x00, 0x00, 0x00, 0x7C, 0x00, 0x00, 0x00, 0x3C, 0x00, 0x00, 0x00, 0x3D, 0x00, 0x00, 0x00, 0x3C, 0x00, 0x00,
    0x00, 0x7C, 0x00, 0x00, 0x00, 0xFC, 0x00, 0x00, 0x07, 0xF0, 0x3F, 0xFF, 0xFF, 0xD0, 0x3F, 0xFF, 0xFE, 0x00, 0x00,
    0x00, 0x03, 0xC0, 0x00, 0x00, 0x07, 0x40, 0x00, 0x00, 0x0B, 0x00, 0x00, 0x00, 0x0E, 0x00, 0x00, 0x00, 0x1D, 0x00,
    0x00, 0x7F, 0xFF, 0xFD, 0x03, 0xFF, 0xFF, 0xFD, 0x0F, 0xE4, 0xB4, 0x00, 0x2F, 0x00, 0xB0, 0x00, 0x3E, 0x00, 0xE0,
    0x00, 0x3D, 0x01, 0xD0, 0x00, 0x3D, 0x02, 0xC0, 0x00, 0x3D, 0x03, 0x80, 0x00, 0x3E, 0x07, 0x40, 0x00, 0x2F, 0x0F,
    0x00, 0x00, 0x0F, 0xEE, 0x00, 0x00, 0x03, 0xFF, 0xFF, 0xFD, 0x00, 0x7F, 0xFF, 0xFD, 0x00, 0x34, 0x00, 0x00, 0x00,
    0xB0, 0x00, 0x00, 0x00, 0xF0, 0x00, 0x00, 0x01, 0xD0, 0x00, 0x00, 0x02, 0xC0, 0x00, 0x00, 0x00, 0x00, 0x03, 0xC0,
    0x00, 0x00, 0x07, 0x40, 0x00, 0x00, 0x0B, 0x00, 0x00, 0x00, 0x0F, 0x00, 0x00, 0x00, 0x1D, 0x00, 0x3F, 0xFF, 0xFE,
    0x00, 0x3F, 0xFF, 0xFF, 0xD0, 0x00, 0x00, 0x7B, 0xF4, 0x00, 0x00, 0xB0, 0xFC, 0x00, 0x00, 0xE0, 0x7C, 0x00, 0x01,
    0xD0, 0x3C, 0x00, 0x03, 0xC0, 0x3D, 0x00, 0x03, 0x80, 0x3C, 0x00, 0x07, 0x40, 0x7C, 0x00, 0x0F, 0x00, 0xFC, 0x00,
    0x0E, 0x07, 0xF0, 0x3F, 0xFF, 0xFF, 0xD0, 0x3F, 0xFF, 0xFE, 0x00, 0x00, 0x34, 0x00, 0x00, 0x00, 0xB0, 0x00, 0x00,
    0x00, 0xF0, 0x00, 0x00, 0x01, 0xD0, 0x00, 0x00, 0x02, 0xC0, 0x00, 0x00, 0x00, 0x00, 0x00, 0x00, 0x00, 0xBF, 0xFF,
    0xFD, 0x07, 0xFF, 0xFF, 0xFD, 0x1F, 0xD0, 0x00, 0x00, 0x2F, 0x00, 0x00, 0x00, 0x3E, 0x00, 0x00, 0x00, 0x3D, 0x00,
    0x00, 0x00, 0x3D, 0x00, 0x00, 0x00, 0x3E, 0x00, 0x00, 0x00, 0x2F, 0x00, 0x00, 0x00, 0x1F, 0xD0, 0x00, 0x00, 0x07,
    0xFF, 0xFF, 0xFD, 0x00, 0xBF, 0xFF, 0xFD, 0x00, 0x00, 0x00, 0x00, 0x00, 0x00, 0x00, 0x00, 0x00, 0x00, 0x00, 0x00,
    0x00, 0x00, 0x00, 0x00, 0x2F, 0xFF, 0xFF, 0xFD, 0x2F, 0xFF, 0xFF, 0xFD, 0x00, 0x00, 0x00, 0x00, 0x3F, 0xFF, 0xFF,
    0x40, 0x3F, 0xFF, 0xFF, 0xE0, 0x00, 0x00, 0x02, 0xF4, 0x00, 0x00, 0x00, 0xFC, 0x00, 0x00, 0x00, 0x7C, 0x00, 0x00,
    0x00, 0x3C, 0x00, 0x00, 0x00, 0x3C, 0x00, 0x00, 0x00, 0x7C, 0x00, 0x00, 0x00, 0xFC, 0x00, 0x00, 0x02, 0xF4, 0x3F,
    0xFF, 0xFF, 0xE0, 0x3F, 0xFF, 0xFF, 0x40, 0x00, 0x00, 0x00, 0x00, 0x00, 0x00, 0x00, 0x00, 0x00, 0x00, 0x00, 0x00,
    0x00, 0x00, 0x00, 0x00, 0x3F, 0xFF, 0xFF, 0xFC, 0x3F, 0xFF, 0xFF, 0xFC, 0x00, 0x00, 0x00, 0x50, 0x00, 0x00, 0x01,
    0xE0, 0x00, 0x00, 0x02, 0xD0, 0x00, 0x00, 0x03, 0xC0, 0x00, 0x00, 0x07, 0x80, 0x00, 0xBF, 0xFF, 0xFD, 0x07, 0xFF,
    0xFF, 0xFD, 0x1F, 0xD0, 0x1D, 0x00, 0x2F, 0x00, 0x3C, 0x00, 0x3E, 0x00, 0x38, 0x00, 0x3D, 0x00, 0xB4, 0x00, 0x3D,
    0x00, 0xF0, 0x00, 0x3E, 0x01, 0xE0, 0x00, 0x2F, 0x03, 0xC0, 0x00, 0x1F, 0xD3, 0x80, 0x00, 0x07, 0xFF, 0xFF, 0xFD,
    0x01, 0xBF, 0xFF, 0xFD, 0x00, 0x1E, 0x00, 0x00, 0x00, 0x2D, 0x00, 0x00, 0x00, 0x3C, 0x00, 0x00, 0x00, 0x78, 0x00,
    0x00, 0x2F, 0xFF, 0xFF, 0xFD, 0x2F, 0xFF, 0xFF, 0xFD, 0x01, 0xE0, 0x00, 0x00, 0x02, 0xC0, 0x00, 0x00, 0x03, 0xC0,
    0x00, 0x00, 0x00, 0x00, 0x00, 0x50, 0x00, 0x00, 0x01, 0xE0, 0x00, 0x00, 0x02, 0xD0, 0x00, 0x00, 0x03, 0xC0, 0x00,
    0x00, 0x07, 0x80, 0x3F, 0xFF, 0xFF, 0x40, 0x3F, 0xFF, 0xFF, 0xE0, 0x00, 0x00, 0x1F, 0xF4, 0x00, 0x00, 0x3C, 0xBC,
    0x00, 0x00, 0x38, 0x7C, 0x00, 0x00, 0xB4, 0x3C, 0x00, 0x00, 0xF0, 0x3C, 0x00, 0x01, 0xE0, 0x7C, 0x00, 0x03, 0xC0,
    0xFC, 0x00, 0x03, 0x82, 0xF4, 0x3F, 0xFF, 0xFF, 0xE0, 0x3F, 0xFF, 0xFF, 0x40, 0x00, 0x1E, 0x00, 0x00, 0x00, 0x2D,
    0x00, 0x00, 0x00, 0x3C, 0x00, 0x00, 0x00, 0x78, 0x00, 0x00, 0x3F, 0xFF, 0xFF, 0xFC, 0x3F, 0xFF, 0xFF, 0xFC, 0x01,
    0xE0, 0x00, 0x00, 0x02, 0xC0, 0x00, 0x00, 0x03, 0xC0, 0x00, 0x00, 0x20, 0x00, 0x00, 0x83, 0x00, 0x00, 0x0D, 0x30,
    0x00, 0x00, 0xD3, 0x00, 0x00, 0x0D, 0x30, 0x00, 0x00, 0xD3, 0x00, 0x00, 0x0D, 0x30, 0x00, 0x00, 0xD3, 0x00, 0x00,
    0x0D, 0x30, 0x00, 0x00, 0xD3, 0x00, 0x00, 0x0D, 0x30, 0x06, 0x00, 0xD3, 0x00, 0x60, 0x0D, 0x30, 0x06, 0x00, 0xD3,
    0x2F, 0xFF, 0xCD, 0x30, 0x06, 0x00, 0xD3, 0x40, 0x60, 0x0C, 0x38, 0x06, 0x01, 0xC1, 0xC0, 0x60, 0x38, 0x0B, 0x40,
    0x1F, 0x00, 0x1F, 0xFF, 0x80, 0x3F, 0xFF, 0xFF, 0xFD, 0x3F, 0xFF, 0xFF, 0xFD, 0x3E, 0x55, 0x55, 0x54, 0x3D, 0x00,
    0x00, 0x00, 0x3D, 0x00, 0x00, 0x00, 0x3D, 0x00, 0x00, 0x00, 0x3D, 0x00, 0x00, 0x00, 0x3D, 0x00, 0x00, 0x00, 0x3D,
    0x00, 0x00, 0x00, 0x3D, 0x00, 0x00, 0x00, 0x3E, 0x55, 0x55, 0x54, 0x3F, 0xFF, 0xFF, 0xFD, 0x3F, 0xFF, 0xFF, 0xFD,
    0x3F, 0xFF, 0xFF, 0xFD, 0x3F, 0xFF, 0xFF, 0xFD, 0x00, 0x00, 0x00, 0x7D, 0x00, 0x00, 0x00, 0x3D, 0x00, 0x00, 0x00,
    0x3D, 0x00, 0x00, 0x00, 0x3D, 0x00, 0x00, 0x00, 0x3D, 0x00, 0x00, 0x00, 0x3D, 0x00, 0x00, 0x00, 0x3D, 0x00, 0x00,
    0x00, 0x3D, 0x00, 0x00, 0x00, 0x7D, 0x3F, 0xFF, 0xFF, 0xFD, 0x3F, 0xFF, 0xFF, 0xFD, 0x00, 0x00, 0x00, 0x00, 0x3F,
    0xFF, 0xFF, 0xFD, 0x3F, 0xFF, 0xFF, 0xFD, 0x3D, 0x00, 0x00, 0x00, 0x3D, 0x00, 0x00, 0x00, 0x3D, 0x00, 0x00, 0x00,
    0x3D, 0x00, 0x00, 0x00, 0x3D, 0x00, 0x00, 0x00, 0x3D, 0x00, 0x00, 0x00, 0x3D, 0x00, 0x00, 0x00, 0x3D, 0x00, 0x00,
    0x00, 0x3F, 0xFF, 0xFF, 0xFD, 0x3F, 0xFF, 0xFF, 0xFD, 0x00, 0x00, 0x00, 0x00, 0x00, 0x00, 0x00, 0x00, 0x00, 0x00,
    0x00, 0x00, 0x00, 0x00, 0x00, 0x00, 0x3F, 0xFF, 0xFF, 0xFD, 0x3F, 0xFF, 0xFF, 0xFD, 0x00, 0x00, 0x00, 0x00, 0x3F,
    0xFF, 0xFF, 0xFD, 0x3F, 0xFF, 0xFF, 0xFD, 0x00, 0x00, 0x00, 0x3D, 0x00, 0x00, 0x00, 0x3D, 0x00, 0x00, 0x00, 0x3D,
    0x00, 0x00, 0x00, 0x3D, 0x00, 0x00, 0x00, 0x3D, 0x00, 0x00, 0x00, 0x3D, 0x00, 0x00, 0x00, 0x3D, 0x00, 0x00, 0x00,
    0x3D, 0x3F, 0xFF, 0xFF, 0xFD, 0x3F, 0xFF, 0xFF, 0xFD, 0x00, 0x00, 0x00, 0x00, 0x00, 0x00, 0x00, 0x00, 0x00, 0x00,
    0x00, 0x00, 0x00, 0x00, 0x00, 0x00, 0x3F, 0xFF, 0xFF, 0xFD, 0x3F, 0xFF, 0xFF, 0xFD, 0x00, 0x00, 0x00, 0x07, 0xFF,
    0xFF, 0xFE, 0x7F, 0xFF, 0xFF, 0xE7, 0xC0, 0x00, 0x3E, 0x7C, 0x00, 0x03, 0xE7, 0xC0, 0x00, 0x3E, 0x7C, 0x00, 0x03,
    0xE7, 0xC0, 0x00, 0x3E, 0x7C, 0x00, 0x03, 0xE7, 0xC0, 0x00, 0x3E, 0x7C, 0x00, 0x03, 0xE7, 0xC0, 0x00, 0x3E, 0x7C,
    0x00, 0x03, 0xE7, 0xC0, 0x00, 0x3E, 0x7C, 0x00, 0x03, 0xE0, 0x28, 0x00, 0x01, 0x97, 0xC0, 0x00, 0x3E, 0x7C, 0x00,
    0x03, 0xE7, 0xC0, 0x00, 0x3E, 0x7C, 0x00, 0x03, 0xE7, 0xC0, 0x00, 0x3E, 0x7C, 0x00, 0x03, 0xE7, 0xC0, 0x00, 0x3E,
    0x7C, 0x00, 0x03, 0xE7, 0xC0, 0x00, 0x3E, 0x7C, 0x00, 0x03, 0xE7, 0xC0, 0x00, 0x3E, 0x7D, 0x00, 0x03, 0xE7, 0xFF,
    0xFF, 0xFE, 0x7F, 0xFF, 0xFF, 0xE0, 0x00, 0x01, 0x54, 0x00, 0x00, 0x02, 0xFF, 0xFD, 0x00, 0x01, 0xF4, 0xF5, 0xF8,
    0x00, 0x78, 0x0F, 0x41, 0xE0, 0x0E, 0x00, 0xF4, 0x07, 0x42, 0xC0, 0x0F, 0x40, 0x3C, 0x38, 0x00, 0xF4, 0x01, 0xC3,
    0x40, 0x0F, 0x40, 0x0D, 0x3F, 0xFF, 0xFF, 0xFF, 0xD3, 0xFF, 0xFF, 0xFF, 0xFD, 0x34, 0x00, 0xF4, 0x00, 0xD3, 0x80,
    0x0F, 0x40, 0x1C, 0x2C, 0x00, 0xF4, 0x03, 0xC0, 0xE0, 0x0F, 0x40, 0x74, 0x07, 0x80, 0xF4, 0x1E, 0x00, 0x1F, 0x4F,
    0x5F, 0x80, 0x00, 0x2F, 0xFF, 0xD0, 0x00, 0x00, 0x15, 0x40, 0x00, 0x00, 0x0B, 0xFE, 0x40, 0x00, 0x0B, 0x90, 0x6F,
    0x00, 0x03, 0xC0, 0x00, 0x2C, 0x00, 0xF0, 0x00, 0x00, 0xB0, 0x1C, 0x00, 0x00, 0x03, 0x83, 0x80, 0x00, 0x00, 0x1C,
    0x34, 0x00, 0x00, 0x00, 0xD3, 0x03, 0xFF, 0xFD, 0x0D, 0x30, 0x3F, 0xFF, 0xD0, 0xD3, 0x40, 0x00, 0x00, 0x0D, 0x38,
    0x00, 0x00, 0x01, 0xC2, 0xC0, 0x00, 0x00, 0x38, 0x0E, 0x00, 0x00, 0x07, 0x00, 0x38, 0x00, 0x02, 0xD0, 0x00, 0xF4,
    0x01, 0xF4, 0x00, 0x01, 0xFF, 0xF8, 0x00, 0x00, 0x00, 0x00, 0x00, 0x00, 0x00, 0x0B, 0xFE, 0x40, 0x00, 0x0B, 0xFF,
    0xFF, 0x00, 0x03, 0xF4, 0x01, 0xBC, 0x00, 0xBC, 0x00, 0x03, 0xF0, 0x1F, 0xF0, 0x00, 0xFF, 0x83, 0xCB, 0xC0, 0x3E,
    0x2C, 0x34, 0x2F, 0x4F, 0x80, 0xC3, 0x00, 0x7F, 0xE0, 0x0D, 0x70, 0x02, 0xF8, 0x00, 0xD3, 0x00, 0x7F, 0xD0, 0x0D,
    0x34, 0x1F, 0x5F, 0x80, 0xC3, 0xC7, 0xD0, 0x3E, 0x2C, 0x1F, 0xF4, 0x00, 0xFB, 0x80, 0xBC, 0x00, 0x03, 0xF0, 0x03,
    0xF4, 0x01, 0xBC, 0x00, 0x0B, 0xFF, 0xFF, 0x00, 0x00, 0x0B, 0xFE, 0x40, 0x00, 0x00, 0x0B, 0xFE, 0x40, 0x00, 0x0B,
    0xFF, 0xFF, 0x00, 0x03, 0xF4, 0x01, 0xFC, 0x00, 0xB4, 0x00, 0x1E, 0xF0, 0x1E, 0x00, 0x03, 0xC7, 0x83, 0xC0, 0x00,
    0xF0, 0x2C, 0x34, 0x00, 0x2D, 0x00, 0xC3, 0x00, 0x07, 0x80, 0x0D, 0x70, 0x00, 0xF0, 0x00, 0xD3, 0x00, 0x2C, 0x00,
    0x0D, 0x34, 0x07, 0x40, 0x00, 0xC3, 0xC0, 0xF0, 0x00, 0x2C, 0x1D, 0x3C, 0x00, 0x07, 0x80, 0xBF, 0x40, 0x01, 0xF0,
    0x03, 0xF4, 0x01, 0xBC, 0x00, 0x0B, 0xFF, 0xFF, 0x00, 0x00, 0x0B, 0xFE, 0x40, 0x00, 0x00, 0x0B, 0xFE, 0x40, 0x00,
    0x0B, 0x90, 0x6F, 0x00, 0x03, 0xC0, 0x00, 0x2C, 0x00, 0xF0, 0x00, 0x00, 0xB0, 0x1C, 0x00, 0x00, 0x03, 0x83, 0x80,
    0x00, 0x00, 0x1C, 0x34, 0x00, 0xF0, 0x00, 0xD3, 0x00, 0x1F, 0x80, 0x0D, 0x30, 0x00, 0xF0, 0x00, 0xD3, 0x40, 0x00,
    0x00, 0x0D, 0x38, 0x00, 0x00, 0x01, 0xC2, 0xC0, 0x00, 0x00, 0x38, 0x0E, 0x00, 0x00, 0x07, 0x00, 0x38, 0x00, 0x02,
    0xD0, 0x00, 0xF4, 0x01, 0xF4, 0x00, 0x01, 0xFF, 0xF8, 0x00, 0x00, 0x00, 0x00, 0x00, 0x00, 0x00, 0x01, 0x54, 0x00,
    0x00, 0x02, 0xFF, 0xFD, 0x00, 0x01, 0xF4, 0xF5, 0xF8, 0x00, 0x78, 0x0F, 0x01, 0xE0, 0x0E, 0x00, 0xF0, 0x07, 0x42,
    0xE4, 0x0F, 0x00, 0xBC, 0x3F, 0xF8, 0xF1, 0xFF, 0xC3, 0x6F, 0xFF, 0xFF, 0x9D, 0x30, 0x1B, 0xFE, 0x40, 0xD3, 0x00,
    0x3F, 0xC0, 0x0D, 0x34, 0x0F, 0x9F, 0x00, 0xD3, 0xC2, 0xF0, 0xFC, 0x2C, 0x1D, 0x7D, 0x03, 0xE7, 0x80, 0xFF, 0x80,
    0x1F, 0xF0, 0x03, 0xF4, 0x01, 0xFC, 0x00, 0x0B, 0xFF, 0xFF, 0x00, 0x00, 0x1B, 0xFE, 0x40, 0x00, 0x00, 0x0B, 0xFE,
    0x40, 0x00, 0x0B, 0xFF, 0xFF, 0x00, 0x03, 0xF4, 0x01, 0xBC, 0x00, 0xB4, 0x00, 0x01, 0xF0, 0x1D, 0x00, 0x00, 0x07,
    0x83, 0xFF, 0xFF, 0xFF, 0xFC, 0x3F, 0xFF, 0xFF, 0xFF, 0xC3, 0x00, 0x00, 0x00, 0x0D, 0x70, 0x00, 0x00, 0x00, 0xD3,
    0x00, 0x00, 0x00, 0x0D, 0x3F, 0xFF, 0xFF, 0xFF, 0xC3, 0xFF, 0xFF, 0xFF, 0xFC, 0x1D, 0x00, 0x00, 0x03, 0x80, 0xB4,
    0x00, 0x01, 0xF0, 0x03, 0xE4, 0x01, 0xBC, 0x00, 0x0B, 0xFF, 0xFF, 0x00, 0x00, 0x0B, 0xFE, 0x40, 0x00, 0x00, 0x0B,
    0xFE, 0x40, 0x00, 0x0B, 0xFF, 0xFF, 0x00, 0x03, 0xF4, 0x01, 0xFC, 0x00, 0xB8, 0x00, 0x01, 0xF0, 0x1E, 0x00, 0x00,
    0x07, 0x83, 0xC0, 0x00, 0x00, 0x3C, 0x38, 0x00, 0x00, 0x01, 0xC3, 0x40, 0x00, 0x00, 0x0D, 0x7F, 0xFF, 0xFF, 0xFF,
    0xD3, 0xFF, 0xFF, 0xFF, 0xFD, 0x34, 0x00, 0x00, 0x00, 0xC3, 0x80, 0x00, 0x00, 0x2C, 0x1D, 0x00, 0x00, 0x03, 0x80,
    0xB4, 0x00, 0x00, 0xF0, 0x03, 0xF4, 0x01, 0xBC, 0x00, 0x0B, 0xFF, 0xFF, 0x00, 0x00, 0x0B, 0xFE, 0x40, 0x00, 0xFF,
    0xFF, 0xFF, 0xFF, 0x3F, 0x40, 0x00, 0x1F, 0xCF, 0xF4, 0x00, 0x1F, 0xB3, 0x6F, 0x40, 0x1F, 0x8C, 0xD2, 0xF4, 0x1F,
    0x83, 0x34, 0x2F, 0x5F, 0x80, 0xCD, 0x02, 0xFF, 0x80, 0x33, 0x40, 0x2F, 0xC0, 0x0C, 0xD0, 0x0F, 0xF0, 0x03, 0x34,
    0x0F, 0xFF, 0x00, 0xCD, 0x0F, 0xC3, 0xF0, 0x33, 0x4F, 0xC0, 0x3F, 0x0C, 0xDB, 0xC0, 0x03, 0xF3, 0x3F, 0xC0, 0x00,
    0x3F, 0xCF, 0xC0, 0x00, 0x03, 0xF3, 0xFF, 0xFF, 0xFF, 0xFC, 0xFF, 0xFF, 0xFF, 0xFF, 0x34, 0x00, 0x00, 0x01, 0xCD,
    0x00, 0x00, 0x00, 0x33, 0x40, 0x00, 0x00, 0x0C, 0xD0, 0x00, 0x00, 0x03, 0x34, 0x00, 0x00, 0x00, 0xCD, 0x00, 0x00,
    0x00, 0x33, 0x43, 0xFF, 0xFD, 0x0C, 0xD0, 0xFF, 0xFF, 0x43, 0x34, 0x00, 0x00, 0x00, 0xCD, 0x00, 0x00, 0x00, 0x33,
    0x40, 0x00, 0x00, 0x0C, 0xD0, 0x00, 0x00, 0x03, 0x34, 0x00, 0x00, 0x00, 0xCD, 0x00, 0x00, 0x00, 0x33, 0xFF, 0xFF,
    0xFF, 0xFC, 0x00, 0x00, 0x00, 0x00, 0x00, 0xFF, 0xFF, 0xFF, 0xFF, 0x34, 0x00, 0xF4, 0x01, 0xCD, 0x00, 0x3D, 0x00,
    0x33, 0x40, 0x0F, 0x40, 0x0C, 0xD0, 0x03, 0xD0, 0x03, 0x34, 0x00, 0xF4, 0x00, 0xCD, 0x00, 0x3D, 0x00, 0x33, 0xFF,
    0xFF, 0xFF, 0xFC, 0xFF, 0xFF, 0xFF, 0xFF, 0x34, 0x00, 0xF4, 0x01, 0xCD, 0x00, 0x3D, 0x00, 0x33, 0x40, 0x0F, 0x40,
    0x0C, 0xD0, 0x03, 0xD0, 0x03, 0x34, 0x00, 0xF4, 0x00, 0xCD, 0x00, 0x3D, 0x00, 0x33, 0xFF, 0xFF, 0xFF, 0xFC, 0x00,
    0x00, 0x00, 0x00, 0x00, 0xFF, 0xFF, 0xFF, 0xFF, 0x34, 0x00, 0x00, 0x01, 0xCD, 0x00, 0x00, 0x00, 0x33, 0x40, 0x00,
    0x00, 0x0C, 0xD0, 0x00, 0x00, 0x03, 0x34, 0x00, 0x00, 0x00, 0xCD, 0x00, 0x00, 0x00, 0x33, 0x40, 0x0F, 0x00, 0x0C,
    0xD0, 0x07, 0xE0, 0x03, 0x34, 0x00, 0xF0, 0x00, 0xCD, 0x00, 0x00, 0x00, 0x33, 0x40, 0x00, 0x00, 0x0C, 0xD0, 0x00,
    0x00, 0x03, 0x34, 0x00, 0x00, 0x00, 0xCD, 0x00, 0x00, 0x00, 0x33, 0xFF, 0xFF, 0xFF, 0xFC, 0x00, 0x00, 0x00, 0x00,
    0x00, 0xF4, 0x00, 0x00, 0x00, 0x3D, 0x00, 0x00, 0x00, 0x0F, 0x40, 0x00, 0x00, 0x03, 0xD0, 0x00, 0x00, 0x00, 0xF4,
    0x00, 0x00, 0x00, 0x3D, 0x00, 0x00, 0x00, 0x0F, 0x80, 0x00, 0x00, 0x03, 0xFF, 0xFF, 0xFF, 0xFC, 0xFF, 0xFF, 0xFF,
    0xFF, 0x3D, 0x00, 0x00, 0x00, 0x0F, 0x40, 0x00, 0x00, 0x03, 0xD0, 0x00, 0x00, 0x00, 0xF4, 0x00, 0x00, 0x00, 0x3D,
    0x00, 0x00, 0x00, 0x0F, 0x40, 0x00, 0x00, 0x03, 0xD0, 0x00, 0x00, 0x00, 0x00, 0x00, 0x00, 0x0F, 0x00, 0x00, 0x00,
    0x03, 0xC0, 0x00, 0x00, 0x00, 0xF0, 0x00, 0x00, 0x00, 0x3C, 0x00, 0x00, 0x00, 0x0F, 0x00, 0x00, 0x00, 0x03, 0xC0,
    0x00, 0x00, 0x01, 0xF3, 0xFF, 0xFF, 0xFF, 0xFC, 0xFF, 0xFF, 0xFF, 0xFF, 0x00, 0x00, 0x00, 0x03, 0xC0, 0x00, 0x00,
    0x00, 0xF0, 0x00, 0x00, 0x00, 0x3C, 0x00, 0x00, 0x00, 0x0F, 0x00, 0x00, 0x00, 0x03, 0xC0, 0x00, 0x00, 0x00, 0xF0,
    0x00, 0x00, 0x00, 0x3C, 0x00, 0x00, 0x00, 0x00, 0x3F, 0xFF, 0xFF, 0xFF, 0xCF, 0xFF, 0xFF, 0xFF, 0xF0, 0x00, 0x0F,
    0x40, 0x00, 0x00, 0x03, 0xD0, 0x00, 0x00, 0x00, 0xF4, 0x00, 0x00, 0x00, 0x3D, 0x00, 0x00, 0x00, 0x0F, 0x40, 0x00,
    0x00, 0x03, 0xD0, 0x00, 0x00, 0x00, 0xF4, 0x00, 0x00, 0x00, 0x3D, 0x00, 0x00, 0x00, 0x0F, 0x40, 0x00, 0x00, 0x03,
    0xD0, 0x00, 0x00, 0x00, 0xF4, 0x00, 0x00, 0x00, 0x3D, 0x00, 0x00, 0x00, 0x0F, 0x40, 0x00, 0x00, 0x03, 0xD0, 0x00,
    0x00, 0x00, 0x03, 0xD0, 0x00, 0x00, 0x00, 0xF4, 0x00, 0x00, 0x00, 0x3D, 0x00, 0x00, 0x00, 0x0F, 0x40, 0x00, 0x00,
    0x03, 0xD0, 0x00, 0x00, 0x00, 0xF4, 0x00, 0x00, 0x00, 0x3D, 0x00, 0x00, 0x00, 0x0F, 0x40, 0x00, 0x00, 0x03, 0xD0,
    0x00, 0x00, 0x00, 0xF4, 0x00, 0x00, 0x00, 0x3D, 0x00, 0x00, 0x00, 0x0F, 0x40, 0x00, 0x00, 0x03, 0xD0, 0x00, 0x00,
    0x00, 0xF4, 0x00, 0x0F, 0xFF, 0xFF, 0xFF, 0xF3, 0xFF, 0xFF, 0xFF, 0xFC, 0x00, 0x00, 0x00, 0x00, 0x00, 0x0B, 0x00,
    0x00, 0xBF, 0x00, 0x0B, 0xFF, 0x00, 0xBF, 0x9F, 0x0B, 0xF8, 0x0F, 0xBF, 0x80, 0x0F, 0xB8, 0x00, 0x0F, 0xBE, 0x00,
    0x0F, 0x2F, 0xE0, 0x0F, 0x02, 0xFF, 0x4F, 0x00, 0x2F, 0xFF, 0x00, 0x02, 0xFF, 0x00, 0x00, 0x2F, 0x00, 0x00, 0x02,
    0x00, 0x00, 0x00, 0x00, 0x00, 0x00, 0x00, 0x00, 0x00, 0xBF, 0xFF, 0xFF, 0xBF, 0xFF, 0xFF, 0x00, 0x00, 0x00, 0xF8,
    0x00, 0x00, 0x03, 0x4A, 0x7F, 0xFF, 0xFF, 0x03, 0x00, 0x00, 0x03, 0x4A, 0x00, 0x00, 0x01, 0xF8, 0x3D, 0x00, 0x03,
    0xD3, 0xE0, 0x00, 0x7C, 0x1F, 0x00, 0x0F, 0x80, 0xF4, 0x00, 0xF4, 0x0F, 0xC0, 0x1F, 0x00, 0x7C, 0x03, 0xE0, 0x03,
    0xD0, 0x3D, 0x00, 0x2F, 0x0B, 0xC0, 0x01, 0xF0, 0xF8, 0x00, 0x0F, 0x8F, 0x00, 0x00, 0xBE, 0xF0, 0x00, 0x07, 0xFD,
    0x00, 0x00, 0x3F, 0xC0, 0x00, 0x01, 0xA4, 0x00, 0x00, 0x00, 0x00, 0x00, 0x00, 0x00, 0x00, 0x00, 0x00, 0x00, 0x02,
    0xFF, 0xFF, 0xFC, 0x2F, 0xFF, 0xFF, 0xC0, 0x00, 0x00, 0x00, 0x0F, 0xFF, 0xFF, 0xFF, 0xFF, 0xFF, 0xFF, 0xF0, 0x00,
    0x00, 0x00, 0x00, 0x00, 0x00, 0x00, 0x01, 0x54, 0x00, 0x00, 0x3F, 0xC0, 0x00, 0x03, 0xFD, 0x00, 0x00, 0xBE, 0xF0,
    0x00, 0x0F, 0x5F, 0x00, 0x01, 0xF0, 0xF8, 0x00, 0x2F, 0x0B, 0xC0, 0x03, 0xD0, 0x7C, 0x00, 0x7C, 0x03, 0xE0, 0x0F,
    0x80, 0x2F, 0x00, 0xF4, 0x00, 0xF4, 0x1F, 0x00, 0x0F, 0x83, 0xE0, 0x00, 0x7C, 0x3D, 0x00, 0x03, 0xD0, 0x00, 0x00,
    0x00, 0x0F, 0xFF, 0xFF, 0xFF, 0xFF, 0xFF, 0xFF, 0xF0, 0x00, 0x00, 0x00, 0x00, 0x00, 0x00, 0x01, 0x40, 0x00, 0x14,
    0x3D, 0x00, 0x03, 0xD2, 0xF0, 0x00, 0xBC, 0x1F, 0x00, 0x0F, 0x80, 0xF8, 0x01, 0xF0, 0x0B, 0xC0, 0x2F, 0x00, 0x3D,
    0x03, 0xD0, 0x03, 0xE0, 0x7C, 0x00, 0x2F, 0x0B, 0x80, 0x00, 0xF4, 0xF4, 0x00, 0x0F, 0x9F, 0x00, 0x00, 0x7E, 0xE0,
    0x00, 0x03, 0xFD, 0x00, 0x00, 0x2F, 0xC0, 0x00, 0x00, 0x00, 0x00, 0x00, 0x0B, 0xFF, 0xF4, 0x01, 0xFF, 0xFF, 0xF8,
    0x0F, 0xD0, 0x07, 0xF4, 0xBC, 0x00, 0x03, 0xE2, 0xF0, 0x00, 0x0B, 0xCF, 0x80, 0x00, 0x1F, 0x3E, 0x00, 0x00, 0x7C,
    0xF8, 0x00, 0x01, 0xF3, 0xE0, 0x00, 0x07, 0xCF, 0x80, 0x00, 0x1F, 0x3E, 0x00, 0x00, 0x7C, 0xF8, 0x00, 0x01, 0xF3,
    0xE0, 0x00, 0x07, 0xCF, 0x80, 0x00, 0x1F, 0x3E, 0x00, 0x00, 0x7C, 0xF8, 0x00, 0x01, 0xF3, 0xE0, 0x00, 0x07, 0xCF,
    0x80, 0x00, 0x1F, 0x3E, 0x00, 0x00, 0x7C, 0x54, 0x00, 0x00, 0x50, 0x64, 0x00, 0x00, 0xA3, 0xE0, 0x00, 0x07, 0xCF,
    0x80, 0x00, 0x1F, 0x3E, 0x00, 0x00, 0x7C, 0xF8, 0x00, 0x01, 0xF3, 0xE0, 0x00, 0x07, 0xCF, 0x80, 0x00, 0x1F, 0x3E,
    0x00, 0x00, 0x7C, 0xF8, 0x00, 0x01, 0xF3, 0xE0, 0x00, 0x07, 0xCF, 0x80, 0x00, 0x1F, 0x3E, 0x00, 0x00, 0x7C, 0xF8,
    0x00, 0x01, 0xF3, 0xE0, 0x00, 0x07, 0xCF, 0x80, 0x00, 0x1F, 0x2F, 0x00, 0x00, 0xBC, 0x7D, 0x00, 0x03, 0xE0, 0xFE,
    0x41, 0x7F, 0x01, 0xFF, 0xFF, 0xF4, 0x00, 0xBF, 0xFE, 0x00, 0x00, 0x40, 0x03, 0xD0, 0x0D, 0x34, 0x34, 0x0D, 0x74,
    0x0D, 0x1D, 0x34, 0x07, 0xD0, 0x01, 0x40, 0x00, 0x00, 0x00, 0x40, 0x02, 0x80, 0x1F, 0xF8, 0x07, 0xD0, 0x07, 0xA0,
    0x04, 0x10, 0x00, 0x00, 0x00, 0x00, 0x00, 0x00, 0x20, 0x00, 0x00, 0x00, 0x4E, 0x00, 0x00, 0x00, 0x73, 0xE0, 0x00,
    0x00, 0xBC, 0xEF, 0x00, 0x00, 0xB7, 0x34, 0xF0, 0x00, 0xB4, 0xCD, 0x0F, 0x00, 0xF0, 0x33, 0x40, 0xF0, 0xF0, 0x0C,
    0xD0, 0x0B, 0xF0, 0x03, 0x34, 0x00, 0xF4, 0x00, 0xCD, 0x01, 0xEB, 0x40, 0x33, 0x41, 0xE0, 0xB8, 0x0C, 0xD1, 0xE0,
    0x07, 0x83, 0x35, 0xE0, 0x00, 0x78, 0xCF, 0xD0, 0x00, 0x07, 0xF3, 0xD0, 0x00, 0x00, 0x3C, 0xD0, 0x00, 0x00, 0x03,
    0x00, 0x00, 0x00, 0x00, 0x00, 0x00, 0x00, 0x00, 0x00, 0x20, 0x00, 0x00, 0x00, 0x0E, 0x00, 0x00, 0x00, 0x73, 0xE0,
    0x00, 0x00, 0xB4, 0xEF, 0x00, 0x00, 0xB4, 0x34, 0xF0, 0x00, 0xB4, 0x0D, 0x0F, 0x00, 0xF0, 0x03, 0x40, 0xF0, 0xF0,
    0x00, 0xD0, 0x0B, 0xF0, 0x00, 0x34, 0x00, 0xF4, 0x00, 0x0D, 0x01, 0xEB, 0x40, 0x03, 0x41, 0xE0, 0xB4, 0x00, 0xD1,
    0xE0, 0x07, 0x80, 0x35, 0xE0, 0x00, 0x78, 0x0F, 0xD0, 0x00, 0x07, 0x83, 0xD0, 0x00, 0x00, 0x7C, 0xD0, 0x00, 0x00,
    0x02, 0x00, 0x00, 0x00, 0x00, 0x00, 0x00, 0x00, 0x00, 0x00, 0x00, 0x00, 0x00, 0x00, 0x4A, 0x00, 0x00, 0x00, 0x71,
    0xE0, 0x00, 0x00, 0xBC, 0x0F, 0x00, 0x00, 0xB7, 0x00, 0xF0, 0x00, 0xB4, 0xC0, 0x0F, 0x00, 0xF0, 0x30, 0x00, 0xF0,
    0xF0, 0x0C, 0x00, 0x0B, 0xF0, 0x03, 0x00, 0x00, 0xF4, 0x00, 0xC0, 0x01, 0xEB, 0x40, 0x30, 0x01, 0xE0, 0xB8, 0x0C,
    0x01, 0xE0, 0x07, 0x83, 0x01, 0xD0, 0x00, 0x78, 0xC2, 0xD0, 0x00, 0x07, 0xF2, 0xD0, 0x00, 0x00, 0x3C, 0x40, 0x00,
    0x00, 0x03, 0x00, 0x00, 0x00, 0x00, 0x00, 0x38, 0x00, 0x00, 0x19, 0x7F, 0x40, 0x01, 0xFD, 0x2F, 0xE0, 0x07, 0xF8,
    0x02, 0xF4, 0x0F, 0xC0, 0x00, 0xFC, 0x3F, 0x00, 0x00, 0x3D, 0x3C, 0x00, 0x00, 0x2E, 0xB8, 0x00, 0x00, 0x0F, 0xF0,
    0x00, 0x00, 0x0F, 0xF0, 0x00, 0x00, 0x0B, 0xE0, 0x00, 0x00, 0x07, 0xE0, 0x00, 0x00, 0x07, 0xD0, 0x00, 0x00, 0x07,
    0xD0, 0x00, 0x00, 0x07, 0xD0, 0x00, 0x00, 0x07, 0xD0, 0x00, 0x00, 0x2F, 0xFF, 0xFC, 0x02, 0xFF, 0xFF, 0xFD, 0x0B,
    0xD0, 0x00, 0x00, 0x1F, 0x00, 0x00, 0x00, 0x2E, 0x02, 0xFF, 0xFC, 0x3C, 0x0F, 0xFF, 0xFD, 0x3C, 0x1F, 0x00, 0x00,
    0x3C, 0x2E, 0x00, 0x00, 0x3C, 0x2E, 0x00, 0x00, 0x3C, 0x1F, 0x00, 0x00, 0x3C, 0x0F, 0xFF, 0xFD, 0x3D, 0x02, 0xFF,
    0xFC, 0x1F, 0x00, 0x00, 0x00, 0x0F, 0xD0, 0x00, 0x00, 0x03, 0xFF, 0xFF, 0xFC, 0x00, 0x6F, 0xFF, 0xFD, 0x00, 0x00,
    0x00, 0x50, 0x00, 0x00, 0x01, 0xE0, 0x00, 0x00, 0x02, 0xC0, 0x00, 0x00, 0x03, 0xC0, 0x00, 0x00, 0x07, 0x80, 0x3F,
    0xFF, 0xFF, 0xFD, 0x3F, 0xFF, 0xFF, 0xFD, 0x3D, 0x00, 0x1D, 0x00, 0x3D, 0x00, 0x3C, 0x00, 0x3D, 0x00, 0x38, 0x00,
    0x3D, 0x00, 0xB4, 0x00, 0x3D, 0x00, 0xF0, 0x00, 0x3D, 0x01, 0xD0, 0x00, 0x3D, 0x03, 0xC0, 0x00, 0x3D, 0x03, 0x80,
    0x00, 0x3F, 0xFF, 0xFF, 0xFD, 0x3F, 0xFF, 0xFF, 0xFD, 0x00, 0x1E, 0x00, 0x00, 0x00, 0x2D, 0x00, 0x00, 0x00, 0x3C,
    0x00, 0x00, 0x00, 0x78, 0x00, 0x00, 0x3F, 0xFF, 0xFF, 0xFD, 0x3F, 0xFF, 0xFF, 0xFD, 0x01, 0xE0, 0x00, 0x00, 0x02,
    0xC0, 0x00, 0x00, 0x03, 0xC0, 0x00, 0x00, 0x3D, 0x2F, 0xCB, 0xF0, 0xF4, 0x00, 0x00, 0x00, 0x00, 0xF4, 0xBF, 0x2F,
    0xC3, 0xD0, 0x00, 0x00, 0x0F, 0x4B, 0xF2, 0xFC, 0x3D, 0x00, 0x2F, 0x00, 0xF4, 0x0B, 0x83, 0xF4, 0x2F, 0xC1, 0xFD,
    0x3F, 0x42, 0xFC, 0x1F, 0xD2, 0xF0, 0x0F, 0x40, 0xB8, 0x00, 0x00, 0x00, 0x0B, 0x80, 0x00, 0x00, 0x01, 0xFD, 0x00,
    0x00, 0x00, 0x1F, 0xD0, 0x00, 0x00, 0x00, 0xB8, 0x00, 0x00, 0x00, 0x00, 0x00, 0x00, 0x00, 0x00, 0x00, 0x00, 0x00,
    0x00, 0x00, 0x00, 0x00, 0x0F, 0x40, 0x00, 0x00, 0x02, 0xFC, 0x00, 0x00, 0x00, 0x2F, 0xC0, 0x00, 0x00, 0x00, 0xF4,
    0x00, 0x00, 0x00, 0x00, 0x00, 0x00, 0x00, 0x00, 0x00, 0x00, 0x02, 0xF0, 0x00, 0x00, 0x00, 0x3F, 0x40, 0x00, 0x00,
    0x03, 0xF4, 0x00, 0x00, 0x00, 0x2F, 0x00, 0x00, 0x00, 0x00, 0x2F, 0x00, 0x00, 0x00, 0x03, 0xF4, 0x00, 0x00, 0x00,
    0x3F, 0x40, 0x00, 0x00, 0x02, 0xF0, 0x00, 0x00, 0x00, 0x00, 0x00, 0x00, 0x00, 0x00, 0x00, 0x00, 0x00, 0x00, 0x00,
    0x00, 0x00, 0x00, 0x00, 0x00, 0x0F, 0x40, 0x00, 0x00, 0x02, 0xFC, 0x00, 0x00, 0x00, 0x2F, 0xC0, 0x00, 0x00, 0x00,
    0xF4, 0x00, 0x00, 0x00, 0x00, 0x00, 0x00, 0x00, 0x00, 0x00, 0x00, 0x00, 0x00, 0x00, 0x00, 0xB8, 0x00, 0x00, 0x00,
    0x1F, 0xD0, 0x00, 0x00, 0x01, 0xFD, 0x00, 0x00, 0x00, 0x0B, 0x80, 0x00, 0x00, 0xF4, 0x00, 0x00, 0x00, 0x3F, 0xD0,
    0x00, 0x00, 0x0F, 0xFF, 0x00, 0x00, 0x02, 0xFF, 0xFC, 0x00, 0x00, 0xBF, 0xFF, 0xE0, 0x00, 0x1F, 0xD0, 0x7F, 0x80,
    0x03, 0xFD, 0x01, 0xFD, 0x00, 0xFF, 0xFF, 0x4F, 0xF0, 0x2F, 0xFF, 0xF8, 0xFF, 0xC3, 0xFF, 0xFF, 0x5F, 0xFD, 0x3F,
    0xFF, 0x07, 0xFF, 0xD3, 0xFF, 0xF1, 0xFF, 0xFC, 0x0F, 0xFF, 0xFF, 0xFF, 0x40, 0x7F, 0xF1, 0xFF, 0xD0, 0x01, 0xFF,
    0x0F, 0xF8, 0x00, 0x0B, 0xFB, 0xFF, 0x00, 0x00, 0x2F, 0xFF, 0xC0, 0x00, 0x00, 0xFF, 0xF0, 0x00, 0x00, 0x03, 0xFD,
    0x00, 0x00, 0x00, 0x0F, 0x40, 0x00
};

static const EpdGlyph PROGMEM jetbrains_mono_13_2bGlyphs[] = {
    {0, 0, 16, 0, 0, 0, 0},  // U+000D
    {0, 0, 16, 0, 0, 0, 0},  //  
    {5, 20, 16, 6, 20, 25, 0},  // !
    {10, 8, 16, 3, 20, 20, 25},  // "
    {16, 20, 16, 0, 20, 80, 45},  // #
    {14, 27, 16, 1, 23, 95, 125},  // $
    {16, 20, 16, 0, 20, 80, 220},  // %
    {17, 20, 16, 0, 20, 85, 300},  // &
    {4, 8, 16, 6, 20, 8, 385},  // '
    {9, 27, 16, 5, 23, 61, 393},  // (
    {9, 27, 16, 3, 23, 61, 454},  // )
    {16, 14, 16, 0, 17, 56, 515},  // *
    {14, 13, 16, 1, 15, 46, 571},  // +
    {6, 8, 16, 5, 4, 12, 617},  // ,
    {10, 3, 16, 3, 11, 8, 629},  // -
    {6, 4, 16, 5, 4, 6, 637},  // .
    {13, 25, 16, 2, 22, 82, 643},  // /
    {13, 20, 16, 2, 20, 65, 725},  // 0
    {13, 20, 16, 2, 20, 65, 790},  // 1
    {13, 20, 16, 2, 20, 65, 855},  // 2
    {13, 20, 16, 1, 20, 65, 920},  // 3
    {13, 20, 16, 1, 20, 65, 985},  // 4
    {12, 20, 16, 2, 20, 60, 1050},  // 5
    {14, 20, 16, 1, 20, 70, 1110},  // 6
    {13, 20, 16, 2, 20, 65, 1180},  // 7
    {14, 20, 16, 1, 20, 70, 1245},  // 8
    {14, 20, 16, 1, 20, 70, 1315},  // 9
    {6, 15, 16, 5, 15, 23, 1385},  // :
    {6, 19, 16, 5, 15, 29, 1408},  // ;
    {12, 16, 16, 2, 17, 48, 1437},  // <
    {12, 9, 16, 2, 14, 27, 1485},  // =
    {12, 16, 16, 2, 17, 48, 1512},  // >
    {11, 20, 16, 3, 20, 55, 1560},  // ?
    {15, 25, 16, 1, 20, 94, 1615},  // @
    {14, 20, 16, 1, 20, 70, 1709},  // A
    {13, 20, 16, 2, 20, 65, 1779},  // B
    {13, 20, 16, 2, 20, 65, 1844},  // C
    {12, 20, 16, 2, 20, 60, 1909},  // D
    {13, 20, 16, 2, 20, 65, 1969},  // E
    {13, 20, 16, 2, 20, 65, 2034},  // F
    {12, 20, 16, 2, 20, 60, 2099},  // G
    {12, 20, 16, 2, 20, 60, 2159},  // H
    {12, 20, 16, 2, 20, 60, 2219},  // I
    {13, 20, 16, 1, 20, 65, 2279},  // J
    {14, 20, 16, 2, 20, 70, 2344},  // K
    {12, 20, 16, 3, 20, 60, 2414},  // L
    {14, 20, 16, 1, 20, 70, 2474},  // M
    {12, 20, 16, 2, 20, 60, 2544},  // N
    {12, 20, 16, 2, 20, 60, 2604},  // O
    {13, 20, 16, 2, 20, 65, 2664},  // P
    {13, 25, 16, 2, 20, 82, 2729},  // Q
    {13, 20, 16, 2, 20, 65, 2811},  // R
    {14, 20, 16, 1, 20, 70, 2876},  // S
    {14, 20, 16, 1, 20, 70, 2946},  // T
    {12, 20, 16, 2, 20, 60, 3016},  // U
    {14, 20, 16, 1, 20, 70, 3076},  // V
    {16, 20, 16, 0, 20, 80, 3146},  // W
    {15, 20, 16, 1, 20, 75, 3226},  // X
    {16, 20, 16, 0, 20, 80, 3301},  // Y
    {12, 20, 16, 2, 20, 60, 3381},  // Z
    {8, 26, 16, 5, 23, 52, 3441},  // [
    {13, 25, 16, 2, 22, 82, 3493},  // \
    {7, 26, 16, 4, 23, 46, 3575},  // ]
    {13, 11, 16, 2, 20, 36, 3621},  // ^
    {14, 3, 16, 1, 0, 11, 3657},  // _
    {7, 4, 16, 4, 21, 7, 3668},  // `
    {13, 15, 16, 1, 15, 49, 3675},  // a
    {12, 20, 16, 2, 20, 60, 3724},  // b
    {13, 15, 16, 2, 15, 49, 3784},  // c
    {12, 20, 16, 2, 20, 60, 3833},  // d
    {12, 15, 16, 2, 15, 45, 3893},  // e
    {14, 20, 16, 1, 20, 70, 3938},  // f
    {12, 20, 16, 2, 15, 60, 4008},  // g
    {12, 20, 16, 2, 20, 60, 4068},  // h
    {13, 20, 16, 2, 20, 65, 4128},  // i
    {11, 25, 16, 2, 20, 69, 4193},  // j
    {14, 20, 16, 2, 20, 70, 4262},  // k
    {15, 20, 16, 0, 20, 75, 4332},  // l
    {14, 15, 16, 1, 15, 53, 4407},  // m
    {12, 15, 16, 2, 15, 45, 4460},  // n
    {12, 15, 16, 2, 15, 45, 4505},  // o
    {12, 20, 16, 2, 15, 60, 4550},  // p
    {12, 20, 16, 2, 15, 60, 4610},  // q
    {12, 15, 16, 3, 15, 45, 4670},  // r
    {12, 15, 16, 2, 15, 45, 4715},  // s
    {14, 19, 16, 1, 19, 67, 4760},  // t
    {12, 15, 16, 2, 15, 45, 4827},  // u
    {14, 15, 16, 1, 15, 53, 4872},  // v
    {16, 15, 16, 0, 15, 60, 4925},  // w
    {14, 15, 16, 1, 15, 53, 4985},  // x
    {14, 20, 16, 1, 15, 70, 5038},  // y
    {12, 15, 16, 2, 15, 45, 5108},  // z
    {12, 26, 16, 2, 23, 78, 5153},  // {
    {4, 25, 16, 6, 22, 25, 5231},  // |
    {13, 26, 16, 2, 23, 85, 5256},  // }
    {14, 6, 16, 1, 13, 21, 5341},  // ~
    {0, 0, 16, 0, 0, 0, 5362},  // U+00A0
    {5, 20, 16, 6, 15, 25, 5362},  // ¡
    {13, 22, 16, 2, 18, 72, 5387},  // ¢
    {13, 20, 16, 2, 20, 65, 5459},  // £
    {15, 15, 16, 1, 17, 57, 5524},  // ¤
    {16, 20, 16, 0, 20, 80, 5581},  // ¥
    {4, 25, 16, 6, 22, 25, 5661},  // ¦
    {13, 24, 16, 2, 20, 78, 5686},  // §
    {10, 3, 16, 3, 20, 8, 5764},  // ¨
    {14, 19, 16, 1, 21, 67, 5772},  // ©
    {8, 8, 16, 4, 20, 16, 5839},  // ª
    {16, 13, 16, 0, 14, 52, 5855},  // «
    {12, 7, 16, 2, 11, 21, 5907},  // ¬
    {10, 3, 16, 3, 11, 8, 5928},  // U+00AD
    {14, 18, 16, 1, 20, 63, 5936},  // ®
    {10, 3, 16, 3, 21, 8, 5999},  // ¯
    {9, 8, 16, 4, 19, 18, 6007},  // °
    {14, 16, 16, 1, 16, 56, 6025},  // ±
    {10, 12, 16, 3, 22, 30, 6081},  // ²
    {10, 12, 16, 3, 22, 30, 6111},  // ³
    {6, 4, 16, 6, 21, 6, 6141},  // ´
    {12, 20, 16, 2, 15, 60, 6147},  // µ
    {13, 25, 16, 1, 20, 82, 6207},  // ¶
    {6, 4, 16, 5, 11, 6, 6289},  // ·
    {7, 7, 16, 5, 1, 13, 6295},  // ¸
    {9, 12, 16, 4, 22, 27, 6308},  // ¹
    {7, 8, 16, 5, 20, 14, 6335},  // º
    {15, 13, 16, 1, 14, 49, 6349},  // »
    {17, 20, 16, 0, 20, 85, 6398},  // ¼
    {17, 21, 16, 0, 20, 90, 6483},  // ½
    {17, 20, 16, 0, 20, 85, 6573},  // ¾
    {10, 20, 16, 3, 15, 50, 6658},  // ¿
    {14, 26, 16, 1, 26, 91, 6708},  // À
    {14, 26, 16, 1, 26, 91, 6799},  // Á
    {14, 26, 16, 1, 26, 91, 6890},  // Â
    {14, 26, 16, 1, 26, 91, 6981},  // Ã
    {14, 25, 16, 1, 25, 88, 7072},  // Ä
    {14, 27, 16, 1, 27, 95, 7160},  // Å
    {16, 20, 16, 0, 20, 80, 7255},  // Æ
    {13, 26, 16, 2, 20, 85, 7335},  // Ç
    {13, 26, 16, 2, 26, 85, 7420},  // È
    {13, 26, 16, 2, 26, 85, 7505},  // É
    {13, 26, 16, 2, 26, 85, 7590},  // Ê
    {13, 25, 16, 2, 25, 82, 7675},  // Ë
    {12, 26, 16, 2, 26, 78, 7757},  // Ì
    {12, 26, 16, 2, 26, 78, 7835},  // Í
    {12, 26, 16, 2, 26, 78, 7913},  // Î
    {12, 25, 16, 2, 25, 75, 7991},  // Ï
    {14, 20, 16, 0, 20, 70, 8066},  // Ð
    {12, 26, 16, 2, 26, 78, 8136},  // Ñ
    {12, 26, 16, 2, 26, 78, 8214},  // Ò
    {12, 26, 16, 2, 26, 78, 8292},  // Ó
    {12, 26, 16, 2, 26, 78, 8370},  // Ô
    {12, 26, 16, 2, 26, 78, 8448},  // Õ
    {12, 25, 16, 2, 25, 75, 8526},  // Ö
    {12, 12, 16, 2, 15, 36, 8601},  // ×
    {16, 22, 16, 0, 21, 88, 8637},  // Ø
    {12, 26, 16, 2, 26, 78, 8725},  // Ù
    {12, 26, 16, 2, 26, 78, 8803},  // Ú
    {12, 26, 16, 2, 26, 78, 8881},  // Û
    {12, 25, 16, 2, 25, 75, 8959},  // Ü
    {16, 26, 16, 0, 26, 104, 9034},  // Ý
    {13, 20, 16, 2, 20, 65, 9138},  // Þ
    {13, 20, 16, 2, 20, 65, 9203},  // ß
    {13, 21, 16, 1, 21, 69, 9268},  // à
    {13, 21, 16, 1, 21, 69, 9337},  // á
    {13, 21, 16, 1, 21, 69, 9406},  // â
    {13, 21, 16, 1, 21, 69, 9475},  // ã
    {13, 20, 16, 1, 20, 65, 9544},  // ä
    {13, 23, 16, 1, 23, 75, 9609},  // å
    {16, 15, 16, 0, 15, 60, 9684},  // æ
    {13, 21, 16, 2, 15, 69, 9744},  // ç
    {12, 21, 16, 2, 21, 63, 9813},  // è
    {12, 21, 16, 2, 21, 63, 9876},  // é
    {12, 21, 16, 2, 21, 63, 9939},  // ê
    {12, 20, 16, 2, 20, 60, 10002},  // ë
    {13, 21, 16, 2, 21, 69, 10062},  // ì
    {13, 21, 16, 2, 21, 69, 10131},  // í
    {13, 21, 16, 2, 21, 69, 10200},  // î
    {13, 20, 16, 2, 20, 65, 10269},  // ï
    {14, 21, 16, 1, 21, 74, 10334},  // ð
    {12, 21, 16, 2, 21, 63, 10408},  // ñ
    {12, 21, 16, 2, 21, 63, 10471},  // ò
    {12, 21, 16, 2, 21, 63, 10534},  // ó
    {12, 21, 16, 2, 21, 63, 10597},  // ô
    {12, 21, 16, 2, 21, 63, 10660},  // õ
    {12, 20, 16, 2, 20, 60, 10723},  // ö
    {12, 15, 16, 2, 16, 45, 10783},  // ÷
    {16, 17, 16, 0, 16, 68, 10828},  // ø
    {12, 21, 16, 2, 21, 63, 10896},  // ù
    {12, 21, 16, 2, 21, 63, 10959},  // ú
    {12, 21, 16, 2, 21, 63, 11022},  // û
    {12, 20, 16, 2, 20, 60, 11085},  // ü
    {14, 26, 16, 1, 21, 91, 11145},  // ý
    {12, 25, 16, 2, 20, 75, 11236},  // þ
    {14, 25, 16, 1, 20, 88, 11311},  // ÿ
    {14, 26, 16, 1, 26, 91, 11399},  // Ā
    {13, 21, 16, 1, 21, 69, 11490},  // ā
    {14, 26, 16, 1, 26, 91, 11559},  // Ă
    {13, 21, 16, 1, 21, 69, 11650},  // ă
    {15, 27, 16, 1, 20, 102, 11719},  // Ą
    {15, 20, 16, 1, 15, 75, 11821},  // ą
    {13, 26, 16, 2, 26, 85, 11896},  // Ć
    {13, 21, 16, 2, 21, 69, 11981},  // ć
    {13, 26, 16, 2, 26, 85, 12050},  // Ĉ
    {13, 21, 16, 2, 21, 69, 12135},  // ĉ
    {13, 25, 16, 2, 25, 82, 12204},  // Ċ
    {13, 20, 16, 2, 20, 65, 12286},  // ċ
    {13, 26, 16, 2, 26, 85, 12351},  // Č
    {13, 21, 16, 2, 21, 69, 12436},  // č
    {12, 26, 16, 2, 26, 78, 12505},  // Ď
    {16, 20, 16, 1, 20, 80, 12583},  // ď
    {14, 20, 16, 0, 20, 70, 12663},  // Đ
    {15, 20, 16, 2, 20, 75, 12733},  // đ
    {13, 26, 16, 2, 26, 85, 12808},  // Ē
    {12, 21, 16, 2, 21, 63, 12893},  // ē
    {13, 26, 16, 2, 26, 85, 12956},  // Ĕ
    {12, 21, 16, 2, 21, 63, 13041},  // ĕ
    {13, 25, 16, 2, 25, 82, 13104},  // Ė
    {12, 20, 16, 2, 20, 60, 13186},  // ė
    {13, 27, 16, 2, 20, 88, 13246},  // Ę
    {12, 20, 16, 2, 15, 60, 13334},  // ę
    {13, 26, 16, 2, 26, 85, 13394},  // Ě
    {12, 21, 16, 2, 21, 63, 13479},  // ě
    {12, 26, 16, 2, 26, 78, 13542},  // Ĝ
    {12, 26, 16, 2, 21, 78, 13620},  // ĝ
    {12, 26, 16, 2, 26, 78, 13698},  // Ğ
    {12, 26, 16, 2, 21, 78, 13776},  // ğ
    {12, 25, 16, 2, 25, 75, 13854},  // Ġ
    {12, 25, 16, 2, 20, 75, 13929},  // ġ
    {12, 26, 16, 2, 20, 78, 14004},  // Ģ
    {12, 29, 16, 2, 24, 87, 14082},  // ģ
    {12, 26, 16, 2, 26, 78, 14169},  // Ĥ
    {16, 26, 16, -2, 26, 104, 14247},  // ĥ
    {16, 20, 16, 0, 20, 80, 14351},  // Ħ
    {14, 20, 16, 0, 20, 70, 14431},  // ħ
    {12, 26, 16, 2, 26, 78, 14501},  // Ĩ
    {13, 21, 16, 2, 21, 69, 14579},  // ĩ
    {12, 26, 16, 2, 26, 78, 14648},  // Ī
    {13, 21, 16, 2, 21, 69, 14726},  // ī
    {12, 26, 16, 2, 26, 78, 14795},  // Ĭ
    {13, 21, 16, 2, 21, 69, 14873},  // ĭ
    {12, 27, 16, 2, 20, 81, 14942},  // Į
    {13, 28, 16, 2, 21, 91, 15023},  // į
    {12, 25, 16, 2, 25, 75, 15114},  // İ
    {13, 15, 16, 2, 15, 49, 15189},  // ı
    {17, 26, 16, 1, 26, 111, 15238},  // Ĵ
    {14, 26, 16, 2, 21, 91, 15349},  // ĵ
    {14, 26, 16, 2, 20, 91, 15440},  // Ķ
    {14, 26, 16, 2, 20, 91, 15531},  // ķ
    {14, 15, 16, 2, 15, 53, 15622},  // ĸ
    {12, 26, 16, 3, 26, 78, 15675},  // Ĺ
    {15, 26, 16, 0, 26, 98, 15753},  // ĺ
    {12, 26, 16, 3, 20, 78, 15851},  // Ļ
    {15, 26, 16, 0, 20, 98, 15929},  // ļ
    {12, 20, 16, 3, 20, 60, 16027},  // Ľ
    {15, 20, 16, 0, 20, 75, 16087},  // ľ
    {12, 20, 16, 3, 20, 60, 16162},  // Ŀ
    {17, 20, 16, 0, 20, 85, 16222},  // ŀ
    {15, 20, 16, 0, 20, 75, 16307},  // Ł
    {15, 20, 16, 0, 20, 75, 16382},  // ł
    {12, 26, 16, 2, 26, 78, 16457},  // Ń
    {12, 21, 16, 2, 21, 63, 16535},  // ń
    {12, 26, 16, 2, 20, 78, 16598},  // Ņ
    {12, 21, 16, 2, 15, 63, 16676},  // ņ
    {12, 26, 16, 2, 26, 78, 16739},  // Ň
    {12, 21, 16, 2, 21, 63, 16817},  // ň
    {15, 22, 16, -1, 22, 83, 16880},  // ŉ
    {12, 25, 16, 2, 20, 75, 16963},  // Ŋ
    {12, 20, 16, 2, 15, 60, 17038},  // ŋ
    {12, 26, 16, 2, 26, 78, 17098},  // Ō
    {12, 21, 16, 2, 21, 63, 17176},  // ō
    {12, 26, 16, 2, 26, 78, 17239},  // Ŏ
    {12, 21, 16, 2, 21, 63, 17317},  // ŏ
    {13, 26, 16, 2, 26, 85, 17380},  // Ő
    {13, 21, 16, 2, 21, 69, 17465},  // ő
    {15, 20, 16, 1, 20, 75, 17534},  // Œ
    {16, 15, 16, 0, 15, 60, 17609},  // œ
    {13, 26, 16, 2, 26, 85, 17669},  // Ŕ
    {12, 21, 16, 3, 21, 63, 17754},  // ŕ
    {13, 26, 16, 2, 20, 85, 17817},  // Ŗ
    {15, 21, 16, 0, 15, 79, 17902},  // ŗ
    {13, 26, 16, 2, 26, 85, 17981},  // Ř
    {12, 21, 16, 3, 21, 63, 18066},  // ř
    {14, 26, 16, 1, 26, 91, 18129},  // Ś
    {12, 21, 16, 2, 21, 63, 18220},  // ś
    {14, 26, 16, 1, 26, 91, 18283},  // Ŝ
    {12, 21, 16, 2, 21, 63, 18374},  // ŝ
    {14, 26, 16, 1, 20, 91, 18437},  // Ş
    {12, 21, 16, 2, 15, 63, 18528},  // ş
    {14, 26, 16, 1, 26, 91, 18591},  // Š
    {12, 21, 16, 2, 21, 63, 18682},  // š
    {14, 26, 16, 1, 20, 91, 18745},  // Ţ
    {14, 25, 16, 1, 19, 88, 18836},  // ţ
    {14, 26, 16, 1, 26, 91, 18924},  // Ť
    {14, 22, 16, 1, 22, 77, 19015},  // ť
    {14, 20, 16, 1, 20, 70, 19092},  // Ŧ
    {14, 19, 16, 1, 19, 67, 19162},  // ŧ
    {12, 26, 16, 2, 26, 78, 19229},  // Ũ
    {12, 21, 16, 2, 21, 63, 19307},  // ũ
    {12, 26, 16, 2, 26, 78, 19370},  // Ū
    {12, 21, 16, 2, 21, 63, 19448},  // ū
    {12, 26, 16, 2, 26, 78, 19511},  // Ŭ
    {12, 21, 16, 2, 21, 63, 19589},  // ŭ
    {12, 27, 16, 2, 27, 81, 19652},  // Ů
    {12, 23, 16, 2, 23, 69, 19733},  // ů
    {13, 26, 16, 2, 26, 85, 19802},  // Ű
    {13, 21, 16, 2, 21, 69, 19887},  // ű
    {12, 25, 16, 2, 20, 75, 19956},  // Ų
    {12, 20, 16, 2, 15, 60, 20031},  // ų
    {16, 26, 16, 0, 26, 104, 20091},  // Ŵ
    {16, 21, 16, 0, 21, 84, 20195},  // ŵ
    {16, 26, 16, 0, 26, 104, 20279},  // Ŷ
    {14, 26, 16, 1, 21, 91, 20383},  // ŷ
    {16, 25, 16, 0, 25, 100, 20474},  // Ÿ
    {12, 26, 16, 2, 26, 78, 20574},  // Ź
    {12, 21, 16, 2, 21, 63, 20652},  // ź
    {12, 25, 16, 2, 25, 75, 20715},  // Ż
    {12, 20, 16, 2, 20, 60, 20790},  // ż
    {12, 26, 16, 2, 26, 78, 20850},  // Ž
    {12, 21, 16, 2, 21, 63, 20928},  // ž
    {10, 20, 16, 4, 20, 50, 20991},  // ſ
    {12, 20, 16, 2, 20, 60, 21041},  // Ə
    {14, 20, 16, 1, 20, 70, 21101},  // Ɛ
    {15, 25, 16, 0, 20, 94, 21171},  // ƒ
    {14, 21, 16, 1, 21, 74, 21265},  // ƛ
    {13, 22, 16, 2, 22, 72, 21339},  // Ơ
    {13, 18, 16, 2, 18, 59, 21411},  // ơ
    {15, 23, 16, 2, 23, 87, 21470},  // Ư
    {15, 18, 16, 2, 18, 68, 21557},  // ư
    {14, 26, 16, 1, 26, 91, 21625},  // Ǎ
    {13, 21, 16, 1, 21, 69, 21716},  // ǎ
    {13, 21, 16, 2, 21, 69, 21785},  // ǐ
    {12, 21, 16, 2, 21, 63, 21854},  // ǒ
    {12, 21, 16, 2, 21, 63, 21917},  // ǔ
    {12, 27, 16, 2, 27, 81, 21980},  // ǖ
    {12, 27, 16, 2, 27, 81, 22061},  // ǘ
    {12, 27, 16, 2, 27, 81, 22142},  // ǚ
    {12, 27, 16, 2, 27, 81, 22223},  // ǜ
    {12, 26, 16, 2, 26, 78, 22304},  // Ǧ
    {12, 26, 16, 2, 21, 78, 22382},  // ǧ
    {12, 25, 16, 2, 20, 75, 22460},  // Ǫ
    {12, 20, 16, 2, 15, 60, 22535},  // ǫ
    {12, 26, 16, 2, 26, 78, 22595},  // Ǵ
    {12, 26, 16, 2, 21, 78, 22673},  // ǵ
    {16, 26, 16, 0, 26, 104, 22751},  // Ǽ
    {16, 21, 16, 0, 21, 84, 22855},  // ǽ
    {16, 27, 16, 0, 26, 108, 22939},  // Ǿ
    {16, 22, 16, 0, 21, 88, 23047},  // ǿ
    {14, 26, 16, 1, 20, 91, 23135},  // Ș
    {12, 21, 16, 2, 15, 63, 23226},  // ș
    {14, 26, 16, 1, 20, 91, 23289},  // Ț
    {14, 25, 16, 1, 19, 88, 23380},  // ț
    {16, 26, 16, 0, 26, 104, 23468},  // Ȳ
    {14, 26, 16, 1, 21, 91, 23572},  // ȳ
    {10, 20, 16, 2, 15, 50, 23663},  // ȷ
    {12, 15, 16, 2, 15, 45, 23713},  // ə
    {6, 4, 0, -12, 21, 6, 23758},  // ̀
    {6, 4, 0, -10, 21, 6, 23764},  // ́
    {10, 4, 0, -13, 21, 10, 23770},  // ̂
    {10, 4, 0, -13, 21, 10, 23780},  // ̃
    {10, 3, 0, -13, 21, 8, 23790},  // ̄
    {10, 4, 0, -13, 21, 10, 23798},  // ̆
    {5, 3, 0, -11, 20, 4, 23808},  // ̇
    {10, 3, 0, -13, 20, 8, 23812},  // ̈
    {6, 6, 0, -11, 23, 9, 23820},  // ̉
    {8, 7, 0, -12, 23, 14, 23829},  // ̊
    {12, 4, 0, -13, 21, 12, 23843},  // ̋
    {10, 4, 0, -13, 21, 10, 23855},  // ̌
    {12, 4, 0, -15, 21, 12, 23865},  // ̏
    {6, 7, 0, -11, 24, 11, 23877},  // ̒
    {5, 5, 0, -7, 18, 7, 23888},  // ̛
    {5, 3, 0, -11, -3, 4, 23895},  // ̣
    {8, 6, 0, -12, -1, 12, 23899},  // ̥
    {7, 4, 0, -12, -2, 7, 23911},  // ̦
    {6, 7, 0, -11, 1, 11, 23918},  // ̧
    {7, 6, 0, -12, 1, 11, 23929},  // ̨
    {19, 3, 0, -18, 11, 15, 23940},  // ̶
    {16, 17, 0, -16, 16, 68, 23955},  // ̷
    {12, 21, 0, -14, 18, 63, 24023},  // ̸
    {7, 9, 16, 4, 20, 16, 24086},  // ʹ
    {6, 8, 16, 5, 4, 12, 24102},  // ͵
    {6, 19, 16, 5, 15, 29, 24114},  // ;
    {7, 4, 16, 5, 21, 7, 24143},  // ΄
    {10, 7, 16, 3, 24, 18, 24150},  // ΅
    {15, 20, 16, 0, 20, 75, 24168},  // Ά
    {6, 4, 16, 5, 11, 6, 24243},  // ·
    {19, 20, 16, -4, 20, 95, 24249},  // Έ
    {18, 20, 16, -4, 20, 90, 24344},  // Ή
    {18, 20, 16, -4, 20, 90, 24434},  // Ί
    {17, 20, 16, -3, 20, 85, 24524},  // Ό
    {20, 20, 16, -4, 20, 100, 24609},  // Ύ
    {18, 20, 16, -3, 20, 90, 24709},  // Ώ
    {14, 24, 16, 1, 24, 84, 24799},  // ΐ
    {14, 20, 16, 1, 20, 70, 24883},  // Α
    {13, 20, 16, 2, 20, 65, 24953},  // Β
    {12, 20, 16, 3, 20, 60, 25018},  // Γ
    {14, 20, 16, 1, 20, 70, 25078},  // Δ
    {13, 20, 16, 2, 20, 65, 25148},  // Ε
    {12, 20, 16, 2, 20, 60, 25213},  // Ζ
    {12, 20, 16, 2, 20, 60, 25273},  // Η
    {12, 20, 16, 2, 20, 60, 25333},  // Θ
    {12, 20, 16, 2, 20, 60, 25393},  // Ι
    {14, 20, 16, 2, 20, 70, 25453},  // Κ
    {14, 20, 16, 1, 20, 70, 25523},  // Λ
    {14, 20, 16, 1, 20, 70, 25593},  // Μ
    {12, 20, 16, 2, 20, 60, 25663},  // Ν
    {13, 20, 16, 2, 20, 65, 25723},  // Ξ
    {12, 20, 16, 2, 20, 60, 25788},  // Ο
    {12, 20, 16, 2, 20, 60, 25848},  // Π
    {13, 20, 16, 2, 20, 65, 25908},  // Ρ
    {13, 20, 16, 2, 20, 65, 25973},  // Σ
    {14, 20, 16, 1, 20, 70, 26038},  // Τ
    {16, 20, 16, 0, 20, 80, 26108},  // Υ
    {14, 21, 16, 1, 20, 74, 26188},  // Φ
    {15, 20, 16, 1, 20, 75, 26262},  // Χ
    {14, 20, 16, 1, 20, 70, 26337},  // Ψ
    {14, 20, 16, 1, 20, 70, 26407},  // Ω
    {12, 25, 16, 2, 25, 75, 26477},  // Ϊ
    {16, 25, 16, 0, 25, 100, 26552},  // Ϋ
    {12, 22, 16, 2, 22, 66, 26652},  // ά
    {13, 22, 16, 2, 22, 72, 26718},  // έ
    {12, 21, 16, 2, 21, 63, 26790},  // ή
    {14, 21, 16, 1, 21, 74, 26853},  // ί
    {12, 24, 16, 2, 24, 72, 26927},  // ΰ
    {12, 15, 16, 2, 15, 45, 26999},  // α
    {13, 25, 16, 2, 20, 82, 27044},  // β
    {14, 20, 16, 1, 15, 70, 27126},  // γ
    {12, 20, 16, 2, 20, 60, 27196},  // δ
    {13, 15, 16, 2, 15, 49, 27256},  // ε
    {14, 25, 16, 2, 20, 88, 27305},  // ζ
    {12, 15, 16, 2, 15, 45, 27393},  // η
    {12, 20, 16, 2, 20, 60, 27438},  // θ
    {14, 15, 16, 1, 15, 53, 27498},  // ι
    {14, 15, 16, 2, 15, 53, 27551},  // κ
    {14, 20, 16, 1, 20, 70, 27604},  // λ
    {12, 20, 16, 2, 15, 60, 27674},  // μ
    {14, 15, 16, 1, 15, 53, 27734},  // ν
    {13, 25, 16, 2, 20, 82, 27787},  // ξ
    {12, 15, 16, 2, 15, 45, 27869},  // ο
    {15, 15, 16, 0, 15, 57, 27914},  // π
    {12, 20, 16, 2, 15, 60, 27971},  // ρ
    {13, 21, 16, 2, 15, 69, 28031},  // ς
    {14, 15, 16, 2, 15, 53, 28100},  // σ
    {14, 15, 16, 1, 15, 53, 28153},  // τ
    {12, 15, 16, 2, 15, 45, 28206},  // υ
    {14, 21, 16, 1, 16, 74, 28251},  // φ
    {14, 15, 16, 1, 15, 53, 28325},  // χ
    {14, 20, 16, 1, 15, 70, 28378},  // ψ
    {14, 16, 16, 1, 16, 56, 28448},  // ω
    {14, 20, 16, 1, 20, 70, 28504},  // ϊ
    {12, 20, 16, 2, 20, 60, 28574},  // ϋ
    {12, 21, 16, 2, 21, 63, 28634},  // ό
    {12, 21, 16, 2, 21, 63, 28697},  // ύ
    {14, 21, 16, 1, 21, 74, 28760},  // ώ
    {14, 25, 16, 2, 20, 88, 28834},  // Ϗ
    {14, 25, 16, 1, 20, 88, 28922},  // ϕ
    {16, 15, 16, 0, 15, 60, 29010},  // ϖ
    {13, 20, 16, 2, 15, 65, 29070},  // ϗ
    {13, 25, 16, 2, 25, 82, 29135},  // Ё
    {15, 25, 16, 0, 20, 94, 29217},  // Ђ
    {12, 26, 16, 3, 26, 78, 29311},  // Ѓ
    {13, 20, 16, 2, 20, 65, 29389},  // Є
    {14, 20, 16, 1, 20, 70, 29454},  // Ѕ
    {12, 20, 16, 2, 20, 60, 29524},  // І
    {12, 25, 16, 2, 25, 75, 29584},  // Ї
    {13, 20, 16, 1, 20, 65, 29659},  // Ј
    {17, 20, 16, -1, 20, 85, 29724},  // Љ
    {15, 20, 16, 1, 20, 75, 29809},  // Њ
    {15, 20, 16, 0, 20, 75, 29884},  // Ћ
    {14, 26, 16, 2, 26, 91, 29959},  // Ќ
    {14, 26, 16, 1, 26, 91, 30050},  // Ў
    {12, 24, 16, 2, 20, 72, 30141},  // Џ
    {14, 20, 16, 1, 20, 70, 30213},  // А
    {13, 20, 16, 2, 20, 65, 30283},  // Б
    {13, 20, 16, 2, 20, 65, 30348},  // В
    {12, 20, 16, 3, 20, 60, 30413},  // Г
    {16, 24, 16, 0, 20, 96, 30473},  // Д
    {13, 20, 16, 2, 20, 65, 30569},  // Е
    {17, 20, 16, 0, 20, 85, 30634},  // Ж
    {14, 20, 16, 1, 20, 70, 30719},  // З
    {12, 20, 16, 2, 20, 60, 30789},  // И
    {12, 26, 16, 2, 26, 78, 30849},  // Й
    {14, 20, 16, 2, 20, 70, 30927},  // К
    {14, 20, 16, 0, 20, 70, 30997},  // Л
    {14, 20, 16, 1, 20, 70, 31067},  // М
    {12, 20, 16, 2, 20, 60, 31137},  // Н
    {12, 20, 16, 2, 20, 60, 31197},  // О
    {12, 20, 16, 2, 20, 60, 31257},  // П
    {13, 20, 16, 2, 20, 65, 31317},  // Р
    {13, 20, 16, 2, 20, 65, 31382},  // С
    {14, 20, 16, 1, 20, 70, 31447},  // Т
    {14, 20, 16, 1, 20, 70, 31517},  // У
    {14, 21, 16, 1, 20, 74, 31587},  // Ф
    {15, 20, 16, 1, 20, 75, 31661},  // Х
    {14, 24, 16, 2, 20, 84, 31736},  // Ц
    {12, 20, 16, 2, 20, 60, 31820},  // Ч
    {14, 20, 16, 1, 20, 70, 31880},  // Ш
    {16, 24, 16, 1, 20, 96, 31950},  // Щ
    {16, 20, 16, -1, 20, 80, 32046},  // Ъ
    {14, 20, 16, 1, 20, 70, 32126},  // Ы
    {13, 20, 16, 2, 20, 65, 32196},  // Ь
    {12, 20, 16, 2, 20, 60, 32261},  // Э
    {15, 20, 16, 1, 20, 75, 32321},  // Ю
    {13, 20, 16, 1, 20, 65, 32396},  // Я
    {13, 15, 16, 1, 15, 49, 32461},  // а
    {12, 21, 16, 2, 21, 63, 32510},  // б
    {13, 15, 16, 2, 15, 49, 32573},  // в
    {12, 15, 16, 3, 15, 45, 32622},  // г
    {16, 19, 16, 0, 15, 76, 32667},  // д
    {12, 15, 16, 2, 15, 45, 32743},  // е
    {16, 15, 16, 0, 15, 60, 32788},  // ж
    {14, 15, 16, 1, 15, 53, 32848},  // з
    {12, 15, 16, 2, 15, 45, 32901},  // и
    {12, 21, 16, 2, 21, 63, 32946},  // й
    {14, 15, 16, 2, 15, 53, 33009},  // к
    {14, 15, 16, 0, 15, 53, 33062},  // л
    {14, 15, 16, 1, 15, 53, 33115},  // м
    {12, 15, 16, 2, 15, 45, 33168},  // н
    {12, 15, 16, 2, 15, 45, 33213},  // о
    {12, 15, 16, 2, 15, 45, 33258},  // п
    {12, 20, 16, 2, 15, 60, 33303},  // р
    {13, 15, 16, 2, 15, 49, 33363},  // с
    {14, 15, 16, 1, 15, 53, 33412},  // т
    {14, 20, 16, 1, 15, 70, 33465},  // у
    {14, 25, 16, 1, 20, 88, 33535},  // ф
    {14, 15, 16, 1, 15, 53, 33623},  // х
    {14, 19, 16, 2, 15, 67, 33676},  // ц
    {12, 15, 16, 2, 15, 45, 33743},  // ч
    {14, 15, 16, 1, 15, 53, 33788},  // ш
    {16, 19, 16, 1, 15, 76, 33841},  // щ
    {16, 15, 16, 0, 15, 60, 33917},  // ъ
    {14, 15, 16, 1, 15, 53, 33977},  // ы
    {13, 15, 16, 2, 15, 49, 34030},  // ь
    {12, 15, 16, 2, 15, 45, 34079},  // э
    {15, 15, 16, 1, 15, 57, 34124},  // ю
    {13, 15, 16, 1, 15, 49, 34181},  // я
    {12, 20, 16, 2, 20, 60, 34230},  // ё
    {14, 25, 16, 0, 20, 88, 34290},  // ђ
    {12, 21, 16, 3, 21, 63, 34378},  // ѓ
    {13, 15, 16, 2, 15, 49, 34441},  // є
    {12, 15, 16, 2, 15, 45, 34490},  // ѕ
    {13, 20, 16, 2, 20, 65, 34535},  // і
    {13, 20, 16, 2, 20, 65, 34600},  // ї
    {11, 25, 16, 2, 20, 69, 34665},  // ј
    {16, 15, 16, 0, 15, 60, 34734},  // љ
    {15, 15, 16, 1, 15, 57, 34794},  // њ
    {14, 20, 16, 0, 20, 70, 34851},  // ћ
    {14, 21, 16, 2, 21, 74, 34921},  // ќ
    {14, 26, 16, 1, 21, 91, 34995},  // ў
    {12, 19, 16, 2, 15, 57, 35086},  // џ
    {12, 22, 16, 3, 22, 66, 35143},  // Ґ
    {12, 18, 16, 3, 18, 54, 35209},  // ґ
    {15, 20, 16, 0, 20, 75, 35263},  // Ғ
    {14, 15, 16, 1, 15, 53, 35338},  // ғ
    {14, 24, 16, 2, 20, 84, 35391},  // Қ
    {14, 19, 16, 2, 15, 67, 35475},  // қ
    {13, 24, 16, 2, 20, 78, 35542},  // Ң
    {13, 19, 16, 2, 15, 62, 35620},  // ң
    {16, 20, 16, 0, 20, 80, 35682},  // Ү
    {14, 20, 16, 1, 15, 70, 35762},  // ү
    {16, 20, 16, 0, 20, 80, 35832},  // Ұ
    {14, 20, 16, 1, 15, 70, 35912},  // ұ
    {14, 24, 16, 1, 20, 84, 35982},  // Ҷ
    {14, 19, 16, 1, 15, 67, 36066},  // ҷ
    {13, 20, 16, 2, 20, 65, 36133},  // Һ
    {13, 15, 16, 2, 15, 49, 36198},  // һ
    {12, 20, 16, 2, 20, 60, 36247},  // Ә
    {12, 15, 16, 2, 15, 45, 36307},  // ә
    {17, 25, 16, 0, 25, 107, 36352},  // Ӝ
    {16, 20, 16, 0, 20, 80, 36459},  // ӝ
    {14, 25, 16, 1, 25, 88, 36539},  // Ӟ
    {14, 20, 16, 1, 20, 70, 36627},  // ӟ
    {12, 25, 16, 2, 25, 75, 36697},  // Ӥ
    {12, 20, 16, 2, 20, 60, 36772},  // ӥ
    {12, 25, 16, 2, 25, 75, 36832},  // Ӧ
    {12, 20, 16, 2, 20, 60, 36907},  // ӧ
    {12, 20, 16, 2, 20, 60, 36967},  // Ө
    {12, 15, 16, 2, 15, 45, 37027},  // ө
    {12, 25, 16, 2, 25, 75, 37072},  // Ӵ
    {12, 20, 16, 2, 20, 60, 37147},  // ӵ
    {16, 26, 16, 0, 26, 104, 37207},  // Ẁ
    {16, 21, 16, 0, 21, 84, 37311},  // ẁ
    {16, 26, 16, 0, 26, 104, 37395},  // Ẃ
    {16, 21, 16, 0, 21, 84, 37499},  // ẃ
    {16, 25, 16, 0, 25, 100, 37583},  // Ẅ
    {16, 20, 16, 0, 20, 80, 37683},  // ẅ
    {13, 20, 16, 2, 20, 65, 37763},  // ẞ
    {14, 26, 16, 1, 20, 91, 37828},  // Ạ
    {13, 21, 16, 1, 15, 69, 37919},  // ạ
    {14, 28, 16, 1, 28, 98, 37988},  // Ả
    {13, 23, 16, 1, 23, 75, 38086},  // ả
    {16, 28, 16, 1, 28, 112, 38161},  // Ấ
    {16, 24, 16, 1, 24, 96, 38273},  // ấ
    {14, 27, 16, 1, 27, 95, 38369},  // Ầ
    {14, 24, 16, 1, 24, 84, 38464},  // ầ
    {14, 29, 16, 1, 29, 102, 38548},  // Ẩ
    {14, 26, 16, 1, 26, 91, 38650},  // ẩ
    {14, 27, 16, 1, 27, 95, 38741},  // Ẫ
    {13, 26, 16, 1, 26, 85, 38836},  // ẫ
    {14, 32, 16, 1, 26, 112, 38921},  // Ậ
    {13, 27, 16, 1, 21, 88, 39033},  // ậ
    {14, 28, 16, 1, 28, 98, 39121},  // Ắ
    {13, 24, 16, 1, 24, 78, 39219},  // ắ
    {14, 28, 16, 1, 28, 98, 39297},  // Ằ
    {13, 24, 16, 1, 24, 78, 39395},  // ằ
    {14, 29, 16, 1, 29, 102, 39473},  // Ẳ
    {13, 25, 16, 1, 25, 82, 39575},  // ẳ
    {14, 27, 16, 1, 27, 95, 39657},  // Ẵ
    {13, 25, 16, 1, 25, 82, 39752},  // ẵ
    {14, 32, 16, 1, 26, 112, 39834},  // Ặ
    {13, 27, 16, 1, 21, 88, 39946},  // ặ
    {13, 26, 16, 2, 20, 85, 40034},  // Ẹ
    {12, 21, 16, 2, 15, 63, 40119},  // ẹ
    {13, 28, 16, 2, 28, 91, 40182},  // Ẻ
    {12, 23, 16, 2, 23, 69, 40273},  // ẻ
    {13, 26, 16, 2, 26, 85, 40342},  // Ẽ
    {12, 21, 16, 2, 21, 63, 40427},  // ẽ
    {15, 28, 16, 2, 28, 105, 40490},  // Ế
    {15, 24, 16, 2, 24, 90, 40595},  // ế
    {13, 27, 16, 2, 27, 88, 40685},  // Ề
    {13, 24, 16, 2, 24, 78, 40773},  // ề
    {14, 29, 16, 2, 29, 102, 40851},  // Ể
    {13, 26, 16, 2, 26, 85, 40953},  // ể
    {13, 27, 16, 2, 27, 88, 41038},  // Ễ
    {12, 26, 16, 2, 26, 78, 41126},  // ễ
    {13, 32, 16, 2, 26, 104, 41204},  // Ệ
    {12, 27, 16, 2, 21, 81, 41308},  // ệ
    {12, 28, 16, 2, 28, 84, 41389},  // Ỉ
    {13, 23, 16, 2, 23, 75, 41473},  // ỉ
    {12, 26, 16, 2, 20, 78, 41548},  // Ị
    {13, 26, 16, 2, 20, 85, 41626},  // ị
    {12, 26, 16, 2, 20, 78, 41711},  // Ọ
    {12, 21, 16, 2, 15, 63, 41789},  // ọ
    {12, 28, 16, 2, 28, 84, 41852},  // Ỏ
    {12, 23, 16, 2, 23, 69, 41936},  // ỏ
    {15, 28, 16, 2, 28, 105, 42005},  // Ố
    {15, 24, 16, 2, 24, 90, 42110},  // ố
    {13, 27, 16, 2, 27, 88, 42200},  // Ồ
    {13, 24, 16, 2, 24, 78, 42288},  // ồ
    {13, 29, 16, 2, 29, 95, 42366},  // Ổ
    {13, 26, 16, 2, 26, 85, 42461},  // ổ
    {12, 27, 16, 2, 27, 81, 42546},  // Ỗ
    {12, 26, 16, 2, 26, 78, 42627},  // ỗ
    {12, 32, 16, 2, 26, 96, 42705},  // Ộ
    {12, 27, 16, 2, 21, 81, 42801},  // ộ
    {13, 26, 16, 2, 26, 85, 42882},  // Ớ
    {13, 21, 16, 2, 21, 69, 42967},  // ớ
    {13, 26, 16, 2, 26, 85, 43036},  // Ờ
    {13, 21, 16, 2, 21, 69, 43121},  // ờ
    {13, 28, 16, 2, 28, 91, 43190},  // Ở
    {13, 23, 16, 2, 23, 75, 43281},  // ở
    {13, 26, 16, 2, 26, 85, 43356},  // Ỡ
    {13, 21, 16, 2, 21, 69, 43441},  // ỡ
    {13, 28, 16, 2, 22, 91, 43510},  // Ợ
    {13, 24, 16, 2, 18, 78, 43601},  // ợ
    {12, 26, 16, 2, 20, 78, 43679},  // Ụ
    {12, 21, 16, 2, 15, 63, 43757},  // ụ
    {12, 28, 16, 2, 28, 84, 43820},  // Ủ
    {12, 23, 16, 2, 23, 69, 43904},  // ủ
    {15, 26, 16, 2, 26, 98, 43973},  // Ứ
    {15, 21, 16, 2, 21, 79, 44071},  // ứ
    {15, 26, 16, 2, 26, 98, 44150},  // Ừ
    {15, 21, 16, 2, 21, 79, 44248},  // ừ
    {15, 28, 16, 2, 28, 105, 44327},  // Ử
    {15, 23, 16, 2, 23, 87, 44432},  // ử
    {15, 26, 16, 2, 26, 98, 44519},  // Ữ
    {15, 21, 16, 2, 21, 79, 44617},  // ữ
    {15, 29, 16, 2, 23, 109, 44696},  // Ự
    {15, 24, 16, 2, 18, 90, 44805},  // ự
    {16, 26, 16, 0, 26, 104, 44895},  // Ỳ
    {14, 26, 16, 1, 21, 91, 44999},  // ỳ
    {16, 26, 16, 0, 20, 104, 45090},  // Ỵ
    {14, 21, 16, 1, 15, 74, 45194},  // ỵ
    {16, 28, 16, 0, 28, 112, 45268},  // Ỷ
    {14, 28, 16, 1, 23, 98, 45380},  // ỷ
    {16, 26, 16, 0, 26, 104, 45478},  // Ỹ
    {14, 26, 16, 1, 21, 91, 45582},  // ỹ
    {0, 0, 16, 0, 0, 0, 45673},  // U+2001
    {0, 0, 16, 0, 0, 0, 45673},  // U+200B
    {10, 3, 16, 3, 11, 8, 45673},  // ‐
    {13, 3, 16, 2, 11, 10, 45681},  // –
    {17, 3, 16, 0, 11, 13, 45691},  // —
    {10, 25, 16, 3, 22, 63, 45704},  // ‖
    {6, 8, 16, 5, 20, 12, 45767},  // ‘
    {6, 8, 16, 5, 20, 12, 45779},  // ’
    {6, 8, 16, 5, 4, 12, 45791},  // ‚
    {6, 8, 16, 5, 20, 12, 45803},  // ‛
    {12, 8, 16, 2, 20, 24, 45815},  // “
    {12, 8, 16, 2, 20, 24, 45839},  // ”
    {12, 8, 16, 2, 4, 24, 45863},  // „
    {12, 8, 16, 2, 20, 24, 45887},  // ‟
    {13, 26, 16, 2, 23, 85, 45911},  // †
    {13, 26, 16, 2, 23, 85, 45996},  // ‡
    {8, 6, 16, 4, 13, 12, 46081},  // •
    {6, 4, 16, 5, 4, 6, 46093},  // ․
    {14, 5, 16, 1, 5, 18, 46099},  // …
    {18, 20, 16, -1, 20, 90, 46117},  // ‰
    {6, 8, 16, 5, 20, 12, 46207},  // ′
    {12, 8, 16, 2, 20, 24, 46219},  // ″
    {16, 8, 16, 0, 20, 32, 46243},  // ‴
    {10, 13, 16, 3, 14, 33, 46275},  // ‹
    {10, 13, 16, 3, 14, 33, 46308},  // ›
    {12, 20, 16, 2, 20, 60, 46341},  // ‼
    {11, 20, 16, 3, 20, 55, 46401},  // ‽
    {18, 3, 16, -1, 23, 14, 46456},  // ‾
    {16, 5, 16, 0, 0, 20, 46470},  // ‿
    {17, 20, 16, 0, 20, 85, 46490},  // ⁄
    {8, 26, 16, 5, 23, 52, 46575},  // ⁅
    {7, 26, 16, 4, 23, 46, 46627},  // ⁆
    {10, 12, 16, 3, 22, 30, 46673},  // ⁰
    {10, 12, 16, 3, 22, 30, 46703},  // ⁴
    {10, 12, 16, 3, 22, 30, 46733},  // ⁵
    {10, 12, 16, 3, 22, 30, 46763},  // ⁶
    {9, 12, 16, 4, 22, 27, 46793},  // ⁷
    {10, 12, 16, 3, 22, 30, 46820},  // ⁸
    {10, 12, 16, 3, 22, 30, 46850},  // ⁹
    {8, 8, 16, 4, 16, 16, 46880},  // ⁺
    {9, 6, 16, 4, 19, 14, 46896},  // ⁼
    {10, 12, 16, 3, 8, 30, 46910},  // ₀
    {9, 12, 16, 4, 8, 27, 46940},  // ₁
    {10, 12, 16, 3, 8, 30, 46967},  // ₂
    {10, 12, 16, 3, 8, 30, 46997},  // ₃
    {10, 12, 16, 3, 8, 30, 47027},  // ₄
    {10, 12, 16, 3, 8, 30, 47057},  // ₅
    {10, 12, 16, 3, 8, 30, 47087},  // ₆
    {9, 12, 16, 4, 8, 27, 47117},  // ₇
    {10, 12, 16, 3, 8, 30, 47144},  // ₈
    {10, 12, 16, 3, 8, 30, 47174},  // ₉
    {15, 22, 16, 2, 20, 83, 47204},  // ₫
    {15, 20, 16, 0, 20, 75, 47287},  // €
    {14, 20, 16, 1, 20, 70, 47362},  // ₮
    {14, 20, 16, 1, 20, 70, 47432},  // ₴
    {15, 20, 16, 0, 20, 75, 47502},  // ₽
    {13, 28, 16, 2, 24, 91, 47577},  // ₿
    {16, 16, 16, 0, 17, 64, 47668},  // ←
    {15, 20, 16, 1, 20, 75, 47732},  // ↑
    {16, 16, 16, 0, 17, 64, 47807},  // →
    {15, 20, 16, 1, 20, 75, 47871},  // ↓
    {22, 16, 16, -3, 17, 88, 47946},  // ↔
    {15, 30, 16, 1, 25, 113, 48034},  // ↕
    {14, 15, 16, 1, 21, 53, 48147},  // ↖
    {14, 15, 16, 1, 21, 53, 48200},  // ↗
    {14, 14, 16, 1, 14, 49, 48253},  // ↘
    {14, 14, 16, 1, 14, 49, 48302},  // ↙
    {16, 8, 16, 0, 12, 32, 48351},  // ↝
    {16, 10, 16, 0, 12, 40, 48383},  // ↞
    {16, 10, 16, 0, 12, 40, 48423},  // ↠
    {16, 10, 16, 0, 12, 40, 48463},  // ↢
    {16, 10, 16, 0, 12, 40, 48503},  // ↣
    {12, 15, 16, 2, 15, 45, 48543},  // ↥
    {16, 10, 16, 0, 12, 40, 48588},  // ↦
    {12, 16, 16, 2, 16, 48, 48628},  // ↧
    {16, 18, 16, 0, 20, 72, 48676},  // ↩
    {16, 18, 16, 0, 20, 72, 48748},  // ↪
    {16, 10, 16, 0, 13, 40, 48820},  // ↭
    {8, 28, 16, 6, 23, 56, 48860},  // ↾
    {16, 17, 16, 0, 16, 68, 48916},  // ⇉
    {17, 17, 16, 0, 18, 73, 48984},  // ⇐
    {18, 28, 16, -1, 23, 126, 49057},  // ⇑
    {17, 17, 16, 0, 18, 73, 49183},  // ⇒
    {18, 28, 16, -1, 22, 126, 49256},  // ⇓
    {22, 17, 16, -3, 18, 94, 49382},  // ⇔
    {17, 17, 16, 0, 17, 73, 49476},  // ⇛
    {12, 21, 16, 2, 21, 63, 49549},  // ⇞
    {12, 21, 16, 2, 20, 63, 49612},  // ⇟
    {16, 12, 16, 0, 15, 48, 49675},  // ⇥
    {16, 23, 16, 0, 22, 92, 49723},  // ⇧
    {17, 16, 16, 0, 17, 68, 49815},  // ⇨
    {16, 23, 16, 0, 22, 92, 49883},  // ⇪
    {14, 20, 16, 1, 20, 70, 49975},  // ∀
    {9, 16, 16, 4, 16, 36, 50045},  // ∁
    {12, 20, 16, 2, 20, 60, 50081},  // ∂
    {12, 20, 16, 2, 20, 60, 50141},  // ∃
    {13, 26, 16, 1, 23, 85, 50201},  // ∄
    {18, 21, 16, -1, 20, 95, 50286},  // ∅
    {14, 20, 16, 1, 20, 70, 50381},  // ∆
    {14, 21, 16, 1, 21, 74, 50451},  // ∇
    {16, 16, 16, 0, 18, 64, 50525},  // ∈
    {16, 23, 16, 0, 21, 92, 50589},  // ∉
    {9, 9, 16, 4, 13, 21, 50681},  // ∊
    {16, 16, 16, 0, 18, 64, 50702},  // ∋
    {16, 23, 16, 0, 21, 92, 50766},  // ∌
    {10, 14, 16, 3, 14, 35, 50858},  // ∎
    {15, 26, 16, 1, 21, 98, 50893},  // ∏
    {15, 25, 16, 1, 20, 94, 50991},  // ∐
    {14, 25, 16, 1, 20, 88, 51085},  // ∑
    {10, 3, 16, 3, 11, 8, 51173},  // −
    {14, 15, 16, 1, 15, 53, 51181},  // ∓
    {17, 20, 16, 0, 20, 85, 51234},  // ∕
    {8, 6, 16, 4, 12, 12, 51319},  // ∘
    {6, 4, 16, 5, 11, 6, 51331},  // ∙
    {16, 20, 16, 0, 20, 80, 51337},  // √
    {16, 10, 16, 0, 14, 40, 51417},  // ∞
    {4, 20, 16, 6, 20, 20, 51457},  // ∣
    {10, 20, 16, 3, 20, 50, 51477},  // ∤
    {9, 20, 16, 4, 20, 45, 51527},  // ∥
    {14, 14, 16, 1, 15, 49, 51572},  // ∧
    {14, 14, 16, 1, 15, 49, 51621},  // ∨
    {15, 21, 16, 1, 21, 79, 51670},  // ∩
    {15, 20, 16, 1, 20, 75, 51749},  // ∪
    {15, 25, 16, 0, 20, 94, 51824},  // ∫
    {16, 16, 16, 0, 16, 64, 51918},  // ∴
    {16, 16, 16, 0, 16, 64, 51982},  // ∵
    {6, 15, 16, 5, 15, 23, 52046},  // ∶
    {14, 14, 16, 1, 14, 49, 52069},  // ∷
    {10, 9, 16, 3, 14, 23, 52118},  // ∸
    {17, 12, 16, 0, 15, 51, 52141},  // ∹
    {14, 6, 16, 1, 13, 21, 52192},  // ∼
    {16, 8, 16, 0, 13, 32, 52213},  // ∾
    {14, 11, 16, 1, 16, 39, 52245},  // ≃
    {14, 17, 16, 1, 19, 60, 52284},  // ≅
    {14, 24, 16, 1, 21, 84, 52344},  // ≇
    {14, 13, 16, 1, 16, 46, 52428},  // ≈
    {14, 23, 16, 1, 21, 81, 52474},  // ≉
    {14, 16, 16, 1, 17, 56, 52555},  // ≋
    {14, 12, 16, 1, 15, 42, 52611},  // ≍
    {17, 13, 16, 0, 16, 56, 52653},  // ≔
    {12, 17, 16, 2, 19, 51, 52709},  // ≗
    {12, 21, 16, 2, 23, 63, 52760},  // ≟
    {12, 23, 16, 2, 22, 69, 52823},  // ≠
    {12, 14, 16, 2, 16, 42, 52892},  // ≡
    {12, 22, 16, 2, 20, 66, 52934},  // ≢
    {12, 13, 16, 2, 15, 39, 53000},  // ≣
    {12, 20, 16, 2, 20, 60, 53039},  // ≤
    {12, 20, 16, 2, 20, 60, 53099},  // ≥
    {17, 16, 16, 0, 17, 68, 53159},  // ≪
    {17, 16, 16, 0, 17, 68, 53227},  // ≫
    {9, 19, 16, 4, 17, 43, 53295},  // ≬
    {14, 19, 16, 1, 19, 67, 53338},  // ≭
    {12, 22, 16, 2, 20, 66, 53405},  // ≮
    {12, 22, 16, 2, 20, 66, 53471},  // ≯
    {12, 24, 16, 2, 21, 72, 53537},  // ≰
    {12, 24, 16, 2, 21, 72, 53609},  // ≱
    {14, 20, 16, 1, 20, 70, 53681},  // ≲
    {13, 20, 16, 2, 20, 65, 53751},  // ≳
    {14, 15, 16, 1, 17, 53, 53816},  // ≺
    {13, 15, 16, 2, 17, 49, 53869},  // ≻
    {14, 20, 16, 1, 20, 70, 53918},  // ≼
    {16, 13, 16, 0, 16, 52, 53988},  // ⊂
    {16, 13, 16, 0, 16, 52, 54040},  // ⊃
    {16, 23, 16, 0, 21, 92, 54092},  // ⊄
    {16, 23, 16, 0, 21, 92, 54184},  // ⊅
    {16, 19, 16, 0, 19, 76, 54276},  // ⊆
    {16, 19, 16, 0, 19, 76, 54352},  // ⊇
    {16, 26, 16, 0, 23, 104, 54428},  // ⊈
    {16, 26, 16, 0, 23, 104, 54532},  // ⊉
    {14, 20, 16, 1, 20, 70, 54636},  // ⊎
    {16, 13, 16, 0, 15, 52, 54706},  // ⊏
    {16, 13, 16, 0, 15, 52, 54758},  // ⊐
    {16, 19, 16, 0, 19, 76, 54810},  // ⊑
    {16, 19, 16, 0, 19, 76, 54886},  // ⊒
    {14, 15, 16, 1, 15, 53, 54962},  // ⊓
    {14, 15, 16, 1, 15, 53, 55015},  // ⊔
    {18, 18, 16, -1, 18, 81, 55068},  // ⊕
    {18, 17, 16, -1, 17, 77, 55149},  // ⊖
    {18, 17, 16, -1, 18, 77, 55226},  // ⊗
    {18, 17, 16, -1, 18, 77, 55303},  // ⊘
    {18, 17, 16, -1, 16, 77, 55380},  // ⊙
    {18, 17, 16, -1, 18, 77, 55457},  // ⊛
    {18, 17, 16, -1, 18, 77, 55534},  // ⊜
    {18, 17, 16, -1, 18, 77, 55611},  // ⊝
    {17, 16, 16, 0, 17, 68, 55688},  // ⊞
    {17, 17, 16, 0, 17, 73, 55756},  // ⊟
    {17, 17, 16, 0, 17, 73, 55829},  // ⊠
    {17, 17, 16, 0, 17, 73, 55902},  // ⊡
    {17, 16, 16, 0, 16, 68, 55975},  // ⊢
    {17, 16, 16, 0, 16, 68, 56043},  // ⊣
    {17, 17, 16, 0, 17, 73, 56111},  // ⊤
    {17, 16, 16, 0, 16, 68, 56184},  // ⊥
    {12, 20, 16, 2, 20, 60, 56252},  // ⊴
    {16, 5, 16, 0, 11, 20, 56312},  // ⊸
    {14, 19, 16, 1, 19, 67, 56332},  // ⊻
    {14, 19, 16, 1, 21, 67, 56399},  // ⊼
    {14, 19, 16, 1, 21, 67, 56466},  // ⊽
    {15, 21, 16, 1, 21, 79, 56533},  // ⋂
    {15, 20, 16, 1, 20, 75, 56612},  // ⋃
    {8, 8, 16, 4, 13, 16, 56687},  // ⋄
    {8, 8, 16, 4, 13, 16, 56703},  // ⋆
    {17, 18, 16, 0, 19, 77, 56719},  // ⋈
    {17, 18, 16, 0, 19, 77, 56796},  // ⋉
    {17, 18, 16, 0, 19, 77, 56873},  // ⋊
    {16, 15, 16, 0, 15, 60, 56950},  // ⋎
    {16, 16, 16, 0, 18, 64, 57010},  // ⋐
    {16, 26, 16, 0, 23, 104, 57074},  // ⋢
    {5, 17, 16, 6, 18, 22, 57178},  // ⋮
    {18, 4, 16, -1, 11, 18, 57200},  // ⋯
    {18, 17, 16, -1, 18, 77, 57218},  // ⋰
    {18, 17, 16, -1, 18, 77, 57295},  // ⋱
    {18, 20, 16, -1, 20, 90, 57372},  // REPLACEMENT
};

static const EpdUnicodeInterval PROGMEM jetbrains_mono_13_2bIntervals[] = {
    {0xD, 0xD, 0x0},     {0x20, 0x7E, 0x1},     {0xA0, 0x131, 0x60},     {0x134, 0x17F, 0xF2},
    {0x18F, 0x190, 0x13E},     {0x192, 0x192, 0x140},     {0x19B, 0x19B, 0x141},     {0x1A0, 0x1A1, 0x142},
    {0x1AF, 0x1B0, 0x144},     {0x1CD, 0x1CE, 0x146},     {0x1D0, 0x1D0, 0x148},     {0x1D2, 0x1D2, 0x149},
    {0x1D4, 0x1D4, 0x14A},     {0x1D6, 0x1D6, 0x14B},     {0x1D8, 0x1D8, 0x14C},     {0x1DA, 0x1DA, 0x14D},
    {0x1DC, 0x1DC, 0x14E},     {0x1E6, 0x1E7, 0x14F},     {0x1EA, 0x1EB, 0x151},     {0x1F4, 0x1F5, 0x153},
    {0x1FC, 0x1FF, 0x155},     {0x218, 0x21B, 0x159},     {0x232, 0x233, 0x15D},     {0x237, 0x237, 0x15F},
    {0x259, 0x259, 0x160},     {0x300, 0x304, 0x161},     {0x306, 0x30C, 0x166},     {0x30F, 0x30F, 0x16D},
    {0x312, 0x312, 0x16E},     {0x31B, 0x31B, 0x16F},     {0x323, 0x323, 0x170},     {0x325, 0x328, 0x171},
    {0x336, 0x338, 0x175},     {0x374, 0x375, 0x178},     {0x37E, 0x37E, 0x17A},     {0x384, 0x38A, 0x17B},
    {0x38C, 0x38C, 0x182},     {0x38E, 0x3A1, 0x183},     {0x3A3, 0x3CF, 0x197},     {0x3D5, 0x3D7, 0x1C4},
    {0x401, 0x40C, 0x1C7},     {0x40E, 0x44F, 0x1D3},     {0x451, 0x45C, 0x215},     {0x45E, 0x45F, 0x221},
    {0x490, 0x493, 0x223},     {0x49A, 0x49B, 0x227},     {0x4A2, 0x4A3, 0x229},     {0x4AE, 0x4B1, 0x22B},
    {0x4B6, 0x4B7, 0x22F},     {0x4BA, 0x4BB, 0x231},     {0x4D8, 0x4D9, 0x233},     {0x4DC, 0x4DF, 0x235},
    {0x4E4, 0x4E9, 0x239},     {0x4F4, 0x4F5, 0x23F},     {0x1E80, 0x1E85, 0x241},     {0x1E9E, 0x1E9E, 0x247},
    {0x1EA0, 0x1EF9, 0x248},     {0x2001, 0x2001, 0x2A2},     {0x200B, 0x200B, 0x2A3},     {0x2010, 0x2010, 0x2A4},
    {0x2013, 0x2014, 0x2A5},     {0x2016, 0x2016, 0x2A7},     {0x2018, 0x2022, 0x2A8},     {0x2024, 0x2024, 0x2B3},
    {0x2026, 0x2026, 0x2B4},     {0x2030, 0x2030, 0x2B5},     {0x2032, 0x2034, 0x2B6},     {0x2039, 0x203A, 0x2B9},
    {0x203C, 0x203F, 0x2BB},     {0x2044, 0x2046, 0x2BF},     {0x2070, 0x2070, 0x2C2},     {0x2074, 0x207A, 0x2C3},
    {0x207C, 0x207C, 0x2CA},     {0x2080, 0x2089, 0x2CB},     {0x20AB, 0x20AC, 0x2D5},     {0x20AE, 0x20AE, 0x2D7},
    {0x20B4, 0x20B4, 0x2D8},     {0x20BD, 0x20BD, 0x2D9},     {0x20BF, 0x20BF, 0x2DA},     {0x2190, 0x2199, 0x2DB},
    {0x219D, 0x219E, 0x2E5},     {0x21A0, 0x21A0, 0x2E7},     {0x21A2, 0x21A3, 0x2E8},     {0x21A5, 0x21A7, 0x2EA},
    {0x21A9, 0x21AA, 0x2ED},     {0x21AD, 0x21AD, 0x2EF},     {0x21BE, 0x21BE, 0x2F0},     {0x21C9, 0x21C9, 0x2F1},
    {0x21D0, 0x21D4, 0x2F2},     {0x21DB, 0x21DB, 0x2F7},     {0x21DE, 0x21DF, 0x2F8},     {0x21E5, 0x21E5, 0x2FA},
    {0x21E7, 0x21E8, 0x2FB},     {0x21EA, 0x21EA, 0x2FD},     {0x2200, 0x220C, 0x2FE},     {0x220E, 0x2213, 0x30B},
    {0x2215, 0x2215, 0x311},     {0x2218, 0x221A, 0x312},     {0x221E, 0x221E, 0x315},     {0x2223, 0x2225, 0x316},
    {0x2227, 0x222B, 0x319},     {0x2234, 0x2239, 0x31E},     {0x223C, 0x223C, 0x324},     {0x223E, 0x223E, 0x325},
    {0x2243, 0x2243, 0x326},     {0x2245, 0x2245, 0x327},     {0x2247, 0x2249, 0x328},     {0x224B, 0x224B, 0x32B},
    {0x224D, 0x224D, 0x32C},     {0x2254, 0x2254, 0x32D},     {0x2257, 0x2257, 0x32E},     {0x225F, 0x2265, 0x32F},
    {0x226A, 0x2273, 0x336},     {0x227A, 0x227C, 0x340},     {0x2282, 0x2289, 0x343},     {0x228E, 0x2299, 0x34B},
    {0x229B, 0x22A5, 0x357},     {0x22B4, 0x22B4, 0x362},     {0x22B8, 0x22B8, 0x363},     {0x22BB, 0x22BD, 0x364},
    {0x22C2, 0x22C4, 0x367},     {0x22C6, 0x22C6, 0x36A},     {0x22C8, 0x22CA, 0x36B},     {0x22CE, 0x22CE, 0x36E},
    {0x22D0, 0x22D0, 0x36F},     {0x22E2, 0x22E2, 0x370},     {0x22EE, 0x22F1, 0x371},     {0xFFFD, 0xFFFD, 0x375},
};

static const EpdFontData jetbrains_mono_13_2b = {
    jetbrains_mono_13_2bBitmaps, jetbrains_mono_13_2bGlyphs, jetbrains_mono_13_2bIntervals, 128, 36, 28, -9, true,
};
