/*
 * SIL OPEN FONT LICENSE 1.1 — bundled font notice (required by §56-61).
 *
 * Based on JetBrains Mono NL by JetBrains s.r.o. SIL OFL 1.1.
 * Full license: scripts/jetbrains/OFL.txt
 *
 * Embedded in the snapix firmware as a derivative work — format conversion
 * (TTF → C array) is permitted under OFL §39-42.
 */
/**
 * generated by fontconvert.py
 * name: jetbrains_mono_5_2b
 * size: 5
 * mode: 2-bit
 */
#pragma once
#include "EpdFontData.h"

static const uint8_t PROGMEM jetbrains_mono_5_2bBitmaps[10206] = {
    0xA9, 0x55, 0x55, 0x05, 0x96, 0x96, 0x96, 0x08, 0x80, 0x88, 0x7F, 0xE1, 0x48, 0x21, 0x4B, 0xFD,
    0x22, 0x02, 0x20, 0x05, 0x00, 0xA0, 0x3A, 0xC3, 0x54, 0x39, 0x00, 0xF4, 0x06, 0xC1, 0x58, 0x3A,
    0xC0, 0xA0, 0x05, 0x00, 0x78, 0x2C, 0xC8, 0xCD, 0x47, 0xA0, 0x0A, 0xD1, 0x73, 0x23, 0x38, 0x2D,
    0x1F, 0x00, 0xC5, 0x02, 0x40, 0x0F, 0x00, 0x92, 0x62, 0x0B, 0x09, 0x2C, 0x0F, 0x4C, 0xA5, 0x50,
    0x00, 0x0E, 0x24, 0x30, 0x30, 0x30, 0x30, 0x30, 0x28, 0x0A, 0x00, 0x00, 0xB0, 0x18, 0x0C, 0x0C,
    0x0C, 0x0C, 0x0C, 0x28, 0xA0, 0x00, 0x05, 0x00, 0x50, 0x7F, 0xD0, 0xB0, 0x25, 0x81, 0x04, 0x05,
    0x00, 0x50, 0x7F, 0xD0, 0x50, 0x05, 0x00, 0x69, 0xC0, 0xBE, 0xAA, 0x00, 0xC0, 0x08, 0x02, 0x40,
    0x30, 0x06, 0x00, 0x90, 0x0C, 0x01, 0x80, 0x20, 0x03, 0x00, 0x1F, 0x43, 0x0C, 0x20, 0x82, 0x58,
    0x20, 0x82, 0x08, 0x30, 0xC1, 0xF4, 0x0F, 0x03, 0x70, 0x03, 0x00, 0x30, 0x03, 0x00, 0x30, 0x03,
    0x03, 0xFD, 0x1F, 0x43, 0x0C, 0x00, 0xC0, 0x0C, 0x03, 0x40, 0x90, 0x28, 0x03, 0xFC, 0x3F, 0xC0,
    0x24, 0x0A, 0x00, 0xB4, 0x00, 0xC0, 0x0C, 0x30, 0xC2, 0xF4, 0x03, 0x02, 0x40, 0xC0, 0xD3, 0x60,
    0xDF, 0xF0, 0x0C, 0x03, 0x3F, 0xC3, 0x00, 0x30, 0x03, 0xF4, 0x00, 0xC0, 0x0C, 0x30, 0xC1, 0xF4,
    0x06, 0x00, 0xC0, 0x18, 0x03, 0xF4, 0x30, 0xC6, 0x09, 0x30, 0xC1, 0xF4, 0x3F, 0xD2, 0x08, 0x00,
    0xC0, 0x18, 0x03, 0x00, 0x30, 0x09, 0x00, 0xC0, 0x1F, 0x43, 0x0C, 0x30, 0xC1, 0xF4, 0x30, 0xC6,
    0x09, 0x30, 0xC1, 0xF4, 0x1F, 0x43, 0x0C, 0x60, 0x93, 0x0C, 0x1F, 0xC0, 0x34, 0x07, 0x00, 0xD0,
    0xA9, 0x00, 0x9A, 0xAA, 0x00, 0x0A, 0x9C, 0x00, 0x80, 0xA0, 0x30, 0x02, 0xD0, 0x02, 0xC0, 0x00,
    0x3F, 0xC0, 0x00, 0x00, 0x03, 0xFC, 0x20, 0x01, 0xE0, 0x01, 0xC0, 0x78, 0x38, 0x00, 0x00, 0xBC,
    0x06, 0x03, 0x06, 0x3C, 0x30, 0x00, 0x30, 0x1F, 0x83, 0x09, 0x50, 0x69, 0x3A, 0x99, 0x69, 0x82,
    0x99, 0x65, 0x3C, 0x30, 0x01, 0xF4, 0x0A, 0x00, 0xF0, 0x0A, 0x01, 0x54, 0x20, 0x83, 0xFC, 0x30,
    0xC6, 0x09, 0x3F, 0x43, 0x0C, 0x30, 0xC3, 0xF4, 0x30, 0xC3, 0x09, 0x30, 0xC3, 0xF4, 0x1F, 0x43,
    0x0C, 0x30, 0x03, 0x00, 0x30, 0x03, 0x00, 0x30, 0xC1, 0xF4, 0x3F, 0x43, 0x0C, 0x30, 0xC3, 0x0C,
    0x30, 0xC3, 0x0C, 0x30, 0xC3, 0xF4, 0xFF, 0x30, 0x0C, 0x03, 0xF8, 0xC0, 0x30, 0x0C, 0x03, 0xFC,
    0x3F, 0xC3, 0x00, 0x30, 0x03, 0x00, 0x3F, 0xC3, 0x00, 0x30, 0x03, 0x00, 0x1F, 0x43, 0x0C, 0x30,
    0x43, 0x00, 0x33, 0xC3, 0x08, 0x30, 0xC1, 0xF4, 0x30, 0xC3, 0x0C, 0x30, 0xC3, 0xFC, 0x30, 0xC3,
    0x0C, 0x30, 0xC3, 0x0C, 0xFF, 0x14, 0x14, 0x14, 0x14, 0x14, 0x14, 0xFF, 0x00, 0xC0, 0x30, 0x0C,
    0x03, 0x00, 0xC0, 0x36, 0x0C, 0xBC, 0x30, 0x83, 0x18, 0x33, 0x03, 0xF0, 0x33, 0x03, 0x18, 0x30,
    0xC3, 0x09, 0x80, 0x20, 0x08, 0x02, 0x00, 0x80, 0x20, 0x08, 0x02, 0xFD, 0x70, 0xD7, 0x59, 0x6A,
    0x96, 0xA9, 0x60, 0x96, 0x09, 0x60, 0x96, 0x09, 0x34, 0xC3, 0x8C, 0x2C, 0xC3, 0x8C, 0x32, 0xC3,
    0x38, 0x32, 0xC3, 0x1C, 0x1F, 0x43, 0x0C, 0x30, 0xC3, 0x0C, 0x30, 0xC3, 0x0C, 0x30, 0xC1, 0xF4,
    0x3F, 0x83, 0x09, 0x30, 0x53, 0x09, 0x3F, 0x83, 0x00, 0x30, 0x03, 0x00, 0x1F, 0x43, 0x0C, 0x20,
    0x82, 0x08, 0x20, 0x82, 0x08, 0x30, 0xC1, 0xF4, 0x02, 0x40, 0x0C, 0x3F, 0x43, 0x0C, 0x30, 0x93,
    0x0C, 0x3F, 0x43, 0x24, 0x30, 0x83, 0x0C, 0x1F, 0x43, 0x0C, 0x30, 0x02, 0xE0, 0x02, 0xC0, 0x08,
    0x30, 0xC1, 0xF4, 0x7F, 0xD0, 0x50, 0x05, 0x00, 0x50, 0x05, 0x00, 0x50, 0x05, 0x00, 0x50, 0x30,
    0xC3, 0x0C, 0x30, 0xC3, 0x0C, 0x30, 0xC3, 0x0C, 0x30, 0xC1, 0xF4, 0x60, 0x93, 0x0C, 0x30, 0xC2,
    0x08, 0x15, 0x40, 0xA0, 0x0F, 0x00, 0xA0, 0x8A, 0x28, 0xA2, 0x9A, 0x65, 0xA5, 0x5A, 0x92, 0x5C,
    0x35, 0xC3, 0x5C, 0x30, 0x82, 0x48, 0x0A, 0x00, 0xA0, 0x0F, 0x01, 0xA4, 0x30, 0xC6, 0x09, 0x60,
    0x53, 0x0C, 0x25, 0x80, 0xF0, 0x0A, 0x00, 0x50, 0x05, 0x00, 0x50, 0x3F, 0xC0, 0x0C, 0x02, 0x00,
    0x60, 0x0C, 0x01, 0x80, 0x30, 0x03, 0xFC, 0xF7, 0x0C, 0x30, 0xC3, 0x0C, 0x30, 0xC3, 0xD0, 0x30,
    0x02, 0x00, 0x18, 0x00, 0xC0, 0x09, 0x00, 0x60, 0x03, 0x00, 0x24, 0x00, 0x80, 0x0C, 0x7C, 0x30,
    0xC3, 0x0C, 0x30, 0xC3, 0x0D, 0xF0, 0x0A, 0x00, 0xA0, 0x25, 0x83, 0x0C, 0x7F, 0xD0, 0x10, 0x90,
    0x1F, 0x41, 0x0C, 0x2F, 0xC3, 0x0C, 0x20, 0xC2, 0xEC, 0x30, 0x03, 0x00, 0x3B, 0x43, 0x0C, 0x30,
    0xC3, 0x0C, 0x30, 0xC3, 0xB4, 0x1F, 0x43, 0x0C, 0x30, 0x03, 0x00, 0x30, 0xC1, 0xF4, 0x00, 0xC0,
    0x0C, 0x1E, 0xC3, 0x0C, 0x30, 0xC3, 0x0C, 0x30, 0xC1, 0xEC, 0x1F, 0x43, 0x0C, 0x3F, 0xC2, 0x00,
    0x30, 0x81, 0xF4, 0x07, 0xD0, 0xC0, 0x0C, 0x07, 0xFD, 0x0C, 0x00, 0xC0, 0x0C, 0x00, 0xC0, 0x1E,
    0xC3, 0x0C, 0x30, 0xC3, 0x0C, 0x30, 0xC1, 0xEC, 0x00, 0xC1, 0xF4, 0x30, 0x03, 0x00, 0x3B, 0x43,
    0x0C, 0x30, 0xC3, 0x0C, 0x30, 0xC3, 0x0C, 0x06, 0x00, 0x00, 0x3E, 0x00, 0x20, 0x02, 0x00, 0x20,
    0x02, 0x03, 0xFD, 0x02, 0x40, 0x03, 0xF4, 0x09, 0x02, 0x40, 0x90, 0x24, 0x09, 0x03, 0x0F, 0x80,
    0x30, 0x03, 0x00, 0x30, 0xC3, 0x24, 0x3F, 0x03, 0x34, 0x30, 0xC3, 0x09, 0xBC, 0x00, 0xC0, 0x0C,
    0x00, 0xC0, 0x0C, 0x00, 0xC0, 0x0C, 0x00, 0x7D, 0x6E, 0xC5, 0x55, 0x55, 0x55, 0x55, 0x55, 0x55,
    0x55, 0x3B, 0x43, 0x0C, 0x30, 0xC3, 0x0C, 0x30, 0xC3, 0x0C, 0x1F, 0x43, 0x0C, 0x20, 0x82, 0x08,
    0x30, 0xC1, 0xF4, 0x3B, 0x43, 0x0C, 0x30, 0xC3, 0x0C, 0x30, 0xC3, 0xB4, 0x30, 0x03, 0x00, 0x1E,
    0xC3, 0x0C, 0x30, 0xC3, 0x0C, 0x30, 0xC1, 0xEC, 0x00, 0xC0, 0x0C, 0xEE, 0x30, 0xCC, 0x13, 0x00,
    0xC0, 0x30, 0x00, 0x2F, 0x83, 0x04, 0x39, 0x00, 0x1C, 0x20, 0xC2, 0xF8, 0x04, 0x00, 0xC0, 0x7F,
    0xC0, 0xC0, 0x0C, 0x00, 0xC0, 0x0C, 0x00, 0xBC, 0x30, 0xC3, 0x0C, 0x30, 0xC3, 0x0C, 0x30, 0xC1,
    0xF4, 0x60, 0x93, 0x0C, 0x24, 0x81, 0xA4, 0x0F, 0x00, 0xA0, 0x8A, 0x25, 0xA5, 0x5A, 0x52, 0xA8,
    0x35, 0xC3, 0x5C, 0x30, 0xC1, 0xA4, 0x0F, 0x00, 0xF0, 0x25, 0x83, 0x0C, 0x60, 0x93, 0x0C, 0x25,
    0x80, 0xA4, 0x0F, 0x00, 0xA0, 0x08, 0x00, 0xC0, 0x3F, 0xC0, 0x18, 0x03, 0x00, 0xC0, 0x24, 0x03,
    0xFC, 0x02, 0xC0, 0x20, 0x02, 0x00, 0x20, 0x3C, 0x00, 0x20, 0x03, 0x00, 0x20, 0x03, 0x00, 0x2C,
    0x55, 0x55, 0x55, 0x55, 0x55, 0x38, 0x00, 0x80, 0x0C, 0x00, 0xC0, 0x07, 0xC0, 0xC0, 0x0C, 0x00,
    0x80, 0x08, 0x03, 0x80, 0x3C, 0x96, 0x3C, 0x50, 0x05, 0x55, 0x5A, 0x05, 0x00, 0xA0, 0x3A, 0xC3,
    0x54, 0x35, 0x03, 0x54, 0x3A, 0xC0, 0xA0, 0x05, 0x00, 0x1F, 0x43, 0x0C, 0x30, 0x03, 0x00, 0x3F,
    0x40, 0x80, 0x34, 0x07, 0xFD, 0x00, 0x03, 0xFC, 0x30, 0xC2, 0x08, 0x30, 0xC7, 0xFD, 0x00, 0x00,
    0x60, 0x93, 0x0C, 0x25, 0x80, 0xF0, 0x7F, 0xD0, 0x50, 0x7F, 0xD0, 0x50, 0x55, 0x55, 0x00, 0x55,
    0x55, 0x2F, 0x83, 0x08, 0x34, 0x02, 0xF8, 0x30, 0xC3, 0x0C, 0x1F, 0x80, 0x0C, 0x20, 0xC2, 0xF8,
    0x55, 0x1A, 0x41, 0xA8, 0x89, 0x28, 0x42, 0x85, 0x21, 0xA8, 0x1A, 0x40, 0x14, 0x2C, 0x28, 0x0C,
    0xC3, 0x24, 0xA3, 0x03, 0x24, 0x0C, 0xD0, 0xFF, 0x03, 0x01, 0xBE, 0x1A, 0x42, 0xA8, 0x89, 0x28,
    0xE2, 0x8A, 0x21, 0x08, 0x1A, 0x40, 0xBE, 0x28, 0x55, 0x55, 0x28, 0x05, 0x00, 0x50, 0x7F, 0xD0,
    0x50, 0x05, 0x03, 0xFC, 0x3C, 0x05, 0x14, 0x7D, 0x7D, 0x1C, 0x06, 0x3D, 0x11, 0x80, 0x30, 0xC3,
    0x0C, 0x30, 0xC3, 0x0C, 0x30, 0xC3, 0xFC, 0x30, 0x03, 0x00, 0x2D, 0xC7, 0xDC, 0x7D, 0xC7, 0xDC,
    0x2D, 0xC0, 0x5C, 0x05, 0xC0, 0x5C, 0x05, 0xC0, 0x5C, 0xAA, 0x80, 0xCA, 0x00, 0x28, 0x08, 0x08,
    0x6E, 0x28, 0x14, 0x28, 0x73, 0x01, 0x8C, 0x0C, 0xA1, 0x8C, 0x73, 0x00, 0x30, 0x22, 0x08, 0x21,
    0x46, 0xA0, 0x08, 0x41, 0x54, 0x22, 0x98, 0x01, 0x00, 0x07, 0x05, 0x20, 0x82, 0x10, 0x6A, 0x00,
    0x98, 0x15, 0x22, 0x08, 0x82, 0x90, 0x64, 0x22, 0x08, 0x19, 0x46, 0x60, 0x08, 0x41, 0x94, 0x32,
    0x98, 0x01, 0x0C, 0x00, 0x0C, 0x3C, 0x90, 0xC0, 0x90, 0x3E, 0x04, 0x00, 0x90, 0x00, 0x00, 0xA0,
    0x0F, 0x00, 0xA0, 0x15, 0x42, 0x08, 0x3F, 0xC3, 0x0C, 0x60, 0x90, 0x01, 0x00, 0x20, 0x00, 0x00,
    0xA0, 0x0F, 0x00, 0xA0, 0x15, 0x42, 0x08, 0x3F, 0xC3, 0x0C, 0x60, 0x90, 0x05, 0x01, 0xA4, 0x00,
    0x00, 0xA0, 0x0F, 0x00, 0xA0, 0x15, 0x42, 0x08, 0x3F, 0xC3, 0x0C, 0x60, 0x90, 0x18, 0x41, 0x24,
    0x00, 0x00, 0xA0, 0x0F, 0x00, 0xA0, 0x15, 0x42, 0x08, 0x3F, 0xC3, 0x0C, 0x60, 0x90, 0x15, 0x40,
    0x00, 0x0A, 0x00, 0xF0, 0x0A, 0x01, 0x54, 0x20, 0x83, 0xFC, 0x30, 0xC6, 0x09, 0x0A, 0x00, 0xA0,
    0x0A, 0x00, 0xA0, 0x0F, 0x00, 0xA0, 0x15, 0x42, 0x08, 0x3F, 0xC3, 0x0C, 0x60, 0x90, 0x1F, 0xE2,
    0x70, 0x23, 0x03, 0x3D, 0x33, 0x07, 0xF0, 0x53, 0x09, 0x3E, 0x1F, 0x43, 0x0C, 0x30, 0x03, 0x00,
    0x30, 0x03, 0x00, 0x30, 0xC1, 0xF4, 0x05, 0x00, 0xF0, 0x10, 0x09, 0x00, 0x03, 0xFC, 0xC0, 0x30,
    0x0F, 0xE3, 0x00, 0xC0, 0x30, 0x0F, 0xF0, 0x04, 0x03, 0x00, 0x03, 0xFC, 0xC0, 0x30, 0x0F, 0xE3,
    0x00, 0xC0, 0x30, 0x0F, 0xF0, 0x14, 0x1A, 0x40, 0x03, 0xFC, 0xC0, 0x30, 0x0F, 0xE3, 0x00, 0xC0,
    0x30, 0x0F, 0xF0, 0x52, 0x00, 0x0F, 0xF3, 0x00, 0xC0, 0x3F, 0x8C, 0x03, 0x00, 0xC0, 0x3F, 0xC0,
    0x10, 0x24, 0x00, 0xFF, 0x14, 0x14, 0x14, 0x14, 0x14, 0x14, 0xFF, 0x04, 0x08, 0x00, 0xFF, 0x14,
    0x14, 0x14, 0x14, 0x14, 0x14, 0xFF, 0x14, 0x69, 0x00, 0xFF, 0x14, 0x14, 0x14, 0x14, 0x14, 0x14,
    0xFF, 0x55, 0x00, 0xFF, 0x14, 0x14, 0x14, 0x14, 0x14, 0x14, 0xFF, 0x3F, 0x43, 0x0C, 0x30, 0xC3,
    0x0C, 0xFC, 0xC3, 0x0C, 0x30, 0xC3, 0xF4, 0x18, 0x41, 0x24, 0x00, 0x03, 0x4C, 0x38, 0xC2, 0xCC,
    0x38, 0xC3, 0x2C, 0x33, 0x83, 0x2C, 0x31, 0xC0, 0x04, 0x00, 0x90, 0x00, 0x01, 0xF4, 0x30, 0xC3,
    0x0C, 0x30, 0xC3, 0x0C, 0x30, 0xC3, 0x0C, 0x1F, 0x40, 0x01, 0x00, 0x20, 0x00, 0x01, 0xF4, 0x30,
    0xC3, 0x0C, 0x30, 0xC3, 0x0C, 0x30, 0xC3, 0x0C, 0x1F, 0x40, 0x05, 0x01, 0xA4, 0x00, 0x01, 0xF4,
    0x30, 0xC3, 0x0C, 0x30, 0xC3, 0x0C, 0x30, 0xC3, 0x0C, 0x1F, 0x40, 0x18, 0x41, 0x24, 0x00, 0x01,
    0xF4, 0x30, 0xC3, 0x0C, 0x30, 0xC3, 0x0C, 0x30, 0xC3, 0x0C, 0x1F, 0x40, 0x15, 0x40, 0x00, 0x1F,
    0x43, 0x0C, 0x30, 0xC3, 0x0C, 0x30, 0xC3, 0x0C, 0x30, 0xC1, 0xF4, 0x00, 0x96, 0x38, 0x69, 0x41,
    0x1F, 0x93, 0x0C, 0x32, 0xC3, 0x2C, 0x38, 0xC3, 0x8C, 0x30, 0xC3, 0xF4, 0x40, 0x00, 0x04, 0x00,
    0x90, 0x00, 0x03, 0x0C, 0x30, 0xC3, 0x0C, 0x30, 0xC3, 0x0C, 0x30, 0xC3, 0x0C, 0x1F, 0x40, 0x01,
    0x00, 0x20, 0x00, 0x03, 0x0C, 0x30, 0xC3, 0x0C, 0x30, 0xC3, 0x0C, 0x30, 0xC3, 0x0C, 0x1F, 0x40,
    0x05, 0x01, 0xA4, 0x00, 0x03, 0x0C, 0x30, 0xC3, 0x0C, 0x30, 0xC3, 0x0C, 0x30, 0xC3, 0x0C, 0x1F,
    0x40, 0x15, 0x40, 0x00, 0x30, 0xC3, 0x0C, 0x30, 0xC3, 0x0C, 0x30, 0xC3, 0x0C, 0x30, 0xC1, 0xF4,
    0x01, 0x00, 0x20, 0x00, 0x06, 0x05, 0x30, 0xC2, 0x58, 0x0F, 0x00, 0xA0, 0x05, 0x00, 0x50, 0x05,
    0x00, 0x30, 0x03, 0x00, 0x3F, 0x83, 0x09, 0x30, 0x93, 0xF8, 0x30, 0x03, 0x00, 0x1F, 0x43, 0x0C,
    0x30, 0xC3, 0x74, 0x30, 0xC3, 0x09, 0x30, 0xC3, 0x74, 0x04, 0x00, 0x90, 0x00, 0x01, 0xF4, 0x10,
    0xC2, 0xFC, 0x30, 0xC2, 0x0C, 0x2E, 0xC0, 0x01, 0x00, 0x20, 0x00, 0x01, 0xF4, 0x10, 0xC2, 0xFC,
    0x30, 0xC2, 0x0C, 0x2E, 0xC0, 0x05, 0x01, 0xA4, 0x00, 0x01, 0xF4, 0x10, 0xC2, 0xFC, 0x30, 0xC2,
    0x0C, 0x2E, 0xC0, 0x08, 0x41, 0x24, 0x00, 0x01, 0xF4, 0x10, 0xC2, 0xFC, 0x30, 0xC2, 0x0C, 0x2E,
    0xC0, 0x15, 0x80, 0x00, 0x1F, 0x41, 0x0C, 0x2F, 0xC3, 0x0C, 0x20, 0xC2, 0xEC, 0x0A, 0x00, 0x90,
    0x0A, 0x01, 0xF4, 0x10, 0xC2, 0xFC, 0x30, 0xC2, 0x0C, 0x2E, 0xC0, 0x3A, 0xD4, 0x52, 0x3F, 0xE9,
    0x50, 0x96, 0x13, 0xAD, 0x1F, 0x43, 0x0C, 0x30, 0x03, 0x00, 0x30, 0xC1, 0xF4, 0x05, 0x00, 0xF0,
    0x04, 0x00, 0x90, 0x00, 0x01, 0xF4, 0x30, 0xC3, 0xFC, 0x20, 0x03, 0x08, 0x1F, 0x40, 0x01, 0x00,
    0x20, 0x00, 0x01, 0xF4, 0x30, 0xC3, 0xFC, 0x20, 0x03, 0x08, 0x1F, 0x40, 0x05, 0x01, 0xA4, 0x00,
    0x01, 0xF4, 0x30, 0xC3, 0xFC, 0x20, 0x03, 0x08, 0x1F, 0x40, 0x15, 0x40, 0x00, 0x1F, 0x43, 0x0C,
    0x3F, 0xC2, 0x00, 0x30, 0x81, 0xF4, 0x04, 0x00, 0x90, 0x00, 0x03, 0xE0, 0x02, 0x00, 0x20, 0x02,
    0x00, 0x20, 0x3F, 0xD0, 0x01, 0x00, 0x30, 0x00, 0x03, 0xE0, 0x02, 0x00, 0x20, 0x02, 0x00, 0x20,
    0x3F, 0xD0, 0x01, 0x00, 0xA4, 0x00, 0x03, 0xE0, 0x02, 0x00, 0x20, 0x02, 0x00, 0x20, 0x3F, 0xD0,
    0x14, 0x80, 0x00, 0x3E, 0x00, 0x20, 0x02, 0x00, 0x20, 0x02, 0x03, 0xFD, 0x00, 0x00, 0xE8, 0x1F,
    0x00, 0x24, 0x1E, 0xC3, 0x0C, 0x60, 0x93, 0x0C, 0x1F, 0x40, 0x08, 0x41, 0x24, 0x00, 0x03, 0xB4,
    0x30, 0xC3, 0x0C, 0x30, 0xC3, 0x0C, 0x30, 0xC0, 0x04, 0x00, 0x90, 0x00, 0x01, 0xF4, 0x30, 0xC2,
    0x08, 0x20, 0x83, 0x0C, 0x1F, 0x40, 0x01, 0x00, 0x20, 0x00, 0x01, 0xF4, 0x30, 0xC2, 0x08, 0x20,
    0x83, 0x0C, 0x1F, 0x40, 0x05, 0x01, 0xA4, 0x00, 0x01, 0xF4, 0x30, 0xC2, 0x08, 0x20, 0x83, 0x0C,
    0x1F, 0x40, 0x08, 0x41, 0x20, 0x00, 0x01, 0xF4, 0x30, 0xC2, 0x08, 0x20, 0x83, 0x0C, 0x1F, 0x40,
    0x15, 0x40, 0x00, 0x1F, 0x43, 0x0C, 0x20, 0x82, 0x08, 0x30, 0xC1, 0xF4, 0x28, 0x14, 0x00, 0xFF,
    0x14, 0x28, 0x00, 0x11, 0xFC, 0x31, 0xC2, 0x28, 0x3C, 0x83, 0x4C, 0x7F, 0x40, 0x04, 0x00, 0x90,
    0x00, 0x03, 0x0C, 0x30, 0xC3, 0x0C, 0x30, 0xC3, 0x0C, 0x1F, 0x40, 0x01, 0x00, 0x20, 0x00, 0x03,
    0x0C, 0x30, 0xC3, 0x0C, 0x30, 0xC3, 0x0C, 0x1F, 0x40, 0x05, 0x01, 0xA4, 0x00, 0x03, 0x0C, 0x30,
    0xC3, 0x0C, 0x30, 0xC3, 0x0C, 0x1F, 0x40, 0x15, 0x40, 0x00, 0x30, 0xC3, 0x0C, 0x30, 0xC3, 0x0C,
    0x30, 0xC1, 0xF4, 0x01, 0x00, 0x20, 0x00, 0x06, 0x09, 0x30, 0xC2, 0x58, 0x0A, 0x40, 0xF0, 0x0A,
    0x00, 0x80, 0x0C, 0x00, 0x30, 0x03, 0x00, 0x3B, 0x43, 0x0C, 0x30, 0xC3, 0x0C, 0x30, 0xC3, 0xB4,
    0x30, 0x03, 0x00, 0x15, 0x40, 0x00, 0x60, 0x93, 0x0C, 0x25, 0x80, 0xA4, 0x0F, 0x00, 0xA0, 0x08,
    0x00, 0xC0, 0x2F, 0x80, 0x00, 0x0A, 0x00, 0xF0, 0x0A, 0x01, 0x54, 0x20, 0x83, 0xFC, 0x30, 0xC6,
    0x09, 0x1F, 0x80, 0x00, 0x1F, 0x41, 0x0C, 0x2F, 0xC3, 0x0C, 0x20, 0xC2, 0xEC, 0x10, 0x40, 0xF0,
    0x0A, 0x00, 0xF0, 0x0A, 0x01, 0x54, 0x20, 0x83, 0xFC, 0x30, 0xC6, 0x09, 0x10, 0x40, 0xF0, 0x00,
    0x01, 0xF4, 0x10, 0xC2, 0xFC, 0x30, 0xC2, 0x0C, 0x2E, 0xC0, 0x0A, 0x00, 0xF0, 0x0A, 0x01, 0x54,
    0x20, 0x83, 0xFC, 0x30, 0xC6, 0x09, 0x00, 0x80, 0x0E, 0x1F, 0x41, 0x0C, 0x2F, 0xC3, 0x0C, 0x20,
    0xC2, 0xEC, 0x00, 0x80, 0x0E, 0x01, 0x00, 0x20, 0x00, 0x01, 0xF4, 0x30, 0xC3, 0x00, 0x30, 0x03,
    0x00, 0x30, 0x03, 0x0C, 0x1F, 0x40, 0x01, 0x00, 0x20, 0x00, 0x01, 0xF4, 0x30, 0xC3, 0x00, 0x30,
    0x03, 0x0C, 0x1F, 0x40, 0x05, 0x01, 0xA4, 0x00, 0x01, 0xF4, 0x30, 0xC3, 0x00, 0x30, 0x03, 0x00,
    0x30, 0x03, 0x0C, 0x1F, 0x40, 0x05, 0x01, 0xA4, 0x00, 0x01, 0xF4, 0x30, 0xC3, 0x00, 0x30, 0x03,
    0x0C, 0x1F, 0x40, 0x05, 0x00, 0x00, 0x1F, 0x43, 0x0C, 0x30, 0x03, 0x00, 0x30, 0x03, 0x00, 0x30,
    0xC1, 0xF4, 0x05, 0x00, 0x00, 0x1F, 0x43, 0x0C, 0x30, 0x03, 0x00, 0x30, 0xC1, 0xF4, 0x10, 0x40,
    0xB0, 0x00, 0x01, 0xF4, 0x30, 0xC3, 0x00, 0x30, 0x03, 0x00, 0x30, 0x03, 0x0C, 0x1F, 0x40, 0x14,
    0x40, 0xB0, 0x00, 0x01, 0xF4, 0x30, 0xC3, 0x00, 0x30, 0x03, 0x0C, 0x1F, 0x40, 0x10, 0x40, 0xF0,
    0x00, 0x03, 0xF4, 0x30, 0xC3, 0x0C, 0x30, 0xC3, 0x0C, 0x30, 0xC3, 0x0C, 0x3F, 0x40, 0x01, 0xB0,
    0x06, 0x82, 0xE8, 0x18, 0xA0, 0x61, 0x81, 0x86, 0x06, 0x28, 0x0B, 0xA0, 0x3F, 0x43, 0x0C, 0x30,
    0xC3, 0x0C, 0xFC, 0xC3, 0x0C, 0x30, 0xC3, 0xF4, 0x00, 0xC0, 0x7F, 0x1E, 0xC3, 0x0C, 0x30, 0xC3,
    0x0C, 0x30, 0xC1, 0xEC, 0x7E, 0x00, 0x0F, 0xF3, 0x00, 0xC0, 0x3F, 0x8C, 0x03, 0x00, 0xC0, 0x3F,
    0xC0, 0x2F, 0x80, 0x00, 0x1F, 0x43, 0x0C, 0x3F, 0xC2, 0x00, 0x30, 0x81, 0xF4, 0x41, 0x0F, 0x0F,
    0xF3, 0x00, 0xC0, 0x3F, 0x8C, 0x03, 0x00, 0xC0, 0x3F, 0xC0, 0x10, 0x40, 0xF0, 0x00, 0x01, 0xF4,
    0x30, 0xC3, 0xFC, 0x20, 0x03, 0x08, 0x1F, 0x40, 0x18, 0x00, 0x0F, 0xF3, 0x00, 0xC0, 0x3F, 0x8C,
    0x03, 0x00, 0xC0, 0x3F, 0xC0, 0x05, 0x00, 0x00, 0x1F, 0x43, 0x0C, 0x3F, 0xC2, 0x00, 0x30, 0x81,
    0xF4, 0xFF, 0x30, 0x0C, 0x03, 0xF8, 0xC0, 0x30, 0x0C, 0x03, 0xFC, 0x05, 0x02, 0xC0, 0x1F, 0x43,
    0x0C, 0x3F, 0xC3, 0x00, 0x30, 0x81, 0xF4, 0x05, 0x00, 0x74, 0x11, 0x0B, 0x00, 0x03, 0xFC, 0xC0,
    0x30, 0x0F, 0xE3, 0x00, 0xC0, 0x30, 0x0F, 0xF0, 0x10, 0x40, 0xF0, 0x00, 0x01, 0xF4, 0x30, 0xC3,
    0xFC, 0x20, 0x03, 0x08, 0x1F, 0x40, 0x05, 0x01, 0xA4, 0x00, 0x01, 0xF4, 0x30, 0xC3, 0x04, 0x30,
    0x03, 0x3C, 0x30, 0x83, 0x0C, 0x1F, 0x40, 0x05, 0x01, 0xA4, 0x00, 0x01, 0xEC, 0x30, 0xC3, 0x0C,
    0x30, 0xC3, 0x0C, 0x1E, 0xC0, 0x0C, 0x1F, 0x40, 0x10, 0x40, 0xF0, 0x1F, 0x43, 0x0C, 0x30, 0x43,
    0x00, 0x33, 0xC3, 0x08, 0x30, 0xC1, 0xF4, 0x10, 0x40, 0xF0, 0x00, 0x01, 0xEC, 0x30, 0xC3, 0x0C,
    0x30, 0xC3, 0x0C, 0x1E, 0xC0, 0x0C, 0x1F, 0x40, 0x05, 0x00, 0x00, 0x1F, 0x43, 0x0C, 0x30, 0x43,
    0x00, 0x33, 0xC3, 0x08, 0x30, 0xC1, 0xF4, 0x05, 0x00, 0x00, 0x1E, 0xC3, 0x0C, 0x30, 0xC3, 0x0C,
    0x30, 0xC1, 0xEC, 0x00, 0xC1, 0xF4, 0x1F, 0x43, 0x0C, 0x30, 0x43, 0x00, 0x33, 0xC3, 0x08, 0x30,
    0xC1, 0xF4, 0x00, 0x00, 0x10, 0x09, 0x00, 0x01, 0x00, 0x30, 0x09, 0x00, 0x00, 0x1E, 0xC3, 0x0C,
    0x30, 0xC3, 0x0C, 0x30, 0xC1, 0xEC, 0x00, 0xC1, 0xF4, 0x05, 0x01, 0xA4, 0x00, 0x03, 0x0C, 0x30,
    0xC3, 0x0C, 0x3F, 0xC3, 0x0C, 0x30, 0xC3, 0x0C, 0x30, 0xC0, 0x04, 0x00, 0xD8, 0x00, 0x00, 0x03,
    0x00, 0x0C, 0x00, 0x3B, 0x40, 0xC3, 0x03, 0x0C, 0x0C, 0x30, 0x30, 0xC0, 0xC3, 0x00, 0x30, 0xCF,
    0xFF, 0x30, 0xC3, 0xFC, 0x30, 0xC3, 0x0C, 0x30, 0xC3, 0x0C, 0x30, 0x0F, 0xD0, 0x30, 0x03, 0xB4,
    0x30, 0xC3, 0x0C, 0x30, 0xC3, 0x0C, 0x61, 0x49, 0x00, 0xFF, 0x14, 0x14, 0x14, 0x14, 0x14, 0x14,
    0xFF, 0x08, 0x81, 0x24, 0x00, 0x03, 0xE0, 0x02, 0x00, 0x20, 0x02, 0x00, 0x20, 0x3F, 0xD0, 0xBE,
    0x00, 0xFF, 0x14, 0x14, 0x14, 0x14, 0x14, 0x14, 0xFF, 0x1F, 0x80, 0x00, 0x3E, 0x00, 0x20, 0x02,
    0x00, 0x20, 0x02, 0x03, 0xFD, 0x41, 0x3C, 0xFF, 0x14, 0x14, 0x14, 0x14, 0x14, 0x14, 0xFF, 0x00,
    0x40, 0xF4, 0x00, 0x03, 0xE0, 0x02, 0x00, 0x20, 0x02, 0x00, 0x20, 0x3F, 0xD0, 0xFF, 0x14, 0x14,
    0x14, 0x14, 0x14, 0x14, 0xFF, 0x20, 0x38, 0x01, 0x00, 0x00, 0x00, 0x03, 0xE0, 0x02, 0x00, 0x20,
    0x02, 0x00, 0x20, 0x3F, 0xD0, 0x80, 0x0B, 0x00, 0x14, 0x00, 0xFF, 0x14, 0x14, 0x14, 0x14, 0x14,
    0x14, 0xFF, 0x3E, 0x00, 0x20, 0x02, 0x00, 0x20, 0x02, 0x03, 0xFD, 0x00, 0x40, 0x0D, 0x80, 0x00,
    0x00, 0x30, 0x00, 0xC0, 0x03, 0x00, 0x0C, 0x00, 0x30, 0x00, 0xC1, 0x83, 0x02, 0xF0, 0x00, 0x01,
    0x00, 0xAC, 0x00, 0x03, 0xF4, 0x02, 0x40, 0x24, 0x02, 0x40, 0x24, 0x02, 0x40, 0x30, 0x3E, 0x00,
    0x30, 0x83, 0x18, 0x33, 0x03, 0xF0, 0x33, 0x03, 0x18, 0x30, 0xC3, 0x09, 0x00, 0x00, 0x10, 0x0C,
    0x00, 0x30, 0x03, 0x00, 0x30, 0xC3, 0x24, 0x3F, 0x03, 0x34, 0x30, 0xC3, 0x09, 0x00, 0x00, 0x10,
    0x0C, 0x00, 0xC3, 0x32, 0x4F, 0xC3, 0x24, 0xC3, 0x30, 0x90, 0x10, 0x14, 0x00, 0x02, 0x00, 0x80,
    0x20, 0x08, 0x02, 0x00, 0x80, 0x20, 0x0B, 0xF4, 0x01, 0x00, 0xC0, 0x00, 0x0B, 0xC0, 0x0C, 0x00,
    0xC0, 0x0C, 0x00, 0xC0, 0x0C, 0x00, 0xC0, 0x07, 0xD0, 0x80, 0x20, 0x08, 0x02, 0x00, 0x80, 0x20,
    0x08, 0x02, 0xFD, 0x00, 0x01, 0x01, 0x80, 0xBC, 0x00, 0xC0, 0x0C, 0x00, 0xC0, 0x0C, 0x00, 0xC0,
    0x0C, 0x00, 0x7D, 0x00, 0x00, 0x10, 0x09, 0x00, 0x85, 0x21, 0x08, 0x02, 0x00, 0x80, 0x20, 0x08,
    0x02, 0xFD, 0xBC, 0xC0, 0xC8, 0x0C, 0x00, 0xC0, 0x0C, 0x00, 0xC0, 0x0C, 0x00, 0x7D, 0x80, 0x20,
    0x08, 0x02, 0x0C, 0x83, 0x60, 0x08, 0x02, 0xFD, 0xFC, 0x00, 0x30, 0x00, 0xC0, 0x03, 0x0C, 0x0C,
    0x30, 0x30, 0x00, 0xC0, 0x02, 0xF4, 0x20, 0x02, 0x00, 0x26, 0x02, 0xC0, 0xB0, 0x02, 0x00, 0x20,
    0x02, 0xFD, 0xBC, 0x00, 0xC0, 0x0D, 0x80, 0xE0, 0x2C, 0x00, 0xC0, 0x0C, 0x00, 0x7D, 0x01, 0x00,
    0x20, 0x00, 0x03, 0x4C, 0x38, 0xC2, 0xCC, 0x38, 0xC3, 0x2C, 0x33, 0x83, 0x2C, 0x31, 0xC0, 0x01,
    0x00, 0x20, 0x00, 0x03, 0xB4, 0x30, 0xC3, 0x0C, 0x30, 0xC3, 0x0C, 0x30, 0xC0, 0x34, 0xC3, 0x8C,
    0x2C, 0xC3, 0x8C, 0x32, 0xC3, 0x38, 0x32, 0xC3, 0x1C, 0x00, 0x00, 0x10, 0x0C, 0x00, 0x3B, 0x43,
    0x0C, 0x30, 0xC3, 0x0C, 0x30, 0xC3, 0x0C, 0x00, 0x00, 0x10, 0x0C, 0x00, 0x10, 0x40, 0xF0, 0x00,
    0x03, 0x4C, 0x38, 0xC2, 0xCC, 0x38, 0xC3, 0x2C, 0x33, 0x83, 0x2C, 0x31, 0xC0, 0x10, 0x40, 0xB0,
    0x00, 0x03, 0xB4, 0x30, 0xC3, 0x0C, 0x30, 0xC3, 0x0C, 0x30, 0xC0, 0x04, 0x00, 0xC0, 0x00, 0xED,
    0x03, 0x0C, 0x0C, 0x30, 0x30, 0xC0, 0xC3, 0x03, 0x0C, 0x34, 0xC3, 0x8C, 0x2C, 0xC3, 0x5C, 0x32,
    0x83, 0x2C, 0x31, 0xC3, 0x0C, 0x00, 0xC0, 0xB4, 0x3B, 0x43, 0x0C, 0x30, 0xC3, 0x0C, 0x30, 0xC3,
    0x0C, 0x00, 0xC0, 0xB4, 0x2F, 0x80, 0x00, 0x1F, 0x43, 0x0C, 0x30, 0xC3, 0x0C, 0x30, 0xC3, 0x0C,
    0x30, 0xC1, 0xF4, 0x2F, 0x80, 0x00, 0x1F, 0x43, 0x0C, 0x20, 0x82, 0x08, 0x30, 0xC1, 0xF4, 0x10,
    0x40, 0xF0, 0x1F, 0x43, 0x0C, 0x30, 0xC3, 0x0C, 0x30, 0xC3, 0x0C, 0x30, 0xC1, 0xF4, 0x10, 0x40,
    0xF0, 0x00, 0x01, 0xF4, 0x30, 0xC2, 0x08, 0x20, 0x83, 0x0C, 0x1F, 0x40, 0x08, 0x80, 0x94, 0x00,
    0x01, 0xF4, 0x30, 0xC3, 0x0C, 0x30, 0xC3, 0x0C, 0x30, 0xC3, 0x0C, 0x1F, 0x40, 0x08, 0x80, 0x94,
    0x00, 0x01, 0xF4, 0x30, 0xC2, 0x08, 0x20, 0x83, 0x0C, 0x1F, 0x40, 0x3B, 0xE9, 0x30, 0x93, 0x09,
    0x3D, 0x93, 0x09, 0x30, 0x93, 0x03, 0xBE, 0x7A, 0xD9, 0x96, 0x87, 0xE8, 0x50, 0x9A, 0x17, 0xAC,
    0x01, 0x00, 0x20, 0x00, 0x03, 0xF4, 0x30, 0xC3, 0x09, 0x30, 0xC3, 0xF4, 0x32, 0x43, 0x08, 0x30,
    0xC0, 0x04, 0x03, 0x00, 0x03, 0xB8, 0xC3, 0x30, 0x4C, 0x03, 0x00, 0xC0, 0x00, 0x3F, 0x43, 0x0C,
    0x30, 0x93, 0x0C, 0x3F, 0x43, 0x24, 0x30, 0x83, 0x0C, 0x00, 0x00, 0x10, 0x0C, 0x00, 0x3B, 0x83,
    0x0C, 0x30, 0x43, 0x00, 0x30, 0x03, 0x00, 0x00, 0x01, 0x00, 0x60, 0x00, 0x10, 0x40, 0xF0, 0x00,
    0x03, 0xF4, 0x30, 0xC3, 0x09, 0x30, 0xC3, 0xF4, 0x32, 0x43, 0x08, 0x30, 0xC0, 0x11, 0x0B, 0x00,
    0x03, 0xB8, 0xC3, 0x30, 0x4C, 0x03, 0x00, 0xC0, 0x00, 0x01, 0x00, 0x20, 0x00, 0x01, 0xF4, 0x30,
    0xC3, 0x00, 0x2E, 0x00, 0x2C, 0x00, 0x83, 0x0C, 0x1F, 0x40, 0x01, 0x00, 0x20, 0x00, 0x02, 0xF8,
    0x30, 0x43, 0x90, 0x01, 0xC2, 0x0C, 0x2F, 0x80, 0x05, 0x01, 0xA4, 0x00, 0x01, 0xF4, 0x30, 0xC3,
    0x00, 0x2E, 0x00, 0x2C, 0x00, 0x83, 0x0C, 0x1F, 0x40, 0x05, 0x01, 0xA4, 0x00, 0x02, 0xF8, 0x30,
    0x43, 0x90, 0x01, 0xC2, 0x0C, 0x2F, 0x80, 0x1F, 0x43, 0x0C, 0x30, 0x02, 0xE0, 0x02, 0xC0, 0x08,
    0x30, 0xC1, 0xF4, 0x05, 0x00, 0xF0, 0x2F, 0x83, 0x04, 0x39, 0x00, 0x1C, 0x20, 0xC2, 0xF8, 0x05,
    0x00, 0xB0, 0x10, 0x40, 0xF0, 0x00, 0x01, 0xF4, 0x30, 0xC3, 0x00, 0x2E, 0x00, 0x2C, 0x00, 0x83,
    0x0C, 0x1F, 0x40, 0x10, 0x40, 0xF0, 0x00, 0x02, 0xF8, 0x30, 0x43, 0x90, 0x01, 0xC2, 0x0C, 0x2F,
    0x80, 0x7F, 0xD0, 0x50, 0x05, 0x00, 0x50, 0x05, 0x00, 0x50, 0x05, 0x00, 0x50, 0x02, 0x00, 0x74,
    0x04, 0x00, 0xC0, 0x7F, 0xC0, 0xC0, 0x0C, 0x00, 0xC0, 0x0C, 0x00, 0xBC, 0x02, 0x40, 0x74, 0x10,
    0x40, 0xF0, 0x00, 0x07, 0xFD, 0x05, 0x00, 0x50, 0x05, 0x00, 0x50, 0x05, 0x00, 0x50, 0x05, 0x00,
    0x00, 0x80, 0x44, 0x0C, 0x07, 0xFC, 0x0C, 0x00, 0xC0, 0x0C, 0x00, 0xC0, 0x0B, 0xC0, 0x7F, 0xD0,
    0x50, 0x05, 0x00, 0x50, 0x3F, 0xC0, 0x50, 0x05, 0x00, 0x50, 0x04, 0x00, 0xC0, 0x7F, 0xC0, 0xC0,
    0x0C, 0x03, 0xF8, 0x0C, 0x00, 0xBC, 0x18, 0x41, 0x24, 0x00, 0x03, 0x0C, 0x30, 0xC3, 0x0C, 0x30,
    0xC3, 0x0C, 0x30, 0xC3, 0x0C, 0x1F, 0x40, 0x08, 0x41, 0x20, 0x00, 0x03, 0x0C, 0x30, 0xC3, 0x0C,
    0x30, 0xC3, 0x0C, 0x1F, 0x40, 0x2F, 0x80, 0x00, 0x30, 0xC3, 0x0C, 0x30, 0xC3, 0x0C, 0x30, 0xC3,
    0x0C, 0x30, 0xC1, 0xF4, 0x2F, 0x80, 0x00, 0x30, 0xC3, 0x0C, 0x30, 0xC3, 0x0C, 0x30, 0xC1, 0xF4,
    0x10, 0x40, 0xF0, 0x30, 0xC3, 0x0C, 0x30, 0xC3, 0x0C, 0x30, 0xC3, 0x0C, 0x30, 0xC1, 0xF4, 0x10,
    0x40, 0xF0, 0x00, 0x03, 0x0C, 0x30, 0xC3, 0x0C, 0x30, 0xC3, 0x0C, 0x1F, 0x40, 0x0A, 0x00, 0xA0,
    0x0A, 0x03, 0x0C, 0x30, 0xC3, 0x0C, 0x30, 0xC3, 0x0C, 0x30, 0xC3, 0x0C, 0x1F, 0x40, 0x0A, 0x00,
    0x50, 0x0A, 0x03, 0x0C, 0x30, 0xC3, 0x0C, 0x30, 0xC3, 0x0C, 0x1F, 0x40, 0x08, 0x80, 0x94, 0x00,
    0x03, 0x0C, 0x30, 0xC3, 0x0C, 0x30, 0xC3, 0x0C, 0x30, 0xC3, 0x0C, 0x1F, 0x40, 0x08, 0x80, 0x94,
    0x00, 0x03, 0x0C, 0x30, 0xC3, 0x0C, 0x30, 0xC3, 0x0C, 0x1F, 0x40, 0x30, 0xC3, 0x0C, 0x30, 0xC3,
    0x0C, 0x30, 0xC3, 0x0C, 0x30, 0xC1, 0xF0, 0x01, 0x00, 0x34, 0x30, 0xC3, 0x0C, 0x30, 0xC3, 0x0C,
    0x30, 0xC1, 0xF4, 0x06, 0x00, 0x74, 0x05, 0x01, 0xA4, 0x00, 0x08, 0xA2, 0x8A, 0x29, 0xA6, 0x5A,
    0x55, 0xA9, 0x25, 0xC3, 0x5C, 0x35, 0xC0, 0x05, 0x01, 0xA4, 0x00, 0x08, 0xA2, 0x5A, 0x55, 0xA5,
    0x2A, 0x83, 0x5C, 0x35, 0xC0, 0x05, 0x01, 0xA4, 0x00, 0x06, 0x05, 0x30, 0xC2, 0x58, 0x0F, 0x00,
    0xA0, 0x05, 0x00, 0x50, 0x05, 0x00, 0x05, 0x01, 0xA4, 0x00, 0x06, 0x09, 0x30, 0xC2, 0x58, 0x0A,
    0x40, 0xF0, 0x0A, 0x00, 0x80, 0x0C, 0x00, 0x15, 0x40, 0x00, 0x60, 0x53, 0x0C, 0x25, 0x80, 0xF0,
    0x0A, 0x00, 0x50, 0x05, 0x00, 0x50, 0x01, 0x00, 0x20, 0x00, 0x03, 0xFC, 0x00, 0xC0, 0x20, 0x06,
    0x00, 0xC0, 0x18, 0x03, 0x00, 0x3F, 0xC0, 0x01, 0x00, 0x20, 0x00, 0x03, 0xFC, 0x01, 0x80, 0x30,
    0x0C, 0x02, 0x40, 0x3F, 0xC0, 0x05, 0x00, 0x00, 0x3F, 0xC0, 0x0C, 0x02, 0x00, 0x60, 0x0C, 0x01,
    0x80, 0x30, 0x03, 0xFC, 0x05, 0x00, 0x00, 0x3F, 0xC0, 0x18, 0x03, 0x00, 0xC0, 0x24, 0x03, 0xFC,
    0x10, 0x40, 0xF0, 0x00, 0x03, 0xFC, 0x00, 0xC0, 0x20, 0x06, 0x00, 0xC0, 0x18, 0x03, 0x00, 0x3F,
    0xC0, 0x10, 0x40, 0xF0, 0x00, 0x03, 0xFC, 0x01, 0x80, 0x30, 0x0C, 0x02, 0x40, 0x3F, 0xC0, 0x2F,
    0x18, 0x06, 0x01, 0x80, 0x60, 0x18, 0x06, 0x01, 0x80, 0x1F, 0x43, 0x0C, 0x10, 0xC0, 0x0C, 0x3F,
    0xC3, 0x0C, 0x30, 0xC1, 0xF4, 0x1F, 0x43, 0x0C, 0x30, 0x01, 0xF0, 0x30, 0x06, 0x00, 0x30, 0x91,
    0xF4, 0x07, 0xD0, 0xC0, 0x0C, 0x00, 0xC0, 0x7F, 0xD0, 0xC0, 0x0C, 0x00, 0xC0, 0x0C, 0x0F, 0x40,
    0x00, 0x00, 0xD8, 0x1E, 0x02, 0xA0, 0x0F, 0x01, 0xA4, 0x25, 0x83, 0x0C, 0x60, 0x90, 0x00, 0x51,
    0xFC, 0x30, 0xC3, 0x0C, 0x30, 0xC3, 0x0C, 0x30, 0xC3, 0x0C, 0x1F, 0x40, 0x00, 0x51, 0xFC, 0x30,
    0xC2, 0x08, 0x20, 0x83, 0x0C, 0x1F, 0x40, 0x00, 0x33, 0x0E, 0x30, 0xC3, 0x0C, 0x30, 0xC3, 0x0C,
    0x30, 0xC3, 0x0C, 0x1F, 0x40, 0x00, 0x00, 0x03, 0x30, 0xE3, 0x0C, 0x30, 0xC3, 0x0C, 0x30, 0xC1,
    0xF4, 0x10, 0x40, 0xF0, 0x00, 0x00, 0xA0, 0x0F, 0x00, 0xA0, 0x15, 0x42, 0x08, 0x3F, 0xC3, 0x0C,
    0x60, 0x90, 0x10, 0x40, 0xB0, 0x00, 0x01, 0xF4, 0x10, 0xC2, 0xFC, 0x30, 0xC2, 0x0C, 0x2E, 0xC0,
    0x04, 0x40, 0xB0, 0x00, 0x03, 0xE0, 0x02, 0x00, 0x20, 0x02, 0x00, 0x20, 0x3F, 0xD0, 0x10, 0x40,
    0xF0, 0x00, 0x01, 0xF4, 0x30, 0xC2, 0x08, 0x20, 0x83, 0x0C, 0x1F, 0x40, 0x10, 0x40, 0xF0, 0x00,
    0x03, 0x0C, 0x30, 0xC3, 0x0C, 0x30, 0xC3, 0x0C, 0x1F, 0x40, 0x2F, 0x80, 0x00, 0x15, 0x40, 0x00,
    0x30, 0xC3, 0x0C, 0x30, 0xC3, 0x0C, 0x30, 0xC1, 0xF4, 0x01, 0x00, 0x20, 0x00, 0x01, 0x54, 0x00,
    0x03, 0x0C, 0x30, 0xC3, 0x0C, 0x30, 0xC3, 0x0C, 0x1F, 0x40, 0x10, 0x40, 0xF0, 0x00, 0x01, 0x54,
    0x00, 0x03, 0x0C, 0x30, 0xC3, 0x0C, 0x30, 0xC3, 0x0C, 0x1F, 0x40, 0x04, 0x00, 0x90, 0x00, 0x01,
    0x54, 0x00, 0x03, 0x0C, 0x30, 0xC3, 0x0C, 0x30, 0xC3, 0x0C, 0x1F, 0x40, 0x10, 0x40, 0xF0, 0x00,
    0x01, 0xF4, 0x30, 0xC3, 0x04, 0x30, 0x03, 0x3C, 0x30, 0x83, 0x0C, 0x1F, 0x40, 0x10, 0x40, 0xF0,
    0x00, 0x01, 0xEC, 0x30, 0xC3, 0x0C, 0x30, 0xC3, 0x0C, 0x1E, 0xC0, 0x0C, 0x1F, 0x40, 0x1F, 0x43,
    0x0C, 0x30, 0xC3, 0x0C, 0x30, 0xC3, 0x0C, 0x30, 0xC1, 0xF0, 0x02, 0x00, 0x34, 0x1F, 0x43, 0x0C,
    0x30, 0xC3, 0x0C, 0x30, 0xC1, 0xF0, 0x05, 0x00, 0x74, 0x01, 0x00, 0x20, 0x00, 0x01, 0xF4, 0x30,
    0xC3, 0x04, 0x30, 0x03, 0x3C, 0x30, 0x83, 0x0C, 0x1F, 0x40, 0x01, 0x00, 0x60, 0x00, 0x01, 0xEC,
    0x30, 0xC3, 0x0C, 0x30, 0xC3, 0x0C, 0x1E, 0xC0, 0x0C, 0x1F, 0x40, 0x01, 0x00, 0x20, 0x00, 0x01,
    0xFE, 0x27, 0x02, 0x30, 0x33, 0xD3, 0x30, 0x7F, 0x05, 0x30, 0x93, 0xE0, 0x01, 0x00, 0x20, 0x00,
    0x03, 0xAD, 0x45, 0x23, 0xFE, 0x95, 0x09, 0x61, 0x3A, 0xD0, 0x01, 0x00, 0x20, 0x00, 0x01, 0xF9,
    0x30, 0xC3, 0x2C, 0x32, 0xC3, 0x8C, 0x38, 0xC3, 0x0C, 0x3F, 0x44, 0x00, 0x01, 0x00, 0x20, 0x00,
    0x11, 0xFC, 0x31, 0xC2, 0x28, 0x3C, 0x83, 0x4C, 0x7F, 0x40, 0x1F, 0x43, 0x0C, 0x30, 0x02, 0xE0,
    0x02, 0xC0, 0x08, 0x30, 0xC1, 0xF4, 0x00, 0x00, 0x10, 0x0C, 0x00, 0x2F, 0x83, 0x04, 0x39, 0x00,
    0x1C, 0x20, 0xC2, 0xF8, 0x00, 0x00, 0x10, 0x0C, 0x00, 0x7F, 0xD0, 0x50, 0x05, 0x00, 0x50, 0x05,
    0x00, 0x50, 0x05, 0x00, 0x50, 0x00, 0x00, 0x10, 0x0C, 0x00, 0x04, 0x00, 0xC0, 0x7F, 0xC0, 0xC0,
    0x0C, 0x00, 0xC0, 0x0C, 0x00, 0xBC, 0x00, 0x00, 0x10, 0x03, 0x00, 0x2F, 0x80, 0x00, 0x60, 0x53,
    0x0C, 0x25, 0x80, 0xF0, 0x0A, 0x00, 0x50, 0x05, 0x00, 0x50, 0x2F, 0x80, 0x00, 0x60, 0x93, 0x0C,
    0x25, 0x80, 0xA4, 0x0F, 0x00, 0xA0, 0x08, 0x00, 0xC0, 0x3F, 0x40, 0x90, 0x24, 0x09, 0x02, 0x40,
    0x90, 0x30, 0xF8, 0x1F, 0x42, 0x0C, 0x00, 0xC3, 0xFC, 0x30, 0xC1, 0xF4, 0x10, 0x90, 0x11, 0x80,
    0x14, 0x69, 0x21, 0x48, 0xBE, 0x41, 0x3C, 0x50, 0x55, 0xE2, 0x00, 0x28, 0x14, 0x28, 0x22, 0x09,
    0x40, 0x41, 0x3C, 0x22, 0x05, 0x80, 0x10, 0xCA, 0x00, 0x00, 0x82, 0x00, 0x50, 0x28, 0x14, 0x28,
    0x04, 0xC0, 0x80, 0xCA, 0x00, 0x10, 0xC2, 0x80, 0x7F, 0xFD, 0x00, 0x00, 0x0C, 0x02, 0x40, 0x60,
    0x0C, 0x02, 0x40, 0x60, 0x00, 0x02, 0x05, 0x08, 0x08, 0x20, 0x20, 0x50, 0x80, 0x28, 0xC3, 0x04,
    0x69, 0xC0, 0xAA, 0x00, 0x0A, 0x9C, 0x12, 0x40, 0x00, 0x08, 0x96, 0x00, 0x9A, 0x08, 0xF0, 0x0A,
    0x01, 0x54, 0x20, 0x83, 0xFC, 0x30, 0xC6, 0x09, 0xAA, 0x23, 0xFC, 0x23, 0x00, 0x03, 0x00, 0x03,
    0xF8, 0x03, 0x00, 0x03, 0x00, 0x03, 0x00, 0x03, 0xFC, 0x23, 0x0C, 0x23, 0x0C, 0x03, 0x0C, 0x03,
    0xFC, 0x03, 0x0C, 0x03, 0x0C, 0x03, 0x0C, 0x03, 0x0C, 0x23, 0xFC, 0x81, 0x40, 0x05, 0x00, 0x14,
    0x00, 0x50, 0x01, 0x40, 0x05, 0x00, 0xFF, 0x67, 0xD2, 0x30, 0xC0, 0xC3, 0x03, 0x0C, 0x0C, 0x30,
    0x30, 0xC0, 0xC3, 0x01, 0xF4, 0x3A, 0x05, 0x23, 0x0C, 0x02, 0x58, 0x00, 0xF0, 0x00, 0xA0, 0x00,
    0x50, 0x00, 0x50, 0x00, 0x50, 0x67, 0xD2, 0x30, 0xC0, 0x82, 0x02, 0x08, 0x08, 0x20, 0x20, 0x80,
    0xC3, 0x07, 0xAD, 0x00, 0x00, 0x20, 0x25, 0x80, 0x00, 0x7D, 0x00, 0x90, 0x09, 0x00, 0x90, 0x05,
    0x00, 0x3D, 0x0A, 0x00, 0xF0, 0x0A, 0x01, 0x54, 0x20, 0x83, 0xFC, 0x30, 0xC6, 0x09, 0x3F, 0x43,
    0x0C, 0x30, 0xC3, 0xF4, 0x30, 0xC3, 0x09, 0x30, 0xC3, 0xF4, 0xBF, 0x60, 0x08, 0x02, 0x00, 0x80,
    0x20, 0x08, 0x02, 0x00, 0x0A, 0x00, 0xF0, 0x0A, 0x01, 0x54, 0x20, 0x83, 0x0C, 0x30, 0xC7, 0xFD,
    0xFF, 0x30, 0x0C, 0x03, 0xF8, 0xC0, 0x30, 0x0C, 0x03, 0xFC, 0x3F, 0xC0, 0x0C, 0x02, 0x00, 0x60,
    0x0C, 0x01, 0x80, 0x30, 0x03, 0xFC, 0x30, 0xC3, 0x0C, 0x30, 0xC3, 0xFC, 0x30, 0xC3, 0x0C, 0x30,
    0xC3, 0x0C, 0x1F, 0x43, 0x0C, 0x30, 0xC3, 0xFC, 0x30, 0xC3, 0x0C, 0x30, 0xC1, 0xF4, 0xFF, 0x14,
    0x14, 0x14, 0x14, 0x14, 0x14, 0xFF, 0x30, 0x83, 0x18, 0x33, 0x03, 0xF0, 0x33, 0x03, 0x18, 0x30,
    0xC3, 0x09, 0x0A, 0x00, 0xF0, 0x0F, 0x01, 0xA4, 0x25, 0x83, 0x0C, 0x30, 0xC6, 0x09, 0x70, 0xD7,
    0x59, 0x6A, 0x96, 0xA9, 0x60, 0x96, 0x09, 0x60, 0x96, 0x09, 0x34, 0xC3, 0x8C, 0x2C, 0xC3, 0x8C,
    0x32, 0xC3, 0x38, 0x32, 0xC3, 0x1C, 0x3F, 0xC0, 0x00, 0x00, 0x00, 0x00, 0x3F, 0xC0, 0x00, 0x00,
    0x03, 0xFC, 0x1F, 0x43, 0x0C, 0x30, 0xC3, 0x0C, 0x30, 0xC3, 0x0C, 0x30, 0xC1, 0xF4, 0x3F, 0xC3,
    0x0C, 0x30, 0xC3, 0x0C, 0x30, 0xC3, 0x0C, 0x30, 0xC3, 0x0C, 0x3F, 0x83, 0x09, 0x30, 0x53, 0x09,
    0x3F, 0x83, 0x00, 0x30, 0x03, 0x00, 0x3F, 0xD3, 0x40, 0x0C, 0x00, 0x70, 0x06, 0x00, 0xC0, 0x34,
    0x03, 0xFD, 0x7F, 0xD0, 0x50, 0x05, 0x00, 0x50, 0x05, 0x00, 0x50, 0x05, 0x00, 0x50, 0x60, 0x53,
    0x0C, 0x25, 0x80, 0xF0, 0x0A, 0x00, 0x50, 0x05, 0x00, 0x50, 0x05, 0x02, 0xF8, 0x65, 0x99, 0x56,
    0x95, 0x69, 0x56, 0x65, 0x92, 0xF8, 0x05, 0x00, 0x30, 0x82, 0x48, 0x0A, 0x00, 0xA0, 0x0F, 0x01,
    0xA4, 0x30, 0xC6, 0x09, 0x55, 0x55, 0x55, 0x55, 0x55, 0x55, 0x65, 0x92, 0xF8, 0x05, 0x00, 0x50,
    0x1F, 0x43, 0x0C, 0x20, 0x82, 0x08, 0x20, 0x82, 0x08, 0x30, 0xC7, 0xAD, 0x55, 0x00, 0xFF, 0x14,
    0x14, 0x14, 0x14, 0x14, 0x14, 0xFF, 0x15, 0x40, 0x00, 0x60, 0x53, 0x0C, 0x25, 0x80, 0xF0, 0x0A,
    0x00, 0x50, 0x05, 0x00, 0x50, 0x01, 0x00, 0x60, 0x00, 0x01, 0xEC, 0x30, 0xC3, 0x0C, 0x30, 0xC3,
    0x0C, 0x1E, 0xC0, 0x01, 0x00, 0x60, 0x00, 0x02, 0xF8, 0x30, 0x42, 0xF0, 0x30, 0x03, 0x08, 0x2F,
    0x80, 0x01, 0x00, 0x20, 0x00, 0x03, 0xB4, 0x30, 0xC3, 0x0C, 0x30, 0xC3, 0x0C, 0x30, 0xC0, 0x01,
    0x00, 0x60, 0x00, 0x07, 0xD0, 0x09, 0x00, 0x90, 0x09, 0x00, 0x50, 0x03, 0xD0, 0x00, 0x00, 0x20,
    0x25, 0x80, 0x00, 0x30, 0xC3, 0x0C, 0x30, 0xC3, 0x0C, 0x30, 0xC1, 0xF4, 0x1E, 0xC3, 0x0C, 0x30,
    0xC3, 0x0C, 0x30, 0xC1, 0xEC, 0x1F, 0x43, 0x0C, 0x30, 0xC3, 0x74, 0x30, 0xC3, 0x09, 0x30, 0xC3,
    0xB4, 0x30, 0x03, 0x00, 0x20, 0x83, 0x0C, 0x25, 0x81, 0xA4, 0x0F, 0x00, 0xA0, 0x05, 0x00, 0x50,
    0x3F, 0xC0, 0x80, 0x1F, 0x03, 0x08, 0x20, 0xC2, 0x0C, 0x30, 0xC1, 0xF4, 0x2F, 0x83, 0x04, 0x2F,
    0x03, 0x00, 0x30, 0x82, 0xF8, 0xBF, 0x81, 0xC1, 0xC0, 0xC0, 0xC0, 0x30, 0x07, 0x40, 0x2D, 0x01,
    0x40, 0x40, 0x3B, 0x43, 0x0C, 0x30, 0xC3, 0x0C, 0x30, 0xC3, 0x0C, 0x1F, 0x43, 0x0C, 0x30, 0xC3,
    0x0C, 0x3F, 0xC3, 0x0C, 0x30, 0xC1, 0xF4, 0x7D, 0x00, 0x90, 0x09, 0x00, 0x90, 0x05, 0x00, 0x3D,
    0xC3, 0x32, 0x4F, 0xC3, 0x24, 0xC3, 0x30, 0x90, 0x0C, 0x00, 0x90, 0x0A, 0x00, 0xF0, 0x1A, 0x42,
    0x58, 0x30, 0xC6, 0x09, 0x30, 0xC3, 0x0C, 0x30, 0xC3, 0x0C, 0x30, 0xC3, 0xFC, 0x30, 0x03, 0x00,
    0x60, 0x93, 0x0C, 0x24, 0x81, 0xA4, 0x0F, 0x00, 0xA0, 0x0F, 0x83, 0x08, 0x30, 0x01, 0xF8, 0x30,
    0x03, 0x00, 0x29, 0x00, 0x6C, 0x00, 0x80, 0x04, 0x1F, 0x43, 0x0C, 0x20, 0x82, 0x08, 0x30, 0xC1,
    0xF4, 0xBF, 0xD3, 0x18, 0x31, 0x83, 0x18, 0x30, 0x83, 0x09, 0x1F, 0x43, 0x0C, 0x30, 0xC3, 0x0C,
    0x30, 0xC3, 0xB4, 0x30, 0x03, 0x00, 0x1F, 0x83, 0x08, 0x30, 0x03, 0x00, 0x34, 0x00, 0xB8, 0x00,
    0xC0, 0x04, 0x1F, 0xE3, 0x0C, 0x30, 0xC3, 0x0C, 0x30, 0xC1, 0xF4, 0x7F, 0xC0, 0xC0, 0x0C, 0x00,
    0xC0, 0x0C, 0x00, 0x7C, 0x30, 0xC3, 0x0C, 0x30, 0xC3, 0x0C, 0x30, 0xC1, 0xF4, 0x00, 0x02, 0x78,
    0x65, 0x95, 0x55, 0x55, 0x56, 0x59, 0x2F, 0x80, 0x50, 0x05, 0x00, 0x30, 0xC1, 0xA4, 0x0F, 0x00,
    0xF0, 0x25, 0x83, 0x0C, 0x55, 0x55, 0x55, 0x55, 0x55, 0x55, 0x65, 0x92, 0xF8, 0x05, 0x00, 0x50,
    0x00, 0x03, 0x0C, 0x50, 0x55, 0x55, 0x55, 0x55, 0x55, 0x3A, 0xC0, 0x25, 0x40, 0x00, 0x7D, 0x00,
    0x90, 0x09, 0x00, 0x90, 0x05, 0x00, 0x3D, 0x15, 0x40, 0x00, 0x30, 0xC3, 0x0C, 0x30, 0xC3, 0x0C,
    0x30, 0xC1, 0xF4, 0x01, 0x00, 0x60, 0x00, 0x01, 0xF4, 0x30, 0xC2, 0x08, 0x20, 0x83, 0x0C, 0x1F,
    0x40, 0x01, 0x00, 0x60, 0x00, 0x03, 0x0C, 0x30, 0xC3, 0x0C, 0x30, 0xC3, 0x0C, 0x1F, 0x40, 0x01,
    0x00, 0x60, 0x00, 0x03, 0x0C, 0x50, 0x55, 0x55, 0x55, 0x55, 0x55, 0x3A, 0xC0, 0x30, 0x93, 0x0C,
    0x31, 0x43, 0x30, 0x3F, 0x03, 0x30, 0x31, 0xC3, 0x0A, 0x00, 0x20, 0x1D, 0x05, 0x00, 0x50, 0x2F,
    0x86, 0x59, 0x95, 0x69, 0x56, 0x65, 0x92, 0xF8, 0x05, 0x00, 0x50, 0xBF, 0xE1, 0x04, 0x55, 0x55,
    0x55, 0x55, 0x53, 0xAC, 0x31, 0xC3, 0x2C, 0x32, 0xC3, 0x8C, 0x38, 0xC3, 0x4D, 0x00, 0x90, 0x2C,
    0x52, 0x00, 0x0F, 0xF3, 0x00, 0xC0, 0x3F, 0x8C, 0x03, 0x00, 0xC0, 0x3F, 0xC0, 0xFC, 0x03, 0x00,
    0x30, 0x03, 0x78, 0x38, 0x93, 0x09, 0x30, 0x93, 0x09, 0x00, 0x90, 0x78, 0x04, 0x03, 0x00, 0x02,
    0xFD, 0x80, 0x20, 0x08, 0x02, 0x00, 0x80, 0x20, 0x08, 0x00, 0x1F, 0x43, 0x0C, 0x30, 0x03, 0xF0,
    0x30, 0x03, 0x04, 0x30, 0xC1, 0xF4, 0x1F, 0x43, 0x0C, 0x30, 0x02, 0xE0, 0x02, 0xC0, 0x08, 0x30,
    0xC1, 0xF4, 0xFF, 0x14, 0x14, 0x14, 0x14, 0x14, 0x14, 0xFF, 0x55, 0x00, 0xFF, 0x14, 0x14, 0x14,
    0x14, 0x14, 0x14, 0xFF, 0x00, 0xC0, 0x30, 0x0C, 0x03, 0x00, 0xC0, 0x36, 0x0C, 0xBC, 0x1F, 0x80,
    0x62, 0x01, 0x88, 0x06, 0x3D, 0x18, 0x88, 0x62, 0x31, 0x48, 0xCC, 0x3D, 0x52, 0x05, 0x20, 0x52,
    0x07, 0xFC, 0x52, 0x25, 0x23, 0x52, 0x35, 0x3D, 0xFC, 0x03, 0x00, 0x30, 0x03, 0x78, 0x38, 0x93,
    0x09, 0x30, 0x93, 0x09, 0x01, 0x00, 0x20, 0x00, 0x03, 0x08, 0x31, 0x83, 0x30, 0x3F, 0x03, 0x30,
    0x31, 0x83, 0x0C, 0x30, 0x90, 0x10, 0x40, 0xF0, 0x60, 0x93, 0x0C, 0x24, 0x80, 0x94, 0x0F, 0x00,
    0xA0, 0x09, 0x00, 0xC0, 0x30, 0xC3, 0x0C, 0x30, 0xC3, 0x0C, 0x30, 0xC3, 0x0C, 0x30, 0xC3, 0xFC,
    0x05, 0x00, 0x00, 0x0A, 0x00, 0xF0, 0x0A, 0x01, 0x54, 0x20, 0x83, 0xFC, 0x30, 0xC6, 0x09, 0x3F,
    0xC3, 0x00, 0x30, 0x03, 0xF4, 0x30, 0xC3, 0x09, 0x30, 0xC3, 0xF4, 0x3F, 0x43, 0x0C, 0x30, 0xC3,
    0xF4, 0x30, 0xC3, 0x09, 0x30, 0xC3, 0xF4, 0xBF, 0x60, 0x08, 0x02, 0x00, 0x80, 0x20, 0x08, 0x02,
    0x00, 0x2F, 0xC2, 0x0C, 0x20, 0xC2, 0x0C, 0x30, 0xC3, 0x0C, 0x30, 0xCB, 0xFE, 0xC0, 0x30, 0x00,
    0xFF, 0x30, 0x0C, 0x03, 0xF8, 0xC0, 0x30, 0x0C, 0x03, 0xFC, 0x95, 0x66, 0x59, 0x35, 0xC2, 0xF8,
    0x35, 0xC2, 0x58, 0x55, 0x5C, 0x53, 0x1F, 0x43, 0x0C, 0x00, 0xC0, 0xF4, 0x00, 0xC0, 0x09, 0x60,
    0xC1, 0xF4, 0x31, 0xC3, 0x2C, 0x33, 0x83, 0x2C, 0x38, 0xC2, 0xCC, 0x38, 0xC3, 0x4C, 0x10, 0x40,
    0xF0, 0x31, 0xC3, 0x2C, 0x33, 0x83, 0x2C, 0x38, 0xC2, 0xCC, 0x38, 0xC3, 0x4C, 0x30, 0x83, 0x18,
    0x33, 0x03, 0xF0, 0x33, 0x03, 0x18, 0x30, 0xC3, 0x09, 0x2F, 0xC2, 0x0C, 0x20, 0xC3, 0x0C, 0x30,
    0xC3, 0x0C, 0x30, 0xC9, 0x0C, 0x70, 0xD7, 0x59, 0x6A, 0x96, 0xA9, 0x60, 0x96, 0x09, 0x60, 0x96,
    0x09, 0x30, 0xC3, 0x0C, 0x30, 0xC3, 0xFC, 0x30, 0xC3, 0x0C, 0x30, 0xC3, 0x0C, 0x1F, 0x43, 0x0C,
    0x30, 0xC3, 0x0C, 0x30, 0xC3, 0x0C, 0x30, 0xC1, 0xF4, 0x3F, 0xC3, 0x0C, 0x30, 0xC3, 0x0C, 0x30,
    0xC3, 0x0C, 0x30, 0xC3, 0x0C, 0x3F, 0x83, 0x09, 0x30, 0x53, 0x09, 0x3F, 0x83, 0x00, 0x30, 0x03,
    0x00, 0x1F, 0x43, 0x0C, 0x30, 0x03, 0x00, 0x30, 0x03, 0x00, 0x30, 0xC1, 0xF4, 0x7F, 0xD0, 0x50,
    0x05, 0x00, 0x50, 0x05, 0x00, 0x50, 0x05, 0x00, 0x50, 0x60, 0x93, 0x0C, 0x24, 0x80, 0x94, 0x0F,
    0x00, 0xA0, 0x09, 0x00, 0xC0, 0x05, 0x02, 0xF8, 0x65, 0x99, 0x56, 0x95, 0x69, 0x56, 0x65, 0x92,
    0xF8, 0x05, 0x00, 0x30, 0x82, 0x48, 0x0A, 0x00, 0xA0, 0x0F, 0x01, 0xA4, 0x30, 0xC6, 0x09, 0x30,
    0xC3, 0x0C, 0x30, 0xC3, 0x0C, 0x30, 0xC3, 0x0C, 0x30, 0xC3, 0xFE, 0x00, 0x20, 0x01, 0x60, 0xC6,
    0x0C, 0x60, 0xC3, 0x0C, 0x2F, 0xC0, 0x0C, 0x00, 0xC0, 0x0C, 0x55, 0x55, 0x55, 0x55, 0x55, 0x55,
    0x55, 0x55, 0x55, 0x55, 0x57, 0xFD, 0x55, 0x55, 0x55, 0x55, 0x55, 0x55, 0x55, 0x55, 0x55, 0x55,
    0x57, 0xFF, 0x00, 0x30, 0x01, 0x3D, 0x00, 0x24, 0x00, 0x90, 0x02, 0xF4, 0x09, 0x34, 0x24, 0x50,
    0x92, 0x42, 0xF8, 0x50, 0x55, 0x05, 0x50, 0x57, 0xC5, 0x52, 0x55, 0x35, 0x52, 0x57, 0xC5, 0x30,
    0x03, 0x00, 0x30, 0x03, 0xF8, 0x30, 0xD3, 0x05, 0x30, 0x93, 0xF8, 0x1F, 0x43, 0x0C, 0x00, 0xC0,
    0xFC, 0x00, 0xC1, 0x0C, 0x30, 0xC1, 0xF4, 0x53, 0xC5, 0x96, 0x58, 0x27, 0xC2, 0x58, 0x25, 0x82,
    0x59, 0x65, 0x3C, 0x1F, 0xC3, 0x0C, 0x60, 0xC3, 0x0C, 0x1F, 0xC1, 0x8C, 0x24, 0xC3, 0x0C, 0x1F,
    0x41, 0x0C, 0x2F, 0xC3, 0x0C, 0x20, 0xC2, 0xEC, 0x00, 0x01, 0xE8, 0x30, 0x02, 0xB4, 0x30, 0xC3,
    0x0C, 0x30, 0xC3, 0x0C, 0x1F, 0x40, 0x3F, 0x83, 0x0C, 0x3F, 0x83, 0x0C, 0x30, 0xC3, 0xF8, 0xBF,
    0x64, 0x09, 0x02, 0x40, 0x90, 0x24, 0x00, 0x2F, 0xC2, 0x0C, 0x20, 0xC3, 0x0C, 0x30, 0xCB, 0xFE,
    0x80, 0x20, 0x00, 0x1F, 0x43, 0x0C, 0x3F, 0xC2, 0x00, 0x30, 0x81, 0xF4, 0x95, 0x63, 0x5C, 0x2F,
    0x83, 0x5C, 0x65, 0x98, 0x52, 0x2F, 0x81, 0x0C, 0x0F, 0x80, 0x0C, 0x20, 0xC2, 0xF8, 0x31, 0xC3,
    0x2C, 0x32, 0xC3, 0x8C, 0x38, 0xC3, 0x4C, 0x10, 0x40, 0xF0, 0x00, 0x03, 0x1C, 0x32, 0xC3, 0x2C,
    0x38, 0xC3, 0x8C, 0x34, 0xC0, 0xC3, 0x32, 0x4F, 0xC3, 0x24, 0xC3, 0x30, 0x90, 0x2F, 0xC2, 0x0C,
    0x30, 0xC3, 0x0C, 0x30, 0xCA, 0x0C, 0x70, 0xD7, 0x59, 0x6A, 0x96, 0x59, 0x60, 0x96, 0x09, 0x30,
    0xC3, 0x0C, 0x3F, 0xC3, 0x0C, 0x30, 0xC3, 0x0C, 0x1F, 0x43, 0x0C, 0x20, 0x82, 0x08, 0x30, 0xC1,
    0xF4, 0x3F, 0xC3, 0x0C, 0x30, 0xC3, 0x0C, 0x30, 0xC3, 0x0C, 0x3B, 0x43, 0x0C, 0x30, 0xC3, 0x0C,
    0x30, 0xC3, 0xB4, 0x30, 0x03, 0x00, 0x1F, 0x43, 0x0C, 0x30, 0x03, 0x00, 0x30, 0xC1, 0xF4, 0x7F,
    0xD0, 0x50, 0x05, 0x00, 0x50, 0x05, 0x00, 0x50, 0x60, 0x93, 0x0C, 0x25, 0x80, 0xA4, 0x0F, 0x00,
    0xA0, 0x08, 0x00, 0xC0, 0x05, 0x00, 0x50, 0x2F, 0x86, 0x59, 0x95, 0x69, 0x56, 0x65, 0x92, 0xF8,
    0x05, 0x00, 0x50, 0x30, 0xC1, 0xA4, 0x0F, 0x00, 0xF0, 0x25, 0x83, 0x0C, 0x30, 0xC3, 0x0C, 0x30,
    0xC3, 0x0C, 0x30, 0xC3, 0xFE, 0x00, 0x20, 0x01, 0x20, 0xC8, 0x33, 0x0C, 0xBF, 0x00, 0xC0, 0x30,
    0x55, 0x55, 0x55, 0x55, 0x55, 0x55, 0x55, 0x57, 0xFD, 0x55, 0x95, 0x59, 0x55, 0x95, 0x59, 0x55,
    0x97, 0xFF, 0x00, 0x30, 0x01, 0xB8, 0x01, 0x80, 0x1F, 0x81, 0x86, 0x18, 0x61, 0xFC, 0x50, 0x55,
    0x05, 0x7C, 0x55, 0x35, 0x53, 0x57, 0xD5, 0xC0, 0x30, 0x0F, 0xE3, 0x09, 0xC2, 0x7F, 0x80, 0x2F,
    0x42, 0x0C, 0x0B, 0xC0, 0x0C, 0x30, 0xC1, 0xF4, 0x53, 0xC5, 0x96, 0x7C, 0x25, 0x82, 0x59, 0x65,
    0x3C, 0x2F, 0xC3, 0x0C, 0x30, 0xC2, 0xFC, 0x18, 0xC3, 0x0C, 0x15, 0x40, 0x00, 0x1F, 0x43, 0x0C,
    0x3F, 0xC2, 0x00, 0x30, 0x81, 0xF4, 0x30, 0x0F, 0xD0, 0x30, 0x03, 0xB4, 0x30, 0xC3, 0x0C, 0x30,
    0xC3, 0x0C, 0x00, 0xC0, 0x74, 0x01, 0x03, 0x00, 0x02, 0xFD, 0x90, 0x24, 0x09, 0x02, 0x40, 0x90,
    0x00, 0x1F, 0x83, 0x08, 0x3E, 0x03, 0x00, 0x30, 0xC1, 0xF4, 0x2F, 0x83, 0x04, 0x39, 0x00, 0x1C,
    0x20, 0xC2, 0xF8, 0x06, 0x00, 0x00, 0x3E, 0x00, 0x20, 0x02, 0x00, 0x20, 0x02, 0x03, 0xFD, 0x14,
    0x80, 0x00, 0x3E, 0x00, 0x20, 0x02, 0x00, 0x20, 0x02, 0x03, 0xFD, 0x02, 0x40, 0x03, 0xF4, 0x09,
    0x02, 0x40, 0x90, 0x24, 0x09, 0x03, 0x0F, 0x80, 0x3E, 0x02, 0x20, 0x23, 0xC2, 0x22, 0x62, 0x2C,
    0x3D, 0x52, 0x05, 0x20, 0x7F, 0xC5, 0x22, 0x52, 0x25, 0x3D, 0x30, 0x0F, 0xD0, 0x30, 0x03, 0xB4,
    0x30, 0xC3, 0x0C, 0x30, 0xC3, 0x0C, 0x04, 0x02, 0x00, 0x03, 0x0C, 0xC9, 0x3F, 0x0C, 0x93, 0x0C,
    0xC2, 0x40, 0x10, 0x40, 0xF0, 0x00, 0x06, 0x09, 0x30, 0xC2, 0x58, 0x0A, 0x40, 0xF0, 0x0A, 0x00,
    0x80, 0x0C, 0x00, 0x30, 0xC3, 0x0C, 0x30, 0xC3, 0x0C, 0x30, 0xC3, 0xFC, 0x05, 0x00, 0x00, 0x00,
    0x00, 0x6B, 0xF6, 0x00, 0x80, 0x20, 0x08, 0x02, 0x00, 0x80, 0x20, 0x00, 0x00, 0x00, 0x9B, 0xF2,
    0x00, 0x80, 0x20, 0x08, 0x02, 0x00, 0x2F, 0xD2, 0x00, 0x20, 0x02, 0x00, 0xBE, 0x02, 0x00, 0x20,
    0x02, 0x00, 0x2F, 0xD2, 0x40, 0x24, 0x07, 0xF0, 0x24, 0x02, 0x40, 0x20, 0xC2, 0x18, 0x23, 0x03,
    0xE0, 0x23, 0x02, 0x24, 0x20, 0xC2, 0x0F, 0x00, 0x30, 0x00, 0x30, 0xC3, 0x24, 0x3E, 0x03, 0x30,
    0x31, 0x83, 0x0E, 0x00, 0x20, 0x00, 0x30, 0xC3, 0x0C, 0x30, 0xC3, 0xFC, 0x30, 0xC3, 0x0C, 0x30,
    0xC3, 0x0E, 0x00, 0x60, 0x00, 0x30, 0xC3, 0x0C, 0x30, 0xC3, 0xFC, 0x30, 0xC3, 0x0E, 0x00, 0x60,
    0x00, 0x60, 0x53, 0x0C, 0x25, 0x80, 0xF0, 0x0A, 0x00, 0x50, 0x05, 0x00, 0x50, 0x20, 0x83, 0x0C,
    0x25, 0x81, 0xA4, 0x0F, 0x00, 0xA0, 0x05, 0x00, 0x50, 0x60, 0x53, 0x0C, 0x25, 0x80, 0xF0, 0x0A,
    0x02, 0xF8, 0x05, 0x00, 0x50, 0x60, 0x83, 0x0C, 0x25, 0x81, 0xA4, 0x0F, 0x00, 0xA0, 0x2F, 0x80,
    0x50, 0x60, 0xC6, 0x0C, 0x60, 0xC6, 0x0C, 0x2F, 0xC0, 0x0C, 0x00, 0xC0, 0x0D, 0x00, 0x50, 0x00,
    0x60, 0xC6, 0x0C, 0x30, 0xC2, 0xFC, 0x00, 0xC0, 0x0D, 0x00, 0x50, 0x00, 0x30, 0x03, 0x00, 0x30,
    0x03, 0xF8, 0x30, 0xC3, 0x08, 0x30, 0x93, 0x09, 0xC0, 0x30, 0x0F, 0xE3, 0x0C, 0xC2, 0x30, 0x80,
    0x1F, 0x43, 0x0C, 0x00, 0xC3, 0xFC, 0x20, 0xC2, 0x0C, 0x30, 0xC1, 0xF4, 0x1F, 0x42, 0x0C, 0x00,
    0x83, 0xFC, 0x30, 0xC1, 0xF4, 0x15, 0x40, 0x00, 0x95, 0x66, 0x59, 0x35, 0xC2, 0xF8, 0x35, 0xC2,
    0x58, 0x55, 0x5C, 0x53, 0x15, 0x40, 0x00, 0x95, 0x63, 0x5C, 0x2F, 0x83, 0x5C, 0x65, 0x98, 0x52,
    0x15, 0x40, 0x00, 0x1F, 0x43, 0x0C, 0x00, 0xC0, 0xF4, 0x00, 0xC0, 0x09, 0x60, 0xC1, 0xF4, 0x15,
    0x40, 0x00, 0x2F, 0x81, 0x0C, 0x0F, 0x80, 0x0C, 0x20, 0xC2, 0xF8, 0x15, 0x40, 0x00, 0x31, 0xC3,
    0x2C, 0x33, 0x83, 0x2C, 0x38, 0xC2, 0xCC, 0x38, 0xC3, 0x4C, 0x15, 0x40, 0x00, 0x31, 0xC3, 0x2C,
    0x32, 0xC3, 0x8C, 0x38, 0xC3, 0x4C, 0x15, 0x40, 0x00, 0x1F, 0x43, 0x0C, 0x30, 0xC3, 0x0C, 0x30,
    0xC3, 0x0C, 0x30, 0xC1, 0xF4, 0x15, 0x40, 0x00, 0x1F, 0x43, 0x0C, 0x20, 0x82, 0x08, 0x30, 0xC1,
    0xF4, 0x1F, 0x43, 0x0C, 0x30, 0xC3, 0xFC, 0x30, 0xC3, 0x0C, 0x30, 0xC1, 0xF4, 0x1F, 0x43, 0x0C,
    0x3F, 0xC3, 0x0C, 0x30, 0xC1, 0xF4, 0x15, 0x40, 0x00, 0x60, 0xC6, 0x0C, 0x60, 0xC3, 0x0C, 0x2F,
    0xC0, 0x0C, 0x00, 0xC0, 0x0C, 0x15, 0x40, 0x02, 0x0C, 0x83, 0x30, 0xCB, 0xF0, 0x0C, 0x03, 0x04,
    0x00, 0x90, 0x00, 0x08, 0xA2, 0x8A, 0x29, 0xA6, 0x5A, 0x55, 0xA9, 0x25, 0xC3, 0x5C, 0x35, 0xC0,
    0x04, 0x00, 0x90, 0x00, 0x08, 0xA2, 0x5A, 0x55, 0xA5, 0x2A, 0x83, 0x5C, 0x35, 0xC0, 0x01, 0x00,
    0x20, 0x00, 0x08, 0xA2, 0x8A, 0x29, 0xA6, 0x5A, 0x55, 0xA9, 0x25, 0xC3, 0x5C, 0x35, 0xC0, 0x01,
    0x00, 0x20, 0x00, 0x08, 0xA2, 0x5A, 0x55, 0xA5, 0x2A, 0x83, 0x5C, 0x35, 0xC0, 0x15, 0x40, 0x00,
    0x8A, 0x28, 0xA2, 0x9A, 0x65, 0xA5, 0x5A, 0x92, 0x5C, 0x35, 0xC3, 0x5C, 0x15, 0x40, 0x00, 0x8A,
    0x25, 0xA5, 0x5A, 0x52, 0xA8, 0x35, 0xC3, 0x5C, 0x1F, 0xD3, 0x0C, 0x33, 0x03, 0x78, 0x30, 0xC3,
    0x09, 0x30, 0xC3, 0x74, 0x0A, 0x00, 0xF0, 0x0A, 0x01, 0x54, 0x20, 0x83, 0xFC, 0x30, 0xC6, 0x09,
    0x00, 0x00, 0x50, 0x1F, 0x41, 0x0C, 0x2F, 0xC3, 0x0C, 0x20, 0xC2, 0xEC, 0x00, 0x00, 0x50, 0x0E,
    0x00, 0x20, 0x00, 0x00, 0xA0, 0x0F, 0x00, 0xA0, 0x15, 0x42, 0x08, 0x3F, 0xC3, 0x0C, 0x60, 0x90,
    0x0B, 0x00, 0x20, 0x00, 0x01, 0xF4, 0x10, 0xC2, 0xFC, 0x30, 0xC2, 0x0C, 0x2E, 0xC0, 0x00, 0x10,
    0x15, 0x01, 0xA4, 0x02, 0x80, 0x0F, 0x00, 0x28, 0x01, 0x54, 0x08, 0x20, 0x3F, 0xC0, 0xC3, 0x06,
    0x09, 0x00, 0x00, 0x10, 0x15, 0x41, 0xA4, 0x00, 0x00, 0x1F, 0x40, 0x43, 0x02, 0xFC, 0x0C, 0x30,
    0x20, 0xC0, 0xBB, 0x00, 0x01, 0x40, 0x54, 0x1A, 0x40, 0xA0, 0x0F, 0x00, 0xA0, 0x15, 0x42, 0x08,
    0x3F, 0xC3, 0x0C, 0x60, 0x90, 0x01, 0x40, 0x58, 0x1A, 0x40, 0x00, 0x1F, 0x41, 0x0C, 0x2F, 0xC3,
    0x0C, 0x20, 0xC2, 0xEC, 0x00, 0xD0, 0x54, 0x1A, 0x40, 0xA0, 0x0F, 0x00, 0xA0, 0x15, 0x42, 0x08,
    0x3F, 0xC3, 0x0C, 0x60, 0x90, 0x00, 0xD0, 0x05, 0x0F, 0x00, 0x04, 0x1F, 0x41, 0x0C, 0x2F, 0xC3,
    0x0C, 0x20, 0xC2, 0xEC, 0x1F, 0x40, 0xA0, 0x00, 0x00, 0xA0, 0x0F, 0x00, 0xA0, 0x15, 0x42, 0x08,
    0x3F, 0xC3, 0x0C, 0x60, 0x90, 0x08, 0x41, 0x24, 0x0A, 0x01, 0x54, 0x1F, 0x41, 0x0C, 0x2F, 0xC3,
    0x0C, 0x20, 0xC2, 0xEC, 0x05, 0x01, 0xA4, 0x00, 0x00, 0xA0, 0x0F, 0x00, 0xA0, 0x15, 0x42, 0x08,
    0x3F, 0xC3, 0x0C, 0x60, 0x90, 0x00, 0x05, 0x00, 0x05, 0x01, 0xA4, 0x00, 0x01, 0xF4, 0x10, 0xC2,
    0xFC, 0x30, 0xC2, 0x0C, 0x2E, 0xC0, 0x00, 0x05, 0x00, 0x02, 0x01, 0x54, 0x0A, 0x00, 0xA0, 0x0F,
    0x00, 0xA0, 0x15, 0x42, 0x08, 0x3F, 0xC3, 0x0C, 0x60, 0x90, 0x02, 0x01, 0x04, 0x0A, 0x00, 0x00,
    0x1F, 0x41, 0x0C, 0x2F, 0xC3, 0x0C, 0x20, 0xC2, 0xEC, 0x08, 0x01, 0x14, 0x0A, 0x00, 0xA0, 0x0F,
    0x00, 0xA0, 0x15, 0x42, 0x08, 0x3F, 0xC3, 0x0C, 0x60, 0x90, 0x08, 0x01, 0x04, 0x0A, 0x00, 0x00,
    0x1F, 0x41, 0x0C, 0x2F, 0xC3, 0x0C, 0x20, 0xC2, 0xEC, 0x0A, 0x01, 0x24, 0x1F, 0x40, 0xA0, 0x0F,
    0x00, 0xA0, 0x15, 0x42, 0x08, 0x3F, 0xC3, 0x0C, 0x60, 0x90, 0x0A, 0x00, 0x20, 0x1F, 0x40, 0x00,
    0x1F, 0x41, 0x0C, 0x2F, 0xC3, 0x0C, 0x20, 0xC2, 0xEC, 0x1C, 0x41, 0x14, 0x1F, 0x40, 0xA0, 0x0F,
    0x00, 0xA0, 0x15, 0x42, 0x08, 0x3F, 0xC3, 0x0C, 0x60, 0x90, 0x02, 0x41, 0x04, 0x0F, 0x00, 0x00,
    0x1F, 0x41, 0x0C, 0x2F, 0xC3, 0x0C, 0x20, 0xC2, 0xEC, 0x10, 0x40, 0xF0, 0x0A, 0x00, 0xF0, 0x0A,
    0x01, 0x54, 0x20, 0x83, 0xFC, 0x30, 0xC6, 0x09, 0x00, 0x00, 0x50, 0x10, 0x40, 0xF0, 0x00, 0x01,
    0xF4, 0x10, 0xC2, 0xFC, 0x30, 0xC2, 0x0C, 0x2E, 0xC0, 0x00, 0x05, 0x00, 0xFF, 0x30, 0x0C, 0x03,
    0xF8, 0xC0, 0x30, 0x0C, 0x03, 0xFC, 0x00, 0x06, 0x00, 0x1F, 0x43, 0x0C, 0x3F, 0xC2, 0x00, 0x30,
    0x81, 0xF4, 0x00, 0x00, 0x50, 0x28, 0x03, 0x00, 0x03, 0xFC, 0xC0, 0x30, 0x0F, 0xE3, 0x00, 0xC0,
    0x30, 0x0F, 0xF0, 0x0E, 0x00, 0x20, 0x00, 0x01, 0xF4, 0x30, 0xC3, 0xFC, 0x20, 0x03, 0x08, 0x1F,
    0x40, 0x22, 0x12, 0x40, 0x03, 0xFC, 0xC0, 0x30, 0x0F, 0xE3, 0x00, 0xC0, 0x30, 0x0F, 0xF0, 0x08,
    0x41, 0x20, 0x00, 0x01, 0xF4, 0x30, 0xC3, 0xFC, 0x20, 0x03, 0x08, 0x1F, 0x40, 0x00, 0x41, 0x50,
    0x69, 0x0F, 0xF0, 0xC0, 0x0C, 0x00, 0xFE, 0x0C, 0x00, 0xC0, 0x0C, 0x00, 0xFF, 0x00, 0x00, 0x10,
    0x16, 0x41, 0xA4, 0x00, 0x00, 0x1F, 0x40, 0xC3, 0x03, 0xFC, 0x08, 0x00, 0x30, 0x80, 0x7D, 0x00,
    0x06, 0x06, 0x46, 0x93, 0xFC, 0xC0, 0x30, 0x0F, 0xE3, 0x00, 0xC0, 0x30, 0x0F, 0xF0, 0x01, 0x40,
    0x58, 0x1A, 0x40, 0x00, 0x1F, 0x43, 0x0C, 0x3F, 0xC2, 0x00, 0x30, 0x81, 0xF4, 0x03, 0x45, 0x56,
    0x53, 0xFC, 0xC0, 0x30, 0x0F, 0xE3, 0x00, 0xC0, 0x30, 0x0F, 0xF0, 0x00, 0xD0, 0x05, 0x0F, 0x01,
    0x04, 0x1F, 0x43, 0x0C, 0x3F, 0xC2, 0x00, 0x30, 0x81, 0xF4, 0x7D, 0x0A, 0x00, 0x13, 0xFC, 0xC0,
    0x30, 0x0F, 0xE3, 0x00, 0xC0, 0x30, 0x0F, 0xF0, 0x08, 0x41, 0x20, 0x0A, 0x01, 0x54, 0x1F, 0x43,
    0x0C, 0x3F, 0xC2, 0x00, 0x30, 0x81, 0xF4, 0x14, 0x1A, 0x40, 0x03, 0xFC, 0xC0, 0x30, 0x0F, 0xE3,
    0x00, 0xC0, 0x30, 0x0F, 0xF0, 0x00, 0x18, 0x00, 0x05, 0x01, 0xA4, 0x00, 0x01, 0xF4, 0x30, 0xC3,
    0xFC, 0x20, 0x03, 0x08, 0x1F, 0x40, 0x00, 0x05, 0x00, 0x38, 0x08, 0x00, 0xFF, 0x14, 0x14, 0x14,
    0x14, 0x14, 0x14, 0xFF, 0x0B, 0x00, 0x20, 0x00, 0x03, 0xE0, 0x02, 0x00, 0x20, 0x02, 0x00, 0x20,
    0x3F, 0xD0, 0xFF, 0x14, 0x14, 0x14, 0x14, 0x14, 0x14, 0xFF, 0x00, 0x14, 0x06, 0x00, 0x00, 0x3E,
    0x00, 0x20, 0x02, 0x00, 0x20, 0x02, 0x03, 0xFD, 0x00, 0x00, 0x60, 0x1F, 0x43, 0x0C, 0x30, 0xC3,
    0x0C, 0x30, 0xC3, 0x0C, 0x30, 0xC1, 0xF4, 0x00, 0x00, 0x50, 0x1F, 0x43, 0x0C, 0x20, 0x82, 0x08,
    0x30, 0xC1, 0xF4, 0x00, 0x00, 0x50, 0x0E, 0x00, 0x20, 0x00, 0x01, 0xF4, 0x30, 0xC3, 0x0C, 0x30,
    0xC3, 0x0C, 0x30, 0xC3, 0x0C, 0x1F, 0x40, 0x0E, 0x00, 0x20, 0x00, 0x01, 0xF4, 0x30, 0xC2, 0x08,
    0x20, 0x83, 0x0C, 0x1F, 0x40, 0x00, 0x10, 0x15, 0x01, 0xA4, 0x07, 0xD0, 0x30, 0xC0, 0xC3, 0x03,
    0x0C, 0x0C, 0x30, 0x30, 0xC0, 0xC3, 0x01, 0xF4, 0x00, 0x00, 0x10, 0x16, 0x41, 0xA4, 0x00, 0x00,
    0x1F, 0x40, 0xC3, 0x02, 0x08, 0x08, 0x20, 0x30, 0xC0, 0x7D, 0x00, 0x01, 0x40, 0x54, 0x1A, 0x41,
    0xF4, 0x30, 0xC3, 0x0C, 0x30, 0xC3, 0x0C, 0x30, 0xC3, 0x0C, 0x1F, 0x40, 0x01, 0x40, 0x58, 0x1A,
    0x40, 0x00, 0x1F, 0x43, 0x0C, 0x20, 0x82, 0x08, 0x30, 0xC1, 0xF4, 0x00, 0xD0, 0x54, 0x1A, 0x41,
    0xF4, 0x30, 0xC3, 0x0C, 0x30, 0xC3, 0x0C, 0x30, 0xC3, 0x0C, 0x1F, 0x40, 0x00, 0xD0, 0x05, 0x0F,
    0x01, 0x04, 0x1F, 0x43, 0x0C, 0x20, 0x82, 0x08, 0x30, 0xC1, 0xF4, 0x1F, 0x40, 0xA0, 0x00, 0x01,
    0xF4, 0x30, 0xC3, 0x0C, 0x30, 0xC3, 0x0C, 0x30, 0xC3, 0x0C, 0x1F, 0x40, 0x08, 0x41, 0x20, 0x0A,
    0x01, 0x54, 0x1F, 0x43, 0x0C, 0x20, 0x82, 0x08, 0x30, 0xC1, 0xF4, 0x05, 0x01, 0xA4, 0x00, 0x01,
    0xF4, 0x30, 0xC3, 0x0C, 0x30, 0xC3, 0x0C, 0x30, 0xC3, 0x0C, 0x1F, 0x40, 0x00, 0x05, 0x00, 0x05,
    0x01, 0xA4, 0x00, 0x01, 0xF4, 0x30, 0xC2, 0x08, 0x20, 0x83, 0x0C, 0x1F, 0x40, 0x00, 0x05, 0x00,
    0x01, 0x00, 0x60, 0x00, 0x51, 0xFC, 0x30, 0xC3, 0x0C, 0x30, 0xC3, 0x0C, 0x30, 0xC3, 0x0C, 0x1F,
    0x40, 0x01, 0x00, 0x60, 0x00, 0x51, 0xFC, 0x30, 0xC2, 0x08, 0x20, 0x83, 0x0C, 0x1F, 0x40, 0x04,
    0x00, 0xC0, 0x00, 0x51, 0xFC, 0x30, 0xC3, 0x0C, 0x30, 0xC3, 0x0C, 0x30, 0xC3, 0x0C, 0x1F, 0x40,
    0x04, 0x00, 0xC0, 0x00, 0x51, 0xFC, 0x30, 0xC2, 0x08, 0x20, 0x83, 0x0C, 0x1F, 0x40, 0x0E, 0x00,
    0x20, 0x00, 0x51, 0xFC, 0x30, 0xC3, 0x0C, 0x30, 0xC3, 0x0C, 0x30, 0xC3, 0x0C, 0x1F, 0x40, 0x0E,
    0x00, 0x20, 0x00, 0x51, 0xFC, 0x30, 0xC2, 0x08, 0x20, 0x83, 0x0C, 0x1F, 0x40, 0x18, 0x42, 0x20,
    0x00, 0x51, 0xFC, 0x30, 0xC3, 0x0C, 0x30, 0xC3, 0x0C, 0x30, 0xC3, 0x0C, 0x1F, 0x40, 0x18, 0x42,
    0x20, 0x00, 0x51, 0xFC, 0x30, 0xC2, 0x08, 0x20, 0x83, 0x0C, 0x1F, 0x40, 0x00, 0x51, 0xFC, 0x30,
    0xC3, 0x0C, 0x30, 0xC3, 0x0C, 0x30, 0xC3, 0x0C, 0x1F, 0x40, 0x00, 0x05, 0x00, 0x00, 0x51, 0xFC,
    0x30, 0xC2, 0x08, 0x20, 0x83, 0x0C, 0x1F, 0x40, 0x00, 0x05, 0x00, 0x30, 0xC3, 0x0C, 0x30, 0xC3,
    0x0C, 0x30, 0xC3, 0x0C, 0x30, 0xC1, 0xF4, 0x00, 0x00, 0x50, 0x30, 0xC3, 0x0C, 0x30, 0xC3, 0x0C,
    0x30, 0xC1, 0xF4, 0x00, 0x00, 0x50, 0x0E, 0x00, 0x20, 0x00, 0x03, 0x0C, 0x30, 0xC3, 0x0C, 0x30,
    0xC3, 0x0C, 0x30, 0xC3, 0x0C, 0x1F, 0x40, 0x0E, 0x00, 0x20, 0x00, 0x03, 0x0C, 0x30, 0xC3, 0x0C,
    0x30, 0xC3, 0x0C, 0x1F, 0x40, 0x01, 0x00, 0x20, 0x00, 0x33, 0x0E, 0x30, 0xC3, 0x0C, 0x30, 0xC3,
    0x0C, 0x30, 0xC3, 0x0C, 0x1F, 0x40, 0x01, 0x00, 0x20, 0x00, 0x33, 0x0E, 0x30, 0xC3, 0x0C, 0x30,
    0xC3, 0x0C, 0x1F, 0x40, 0x04, 0x00, 0x90, 0x00, 0x33, 0x0E, 0x30, 0xC3, 0x0C, 0x30, 0xC3, 0x0C,
    0x30, 0xC3, 0x0C, 0x1F, 0x40, 0x04, 0x00, 0x90, 0x00, 0x33, 0x0E, 0x30, 0xC3, 0x0C, 0x30, 0xC3,
    0x0C, 0x1F, 0x40, 0x0E, 0x00, 0x20, 0x00, 0x33, 0x0E, 0x30, 0xC3, 0x0C, 0x30, 0xC3, 0x0C, 0x30,
    0xC3, 0x0C, 0x1F, 0x40, 0x0E, 0x00, 0x20, 0x00, 0x33, 0x0E, 0x30, 0xC3, 0x0C, 0x30, 0xC3, 0x0C,
    0x1F, 0x40, 0x18, 0x41, 0x24, 0x00, 0x33, 0x0E, 0x30, 0xC3, 0x0C, 0x30, 0xC3, 0x0C, 0x30, 0xC3,
    0x0C, 0x1F, 0x40, 0x08, 0x41, 0x20, 0x00, 0x33, 0x0E, 0x30, 0xC3, 0x0C, 0x30, 0xC3, 0x0C, 0x1F,
    0x40, 0x00, 0x33, 0x0E, 0x30, 0xC3, 0x0C, 0x30, 0xC3, 0x0C, 0x30, 0xC3, 0x0C, 0x1F, 0x40, 0x00,
    0x05, 0x00, 0x00, 0x00, 0x03, 0x30, 0xE3, 0x0C, 0x30, 0xC3, 0x0C, 0x30, 0xC1, 0xF4, 0x00, 0x00,
    0x50, 0x04, 0x00, 0x90, 0x00, 0x06, 0x05, 0x30, 0xC2, 0x58, 0x0F, 0x00, 0xA0, 0x05, 0x00, 0x50,
    0x05, 0x00, 0x04, 0x00, 0x90, 0x00, 0x06, 0x09, 0x30, 0xC2, 0x58, 0x0A, 0x40, 0xF0, 0x0A, 0x00,
    0x80, 0x0C, 0x00, 0x60, 0x53, 0x0C, 0x25, 0x80, 0xF0, 0x0A, 0x00, 0x50, 0x05, 0x00, 0x50, 0x00,
    0x00, 0x50, 0x60, 0x93, 0x0C, 0x25, 0x80, 0xA4, 0x0F, 0x00, 0xA0, 0x08, 0x00, 0xC8, 0x0E, 0x00,
    0x20, 0x00, 0x06, 0x05, 0x30, 0xC2, 0x58, 0x0F, 0x00, 0xA0, 0x05, 0x00, 0x50, 0x05, 0x00, 0x0E,
    0x00, 0x20, 0x00, 0x06, 0x09, 0x30, 0xC2, 0x58, 0x0A, 0x40, 0xF0, 0x0A, 0x00, 0x80, 0x0C, 0x00,
    0x18, 0x41, 0x24, 0x00, 0x06, 0x05, 0x30, 0xC2, 0x58, 0x0F, 0x00, 0xA0, 0x05, 0x00, 0x50, 0x05,
    0x00, 0x08, 0x41, 0x20, 0x00, 0x06, 0x09, 0x30, 0xC2, 0x58, 0x0A, 0x40, 0xF0, 0x0A, 0x00, 0x80,
    0x0C, 0x00, 0xBE, 0x3F, 0xC0, 0xFF, 0xF0, 0xC3, 0xC3, 0xC3, 0xC3, 0xC3, 0xC3, 0xC3, 0xC3, 0xC3,
    0xC3, 0x6C, 0x80, 0x23, 0x90, 0x23, 0x90, 0x8C, 0x60, 0x66, 0xC9, 0xC9, 0x63, 0x63, 0x99, 0x63,
    0x18, 0xC9, 0x60, 0xC9, 0xC9, 0x66, 0x05, 0x00, 0x50, 0x05, 0x03, 0xFC, 0x05, 0x00, 0x50, 0x05,
    0x00, 0x50, 0x05, 0x00, 0x50, 0x00, 0x00, 0x05, 0x00, 0x50, 0x05, 0x03, 0xFC, 0x05, 0x00, 0x50,
    0x05, 0x03, 0xFC, 0x05, 0x00, 0x50, 0x00, 0x00, 0x28, 0x3C, 0x3C, 0xAA, 0x55, 0x56, 0x59, 0x2C,
    0x20, 0x21, 0x40, 0x2D, 0x80, 0x02, 0x00, 0x02, 0x00, 0x09, 0xEC, 0x06, 0x25, 0x21, 0xEC, 0x69,
    0xC0, 0x63, 0x96, 0xC9, 0x66, 0x69, 0x99, 0x88, 0xC0, 0x0C, 0x24, 0x60, 0x24, 0x0C, 0x30, 0x18,
    0x09, 0x18, 0x30, 0x96, 0x96, 0x96, 0x96, 0x82, 0x82, 0x00, 0x96, 0xBC, 0x06, 0x33, 0x36, 0x38,
    0x20, 0x00, 0x30, 0x3F, 0xFC, 0xC0, 0x37, 0xFD, 0x00, 0x20, 0x0C, 0x01, 0x40, 0x20, 0x08, 0x01,
    0x40, 0x30, 0x08, 0x00, 0xF7, 0x0C, 0x30, 0xF7, 0x0C, 0x30, 0xC3, 0xD0, 0x7C, 0x30, 0xC3, 0x7C,
    0x30, 0xC3, 0x0D, 0xF0, 0x3C, 0x82, 0x82, 0x3C, 0x18, 0x21, 0x69, 0x05, 0x7D, 0x7C, 0x42, 0x3C,
    0x14, 0x38, 0x82, 0x7D, 0xBE, 0x45, 0x08, 0x20, 0x6D, 0x3C, 0x82, 0x7D, 0x3D, 0x82, 0x3C, 0x14,
    0x14, 0x7D, 0x14, 0x7D, 0x00, 0x7D, 0x3C, 0x82, 0x82, 0x3C, 0x28, 0x08, 0x08, 0x6E, 0x3C, 0x05,
    0x14, 0x7D, 0x7D, 0x1C, 0x06, 0x3D, 0x18, 0x21, 0x69, 0x05, 0x7D, 0x7C, 0x42, 0x3C, 0x14, 0x38,
    0x82, 0x7D, 0xBE, 0x45, 0x08, 0x20, 0x6D, 0x3C, 0x82, 0x7D, 0x3D, 0x82, 0x3C, 0x14, 0x00, 0xC0,
    0x3F, 0x1E, 0xC3, 0x0C, 0x30, 0xC3, 0x0C, 0x1E, 0xC0, 0x00, 0x3F, 0xC0, 0x1F, 0x43, 0x0C, 0x30,
    0x4B, 0xD0, 0xBD, 0x03, 0x04, 0x30, 0xC1, 0xF4, 0x7F, 0xD0, 0x50, 0x05, 0x41, 0xF8, 0x1A, 0x41,
    0xF4, 0x15, 0x00, 0x50, 0x1F, 0x43, 0x0C, 0x00, 0x87, 0xFD, 0x7F, 0xD3, 0x00, 0x30, 0xC1, 0xF4,
    0x3F, 0x83, 0x09, 0x30, 0x53, 0x09, 0xBF, 0x8B, 0xF4, 0x30, 0x03, 0x00, 0x01, 0x00, 0x60, 0x3F,
    0x43, 0x0C, 0x30, 0xC3, 0xF4, 0x30, 0xC3, 0x09, 0x30, 0xC3, 0xF4, 0x06, 0x00, 0x10, 0x00, 0x00,
    0xC0, 0x30, 0x0B, 0xFE, 0x30, 0x01, 0x80, 0x04, 0x00, 0x00, 0x00, 0xF0, 0x3A, 0xC4, 0x51, 0x05,
    0x00, 0x50, 0x05, 0x00, 0x50, 0x00, 0x00, 0x30, 0x00, 0xCB, 0xFE, 0x00, 0xC0, 0x24, 0x01, 0x00,
    0x05, 0x00, 0x50, 0x05, 0x00, 0x50, 0x45, 0x13, 0xAC, 0x0F, 0x00, 0x00, 0x00, 0x00, 0x0C, 0x30,
    0x30, 0x0C, 0xBF, 0xFE, 0x30, 0x0C, 0x18, 0x24, 0x04, 0x10, 0x0A, 0x02, 0xF8, 0x95, 0x60, 0x50,
    0x05, 0x00, 0x50, 0x05, 0x00, 0x50, 0x65, 0x91, 0xF4, 0x05, 0x00, 0x7F, 0x87, 0x80, 0x5A, 0x05,
    0x28, 0x10, 0x90, 0x00, 0x2F, 0xD0, 0x2D, 0x0A, 0x52, 0x85, 0x60, 0x40, 0x00, 0x00, 0x06, 0x04,
    0x28, 0x50, 0xA5, 0x02, 0xD2, 0xFD, 0x00, 0x01, 0x09, 0x52, 0x85, 0xA0, 0x78, 0x07, 0xF8, 0x03,
    0xEB, 0x4F, 0xCF, 0x30, 0x00, 0x06, 0x20, 0xFF, 0xE6, 0x20, 0x10, 0x00, 0x00, 0x00, 0x89, 0xBF,
    0xF0, 0x89, 0x00, 0x40, 0x00, 0x06, 0x09, 0xFF, 0x86, 0x0C, 0x10, 0x10, 0x00, 0x06, 0x09, 0x2F,
    0xF3, 0x09, 0x40, 0x40, 0x14, 0xBE, 0x55, 0x14, 0x14, 0xBE, 0x00, 0x0C, 0x09, 0xFF, 0xFC, 0x09,
    0x40, 0x40, 0xFF, 0x14, 0x14, 0x55, 0x7D, 0x14, 0x03, 0x80, 0x06, 0x14, 0x33, 0x06, 0xBF, 0x83,
    0x00, 0x00, 0x00, 0x2C, 0x09, 0x00, 0xC1, 0x49, 0x0C, 0x2F, 0xE0, 0x0C, 0x00, 0x00, 0x10, 0x89,
    0xA6, 0xF1, 0xF2, 0x08, 0x00, 0x00, 0x01, 0x45, 0x51, 0x41, 0x04, 0x10, 0x41, 0x04, 0x00, 0x00,
    0x00, 0x09, 0xBF, 0xF0, 0x09, 0x00, 0x9B, 0xFF, 0x00, 0x90, 0x00, 0x04, 0x01, 0x80, 0x7F, 0xFD,
    0x00, 0x3F, 0xF1, 0x80, 0x04, 0x00, 0x00, 0x00, 0x05, 0x50, 0x15, 0x54, 0x11, 0x44, 0x01, 0x40,
    0x01, 0x40, 0x01, 0x40, 0x01, 0x40, 0x01, 0x40, 0x01, 0x40, 0x01, 0x40, 0x02, 0x00, 0x28, 0xFF,
    0xD0, 0x07, 0xFF, 0xC0, 0x24, 0x01, 0x00, 0x01, 0x40, 0x01, 0x40, 0x01, 0x40, 0x01, 0x40, 0x01,
    0x40, 0x01, 0x40, 0x01, 0x40, 0x11, 0x44, 0x15, 0x54, 0x05, 0x50, 0x00, 0x00, 0x04, 0x10, 0x1C,
    0x34, 0x3F, 0xFC, 0xA0, 0x0A, 0x3F, 0xFC, 0x0C, 0x30, 0x00, 0x00, 0x03, 0x0F, 0xFC, 0xFF, 0xF0,
    0x0D, 0xFF, 0x80, 0x70, 0x00, 0x00, 0x00, 0x2C, 0xBE, 0x14, 0xFF, 0x14, 0xFF, 0x14, 0x00, 0x00,
    0x14, 0xFF, 0x14, 0xFF, 0x14, 0x7E, 0x28, 0x00, 0x04, 0x10, 0x33, 0xFF, 0x70, 0x23, 0x04, 0x10,
    0x00, 0x00, 0x50, 0x10, 0x47, 0x0D, 0x10, 0x41, 0x04, 0x10, 0x41, 0x04, 0x0F, 0x00, 0x00, 0x00,
    0x20, 0xFD, 0x44, 0x02, 0xFD, 0x40, 0x20, 0x00, 0x00, 0x00, 0x00, 0x50, 0x10, 0x47, 0x0D, 0x10,
    0x41, 0x04, 0x0F, 0x00, 0xF0, 0x0F, 0x00, 0x00, 0x06, 0x09, 0x30, 0xC3, 0xFC, 0x25, 0x81, 0xA4,
    0x0A, 0x00, 0xF0, 0x00, 0x00, 0x2C, 0x66, 0x50, 0x50, 0x66, 0x2C, 0x08, 0x00, 0x30, 0x00, 0xC1,
    0xEC, 0x30, 0xC3, 0x0C, 0x30, 0xC1, 0xE4, 0x3F, 0xC0, 0x30, 0x0C, 0xBF, 0x00, 0xC0, 0x33, 0xFC,
    0x00, 0x40, 0x23, 0xFC, 0x0B, 0x02, 0xCB, 0xF0, 0x8C, 0x53, 0x3F, 0xC8, 0x00, 0x00, 0x00, 0x04,
    0x0B, 0xF0, 0x2D, 0x74, 0x30, 0x8C, 0x32, 0x0C, 0x2D, 0x2C, 0x0F, 0xF0, 0x10, 0x00, 0x0A, 0x00,
    0xF0, 0x0A, 0x01, 0x54, 0x20, 0x83, 0x0C, 0x30, 0xC7, 0xFD, 0x7F, 0xD3, 0x0C, 0x30, 0xC2, 0x48,
    0x19, 0x40, 0xE0, 0x0F, 0x00, 0x50, 0x2F, 0xE5, 0x00, 0xBF, 0xE9, 0x00, 0x60, 0x02, 0xFE, 0x00,
    0x00, 0x08, 0x2F, 0xE5, 0x20, 0xBF, 0xE9, 0x80, 0x68, 0x02, 0xFE, 0x20, 0x00, 0x00, 0x3D, 0x7D,
    0x3D, 0x7F, 0x80, 0x05, 0x7F, 0xE0, 0x06, 0x00, 0xA7, 0xF8, 0x00, 0x00, 0x08, 0x7F, 0x80, 0x26,
    0x7F, 0xE0, 0x86, 0x08, 0xA7, 0xF8, 0x20, 0x00, 0x00, 0xFF, 0xFF, 0xFF, 0xFF, 0xFF, 0x7F, 0xD3,
    0x0C, 0x30, 0xC3, 0x0C, 0x30, 0xC3, 0x0C, 0x30, 0xC3, 0x0C, 0x30, 0xC1, 0x04, 0x00, 0x03, 0x0C,
    0x30, 0xC3, 0x0C, 0x30, 0xC3, 0x0C, 0x30, 0xC3, 0x0C, 0x30, 0xC7, 0xFD, 0x7F, 0xD3, 0x00, 0x1C,
    0x00, 0x60, 0x03, 0x00, 0x60, 0x0C, 0x03, 0x00, 0x7F, 0xD0, 0xBE, 0x7F, 0xD0, 0x50, 0x05, 0x07,
    0xFD, 0x05, 0x00, 0x50, 0x00, 0x20, 0x0C, 0x01, 0x40, 0x20, 0x08, 0x01, 0x40, 0x30, 0x08, 0x00,
    0x3C, 0x14, 0x3C, 0xAA, 0x00, 0x20, 0x06, 0xB0, 0x81, 0x4C, 0x08, 0x80, 0xD4, 0x0B, 0x00, 0x60,
    0x79, 0xD8, 0x92, 0x86, 0x27, 0x6D, 0x05, 0x55, 0x55, 0x55, 0x00, 0x14, 0x19, 0x1C, 0x24, 0x34,
    0x64, 0x14, 0x00, 0x55, 0x55, 0x55, 0x55, 0x55, 0x55, 0x55, 0x0F, 0x00, 0xB0, 0x25, 0x83, 0x0C,
    0x20, 0x80, 0x20, 0x83, 0x0C, 0x25, 0x80, 0xF0, 0x0F, 0x00, 0x2F, 0x86, 0x09, 0x90, 0x69, 0x06,
    0x90, 0x69, 0x06, 0x90, 0x60, 0x00, 0x40, 0x19, 0x06, 0x90, 0x69, 0x06, 0x90, 0x69, 0x06, 0x60,
    0x92, 0xF8, 0x07, 0xD0, 0xC0, 0x0C, 0x00, 0xC0, 0x0C, 0x00, 0xC0, 0x0C, 0x00, 0xC0, 0xF4, 0x00,
    0x00, 0x00, 0xA0, 0x00, 0x00, 0x00, 0x00, 0x0A, 0x0A, 0x00, 0x00, 0x00, 0x0A, 0x0A, 0x00, 0x00,
    0x00, 0x00, 0x00, 0xA0, 0x00, 0x00, 0xA9, 0x00, 0x9A, 0x70, 0xD1, 0x04, 0x00, 0x01, 0x04, 0x70,
    0xD0, 0x14, 0x28, 0x00, 0xBE, 0x00, 0x7F, 0xD0, 0x00, 0x00, 0x07, 0x00, 0x00, 0x3C, 0x96, 0x3C,
    0x78, 0x99, 0xA6, 0x63, 0xD0, 0x3C, 0x96, 0x3C, 0x00, 0x07, 0xFD, 0x28, 0x41, 0x28, 0x00, 0x03,
    0xFC, 0x00, 0x03, 0xFC, 0x00, 0x00, 0x08, 0x2A, 0x81, 0x38, 0x02, 0x03, 0xFC, 0x08, 0x03, 0xFC,
    0x10, 0x00, 0x00, 0x3C, 0x96, 0x3C, 0x3C, 0x96, 0x3C, 0x00, 0x00, 0x08, 0x01, 0x42, 0xB4, 0x26,
    0x81, 0x78, 0x2C, 0x42, 0xA8, 0x10, 0x00, 0x00, 0x28, 0x41, 0x28, 0x28, 0x41, 0x28, 0x28, 0x41,
    0x28, 0x00, 0x03, 0xFC, 0x00, 0x02, 0xF8, 0x60, 0x90, 0x00, 0x80, 0x0D, 0x7F, 0x00, 0x09, 0x7F,
    0xD0, 0x00, 0x0A, 0x00, 0x60, 0x0A, 0x00, 0x00, 0x3F, 0xC0, 0x00, 0x3F, 0xC0, 0x0E, 0x00, 0x60,
    0x04, 0x00, 0x00, 0x3F, 0xC0, 0x00, 0x3F, 0xC0, 0x00, 0x00, 0x08, 0x01, 0x40, 0x20, 0x3F, 0xC0,
    0x40, 0x3F, 0xC0, 0x40, 0x20, 0x00, 0x00, 0x3F, 0xC0, 0x00, 0x3F, 0xC0, 0x00, 0x3F, 0xC0, 0x00,
    0x40, 0x14, 0x3F, 0xC0, 0x20, 0x3F, 0xC0, 0x80, 0x3F, 0xC1, 0x40, 0x00, 0x00, 0x3F, 0xC3, 0xFC,
    0x00, 0x03, 0xFC, 0x3F, 0xC0, 0x00, 0x00, 0x1C, 0x1D, 0x03, 0x00, 0x0A, 0x00, 0x08, 0x00, 0x03,
    0xFC, 0x00, 0x03, 0x40, 0x07, 0x40, 0x0C, 0x0A, 0x02, 0x00, 0x00, 0x03, 0xFC, 0x04, 0x22, 0x5D,
    0xC2, 0x06, 0x28, 0x08, 0x60, 0x00, 0x81, 0x07, 0x58, 0x08, 0x32, 0x89, 0x92, 0x00, 0x00, 0x00,
    0x28, 0x24, 0x41, 0x41, 0x11, 0x28, 0x10, 0x00, 0x00, 0x24, 0x3F, 0xC0, 0x50, 0x2F, 0x86, 0x89,
    0x14, 0x00, 0x00, 0x00, 0x40, 0x24, 0x07, 0x83, 0x90, 0x3C, 0x00, 0xB8, 0x14, 0x42, 0x00, 0x00,
    0x41, 0x20, 0x2E, 0x00, 0x7C, 0x0A, 0xC2, 0xD0, 0x24, 0x02, 0x00, 0x00, 0x00, 0x08, 0x02, 0xC2,
    0xF0, 0x36, 0x00, 0xB4, 0x08, 0x80, 0x80, 0x3F, 0xC2, 0x00, 0x00, 0x00, 0x08, 0x39, 0x40, 0x78,
    0x03, 0xC0, 0xA0, 0x28, 0x00, 0x80, 0x3F, 0xC2, 0x00, 0x00, 0x40, 0x78, 0x28, 0x03, 0x80, 0x07,
    0x80, 0x04, 0x29, 0x95, 0x28, 0x00, 0x02, 0x80, 0x02, 0x80, 0x1C, 0x1D, 0x01, 0x00, 0x28, 0x41,
    0x28, 0x00, 0xC0, 0x74, 0x7D, 0x00, 0x74, 0x00, 0xC0, 0x30, 0x01, 0xD0, 0x07, 0xD1, 0xD0, 0x30,
    0x00, 0x00, 0x40, 0x0C, 0x07, 0x07, 0xC0, 0x07, 0x40, 0x0C, 0x00, 0x07, 0xFC, 0x00, 0x02, 0xFE,
    0x60, 0x09, 0x00, 0xA0, 0x03, 0xFE, 0x00, 0x00, 0x00, 0x0B, 0xF8, 0x00, 0x90, 0x06, 0x00, 0xAB,
    0xFC, 0x00, 0x00, 0x00, 0x40, 0x04, 0x2F, 0xE6, 0x20, 0x95, 0x06, 0x80, 0x2F, 0xE1, 0x40, 0x20,
    0x00, 0x00, 0x00, 0x04, 0xBF, 0x80, 0x29, 0x05, 0x60, 0x8A, 0xBF, 0xC1, 0x40, 0x20, 0x00, 0x00,
    0x2F, 0xE6, 0x00, 0x90, 0x06, 0x00, 0x2F, 0xE0, 0x00, 0x7F, 0xE0, 0xBF, 0x80, 0x09, 0x00, 0x60,
    0x09, 0xBF, 0x80, 0x00, 0xBF, 0xD0, 0x00, 0x40, 0x08, 0x2F, 0xE6, 0x20, 0x92, 0x06, 0x50, 0x2F,
    0xE0, 0x80, 0x7F, 0xE2, 0x00, 0x00, 0x40, 0x08, 0xBF, 0xC0, 0x29, 0x02, 0x60, 0x59, 0xBF, 0x80,
    0x80, 0xBF, 0xD2, 0x00, 0x00, 0x04, 0x01, 0x40, 0x14, 0x01, 0x40, 0x16, 0xF9, 0x20, 0x82, 0xF8,
    0xBF, 0xE9, 0x00, 0x90, 0x09, 0x00, 0xBF, 0xE0, 0xBF, 0xE0, 0x06, 0x00, 0x60, 0x06, 0xBF, 0xE0,
    0xBF, 0xE9, 0x00, 0x90, 0x09, 0x00, 0xBF, 0xE0, 0x00, 0xBF, 0xE0, 0xBF, 0xE0, 0x06, 0x00, 0x60,
    0x06, 0xBF, 0xE0, 0x00, 0xBF, 0xE0, 0x7F, 0xD6, 0x09, 0x60, 0x96, 0x09, 0x60, 0x90, 0x00, 0x10,
    0x46, 0x09, 0x60, 0x96, 0x09, 0x60, 0x97, 0xFD, 0x01, 0x40, 0x15, 0x54, 0x21, 0x48, 0x3F, 0xFC,
    0x21, 0x48, 0x16, 0x94, 0x01, 0x40, 0x0B, 0xE0, 0x24, 0x18, 0x2B, 0xE8, 0x20, 0x08, 0x24, 0x18,
    0x0B, 0xE0, 0x07, 0xD0, 0x28, 0x34, 0x29, 0xA8, 0x13, 0x84, 0x2A, 0x98, 0x18, 0x34, 0x07, 0xD0,
    0x06, 0xD0, 0x14, 0x34, 0x20, 0x88, 0x11, 0x44, 0x22, 0x08, 0x1C, 0x14, 0x06, 0x90, 0x0B, 0xE0,
    0x24, 0x18, 0x21, 0x48, 0x20, 0x08, 0x24, 0x18, 0x0B, 0xE0, 0x00, 0x00, 0x0A, 0xA0, 0x21, 0x48,
    0x2B, 0xE8, 0x22, 0x88, 0x2C, 0x38, 0x07, 0xD0, 0x06, 0x90, 0x14, 0x14, 0x3F, 0xFC, 0x10, 0x04,
    0x3F, 0xFC, 0x14, 0x14, 0x06, 0x90, 0x06, 0x90, 0x14, 0x14, 0x20, 0x08, 0x3F, 0xFC, 0x20, 0x08,
    0x14, 0x14, 0x06, 0x90, 0xEA, 0xBE, 0x0F, 0x9B, 0x68, 0xE2, 0x9A, 0x6E, 0x0B, 0xAA, 0xB0, 0xFF,
    0xF8, 0x02, 0xAF, 0xA8, 0x02, 0x80, 0x2F, 0xFF, 0xFF, 0xF8, 0x52, 0xFF, 0xF8, 0x52, 0x85, 0x2F,
    0xFF, 0xFF, 0xF8, 0x02, 0x85, 0x28, 0x02, 0x80, 0x2F, 0xFF, 0x80, 0x0C, 0x00, 0xC0, 0x0F, 0xFF,
    0xC0, 0x0C, 0x00, 0x40, 0x00, 0x00, 0x20, 0x03, 0x00, 0x3F, 0xFF, 0x00, 0x30, 0x03, 0x00, 0x10,
    0xFF, 0xF0, 0x50, 0x05, 0x00, 0x50, 0x05, 0x00, 0x50, 0x00, 0x00, 0x50, 0x05, 0x00, 0x50, 0x05,
    0x00, 0x50, 0xFF, 0xF0, 0x00, 0x00, 0x1C, 0x1D, 0x83, 0x08, 0x0A, 0xC0, 0x08, 0x00, 0x03, 0xFC,
    0x00, 0xA0, 0x0A, 0x00, 0x02, 0x08, 0x30, 0xC1, 0x54, 0x0F, 0x00, 0xA0, 0x00, 0x03, 0xFC, 0x7F,
    0xD0, 0x00, 0x0F, 0x00, 0xA0, 0x25, 0x83, 0x0C, 0x20, 0x80, 0x7F, 0xD0, 0x00, 0x20, 0x83, 0x0C,
    0x15, 0x40, 0xF0, 0x0A, 0x00, 0x2F, 0x86, 0x09, 0x90, 0x69, 0x06, 0x90, 0x69, 0x06, 0x90, 0x60,
    0x00, 0x40, 0x19, 0x06, 0x90, 0x69, 0x06, 0x90, 0x69, 0x06, 0x60, 0x92, 0xF8, 0x00, 0x14, 0x14,
    0x00, 0x00, 0x28, 0x00, 0x00, 0x0D, 0x07, 0x95, 0x68, 0xA2, 0x91, 0xAC, 0x03, 0x00, 0x00, 0x00,
    0x0D, 0x05, 0x95, 0x48, 0xA0, 0x91, 0x4C, 0x02, 0x00, 0x00, 0x00, 0x05, 0x07, 0x15, 0x60, 0xA2,
    0x11, 0xA8, 0x03, 0x00, 0x00, 0x40, 0x17, 0x0D, 0x0A, 0x00, 0xA0, 0x0A, 0x00, 0x90, 0x2F, 0xE6,
    0x00, 0x8B, 0xE8, 0xC0, 0x6B, 0xE2, 0xFE, 0x00, 0x40, 0x08, 0xBF, 0xE9, 0x20, 0x92, 0x09, 0x50,
    0xBF, 0xE0, 0x80, 0xBF, 0xE2, 0x00, 0x0A, 0x00, 0xA0, 0xA0, 0x32, 0x8C, 0x00, 0x00, 0x00, 0x00,
    0x00, 0x0C, 0x00, 0x00, 0x00, 0x00, 0x02, 0x80, 0x00, 0x00, 0x30, 0x00, 0x00, 0x00, 0x00, 0x00,
    0x30, 0x00, 0x00, 0x00, 0x00, 0x00, 0x02, 0x80, 0x00, 0x00, 0x00, 0x0C, 0x00, 0x00, 0x01, 0x40,
    0x07, 0xD0, 0x0D, 0x30, 0x3F, 0x7C, 0x3E, 0xBC, 0x1F, 0xF4, 0x0B, 0xE0, 0x02, 0x80,
};

static const EpdGlyph PROGMEM jetbrains_mono_5_2bGlyphs[] = {
    { 0, 0, 6, 0, 0, 0, 0 },
    { 0, 0, 6, 0, 0, 0, 0 }, //  
    { 2, 8, 6, 2, 8, 4, 0 }, // !
    { 4, 3, 6, 1, 8, 3, 4 }, // "
    { 6, 8, 6, 0, 8, 12, 7 }, // #
    { 6, 11, 6, 0, 10, 17, 19 }, // $
    { 6, 8, 6, 0, 8, 12, 36 }, // %
    { 7, 8, 6, 0, 8, 14, 48 }, // &
    { 2, 3, 6, 2, 8, 2, 62 }, // '
    { 4, 11, 6, 1, 9, 11, 64 }, // (
    { 4, 11, 6, 1, 9, 11, 75 }, // )
    { 6, 6, 6, 0, 7, 9, 86 }, // *
    { 6, 5, 6, 0, 6, 8, 95 }, // +
    { 2, 3, 6, 2, 1, 2, 103 }, // ,
    { 4, 1, 6, 1, 4, 1, 105 }, // -
    { 2, 2, 6, 2, 2, 1, 106 }, // .
    { 6, 10, 6, 0, 9, 15, 107 }, // /
    { 6, 8, 6, 0, 8, 12, 122 }, // 0
    { 6, 8, 6, 0, 8, 12, 134 }, // 1
    { 6, 8, 6, 0, 8, 12, 146 }, // 2
    { 6, 8, 6, 0, 8, 12, 158 }, // 3
    { 5, 8, 6, 0, 8, 10, 170 }, // 4
    { 6, 8, 6, 0, 8, 12, 180 }, // 5
    { 6, 8, 6, 0, 8, 12, 192 }, // 6
    { 6, 8, 6, 0, 8, 12, 204 }, // 7
    { 6, 8, 6, 0, 8, 12, 216 }, // 8
    { 6, 8, 6, 0, 8, 12, 228 }, // 9
    { 2, 6, 6, 2, 6, 3, 240 }, // :
    { 2, 8, 6, 2, 6, 4, 243 }, // ;
    { 6, 6, 6, 0, 6, 9, 247 }, // <
    { 6, 4, 6, 0, 6, 6, 256 }, // =
    { 6, 6, 6, 0, 6, 9, 262 }, // >
    { 4, 8, 6, 1, 8, 8, 271 }, // ?
    { 6, 10, 6, 0, 8, 15, 279 }, // @
    { 6, 8, 6, 0, 8, 12, 294 }, // A
    { 6, 8, 6, 0, 8, 12, 306 }, // B
    { 6, 8, 6, 0, 8, 12, 318 }, // C
    { 6, 8, 6, 0, 8, 12, 330 }, // D
    { 5, 8, 6, 1, 8, 10, 342 }, // E
    { 6, 8, 6, 0, 8, 12, 352 }, // F
    { 6, 8, 6, 0, 8, 12, 364 }, // G
    { 6, 8, 6, 0, 8, 12, 376 }, // H
    { 4, 8, 6, 1, 8, 8, 388 }, // I
    { 5, 8, 6, 0, 8, 10, 396 }, // J
    { 6, 8, 6, 0, 8, 12, 406 }, // K
    { 5, 8, 6, 1, 8, 10, 418 }, // L
    { 6, 8, 6, 0, 8, 12, 428 }, // M
    { 6, 8, 6, 0, 8, 12, 440 }, // N
    { 6, 8, 6, 0, 8, 12, 452 }, // O
    { 6, 8, 6, 0, 8, 12, 464 }, // P
    { 6, 10, 6, 0, 8, 15, 476 }, // Q
    { 6, 8, 6, 0, 8, 12, 491 }, // R
    { 6, 8, 6, 0, 8, 12, 503 }, // S
    { 6, 8, 6, 0, 8, 12, 515 }, // T
    { 6, 8, 6, 0, 8, 12, 527 }, // U
    { 6, 8, 6, 0, 8, 12, 539 }, // V
    { 6, 8, 6, 0, 8, 12, 551 }, // W
    { 6, 8, 6, 0, 8, 12, 563 }, // X
    { 6, 8, 6, 0, 8, 12, 575 }, // Y
    { 6, 8, 6, 0, 8, 12, 587 }, // Z
    { 3, 10, 6, 2, 9, 8, 599 }, // [
    { 6, 10, 6, 0, 9, 15, 607 }, // <backslash>
    { 3, 10, 6, 1, 9, 8, 622 }, // ]
    { 6, 4, 6, 0, 8, 6, 630 }, // ^
    { 6, 1, 6, 0, 0, 2, 636 }, // _
    { 3, 2, 6, 1, 9, 2, 638 }, // `
    { 6, 6, 6, 0, 6, 9, 640 }, // a
    { 6, 8, 6, 0, 8, 12, 649 }, // b
    { 6, 6, 6, 0, 6, 9, 661 }, // c
    { 6, 8, 6, 0, 8, 12, 670 }, // d
    { 6, 6, 6, 0, 6, 9, 682 }, // e
    { 6, 8, 6, 0, 8, 12, 691 }, // f
    { 6, 8, 6, 0, 6, 12, 703 }, // g
    { 6, 8, 6, 0, 8, 12, 715 }, // h
    { 6, 8, 6, 0, 8, 12, 727 }, // i
    { 5, 10, 6, 0, 8, 13, 739 }, // j
    { 6, 8, 6, 0, 8, 12, 752 }, // k
    { 6, 8, 6, 0, 8, 12, 764 }, // l
    { 6, 6, 6, 0, 6, 9, 776 }, // m
    { 6, 6, 6, 0, 6, 9, 785 }, // n
    { 6, 6, 6, 0, 6, 9, 794 }, // o
    { 6, 8, 6, 0, 6, 12, 803 }, // p
    { 6, 8, 6, 0, 6, 12, 815 }, // q
    { 5, 6, 6, 1, 6, 8, 827 }, // r
    { 6, 6, 6, 0, 6, 9, 835 }, // s
    { 6, 8, 6, 0, 8, 12, 844 }, // t
    { 6, 6, 6, 0, 6, 9, 856 }, // u
    { 6, 6, 6, 0, 6, 9, 865 }, // v
    { 6, 6, 6, 0, 6, 9, 874 }, // w
    { 6, 6, 6, 0, 6, 9, 883 }, // x
    { 6, 8, 6, 0, 6, 12, 892 }, // y
    { 6, 6, 6, 0, 6, 9, 904 }, // z
    { 6, 10, 6, 0, 9, 15, 913 }, // {
    { 2, 10, 6, 2, 9, 5, 928 }, // |
    { 6, 10, 6, 0, 9, 15, 933 }, // }
    { 6, 2, 6, 0, 5, 3, 948 }, // ~
    { 0, 0, 6, 0, 0, 0, 951 }, //  
    { 2, 8, 6, 2, 6, 4, 951 }, // ¡
    { 6, 9, 6, 0, 8, 14, 955 }, // ¢
    { 6, 8, 6, 0, 8, 12, 969 }, // £
    { 6, 7, 6, 0, 7, 11, 981 }, // ¤
    { 6, 8, 6, 0, 8, 12, 992 }, // ¥
    { 2, 10, 6, 2, 9, 5, 1004 }, // ¦
    { 6, 10, 6, 0, 8, 15, 1009 }, // §
    { 4, 1, 6, 1, 8, 1, 1024 }, // ¨
    { 6, 7, 6, 0, 8, 11, 1025 }, // ©
    { 4, 3, 6, 1, 7, 3, 1036 }, // ª
    { 6, 5, 6, 0, 5, 8, 1039 }, // «
    { 4, 3, 6, 1, 4, 3, 1047 }, // ¬
    { 4, 1, 6, 1, 4, 1, 1050 }, // ­
    { 6, 7, 6, 0, 8, 11, 1051 }, // ®
    { 4, 1, 6, 1, 8, 1, 1062 }, // ¯
    { 4, 4, 6, 1, 9, 4, 1063 }, // °
    { 6, 6, 6, 0, 6, 9, 1067 }, // ±
    { 4, 4, 6, 1, 8, 4, 1076 }, // ²
    { 4, 4, 6, 1, 8, 4, 1080 }, // ³
    { 3, 2, 6, 2, 9, 2, 1084 }, // ´
    { 6, 8, 6, 0, 6, 12, 1086 }, // µ
    { 6, 10, 6, 0, 8, 15, 1098 }, // ¶
    { 2, 2, 6, 2, 5, 1, 1113 }, // ·
    { 3, 3, 6, 2, 1, 3, 1114 }, // ¸
    { 4, 4, 6, 1, 8, 4, 1117 }, // ¹
    { 4, 3, 6, 1, 7, 3, 1121 }, // º
    { 6, 5, 6, 0, 5, 8, 1124 }, // »
    { 6, 8, 6, 0, 8, 12, 1132 }, // ¼
    { 6, 9, 6, 0, 9, 14, 1144 }, // ½
    { 6, 8, 6, 0, 8, 12, 1158 }, // ¾
    { 4, 8, 6, 1, 6, 8, 1170 }, // ¿
    { 6, 11, 6, 0, 11, 17, 1178 }, // À
    { 6, 11, 6, 0, 11, 17, 1195 }, // Á
    { 6, 11, 6, 0, 11, 17, 1212 }, // Â
    { 6, 11, 6, 0, 11, 17, 1229 }, // Ã
    { 6, 10, 6, 0, 10, 15, 1246 }, // Ä
    { 6, 11, 6, 0, 11, 17, 1261 }, // Å
    { 6, 8, 6, 0, 8, 12, 1278 }, // Æ
    { 6, 10, 6, 0, 8, 15, 1290 }, // Ç
    { 5, 11, 6, 1, 11, 14, 1305 }, // È
    { 5, 11, 6, 1, 11, 14, 1319 }, // É
    { 5, 11, 6, 1, 11, 14, 1333 }, // Ê
    { 5, 10, 6, 1, 10, 13, 1347 }, // Ë
    { 4, 11, 6, 1, 11, 11, 1360 }, // Ì
    { 4, 11, 6, 1, 11, 11, 1371 }, // Í
    { 4, 11, 6, 1, 11, 11, 1382 }, // Î
    { 4, 10, 6, 1, 10, 10, 1393 }, // Ï
    { 6, 8, 6, 0, 8, 12, 1403 }, // Ð
    { 6, 11, 6, 0, 11, 17, 1415 }, // Ñ
    { 6, 11, 6, 0, 11, 17, 1432 }, // Ò
    { 6, 11, 6, 0, 11, 17, 1449 }, // Ó
    { 6, 11, 6, 0, 11, 17, 1466 }, // Ô
    { 6, 11, 6, 0, 11, 17, 1483 }, // Õ
    { 6, 10, 6, 0, 10, 15, 1500 }, // Ö
    { 4, 5, 6, 1, 6, 5, 1515 }, // ×
    { 6, 9, 6, 0, 8, 14, 1520 }, // Ø
    { 6, 11, 6, 0, 11, 17, 1534 }, // Ù
    { 6, 11, 6, 0, 11, 17, 1551 }, // Ú
    { 6, 11, 6, 0, 11, 17, 1568 }, // Û
    { 6, 10, 6, 0, 10, 15, 1585 }, // Ü
    { 6, 11, 6, 0, 11, 17, 1600 }, // Ý
    { 6, 8, 6, 0, 8, 12, 1617 }, // Þ
    { 6, 8, 6, 0, 8, 12, 1629 }, // ß
    { 6, 9, 6, 0, 9, 14, 1641 }, // à
    { 6, 9, 6, 0, 9, 14, 1655 }, // á
    { 6, 9, 6, 0, 9, 14, 1669 }, // â
    { 6, 9, 6, 0, 9, 14, 1683 }, // ã
    { 6, 8, 6, 0, 8, 12, 1697 }, // ä
    { 6, 9, 6, 0, 9, 14, 1709 }, // å
    { 6, 6, 6, 0, 6, 9, 1723 }, // æ
    { 6, 8, 6, 0, 6, 12, 1732 }, // ç
    { 6, 9, 6, 0, 9, 14, 1744 }, // è
    { 6, 9, 6, 0, 9, 14, 1758 }, // é
    { 6, 9, 6, 0, 9, 14, 1772 }, // ê
    { 6, 8, 6, 0, 8, 12, 1786 }, // ë
    { 6, 9, 6, 0, 9, 14, 1798 }, // ì
    { 6, 9, 6, 0, 9, 14, 1812 }, // í
    { 6, 9, 6, 0, 9, 14, 1826 }, // î
    { 6, 8, 6, 0, 8, 12, 1840 }, // ï
    { 6, 9, 6, 0, 9, 14, 1852 }, // ð
    { 6, 9, 6, 0, 9, 14, 1866 }, // ñ
    { 6, 9, 6, 0, 9, 14, 1880 }, // ò
    { 6, 9, 6, 0, 9, 14, 1894 }, // ó
    { 6, 9, 6, 0, 9, 14, 1908 }, // ô
    { 6, 9, 6, 0, 9, 14, 1922 }, // õ
    { 6, 8, 6, 0, 8, 12, 1936 }, // ö
    { 4, 6, 6, 1, 7, 6, 1948 }, // ÷
    { 6, 7, 6, 0, 7, 11, 1954 }, // ø
    { 6, 9, 6, 0, 9, 14, 1965 }, // ù
    { 6, 9, 6, 0, 9, 14, 1979 }, // ú
    { 6, 9, 6, 0, 9, 14, 1993 }, // û
    { 6, 8, 6, 0, 8, 12, 2007 }, // ü
    { 6, 11, 6, 0, 9, 17, 2019 }, // ý
    { 6, 10, 6, 0, 8, 15, 2036 }, // þ
    { 6, 10, 6, 0, 8, 15, 2051 }, // ÿ
    { 6, 10, 6, 0, 10, 15, 2066 }, // Ā
    { 6, 8, 6, 0, 8, 12, 2081 }, // ā
    { 6, 10, 6, 0, 10, 15, 2093 }, // Ă
    { 6, 9, 6, 0, 9, 14, 2108 }, // ă
    { 6, 10, 6, 0, 8, 15, 2122 }, // Ą
    { 6, 8, 6, 0, 6, 12, 2137 }, // ą
    { 6, 11, 6, 0, 11, 17, 2149 }, // Ć
    { 6, 9, 6, 0, 9, 14, 2166 }, // ć
    { 6, 11, 6, 0, 11, 17, 2180 }, // Ĉ
    { 6, 9, 6, 0, 9, 14, 2197 }, // ĉ
    { 6, 10, 6, 0, 10, 15, 2211 }, // Ċ
    { 6, 8, 6, 0, 8, 12, 2226 }, // ċ
    { 6, 11, 6, 0, 11, 17, 2238 }, // Č
    { 6, 9, 6, 0, 9, 14, 2255 }, // č
    { 6, 11, 6, 0, 11, 17, 2269 }, // Ď
    { 7, 8, 6, 0, 8, 14, 2286 }, // ď
    { 6, 8, 6, 0, 8, 12, 2300 }, // Đ
    { 6, 8, 6, 0, 8, 12, 2312 }, // đ
    { 5, 10, 6, 1, 10, 13, 2324 }, // Ē
    { 6, 8, 6, 0, 8, 12, 2337 }, // ē
    { 5, 10, 6, 1, 10, 13, 2349 }, // Ĕ
    { 6, 9, 6, 0, 9, 14, 2362 }, // ĕ
    { 5, 10, 6, 1, 10, 13, 2376 }, // Ė
    { 6, 8, 6, 0, 8, 12, 2389 }, // ė
    { 5, 10, 6, 1, 8, 13, 2401 }, // Ę
    { 6, 8, 6, 0, 6, 12, 2414 }, // ę
    { 5, 11, 6, 1, 11, 14, 2426 }, // Ě
    { 6, 9, 6, 0, 9, 14, 2440 }, // ě
    { 6, 11, 6, 0, 11, 17, 2454 }, // Ĝ
    { 6, 11, 6, 0, 9, 17, 2471 }, // ĝ
    { 6, 10, 6, 0, 10, 15, 2488 }, // Ğ
    { 6, 11, 6, 0, 9, 17, 2503 }, // ğ
    { 6, 10, 6, 0, 10, 15, 2520 }, // Ġ
    { 6, 10, 6, 0, 8, 15, 2535 }, // ġ
    { 6, 11, 6, 0, 8, 17, 2550 }, // Ģ
    { 6, 12, 6, 0, 10, 18, 2567 }, // ģ
    { 6, 11, 6, 0, 11, 17, 2585 }, // Ĥ
    { 7, 11, 6, -1, 11, 20, 2602 }, // ĥ
    { 6, 8, 6, 0, 8, 12, 2622 }, // Ħ
    { 6, 8, 6, 0, 8, 12, 2634 }, // ħ
    { 4, 11, 6, 1, 11, 11, 2646 }, // Ĩ
    { 6, 9, 6, 0, 9, 14, 2657 }, // ĩ
    { 4, 10, 6, 1, 10, 10, 2671 }, // Ī
    { 6, 8, 6, 0, 8, 12, 2681 }, // ī
    { 4, 10, 6, 1, 10, 10, 2693 }, // Ĭ
    { 6, 9, 6, 0, 9, 14, 2703 }, // ĭ
    { 4, 10, 6, 1, 8, 10, 2717 }, // Į
    { 6, 11, 6, 0, 9, 17, 2727 }, // į
    { 4, 10, 6, 1, 10, 10, 2744 }, // İ
    { 6, 6, 6, 0, 6, 9, 2754 }, // ı
    { 7, 11, 6, 0, 11, 20, 2763 }, // Ĵ
    { 6, 11, 6, 0, 9, 17, 2783 }, // ĵ
    { 6, 11, 6, 0, 8, 17, 2800 }, // Ķ
    { 6, 11, 6, 0, 8, 17, 2817 }, // ķ
    { 5, 6, 6, 1, 6, 8, 2834 }, // ĸ
    { 5, 11, 6, 1, 11, 14, 2842 }, // Ĺ
    { 6, 11, 6, 0, 11, 17, 2856 }, // ĺ
    { 5, 11, 6, 1, 8, 14, 2873 }, // Ļ
    { 6, 11, 6, 0, 8, 17, 2887 }, // ļ
    { 5, 8, 6, 1, 8, 10, 2904 }, // Ľ
    { 6, 8, 6, 0, 8, 12, 2914 }, // ľ
    { 5, 8, 6, 1, 8, 10, 2926 }, // Ŀ
    { 7, 8, 6, 0, 8, 14, 2936 }, // ŀ
    { 6, 8, 6, 0, 8, 12, 2950 }, // Ł
    { 6, 8, 6, 0, 8, 12, 2962 }, // ł
    { 6, 11, 6, 0, 11, 17, 2974 }, // Ń
    { 6, 9, 6, 0, 9, 14, 2991 }, // ń
    { 6, 11, 6, 0, 8, 17, 3005 }, // Ņ
    { 6, 9, 6, 0, 6, 14, 3022 }, // ņ
    { 6, 11, 6, 0, 11, 17, 3036 }, // Ň
    { 6, 9, 6, 0, 9, 14, 3053 }, // ň
    { 7, 8, 6, -1, 8, 14, 3067 }, // ŉ
    { 6, 10, 6, 0, 8, 15, 3081 }, // Ŋ
    { 6, 8, 6, 0, 6, 12, 3096 }, // ŋ
    { 6, 10, 6, 0, 10, 15, 3108 }, // Ō
    { 6, 8, 6, 0, 8, 12, 3123 }, // ō
    { 6, 10, 6, 0, 10, 15, 3135 }, // Ŏ
    { 6, 9, 6, 0, 9, 14, 3150 }, // ŏ
    { 6, 11, 6, 0, 11, 17, 3164 }, // Ő
    { 6, 9, 6, 0, 9, 14, 3181 }, // ő
    { 6, 8, 6, 0, 8, 12, 3195 }, // Œ
    { 6, 6, 6, 0, 6, 9, 3207 }, // œ
    { 6, 11, 6, 0, 11, 17, 3216 }, // Ŕ
    { 5, 9, 6, 1, 9, 12, 3233 }, // ŕ
    { 6, 11, 6, 0, 8, 17, 3245 }, // Ŗ
    { 6, 9, 6, 0, 6, 14, 3262 }, // ŗ
    { 6, 11, 6, 0, 11, 17, 3276 }, // Ř
    { 5, 9, 6, 1, 9, 12, 3293 }, // ř
    { 6, 11, 6, 0, 11, 17, 3305 }, // Ś
    { 6, 9, 6, 0, 9, 14, 3322 }, // ś
    { 6, 11, 6, 0, 11, 17, 3336 }, // Ŝ
    { 6, 9, 6, 0, 9, 14, 3353 }, // ŝ
    { 6, 10, 6, 0, 8, 15, 3367 }, // Ş
    { 6, 8, 6, 0, 6, 12, 3382 }, // ş
    { 6, 11, 6, 0, 11, 17, 3394 }, // Š
    { 6, 9, 6, 0, 9, 14, 3411 }, // š
    { 6, 10, 6, 0, 8, 15, 3425 }, // Ţ
    { 6, 10, 6, 0, 8, 15, 3440 }, // ţ
    { 6, 11, 6, 0, 11, 17, 3455 }, // Ť
    { 6, 9, 6, 0, 9, 14, 3472 }, // ť
    { 6, 8, 6, 0, 8, 12, 3486 }, // Ŧ
    { 6, 8, 6, 0, 8, 12, 3498 }, // ŧ
    { 6, 11, 6, 0, 11, 17, 3510 }, // Ũ
    { 6, 9, 6, 0, 9, 14, 3527 }, // ũ
    { 6, 10, 6, 0, 10, 15, 3541 }, // Ū
    { 6, 8, 6, 0, 8, 12, 3556 }, // ū
    { 6, 10, 6, 0, 10, 15, 3568 }, // Ŭ
    { 6, 9, 6, 0, 9, 14, 3583 }, // ŭ
    { 6, 11, 6, 0, 11, 17, 3597 }, // Ů
    { 6, 9, 6, 0, 9, 14, 3614 }, // ů
    { 6, 11, 6, 0, 11, 17, 3628 }, // Ű
    { 6, 9, 6, 0, 9, 14, 3645 }, // ű
    { 6, 10, 6, 0, 8, 15, 3659 }, // Ų
    { 6, 8, 6, 0, 6, 12, 3674 }, // ų
    { 6, 11, 6, 0, 11, 17, 3686 }, // Ŵ
    { 6, 9, 6, 0, 9, 14, 3703 }, // ŵ
    { 6, 11, 6, 0, 11, 17, 3717 }, // Ŷ
    { 6, 11, 6, 0, 9, 17, 3734 }, // ŷ
    { 6, 10, 6, 0, 10, 15, 3751 }, // Ÿ
    { 6, 11, 6, 0, 11, 17, 3766 }, // Ź
    { 6, 9, 6, 0, 9, 14, 3783 }, // ź
    { 6, 10, 6, 0, 10, 15, 3797 }, // Ż
    { 6, 8, 6, 0, 8, 12, 3812 }, // ż
    { 6, 11, 6, 0, 11, 17, 3824 }, // Ž
    { 6, 9, 6, 0, 9, 14, 3841 }, // ž
    { 5, 8, 6, 1, 8, 10, 3855 }, // ſ
    { 6, 8, 6, 0, 8, 12, 3865 }, // Ə
    { 6, 8, 6, 0, 8, 12, 3877 }, // Ɛ
    { 6, 10, 6, 0, 8, 15, 3889 }, // ƒ
    { 6, 9, 6, 0, 9, 14, 3904 }, // ƛ
    { 6, 9, 6, 0, 9, 14, 3918 }, // Ơ
    { 6, 7, 6, 0, 7, 11, 3932 }, // ơ
    { 6, 9, 6, 0, 9, 14, 3943 }, // Ư
    { 6, 8, 6, 0, 8, 12, 3957 }, // ư
    { 6, 11, 6, 0, 11, 17, 3969 }, // Ǎ
    { 6, 9, 6, 0, 9, 14, 3986 }, // ǎ
    { 6, 9, 6, 0, 9, 14, 4000 }, // ǐ
    { 6, 9, 6, 0, 9, 14, 4014 }, // ǒ
    { 6, 9, 6, 0, 9, 14, 4028 }, // ǔ
    { 6, 10, 6, 0, 10, 15, 4042 }, // ǖ
    { 6, 11, 6, 0, 11, 17, 4057 }, // ǘ
    { 6, 11, 6, 0, 11, 17, 4074 }, // ǚ
    { 6, 11, 6, 0, 11, 17, 4091 }, // ǜ
    { 6, 11, 6, 0, 11, 17, 4108 }, // Ǧ
    { 6, 11, 6, 0, 9, 17, 4125 }, // ǧ
    { 6, 10, 6, 0, 8, 15, 4142 }, // Ǫ
    { 6, 8, 6, 0, 6, 12, 4157 }, // ǫ
    { 6, 11, 6, 0, 11, 17, 4169 }, // Ǵ
    { 6, 11, 6, 0, 9, 17, 4186 }, // ǵ
    { 6, 11, 6, 0, 11, 17, 4203 }, // Ǽ
    { 6, 9, 6, 0, 9, 14, 4220 }, // ǽ
    { 6, 12, 6, 0, 11, 18, 4234 }, // Ǿ
    { 6, 9, 6, 0, 9, 14, 4252 }, // ǿ
    { 6, 11, 6, 0, 8, 17, 4266 }, // Ș
    { 6, 9, 6, 0, 6, 14, 4283 }, // ș
    { 6, 11, 6, 0, 8, 17, 4297 }, // Ț
    { 6, 11, 6, 0, 8, 17, 4314 }, // ț
    { 6, 10, 6, 0, 10, 15, 4331 }, // Ȳ
    { 6, 10, 6, 0, 8, 15, 4346 }, // ȳ
    { 5, 8, 6, 0, 6, 10, 4361 }, // ȷ
    { 6, 6, 6, 0, 6, 9, 4371 }, // ə
    { 3, 2, 0, -5, 9, 2, 4380 }, // ̀
    { 3, 2, 0, -4, 9, 2, 4382 }, // ́
    { 4, 2, 0, -5, 9, 2, 4384 }, // ̂
    { 4, 2, 0, -5, 9, 2, 4386 }, // ̃
    { 4, 1, 0, -5, 8, 1, 4388 }, // ̄
    { 4, 2, 0, -5, 9, 2, 4389 }, // ̆
    { 2, 1, 0, -4, 8, 1, 4391 }, // ̇
    { 4, 1, 0, -5, 8, 1, 4392 }, // ̈
    { 2, 3, 0, -4, 9, 2, 4393 }, // ̉
    { 4, 3, 0, -5, 9, 3, 4395 }, // ̊
    { 5, 2, 0, -5, 9, 3, 4398 }, // ̋
    { 4, 2, 0, -5, 9, 2, 4401 }, // ̌
    { 5, 2, 0, -6, 9, 3, 4403 }, // ̏
    { 3, 3, 0, -4, 10, 3, 4406 }, // ̒
    { 3, 3, 0, -3, 8, 3, 4409 }, // ̛
    { 2, 1, 0, -4, -1, 1, 4412 }, // ̣
    { 4, 3, 0, -5, 0, 3, 4413 }, // ̥
    { 3, 2, 0, -5, -1, 2, 4416 }, // ̦
    { 3, 3, 0, -4, 1, 3, 4418 }, // ̧
    { 3, 3, 0, -5, 1, 3, 4421 }, // ̨
    { 8, 1, 0, -7, 4, 2, 4424 }, // ̶
    { 6, 7, 0, -6, 7, 11, 4426 }, // ̷
    { 4, 8, 0, -5, 7, 8, 4437 }, // ̸
    { 3, 4, 6, 1, 8, 3, 4445 }, // ʹ
    { 2, 3, 6, 2, 1, 2, 4448 }, // ͵
    { 2, 8, 6, 2, 6, 4, 4450 }, // ;
    { 3, 2, 6, 2, 9, 2, 4454 }, // ΄
    { 4, 4, 6, 1, 10, 4, 4456 }, // ΅
    { 6, 8, 6, 0, 8, 12, 4460 }, // Ά
    { 2, 2, 6, 2, 5, 1, 4472 }, // ·
    { 8, 8, 6, -2, 8, 16, 4473 }, // Έ
    { 8, 8, 6, -2, 8, 16, 4489 }, // Ή
    { 7, 8, 6, -2, 8, 14, 4505 }, // Ί
    { 7, 8, 6, -1, 8, 14, 4519 }, // Ό
    { 8, 8, 6, -2, 8, 16, 4533 }, // Ύ
    { 7, 8, 6, -1, 8, 14, 4549 }, // Ώ
    { 6, 10, 6, 0, 10, 15, 4563 }, // ΐ
    { 6, 8, 6, 0, 8, 12, 4578 }, // Α
    { 6, 8, 6, 0, 8, 12, 4590 }, // Β
    { 5, 8, 6, 1, 8, 10, 4602 }, // Γ
    { 6, 8, 6, 0, 8, 12, 4612 }, // Δ
    { 5, 8, 6, 1, 8, 10, 4624 }, // Ε
    { 6, 8, 6, 0, 8, 12, 4634 }, // Ζ
    { 6, 8, 6, 0, 8, 12, 4646 }, // Η
    { 6, 8, 6, 0, 8, 12, 4658 }, // Θ
    { 4, 8, 6, 1, 8, 8, 4670 }, // Ι
    { 6, 8, 6, 0, 8, 12, 4678 }, // Κ
    { 6, 8, 6, 0, 8, 12, 4690 }, // Λ
    { 6, 8, 6, 0, 8, 12, 4702 }, // Μ
    { 6, 8, 6, 0, 8, 12, 4714 }, // Ν
    { 6, 8, 6, 0, 8, 12, 4726 }, // Ξ
    { 6, 8, 6, 0, 8, 12, 4738 }, // Ο
    { 6, 8, 6, 0, 8, 12, 4750 }, // Π
    { 6, 8, 6, 0, 8, 12, 4762 }, // Ρ
    { 6, 8, 6, 0, 8, 12, 4774 }, // Σ
    { 6, 8, 6, 0, 8, 12, 4786 }, // Τ
    { 6, 8, 6, 0, 8, 12, 4798 }, // Υ
    { 6, 9, 6, 0, 8, 14, 4810 }, // Φ
    { 6, 8, 6, 0, 8, 12, 4824 }, // Χ
    { 6, 8, 6, 0, 8, 12, 4836 }, // Ψ
    { 6, 8, 6, 0, 8, 12, 4848 }, // Ω
    { 4, 10, 6, 1, 10, 10, 4860 }, // Ϊ
    { 6, 10, 6, 0, 10, 15, 4870 }, // Ϋ
    { 6, 9, 6, 0, 9, 14, 4885 }, // ά
    { 6, 9, 6, 0, 9, 14, 4899 }, // έ
    { 6, 9, 6, 0, 9, 14, 4913 }, // ή
    { 6, 9, 6, 0, 9, 14, 4927 }, // ί
    { 6, 10, 6, 0, 10, 15, 4941 }, // ΰ
    { 6, 6, 6, 0, 6, 9, 4956 }, // α
    { 6, 10, 6, 0, 8, 15, 4965 }, // β
    { 6, 8, 6, 0, 6, 12, 4980 }, // γ
    { 6, 8, 6, 0, 8, 12, 4992 }, // δ
    { 6, 6, 6, 0, 6, 9, 5004 }, // ε
    { 5, 10, 6, 1, 8, 13, 5013 }, // ζ
    { 6, 6, 6, 0, 6, 9, 5026 }, // η
    { 6, 8, 6, 0, 8, 12, 5035 }, // θ
    { 6, 6, 6, 0, 6, 9, 5047 }, // ι
    { 5, 6, 6, 1, 6, 8, 5056 }, // κ
    { 6, 8, 6, 0, 8, 12, 5064 }, // λ
    { 6, 8, 6, 0, 6, 12, 5076 }, // μ
    { 6, 6, 6, 0, 6, 9, 5088 }, // ν
    { 6, 10, 6, 0, 8, 15, 5097 }, // ξ
    { 6, 6, 6, 0, 6, 9, 5112 }, // ο
    { 6, 6, 6, 0, 6, 9, 5121 }, // π
    { 6, 8, 6, 0, 6, 12, 5130 }, // ρ
    { 6, 8, 6, 0, 6, 12, 5142 }, // ς
    { 6, 6, 6, 0, 6, 9, 5154 }, // σ
    { 6, 6, 6, 0, 6, 9, 5163 }, // τ
    { 6, 6, 6, 0, 6, 9, 5172 }, // υ
    { 6, 9, 6, 0, 7, 14, 5181 }, // φ
    { 6, 6, 6, 0, 6, 9, 5195 }, // χ
    { 6, 8, 6, 0, 6, 12, 5204 }, // ψ
    { 6, 7, 6, 0, 7, 11, 5216 }, // ω
    { 6, 8, 6, 0, 8, 12, 5227 }, // ϊ
    { 6, 8, 6, 0, 8, 12, 5239 }, // ϋ
    { 6, 9, 6, 0, 9, 14, 5251 }, // ό
    { 6, 9, 6, 0, 9, 14, 5265 }, // ύ
    { 6, 9, 6, 0, 9, 14, 5279 }, // ώ
    { 6, 10, 6, 0, 8, 15, 5293 }, // Ϗ
    { 6, 10, 6, 0, 8, 15, 5308 }, // ϕ
    { 6, 6, 6, 0, 6, 9, 5323 }, // ϖ
    { 6, 8, 6, 0, 6, 12, 5332 }, // ϗ
    { 5, 10, 6, 1, 10, 13, 5344 }, // Ё
    { 6, 10, 6, 0, 8, 15, 5357 }, // Ђ
    { 5, 11, 6, 1, 11, 14, 5372 }, // Ѓ
    { 6, 8, 6, 0, 8, 12, 5386 }, // Є
    { 6, 8, 6, 0, 8, 12, 5398 }, // Ѕ
    { 4, 8, 6, 1, 8, 8, 5410 }, // І
    { 4, 10, 6, 1, 10, 10, 5418 }, // Ї
    { 5, 8, 6, 0, 8, 10, 5428 }, // Ј
    { 7, 8, 6, -1, 8, 14, 5438 }, // Љ
    { 6, 8, 6, 0, 8, 12, 5452 }, // Њ
    { 6, 8, 6, 0, 8, 12, 5464 }, // Ћ
    { 6, 11, 6, 0, 11, 17, 5476 }, // Ќ
    { 6, 10, 6, 0, 10, 15, 5493 }, // Ў
    { 6, 10, 6, 0, 8, 15, 5508 }, // Џ
    { 6, 8, 6, 0, 8, 12, 5523 }, // А
    { 6, 8, 6, 0, 8, 12, 5535 }, // Б
    { 6, 8, 6, 0, 8, 12, 5547 }, // В
    { 5, 8, 6, 1, 8, 10, 5559 }, // Г
    { 6, 10, 6, 0, 8, 15, 5569 }, // Д
    { 5, 8, 6, 1, 8, 10, 5584 }, // Е
    { 6, 8, 6, 0, 8, 12, 5594 }, // Ж
    { 6, 8, 6, 0, 8, 12, 5606 }, // З
    { 6, 8, 6, 0, 8, 12, 5618 }, // И
    { 6, 10, 6, 0, 10, 15, 5630 }, // Й
    { 6, 8, 6, 0, 8, 12, 5645 }, // К
    { 6, 8, 6, 0, 8, 12, 5657 }, // Л
    { 6, 8, 6, 0, 8, 12, 5669 }, // М
    { 6, 8, 6, 0, 8, 12, 5681 }, // Н
    { 6, 8, 6, 0, 8, 12, 5693 }, // О
    { 6, 8, 6, 0, 8, 12, 5705 }, // П
    { 6, 8, 6, 0, 8, 12, 5717 }, // Р
    { 6, 8, 6, 0, 8, 12, 5729 }, // С
    { 6, 8, 6, 0, 8, 12, 5741 }, // Т
    { 6, 8, 6, 0, 8, 12, 5753 }, // У
    { 6, 9, 6, 0, 8, 14, 5765 }, // Ф
    { 6, 8, 6, 0, 8, 12, 5779 }, // Х
    { 6, 10, 6, 0, 8, 15, 5791 }, // Ц
    { 6, 8, 6, 0, 8, 12, 5806 }, // Ч
    { 6, 8, 6, 0, 8, 12, 5818 }, // Ш
    { 6, 10, 6, 0, 8, 15, 5830 }, // Щ
    { 7, 8, 6, -1, 8, 14, 5845 }, // Ъ
    { 6, 8, 6, 0, 8, 12, 5859 }, // Ы
    { 6, 8, 6, 0, 8, 12, 5871 }, // Ь
    { 6, 8, 6, 0, 8, 12, 5883 }, // Э
    { 6, 8, 6, 0, 8, 12, 5895 }, // Ю
    { 6, 8, 6, 0, 8, 12, 5907 }, // Я
    { 6, 6, 6, 0, 6, 9, 5919 }, // а
    { 6, 9, 6, 0, 9, 14, 5928 }, // б
    { 6, 6, 6, 0, 6, 9, 5942 }, // в
    { 5, 6, 6, 1, 6, 8, 5951 }, // г
    { 6, 8, 6, 0, 6, 12, 5959 }, // д
    { 6, 6, 6, 0, 6, 9, 5971 }, // е
    { 6, 6, 6, 0, 6, 9, 5980 }, // ж
    { 6, 6, 6, 0, 6, 9, 5989 }, // з
    { 6, 6, 6, 0, 6, 9, 5998 }, // и
    { 6, 9, 6, 0, 9, 14, 6007 }, // й
    { 5, 6, 6, 1, 6, 8, 6021 }, // к
    { 6, 6, 6, 0, 6, 9, 6029 }, // л
    { 6, 6, 6, 0, 6, 9, 6038 }, // м
    { 6, 6, 6, 0, 6, 9, 6047 }, // н
    { 6, 6, 6, 0, 6, 9, 6056 }, // о
    { 6, 6, 6, 0, 6, 9, 6065 }, // п
    { 6, 8, 6, 0, 6, 12, 6074 }, // р
    { 6, 6, 6, 0, 6, 9, 6086 }, // с
    { 6, 6, 6, 0, 6, 9, 6095 }, // т
    { 6, 8, 6, 0, 6, 12, 6104 }, // у
    { 6, 10, 6, 0, 8, 15, 6116 }, // ф
    { 6, 6, 6, 0, 6, 9, 6131 }, // х
    { 6, 8, 6, 0, 6, 12, 6140 }, // ц
    { 5, 6, 6, 0, 6, 8, 6152 }, // ч
    { 6, 6, 6, 0, 6, 9, 6160 }, // ш
    { 6, 8, 6, 0, 6, 12, 6169 }, // щ
    { 6, 6, 6, 0, 6, 9, 6181 }, // ъ
    { 6, 6, 6, 0, 6, 9, 6190 }, // ы
    { 5, 6, 6, 1, 6, 8, 6199 }, // ь
    { 6, 6, 6, 0, 6, 9, 6207 }, // э
    { 6, 6, 6, 0, 6, 9, 6216 }, // ю
    { 6, 6, 6, 0, 6, 9, 6225 }, // я
    { 6, 8, 6, 0, 8, 12, 6234 }, // ё
    { 6, 10, 6, 0, 8, 15, 6246 }, // ђ
    { 5, 9, 6, 1, 9, 12, 6261 }, // ѓ
    { 6, 6, 6, 0, 6, 9, 6273 }, // є
    { 6, 6, 6, 0, 6, 9, 6282 }, // ѕ
    { 6, 8, 6, 0, 8, 12, 6291 }, // і
    { 6, 8, 6, 0, 8, 12, 6303 }, // ї
    { 5, 10, 6, 0, 8, 13, 6315 }, // ј
    { 6, 6, 6, 0, 6, 9, 6328 }, // љ
    { 6, 6, 6, 0, 6, 9, 6337 }, // њ
    { 6, 8, 6, 0, 8, 12, 6346 }, // ћ
    { 5, 9, 6, 1, 9, 12, 6358 }, // ќ
    { 6, 11, 6, 0, 9, 17, 6370 }, // ў
    { 6, 8, 6, 0, 6, 12, 6387 }, // џ
    { 5, 10, 6, 1, 10, 13, 6399 }, // Ґ
    { 5, 8, 6, 1, 8, 10, 6412 }, // ґ
    { 6, 8, 6, 0, 8, 12, 6422 }, // Ғ
    { 6, 6, 6, 0, 6, 9, 6434 }, // ғ
    { 6, 10, 6, 0, 8, 15, 6443 }, // Қ
    { 6, 8, 6, 0, 6, 12, 6458 }, // қ
    { 6, 10, 6, 0, 8, 15, 6470 }, // Ң
    { 6, 8, 6, 0, 6, 12, 6485 }, // ң
    { 6, 8, 6, 0, 8, 12, 6497 }, // Ү
    { 6, 8, 6, 0, 6, 12, 6509 }, // ү
    { 6, 8, 6, 0, 8, 12, 6521 }, // Ұ
    { 6, 8, 6, 0, 6, 12, 6533 }, // ұ
    { 6, 10, 6, 0, 8, 15, 6545 }, // Ҷ
    { 6, 8, 6, 0, 6, 12, 6560 }, // ҷ
    { 6, 8, 6, 0, 8, 12, 6572 }, // Һ
    { 5, 6, 6, 1, 6, 8, 6584 }, // һ
    { 6, 8, 6, 0, 8, 12, 6592 }, // Ә
    { 6, 6, 6, 0, 6, 9, 6604 }, // ә
    { 6, 10, 6, 0, 10, 15, 6613 }, // Ӝ
    { 6, 8, 6, 0, 8, 12, 6628 }, // ӝ
    { 6, 10, 6, 0, 10, 15, 6640 }, // Ӟ
    { 6, 8, 6, 0, 8, 12, 6655 }, // ӟ
    { 6, 10, 6, 0, 10, 15, 6667 }, // Ӥ
    { 6, 8, 6, 0, 8, 12, 6682 }, // ӥ
    { 6, 10, 6, 0, 10, 15, 6694 }, // Ӧ
    { 6, 8, 6, 0, 8, 12, 6709 }, // ӧ
    { 6, 8, 6, 0, 8, 12, 6721 }, // Ө
    { 6, 6, 6, 0, 6, 9, 6733 }, // ө
    { 6, 10, 6, 0, 10, 15, 6742 }, // Ӵ
    { 5, 8, 6, 0, 8, 10, 6757 }, // ӵ
    { 6, 11, 6, 0, 11, 17, 6767 }, // Ẁ
    { 6, 9, 6, 0, 9, 14, 6784 }, // ẁ
    { 6, 11, 6, 0, 11, 17, 6798 }, // Ẃ
    { 6, 9, 6, 0, 9, 14, 6815 }, // ẃ
    { 6, 10, 6, 0, 10, 15, 6829 }, // Ẅ
    { 6, 8, 6, 0, 8, 12, 6844 }, // ẅ
    { 6, 8, 6, 0, 8, 12, 6856 }, // ẞ
    { 6, 10, 6, 0, 8, 15, 6868 }, // Ạ
    { 6, 8, 6, 0, 6, 12, 6883 }, // ạ
    { 6, 11, 6, 0, 11, 17, 6895 }, // Ả
    { 6, 9, 6, 0, 9, 14, 6912 }, // ả
    { 7, 11, 6, 0, 11, 20, 6926 }, // Ấ
    { 7, 10, 6, 0, 10, 18, 6946 }, // ấ
    { 6, 11, 6, 0, 11, 17, 6964 }, // Ầ
    { 6, 10, 6, 0, 10, 15, 6981 }, // ầ
    { 6, 11, 6, 0, 11, 17, 6996 }, // Ẩ
    { 6, 10, 6, 0, 10, 15, 7013 }, // ẩ
    { 6, 11, 6, 0, 11, 17, 7028 }, // Ẫ
    { 6, 10, 6, 0, 10, 15, 7045 }, // ẫ
    { 6, 13, 6, 0, 11, 20, 7060 }, // Ậ
    { 6, 11, 6, 0, 9, 17, 7080 }, // ậ
    { 6, 11, 6, 0, 11, 17, 7097 }, // Ắ
    { 6, 10, 6, 0, 10, 15, 7114 }, // ắ
    { 6, 11, 6, 0, 11, 17, 7129 }, // Ằ
    { 6, 10, 6, 0, 10, 15, 7146 }, // ằ
    { 6, 11, 6, 0, 11, 17, 7161 }, // Ẳ
    { 6, 10, 6, 0, 10, 15, 7178 }, // ẳ
    { 6, 11, 6, 0, 11, 17, 7193 }, // Ẵ
    { 6, 10, 6, 0, 10, 15, 7210 }, // ẵ
    { 6, 12, 6, 0, 10, 18, 7225 }, // Ặ
    { 6, 11, 6, 0, 9, 17, 7243 }, // ặ
    { 5, 10, 6, 1, 8, 13, 7260 }, // Ẹ
    { 6, 8, 6, 0, 6, 12, 7273 }, // ẹ
    { 5, 11, 6, 1, 11, 14, 7285 }, // Ẻ
    { 6, 9, 6, 0, 9, 14, 7299 }, // ẻ
    { 5, 11, 6, 1, 11, 14, 7313 }, // Ẽ
    { 6, 9, 6, 0, 9, 14, 7327 }, // ẽ
    { 6, 11, 6, 1, 11, 17, 7341 }, // Ế
    { 7, 10, 6, 0, 10, 18, 7358 }, // ế
    { 5, 11, 6, 1, 11, 14, 7376 }, // Ề
    { 6, 10, 6, 0, 10, 15, 7390 }, // ề
    { 5, 11, 6, 1, 11, 14, 7405 }, // Ể
    { 6, 10, 6, 0, 10, 15, 7419 }, // ể
    { 5, 11, 6, 1, 11, 14, 7434 }, // Ễ
    { 6, 10, 6, 0, 10, 15, 7448 }, // ễ
    { 5, 13, 6, 1, 11, 17, 7463 }, // Ệ
    { 6, 11, 6, 0, 9, 17, 7480 }, // ệ
    { 4, 11, 6, 1, 11, 11, 7497 }, // Ỉ
    { 6, 9, 6, 0, 9, 14, 7508 }, // ỉ
    { 4, 10, 6, 1, 8, 10, 7522 }, // Ị
    { 6, 10, 6, 0, 8, 15, 7532 }, // ị
    { 6, 10, 6, 0, 8, 15, 7547 }, // Ọ
    { 6, 8, 6, 0, 6, 12, 7562 }, // ọ
    { 6, 11, 6, 0, 11, 17, 7574 }, // Ỏ
    { 6, 9, 6, 0, 9, 14, 7591 }, // ỏ
    { 7, 11, 6, 0, 11, 20, 7605 }, // Ố
    { 7, 10, 6, 0, 10, 18, 7625 }, // ố
    { 6, 11, 6, 0, 11, 17, 7643 }, // Ồ
    { 6, 10, 6, 0, 10, 15, 7660 }, // ồ
    { 6, 11, 6, 0, 11, 17, 7675 }, // Ổ
    { 6, 10, 6, 0, 10, 15, 7692 }, // ổ
    { 6, 11, 6, 0, 11, 17, 7707 }, // Ỗ
    { 6, 10, 6, 0, 10, 15, 7724 }, // ỗ
    { 6, 13, 6, 0, 11, 20, 7739 }, // Ộ
    { 6, 11, 6, 0, 9, 17, 7759 }, // ộ
    { 6, 11, 6, 0, 11, 17, 7776 }, // Ớ
    { 6, 9, 6, 0, 9, 14, 7793 }, // ớ
    { 6, 11, 6, 0, 11, 17, 7807 }, // Ờ
    { 6, 9, 6, 0, 9, 14, 7824 }, // ờ
    { 6, 11, 6, 0, 11, 17, 7838 }, // Ở
    { 6, 9, 6, 0, 9, 14, 7855 }, // ở
    { 6, 11, 6, 0, 11, 17, 7869 }, // Ỡ
    { 6, 9, 6, 0, 9, 14, 7886 }, // ỡ
    { 6, 11, 6, 0, 9, 17, 7900 }, // Ợ
    { 6, 9, 6, 0, 7, 14, 7917 }, // ợ
    { 6, 10, 6, 0, 8, 15, 7931 }, // Ụ
    { 6, 8, 6, 0, 6, 12, 7946 }, // ụ
    { 6, 11, 6, 0, 11, 17, 7958 }, // Ủ
    { 6, 9, 6, 0, 9, 14, 7975 }, // ủ
    { 6, 11, 6, 0, 11, 17, 7989 }, // Ứ
    { 6, 9, 6, 0, 9, 14, 8006 }, // ứ
    { 6, 11, 6, 0, 11, 17, 8020 }, // Ừ
    { 6, 9, 6, 0, 9, 14, 8037 }, // ừ
    { 6, 11, 6, 0, 11, 17, 8051 }, // Ử
    { 6, 9, 6, 0, 9, 14, 8068 }, // ử
    { 6, 11, 6, 0, 11, 17, 8082 }, // Ữ
    { 6, 9, 6, 0, 9, 14, 8099 }, // ữ
    { 6, 11, 6, 0, 9, 17, 8113 }, // Ự
    { 6, 10, 6, 0, 8, 15, 8130 }, // ự
    { 6, 11, 6, 0, 11, 17, 8145 }, // Ỳ
    { 6, 11, 6, 0, 9, 17, 8162 }, // ỳ
    { 6, 10, 6, 0, 8, 15, 8179 }, // Ỵ
    { 6, 8, 6, 0, 6, 12, 8194 }, // ỵ
    { 6, 11, 6, 0, 11, 17, 8206 }, // Ỷ
    { 6, 11, 6, 0, 9, 17, 8223 }, // ỷ
    { 6, 11, 6, 0, 11, 17, 8240 }, // Ỹ
    { 6, 11, 6, 0, 9, 17, 8257 }, // ỹ
    { 0, 0, 6, 0, 0, 0, 8274 }, //  
    { 0, 0, 6, 0, 0, 0, 8274 }, // ​
    { 4, 1, 6, 1, 4, 1, 8274 }, // ‐
    { 6, 1, 6, 0, 4, 2, 8275 }, // –
    { 6, 1, 6, 0, 4, 2, 8277 }, // —
    { 4, 10, 6, 1, 9, 10, 8279 }, // ‖
    { 2, 3, 6, 2, 8, 2, 8289 }, // ‘
    { 2, 3, 6, 2, 7, 2, 8291 }, // ’
    { 2, 3, 6, 2, 1, 2, 8293 }, // ‚
    { 2, 3, 6, 2, 8, 2, 8295 }, // ‛
    { 4, 3, 6, 1, 8, 3, 8297 }, // “
    { 4, 3, 6, 1, 7, 3, 8300 }, // ”
    { 5, 3, 6, 1, 1, 4, 8303 }, // „
    { 4, 3, 6, 1, 8, 3, 8307 }, // ‟
    { 6, 11, 6, 0, 10, 17, 8310 }, // †
    { 6, 11, 6, 0, 9, 17, 8327 }, // ‡
    { 4, 3, 6, 1, 6, 3, 8344 }, // •
    { 2, 2, 6, 2, 2, 1, 8347 }, // ․
    { 6, 2, 6, 0, 2, 3, 8348 }, // …
    { 8, 8, 6, -1, 8, 16, 8351 }, // ‰
    { 2, 3, 6, 2, 7, 2, 8367 }, // ′
    { 4, 3, 6, 1, 7, 3, 8369 }, // ″
    { 6, 3, 6, 0, 7, 5, 8372 }, // ‴
    { 4, 5, 6, 1, 5, 5, 8377 }, // ‹
    { 4, 5, 6, 1, 5, 5, 8382 }, // ›
    { 4, 8, 6, 1, 8, 8, 8387 }, // ‼
    { 4, 8, 6, 1, 8, 8, 8395 }, // ‽
    { 8, 1, 6, -1, 9, 2, 8403 }, // ‾
    { 6, 2, 6, 0, 0, 3, 8405 }, // ‿
    { 6, 8, 6, 0, 8, 12, 8408 }, // ⁄
    { 3, 10, 6, 2, 9, 8, 8420 }, // ⁅
    { 3, 10, 6, 1, 9, 8, 8428 }, // ⁆
    { 4, 4, 6, 1, 8, 4, 8436 }, // ⁰
    { 4, 4, 6, 1, 8, 4, 8440 }, // ⁴
    { 4, 4, 6, 1, 8, 4, 8444 }, // ⁵
    { 4, 4, 6, 1, 8, 4, 8448 }, // ⁶
    { 4, 4, 6, 1, 8, 4, 8452 }, // ⁷
    { 4, 4, 6, 1, 8, 4, 8456 }, // ⁸
    { 4, 4, 6, 1, 8, 4, 8460 }, // ⁹
    { 4, 3, 6, 1, 6, 3, 8464 }, // ⁺
    { 4, 3, 6, 1, 7, 3, 8467 }, // ⁼
    { 4, 4, 6, 1, 3, 4, 8470 }, // ₀
    { 4, 4, 6, 1, 3, 4, 8474 }, // ₁
    { 4, 4, 6, 1, 3, 4, 8478 }, // ₂
    { 4, 4, 6, 1, 3, 4, 8482 }, // ₃
    { 4, 4, 6, 1, 3, 4, 8486 }, // ₄
    { 4, 4, 6, 1, 3, 4, 8490 }, // ₅
    { 4, 4, 6, 1, 3, 4, 8494 }, // ₆
    { 4, 4, 6, 1, 3, 4, 8498 }, // ₇
    { 4, 4, 6, 1, 3, 4, 8502 }, // ₈
    { 4, 4, 6, 1, 3, 4, 8506 }, // ₉
    { 6, 9, 6, 0, 8, 14, 8510 }, // ₫
    { 6, 8, 6, 0, 8, 12, 8524 }, // €
    { 6, 8, 6, 0, 8, 12, 8536 }, // ₮
    { 6, 8, 6, 0, 8, 12, 8548 }, // ₴
    { 6, 8, 6, 0, 8, 12, 8560 }, // ₽
    { 6, 12, 6, 0, 10, 18, 8572 }, // ₿
    { 6, 7, 6, 0, 7, 11, 8590 }, // ←
    { 6, 8, 6, 0, 8, 12, 8601 }, // ↑
    { 6, 7, 6, 0, 7, 11, 8613 }, // →
    { 6, 8, 6, 0, 7, 12, 8624 }, // ↓
    { 8, 7, 6, -1, 7, 14, 8636 }, // ↔
    { 6, 11, 6, 0, 9, 17, 8650 }, // ↕
    { 6, 6, 6, 0, 7, 9, 8667 }, // ↖
    { 6, 6, 6, 0, 7, 9, 8676 }, // ↗
    { 6, 6, 6, 0, 6, 9, 8685 }, // ↘
    { 6, 6, 6, 0, 6, 9, 8694 }, // ↙
    { 6, 3, 6, 0, 4, 5, 8703 }, // ↝
    { 6, 5, 6, 0, 5, 8, 8708 }, // ↞
    { 6, 5, 6, 0, 5, 8, 8716 }, // ↠
    { 6, 5, 6, 0, 5, 8, 8724 }, // ↢
    { 6, 5, 6, 0, 5, 8, 8732 }, // ↣
    { 4, 6, 6, 1, 6, 6, 8740 }, // ↥
    { 6, 5, 6, 0, 5, 8, 8746 }, // ↦
    { 4, 6, 6, 1, 6, 6, 8754 }, // ↧
    { 6, 7, 6, 0, 8, 11, 8760 }, // ↩
    { 6, 7, 6, 0, 8, 11, 8771 }, // ↪
    { 6, 5, 6, 0, 5, 8, 8782 }, // ↭
    { 3, 11, 6, 2, 9, 9, 8790 }, // ↾
    { 6, 8, 6, 0, 7, 12, 8799 }, // ⇉
    { 6, 7, 6, 0, 7, 11, 8811 }, // ⇐
    { 8, 11, 6, -1, 9, 22, 8822 }, // ⇑
    { 6, 7, 6, 0, 7, 11, 8844 }, // ⇒
    { 8, 11, 6, -1, 8, 22, 8855 }, // ⇓
    { 8, 7, 6, -1, 7, 14, 8877 }, // ⇔
    { 6, 7, 6, 0, 6, 11, 8891 }, // ⇛
    { 4, 9, 6, 1, 8, 9, 8902 }, // ⇞
    { 4, 9, 6, 1, 8, 9, 8911 }, // ⇟
    { 6, 5, 6, 0, 6, 8, 8920 }, // ⇥
    { 6, 9, 6, 0, 9, 14, 8928 }, // ⇧
    { 6, 7, 6, 0, 7, 11, 8942 }, // ⇨
    { 6, 9, 6, 0, 9, 14, 8953 }, // ⇪
    { 6, 9, 6, 0, 8, 14, 8967 }, // ∀
    { 4, 6, 6, 1, 6, 6, 8981 }, // ∁
    { 6, 8, 6, 0, 8, 12, 8987 }, // ∂
    { 5, 7, 6, 0, 7, 9, 8999 }, // ∃
    { 5, 11, 6, 0, 9, 14, 9008 }, // ∄
    { 8, 8, 6, -1, 7, 16, 9022 }, // ∅
    { 6, 8, 6, 0, 8, 12, 9038 }, // ∆
    { 6, 8, 6, 0, 7, 12, 9050 }, // ∇
    { 6, 6, 6, 0, 7, 9, 9062 }, // ∈
    { 6, 10, 6, 0, 9, 15, 9071 }, // ∉
    { 4, 3, 6, 1, 5, 3, 9086 }, // ∊
    { 6, 6, 6, 0, 7, 9, 9089 }, // ∋
    { 6, 10, 6, 0, 9, 15, 9098 }, // ∌
    { 4, 5, 6, 1, 5, 5, 9113 }, // ∎
    { 6, 10, 6, 0, 7, 15, 9118 }, // ∏
    { 6, 10, 6, 0, 8, 15, 9133 }, // ∐
    { 6, 9, 6, 0, 7, 14, 9148 }, // ∑
    { 4, 1, 6, 1, 4, 1, 9162 }, // −
    { 6, 6, 6, 0, 6, 9, 9163 }, // ∓
    { 6, 8, 6, 0, 8, 12, 9172 }, // ∕
    { 4, 3, 6, 1, 5, 3, 9184 }, // ∘
    { 2, 2, 6, 2, 5, 1, 9187 }, // ∙
    { 6, 8, 6, 0, 8, 12, 9188 }, // √
    { 6, 4, 6, 0, 5, 6, 9200 }, // ∞
    { 2, 8, 6, 2, 8, 4, 9206 }, // ∣
    { 4, 8, 6, 1, 8, 8, 9210 }, // ∤
    { 4, 8, 6, 1, 8, 8, 9218 }, // ∥
    { 6, 5, 6, 0, 6, 8, 9226 }, // ∧
    { 6, 5, 6, 0, 6, 8, 9234 }, // ∨
    { 6, 8, 6, 0, 7, 12, 9242 }, // ∩
    { 6, 8, 6, 0, 8, 12, 9254 }, // ∪
    { 6, 9, 6, 0, 7, 14, 9266 }, // ∫
    { 6, 7, 6, 0, 6, 11, 9280 }, // ∴
    { 6, 7, 6, 0, 6, 11, 9291 }, // ∵
    { 2, 6, 6, 2, 6, 3, 9302 }, // ∶
    { 6, 5, 6, 0, 5, 8, 9305 }, // ∷
    { 4, 4, 6, 1, 6, 4, 9313 }, // ∸
    { 6, 5, 6, 0, 5, 8, 9317 }, // ∹
    { 6, 2, 6, 0, 5, 3, 9325 }, // ∼
    { 6, 3, 6, 0, 5, 5, 9328 }, // ∾
    { 6, 4, 6, 0, 6, 6, 9333 }, // ≃
    { 6, 6, 6, 0, 7, 9, 9339 }, // ≅
    { 6, 10, 6, 0, 9, 15, 9348 }, // ≇
    { 6, 4, 6, 0, 6, 6, 9363 }, // ≈
    { 6, 10, 6, 0, 9, 15, 9369 }, // ≉
    { 6, 6, 6, 0, 6, 9, 9384 }, // ≋
    { 6, 6, 6, 0, 6, 9, 9393 }, // ≍
    { 6, 5, 6, 0, 6, 8, 9402 }, // ≔
    { 6, 7, 6, 0, 8, 11, 9410 }, // ≗
    { 6, 7, 6, 0, 8, 11, 9421 }, // ≟
    { 6, 10, 6, 0, 9, 15, 9432 }, // ≠
    { 6, 5, 6, 0, 6, 8, 9447 }, // ≡
    { 6, 9, 6, 0, 8, 14, 9455 }, // ≢
    { 6, 5, 6, 0, 6, 8, 9469 }, // ≣
    { 6, 8, 6, 0, 8, 12, 9477 }, // ≤
    { 6, 8, 6, 0, 8, 12, 9489 }, // ≥
    { 6, 6, 6, 0, 6, 9, 9501 }, // ≪
    { 6, 6, 6, 0, 6, 9, 9510 }, // ≫
    { 4, 8, 6, 1, 7, 8, 9519 }, // ≬
    { 6, 8, 6, 0, 7, 12, 9527 }, // ≭
    { 6, 8, 6, 0, 7, 12, 9539 }, // ≮
    { 6, 8, 6, 0, 7, 12, 9551 }, // ≯
    { 6, 10, 6, 0, 9, 15, 9563 }, // ≰
    { 6, 10, 6, 0, 9, 15, 9578 }, // ≱
    { 6, 8, 6, 0, 8, 12, 9593 }, // ≲
    { 6, 8, 6, 0, 8, 12, 9605 }, // ≳
    { 6, 5, 6, 0, 6, 8, 9617 }, // ≺
    { 6, 5, 6, 0, 6, 8, 9625 }, // ≻
    { 6, 8, 6, 0, 8, 12, 9633 }, // ≼
    { 6, 7, 6, 0, 7, 11, 9645 }, // ⊂
    { 6, 7, 6, 0, 7, 11, 9656 }, // ⊃
    { 6, 9, 6, 0, 8, 14, 9667 }, // ⊄
    { 6, 10, 6, 0, 8, 15, 9681 }, // ⊅
    { 6, 7, 6, 0, 7, 11, 9696 }, // ⊆
    { 6, 7, 6, 0, 7, 11, 9707 }, // ⊇
    { 6, 10, 6, 0, 9, 15, 9718 }, // ⊈
    { 6, 10, 6, 0, 9, 15, 9733 }, // ⊉
    { 6, 8, 6, 0, 8, 12, 9748 }, // ⊎
    { 6, 5, 6, 0, 6, 8, 9760 }, // ⊏
    { 6, 5, 6, 0, 6, 8, 9768 }, // ⊐
    { 6, 7, 6, 0, 7, 11, 9776 }, // ⊑
    { 6, 7, 6, 0, 7, 11, 9787 }, // ⊒
    { 6, 6, 6, 0, 5, 9, 9798 }, // ⊓
    { 6, 6, 6, 0, 6, 9, 9807 }, // ⊔
    { 8, 7, 6, -1, 7, 14, 9816 }, // ⊕
    { 8, 6, 6, -1, 6, 12, 9830 }, // ⊖
    { 8, 7, 6, -1, 7, 14, 9842 }, // ⊗
    { 8, 7, 6, -1, 7, 14, 9856 }, // ⊘
    { 8, 6, 6, -1, 6, 12, 9870 }, // ⊙
    { 8, 7, 6, -1, 7, 14, 9882 }, // ⊛
    { 8, 7, 6, -1, 7, 14, 9896 }, // ⊜
    { 8, 7, 6, -1, 7, 14, 9910 }, // ⊝
    { 6, 7, 6, 0, 7, 11, 9924 }, // ⊞
    { 6, 6, 6, 0, 6, 9, 9935 }, // ⊟
    { 6, 6, 6, 0, 6, 9, 9944 }, // ⊠
    { 6, 6, 6, 0, 6, 9, 9953 }, // ⊡
    { 6, 7, 6, 0, 7, 11, 9962 }, // ⊢
    { 6, 7, 6, 0, 7, 11, 9973 }, // ⊣
    { 6, 6, 6, 0, 6, 9, 9984 }, // ⊤
    { 6, 7, 6, 0, 7, 11, 9993 }, // ⊥
    { 6, 8, 6, 0, 8, 12, 10004 }, // ⊴
    { 6, 2, 6, 0, 4, 3, 10016 }, // ⊸
    { 6, 8, 6, 0, 8, 12, 10019 }, // ⊻
    { 6, 7, 6, 0, 8, 11, 10031 }, // ⊼
    { 6, 7, 6, 0, 8, 11, 10042 }, // ⊽
    { 6, 8, 6, 0, 7, 12, 10053 }, // ⋂
    { 6, 8, 6, 0, 8, 12, 10065 }, // ⋃
    { 4, 4, 6, 1, 5, 4, 10077 }, // ⋄
    { 4, 3, 6, 1, 5, 3, 10081 }, // ⋆
    { 6, 7, 6, 0, 7, 11, 10084 }, // ⋈
    { 6, 7, 6, 0, 7, 11, 10095 }, // ⋉
    { 6, 7, 6, 0, 7, 11, 10106 }, // ⋊
    { 6, 6, 6, 0, 6, 9, 10117 }, // ⋎
    { 6, 6, 6, 0, 7, 9, 10126 }, // ⋐
    { 6, 10, 6, 0, 9, 15, 10135 }, // ⋢
    { 2, 8, 6, 2, 8, 4, 10150 }, // ⋮
    { 8, 2, 6, -1, 4, 4, 10154 }, // ⋯
    { 8, 8, 6, -1, 8, 16, 10158 }, // ⋰
    { 8, 8, 6, -1, 8, 16, 10174 }, // ⋱
    { 8, 8, 6, -1, 8, 16, 10190 }, // �
};

static const EpdUnicodeInterval PROGMEM jetbrains_mono_5_2bIntervals[] = {
    { 0xD, 0xD, 0x0 },
    { 0x20, 0x7E, 0x1 },
    { 0xA0, 0x131, 0x60 },
    { 0x134, 0x17F, 0xF2 },
    { 0x18F, 0x190, 0x13E },
    { 0x192, 0x192, 0x140 },
    { 0x19B, 0x19B, 0x141 },
    { 0x1A0, 0x1A1, 0x142 },
    { 0x1AF, 0x1B0, 0x144 },
    { 0x1CD, 0x1CE, 0x146 },
    { 0x1D0, 0x1D0, 0x148 },
    { 0x1D2, 0x1D2, 0x149 },
    { 0x1D4, 0x1D4, 0x14A },
    { 0x1D6, 0x1D6, 0x14B },
    { 0x1D8, 0x1D8, 0x14C },
    { 0x1DA, 0x1DA, 0x14D },
    { 0x1DC, 0x1DC, 0x14E },
    { 0x1E6, 0x1E7, 0x14F },
    { 0x1EA, 0x1EB, 0x151 },
    { 0x1F4, 0x1F5, 0x153 },
    { 0x1FC, 0x1FF, 0x155 },
    { 0x218, 0x21B, 0x159 },
    { 0x232, 0x233, 0x15D },
    { 0x237, 0x237, 0x15F },
    { 0x259, 0x259, 0x160 },
    { 0x300, 0x304, 0x161 },
    { 0x306, 0x30C, 0x166 },
    { 0x30F, 0x30F, 0x16D },
    { 0x312, 0x312, 0x16E },
    { 0x31B, 0x31B, 0x16F },
    { 0x323, 0x323, 0x170 },
    { 0x325, 0x328, 0x171 },
    { 0x336, 0x338, 0x175 },
    { 0x374, 0x375, 0x178 },
    { 0x37E, 0x37E, 0x17A },
    { 0x384, 0x38A, 0x17B },
    { 0x38C, 0x38C, 0x182 },
    { 0x38E, 0x3A1, 0x183 },
    { 0x3A3, 0x3CF, 0x197 },
    { 0x3D5, 0x3D7, 0x1C4 },
    { 0x401, 0x40C, 0x1C7 },
    { 0x40E, 0x44F, 0x1D3 },
    { 0x451, 0x45C, 0x215 },
    { 0x45E, 0x45F, 0x221 },
    { 0x490, 0x493, 0x223 },
    { 0x49A, 0x49B, 0x227 },
    { 0x4A2, 0x4A3, 0x229 },
    { 0x4AE, 0x4B1, 0x22B },
    { 0x4B6, 0x4B7, 0x22F },
    { 0x4BA, 0x4BB, 0x231 },
    { 0x4D8, 0x4D9, 0x233 },
    { 0x4DC, 0x4DF, 0x235 },
    { 0x4E4, 0x4E9, 0x239 },
    { 0x4F4, 0x4F5, 0x23F },
    { 0x1E80, 0x1E85, 0x241 },
    { 0x1E9E, 0x1E9E, 0x247 },
    { 0x1EA0, 0x1EF9, 0x248 },
    { 0x2001, 0x2001, 0x2A2 },
    { 0x200B, 0x200B, 0x2A3 },
    { 0x2010, 0x2010, 0x2A4 },
    { 0x2013, 0x2014, 0x2A5 },
    { 0x2016, 0x2016, 0x2A7 },
    { 0x2018, 0x2022, 0x2A8 },
    { 0x2024, 0x2024, 0x2B3 },
    { 0x2026, 0x2026, 0x2B4 },
    { 0x2030, 0x2030, 0x2B5 },
    { 0x2032, 0x2034, 0x2B6 },
    { 0x2039, 0x203A, 0x2B9 },
    { 0x203C, 0x203F, 0x2BB },
    { 0x2044, 0x2046, 0x2BF },
    { 0x2070, 0x2070, 0x2C2 },
    { 0x2074, 0x207A, 0x2C3 },
    { 0x207C, 0x207C, 0x2CA },
    { 0x2080, 0x2089, 0x2CB },
    { 0x20AB, 0x20AC, 0x2D5 },
    { 0x20AE, 0x20AE, 0x2D7 },
    { 0x20B4, 0x20B4, 0x2D8 },
    { 0x20BD, 0x20BD, 0x2D9 },
    { 0x20BF, 0x20BF, 0x2DA },
    { 0x2190, 0x2199, 0x2DB },
    { 0x219D, 0x219E, 0x2E5 },
    { 0x21A0, 0x21A0, 0x2E7 },
    { 0x21A2, 0x21A3, 0x2E8 },
    { 0x21A5, 0x21A7, 0x2EA },
    { 0x21A9, 0x21AA, 0x2ED },
    { 0x21AD, 0x21AD, 0x2EF },
    { 0x21BE, 0x21BE, 0x2F0 },
    { 0x21C9, 0x21C9, 0x2F1 },
    { 0x21D0, 0x21D4, 0x2F2 },
    { 0x21DB, 0x21DB, 0x2F7 },
    { 0x21DE, 0x21DF, 0x2F8 },
    { 0x21E5, 0x21E5, 0x2FA },
    { 0x21E7, 0x21E8, 0x2FB },
    { 0x21EA, 0x21EA, 0x2FD },
    { 0x2200, 0x220C, 0x2FE },
    { 0x220E, 0x2213, 0x30B },
    { 0x2215, 0x2215, 0x311 },
    { 0x2218, 0x221A, 0x312 },
    { 0x221E, 0x221E, 0x315 },
    { 0x2223, 0x2225, 0x316 },
    { 0x2227, 0x222B, 0x319 },
    { 0x2234, 0x2239, 0x31E },
    { 0x223C, 0x223C, 0x324 },
    { 0x223E, 0x223E, 0x325 },
    { 0x2243, 0x2243, 0x326 },
    { 0x2245, 0x2245, 0x327 },
    { 0x2247, 0x2249, 0x328 },
    { 0x224B, 0x224B, 0x32B },
    { 0x224D, 0x224D, 0x32C },
    { 0x2254, 0x2254, 0x32D },
    { 0x2257, 0x2257, 0x32E },
    { 0x225F, 0x2265, 0x32F },
    { 0x226A, 0x2273, 0x336 },
    { 0x227A, 0x227C, 0x340 },
    { 0x2282, 0x2289, 0x343 },
    { 0x228E, 0x2299, 0x34B },
    { 0x229B, 0x22A5, 0x357 },
    { 0x22B4, 0x22B4, 0x362 },
    { 0x22B8, 0x22B8, 0x363 },
    { 0x22BB, 0x22BD, 0x364 },
    { 0x22C2, 0x22C4, 0x367 },
    { 0x22C6, 0x22C6, 0x36A },
    { 0x22C8, 0x22CA, 0x36B },
    { 0x22CE, 0x22CE, 0x36E },
    { 0x22D0, 0x22D0, 0x36F },
    { 0x22E2, 0x22E2, 0x370 },
    { 0x22EE, 0x22F1, 0x371 },
    { 0xFFFD, 0xFFFD, 0x375 },
};

static const EpdFontData jetbrains_mono_5_2b = {
    jetbrains_mono_5_2bBitmaps,
    jetbrains_mono_5_2bGlyphs,
    jetbrains_mono_5_2bIntervals,
    128,
    14,
    11,
    -4,
    true,
};
