/*
 * SIL OPEN FONT LICENSE 1.1 — bundled font notice (required by §56-61).
 *
 * Based on JetBrains Mono NL by JetBrains s.r.o.
 * Copyright 2020 The JetBrains Mono Project Authors
 *   (https://github.com/JetBrains/JetBrainsMono)
 *
 * This font is licensed under the SIL Open Font License, Version 1.1.
 * Full license text: scripts/jetbrains/OFL.txt (also bundled with each
 * snapix release archive).  License URL: https://openfontlicense.org
 *
 * Embedded in the snapix firmware as a derivative work — format conversion
 * (TTF → .epdfont → C array) is permitted under OFL §39-42.
 */
/**
 * generated by fontconvert.py
 * name: jetbrains_mono_12_2b
 * mode: 2-bit
 */
#pragma once
#include "EpdFontData.h"

static const uint8_t PROGMEM jetbrains_mono_12_2bBitmaps[48598] = {
    0x3F, 0x0F, 0xC3, 0xF0, 0xF8, 0x2E, 0x0B, 0x82, 0xE0, 0xB8, 0x2E, 0x0B, 0x82, 0xE0, 0xB8, 0x2E,
    0x00, 0x00, 0x00, 0xFC, 0x7F, 0x4F, 0xC0, 0x7C, 0x0F, 0x5F, 0x03, 0xD7, 0xC0, 0xF5, 0xF0, 0x3D,
    0x7C, 0x0F, 0x5F, 0x03, 0xD7, 0xC0, 0xF4, 0x00, 0x2C, 0x03, 0xC0, 0x00, 0xF0, 0x0E, 0x00, 0x03,
    0x80, 0x74, 0x00, 0x1D, 0x02, 0xC0, 0x00, 0x74, 0x0B, 0x00, 0x7F, 0xFF, 0xFF, 0xC1, 0xFF, 0xFF,
    0xFF, 0x00, 0x3C, 0x03, 0x80, 0x00, 0xE0, 0x1D, 0x00, 0x07, 0x40, 0xB0, 0x00, 0x2C, 0x03, 0xC0,
    0x0F, 0xFF, 0xFF, 0xF4, 0x3F, 0xFF, 0xFF, 0xD0, 0x0E, 0x01, 0xD0, 0x00, 0x38, 0x07, 0x40, 0x01,
    0xD0, 0x2C, 0x00, 0x0B, 0x00, 0xF0, 0x00, 0x3C, 0x03, 0x80, 0x00, 0x00, 0x0D, 0x00, 0x00, 0x03,
    0x40, 0x00, 0x00, 0xD0, 0x00, 0x01, 0xBE, 0x00, 0x03, 0xFF, 0xF4, 0x03, 0xF7, 0xAF, 0x41, 0xF0,
    0xD2, 0xE0, 0xB8, 0x34, 0x7C, 0x2E, 0x0D, 0x00, 0x0B, 0xC3, 0x40, 0x00, 0xFD, 0xD0, 0x00, 0x1F,
    0xF8, 0x00, 0x01, 0xFF, 0xE0, 0x00, 0x07, 0xFF, 0x00, 0x00, 0xD7, 0xE0, 0x00, 0x34, 0x7C, 0x00,
    0x0D, 0x0F, 0x0F, 0x03, 0x43, 0xC3, 0xD0, 0xD1, 0xF0, 0x7E, 0x7A, 0xF4, 0x0B, 0xFF, 0xF8, 0x00,
    0x2F, 0xE4, 0x00, 0x00, 0xD0, 0x00, 0x00, 0x34, 0x00, 0x00, 0x0D, 0x00, 0x00, 0x0F, 0xE0, 0x00,
    0xB4, 0xFF, 0xF0, 0x03, 0x8B, 0x83, 0xC0, 0x3C, 0x2C, 0x0B, 0x42, 0xC0, 0xB0, 0x2D, 0x1E, 0x02,
    0xE0, 0xF0, 0xF0, 0x03, 0xFF, 0xCB, 0x00, 0x03, 0xF8, 0x74, 0x00, 0x00, 0x03, 0xC0, 0x00, 0x00,
    0x3C, 0x00, 0x00, 0x01, 0xD2, 0xFC, 0x00, 0x0E, 0x3F, 0xFC, 0x00, 0xF0, 0xF0, 0xB4, 0x0B, 0x47,
    0x80, 0xE0, 0x38, 0x1E, 0x03, 0x83, 0xC0, 0x3C, 0x2D, 0x2C, 0x00, 0xFF, 0xF1, 0xE0, 0x00, 0xBF,
    0x00, 0x00, 0x7F, 0xD0, 0x00, 0x02, 0xFF, 0xF8, 0x00, 0x03, 0xE0, 0x7D, 0x00, 0x07, 0xC0, 0x2E,
    0x00, 0x03, 0xC0, 0x04, 0x00, 0x01, 0xE0, 0x00, 0x00, 0x00, 0xB4, 0x00, 0x00, 0x07, 0xFC, 0x00,
    0x00, 0x1F, 0xFF, 0x00, 0x00, 0x3F, 0x07, 0xC0, 0xBC, 0x7C, 0x02, 0xE2, 0xF0, 0x7C, 0x00, 0xFF,
    0xC0, 0x7C, 0x00, 0x3F, 0x40, 0x7C, 0x00, 0x3F, 0x00, 0x3C, 0x00, 0xFF, 0xC0, 0x3F, 0x03, 0xE3,
    0xE0, 0x1F, 0xFF, 0xC0, 0xF4, 0x02, 0xFD, 0x00, 0x7C, 0xFE, 0xEB, 0xAE, 0xBA, 0xEB, 0x80, 0x00,
    0x07, 0x00, 0x1F, 0xC0, 0x2F, 0xD0, 0x1F, 0x80, 0x0F, 0x80, 0x0B, 0xC0, 0x03, 0xD0, 0x00, 0xF0,
    0x00, 0x7C, 0x00, 0x1F, 0x00, 0x07, 0xC0, 0x01, 0xF0, 0x00, 0x7C, 0x00, 0x1F, 0x00, 0x07, 0xC0,
    0x01, 0xF0, 0x00, 0x3C, 0x00, 0x0F, 0x40, 0x02, 0xF0, 0x00, 0x3E, 0x00, 0x0B, 0xE0, 0x00, 0xBF,
    0x40, 0x07, 0xF0, 0x00, 0x1C, 0x34, 0x00, 0x0F, 0xD0, 0x01, 0xFE, 0x00, 0x0B, 0xD0, 0x00, 0xBC,
    0x00, 0x0F, 0x80, 0x01, 0xF0, 0x00, 0x3C, 0x00, 0x0F, 0x40, 0x03, 0xD0, 0x00, 0xF4, 0x00, 0x3D,
    0x00, 0x0F, 0x40, 0x03, 0xD0, 0x00, 0xF4, 0x00, 0x3D, 0x00, 0x0F, 0x00, 0x07, 0xC0, 0x03, 0xE0,
    0x02, 0xF0, 0x01, 0xF4, 0x07, 0xF8, 0x03, 0xF4, 0x00, 0xD0, 0x00, 0x00, 0x0B, 0x80, 0x00, 0x00,
    0x2E, 0x00, 0x00, 0x00, 0xB8, 0x00, 0x00, 0x02, 0xE0, 0x00, 0x3F, 0x47, 0x47, 0xF0, 0xBF, 0xEE,
    0xFF, 0x80, 0x1B, 0xFF, 0x90, 0x00, 0x03, 0xF0, 0x00, 0x00, 0x3D, 0xF0, 0x00, 0x02, 0xE2, 0xE0,
    0x00, 0x1F, 0x03, 0xD0, 0x00, 0xF4, 0x07, 0xC0, 0x01, 0x80, 0x09, 0x00, 0x00, 0x2E, 0x00, 0x00,
    0x0B, 0x80, 0x00, 0x02, 0xE0, 0x00, 0x00, 0xB8, 0x00, 0x00, 0x2E, 0x00, 0x1F, 0xFF, 0xFF, 0xD7,
    0xFF, 0xFF, 0xF4, 0x00, 0xB8, 0x00, 0x00, 0x2E, 0x00, 0x00, 0x0B, 0x80, 0x00, 0x02, 0xE0, 0x00,
    0x00, 0xB8, 0x00, 0x1F, 0x0B, 0xC3, 0xF0, 0xF8, 0x3D, 0x1F, 0x07, 0xC2, 0xE0, 0xBF, 0xFF, 0xAF,
    0xFF, 0xE0, 0x2E, 0x1F, 0xD7, 0xF4, 0xB8, 0x00, 0x00, 0x09, 0x00, 0x00, 0x0B, 0x80, 0x00, 0x03,
    0xD0, 0x00, 0x01, 0xF0, 0x00, 0x00, 0xF8, 0x00, 0x00, 0x3C, 0x00, 0x00, 0x2F, 0x00, 0x00, 0x0F,
    0x40, 0x00, 0x07, 0xC0, 0x00, 0x02, 0xE0, 0x00, 0x00, 0xF4, 0x00, 0x00, 0x7C, 0x00, 0x00, 0x3E,
    0x00, 0x00, 0x0F, 0x00, 0x00, 0x0B, 0xC0, 0x00, 0x03, 0xD0, 0x00, 0x01, 0xF0, 0x00, 0x00, 0xB8,
    0x00, 0x00, 0x3D, 0x00, 0x00, 0x1F, 0x00, 0x00, 0x0F, 0x80, 0x00, 0x03, 0xC0, 0x00, 0x02, 0xF0,
    0x00, 0x00, 0xF4, 0x00, 0x00, 0x06, 0xFE, 0x40, 0xBF, 0xFF, 0x87, 0xE0, 0x2F, 0x7E, 0x00, 0x2F,
    0xF4, 0x00, 0x7F, 0xC0, 0x00, 0xFF, 0x00, 0x03, 0xFC, 0x1D, 0x0F, 0xF0, 0xFC, 0x3F, 0xC2, 0xE0,
    0xFF, 0x00, 0x03, 0xFC, 0x00, 0x0F, 0xF0, 0x00, 0x3F, 0xD0, 0x01, 0xFF, 0x80, 0x0B, 0x9F, 0x80,
    0xBD, 0x2F, 0xFF, 0xE0, 0x1B, 0xF9, 0x00, 0x01, 0xFD, 0x00, 0x0B, 0xFD, 0x00, 0x3F, 0x7D, 0x00,
    0xBC, 0x3D, 0x00, 0xE0, 0x3D, 0x00, 0x00, 0x3D, 0x00, 0x00, 0x3D, 0x00, 0x00, 0x3D, 0x00, 0x00,
    0x3D, 0x00, 0x00, 0x3D, 0x00, 0x00, 0x3D, 0x00, 0x00, 0x3D, 0x00, 0x00, 0x3D, 0x00, 0x00, 0x3D,
    0x00, 0x00, 0x3D, 0x00, 0x00, 0x3D, 0x00, 0xFF, 0xFF, 0xFE, 0xFF, 0xFF, 0xFE, 0x01, 0xBF, 0x90,
    0x02, 0xFF, 0xFE, 0x01, 0xF8, 0x0B, 0xD0, 0xF8, 0x00, 0xF8, 0x3D, 0x00, 0x1F, 0x05, 0x00, 0x07,
    0xC0, 0x00, 0x02, 0xE0, 0x00, 0x00, 0xF4, 0x00, 0x00, 0xBC, 0x00, 0x00, 0xBC, 0x00, 0x00, 0xBD,
    0x00, 0x00, 0xBD, 0x00, 0x00, 0xBD, 0x00, 0x00, 0x7D, 0x00, 0x00, 0x7D, 0x00, 0x00, 0x7D, 0x00,
    0x00, 0x3F, 0xFF, 0xFF, 0x0F, 0xFF, 0xFF, 0xC0, 0x3F, 0xFF, 0xFD, 0x3F, 0xFF, 0xFD, 0x00, 0x00,
    0xBC, 0x00, 0x02, 0xF0, 0x00, 0x0B, 0xC0, 0x00, 0x2F, 0x00, 0x00, 0xBD, 0x00, 0x00, 0xBF, 0xE0,
    0x00, 0x5A, 0xF8, 0x00, 0x00, 0x7D, 0x00, 0x00, 0x2E, 0x00, 0x00, 0x2E, 0x00, 0x00, 0x2E, 0x3C,
    0x00, 0x2E, 0x3D, 0x00, 0x3E, 0x2F, 0x40, 0xFC, 0x0F, 0xFF, 0xF4, 0x01, 0xFF, 0x80, 0x00, 0x03,
    0xE0, 0x00, 0x0B, 0xC0, 0x00, 0x0F, 0x40, 0x00, 0x3E, 0x00, 0x00, 0xBC, 0x00, 0x00, 0xF4, 0x00,
    0x03, 0xF0, 0x00, 0x07, 0xC0, 0x3D, 0x0F, 0x80, 0x3D, 0x2F, 0x00, 0x3D, 0x3C, 0x00, 0x3D, 0x7C,
    0x00, 0x3D, 0x7F, 0xFF, 0xFD, 0x7F, 0xFF, 0xFD, 0x00, 0x00, 0x3D, 0x00, 0x00, 0x3D, 0x00, 0x00,
    0x3D, 0x00, 0x00, 0x3D, 0x2F, 0xFF, 0xFC, 0x2F, 0xFF, 0xFC, 0x2E, 0x00, 0x00, 0x2E, 0x00, 0x00,
    0x2E, 0x00, 0x00, 0x2E, 0x00, 0x00, 0x2F, 0xFF, 0x90, 0x2F, 0xFF, 0xF8, 0x00, 0x00, 0xBC, 0x00,
    0x00, 0x3E, 0x00, 0x00, 0x2F, 0x00, 0x00, 0x1F, 0x14, 0x00, 0x1F, 0x3D, 0x00, 0x2F, 0x3E, 0x00,
    0x3E, 0x1F, 0x80, 0xFC, 0x0B, 0xFF, 0xF4, 0x01, 0xBF, 0x80, 0x00, 0x0F, 0x80, 0x00, 0x07, 0xC0,
    0x00, 0x03, 0xD0, 0x00, 0x02, 0xF0, 0x00, 0x00, 0xF0, 0x00, 0x00, 0xB8, 0x00, 0x00, 0x3D, 0xA8,
    0x00, 0x3F, 0xFF, 0xD0, 0x1F, 0x80, 0xBD, 0x0F, 0x80, 0x0B, 0xC3, 0xC0, 0x00, 0xF1, 0xF0, 0x00,
    0x3D, 0x7C, 0x00, 0x0F, 0x5F, 0x00, 0x03, 0xC3, 0xE0, 0x02, 0xF0, 0x7E, 0x02, 0xF4, 0x0B, 0xFF,
    0xF8, 0x00, 0x6F, 0xE0, 0x00, 0xFF, 0xFF, 0xFE, 0xFF, 0xFF, 0xFE, 0xF4, 0x00, 0x3D, 0xF4, 0x00,
    0x7C, 0xF4, 0x00, 0xF8, 0x00, 0x00, 0xF4, 0x00, 0x02, 0xF0, 0x00, 0x03, 0xD0, 0x00, 0x07, 0xC0,
    0x00, 0x0F, 0x80, 0x00, 0x0F, 0x00, 0x00, 0x2F, 0x00, 0x00, 0x3D, 0x00, 0x00, 0x7C, 0x00, 0x00,
    0xF8, 0x00, 0x00, 0xF0, 0x00, 0x02, 0xF0, 0x00, 0x03, 0xD0, 0x00, 0x01, 0xBF, 0x90, 0x02, 0xFF,
    0xFE, 0x01, 0xF8, 0x0B, 0xD0, 0xB8, 0x00, 0xB8, 0x3D, 0x00, 0x1F, 0x0B, 0x80, 0x0B, 0x80, 0xF8,
    0x0B, 0xC0, 0x0B, 0xFF, 0x80, 0x07, 0xFF, 0xF4, 0x07, 0xE0, 0x2F, 0x43, 0xE0, 0x02, 0xF0, 0xF0,
    0x00, 0x3C, 0x7C, 0x00, 0x0F, 0x4F, 0x00, 0x03, 0xC3, 0xE0, 0x02, 0xF0, 0x7E, 0x02, 0xF4, 0x0B,
    0xFF, 0xF8, 0x00, 0x6F, 0xE4, 0x00, 0x01, 0xBF, 0x90, 0x02, 0xFF, 0xFE, 0x01, 0xF8, 0x0B, 0xD0,
    0xF4, 0x00, 0x7C, 0x7C, 0x00, 0x0F, 0x5F, 0x00, 0x03, 0xD7, 0xC0, 0x00, 0xF4, 0xF4, 0x00, 0x7C,
    0x2F, 0x80, 0xBF, 0x03, 0xFF, 0xFF, 0x40, 0x1F, 0xEF, 0xC0, 0x00, 0x07, 0xC0, 0x00, 0x03, 0xE0,
    0x00, 0x02, 0xF0, 0x00, 0x00, 0xF8, 0x00, 0x00, 0xBC, 0x00, 0x00, 0x7D, 0x00, 0x00, 0x3F, 0x00,
    0x00, 0x3F, 0x1F, 0xD7, 0xF4, 0xFC, 0x00, 0x00, 0x00, 0x00, 0x00, 0x00, 0x00, 0x03, 0xF1, 0xFD,
    0x7F, 0x4F, 0xC0, 0x3F, 0x2F, 0xEB, 0xF8, 0xFC, 0x00, 0x00, 0x00, 0x00, 0x00, 0x00, 0x00, 0x02,
    0xF0, 0xFC, 0x3E, 0x0F, 0x47, 0xC1, 0xF0, 0xBC, 0x3E, 0x00, 0x00, 0x00, 0x08, 0x00, 0x02, 0xF0,
    0x00, 0xBF, 0x40, 0x2F, 0xD0, 0x0B, 0xF4, 0x02, 0xFD, 0x00, 0x0F, 0x40, 0x00, 0x3F, 0x80, 0x00,
    0x2F, 0xE0, 0x00, 0x0B, 0xF8, 0x00, 0x02, 0xFE, 0x00, 0x00, 0xBF, 0x00, 0x00, 0x2C, 0x00, 0x00,
    0x00, 0xFF, 0xFF, 0xFF, 0xFF, 0xFF, 0xF0, 0x00, 0x00, 0x00, 0x00, 0x00, 0x00, 0x00, 0x00, 0x00,
    0x00, 0x0F, 0xFF, 0xFF, 0xFF, 0xFF, 0xFF, 0x80, 0x00, 0x03, 0xE0, 0x00, 0x0B, 0xF8, 0x00, 0x02,
    0xFE, 0x00, 0x00, 0xBF, 0x80, 0x00, 0x2F, 0xE0, 0x00, 0x07, 0xC0, 0x00, 0x7F, 0x00, 0x1F, 0xE0,
    0x07, 0xF8, 0x01, 0xFE, 0x00, 0x3F, 0x80, 0x00, 0xE0, 0x00, 0x00, 0x00, 0x00, 0x00, 0xFF, 0xE4,
    0x0F, 0xFF, 0xE0, 0x00, 0x2F, 0x40, 0x00, 0xBC, 0x00, 0x03, 0xC0, 0x00, 0x3C, 0x00, 0x0B, 0xC0,
    0x02, 0xF8, 0x0F, 0xFF, 0x00, 0xFF, 0x80, 0x0F, 0x40, 0x00, 0xF4, 0x00, 0x05, 0x00, 0x00, 0x00,
    0x00, 0x00, 0x00, 0x00, 0xF8, 0x00, 0x2F, 0xC0, 0x00, 0xF8, 0x00, 0x01, 0xBF, 0xE0, 0x02, 0xFF,
    0xFF, 0x42, 0xF8, 0x02, 0xF0, 0xF4, 0x00, 0x2E, 0xB8, 0x00, 0x03, 0xFD, 0x01, 0xF8, 0xFF, 0x01,
    0xFF, 0xFF, 0xC0, 0xF8, 0x2F, 0xF0, 0x3C, 0x03, 0xFC, 0x0F, 0x00, 0xFF, 0x03, 0xC0, 0x3F, 0xC0,
    0xF0, 0x0F, 0xF0, 0x3C, 0x03, 0xFC, 0x0B, 0x82, 0xFF, 0x00, 0xFF, 0xF7, 0xC0, 0x0B, 0xF4, 0xB4,
    0x00, 0x00, 0x1E, 0x00, 0x00, 0x03, 0xD0, 0x00, 0x00, 0x7E, 0x00, 0x00, 0x07, 0xFF, 0xF0, 0x00,
    0x2F, 0xFC, 0x00, 0x00, 0x3F, 0x00, 0x00, 0x1F, 0xD0, 0x00, 0x0B, 0xB8, 0x00, 0x03, 0xDF, 0x00,
    0x00, 0xF3, 0xC0, 0x00, 0x78, 0xB4, 0x00, 0x2D, 0x1E, 0x00, 0x0F, 0x03, 0xC0, 0x03, 0xC0, 0xF4,
    0x02, 0xE0, 0x2E, 0x00, 0xF4, 0x07, 0xC0, 0x3F, 0xFF, 0xF0, 0x1F, 0xFF, 0xFD, 0x0B, 0x80, 0x0B,
    0x83, 0xD0, 0x01, 0xF0, 0xF0, 0x00, 0x3C, 0x7C, 0x00, 0x0F, 0x6E, 0x00, 0x02, 0xE0, 0xBF, 0xFE,
    0x40, 0xBF, 0xFF, 0xE0, 0xB8, 0x02, 0xF4, 0xB8, 0x00, 0xF8, 0xB8, 0x00, 0x7C, 0xB8, 0x00, 0x78,
    0xB8, 0x00, 0xF4, 0xB8, 0x02, 0xF0, 0xBF, 0xFF, 0x80, 0xBF, 0xFF, 0xD0, 0xB8, 0x02, 0xF4, 0xB8,
    0x00, 0x7C, 0xB8, 0x00, 0x3C, 0xB8, 0x00, 0x3C, 0xB8, 0x00, 0x7C, 0xB8, 0x01, 0xF8, 0xBF, 0xFF,
    0xF0, 0xBF, 0xFF, 0x80, 0x02, 0xFF, 0x40, 0x1F, 0xFF, 0xE0, 0x3E, 0x02, 0xF4, 0x7C, 0x00, 0xBC,
    0xB8, 0x00, 0x7C, 0xB8, 0x00, 0x00, 0xB8, 0x00, 0x00, 0xB8, 0x00, 0x00, 0xB8, 0x00, 0x00, 0xB8,
    0x00, 0x00, 0xB8, 0x00, 0x00, 0xB8, 0x00, 0x00, 0xB8, 0x00, 0x00, 0xB8, 0x00, 0x7C, 0x7C, 0x00,
    0xBC, 0x3E, 0x02, 0xF4, 0x1F, 0xFF, 0xE0, 0x02, 0xFF, 0x40, 0xBF, 0xFE, 0x02, 0xFF, 0xFF, 0x0B,
    0x80, 0x7F, 0x2E, 0x00, 0x3D, 0xB8, 0x00, 0xBA, 0xE0, 0x01, 0xFB, 0x80, 0x07, 0xEE, 0x00, 0x1F,
    0xB8, 0x00, 0x7E, 0xE0, 0x01, 0xFB, 0x80, 0x07, 0xEE, 0x00, 0x1F, 0xB8, 0x00, 0x7E, 0xE0, 0x02,
    0xEB, 0x80, 0x0F, 0x6E, 0x01, 0xFC, 0xBF, 0xFF, 0xD2, 0xFF, 0xF8, 0x00, 0xBF, 0xFF, 0xFE, 0xFF,
    0xFF, 0xFB, 0x80, 0x00, 0x2E, 0x00, 0x00, 0xB8, 0x00, 0x02, 0xE0, 0x00, 0x0B, 0x80, 0x00, 0x2F,
    0xFF, 0xFC, 0xBF, 0xFF, 0xF2, 0xE0, 0x00, 0x0B, 0x80, 0x00, 0x2E, 0x00, 0x00, 0xB8, 0x00, 0x02,
    0xE0, 0x00, 0x0B, 0x80, 0x00, 0x2E, 0x00, 0x00, 0xBF, 0xFF, 0xFE, 0xFF, 0xFF, 0xF0, 0xBF, 0xFF,
    0xFC, 0xBF, 0xFF, 0xFC, 0xB8, 0x00, 0x00, 0xB8, 0x00, 0x00, 0xB8, 0x00, 0x00, 0xB8, 0x00, 0x00,
    0xB8, 0x00, 0x00, 0xB8, 0x00, 0x00, 0xBF, 0xFF, 0xF4, 0xBF, 0xFF, 0xF4, 0xB8, 0x00, 0x00, 0xB8,
    0x00, 0x00, 0xB8, 0x00, 0x00, 0xB8, 0x00, 0x00, 0xB8, 0x00, 0x00, 0xB8, 0x00, 0x00, 0xB8, 0x00,
    0x00, 0xB8, 0x00, 0x00, 0x06, 0xFE, 0x40, 0x7F, 0xFF, 0x83, 0xE0, 0x2F, 0x6F, 0x00, 0x2F, 0xF8,
    0x00, 0x7B, 0xD0, 0x00, 0x0F, 0x40, 0x00, 0x3D, 0x00, 0x00, 0xF4, 0x3F, 0xFF, 0xD0, 0xFF, 0xFF,
    0x40, 0x07, 0xFD, 0x00, 0x1F, 0xF4, 0x00, 0x7F, 0xE0, 0x01, 0xFB, 0xC0, 0x0F, 0x8F, 0x80, 0xBD,
    0x1F, 0xFF, 0xE0, 0x1B, 0xF9, 0x00, 0xB8, 0x00, 0xBA, 0xE0, 0x02, 0xEB, 0x80, 0x0B, 0xAE, 0x00,
    0x2E, 0xB8, 0x00, 0xBA, 0xE0, 0x02, 0xEB, 0x80, 0x0B, 0xAE, 0x00, 0x2E, 0xBF, 0xFF, 0xFA, 0xFF,
    0xFF, 0xEB, 0x80, 0x0B, 0xAE, 0x00, 0x2E, 0xB8, 0x00, 0xBA, 0xE0, 0x02, 0xEB, 0x80, 0x0B, 0xAE,
    0x00, 0x2E, 0xB8, 0x00, 0xBA, 0xE0, 0x02, 0xE0, 0x7F, 0xFF, 0xF5, 0xFF, 0xFF, 0xD0, 0x0B, 0x80,
    0x00, 0x2E, 0x00, 0x00, 0xB8, 0x00, 0x02, 0xE0, 0x00, 0x0B, 0x80, 0x00, 0x2E, 0x00, 0x00, 0xB8,
    0x00, 0x02, 0xE0, 0x00, 0x0B, 0x80, 0x00, 0x2E, 0x00, 0x00, 0xB8, 0x00, 0x02, 0xE0, 0x00, 0x0B,
    0x80, 0x00, 0x2E, 0x00, 0x7F, 0xFF, 0xF5, 0xFF, 0xFF, 0xD0, 0x00, 0x00, 0x3D, 0x00, 0x00, 0x3D,
    0x00, 0x00, 0x3D, 0x00, 0x00, 0x3D, 0x00, 0x00, 0x3D, 0x00, 0x00, 0x3D, 0x00, 0x00, 0x3D, 0x00,
    0x00, 0x3D, 0x00, 0x00, 0x3D, 0x00, 0x00, 0x3D, 0x00, 0x00, 0x3D, 0x00, 0x00, 0x3D, 0x50, 0x00,
    0x3D, 0xF8, 0x00, 0x3D, 0xBC, 0x00, 0x7C, 0x3E, 0x01, 0xF8, 0x1F, 0xFF, 0xF0, 0x02, 0xFF, 0x40,
    0xB8, 0x00, 0x3D, 0xB8, 0x00, 0x7C, 0xB8, 0x00, 0xF4, 0xB8, 0x01, 0xF0, 0xB8, 0x03, 0xD0, 0xB8,
    0x07, 0xC0, 0xB8, 0x0F, 0x40, 0xB8, 0x1F, 0x00, 0xBF, 0xFD, 0x00, 0xBF, 0xFD, 0x00, 0xB8, 0x2F,
    0x00, 0xB8, 0x0F, 0x80, 0xB8, 0x0B, 0xC0, 0xB8, 0x03, 0xE0, 0xB8, 0x01, 0xF0, 0xB8, 0x00, 0xF8,
    0xB8, 0x00, 0x7C, 0xB8, 0x00, 0x3E, 0xF8, 0x00, 0x03, 0xE0, 0x00, 0x0F, 0x80, 0x00, 0x3E, 0x00,
    0x00, 0xF8, 0x00, 0x03, 0xE0, 0x00, 0x0F, 0x80, 0x00, 0x3E, 0x00, 0x00, 0xF8, 0x00, 0x03, 0xE0,
    0x00, 0x0F, 0x80, 0x00, 0x3E, 0x00, 0x00, 0xF8, 0x00, 0x03, 0xE0, 0x00, 0x0F, 0x80, 0x00, 0x3E,
    0x00, 0x00, 0xFF, 0xFF, 0xFF, 0xFF, 0xFF, 0xF0, 0x3F, 0x40, 0x7F, 0x0F, 0xE0, 0x2F, 0xC3, 0xFC,
    0x0F, 0xF0, 0xFB, 0x03, 0x7C, 0x3D, 0xD2, 0xCF, 0x0F, 0x3C, 0xF3, 0xC3, 0xCB, 0x34, 0xF0, 0xF1,
    0xFC, 0x3C, 0x3C, 0x3F, 0x0F, 0x0F, 0x0B, 0x83, 0xC3, 0xC0, 0x00, 0xF0, 0xF0, 0x00, 0x3C, 0x3C,
    0x00, 0x0F, 0x0F, 0x00, 0x03, 0xC3, 0xC0, 0x00, 0xF0, 0xF0, 0x00, 0x3C, 0x3C, 0x00, 0x0F, 0x0F,
    0x00, 0x03, 0xC0, 0xFD, 0x00, 0x7F, 0xFC, 0x01, 0xFF, 0xF0, 0x07, 0xFE, 0xE0, 0x1F, 0xF7, 0xC0,
    0x7F, 0xDF, 0x01, 0xFF, 0x5E, 0x07, 0xFD, 0x3C, 0x1F, 0xF4, 0xB4, 0x7F, 0xD1, 0xE1, 0xFF, 0x43,
    0xC7, 0xFD, 0x0B, 0x5F, 0xF4, 0x0F, 0x7F, 0xD0, 0x3D, 0xFF, 0x40, 0xBB, 0xFD, 0x00, 0xFF, 0xF4,
    0x03, 0xFF, 0xD0, 0x07, 0xF0, 0x06, 0xFE, 0x40, 0x7F, 0xFF, 0x43, 0xE0, 0x2F, 0x2F, 0x00, 0x3E,
    0xB8, 0x00, 0xBB, 0xD0, 0x01, 0xFF, 0x40, 0x07, 0xFD, 0x00, 0x1F, 0xF4, 0x00, 0x7F, 0xD0, 0x01,
    0xFF, 0x40, 0x07, 0xFD, 0x00, 0x1F, 0xF4, 0x00, 0x7E, 0xE0, 0x02, 0xEB, 0xC0, 0x0F, 0x8F, 0x80,
    0xBC, 0x1F, 0xFF, 0xD0, 0x1B, 0xF9, 0x00, 0xBF, 0xFF, 0x80, 0xBF, 0xFF, 0xF4, 0xB8, 0x01, 0xFC,
    0xB8, 0x00, 0x3E, 0xB8, 0x00, 0x2E, 0xB8, 0x00, 0x2E, 0xB8, 0x00, 0x3E, 0xB8, 0x01, 0xFC, 0xBF,
    0xFF, 0xF4, 0xBF, 0xFF, 0x80, 0xB8, 0x00, 0x00, 0xB8, 0x00, 0x00, 0xB8, 0x00, 0x00, 0xB8, 0x00,
    0x00, 0xB8, 0x00, 0x00, 0xB8, 0x00, 0x00, 0xB8, 0x00, 0x00, 0xB8, 0x00, 0x00, 0x06, 0xFE, 0x40,
    0x2F, 0xFF, 0xE0, 0x7E, 0x02, 0xF4, 0xF8, 0x00, 0xBC, 0xF4, 0x00, 0x7C, 0xF4, 0x00, 0x7C, 0xF4,
    0x00, 0x7C, 0xF4, 0x00, 0x7C, 0xF4, 0x00, 0x7C, 0xF4, 0x00, 0x7C, 0xF4, 0x00, 0x7C, 0xF4, 0x00,
    0x7C, 0xF4, 0x00, 0x7C, 0xF4, 0x00, 0x7C, 0xF8, 0x00, 0xB8, 0x7E, 0x02, 0xF4, 0x2F, 0xFF, 0xE0,
    0x06, 0xFF, 0x40, 0x00, 0x0B, 0xC0, 0x00, 0x03, 0xE0, 0x00, 0x01, 0xF0, 0x00, 0x00, 0xFC, 0xBF,
    0xFF, 0x40, 0xBF, 0xFF, 0xF0, 0xB8, 0x01, 0xF8, 0xB8, 0x00, 0x7C, 0xB8, 0x00, 0x3D, 0xB8, 0x00,
    0x3D, 0xB8, 0x00, 0x7C, 0xB8, 0x01, 0xF8, 0xBF, 0xFF, 0xF0, 0xBF, 0xFF, 0x40, 0xB8, 0x0F, 0x00,
    0xB8, 0x0F, 0x80, 0xB8, 0x07, 0xC0, 0xB8, 0x03, 0xE0, 0xB8, 0x01, 0xF0, 0xB8, 0x00, 0xF4, 0xB8,
    0x00, 0xBC, 0xB8, 0x00, 0x3D, 0x01, 0xBF, 0x80, 0x01, 0xFF, 0xFD, 0x00, 0xF8, 0x0B, 0xC0, 0xBC,
    0x00, 0xF8, 0x2E, 0x00, 0x19, 0x0B, 0x80, 0x00, 0x01, 0xF0, 0x00, 0x00, 0x2F, 0x90, 0x00, 0x02,
    0xFF, 0xD0, 0x00, 0x06, 0xFF, 0x00, 0x00, 0x07, 0xE0, 0x00, 0x00, 0x7C, 0x00, 0x00, 0x0F, 0x0F,
    0x00, 0x03, 0xC3, 0xE0, 0x01, 0xF0, 0xBE, 0x02, 0xF8, 0x0B, 0xFF, 0xF8, 0x00, 0x6F, 0xF4, 0x00,
    0xBF, 0xFF, 0xFF, 0xAF, 0xFF, 0xFF, 0xE0, 0x02, 0xE0, 0x00, 0x00, 0xB8, 0x00, 0x00, 0x2E, 0x00,
    0x00, 0x0B, 0x80, 0x00, 0x02, 0xE0, 0x00, 0x00, 0xB8, 0x00, 0x00, 0x2E, 0x00, 0x00, 0x0B, 0x80,
    0x00, 0x02, 0xE0, 0x00, 0x00, 0xB8, 0x00, 0x00, 0x2E, 0x00, 0x00, 0x0B, 0x80, 0x00, 0x02, 0xE0,
    0x00, 0x00, 0xB8, 0x00, 0x00, 0x2E, 0x00, 0x00, 0x0B, 0x80, 0x00, 0xF8, 0x00, 0xBF, 0xE0, 0x02,
    0xFF, 0x80, 0x0B, 0xFE, 0x00, 0x2F, 0xF8, 0x00, 0xBF, 0xE0, 0x02, 0xFF, 0x80, 0x0B, 0xFE, 0x00,
    0x2F, 0xF8, 0x00, 0xBF, 0xE0, 0x02, 0xFF, 0x80, 0x0B, 0xFE, 0x00, 0x2F, 0xB8, 0x00, 0xBA, 0xE0,
    0x02, 0xEB, 0xC0, 0x0F, 0x8F, 0x80, 0xBC, 0x1F, 0xFF, 0xD0, 0x1B, 0xF9, 0x00, 0xB8, 0x00, 0x0B,
    0x9F, 0x00, 0x03, 0xD3, 0xC0, 0x00, 0xF0, 0xF4, 0x00, 0x7C, 0x2E, 0x00, 0x2E, 0x07, 0xC0, 0x0F,
    0x40, 0xF0, 0x03, 0xC0, 0x3D, 0x01, 0xF0, 0x0B, 0x80, 0xB8, 0x01, 0xF0, 0x3D, 0x00, 0x3C, 0x0F,
    0x00, 0x0B, 0x47, 0x80, 0x01, 0xE2, 0xD0, 0x00, 0x3C, 0xF0, 0x00, 0x0F, 0x7C, 0x00, 0x02, 0xEE,
    0x00, 0x00, 0x7F, 0x40, 0x00, 0x0F, 0xC0, 0x00, 0x78, 0x0B, 0xC0, 0xB5, 0xE0, 0x3F, 0x02, 0xD3,
    0xC0, 0xFC, 0x0B, 0x0F, 0x03, 0xB0, 0x3C, 0x3C, 0x1D, 0xD0, 0xF0, 0xF0, 0x73, 0x43, 0xC2, 0xD2,
    0xCE, 0x0E, 0x0B, 0x4B, 0x38, 0x78, 0x1D, 0x38, 0xB1, 0xD0, 0x78, 0xE2, 0xCB, 0x40, 0xE3, 0x47,
    0x2C, 0x03, 0xCD, 0x1C, 0xB0, 0x0F, 0x70, 0x37, 0xC0, 0x3D, 0xC0, 0xDF, 0x00, 0xFB, 0x03, 0xB8,
    0x02, 0xFC, 0x0F, 0xE0, 0x0B, 0xE0, 0x2F, 0x40, 0x1F, 0x80, 0xBD, 0x00, 0x7C, 0x00, 0x0F, 0x4F,
    0x80, 0x0B, 0xC1, 0xF0, 0x03, 0xD0, 0x3E, 0x02, 0xE0, 0x03, 0xD0, 0xF0, 0x00, 0xBC, 0xB8, 0x00,
    0x0F, 0xBC, 0x00, 0x02, 0xFD, 0x00, 0x00, 0x3F, 0x00, 0x00, 0x0F, 0xC0, 0x00, 0x0B, 0xF8, 0x00,
    0x07, 0xCF, 0x40, 0x03, 0xE2, 0xF0, 0x01, 0xF0, 0x3D, 0x00, 0xF4, 0x07, 0xC0, 0xBC, 0x00, 0xF8,
    0x3D, 0x00, 0x1F, 0x2F, 0x00, 0x03, 0xE0, 0x3E, 0x00, 0x01, 0xF0, 0x7C, 0x00, 0x0F, 0x40, 0xF4,
    0x00, 0x7C, 0x01, 0xF0, 0x03, 0xD0, 0x03, 0xD0, 0x1F, 0x00, 0x07, 0xC0, 0xF4, 0x00, 0x0F, 0x47,
    0xC0, 0x00, 0x1F, 0x3D, 0x00, 0x00, 0x3E, 0xF0, 0x00, 0x00, 0x7F, 0x40, 0x00, 0x00, 0xFC, 0x00,
    0x00, 0x02, 0xE0, 0x00, 0x00, 0x0B, 0x80, 0x00, 0x00, 0x2E, 0x00, 0x00, 0x00, 0xB8, 0x00, 0x00,
    0x02, 0xE0, 0x00, 0x00, 0x0B, 0x80, 0x00, 0x00, 0x2E, 0x00, 0x00, 0xFF, 0xFF, 0xFB, 0xFF, 0xFF,
    0xE0, 0x00, 0x0F, 0x40, 0x00, 0xBC, 0x00, 0x03, 0xD0, 0x00, 0x2E, 0x00, 0x01, 0xF0, 0x00, 0x0F,
    0x40, 0x00, 0xBC, 0x00, 0x03, 0xD0, 0x00, 0x2E, 0x00, 0x01, 0xF0, 0x00, 0x0F, 0x40, 0x00, 0xBC,
    0x00, 0x03, 0xD0, 0x00, 0x2E, 0x00, 0x00, 0xFF, 0xFF, 0xFF, 0xFF, 0xFF, 0xF0, 0xFF, 0xF7, 0xFF,
    0xDF, 0x40, 0x3D, 0x00, 0xF4, 0x03, 0xD0, 0x0F, 0x40, 0x3D, 0x00, 0xF4, 0x03, 0xD0, 0x0F, 0x40,
    0x3D, 0x00, 0xF4, 0x03, 0xD0, 0x0F, 0x40, 0x3D, 0x00, 0xF4, 0x03, 0xD0, 0x0F, 0x40, 0x3D, 0x00,
    0xF4, 0x03, 0xFF, 0xDF, 0xFF, 0x40, 0x18, 0x00, 0x00, 0x0B, 0x80, 0x00, 0x01, 0xF0, 0x00, 0x00,
    0x3D, 0x00, 0x00, 0x0B, 0xC0, 0x00, 0x00, 0xF0, 0x00, 0x00, 0x3E, 0x00, 0x00, 0x07, 0xC0, 0x00,
    0x00, 0xF4, 0x00, 0x00, 0x2E, 0x00, 0x00, 0x07, 0xC0, 0x00, 0x00, 0xF4, 0x00, 0x00, 0x2F, 0x00,
    0x00, 0x03, 0xC0, 0x00, 0x00, 0xF8, 0x00, 0x00, 0x1F, 0x00, 0x00, 0x03, 0xD0, 0x00, 0x00, 0xB8,
    0x00, 0x00, 0x1F, 0x00, 0x00, 0x03, 0xD0, 0x00, 0x00, 0xBC, 0x00, 0x00, 0x0F, 0x00, 0x00, 0x03,
    0xE0, 0x00, 0x00, 0x7C, 0x7F, 0xFD, 0xFF, 0xF0, 0x07, 0xC0, 0x1F, 0x00, 0x7C, 0x01, 0xF0, 0x07,
    0xC0, 0x1F, 0x00, 0x7C, 0x01, 0xF0, 0x07, 0xC0, 0x1F, 0x00, 0x7C, 0x01, 0xF0, 0x07, 0xC0, 0x1F,
    0x00, 0x7C, 0x01, 0xF0, 0x07, 0xC0, 0x1F, 0x00, 0x7D, 0xFF, 0xF7, 0xFF, 0xC0, 0x00, 0xFC, 0x00,
    0x03, 0xF0, 0x00, 0x2D, 0xE0, 0x00, 0xF3, 0xC0, 0x0B, 0x47, 0x80, 0x3C, 0x0F, 0x01, 0xE0, 0x2D,
    0x0F, 0x00, 0x3C, 0x78, 0x00, 0xB7, 0xD0, 0x00, 0xF0, 0xBF, 0xFF, 0xFF, 0xAF, 0xFF, 0xFF, 0xE0,
    0x64, 0x03, 0xD0, 0x1F, 0x00, 0x7C, 0x01, 0xBF, 0x90, 0x0B, 0xFF, 0xF8, 0x1F, 0x40, 0x7D, 0x15,
    0x00, 0x2E, 0x00, 0x00, 0x2E, 0x02, 0xFF, 0xFE, 0x1F, 0xFF, 0xFE, 0x3F, 0x00, 0x2E, 0x3C, 0x00,
    0x2E, 0x7C, 0x00, 0x2E, 0x3C, 0x00, 0x3E, 0x3F, 0x41, 0xFE, 0x1F, 0xFF, 0xEE, 0x02, 0xFE, 0x2E,
    0xB8, 0x00, 0x02, 0xE0, 0x00, 0x0B, 0x80, 0x00, 0x2E, 0x00, 0x00, 0xB8, 0xBF, 0x42, 0xEF, 0xFF,
    0x8B, 0xF0, 0x2F, 0x6F, 0x00, 0x3E, 0xB8, 0x00, 0xBE, 0xE0, 0x01, 0xFB, 0x80, 0x07, 0xEE, 0x00,
    0x1F, 0xB8, 0x00, 0x7E, 0xE0, 0x02, 0xFB, 0xC0, 0x0F, 0xAF, 0xC0, 0xBD, 0xBB, 0xFF, 0xE2, 0xE2,
    0xFD, 0x00, 0x02, 0xFF, 0x40, 0x1F, 0xFF, 0xE0, 0x3E, 0x01, 0xF4, 0xBC, 0x00, 0xBC, 0xB8, 0x00,
    0x28, 0xF4, 0x00, 0x00, 0xF4, 0x00, 0x00, 0xF4, 0x00, 0x00, 0xF4, 0x00, 0x00, 0xB8, 0x00, 0x28,
    0xBC, 0x00, 0xBC, 0x3E, 0x01, 0xF4, 0x1F, 0xFF, 0xE0, 0x02, 0xFF, 0x40, 0x00, 0x00, 0xB8, 0x00,
    0x02, 0xE0, 0x00, 0x0B, 0x80, 0x00, 0x2E, 0x07, 0xF8, 0xB8, 0xBF, 0xFE, 0xE7, 0xE0, 0x3F, 0xAE,
    0x00, 0x3E, 0xF8, 0x00, 0xBB, 0xD0, 0x02, 0xEF, 0x40, 0x0B, 0xBD, 0x00, 0x2E, 0xF4, 0x00, 0xBB,
    0xE0, 0x02, 0xEB, 0xC0, 0x0F, 0x9F, 0x80, 0xFE, 0x2F, 0xFF, 0xB8, 0x1F, 0xE2, 0xE0, 0x02, 0xFE,
    0x00, 0x7F, 0xFF, 0x43, 0xE0, 0x2F, 0x2F, 0x00, 0x3E, 0xF4, 0x00, 0x7F, 0xD0, 0x01, 0xFF, 0xFF,
    0xFF, 0xFF, 0xFF, 0xFF, 0xF4, 0x00, 0x03, 0xD0, 0x00, 0x0B, 0x80, 0x06, 0x4F, 0x80, 0x7D, 0x1F,
    0xFF, 0xE0, 0x0B, 0xF9, 0x00, 0x00, 0x0B, 0xFF, 0x40, 0x0F, 0xFF, 0xD0, 0x0B, 0xC0, 0x00, 0x02,
    0xE0, 0x00, 0x00, 0xB8, 0x00, 0x00, 0x2E, 0x00, 0x0B, 0xFF, 0xFF, 0xF6, 0xFF, 0xFF, 0xFD, 0x00,
    0xB8, 0x00, 0x00, 0x2E, 0x00, 0x00, 0x0B, 0x80, 0x00, 0x02, 0xE0, 0x00, 0x00, 0xB8, 0x00, 0x00,
    0x2E, 0x00, 0x00, 0x0B, 0x80, 0x00, 0x02, 0xE0, 0x00, 0x00, 0xB8, 0x00, 0x00, 0x2E, 0x00, 0x00,
    0x07, 0xF8, 0xB8, 0xBF, 0xFE, 0xE7, 0xE0, 0x3F, 0xAF, 0x00, 0x3E, 0xF8, 0x00, 0xBB, 0xD0, 0x02,
    0xEF, 0x40, 0x0B, 0xBD, 0x00, 0x2E, 0xF8, 0x00, 0xBA, 0xF0, 0x03, 0xE7, 0xE0, 0x3F, 0x8B, 0xFF,
    0xEE, 0x07, 0xF8, 0xB8, 0x00, 0x02, 0xE0, 0x00, 0x0F, 0x80, 0x00, 0xBD, 0x0F, 0xFF, 0xE0, 0x3F,
    0xFD, 0x00, 0xB8, 0x00, 0x02, 0xE0, 0x00, 0x0B, 0x80, 0x00, 0x2E, 0x00, 0x00, 0xB8, 0xBF, 0x42,
    0xEF, 0xFF, 0x8B, 0xF0, 0x2F, 0x6F, 0x00, 0x3E, 0xB8, 0x00, 0xBA, 0xE0, 0x02, 0xFB, 0x80, 0x0B,
    0xEE, 0x00, 0x2F, 0xB8, 0x00, 0xBE, 0xE0, 0x02, 0xFB, 0x80, 0x0B, 0xEE, 0x00, 0x2F, 0xB8, 0x00,
    0xBE, 0xE0, 0x02, 0xF0, 0x00, 0x7C, 0x00, 0x00, 0xFE, 0x00, 0x00, 0x7C, 0x00, 0x00, 0x00, 0x00,
    0x00, 0x00, 0x00, 0x7F, 0xFD, 0x00, 0x7F, 0xFD, 0x00, 0x00, 0x3D, 0x00, 0x00, 0x3D, 0x00, 0x00,
    0x3D, 0x00, 0x00, 0x3D, 0x00, 0x00, 0x3D, 0x00, 0x00, 0x3D, 0x00, 0x00, 0x3D, 0x00, 0x00, 0x3D,
    0x00, 0x00, 0x3D, 0x00, 0x00, 0x3D, 0x00, 0xFF, 0xFF, 0xFF, 0xFF, 0xFF, 0xFF, 0x00, 0x0B, 0x80,
    0x00, 0xFC, 0x00, 0x0B, 0x80, 0x00, 0x00, 0x00, 0x00, 0x0F, 0xFF, 0xFC, 0xFF, 0xFF, 0xC0, 0x00,
    0x7C, 0x00, 0x07, 0xC0, 0x00, 0x7C, 0x00, 0x07, 0xC0, 0x00, 0x7C, 0x00, 0x07, 0xC0, 0x00, 0x7C,
    0x00, 0x07, 0xC0, 0x00, 0x7C, 0x00, 0x07, 0xC0, 0x00, 0x7C, 0x00, 0x07, 0xC0, 0x00, 0xF8, 0x00,
    0x2F, 0x0F, 0xFF, 0xD0, 0xFF, 0xE0, 0x00, 0xB8, 0x00, 0x00, 0xB8, 0x00, 0x00, 0xB8, 0x00, 0x00,
    0xB8, 0x00, 0x00, 0xB8, 0x00, 0x3D, 0xB8, 0x00, 0xFC, 0xB8, 0x01, 0xF0, 0xB8, 0x03, 0xD0, 0xB8,
    0x0B, 0xC0, 0xB8, 0x1F, 0x00, 0xBF, 0xFE, 0x00, 0xBF, 0xFE, 0x00, 0xB8, 0x1F, 0x40, 0xB8, 0x0B,
    0xC0, 0xB8, 0x03, 0xE0, 0xB8, 0x01, 0xF4, 0xB8, 0x00, 0xBC, 0xB8, 0x00, 0x3E, 0x7F, 0xFF, 0x00,
    0x07, 0xFF, 0xF0, 0x00, 0x00, 0x2F, 0x00, 0x00, 0x02, 0xF0, 0x00, 0x00, 0x2F, 0x00, 0x00, 0x02,
    0xF0, 0x00, 0x00, 0x2F, 0x00, 0x00, 0x02, 0xF0, 0x00, 0x00, 0x2F, 0x00, 0x00, 0x02, 0xF0, 0x00,
    0x00, 0x2F, 0x00, 0x00, 0x02, 0xF0, 0x00, 0x00, 0x2F, 0x00, 0x00, 0x02, 0xF0, 0x00, 0x00, 0x1F,
    0x00, 0x00, 0x01, 0xF4, 0x00, 0x00, 0x0F, 0xFF, 0xF0, 0x00, 0x2F, 0xFF, 0xB5, 0xF0, 0xBC, 0x2E,
    0xFF, 0x7F, 0xCB, 0xC3, 0xF0, 0xF6, 0xE0, 0x74, 0x2D, 0xB8, 0x1D, 0x0B, 0xAE, 0x07, 0x42, 0xEB,
    0x81, 0xD0, 0xBA, 0xE0, 0x74, 0x2E, 0xB8, 0x1D, 0x0B, 0xAE, 0x07, 0x42, 0xEB, 0x81, 0xD0, 0xBA,
    0xE0, 0x74, 0x2E, 0xB8, 0x1D, 0x0B, 0xAE, 0x07, 0x42, 0xE0, 0xB8, 0xBF, 0x42, 0xEF, 0xFF, 0x8B,
    0xF0, 0x2F, 0x6F, 0x00, 0x3E, 0xB8, 0x00, 0xBA, 0xE0, 0x02, 0xFB, 0x80, 0x0B, 0xEE, 0x00, 0x2F,
    0xB8, 0x00, 0xBE, 0xE0, 0x02, 0xFB, 0x80, 0x0B, 0xEE, 0x00, 0x2F, 0xB8, 0x00, 0xBE, 0xE0, 0x02,
    0xF0, 0x06, 0xFE, 0x40, 0x7F, 0xFF, 0x43, 0xE0, 0x2F, 0x2F, 0x00, 0x3E, 0xF4, 0x00, 0x7F, 0xD0,
    0x01, 0xFF, 0x40, 0x07, 0xFD, 0x00, 0x1F, 0xF4, 0x00, 0x7F, 0xD0, 0x01, 0xFB, 0xC0, 0x0F, 0x8F,
    0x80, 0xBC, 0x1F, 0xFF, 0xD0, 0x0B, 0xF8, 0x00, 0xB8, 0xBF, 0x42, 0xEF, 0xFF, 0x8B, 0xF0, 0x2F,
    0x6F, 0x00, 0x3E, 0xB8, 0x00, 0xBE, 0xE0, 0x01, 0xFB, 0x80, 0x07, 0xEE, 0x00, 0x1F, 0xB8, 0x00,
    0x7E, 0xE0, 0x02, 0xFB, 0xC0, 0x0F, 0xAF, 0xC0, 0xBD, 0xBB, 0xFF, 0xE2, 0xE2, 0xFD, 0x0B, 0x80,
    0x00, 0x2E, 0x00, 0x00, 0xB8, 0x00, 0x02, 0xE0, 0x00, 0x00, 0x07, 0xF8, 0xB8, 0xBF, 0xFE, 0xE7,
    0xE0, 0x3F, 0xAE, 0x00, 0x3E, 0xF4, 0x00, 0xBB, 0xD0, 0x02, 0xEF, 0x40, 0x0B, 0xBD, 0x00, 0x2E,
    0xF4, 0x00, 0xBB, 0xD0, 0x02, 0xEB, 0x80, 0x0F, 0x9F, 0x80, 0xFE, 0x2F, 0xFF, 0xB8, 0x1F, 0xE2,
    0xE0, 0x00, 0x0B, 0x80, 0x00, 0x2E, 0x00, 0x00, 0xB8, 0x00, 0x02, 0xE0, 0x3C, 0x7F, 0x80, 0x3D,
    0xFF, 0xF0, 0x3F, 0x41, 0xFC, 0x3D, 0x00, 0x7C, 0x3C, 0x00, 0x3C, 0x3C, 0x00, 0x3D, 0x3C, 0x00,
    0x00, 0x3C, 0x00, 0x00, 0x3C, 0x00, 0x00, 0x3C, 0x00, 0x00, 0x3C, 0x00, 0x00, 0x3C, 0x00, 0x00,
    0x3C, 0x00, 0x00, 0x3C, 0x00, 0x00, 0x0B, 0xFF, 0x40, 0xFF, 0xFF, 0xC7, 0xD0, 0x1F, 0x6E, 0x00,
    0x19, 0xB8, 0x00, 0x01, 0xF9, 0x00, 0x02, 0xFF, 0xF8, 0x00, 0x6B, 0xFC, 0x00, 0x00, 0xF8, 0x00,
    0x01, 0xFF, 0x40, 0x07, 0xEF, 0x40, 0x7E, 0x3F, 0xFF, 0xF0, 0x2F, 0xFE, 0x00, 0x00, 0x60, 0x00,
    0x00, 0xF4, 0x00, 0x00, 0xF4, 0x00, 0x00, 0xF4, 0x00, 0xFF, 0xFF, 0xFF, 0xFF, 0xFF, 0xFF, 0x00,
    0xF4, 0x00, 0x00, 0xF4, 0x00, 0x00, 0xF4, 0x00, 0x00, 0xF4, 0x00, 0x00, 0xF4, 0x00, 0x00, 0xF4,
    0x00, 0x00, 0xF4, 0x00, 0x00, 0xF4, 0x00, 0x00, 0xF4, 0x00, 0x00, 0xBC, 0x00, 0x00, 0x3F, 0xFF,
    0x00, 0x0F, 0xFF, 0xF8, 0x00, 0xBF, 0xE0, 0x02, 0xFF, 0x80, 0x0B, 0xFE, 0x00, 0x2F, 0xF8, 0x00,
    0xBF, 0xE0, 0x02, 0xFF, 0x80, 0x0B, 0xFE, 0x00, 0x2F, 0xB8, 0x00, 0xBA, 0xE0, 0x02, 0xEB, 0xC0,
    0x0F, 0x4F, 0x80, 0xBC, 0x1F, 0xFF, 0xD0, 0x0B, 0xF8, 0x00, 0x7C, 0x00, 0x0F, 0x4F, 0x40, 0x03,
    0xC3, 0xE0, 0x02, 0xF0, 0x7C, 0x00, 0xF4, 0x0F, 0x00, 0x3C, 0x03, 0xE0, 0x1F, 0x00, 0x7C, 0x0F,
    0x40, 0x0F, 0x03, 0xC0, 0x03, 0xD1, 0xF0, 0x00, 0x7C, 0xB4, 0x00, 0x0F, 0x3C, 0x00, 0x03, 0xEF,
    0x00, 0x00, 0x7F, 0x40, 0x00, 0x0F, 0xC0, 0x00, 0x3C, 0x0B, 0x80, 0xB0, 0xF0, 0x3F, 0x03, 0xC3,
    0xC0, 0xFC, 0x0F, 0x0B, 0x03, 0xB0, 0x38, 0x1D, 0x1D, 0xD1, 0xD0, 0x78, 0xB3, 0x87, 0x40, 0xE3,
    0xCF, 0x2C, 0x03, 0xCE, 0x2C, 0xB0, 0x0F, 0x34, 0x73, 0xC0, 0x2D, 0xD1, 0xDE, 0x00, 0xBB, 0x03,
    0xB4, 0x01, 0xFC, 0x0F, 0xD0, 0x03, 0xF0, 0x3F, 0x00, 0x0F, 0x80, 0xBC, 0x00, 0x3E, 0x00, 0x1F,
    0x07, 0xC0, 0x0F, 0x40, 0xFC, 0x0B, 0xC0, 0x0F, 0x47, 0xC0, 0x01, 0xF3, 0xD0, 0x00, 0x3F, 0xF0,
    0x00, 0x03, 0xF0, 0x00, 0x01, 0xFD, 0x00, 0x00, 0xFB, 0xC0, 0x00, 0xBC, 0xF8, 0x00, 0x7C, 0x0F,
    0x40, 0x3E, 0x02, 0xF0, 0x2F, 0x00, 0x3E, 0x1F, 0x00, 0x03, 0xD0, 0x7C, 0x00, 0x0F, 0x4F, 0x40,
    0x07, 0xC2, 0xE0, 0x02, 0xE0, 0x7C, 0x00, 0xF4, 0x0F, 0x80, 0x7C, 0x01, 0xF0, 0x2E, 0x00, 0x3D,
    0x0F, 0x00, 0x0B, 0x87, 0xC0, 0x00, 0xF3, 0xD0, 0x00, 0x3E, 0xF0, 0x00, 0x07, 0xF8, 0x00, 0x00,
    0xFD, 0x00, 0x00, 0x2F, 0x00, 0x00, 0x0F, 0x80, 0x00, 0x03, 0xC0, 0x00, 0x02, 0xE0, 0x00, 0x00,
    0xF4, 0x00, 0x00, 0x7C, 0x00, 0x00, 0xBF, 0xFF, 0xF6, 0xFF, 0xFF, 0xD0, 0x00, 0x1F, 0x40, 0x00,
    0xF4, 0x00, 0x0F, 0x80, 0x00, 0xFC, 0x00, 0x0B, 0xC0, 0x00, 0x7D, 0x00, 0x03, 0xD0, 0x00, 0x3E,
    0x00, 0x02, 0xF0, 0x00, 0x2F, 0x00, 0x00, 0xFF, 0xFF, 0xFF, 0xFF, 0xFF, 0xF0, 0x00, 0x01, 0xBE,
    0x00, 0x07, 0xFE, 0x00, 0x0F, 0x80, 0x00, 0x0F, 0x00, 0x00, 0x0F, 0x00, 0x00, 0x0F, 0x40, 0x00,
    0x0F, 0x40, 0x00, 0x0F, 0x40, 0x00, 0x0F, 0x40, 0x00, 0x1F, 0x00, 0x3F, 0xF8, 0x00, 0x3F, 0xFC,
    0x00, 0x00, 0x1F, 0x00, 0x00, 0x0F, 0x40, 0x00, 0x0F, 0x40, 0x00, 0x0F, 0x40, 0x00, 0x0F, 0x40,
    0x00, 0x0F, 0x00, 0x00, 0x0F, 0x00, 0x00, 0x0F, 0x00, 0x00, 0x0F, 0xC0, 0x00, 0x07, 0xFE, 0x00,
    0x00, 0xBE, 0x66, 0xEB, 0xAE, 0xBA, 0xEB, 0xAE, 0xBA, 0xEB, 0xAE, 0xBA, 0xEB, 0xAE, 0xBA, 0xEB,
    0xAE, 0xBA, 0xEB, 0xAE, 0xBE, 0x40, 0x00, 0xBF, 0xE0, 0x00, 0x02, 0xF0, 0x00, 0x00, 0xF0, 0x00,
    0x00, 0xF0, 0x00, 0x01, 0xF0, 0x00, 0x02, 0xE0, 0x00, 0x02, 0xE0, 0x00, 0x02, 0xE0, 0x00, 0x01,
    0xF0, 0x00, 0x00, 0x7F, 0xFC, 0x00, 0xBF, 0xFC, 0x01, 0xF0, 0x00, 0x02, 0xE0, 0x00, 0x02, 0xE0,
    0x00, 0x02, 0xE0, 0x00, 0x01, 0xF0, 0x00, 0x01, 0xF0, 0x00, 0x00, 0xF0, 0x00, 0x00, 0xF0, 0x00,
    0x02, 0xF0, 0x00, 0xBF, 0xD0, 0x00, 0xBE, 0x00, 0x00, 0x0B, 0xE0, 0x0F, 0x4B, 0xFF, 0x03, 0xC3,
    0xC3, 0xF0, 0xF0, 0xF0, 0x3F, 0xF8, 0x7C, 0x02, 0xF8, 0x00, 0x3F, 0x1F, 0xD3, 0xF0, 0x00, 0x00,
    0x0B, 0x82, 0xE0, 0xB8, 0x2E, 0x0B, 0x82, 0xE0, 0xB8, 0x2E, 0x0B, 0x83, 0xE0, 0xFC, 0x3F, 0x0F,
    0xC0, 0x00, 0x34, 0x00, 0x00, 0x34, 0x00, 0x00, 0x34, 0x00, 0x01, 0xB9, 0x00, 0x0F, 0xFF, 0xD0,
    0x3F, 0xBB, 0xF4, 0x7C, 0x34, 0xFC, 0xB8, 0x34, 0x7C, 0xF4, 0x34, 0x00, 0xF4, 0x34, 0x00, 0xF4,
    0x34, 0x00, 0xF4, 0x34, 0x00, 0xF4, 0x34, 0x00, 0xB8, 0x34, 0x7C, 0x7C, 0x34, 0xBC, 0x3F, 0xBA,
    0xF4, 0x0F, 0xFF, 0xD0, 0x01, 0xBE, 0x00, 0x00, 0x34, 0x00, 0x00, 0x34, 0x00, 0x00, 0x34, 0x00,
    0x01, 0xFF, 0x90, 0x02, 0xFF, 0xFE, 0x01, 0xF8, 0x0B, 0xD0, 0xF8, 0x00, 0xBC, 0x3D, 0x00, 0x05,
    0x0B, 0x80, 0x00, 0x00, 0xF0, 0x00, 0x00, 0x2F, 0x00, 0x00, 0x3F, 0xFF, 0xF0, 0x0F, 0xFF, 0xFC,
    0x00, 0x1F, 0x00, 0x00, 0x07, 0xC0, 0x00, 0x02, 0xE0, 0x00, 0x01, 0xF4, 0x00, 0x00, 0xF8, 0x00,
    0x00, 0xF8, 0x00, 0x00, 0x3F, 0xFF, 0xFF, 0x4F, 0xFF, 0xFF, 0xD0, 0x00, 0x00, 0x00, 0x1E, 0x00,
    0x01, 0xCB, 0xE7, 0xF9, 0xF8, 0xBF, 0xFF, 0xFC, 0x0F, 0x80, 0xBC, 0x03, 0xC0, 0x0F, 0x01, 0xD0,
    0x01, 0xD0, 0xB0, 0x00, 0x78, 0x1D, 0x00, 0x1D, 0x03, 0xC0, 0x0F, 0x00, 0xF8, 0x0B, 0xC0, 0xBF,
    0xFF, 0xF8, 0xBE, 0xBF, 0xAF, 0x9E, 0x00, 0x02, 0xD0, 0x00, 0x00, 0x00, 0x3E, 0x00, 0x01, 0xF0,
    0x7C, 0x00, 0x0F, 0x40, 0xF8, 0x00, 0x7C, 0x01, 0xF0, 0x03, 0xD0, 0x03, 0xE0, 0x1F, 0x00, 0x07,
    0xC0, 0xF4, 0x00, 0x0F, 0x87, 0xC0, 0x00, 0x1F, 0x3D, 0x00, 0x00, 0x3F, 0xF0, 0x00, 0xBF, 0xFF,
    0xFF, 0x82, 0xFF, 0xFF, 0xFE, 0x00, 0x02, 0xE0, 0x00, 0x00, 0x0B, 0x80, 0x00, 0xBF, 0xFF, 0xFF,
    0x82, 0xFF, 0xFF, 0xFE, 0x00, 0x02, 0xE0, 0x00, 0x00, 0x0B, 0x80, 0x00, 0x00, 0x2E, 0x00, 0x00,
    0xBA, 0xEB, 0xAE, 0xBA, 0xEB, 0xAE, 0xB8, 0x00, 0x00, 0x00, 0x0B, 0xAE, 0xBA, 0xEB, 0xAE, 0xBA,
    0xEB, 0x80, 0x01, 0xFF, 0xE0, 0x03, 0xFF, 0xFF, 0x01, 0xF4, 0x07, 0xE0, 0xB8, 0x00, 0x64, 0x2E,
    0x00, 0x00, 0x07, 0xC0, 0x00, 0x00, 0xFF, 0x90, 0x00, 0x0B, 0xFF, 0xC0, 0x0F, 0x00, 0x7C, 0x0B,
    0x80, 0x0B, 0x83, 0xD0, 0x01, 0xF0, 0xF8, 0x00, 0x7C, 0x1F, 0x40, 0x3E, 0x03, 0xFF, 0xBE, 0x00,
    0x2F, 0xFF, 0x40, 0x00, 0x5B, 0xF4, 0x00, 0x00, 0x3F, 0x00, 0x00, 0x07, 0xC3, 0xD0, 0x01, 0xF0,
    0xFD, 0x01, 0xF8, 0x1F, 0xFF, 0xFC, 0x00, 0xBF, 0xF8, 0x00, 0x7C, 0x0F, 0x7F, 0x47, 0xF7, 0xC0,
    0xF4, 0x00, 0x00, 0x00, 0x00, 0x6F, 0xE4, 0x00, 0xF9, 0x1B, 0xC0, 0xB0, 0x00, 0x38, 0x70, 0x00,
    0x03, 0x6C, 0x0F, 0xD0, 0xEE, 0x0E, 0x2D, 0x2F, 0x87, 0x03, 0x8B, 0xE2, 0xC0, 0x02, 0xF8, 0xB0,
    0x00, 0xBE, 0x2C, 0x00, 0x2F, 0x87, 0x02, 0x4B, 0xA0, 0xE1, 0xD2, 0x9C, 0x1F, 0xE0, 0xD3, 0xC0,
    0x00, 0xF0, 0x3D, 0x01, 0xF0, 0x02, 0xFF, 0xE0, 0x00, 0x00, 0x00, 0x00, 0x06, 0x40, 0xBF, 0xC2,
    0x43, 0x42, 0xAE, 0x7F, 0xFA, 0xC0, 0xE7, 0xAF, 0x8B, 0xDA, 0x00, 0x3E, 0x03, 0xE0, 0x02, 0xF0,
    0x2F, 0x00, 0x1F, 0x02, 0xF0, 0x01, 0xF4, 0x1F, 0x00, 0x0F, 0x40, 0xF4, 0x00, 0xF8, 0x0F, 0x80,
    0x03, 0xE0, 0x3E, 0x00, 0x03, 0xE0, 0x3D, 0x00, 0x07, 0xD0, 0x7D, 0x00, 0x07, 0xC0, 0xBC, 0x00,
    0x0B, 0xC0, 0xBC, 0x00, 0x0F, 0x80, 0xF8, 0xBF, 0xFF, 0xFA, 0xFF, 0xFF, 0xE0, 0x00, 0x0B, 0x80,
    0x00, 0x2E, 0x00, 0x00, 0xB4, 0xBF, 0xFF, 0xAF, 0xFF, 0xE0, 0x01, 0xBF, 0x90, 0x02, 0xE4, 0x6E,
    0x02, 0xC0, 0x00, 0xE1, 0xC0, 0x00, 0x0D, 0xB0, 0xFF, 0x43, 0xB8, 0x74, 0xB0, 0xBE, 0x1D, 0x0D,
    0x2F, 0x87, 0x47, 0x4B, 0xE1, 0xFF, 0x82, 0xF8, 0x75, 0xD0, 0xBE, 0x1D, 0x38, 0x2E, 0x87, 0x47,
    0x0A, 0x70, 0x80, 0x93, 0x4E, 0x00, 0x02, 0xC0, 0xF4, 0x07, 0xC0, 0x0B, 0xFF, 0x80, 0x00, 0x00,
    0x00, 0x00, 0xBF, 0xFF, 0xAF, 0xFF, 0xE0, 0x07, 0xF4, 0x0B, 0xFF, 0x43, 0xD1, 0xF0, 0xD0, 0x1C,
    0x34, 0x07, 0x0F, 0x47, 0xC1, 0xFF, 0xD0, 0x1F, 0xD0, 0x00, 0x19, 0x00, 0x00, 0x0B, 0x80, 0x00,
    0x02, 0xE0, 0x00, 0x00, 0xB8, 0x00, 0x00, 0x2E, 0x00, 0x00, 0x0B, 0x80, 0x07, 0xFF, 0xFF, 0xF5,
    0xFF, 0xFF, 0xFD, 0x00, 0x2E, 0x00, 0x00, 0x0B, 0x80, 0x00, 0x02, 0xE0, 0x00, 0x00, 0xB8, 0x00,
    0x00, 0x2E, 0x00, 0x0F, 0xFF, 0xFF, 0xC7, 0xFF, 0xFF, 0xF4, 0x07, 0xF8, 0x0B, 0xEF, 0x83, 0xC0,
    0xB0, 0x90, 0x1D, 0x00, 0x0F, 0x00, 0x0B, 0x40, 0x0F, 0x40, 0x0F, 0x40, 0x1F, 0x00, 0x0F, 0xAA,
    0x93, 0xFF, 0xF4, 0x3F, 0xFF, 0x0A, 0xAB, 0xC0, 0x03, 0xD0, 0x07, 0xC0, 0x02, 0xF8, 0x00, 0x1B,
    0xC0, 0x00, 0xB5, 0x80, 0x1E, 0x78, 0x0B, 0x4F, 0xEF, 0xC0, 0xBF, 0x80, 0x01, 0x90, 0x7C, 0x0F,
    0x43, 0xD0, 0xB8, 0x00, 0xBA, 0xE0, 0x02, 0xEB, 0x80, 0x0B, 0xAE, 0x00, 0x2E, 0xB8, 0x00, 0xBA,
    0xE0, 0x02, 0xEB, 0x80, 0x0B, 0xAE, 0x00, 0x2E, 0xB8, 0x00, 0xBA, 0xE0, 0x02, 0xEB, 0xC0, 0x0F,
    0xAF, 0x80, 0xFE, 0xBB, 0xFF, 0xBA, 0xE7, 0xF6, 0xEB, 0x80, 0x00, 0x2E, 0x00, 0x00, 0xB8, 0x00,
    0x02, 0xE0, 0x00, 0x00, 0x06, 0xFD, 0x1E, 0x1F, 0xFD, 0x1E, 0x3F, 0xFD, 0x1E, 0x7F, 0xFD, 0x1E,
    0x7F, 0xFD, 0x1E, 0x7F, 0xFD, 0x1E, 0x7F, 0xFD, 0x1E, 0x3F, 0xFD, 0x1E, 0x1F, 0xFD, 0x1E, 0x06,
    0xFD, 0x1E, 0x00, 0x2D, 0x1E, 0x00, 0x2D, 0x1E, 0x00, 0x2D, 0x1E, 0x00, 0x2D, 0x1E, 0x00, 0x2D,
    0x1E, 0x00, 0x2D, 0x1E, 0x00, 0x2D, 0x1E, 0x00, 0x2D, 0x1E, 0x00, 0x2D, 0x1E, 0x00, 0x2D, 0x1E,
    0x00, 0x2D, 0x1E, 0x00, 0x2D, 0x1E, 0x2E, 0x1F, 0xD7, 0xF4, 0xB8, 0x38, 0x07, 0x90, 0x07, 0xC0,
    0x3C, 0xFF, 0x40, 0x00, 0x03, 0xF0, 0x0B, 0xFC, 0x03, 0x8B, 0x00, 0x02, 0xC0, 0x00, 0xB0, 0x00,
    0x2C, 0x00, 0x0B, 0x00, 0x02, 0xC0, 0x00, 0xB0, 0x0A, 0xBE, 0xA7, 0xFF, 0xFC, 0x06, 0x40, 0xFF,
    0xC7, 0x47, 0x5C, 0x0D, 0x70, 0x35, 0xC0, 0xD3, 0xEF, 0x07, 0xF4, 0x2F, 0x03, 0xF0, 0x00, 0x3E,
    0x03, 0xE0, 0x00, 0x3D, 0x03, 0xD0, 0x00, 0x7D, 0x07, 0xD0, 0x00, 0x7C, 0x0B, 0xC0, 0x00, 0xBC,
    0x0B, 0xC0, 0x02, 0xF0, 0x3F, 0x00, 0x1F, 0x02, 0xF0, 0x01, 0xF4, 0x1F, 0x40, 0x0F, 0x80, 0xF4,
    0x00, 0xF8, 0x0F, 0x80, 0x0B, 0xC0, 0xBC, 0x00, 0x01, 0x80, 0x00, 0x24, 0x3F, 0x00, 0x03, 0xC2,
    0xDC, 0x00, 0x2E, 0x08, 0x70, 0x00, 0xF0, 0x01, 0xC0, 0x0F, 0x00, 0x07, 0x00, 0x74, 0x00, 0x1C,
    0x03, 0xC0, 0x00, 0x70, 0x2C, 0x00, 0x7F, 0xFF, 0xD0, 0x00, 0x00, 0x1E, 0x00, 0x00, 0x00, 0xF0,
    0x00, 0x00, 0x0B, 0x41, 0xC0, 0x00, 0x38, 0x1D, 0x00, 0x03, 0xC0, 0xE0, 0x00, 0x2D, 0x0B, 0x0E,
    0x01, 0xE0, 0x74, 0x38, 0x0F, 0x01, 0xFF, 0xE0, 0xF4, 0x00, 0x03, 0x8B, 0x80, 0x00, 0x0E, 0x00,
    0x01, 0x40, 0x00, 0x10, 0x2F, 0x00, 0x03, 0xD2, 0xDC, 0x00, 0x1E, 0x08, 0x70, 0x00, 0xF0, 0x01,
    0xC0, 0x0B, 0x40, 0x07, 0x00, 0x78, 0x00, 0x1C, 0x03, 0xC0, 0x00, 0x70, 0x2C, 0x00, 0x3F, 0xFF,
    0xE0, 0x00, 0x00, 0x1F, 0x00, 0x00, 0x00, 0xF0, 0x00, 0x00, 0x0B, 0x4B, 0xE0, 0x00, 0x3C, 0xB5,
    0xE0, 0x03, 0xC3, 0x41, 0xC0, 0x2D, 0x00, 0x0B, 0x01, 0xE0, 0x00, 0xB4, 0x0F, 0x00, 0x1F, 0x40,
    0xB4, 0x02, 0xD0, 0x07, 0x80, 0x0F, 0xFF, 0x00, 0x00, 0x00, 0x00, 0x00, 0x00, 0x00, 0x00, 0xFF,
    0xE0, 0x02, 0xE0, 0x0B, 0x40, 0x1F, 0x00, 0xB0, 0x00, 0xF0, 0x02, 0xF0, 0x0B, 0x40, 0x00, 0xF0,
    0x78, 0x07, 0x02, 0xC3, 0xC0, 0x0E, 0x0F, 0x3D, 0x00, 0x1F, 0xF2, 0xE0, 0x00, 0x00, 0x0F, 0x00,
    0x00, 0x00, 0xF0, 0x00, 0x00, 0x0B, 0x42, 0xC0, 0x00, 0x7C, 0x1D, 0x00, 0x03, 0xC0, 0xE0, 0x00,
    0x2D, 0x0F, 0x0E, 0x01, 0xE0, 0x74, 0x38, 0x0F, 0x01, 0xFF, 0xE0, 0xF4, 0x00, 0x03, 0x8B, 0x80,
    0x00, 0x0E, 0x00, 0x00, 0x2F, 0x00, 0x03, 0xF8, 0x00, 0x2F, 0x00, 0x00, 0x00, 0x00, 0x00, 0x00,
    0x01, 0xF0, 0x00, 0x1F, 0x00, 0x1B, 0xF0, 0x0B, 0xFF, 0x01, 0xF8, 0x00, 0x3E, 0x00, 0x03, 0xD0,
    0x00, 0x3C, 0x00, 0x03, 0xD0, 0x00, 0x3E, 0x00, 0x01, 0xF8, 0x00, 0x07, 0xFF, 0xF0, 0x0B, 0xFF,
    0x01, 0x80, 0x00, 0x00, 0x7C, 0x00, 0x00, 0x0B, 0xC0, 0x00, 0x00, 0xB8, 0x00, 0x00, 0x00, 0x00,
    0x00, 0x00, 0x00, 0x00, 0x03, 0xF0, 0x00, 0x01, 0xFD, 0x00, 0x00, 0xBB, 0x80, 0x00, 0x3D, 0xF0,
    0x00, 0x0F, 0x3C, 0x00, 0x07, 0x8B, 0x40, 0x02, 0xD1, 0xE0, 0x00, 0xF0, 0x3C, 0x00, 0x3C, 0x0F,
    0x40, 0x2E, 0x02, 0xE0, 0x0F, 0x40, 0x7C, 0x03, 0xFF, 0xFF, 0x01, 0xFF, 0xFF, 0xD0, 0xB8, 0x00,
    0xB8, 0x3D, 0x00, 0x1F, 0x0F, 0x00, 0x03, 0xC7, 0xC0, 0x00, 0xF6, 0xE0, 0x00, 0x2E, 0x00, 0x00,
    0x90, 0x00, 0x00, 0xF4, 0x00, 0x00, 0xF8, 0x00, 0x00, 0xB8, 0x00, 0x00, 0x00, 0x00, 0x00, 0x00,
    0x00, 0x00, 0x03, 0xF0, 0x00, 0x01, 0xFD, 0x00, 0x00, 0xBB, 0x80, 0x00, 0x3D, 0xF0, 0x00, 0x0F,
    0x3C, 0x00, 0x07, 0x8B, 0x40, 0x02, 0xD1, 0xE0, 0x00, 0xF0, 0x3C, 0x00, 0x3C, 0x0F, 0x40, 0x2E,
    0x02, 0xE0, 0x0F, 0x40, 0x7C, 0x03, 0xFF, 0xFF, 0x01, 0xFF, 0xFF, 0xD0, 0xB8, 0x00, 0xB8, 0x3D,
    0x00, 0x1F, 0x0F, 0x00, 0x03, 0xC7, 0xC0, 0x00, 0xF6, 0xE0, 0x00, 0x2E, 0x00, 0x19, 0x00, 0x00,
    0x2F, 0xE0, 0x00, 0x2F, 0x7E, 0x00, 0x2F, 0x03, 0xE0, 0x00, 0x00, 0x00, 0x00, 0x00, 0x00, 0x00,
    0x03, 0xF0, 0x00, 0x01, 0xFD, 0x00, 0x00, 0xBB, 0x80, 0x00, 0x3D, 0xF0, 0x00, 0x0F, 0x3C, 0x00,
    0x07, 0x8B, 0x40, 0x02, 0xD1, 0xE0, 0x00, 0xF0, 0x3C, 0x00, 0x3C, 0x0F, 0x40, 0x2E, 0x02, 0xE0,
    0x0F, 0x40, 0x7C, 0x03, 0xFF, 0xFF, 0x01, 0xFF, 0xFF, 0xD0, 0xB8, 0x00, 0xB8, 0x3D, 0x00, 0x1F,
    0x0F, 0x00, 0x03, 0xC7, 0xC0, 0x00, 0xF6, 0xE0, 0x00, 0x2E, 0x02, 0xF4, 0x34, 0x01, 0xEB, 0xAD,
    0x00, 0x70, 0x7E, 0x00, 0x00, 0x00, 0x00, 0x00, 0x00, 0x00, 0x00, 0x0F, 0xC0, 0x00, 0x07, 0xF4,
    0x00, 0x02, 0xEE, 0x00, 0x00, 0xF7, 0xC0, 0x00, 0x3C, 0xF0, 0x00, 0x1E, 0x2D, 0x00, 0x0B, 0x47,
    0x80, 0x03, 0xC0, 0xF0, 0x00, 0xF0, 0x3D, 0x00, 0xB8, 0x0B, 0x80, 0x3D, 0x01, 0xF0, 0x0F, 0xFF,
    0xFC, 0x07, 0xFF, 0xFF, 0x42, 0xE0, 0x02, 0xE0, 0xF4, 0x00, 0x7C, 0x3C, 0x00, 0x0F, 0x1F, 0x00,
    0x03, 0xDB, 0x80, 0x00, 0xB8, 0x07, 0xC0, 0xF4, 0x03, 0xF4, 0x7F, 0x00, 0x7C, 0x0F, 0x40, 0x00,
    0x00, 0x00, 0x00, 0x00, 0x00, 0x00, 0x0F, 0xC0, 0x00, 0x07, 0xF4, 0x00, 0x02, 0xEE, 0x00, 0x00,
    0xF7, 0xC0, 0x00, 0x3C, 0xF0, 0x00, 0x1E, 0x2D, 0x00, 0x0B, 0x47, 0x80, 0x03, 0xC0, 0xF0, 0x00,
    0xF0, 0x3D, 0x00, 0xB8, 0x0B, 0x80, 0x3D, 0x01, 0xF0, 0x0F, 0xFF, 0xFC, 0x07, 0xFF, 0xFF, 0x42,
    0xE0, 0x02, 0xE0, 0xF4, 0x00, 0x7C, 0x3C, 0x00, 0x0F, 0x1F, 0x00, 0x03, 0xDB, 0x80, 0x00, 0xB8,
    0x00, 0x7F, 0x40, 0x00, 0x38, 0xB0, 0x00, 0x1C, 0x0D, 0x00, 0x07, 0x47, 0x40, 0x00, 0xBF, 0x80,
    0x00, 0x00, 0x00, 0x00, 0x03, 0xF0, 0x00, 0x01, 0xFD, 0x00, 0x00, 0xBB, 0x80, 0x00, 0x3D, 0xF0,
    0x00, 0x0F, 0x3C, 0x00, 0x07, 0x8B, 0x40, 0x02, 0xD1, 0xE0, 0x00, 0xF0, 0x3C, 0x00, 0x3C, 0x0F,
    0x40, 0x2E, 0x02, 0xE0, 0x0F, 0x40, 0x7C, 0x03, 0xFF, 0xFF, 0x01, 0xFF, 0xFF, 0xD0, 0xB8, 0x00,
    0xB8, 0x3D, 0x00, 0x1F, 0x0F, 0x00, 0x03, 0xC7, 0xC0, 0x00, 0xF6, 0xE0, 0x00, 0x2E, 0x00, 0xBF,
    0xFF, 0xF4, 0x03, 0xFF, 0xFF, 0xD0, 0x0F, 0x1E, 0x00, 0x00, 0x7C, 0x78, 0x00, 0x02, 0xE1, 0xE0,
    0x00, 0x0B, 0x47, 0x80, 0x00, 0x3D, 0x1E, 0x00, 0x00, 0xF0, 0x78, 0x00, 0x07, 0xC1, 0xFF, 0xE0,
    0x2E, 0x07, 0xFF, 0x80, 0xB4, 0x1E, 0x00, 0x03, 0xFF, 0xF8, 0x00, 0x0F, 0xFF, 0xE0, 0x00, 0x7C,
    0x07, 0x80, 0x02, 0xE0, 0x1E, 0x00, 0x0B, 0x80, 0x78, 0x00, 0x3D, 0x01, 0xFF, 0xF4, 0xF0, 0x07,
    0xFF, 0xD0, 0x02, 0xFF, 0x40, 0x1F, 0xFF, 0xE0, 0x3E, 0x02, 0xF4, 0x7C, 0x00, 0xBC, 0xB8, 0x00,
    0x7C, 0xB8, 0x00, 0x00, 0xB8, 0x00, 0x00, 0xB8, 0x00, 0x00, 0xB8, 0x00, 0x00, 0xB8, 0x00, 0x00,
    0xB8, 0x00, 0x00, 0xB8, 0x00, 0x00, 0xB8, 0x00, 0x00, 0xB8, 0x00, 0x7C, 0xBC, 0x00, 0xBC, 0x3E,
    0x02, 0xF4, 0x1F, 0xFF, 0xE0, 0x02, 0xFF, 0x40, 0x00, 0xE0, 0x00, 0x00, 0xFD, 0x00, 0x00, 0x0F,
    0x00, 0x00, 0x0F, 0x00, 0x02, 0xFD, 0x00, 0x00, 0x00, 0x00, 0x06, 0x40, 0x00, 0x0F, 0x40, 0x00,
    0x1F, 0x00, 0x00, 0x1F, 0x00, 0x00, 0x00, 0x00, 0x00, 0x00, 0x0B, 0xFF, 0xFF, 0xEF, 0xFF, 0xFF,
    0xB8, 0x00, 0x02, 0xE0, 0x00, 0x0B, 0x80, 0x00, 0x2E, 0x00, 0x00, 0xB8, 0x00, 0x02, 0xFF, 0xFF,
    0xCB, 0xFF, 0xFF, 0x2E, 0x00, 0x00, 0xB8, 0x00, 0x02, 0xE0, 0x00, 0x0B, 0x80, 0x00, 0x2E, 0x00,
    0x00, 0xB8, 0x00, 0x02, 0xE0, 0x00, 0x0B, 0xFF, 0xFF, 0xEF, 0xFF, 0xFF, 0x00, 0x02, 0x40, 0x00,
    0x3E, 0x00, 0x02, 0xF0, 0x00, 0x1F, 0x00, 0x00, 0x00, 0x00, 0x00, 0x00, 0x0B, 0xFF, 0xFF, 0xEF,
    0xFF, 0xFF, 0xB8, 0x00, 0x02, 0xE0, 0x00, 0x0B, 0x80, 0x00, 0x2E, 0x00, 0x00, 0xB8, 0x00, 0x02,
    0xFF, 0xFF, 0xCB, 0xFF, 0xFF, 0x2E, 0x00, 0x00, 0xB8, 0x00, 0x02, 0xE0, 0x00, 0x0B, 0x80, 0x00,
    0x2E, 0x00, 0x00, 0xB8, 0x00, 0x02, 0xE0, 0x00, 0x0B, 0xFF, 0xFF, 0xEF, 0xFF, 0xFF, 0x00, 0x64,
    0x00, 0x07, 0xF8, 0x00, 0x7D, 0xB8, 0x07, 0xD0, 0xB8, 0x00, 0x00, 0x00, 0x00, 0x00, 0x0B, 0xFF,
    0xFF, 0xEF, 0xFF, 0xFF, 0xB8, 0x00, 0x02, 0xE0, 0x00, 0x0B, 0x80, 0x00, 0x2E, 0x00, 0x00, 0xB8,
    0x00, 0x02, 0xFF, 0xFF, 0xCB, 0xFF, 0xFF, 0x2E, 0x00, 0x00, 0xB8, 0x00, 0x02, 0xE0, 0x00, 0x0B,
    0x80, 0x00, 0x2E, 0x00, 0x00, 0xB8, 0x00, 0x02, 0xE0, 0x00, 0x0B, 0xFF, 0xFF, 0xEF, 0xFF, 0xFF,
    0x0F, 0x02, 0xE0, 0xBE, 0x0F, 0xC0, 0xF0, 0x2E, 0x00, 0x00, 0x00, 0x00, 0x00, 0x02, 0xFF, 0xFF,
    0xFB, 0xFF, 0xFF, 0xEE, 0x00, 0x00, 0xB8, 0x00, 0x02, 0xE0, 0x00, 0x0B, 0x80, 0x00, 0x2E, 0x00,
    0x00, 0xBF, 0xFF, 0xF2, 0xFF, 0xFF, 0xCB, 0x80, 0x00, 0x2E, 0x00, 0x00, 0xB8, 0x00, 0x02, 0xE0,
    0x00, 0x0B, 0x80, 0x00, 0x2E, 0x00, 0x00, 0xB8, 0x00, 0x02, 0xFF, 0xFF, 0xFB, 0xFF, 0xFF, 0xC0,
    0x06, 0x00, 0x00, 0x1F, 0x00, 0x00, 0x2F, 0x00, 0x00, 0x2E, 0x00, 0x00, 0x00, 0x00, 0x00, 0x00,
    0x07, 0xFF, 0xFF, 0x5F, 0xFF, 0xFD, 0x00, 0xB8, 0x00, 0x02, 0xE0, 0x00, 0x0B, 0x80, 0x00, 0x2E,
    0x00, 0x00, 0xB8, 0x00, 0x02, 0xE0, 0x00, 0x0B, 0x80, 0x00, 0x2E, 0x00, 0x00, 0xB8, 0x00, 0x02,
    0xE0, 0x00, 0x0B, 0x80, 0x00, 0x2E, 0x00, 0x00, 0xB8, 0x00, 0x02, 0xE0, 0x07, 0xFF, 0xFF, 0x5F,
    0xFF, 0xFD, 0x00, 0x02, 0x40, 0x00, 0x3D, 0x00, 0x03, 0xE0, 0x00, 0x2E, 0x00, 0x00, 0x00, 0x00,
    0x00, 0x00, 0x07, 0xFF, 0xFF, 0x5F, 0xFF, 0xFD, 0x00, 0xB8, 0x00, 0x02, 0xE0, 0x00, 0x0B, 0x80,
    0x00, 0x2E, 0x00, 0x00, 0xB8, 0x00, 0x02, 0xE0, 0x00, 0x0B, 0x80, 0x00, 0x2E, 0x00, 0x00, 0xB8,
    0x00, 0x02, 0xE0, 0x00, 0x0B, 0x80, 0x00, 0x2E, 0x00, 0x00, 0xB8, 0x00, 0x02, 0xE0, 0x07, 0xFF,
    0xFF, 0x5F, 0xFF, 0xFD, 0x00, 0x64, 0x00, 0x0B, 0xF8, 0x00, 0xBD, 0xF8, 0x0B, 0xC0, 0xF8, 0x00,
    0x00, 0x00, 0x00, 0x00, 0x07, 0xFF, 0xFF, 0x5F, 0xFF, 0xFD, 0x00, 0xB8, 0x00, 0x02, 0xE0, 0x00,
    0x0B, 0x80, 0x00, 0x2E, 0x00, 0x00, 0xB8, 0x00, 0x02, 0xE0, 0x00, 0x0B, 0x80, 0x00, 0x2E, 0x00,
    0x00, 0xB8, 0x00, 0x02, 0xE0, 0x00, 0x0B, 0x80, 0x00, 0x2E, 0x00, 0x00, 0xB8, 0x00, 0x02, 0xE0,
    0x07, 0xFF, 0xFF, 0x5F, 0xFF, 0xFD, 0x1F, 0x03, 0xD0, 0xFD, 0x1F, 0xC1, 0xF0, 0x3D, 0x00, 0x00,
    0x00, 0x00, 0x00, 0x01, 0xFF, 0xFF, 0xD7, 0xFF, 0xFF, 0x40, 0x2E, 0x00, 0x00, 0xB8, 0x00, 0x02,
    0xE0, 0x00, 0x0B, 0x80, 0x00, 0x2E, 0x00, 0x00, 0xB8, 0x00, 0x02, 0xE0, 0x00, 0x0B, 0x80, 0x00,
    0x2E, 0x00, 0x00, 0xB8, 0x00, 0x02, 0xE0, 0x00, 0x0B, 0x80, 0x00, 0x2E, 0x00, 0x00, 0xB8, 0x01,
    0xFF, 0xFF, 0xD7, 0xFF, 0xFF, 0x40, 0x0B, 0xFF, 0xE0, 0x02, 0xFF, 0xFF, 0x00, 0xB8, 0x07, 0xF0,
    0x2E, 0x00, 0x3D, 0x0B, 0x80, 0x0B, 0x82, 0xE0, 0x01, 0xF0, 0xB8, 0x00, 0x7C, 0x2E, 0x00, 0x1F,
    0xFF, 0xFD, 0x07, 0xFF, 0xFF, 0x41, 0xF0, 0xB8, 0x00, 0x7C, 0x2E, 0x00, 0x1F, 0x0B, 0x80, 0x07,
    0xC2, 0xE0, 0x02, 0xE0, 0xB8, 0x00, 0xF4, 0x2E, 0x01, 0xFC, 0x0B, 0xFF, 0xFD, 0x02, 0xFF, 0xF8,
    0x00, 0x0B, 0xD0, 0xD0, 0x7A, 0xEB, 0x41, 0xC1, 0xF8, 0x00, 0x00, 0x00, 0x00, 0x00, 0x03, 0xF4,
    0x01, 0xFF, 0xF0, 0x07, 0xFF, 0xC0, 0x1F, 0xFB, 0x80, 0x7F, 0xDF, 0x01, 0xFF, 0x7C, 0x07, 0xFD,
    0x78, 0x1F, 0xF4, 0xF0, 0x7F, 0xD2, 0xD1, 0xFF, 0x47, 0x87, 0xFD, 0x0F, 0x1F, 0xF4, 0x2D, 0x7F,
    0xD0, 0x3D, 0xFF, 0x40, 0xF7, 0xFD, 0x02, 0xEF, 0xF4, 0x03, 0xFF, 0xD0, 0x0F, 0xFF, 0x40, 0x1F,
    0xC0, 0x06, 0x00, 0x00, 0x1F, 0x00, 0x00, 0x2F, 0x00, 0x00, 0x2E, 0x00, 0x00, 0x00, 0x00, 0x00,
    0x00, 0x00, 0x6F, 0xE4, 0x07, 0xFF, 0xF4, 0x3E, 0x02, 0xF2, 0xF0, 0x03, 0xEB, 0x80, 0x0B, 0xBD,
    0x00, 0x1F, 0xF4, 0x00, 0x7F, 0xD0, 0x01, 0xFF, 0x40, 0x07, 0xFD, 0x00, 0x1F, 0xF4, 0x00, 0x7F,
    0xD0, 0x01, 0xFF, 0x40, 0x07, 0xEE, 0x00, 0x2E, 0xBC, 0x00, 0xF8, 0xF8, 0x0B, 0xC1, 0xFF, 0xFD,
    0x01, 0xBF, 0x90, 0x00, 0x02, 0x40, 0x00, 0x3D, 0x00, 0x03, 0xE0, 0x00, 0x2E, 0x00, 0x00, 0x00,
    0x00, 0x00, 0x00, 0x00, 0x6F, 0xE4, 0x07, 0xFF, 0xF4, 0x3E, 0x02, 0xF2, 0xF0, 0x03, 0xEB, 0x80,
    0x0B, 0xBD, 0x00, 0x1F, 0xF4, 0x00, 0x7F, 0xD0, 0x01, 0xFF, 0x40, 0x07, 0xFD, 0x00, 0x1F, 0xF4,
    0x00, 0x7F, 0xD0, 0x01, 0xFF, 0x40, 0x07, 0xEE, 0x00, 0x2E, 0xBC, 0x00, 0xF8, 0xF8, 0x0B, 0xC1,
    0xFF, 0xFD, 0x01, 0xBF, 0x90, 0x00, 0x64, 0x00, 0x0B, 0xF8, 0x00, 0xBD, 0xF8, 0x0B, 0xC0, 0xF8,
    0x00, 0x00, 0x00, 0x00, 0x00, 0x00, 0x6F, 0xE4, 0x07, 0xFF, 0xF4, 0x3E, 0x02, 0xF2, 0xF0, 0x03,
    0xEB, 0x80, 0x0B, 0xBD, 0x00, 0x1F, 0xF4, 0x00, 0x7F, 0xD0, 0x01, 0xFF, 0x40, 0x07, 0xFD, 0x00,
    0x1F, 0xF4, 0x00, 0x7F, 0xD0, 0x01, 0xFF, 0x40, 0x07, 0xEE, 0x00, 0x2E, 0xBC, 0x00, 0xF8, 0xF8,
    0x0B, 0xC1, 0xFF, 0xFD, 0x01, 0xBF, 0x90, 0x0B, 0xD0, 0xD0, 0x7A, 0xEB, 0x41, 0xC1, 0xF8, 0x00,
    0x00, 0x00, 0x00, 0x00, 0x00, 0x1B, 0xF9, 0x01, 0xFF, 0xFD, 0x0F, 0x80, 0xBC, 0xBC, 0x00, 0xFA,
    0xE0, 0x02, 0xEF, 0x40, 0x07, 0xFD, 0x00, 0x1F, 0xF4, 0x00, 0x7F, 0xD0, 0x01, 0xFF, 0x40, 0x07,
    0xFD, 0x00, 0x1F, 0xF4, 0x00, 0x7F, 0xD0, 0x01, 0xFB, 0x80, 0x0B, 0xAF, 0x00, 0x3E, 0x3E, 0x02,
    0xF0, 0x7F, 0xFF, 0x40, 0x6F, 0xE4, 0x00, 0x1F, 0x03, 0xD0, 0xFD, 0x1F, 0xC1, 0xF0, 0x3D, 0x00,
    0x00, 0x00, 0x00, 0x00, 0x00, 0x1B, 0xF9, 0x01, 0xFF, 0xFD, 0x0F, 0x80, 0xBC, 0xBC, 0x00, 0xFA,
    0xE0, 0x02, 0xEF, 0x40, 0x07, 0xFD, 0x00, 0x1F, 0xF4, 0x00, 0x7F, 0xD0, 0x01, 0xFF, 0x40, 0x07,
    0xFD, 0x00, 0x1F, 0xF4, 0x00, 0x7F, 0xD0, 0x01, 0xFB, 0x80, 0x0B, 0xAF, 0x00, 0x3E, 0x3E, 0x02,
    0xF0, 0x7F, 0xFF, 0x40, 0x6F, 0xE4, 0x00, 0x00, 0x00, 0x00, 0x90, 0x02, 0x83, 0xD0, 0x2F, 0x03,
    0xD2, 0xF0, 0x03, 0xFF, 0x00, 0x03, 0xF0, 0x00, 0x2F, 0xD0, 0x02, 0xF7, 0xD0, 0x2F, 0x03, 0xD0,
    0xF0, 0x03, 0xC0, 0x00, 0x00, 0x00, 0x00, 0x00, 0x00, 0xF0, 0x01, 0xBF, 0x9B, 0x40, 0x1F, 0xFF,
    0xFC, 0x00, 0xF8, 0x0B, 0xE0, 0x0B, 0xC0, 0x0F, 0x80, 0x3E, 0x00, 0xBE, 0x00, 0xF4, 0x07, 0xFC,
    0x03, 0xD0, 0x3E, 0xF0, 0x0F, 0x42, 0xE7, 0xC0, 0x3D, 0x0F, 0x1F, 0x00, 0xF4, 0xB4, 0x7C, 0x03,
    0xD7, 0xC1, 0xF0, 0x0F, 0x7C, 0x07, 0xC0, 0x3F, 0xE0, 0x1F, 0x00, 0xBF, 0x00, 0xBC, 0x02, 0xF4,
    0x03, 0xE0, 0x07, 0xE0, 0x2F, 0x00, 0x3F, 0xFF, 0xF4, 0x02, 0xE6, 0xFE, 0x40, 0x05, 0x00, 0x00,
    0x00, 0x06, 0x00, 0x00, 0x1F, 0x00, 0x00, 0x2F, 0x00, 0x00, 0x2E, 0x00, 0x00, 0x00, 0x00, 0x00,
    0x00, 0x0F, 0x80, 0x0B, 0xFE, 0x00, 0x2F, 0xF8, 0x00, 0xBF, 0xE0, 0x02, 0xFF, 0x80, 0x0B, 0xFE,
    0x00, 0x2F, 0xF8, 0x00, 0xBF, 0xE0, 0x02, 0xFF, 0x80, 0x0B, 0xFE, 0x00, 0x2F, 0xF8, 0x00, 0xBF,
    0xE0, 0x02, 0xFB, 0x80, 0x0B, 0xAE, 0x00, 0x2E, 0xBC, 0x00, 0xF8, 0xF8, 0x0B, 0xC1, 0xFF, 0xFD,
    0x01, 0xBF, 0x90, 0x00, 0x02, 0x40, 0x00, 0x3D, 0x00, 0x03, 0xE0, 0x00, 0x2E, 0x00, 0x00, 0x00,
    0x00, 0x00, 0x00, 0x0F, 0x80, 0x0B, 0xFE, 0x00, 0x2F, 0xF8, 0x00, 0xBF, 0xE0, 0x02, 0xFF, 0x80,
    0x0B, 0xFE, 0x00, 0x2F, 0xF8, 0x00, 0xBF, 0xE0, 0x02, 0xFF, 0x80, 0x0B, 0xFE, 0x00, 0x2F, 0xF8,
    0x00, 0xBF, 0xE0, 0x02, 0xFB, 0x80, 0x0B, 0xAE, 0x00, 0x2E, 0xBC, 0x00, 0xF8, 0xF8, 0x0B, 0xC1,
    0xFF, 0xFD, 0x01, 0xBF, 0x90, 0x00, 0x64, 0x00, 0x0B, 0xF8, 0x00, 0xBD, 0xF8, 0x0B, 0xC0, 0xF8,
    0x00, 0x00, 0x00, 0x00, 0x00, 0x0F, 0x80, 0x0B, 0xFE, 0x00, 0x2F, 0xF8, 0x00, 0xBF, 0xE0, 0x02,
    0xFF, 0x80, 0x0B, 0xFE, 0x00, 0x2F, 0xF8, 0x00, 0xBF, 0xE0, 0x02, 0xFF, 0x80, 0x0B, 0xFE, 0x00,
    0x2F, 0xF8, 0x00, 0xBF, 0xE0, 0x02, 0xFB, 0x80, 0x0B, 0xAE, 0x00, 0x2E, 0xBC, 0x00, 0xF8, 0xF8,
    0x0B, 0xC1, 0xFF, 0xFD, 0x01, 0xBF, 0x90, 0x1F, 0x03, 0xD0, 0xFD, 0x1F, 0xC1, 0xF0, 0x3D, 0x00,
    0x00, 0x00, 0x00, 0x00, 0x03, 0xE0, 0x02, 0xFF, 0x80, 0x0B, 0xFE, 0x00, 0x2F, 0xF8, 0x00, 0xBF,
    0xE0, 0x02, 0xFF, 0x80, 0x0B, 0xFE, 0x00, 0x2F, 0xF8, 0x00, 0xBF, 0xE0, 0x02, 0xFF, 0x80, 0x0B,
    0xFE, 0x00, 0x2F, 0xF8, 0x00, 0xBE, 0xE0, 0x02, 0xEB, 0x80, 0x0B, 0xAF, 0x00, 0x3E, 0x3E, 0x02,
    0xF0, 0x7F, 0xFF, 0x40, 0x6F, 0xE4, 0x00, 0x00, 0x00, 0x24, 0x00, 0x00, 0x03, 0xD0, 0x00, 0x00,
    0x3E, 0x00, 0x00, 0x02, 0xE0, 0x00, 0x00, 0x00, 0x00, 0x00, 0x00, 0x00, 0x00, 0x03, 0xE0, 0x00,
    0x1F, 0x07, 0xC0, 0x00, 0xF4, 0x0F, 0x40, 0x07, 0xC0, 0x1F, 0x00, 0x3D, 0x00, 0x3D, 0x01, 0xF0,
    0x00, 0x7C, 0x0F, 0x40, 0x00, 0xF4, 0x7C, 0x00, 0x01, 0xF3, 0xD0, 0x00, 0x03, 0xEF, 0x00, 0x00,
    0x07, 0xF4, 0x00, 0x00, 0x0F, 0xC0, 0x00, 0x00, 0x2E, 0x00, 0x00, 0x00, 0xB8, 0x00, 0x00, 0x02,
    0xE0, 0x00, 0x00, 0x0B, 0x80, 0x00, 0x00, 0x2E, 0x00, 0x00, 0x00, 0xB8, 0x00, 0x00, 0x02, 0xE0,
    0x00, 0xF8, 0x00, 0x00, 0xF8, 0x00, 0x00, 0xF8, 0x00, 0x00, 0xFF, 0xFF, 0x80, 0xFF, 0xFF, 0xF4,
    0xF8, 0x00, 0xFC, 0xF8, 0x00, 0x3E, 0xF8, 0x00, 0x2E, 0xF8, 0x00, 0x2E, 0xF8, 0x00, 0x3E, 0xF8,
    0x00, 0xFC, 0xFF, 0xFF, 0xF4, 0xFF, 0xFF, 0x80, 0xF8, 0x00, 0x00, 0xF8, 0x00, 0x00, 0xF8, 0x00,
    0x00, 0xF8, 0x00, 0x00, 0xF8, 0x00, 0x00, 0x02, 0xFE, 0x40, 0x1F, 0xFF, 0xE0, 0x3F, 0x02, 0xF4,
    0x7C, 0x00, 0xB8, 0xB8, 0x00, 0x7C, 0xB8, 0x00, 0xB8, 0xB8, 0x02, 0xF0, 0xB8, 0xBF, 0x80, 0xB8,
    0xBF, 0xD0, 0xB8, 0x01, 0xF4, 0xB8, 0x00, 0x7C, 0xB8, 0x00, 0x3C, 0xB8, 0x00, 0x3D, 0xB8, 0x00,
    0x3D, 0xB8, 0x00, 0xBC, 0xB8, 0x02, 0xF8, 0xB8, 0xBF, 0xF0, 0xB8, 0xBF, 0x40, 0x01, 0x90, 0x00,
    0x01, 0xF0, 0x00, 0x00, 0x7C, 0x00, 0x00, 0x2F, 0x00, 0x00, 0x00, 0x00, 0x00, 0x00, 0x00, 0x01,
    0xBF, 0x90, 0x0B, 0xFF, 0xF8, 0x1F, 0x40, 0x7D, 0x15, 0x00, 0x2E, 0x00, 0x00, 0x2E, 0x02, 0xFF,
    0xFE, 0x1F, 0xFF, 0xFE, 0x3F, 0x00, 0x2E, 0x3C, 0x00, 0x2E, 0x7C, 0x00, 0x2E, 0x3C, 0x00, 0x3E,
    0x3F, 0x41, 0xFE, 0x1F, 0xFF, 0xEE, 0x02, 0xFE, 0x2E, 0x00, 0x00, 0x90, 0x00, 0x03, 0xD0, 0x00,
    0x0B, 0x80, 0x00, 0x1F, 0x00, 0x00, 0x00, 0x00, 0x00, 0x00, 0x00, 0x01, 0xBF, 0x90, 0x0B, 0xFF,
    0xF8, 0x1F, 0x40, 0x7D, 0x15, 0x00, 0x2E, 0x00, 0x00, 0x2E, 0x02, 0xFF, 0xFE, 0x1F, 0xFF, 0xFE,
    0x3F, 0x00, 0x2E, 0x3C, 0x00, 0x2E, 0x7C, 0x00, 0x2E, 0x3C, 0x00, 0x3E, 0x3F, 0x41, 0xFE, 0x1F,
    0xFF, 0xEE, 0x02, 0xFE, 0x2E, 0x00, 0x19, 0x00, 0x00, 0x7F, 0x80, 0x01, 0xF7, 0xE0, 0x07, 0xC0,
    0xF8, 0x00, 0x00, 0x00, 0x00, 0x00, 0x00, 0x01, 0xBF, 0x90, 0x0B, 0xFF, 0xF8, 0x1F, 0x40, 0x7D,
    0x15, 0x00, 0x2E, 0x00, 0x00, 0x2E, 0x02, 0xFF, 0xFE, 0x1F, 0xFF, 0xFE, 0x3F, 0x00, 0x2E, 0x3C,
    0x00, 0x2E, 0x7C, 0x00, 0x2E, 0x3C, 0x00, 0x3E, 0x3F, 0x41, 0xFE, 0x1F, 0xFF, 0xEE, 0x02, 0xFE,
    0x2E, 0x02, 0xF4, 0x38, 0x03, 0xEF, 0xB4, 0x07, 0x47, 0xE0, 0x00, 0x00, 0x00, 0x00, 0x00, 0x00,
    0x01, 0xBF, 0x90, 0x0B, 0xFF, 0xF8, 0x1F, 0x40, 0x7D, 0x15, 0x00, 0x2E, 0x00, 0x00, 0x2E, 0x02,
    0xFF, 0xFE, 0x1F, 0xFF, 0xFE, 0x3F, 0x00, 0x2E, 0x3C, 0x00, 0x2E, 0x7C, 0x00, 0x2E, 0x3C, 0x00,
    0x3E, 0x3F, 0x41, 0xFE, 0x1F, 0xFF, 0xEE, 0x02, 0xFE, 0x2E, 0x07, 0xC0, 0xB8, 0x0B, 0xD0, 0xFC,
    0x07, 0xC0, 0xB8, 0x00, 0x00, 0x00, 0x00, 0x00, 0x00, 0x01, 0xBF, 0x90, 0x0B, 0xFF, 0xF8, 0x1F,
    0x40, 0x7D, 0x15, 0x00, 0x2E, 0x00, 0x00, 0x2E, 0x02, 0xFF, 0xFE, 0x1F, 0xFF, 0xFE, 0x3F, 0x00,
    0x2E, 0x3C, 0x00, 0x2E, 0x7C, 0x00, 0x2E, 0x3C, 0x00, 0x3E, 0x3F, 0x41, 0xFE, 0x1F, 0xFF, 0xEE,
    0x02, 0xFE, 0x2E, 0x00, 0x7F, 0x40, 0x00, 0xE1, 0xD0, 0x01, 0xC0, 0xE0, 0x00, 0xE1, 0xD0, 0x00,
    0x7F, 0x80, 0x00, 0x00, 0x00, 0x01, 0xBF, 0x90, 0x0B, 0xFF, 0xF8, 0x1F, 0x40, 0x7D, 0x15, 0x00,
    0x2E, 0x00, 0x00, 0x2E, 0x02, 0xFF, 0xFE, 0x1F, 0xFF, 0xFE, 0x3F, 0x00, 0x2E, 0x3C, 0x00, 0x2E,
    0x7C, 0x00, 0x2E, 0x3C, 0x00, 0x3E, 0x3F, 0x41, 0xFE, 0x1F, 0xFF, 0xEE, 0x02, 0xFE, 0x2E, 0x07,
    0xF4, 0x7F, 0x40, 0x3F, 0xF7, 0xFF, 0x42, 0xE0, 0xFC, 0x1F, 0x0A, 0x01, 0xE0, 0x3C, 0x00, 0x07,
    0x80, 0xF0, 0x00, 0x1E, 0x03, 0xC0, 0x7F, 0xFF, 0xFF, 0x07, 0xFF, 0xFF, 0xFC, 0x3E, 0x07, 0x80,
    0x00, 0xF0, 0x1E, 0x00, 0x03, 0xC0, 0x78, 0x05, 0x0F, 0x43, 0xF0, 0x7C, 0x1F, 0xFD, 0xFF, 0xD0,
    0x1F, 0xD1, 0xFD, 0x00, 0x02, 0xFF, 0x40, 0x1F, 0xFF, 0xE0, 0x3E, 0x01, 0xF4, 0xBC, 0x00, 0xBC,
    0xB8, 0x00, 0x28, 0xF4, 0x00, 0x00, 0xF4, 0x00, 0x00, 0xF4, 0x00, 0x00, 0xF4, 0x00, 0x00, 0xF8,
    0x00, 0x28, 0xBC, 0x00, 0xBC, 0x3E, 0x01, 0xF4, 0x1F, 0xFF, 0xE0, 0x02, 0xFF, 0x40, 0x00, 0xE0,
    0x00, 0x00, 0xFD, 0x00, 0x00, 0x0F, 0x00, 0x00, 0x0F, 0x00, 0x03, 0xFD, 0x00, 0x00, 0x00, 0x00,
    0x06, 0x00, 0x00, 0x1F, 0x00, 0x00, 0x2F, 0x00, 0x00, 0x2E, 0x00, 0x00, 0x00, 0x00, 0x00, 0x00,
    0x00, 0x2F, 0xE0, 0x07, 0xFF, 0xF4, 0x3E, 0x02, 0xF2, 0xF0, 0x03, 0xEF, 0x40, 0x07, 0xFD, 0x00,
    0x1F, 0xFF, 0xFF, 0xFF, 0xFF, 0xFF, 0xFF, 0x40, 0x00, 0x3D, 0x00, 0x00, 0xB8, 0x00, 0x64, 0xF8,
    0x07, 0xD1, 0xFF, 0xFE, 0x00, 0xBF, 0x90, 0x00, 0x02, 0x40, 0x00, 0x3D, 0x00, 0x03, 0xE0, 0x00,
    0x2E, 0x00, 0x00, 0x00, 0x00, 0x00, 0x00, 0x00, 0x2F, 0xE0, 0x07, 0xFF, 0xF4, 0x3E, 0x02, 0xF2,
    0xF0, 0x03, 0xEF, 0x40, 0x07, 0xFD, 0x00, 0x1F, 0xFF, 0xFF, 0xFF, 0xFF, 0xFF, 0xFF, 0x40, 0x00,
    0x3D, 0x00, 0x00, 0xB8, 0x00, 0x64, 0xF8, 0x07, 0xD1, 0xFF, 0xFE, 0x00, 0xBF, 0x90, 0x00, 0x64,
    0x00, 0x0B, 0xF8, 0x00, 0xBD, 0xF8, 0x0B, 0xC0, 0xF8, 0x00, 0x00, 0x00, 0x00, 0x00, 0x00, 0x2F,
    0xE0, 0x07, 0xFF, 0xF4, 0x3E, 0x02, 0xF2, 0xF0, 0x03, 0xEF, 0x40, 0x07, 0xFD, 0x00, 0x1F, 0xFF,
    0xFF, 0xFF, 0xFF, 0xFF, 0xFF, 0x40, 0x00, 0x3D, 0x00, 0x00, 0xB8, 0x00, 0x64, 0xF8, 0x07, 0xD1,
    0xFF, 0xFE, 0x00, 0xBF, 0x90, 0x1F, 0x03, 0xD0, 0xFD, 0x1F, 0xC1, 0xF0, 0x3D, 0x00, 0x00, 0x00,
    0x00, 0x00, 0x00, 0x0B, 0xF8, 0x01, 0xFF, 0xFD, 0x0F, 0x80, 0xBC, 0xBC, 0x00, 0xFB, 0xD0, 0x01,
    0xFF, 0x40, 0x07, 0xFF, 0xFF, 0xFF, 0xFF, 0xFF, 0xFF, 0xD0, 0x00, 0x0F, 0x40, 0x00, 0x2E, 0x00,
    0x19, 0x3E, 0x01, 0xF4, 0x7F, 0xFF, 0x80, 0x2F, 0xE4, 0x00, 0x06, 0x40, 0x00, 0x03, 0xD0, 0x00,
    0x00, 0xF4, 0x00, 0x00, 0x7C, 0x00, 0x00, 0x00, 0x00, 0x00, 0x00, 0x00, 0x7F, 0xFD, 0x00, 0x7F,
    0xFD, 0x00, 0x00, 0x3D, 0x00, 0x00, 0x3D, 0x00, 0x00, 0x3D, 0x00, 0x00, 0x3D, 0x00, 0x00, 0x3D,
    0x00, 0x00, 0x3D, 0x00, 0x00, 0x3D, 0x00, 0x00, 0x3D, 0x00, 0x00, 0x3D, 0x00, 0x00, 0x3D, 0x00,
    0xFF, 0xFF, 0xFF, 0xFF, 0xFF, 0xFF, 0x00, 0x01, 0x80, 0x00, 0x0B, 0x80, 0x00, 0x1F, 0x00, 0x00,
    0x3C, 0x00, 0x00, 0x00, 0x00, 0x00, 0x00, 0x00, 0x7F, 0xFD, 0x00, 0x7F, 0xFD, 0x00, 0x00, 0x3D,
    0x00, 0x00, 0x3D, 0x00, 0x00, 0x3D, 0x00, 0x00, 0x3D, 0x00, 0x00, 0x3D, 0x00, 0x00, 0x3D, 0x00,
    0x00, 0x3D, 0x00, 0x00, 0x3D, 0x00, 0x00, 0x3D, 0x00, 0x00, 0x3D, 0x00, 0xFF, 0xFF, 0xFF, 0xFF,
    0xFF, 0xFF, 0x00, 0x24, 0x00, 0x00, 0xFF, 0x00, 0x03, 0xDB, 0xC0, 0x0F, 0x42, 0xF0, 0x00, 0x00,
    0x00, 0x00, 0x00, 0x00, 0x7F, 0xFD, 0x00, 0x7F, 0xFD, 0x00, 0x00, 0x3D, 0x00, 0x00, 0x3D, 0x00,
    0x00, 0x3D, 0x00, 0x00, 0x3D, 0x00, 0x00, 0x3D, 0x00, 0x00, 0x3D, 0x00, 0x00, 0x3D, 0x00, 0x00,
    0x3D, 0x00, 0x00, 0x3D, 0x00, 0x00, 0x3D, 0x00, 0xFF, 0xFF, 0xFF, 0xFF, 0xFF, 0xFF, 0x0F, 0x42,
    0xE0, 0x1F, 0x83, 0xF0, 0x0F, 0x42, 0xF0, 0x00, 0x00, 0x00, 0x00, 0x00, 0x00, 0x7F, 0xFD, 0x00,
    0x7F, 0xFD, 0x00, 0x00, 0x3D, 0x00, 0x00, 0x3D, 0x00, 0x00, 0x3D, 0x00, 0x00, 0x3D, 0x00, 0x00,
    0x3D, 0x00, 0x00, 0x3D, 0x00, 0x00, 0x3D, 0x00, 0x00, 0x3D, 0x00, 0x00, 0x3D, 0x00, 0x00, 0x3D,
    0x00, 0xFF, 0xFF, 0xFF, 0xFF, 0xFF, 0xFF, 0x00, 0x00, 0x00, 0x00, 0x7C, 0x0A, 0x00, 0x0B, 0xFF,
    0x40, 0x02, 0xFE, 0x00, 0x0B, 0xFF, 0x40, 0x03, 0xD1, 0xF0, 0x00, 0x40, 0x2E, 0x00, 0x00, 0x03,
    0xD0, 0x01, 0xFE, 0x7C, 0x02, 0xFF, 0xFF, 0x42, 0xF8, 0x0B, 0xE0, 0xF8, 0x00, 0xBC, 0x3C, 0x00,
    0x0F, 0x0F, 0x00, 0x03, 0xC3, 0xC0, 0x00, 0xF0, 0xF8, 0x00, 0xBC, 0x1F, 0x80, 0xBD, 0x02, 0xFF,
    0xFE, 0x00, 0x1B, 0xF9, 0x00, 0x0B, 0xD0, 0xE0, 0x3E, 0xFB, 0x41, 0xD1, 0xF8, 0x00, 0x00, 0x00,
    0x00, 0x00, 0x02, 0xE2, 0xFD, 0x0B, 0xBF, 0xFE, 0x2F, 0xC0, 0xBD, 0xBC, 0x00, 0xFA, 0xE0, 0x02,
    0xEB, 0x80, 0x0B, 0xEE, 0x00, 0x2F, 0xB8, 0x00, 0xBE, 0xE0, 0x02, 0xFB, 0x80, 0x0B, 0xEE, 0x00,
    0x2F, 0xB8, 0x00, 0xBE, 0xE0, 0x02, 0xFB, 0x80, 0x0B, 0xC0, 0x06, 0x00, 0x00, 0x1F, 0x00, 0x00,
    0x2F, 0x00, 0x00, 0x2E, 0x00, 0x00, 0x00, 0x00, 0x00, 0x00, 0x00, 0x6F, 0xE4, 0x07, 0xFF, 0xF4,
    0x3E, 0x02, 0xF2, 0xF0, 0x03, 0xEF, 0x40, 0x07, 0xFD, 0x00, 0x1F, 0xF4, 0x00, 0x7F, 0xD0, 0x01,
    0xFF, 0x40, 0x07, 0xFD, 0x00, 0x1F, 0xBC, 0x00, 0xF8, 0xF8, 0x0B, 0xC1, 0xFF, 0xFD, 0x00, 0xBF,
    0x80, 0x00, 0x02, 0x40, 0x00, 0x3D, 0x00, 0x03, 0xE0, 0x00, 0x2E, 0x00, 0x00, 0x00, 0x00, 0x00,
    0x00, 0x00, 0x6F, 0xE4, 0x07, 0xFF, 0xF4, 0x3E, 0x02, 0xF2, 0xF0, 0x03, 0xEF, 0x40, 0x07, 0xFD,
    0x00, 0x1F, 0xF4, 0x00, 0x7F, 0xD0, 0x01, 0xFF, 0x40, 0x07, 0xFD, 0x00, 0x1F, 0xBC, 0x00, 0xF8,
    0xF8, 0x0B, 0xC1, 0xFF, 0xFD, 0x00, 0xBF, 0x80, 0x00, 0x64, 0x00, 0x0B, 0xF8, 0x00, 0xBD, 0xF8,
    0x0B, 0xC0, 0xF8, 0x00, 0x00, 0x00, 0x00, 0x00, 0x00, 0x6F, 0xE4, 0x07, 0xFF, 0xF4, 0x3E, 0x02,
    0xF2, 0xF0, 0x03, 0xEF, 0x40, 0x07, 0xFD, 0x00, 0x1F, 0xF4, 0x00, 0x7F, 0xD0, 0x01, 0xFF, 0x40,
    0x07, 0xFD, 0x00, 0x1F, 0xBC, 0x00, 0xF8, 0xF8, 0x0B, 0xC1, 0xFF, 0xFD, 0x00, 0xBF, 0x80, 0x0B,
    0xD0, 0xD0, 0x7A, 0xEB, 0x41, 0xC1, 0xF8, 0x00, 0x00, 0x00, 0x00, 0x00, 0x00, 0x1B, 0xF9, 0x01,
    0xFF, 0xFD, 0x0F, 0x80, 0xBC, 0xBC, 0x00, 0xFB, 0xD0, 0x01, 0xFF, 0x40, 0x07, 0xFD, 0x00, 0x1F,
    0xF4, 0x00, 0x7F, 0xD0, 0x01, 0xFF, 0x40, 0x07, 0xEF, 0x00, 0x3E, 0x3E, 0x02, 0xF0, 0x7F, 0xFF,
    0x40, 0x2F, 0xE0, 0x00, 0x1F, 0x03, 0xD0, 0xFD, 0x1F, 0xC1, 0xF0, 0x3D, 0x00, 0x00, 0x00, 0x00,
    0x00, 0x00, 0x1B, 0xF9, 0x01, 0xFF, 0xFD, 0x0F, 0x80, 0xBC, 0xBC, 0x00, 0xFB, 0xD0, 0x01, 0xFF,
    0x40, 0x07, 0xFD, 0x00, 0x1F, 0xF4, 0x00, 0x7F, 0xD0, 0x01, 0xFF, 0x40, 0x07, 0xEF, 0x00, 0x3E,
    0x3E, 0x02, 0xF0, 0x7F, 0xFF, 0x40, 0x2F, 0xE0, 0x00, 0x00, 0xB8, 0x00, 0x07, 0xF4, 0x00, 0x1F,
    0xD0, 0x00, 0x2E, 0x00, 0x00, 0x00, 0x00, 0x00, 0x00, 0x0B, 0xFF, 0xFF, 0xAF, 0xFF, 0xFE, 0x00,
    0x00, 0x00, 0x00, 0x00, 0x00, 0x0B, 0x80, 0x00, 0x7F, 0x40, 0x01, 0xFD, 0x00, 0x02, 0xE0, 0x00,
    0x00, 0x00, 0x01, 0xF0, 0x01, 0xBF, 0x9F, 0x00, 0x1F, 0xFF, 0xF8, 0x00, 0xF8, 0x0F, 0xC0, 0x0B,
    0xC0, 0x3F, 0x80, 0x2D, 0x03, 0xFE, 0x00, 0xF4, 0x2E, 0x7C, 0x03, 0xD0, 0xF1, 0xF0, 0x0F, 0x4F,
    0x07, 0xC0, 0x3D, 0xB4, 0x1F, 0x00, 0xBB, 0x80, 0x78, 0x02, 0xFC, 0x03, 0xE0, 0x03, 0xE0, 0x2F,
    0x00, 0x2F, 0xFF, 0xF4, 0x01, 0xF2, 0xFE, 0x40, 0x05, 0x00, 0x00, 0x00, 0x06, 0x00, 0x00, 0x1F,
    0x00, 0x00, 0x2F, 0x00, 0x00, 0x2E, 0x00, 0x00, 0x00, 0x00, 0x00, 0x00, 0x0F, 0x80, 0x0B, 0xFE,
    0x00, 0x2F, 0xF8, 0x00, 0xBF, 0xE0, 0x02, 0xFF, 0x80, 0x0B, 0xFE, 0x00, 0x2F, 0xF8, 0x00, 0xBF,
    0xE0, 0x02, 0xFB, 0x80, 0x0B, 0xAE, 0x00, 0x2E, 0xBC, 0x00, 0xF4, 0xF8, 0x0B, 0xC1, 0xFF, 0xFD,
    0x00, 0xBF, 0x80, 0x00, 0x02, 0x40, 0x00, 0x3D, 0x00, 0x03, 0xE0, 0x00, 0x2E, 0x00, 0x00, 0x00,
    0x00, 0x00, 0x00, 0x0F, 0x80, 0x0B, 0xFE, 0x00, 0x2F, 0xF8, 0x00, 0xBF, 0xE0, 0x02, 0xFF, 0x80,
    0x0B, 0xFE, 0x00, 0x2F, 0xF8, 0x00, 0xBF, 0xE0, 0x02, 0xFB, 0x80, 0x0B, 0xAE, 0x00, 0x2E, 0xBC,
    0x00, 0xF4, 0xF8, 0x0B, 0xC1, 0xFF, 0xFD, 0x00, 0xBF, 0x80, 0x00, 0x64, 0x00, 0x0B, 0xF8, 0x00,
    0xBD, 0xF8, 0x0B, 0xC0, 0xF8, 0x00, 0x00, 0x00, 0x00, 0x00, 0x0F, 0x80, 0x0B, 0xFE, 0x00, 0x2F,
    0xF8, 0x00, 0xBF, 0xE0, 0x02, 0xFF, 0x80, 0x0B, 0xFE, 0x00, 0x2F, 0xF8, 0x00, 0xBF, 0xE0, 0x02,
    0xFB, 0x80, 0x0B, 0xAE, 0x00, 0x2E, 0xBC, 0x00, 0xF4, 0xF8, 0x0B, 0xC1, 0xFF, 0xFD, 0x00, 0xBF,
    0x80, 0x1F, 0x03, 0xD0, 0xFD, 0x1F, 0xC1, 0xF0, 0x3D, 0x00, 0x00, 0x00, 0x00, 0x00, 0x03, 0xE0,
    0x02, 0xFF, 0x80, 0x0B, 0xFE, 0x00, 0x2F, 0xF8, 0x00, 0xBF, 0xE0, 0x02, 0xFF, 0x80, 0x0B, 0xFE,
    0x00, 0x2F, 0xF8, 0x00, 0xBE, 0xE0, 0x02, 0xEB, 0x80, 0x0B, 0xAF, 0x00, 0x3D, 0x3E, 0x02, 0xF0,
    0x7F, 0xFF, 0x40, 0x2F, 0xE0, 0x00, 0x00, 0x00, 0x90, 0x00, 0x00, 0xF4, 0x00, 0x00, 0xF8, 0x00,
    0x00, 0xB8, 0x00, 0x00, 0x00, 0x00, 0x00, 0x00, 0x00, 0x07, 0xC0, 0x00, 0xF4, 0xF4, 0x00, 0x7C,
    0x2E, 0x00, 0x2E, 0x07, 0xC0, 0x0F, 0x40, 0xF8, 0x07, 0xC0, 0x1F, 0x02, 0xE0, 0x03, 0xD0, 0xF0,
    0x00, 0xB8, 0x7C, 0x00, 0x0F, 0x3D, 0x00, 0x03, 0xEF, 0x00, 0x00, 0x7F, 0x80, 0x00, 0x0F, 0xD0,
    0x00, 0x02, 0xF0, 0x00, 0x00, 0xF8, 0x00, 0x00, 0x3C, 0x00, 0x00, 0x2E, 0x00, 0x00, 0x0F, 0x40,
    0x00, 0x07, 0xC0, 0x00, 0xF4, 0x00, 0x03, 0xD0, 0x00, 0x0F, 0x40, 0x00, 0x3D, 0x00, 0x00, 0xF4,
    0xBF, 0x43, 0xDF, 0xFF, 0x8F, 0xE0, 0x2F, 0x3F, 0x00, 0x3E, 0xF8, 0x00, 0xBB, 0xD0, 0x02, 0xEF,
    0x40, 0x0B, 0xBD, 0x00, 0x2E, 0xF4, 0x00, 0xBB, 0xE0, 0x02, 0xEF, 0xC0, 0x0F, 0xBF, 0x80, 0xBC,
    0xFB, 0xFF, 0xE3, 0xD2, 0xFD, 0x0F, 0x40, 0x00, 0x3D, 0x00, 0x00, 0xF4, 0x00, 0x03, 0xD0, 0x00,
    0x00, 0x07, 0xC0, 0xF4, 0x03, 0xF4, 0x7F, 0x00, 0x7C, 0x0F, 0x40, 0x00, 0x00, 0x00, 0x00, 0x00,
    0x00, 0x1F, 0x00, 0x03, 0xD3, 0xD0, 0x01, 0xF0, 0xB8, 0x00, 0xB8, 0x1F, 0x00, 0x3D, 0x03, 0xE0,
    0x1F, 0x00, 0x7C, 0x0B, 0x80, 0x0F, 0x43, 0xC0, 0x02, 0xE1, 0xF0, 0x00, 0x3C, 0xF4, 0x00, 0x0F,
    0xBC, 0x00, 0x01, 0xFE, 0x00, 0x00, 0x3F, 0x40, 0x00, 0x0B, 0xC0, 0x00, 0x03, 0xE0, 0x00, 0x00,
    0xF0, 0x00, 0x00, 0xB8, 0x00, 0x00, 0x3D, 0x00, 0x00, 0x1F, 0x00, 0x00, 0x0B, 0xFF, 0xF8, 0x02,
    0xFF, 0xFE, 0x00, 0x00, 0x00, 0x00, 0x00, 0x00, 0x00, 0x00, 0x00, 0x00, 0x00, 0x0F, 0xC0, 0x00,
    0x07, 0xF4, 0x00, 0x02, 0xEE, 0x00, 0x00, 0xF7, 0xC0, 0x00, 0x3C, 0xF0, 0x00, 0x1E, 0x2D, 0x00,
    0x0B, 0x47, 0x80, 0x03, 0xC0, 0xF0, 0x00, 0xF0, 0x3D, 0x00, 0xB8, 0x0B, 0x80, 0x3D, 0x01, 0xF0,
    0x0F, 0xFF, 0xFC, 0x07, 0xFF, 0xFF, 0x42, 0xE0, 0x02, 0xE0, 0xF4, 0x00, 0x7C, 0x3C, 0x00, 0x0F,
    0x1F, 0x00, 0x03, 0xDB, 0x80, 0x00, 0xB8, 0x07, 0xFF, 0xF8, 0x07, 0xFF, 0xF8, 0x00, 0x00, 0x00,
    0x00, 0x00, 0x00, 0x00, 0x00, 0x00, 0x01, 0xBF, 0x90, 0x0B, 0xFF, 0xF8, 0x1F, 0x40, 0x7D, 0x15,
    0x00, 0x2E, 0x00, 0x00, 0x2E, 0x02, 0xFF, 0xFE, 0x1F, 0xFF, 0xFE, 0x3F, 0x00, 0x2E, 0x3C, 0x00,
    0x2E, 0x7C, 0x00, 0x2E, 0x3C, 0x00, 0x3E, 0x3F, 0x41, 0xFE, 0x1F, 0xFF, 0xEE, 0x02, 0xFE, 0x2E,
    0x02, 0x00, 0x20, 0x01, 0xF0, 0x3D, 0x00, 0x3F, 0xFF, 0x00, 0x02, 0xFE, 0x00, 0x00, 0x00, 0x00,
    0x00, 0x00, 0x00, 0x00, 0x03, 0xF0, 0x00, 0x01, 0xFD, 0x00, 0x00, 0xBB, 0x80, 0x00, 0x3D, 0xF0,
    0x00, 0x0F, 0x3C, 0x00, 0x07, 0x8B, 0x40, 0x02, 0xD1, 0xE0, 0x00, 0xF0, 0x3C, 0x00, 0x3C, 0x0F,
    0x40, 0x2E, 0x02, 0xE0, 0x0F, 0x40, 0x7C, 0x03, 0xFF, 0xFF, 0x01, 0xFF, 0xFF, 0xD0, 0xB8, 0x00,
    0xB8, 0x3D, 0x00, 0x1F, 0x0F, 0x00, 0x03, 0xC7, 0xC0, 0x00, 0xF6, 0xE0, 0x00, 0x2E, 0x02, 0x00,
    0x24, 0x03, 0xC0, 0xB4, 0x02, 0xFF, 0xF0, 0x00, 0x7F, 0x80, 0x00, 0x00, 0x00, 0x00, 0x00, 0x00,
    0x01, 0xBF, 0x90, 0x0B, 0xFF, 0xF8, 0x1F, 0x40, 0x7D, 0x15, 0x00, 0x2E, 0x00, 0x00, 0x2E, 0x02,
    0xFF, 0xFE, 0x1F, 0xFF, 0xFE, 0x3F, 0x00, 0x2E, 0x3C, 0x00, 0x2E, 0x7C, 0x00, 0x2E, 0x3C, 0x00,
    0x3E, 0x3F, 0x41, 0xFE, 0x1F, 0xFF, 0xEE, 0x02, 0xFE, 0x2E, 0x00, 0x3F, 0x00, 0x00, 0x07, 0xF4,
    0x00, 0x00, 0xBB, 0x80, 0x00, 0x0F, 0x7C, 0x00, 0x00, 0xF3, 0xC0, 0x00, 0x1E, 0x2D, 0x00, 0x02,
    0xD1, 0xE0, 0x00, 0x3C, 0x0F, 0x00, 0x03, 0xC0, 0xF4, 0x00, 0xB8, 0x0B, 0x80, 0x0F, 0x40, 0x7C,
    0x00, 0xFF, 0xFF, 0xC0, 0x1F, 0xFF, 0xFD, 0x02, 0xE0, 0x02, 0xE0, 0x3D, 0x00, 0x1F, 0x03, 0xC0,
    0x00, 0xF0, 0x7C, 0x00, 0x0F, 0x4B, 0x80, 0x00, 0xB8, 0x00, 0x00, 0x0E, 0x00, 0x00, 0x03, 0xC0,
    0x00, 0x00, 0x7C, 0x00, 0x00, 0x03, 0xFE, 0x00, 0x00, 0x1F, 0xE0, 0x01, 0xBF, 0x90, 0x00, 0xBF,
    0xFF, 0x80, 0x1F, 0x40, 0x7D, 0x01, 0x50, 0x02, 0xE0, 0x00, 0x00, 0x2E, 0x00, 0x2F, 0xFF, 0xE0,
    0x1F, 0xFF, 0xFE, 0x03, 0xF0, 0x02, 0xE0, 0x3C, 0x00, 0x2E, 0x07, 0xC0, 0x02, 0xE0, 0x3C, 0x00,
    0x3E, 0x03, 0xF4, 0x1F, 0xE0, 0x1F, 0xFF, 0xEE, 0x00, 0x2F, 0xE2, 0xE0, 0x00, 0x00, 0x2C, 0x00,
    0x00, 0x0B, 0x40, 0x00, 0x00, 0xF4, 0x00, 0x00, 0x0B, 0xFC, 0x00, 0x00, 0x2F, 0xC0, 0x00, 0x02,
    0x40, 0x00, 0x0F, 0x40, 0x00, 0x2E, 0x00, 0x00, 0x7C, 0x00, 0x00, 0x00, 0x00, 0x00, 0x00, 0x00,
    0x02, 0xFF, 0x40, 0x1F, 0xFF, 0xE0, 0x3E, 0x02, 0xF4, 0x7C, 0x00, 0xBC, 0xB8, 0x00, 0x7C, 0xB8,
    0x00, 0x00, 0xB8, 0x00, 0x00, 0xB8, 0x00, 0x00, 0xB8, 0x00, 0x00, 0xB8, 0x00, 0x00, 0xB8, 0x00,
    0x00, 0xB8, 0x00, 0x00, 0xB8, 0x00, 0x00, 0xB8, 0x00, 0x7C, 0x7C, 0x00, 0xBC, 0x3E, 0x02, 0xF4,
    0x1F, 0xFF, 0xE0, 0x02, 0xFF, 0x40, 0x00, 0x02, 0x40, 0x00, 0x0F, 0x80, 0x00, 0x2E, 0x00, 0x00,
    0x7C, 0x00, 0x00, 0x00, 0x00, 0x00, 0x00, 0x00, 0x02, 0xFF, 0x40, 0x1F, 0xFF, 0xE0, 0x3E, 0x01,
    0xF4, 0xBC, 0x00, 0xBC, 0xB8, 0x00, 0x28, 0xF4, 0x00, 0x00, 0xF4, 0x00, 0x00, 0xF4, 0x00, 0x00,
    0xF4, 0x00, 0x00, 0xB8, 0x00, 0x28, 0xBC, 0x00, 0xBC, 0x3E, 0x01, 0xF4, 0x1F, 0xFF, 0xE0, 0x02,
    0xFF, 0x40, 0x00, 0x64, 0x00, 0x01, 0xFE, 0x00, 0x07, 0xDF, 0x80, 0x1F, 0x03, 0xE0, 0x00, 0x00,
    0x00, 0x00, 0x00, 0x00, 0x02, 0xFF, 0x40, 0x1F, 0xFF, 0xE0, 0x3E, 0x02, 0xF4, 0x7C, 0x00, 0xBC,
    0xB8, 0x00, 0x7C, 0xB8, 0x00, 0x00, 0xB8, 0x00, 0x00, 0xB8, 0x00, 0x00, 0xB8, 0x00, 0x00, 0xB8,
    0x00, 0x00, 0xB8, 0x00, 0x00, 0xB8, 0x00, 0x00, 0xB8, 0x00, 0x00, 0xB8, 0x00, 0x7C, 0x7C, 0x00,
    0xBC, 0x3E, 0x02, 0xF4, 0x1F, 0xFF, 0xE0, 0x02, 0xFF, 0x40, 0x00, 0x64, 0x00, 0x01, 0xFE, 0x00,
    0x07, 0xDF, 0x80, 0x1F, 0x42, 0xE0, 0x00, 0x00, 0x00, 0x00, 0x00, 0x00, 0x02, 0xFF, 0x40, 0x1F,
    0xFF, 0xE0, 0x3E, 0x01, 0xF4, 0xBC, 0x00, 0xBC, 0xB8, 0x00, 0x28, 0xF4, 0x00, 0x00, 0xF4, 0x00,
    0x00, 0xF4, 0x00, 0x00, 0xF4, 0x00, 0x00, 0xB8, 0x00, 0x28, 0xBC, 0x00, 0xBC, 0x3E, 0x01, 0xF4,
    0x1F, 0xFF, 0xE0, 0x02, 0xFF, 0x40, 0x00, 0xBC, 0x00, 0x00, 0xFD, 0x00, 0x00, 0xBC, 0x00, 0x00,
    0x00, 0x00, 0x00, 0x00, 0x00, 0x02, 0xFF, 0x40, 0x1F, 0xFF, 0xE0, 0x3E, 0x02, 0xF4, 0x7C, 0x00,
    0xBC, 0xB8, 0x00, 0x7C, 0xB8, 0x00, 0x00, 0xB8, 0x00, 0x00, 0xB8, 0x00, 0x00, 0xB8, 0x00, 0x00,
    0xB8, 0x00, 0x00, 0xB8, 0x00, 0x00, 0xB8, 0x00, 0x00, 0xB8, 0x00, 0x00, 0xB8, 0x00, 0x7C, 0x7C,
    0x00, 0xBC, 0x3E, 0x02, 0xF4, 0x1F, 0xFF, 0xE0, 0x02, 0xFF, 0x40, 0x00, 0xBC, 0x00, 0x00, 0xFD,
    0x00, 0x00, 0xBC, 0x00, 0x00, 0x00, 0x00, 0x00, 0x00, 0x00, 0x02, 0xFF, 0x40, 0x1F, 0xFF, 0xE0,
    0x3E, 0x01, 0xF4, 0xBC, 0x00, 0xBC, 0xB8, 0x00, 0x28, 0xF4, 0x00, 0x00, 0xF4, 0x00, 0x00, 0xF4,
    0x00, 0x00, 0xF4, 0x00, 0x00, 0xB8, 0x00, 0x28, 0xBC, 0x00, 0xBC, 0x3E, 0x01, 0xF4, 0x1F, 0xFF,
    0xE0, 0x02, 0xFF, 0x40, 0x19, 0x01, 0x90, 0x0F, 0x87, 0xC0, 0x03, 0xFF, 0x00, 0x00, 0xFC, 0x00,
    0x00, 0x00, 0x00, 0x00, 0x00, 0x00, 0x02, 0xFF, 0x40, 0x1F, 0xFF, 0xE0, 0x3E, 0x02, 0xF4, 0x7C,
    0x00, 0xBC, 0xB8, 0x00, 0x7C, 0xB8, 0x00, 0x00, 0xB8, 0x00, 0x00, 0xB8, 0x00, 0x00, 0xB8, 0x00,
    0x00, 0xB8, 0x00, 0x00, 0xB8, 0x00, 0x00, 0xB8, 0x00, 0x00, 0xB8, 0x00, 0x00, 0xB8, 0x00, 0x7C,
    0x7C, 0x00, 0xBC, 0x3E, 0x02, 0xF4, 0x1F, 0xFF, 0xE0, 0x02, 0xFF, 0x40, 0x19, 0x01, 0x90, 0x0F,
    0x87, 0xD0, 0x03, 0xFF, 0x40, 0x00, 0xFD, 0x00, 0x00, 0x00, 0x00, 0x00, 0x00, 0x00, 0x02, 0xFF,
    0x40, 0x1F, 0xFF, 0xE0, 0x3E, 0x01, 0xF4, 0xBC, 0x00, 0xBC, 0xB8, 0x00, 0x28, 0xF4, 0x00, 0x00,
    0xF4, 0x00, 0x00, 0xF4, 0x00, 0x00, 0xF4, 0x00, 0x00, 0xB8, 0x00, 0x28, 0xBC, 0x00, 0xBC, 0x3E,
    0x01, 0xF4, 0x1F, 0xFF, 0xE0, 0x02, 0xFF, 0x40, 0x19, 0x01, 0x90, 0x3E, 0x2F, 0x00, 0x3F, 0xF0,
    0x00, 0x3F, 0x00, 0x00, 0x00, 0x00, 0x00, 0x00, 0x0B, 0xFF, 0xE0, 0x2F, 0xFF, 0xF0, 0xB8, 0x07,
    0xF2, 0xE0, 0x03, 0xDB, 0x80, 0x0B, 0xAE, 0x00, 0x1F, 0xB8, 0x00, 0x7E, 0xE0, 0x01, 0xFB, 0x80,
    0x07, 0xEE, 0x00, 0x1F, 0xB8, 0x00, 0x7E, 0xE0, 0x01, 0xFB, 0x80, 0x07, 0xEE, 0x00, 0x2E, 0xB8,
    0x00, 0xF6, 0xE0, 0x1F, 0xCB, 0xFF, 0xFD, 0x2F, 0xFF, 0x80, 0x00, 0x00, 0xF4, 0xF0, 0x00, 0x03,
    0xD3, 0xC0, 0x00, 0x0F, 0x4E, 0x00, 0x00, 0x3D, 0x78, 0x07, 0xF4, 0xF4, 0x00, 0x7F, 0xFB, 0xD0,
    0x03, 0xF0, 0x3F, 0x40, 0x1F, 0x00, 0x7D, 0x00, 0x7C, 0x00, 0xF4, 0x01, 0xF0, 0x03, 0xD0, 0x07,
    0xC0, 0x0F, 0x40, 0x1F, 0x00, 0x3D, 0x00, 0x7C, 0x00, 0xF4, 0x01, 0xF0, 0x03, 0xD0, 0x07, 0xC0,
    0x1F, 0x40, 0x0F, 0xC0, 0xFD, 0x00, 0x1F, 0xFE, 0xF4, 0x00, 0x1F, 0xE3, 0xD0, 0x00, 0x0B, 0xFF,
    0xE0, 0x02, 0xFF, 0xFF, 0x00, 0xB8, 0x07, 0xF0, 0x2E, 0x00, 0x3D, 0x0B, 0x80, 0x0B, 0x82, 0xE0,
    0x01, 0xF0, 0xB8, 0x00, 0x7C, 0x2E, 0x00, 0x1F, 0xFF, 0xFD, 0x07, 0xFF, 0xFF, 0x41, 0xF0, 0xB8,
    0x00, 0x7C, 0x2E, 0x00, 0x1F, 0x0B, 0x80, 0x07, 0xC2, 0xE0, 0x02, 0xE0, 0xB8, 0x00, 0xF4, 0x2E,
    0x01, 0xFC, 0x0B, 0xFF, 0xFD, 0x02, 0xFF, 0xF8, 0x00, 0x00, 0x00, 0xB8, 0x00, 0x00, 0x2E, 0x00,
    0x0F, 0xFF, 0xFC, 0x03, 0xFF, 0xFF, 0x00, 0x00, 0xB8, 0x01, 0xFE, 0x2E, 0x02, 0xFF, 0xFB, 0x80,
    0xF8, 0x0F, 0xE0, 0xBC, 0x00, 0xF8, 0x2E, 0x00, 0x2E, 0x0B, 0x80, 0x0B, 0x83, 0xE0, 0x02, 0xE0,
    0xB8, 0x00, 0xB8, 0x2E, 0x00, 0x2E, 0x0B, 0xC0, 0x0F, 0x80, 0xF8, 0x0F, 0xE0, 0x2F, 0xFF, 0xB8,
    0x01, 0xFE, 0x2E, 0x00, 0x1F, 0xFF, 0xF0, 0x7F, 0xFF, 0xC0, 0x00, 0x00, 0x00, 0x00, 0x00, 0x00,
    0x00, 0x02, 0xFF, 0xFF, 0xFB, 0xFF, 0xFF, 0xEE, 0x00, 0x00, 0xB8, 0x00, 0x02, 0xE0, 0x00, 0x0B,
    0x80, 0x00, 0x2E, 0x00, 0x00, 0xBF, 0xFF, 0xF2, 0xFF, 0xFF, 0xCB, 0x80, 0x00, 0x2E, 0x00, 0x00,
    0xB8, 0x00, 0x02, 0xE0, 0x00, 0x0B, 0x80, 0x00, 0x2E, 0x00, 0x00, 0xB8, 0x00, 0x02, 0xFF, 0xFF,
    0xFB, 0xFF, 0xFF, 0xC0, 0x2F, 0xFF, 0xE0, 0xBF, 0xFF, 0x80, 0x00, 0x00, 0x00, 0x00, 0x00, 0x00,
    0x00, 0x00, 0x0B, 0xF8, 0x01, 0xFF, 0xFD, 0x0F, 0x80, 0xBC, 0xBC, 0x00, 0xFB, 0xD0, 0x01, 0xFF,
    0x40, 0x07, 0xFF, 0xFF, 0xFF, 0xFF, 0xFF, 0xFF, 0xD0, 0x00, 0x0F, 0x40, 0x00, 0x2E, 0x00, 0x19,
    0x3E, 0x01, 0xF4, 0x7F, 0xFF, 0x80, 0x2F, 0xE4, 0x00, 0x09, 0x00, 0x90, 0x3D, 0x0B, 0x80, 0xBF,
    0xFC, 0x00, 0x7F, 0x80, 0x00, 0x00, 0x00, 0x00, 0x00, 0x0B, 0xFF, 0xFF, 0xEF, 0xFF, 0xFF, 0xB8,
    0x00, 0x02, 0xE0, 0x00, 0x0B, 0x80, 0x00, 0x2E, 0x00, 0x00, 0xB8, 0x00, 0x02, 0xFF, 0xFF, 0xCB,
    0xFF, 0xFF, 0x2E, 0x00, 0x00, 0xB8, 0x00, 0x02, 0xE0, 0x00, 0x0B, 0x80, 0x00, 0x2E, 0x00, 0x00,
    0xB8, 0x00, 0x02, 0xE0, 0x00, 0x0B, 0xFF, 0xFF, 0xEF, 0xFF, 0xFF, 0x08, 0x00, 0x80, 0x7C, 0x0F,
    0x40, 0xFF, 0xFC, 0x00, 0xBF, 0x80, 0x00, 0x00, 0x00, 0x00, 0x00, 0x00, 0x2F, 0xE0, 0x07, 0xFF,
    0xF4, 0x3E, 0x02, 0xF2, 0xF0, 0x03, 0xEF, 0x40, 0x07, 0xFD, 0x00, 0x1F, 0xFF, 0xFF, 0xFF, 0xFF,
    0xFF, 0xFF, 0x40, 0x00, 0x3D, 0x00, 0x00, 0xB8, 0x00, 0x64, 0xF8, 0x07, 0xD1, 0xFF, 0xFE, 0x00,
    0xBF, 0x90, 0x00, 0xBC, 0x00, 0x03, 0xF4, 0x00, 0x0B, 0xC0, 0x00, 0x00, 0x00, 0x00, 0x00, 0x02,
    0xFF, 0xFF, 0xFB, 0xFF, 0xFF, 0xEE, 0x00, 0x00, 0xB8, 0x00, 0x02, 0xE0, 0x00, 0x0B, 0x80, 0x00,
    0x2E, 0x00, 0x00, 0xBF, 0xFF, 0xF2, 0xFF, 0xFF, 0xCB, 0x80, 0x00, 0x2E, 0x00, 0x00, 0xB8, 0x00,
    0x02, 0xE0, 0x00, 0x0B, 0x80, 0x00, 0x2E, 0x00, 0x00, 0xB8, 0x00, 0x02, 0xFF, 0xFF, 0xFB, 0xFF,
    0xFF, 0xC0, 0x00, 0xB8, 0x00, 0x03, 0xF0, 0x00, 0x0B, 0x80, 0x00, 0x00, 0x00, 0x00, 0x00, 0x00,
    0x0B, 0xF8, 0x01, 0xFF, 0xFD, 0x0F, 0x80, 0xBC, 0xBC, 0x00, 0xFB, 0xD0, 0x01, 0xFF, 0x40, 0x07,
    0xFF, 0xFF, 0xFF, 0xFF, 0xFF, 0xFF, 0xD0, 0x00, 0x0F, 0x40, 0x00, 0x2E, 0x00, 0x19, 0x3E, 0x01,
    0xF4, 0x7F, 0xFF, 0x80, 0x2F, 0xE4, 0x00, 0xBF, 0xFF, 0xFC, 0xBF, 0xFF, 0xFC, 0xB8, 0x00, 0x00,
    0xB8, 0x00, 0x00, 0xB8, 0x00, 0x00, 0xB8, 0x00, 0x00, 0xB8, 0x00, 0x00, 0xBF, 0xFF, 0xF0, 0xBF,
    0xFF, 0xF0, 0xB8, 0x00, 0x00, 0xB8, 0x00, 0x00, 0xB8, 0x00, 0x00, 0xB8, 0x00, 0x00, 0xB8, 0x00,
    0x00, 0xB8, 0x00, 0x00, 0xB8, 0x00, 0x00, 0xBF, 0xFF, 0xFC, 0xBF, 0xFF, 0xFC, 0x00, 0x02, 0xD0,
    0x00, 0x07, 0x40, 0x00, 0x0F, 0x80, 0x00, 0x0B, 0xFC, 0x00, 0x02, 0xFC, 0x02, 0xFE, 0x00, 0x7F,
    0xFF, 0x43, 0xE0, 0x2F, 0x2F, 0x00, 0x3D, 0xB8, 0x00, 0xBB, 0xD0, 0x01, 0xFF, 0xFF, 0xFF, 0xFF,
    0xFF, 0xFF, 0xF4, 0x00, 0x02, 0xD0, 0x00, 0x0B, 0x80, 0x06, 0x4F, 0x80, 0x7D, 0x1F, 0xFF, 0xF0,
    0x0B, 0xFE, 0x00, 0x02, 0xD0, 0x00, 0x1E, 0x00, 0x00, 0xB4, 0x00, 0x01, 0xFA, 0x00, 0x02, 0xFD,
    0x00, 0x19, 0x01, 0x90, 0x2E, 0x1F, 0x40, 0x2F, 0xF4, 0x00, 0x2F, 0x40, 0x00, 0x00, 0x00, 0x00,
    0x00, 0x0B, 0xFF, 0xFF, 0xEF, 0xFF, 0xFF, 0xB8, 0x00, 0x02, 0xE0, 0x00, 0x0B, 0x80, 0x00, 0x2E,
    0x00, 0x00, 0xB8, 0x00, 0x02, 0xFF, 0xFF, 0xCB, 0xFF, 0xFF, 0x2E, 0x00, 0x00, 0xB8, 0x00, 0x02,
    0xE0, 0x00, 0x0B, 0x80, 0x00, 0x2E, 0x00, 0x00, 0xB8, 0x00, 0x02, 0xE0, 0x00, 0x0B, 0xFF, 0xFF,
    0xEF, 0xFF, 0xFF, 0x19, 0x01, 0x90, 0x3E, 0x2F, 0x00, 0x3F, 0xF0, 0x00, 0x3F, 0x00, 0x00, 0x00,
    0x00, 0x00, 0x00, 0x00, 0x2F, 0xE0, 0x07, 0xFF, 0xF4, 0x3E, 0x02, 0xF2, 0xF0, 0x03, 0xEF, 0x40,
    0x07, 0xFD, 0x00, 0x1F, 0xFF, 0xFF, 0xFF, 0xFF, 0xFF, 0xFF, 0x40, 0x00, 0x3D, 0x00, 0x00, 0xB8,
    0x00, 0x64, 0xF8, 0x07, 0xD1, 0xFF, 0xFE, 0x00, 0xBF, 0x90, 0x00, 0x64, 0x00, 0x0B, 0xF8, 0x00,
    0xBD, 0xF8, 0x0B, 0xC0, 0xF8, 0x00, 0x00, 0x00, 0x00, 0x00, 0x00, 0x6F, 0xE4, 0x07, 0xFF, 0xF8,
    0x3E, 0x02, 0xF6, 0xF0, 0x02, 0xFF, 0x80, 0x07, 0xBD, 0x00, 0x00, 0xF4, 0x00, 0x03, 0xD0, 0x00,
    0x0F, 0x43, 0xFF, 0xFD, 0x0F, 0xFF, 0xF4, 0x00, 0x7F, 0xD0, 0x01, 0xFF, 0x40, 0x07, 0xFE, 0x00,
    0x1F, 0xBC, 0x00, 0xF8, 0xF8, 0x0B, 0xD1, 0xFF, 0xFE, 0x01, 0xBF, 0x90, 0x00, 0x64, 0x00, 0x0B,
    0xF4, 0x00, 0xBD, 0xF4, 0x0B, 0xC0, 0xF4, 0x00, 0x00, 0x00, 0x00, 0x00, 0x00, 0x7F, 0x8B, 0x8B,
    0xFF, 0xEE, 0x7E, 0x03, 0xFA, 0xF0, 0x03, 0xEF, 0x80, 0x0B, 0xBD, 0x00, 0x2E, 0xF4, 0x00, 0xBB,
    0xD0, 0x02, 0xEF, 0x80, 0x0B, 0xAF, 0x00, 0x3E, 0x7E, 0x03, 0xF8, 0xBF, 0xFE, 0xE0, 0x7F, 0x8B,
    0x80, 0x00, 0x2E, 0x00, 0x00, 0xF8, 0x00, 0x0B, 0xD0, 0xFF, 0xFE, 0x03, 0xFF, 0xD0, 0x08, 0x00,
    0x80, 0x7C, 0x0F, 0x40, 0xFF, 0xFC, 0x00, 0xBF, 0x80, 0x00, 0x00, 0x00, 0x00, 0x00, 0x00, 0x6F,
    0xE4, 0x07, 0xFF, 0xF8, 0x3E, 0x02, 0xF6, 0xF0, 0x02, 0xFF, 0x80, 0x07, 0xBD, 0x00, 0x00, 0xF4,
    0x00, 0x03, 0xD0, 0x00, 0x0F, 0x43, 0xFF, 0xFD, 0x0F, 0xFF, 0xF4, 0x00, 0x7F, 0xD0, 0x01, 0xFF,
    0x40, 0x07, 0xFE, 0x00, 0x1F, 0xBC, 0x00, 0xF8, 0xF8, 0x0B, 0xD1, 0xFF, 0xFE, 0x01, 0xBF, 0x90,
    0x18, 0x00, 0x80, 0x78, 0x0F, 0x40, 0xFF, 0xFC, 0x00, 0xBF, 0x40, 0x00, 0x00, 0x00, 0x00, 0x00,
    0x00, 0x7F, 0x8B, 0x8B, 0xFF, 0xEE, 0x7E, 0x03, 0xFA, 0xF0, 0x03, 0xEF, 0x80, 0x0B, 0xBD, 0x00,
    0x2E, 0xF4, 0x00, 0xBB, 0xD0, 0x02, 0xEF, 0x80, 0x0B, 0xAF, 0x00, 0x3E, 0x7E, 0x03, 0xF8, 0xBF,
    0xFE, 0xE0, 0x7F, 0x8B, 0x80, 0x00, 0x2E, 0x00, 0x00, 0xF8, 0x00, 0x0B, 0xD0, 0xFF, 0xFE, 0x03,
    0xFF, 0xD0, 0x00, 0xB8, 0x00, 0x03, 0xF0, 0x00, 0x0B, 0x80, 0x00, 0x00, 0x00, 0x00, 0x00, 0x00,
    0x1B, 0xF9, 0x01, 0xFF, 0xFE, 0x0F, 0x80, 0xBD, 0xBC, 0x00, 0xBF, 0xE0, 0x01, 0xEF, 0x40, 0x00,
    0x3D, 0x00, 0x00, 0xF4, 0x00, 0x03, 0xD0, 0xFF, 0xFF, 0x43, 0xFF, 0xFD, 0x00, 0x1F, 0xF4, 0x00,
    0x7F, 0xD0, 0x01, 0xFF, 0x80, 0x07, 0xEF, 0x00, 0x3E, 0x3E, 0x02, 0xF4, 0x7F, 0xFF, 0x80, 0x6F,
    0xE4, 0x00, 0x00, 0xF8, 0x00, 0x07, 0xF0, 0x00, 0x0F, 0x80, 0x00, 0x00, 0x00, 0x00, 0x00, 0x00,
    0x1F, 0xE2, 0xE2, 0xFF, 0xFB, 0x9F, 0x80, 0xFE, 0xBC, 0x00, 0xFB, 0xE0, 0x02, 0xEF, 0x40, 0x0B,
    0xBD, 0x00, 0x2E, 0xF4, 0x00, 0xBB, 0xE0, 0x02, 0xEB, 0xC0, 0x0F, 0x9F, 0x80, 0xFE, 0x2F, 0xFF,
    0xB8, 0x1F, 0xE2, 0xE0, 0x00, 0x0B, 0x80, 0x00, 0x3E, 0x00, 0x02, 0xF4, 0x3F, 0xFF, 0x80, 0xFF,
    0xF4, 0x00, 0x06, 0xFE, 0x40, 0x7F, 0xFF, 0x83, 0xE0, 0x2F, 0x6F, 0x00, 0x2F, 0xF8, 0x00, 0x7B,
    0xD0, 0x00, 0x0F, 0x40, 0x00, 0x3D, 0x00, 0x00, 0xF4, 0x3F, 0xFF, 0xD0, 0xFF, 0xFF, 0x40, 0x07,
    0xFD, 0x00, 0x1F, 0xF4, 0x00, 0x7F, 0xE0, 0x01, 0xFB, 0xC0, 0x0F, 0x8F, 0x80, 0xBD, 0x1F, 0xFF,
    0xE0, 0x1B, 0xF9, 0x00, 0x00, 0x00, 0x00, 0x00, 0x00, 0x00, 0x19, 0x00, 0x01, 0xF0, 0x00, 0x0F,
    0x40, 0x00, 0xF8, 0x00, 0x00, 0x0F, 0x00, 0x00, 0x7C, 0x00, 0x03, 0xD0, 0x00, 0x1F, 0x00, 0x00,
    0xFC, 0x00, 0x0B, 0xD0, 0x00, 0x00, 0x00, 0x00, 0x00, 0x00, 0x07, 0xF8, 0xB8, 0xBF, 0xFE, 0xE7,
    0xE0, 0x3F, 0xAF, 0x00, 0x3E, 0xF8, 0x00, 0xBB, 0xD0, 0x02, 0xEF, 0x40, 0x0B, 0xBD, 0x00, 0x2E,
    0xF8, 0x00, 0xBA, 0xF0, 0x03, 0xE7, 0xE0, 0x3F, 0x8B, 0xFF, 0xEE, 0x07, 0xF8, 0xB8, 0x00, 0x02,
    0xE0, 0x00, 0x0F, 0x80, 0x00, 0xBD, 0x0F, 0xFF, 0xE0, 0x3F, 0xFD, 0x00, 0x00, 0x64, 0x00, 0x0B,
    0xF8, 0x00, 0xBD, 0xF8, 0x0B, 0xC0, 0xF8, 0x00, 0x00, 0x00, 0x00, 0x00, 0x0B, 0x80, 0x0B, 0xAE,
    0x00, 0x2E, 0xB8, 0x00, 0xBA, 0xE0, 0x02, 0xEB, 0x80, 0x0B, 0xAE, 0x00, 0x2E, 0xB8, 0x00, 0xBA,
    0xE0, 0x02, 0xEB, 0xFF, 0xFF, 0xAF, 0xFF, 0xFE, 0xB8, 0x00, 0xBA, 0xE0, 0x02, 0xEB, 0x80, 0x0B,
    0xAE, 0x00, 0x2E, 0xB8, 0x00, 0xBA, 0xE0, 0x02, 0xEB, 0x80, 0x0B, 0xAE, 0x00, 0x2E, 0x00, 0x64,
    0x00, 0x00, 0x0B, 0xF4, 0x00, 0x00, 0xBD, 0xF4, 0x00, 0x0B, 0xC0, 0xF4, 0x00, 0x00, 0x00, 0x00,
    0x00, 0x00, 0x00, 0x00, 0x00, 0x00, 0x00, 0x00, 0x00, 0x2E, 0x00, 0x00, 0x00, 0xB8, 0x00, 0x00,
    0x02, 0xE0, 0x00, 0x00, 0x0B, 0x80, 0x00, 0x00, 0x2E, 0x2F, 0xD0, 0x00, 0xBB, 0xFF, 0xE0, 0x02,
    0xFC, 0x0B, 0xD0, 0x0B, 0xC0, 0x0F, 0x80, 0x2E, 0x00, 0x2E, 0x00, 0xB8, 0x00, 0xBC, 0x02, 0xE0,
    0x02, 0xF0, 0x0B, 0x80, 0x0B, 0xC0, 0x2E, 0x00, 0x2F, 0x00, 0xB8, 0x00, 0xBC, 0x02, 0xE0, 0x02,
    0xF0, 0x0B, 0x80, 0x0B, 0xC0, 0x2E, 0x00, 0x2F, 0x00, 0xB8, 0x00, 0xBC, 0x0B, 0x80, 0x0B, 0x80,
    0x2E, 0x00, 0x2E, 0x00, 0xB8, 0x00, 0xB8, 0x3F, 0xFF, 0xFF, 0xFF, 0xFF, 0xFF, 0xFF, 0xFC, 0x2E,
    0x00, 0x2E, 0x00, 0xB8, 0x00, 0xB8, 0x02, 0xE0, 0x02, 0xE0, 0x0B, 0xFF, 0xFF, 0x80, 0x2F, 0xFF,
    0xFE, 0x00, 0xB8, 0x00, 0xB8, 0x02, 0xE0, 0x02, 0xE0, 0x0B, 0x80, 0x0B, 0x80, 0x2E, 0x00, 0x2E,
    0x00, 0xB8, 0x00, 0xB8, 0x02, 0xE0, 0x02, 0xE0, 0x0B, 0x80, 0x0B, 0x80, 0x2E, 0x00, 0x2E, 0x00,
    0x0B, 0x80, 0x00, 0x02, 0xE0, 0x00, 0x0F, 0xFF, 0xFC, 0x03, 0xFF, 0xFF, 0x00, 0x0B, 0x80, 0x00,
    0x02, 0xE2, 0xFD, 0x00, 0xBB, 0xFF, 0xE0, 0x2F, 0xC0, 0xBD, 0x0B, 0xC0, 0x0F, 0x82, 0xE0, 0x02,
    0xE0, 0xB8, 0x00, 0xBC, 0x2E, 0x00, 0x2F, 0x0B, 0x80, 0x0B, 0xC2, 0xE0, 0x02, 0xF0, 0xB8, 0x00,
    0xBC, 0x2E, 0x00, 0x2F, 0x0B, 0x80, 0x0B, 0xC2, 0xE0, 0x02, 0xF0, 0x0B, 0xD0, 0xD0, 0x7A, 0xEB,
    0x41, 0xC1, 0xF8, 0x00, 0x00, 0x00, 0x00, 0x00, 0x01, 0xFF, 0xFF, 0xD7, 0xFF, 0xFF, 0x40, 0x2E,
    0x00, 0x00, 0xB8, 0x00, 0x02, 0xE0, 0x00, 0x0B, 0x80, 0x00, 0x2E, 0x00, 0x00, 0xB8, 0x00, 0x02,
    0xE0, 0x00, 0x0B, 0x80, 0x00, 0x2E, 0x00, 0x00, 0xB8, 0x00, 0x02, 0xE0, 0x00, 0x0B, 0x80, 0x00,
    0x2E, 0x00, 0x00, 0xB8, 0x01, 0xFF, 0xFF, 0xD7, 0xFF, 0xFF, 0x40, 0x07, 0xE0, 0xF0, 0x0F, 0xBE,
    0xE0, 0x0E, 0x0F, 0xC0, 0x00, 0x00, 0x00, 0x00, 0x00, 0x00, 0x7F, 0xFD, 0x00, 0x7F, 0xFD, 0x00,
    0x00, 0x3D, 0x00, 0x00, 0x3D, 0x00, 0x00, 0x3D, 0x00, 0x00, 0x3D, 0x00, 0x00, 0x3D, 0x00, 0x00,
    0x3D, 0x00, 0x00, 0x3D, 0x00, 0x00, 0x3D, 0x00, 0x00, 0x3D, 0x00, 0x00, 0x3D, 0x00, 0xFF, 0xFF,
    0xFF, 0xFF, 0xFF, 0xFF, 0x2F, 0xFF, 0xE0, 0xBF, 0xFF, 0x80, 0x00, 0x00, 0x00, 0x00, 0x00, 0x00,
    0x00, 0x01, 0xFF, 0xFF, 0xD7, 0xFF, 0xFF, 0x40, 0x2E, 0x00, 0x00, 0xB8, 0x00, 0x02, 0xE0, 0x00,
    0x0B, 0x80, 0x00, 0x2E, 0x00, 0x00, 0xB8, 0x00, 0x02, 0xE0, 0x00, 0x0B, 0x80, 0x00, 0x2E, 0x00,
    0x00, 0xB8, 0x00, 0x02, 0xE0, 0x00, 0x0B, 0x80, 0x00, 0x2E, 0x00, 0x00, 0xB8, 0x01, 0xFF, 0xFF,
    0xD7, 0xFF, 0xFF, 0x40, 0x0F, 0xFF, 0xF0, 0x0F, 0xFF, 0xF0, 0x00, 0x00, 0x00, 0x00, 0x00, 0x00,
    0x00, 0x00, 0x00, 0x7F, 0xFD, 0x00, 0x7F, 0xFD, 0x00, 0x00, 0x3D, 0x00, 0x00, 0x3D, 0x00, 0x00,
    0x3D, 0x00, 0x00, 0x3D, 0x00, 0x00, 0x3D, 0x00, 0x00, 0x3D, 0x00, 0x00, 0x3D, 0x00, 0x00, 0x3D,
    0x00, 0x00, 0x3D, 0x00, 0x00, 0x3D, 0x00, 0xFF, 0xFF, 0xFF, 0xFF, 0xFF, 0xFF, 0x08, 0x00, 0x80,
    0x7C, 0x0F, 0x40, 0xFF, 0xFC, 0x00, 0xBF, 0x80, 0x00, 0x00, 0x00, 0x00, 0x00, 0x07, 0xFF, 0xFF,
    0x5F, 0xFF, 0xFD, 0x00, 0xB8, 0x00, 0x02, 0xE0, 0x00, 0x0B, 0x80, 0x00, 0x2E, 0x00, 0x00, 0xB8,
    0x00, 0x02, 0xE0, 0x00, 0x0B, 0x80, 0x00, 0x2E, 0x00, 0x00, 0xB8, 0x00, 0x02, 0xE0, 0x00, 0x0B,
    0x80, 0x00, 0x2E, 0x00, 0x00, 0xB8, 0x00, 0x02, 0xE0, 0x07, 0xFF, 0xFF, 0x5F, 0xFF, 0xFD, 0x09,
    0x00, 0x50, 0x0F, 0x42, 0xE0, 0x07, 0xFF, 0xC0, 0x01, 0xFE, 0x00, 0x00, 0x00, 0x00, 0x00, 0x00,
    0x00, 0x7F, 0xFD, 0x00, 0x7F, 0xFD, 0x00, 0x00, 0x3D, 0x00, 0x00, 0x3D, 0x00, 0x00, 0x3D, 0x00,
    0x00, 0x3D, 0x00, 0x00, 0x3D, 0x00, 0x00, 0x3D, 0x00, 0x00, 0x3D, 0x00, 0x00, 0x3D, 0x00, 0x00,
    0x3D, 0x00, 0x00, 0x3D, 0x00, 0xFF, 0xFF, 0xFF, 0xFF, 0xFF, 0xFF, 0x7F, 0xFF, 0xF5, 0xFF, 0xFF,
    0xD0, 0x0B, 0x80, 0x00, 0x2E, 0x00, 0x00, 0xB8, 0x00, 0x02, 0xE0, 0x00, 0x0B, 0x80, 0x00, 0x2E,
    0x00, 0x00, 0xB8, 0x00, 0x02, 0xE0, 0x00, 0x0B, 0x80, 0x00, 0x2E, 0x00, 0x00, 0xB8, 0x00, 0x02,
    0xE0, 0x00, 0x0B, 0x80, 0x00, 0x2E, 0x00, 0x7F, 0xFF, 0xF5, 0xFF, 0xFF, 0xD0, 0x0E, 0x00, 0x00,
    0xF0, 0x00, 0x07, 0xC0, 0x00, 0x0F, 0xF8, 0x00, 0x1F, 0xE0, 0x00, 0x00, 0x7C, 0x00, 0x00, 0xFE,
    0x00, 0x00, 0x7C, 0x00, 0x00, 0x00, 0x00, 0x00, 0x00, 0x00, 0x7F, 0xFD, 0x00, 0x7F, 0xFD, 0x00,
    0x00, 0x3D, 0x00, 0x00, 0x3D, 0x00, 0x00, 0x3D, 0x00, 0x00, 0x3D, 0x00, 0x00, 0x3D, 0x00, 0x00,
    0x3D, 0x00, 0x00, 0x3D, 0x00, 0x00, 0x3D, 0x00, 0x00, 0x3D, 0x00, 0x00, 0x3D, 0x00, 0xFF, 0xFF,
    0xFF, 0xFF, 0xFF, 0xFF, 0x00, 0xB0, 0x00, 0x02, 0xD0, 0x00, 0x03, 0xD0, 0x00, 0x03, 0xFF, 0x00,
    0x00, 0xBF, 0x00, 0x00, 0xB8, 0x00, 0x03, 0xF0, 0x00, 0x0B, 0x80, 0x00, 0x00, 0x00, 0x00, 0x00,
    0x01, 0xFF, 0xFF, 0xD7, 0xFF, 0xFF, 0x40, 0x2E, 0x00, 0x00, 0xB8, 0x00, 0x02, 0xE0, 0x00, 0x0B,
    0x80, 0x00, 0x2E, 0x00, 0x00, 0xB8, 0x00, 0x02, 0xE0, 0x00, 0x0B, 0x80, 0x00, 0x2E, 0x00, 0x00,
    0xB8, 0x00, 0x02, 0xE0, 0x00, 0x0B, 0x80, 0x00, 0x2E, 0x00, 0x00, 0xB8, 0x01, 0xFF, 0xFF, 0xD7,
    0xFF, 0xFF, 0x40, 0x7F, 0xFD, 0x00, 0x7F, 0xFD, 0x00, 0x00, 0x3D, 0x00, 0x00, 0x3D, 0x00, 0x00,
    0x3D, 0x00, 0x00, 0x3D, 0x00, 0x00, 0x3D, 0x00, 0x00, 0x3D, 0x00, 0x00, 0x3D, 0x00, 0x00, 0x3D,
    0x00, 0x00, 0x3D, 0x00, 0x00, 0x3D, 0x00, 0xFF, 0xFF, 0xFF, 0xFF, 0xFF, 0xFF, 0x00, 0x00, 0x19,
    0x00, 0x00, 0x03, 0xFD, 0x00, 0x00, 0x2E, 0x7D, 0x00, 0x02, 0xE0, 0x7D, 0x00, 0x00, 0x00, 0x00,
    0x00, 0x00, 0x00, 0x00, 0x00, 0x03, 0xD0, 0x00, 0x00, 0x0F, 0x40, 0x00, 0x00, 0x3D, 0x00, 0x00,
    0x00, 0xF4, 0x00, 0x00, 0x03, 0xD0, 0x00, 0x00, 0x0F, 0x40, 0x00, 0x00, 0x3D, 0x00, 0x00, 0x00,
    0xF4, 0x00, 0x00, 0x03, 0xD0, 0x00, 0x00, 0x0F, 0x40, 0x00, 0x00, 0x3D, 0x00, 0x00, 0x00, 0xF4,
    0x05, 0x00, 0x03, 0xD0, 0x3E, 0x00, 0x0F, 0x40, 0xBC, 0x00, 0x7C, 0x00, 0xF8, 0x07, 0xE0, 0x01,
    0xFF, 0xFF, 0x00, 0x00, 0xBF, 0xD0, 0x00, 0x00, 0x06, 0x40, 0x00, 0x0B, 0xF8, 0x00, 0x0B, 0xDF,
    0x80, 0x0B, 0xC0, 0xF8, 0x00, 0x00, 0x00, 0x00, 0x00, 0x00, 0x0F, 0xFF, 0xFC, 0x03, 0xFF, 0xFF,
    0x00, 0x00, 0x07, 0xC0, 0x00, 0x01, 0xF0, 0x00, 0x00, 0x7C, 0x00, 0x00, 0x1F, 0x00, 0x00, 0x07,
    0xC0, 0x00, 0x01, 0xF0, 0x00, 0x00, 0x7C, 0x00, 0x00, 0x1F, 0x00, 0x00, 0x07, 0xC0, 0x00, 0x01,
    0xF0, 0x00, 0x00, 0x7C, 0x00, 0x00, 0x1F, 0x00, 0x00, 0x0F, 0x80, 0x00, 0x0B, 0xC0, 0x0F, 0xFF,
    0xD0, 0x03, 0xFF, 0x80, 0x00, 0xB8, 0x00, 0x3D, 0xB8, 0x00, 0x7C, 0xB8, 0x00, 0xF4, 0xB8, 0x01,
    0xF0, 0xB8, 0x03, 0xD0, 0xB8, 0x07, 0xC0, 0xB8, 0x0F, 0x40, 0xB8, 0x1F, 0x00, 0xBF, 0xFD, 0x00,
    0xBF, 0xFD, 0x00, 0xB8, 0x2F, 0x00, 0xB8, 0x0F, 0x80, 0xB8, 0x0B, 0xC0, 0xB8, 0x03, 0xE0, 0xB8,
    0x01, 0xF0, 0xB8, 0x00, 0xF8, 0xB8, 0x00, 0x7C, 0xB8, 0x00, 0x3E, 0x00, 0x00, 0x00, 0x00, 0x00,
    0x00, 0x00, 0x19, 0x00, 0x00, 0xBC, 0x00, 0x00, 0xF4, 0x00, 0x03, 0xD0, 0x00, 0xB8, 0x00, 0x00,
    0xB8, 0x00, 0x00, 0xB8, 0x00, 0x00, 0xB8, 0x00, 0x00, 0xB8, 0x00, 0x3D, 0xB8, 0x00, 0xFC, 0xB8,
    0x01, 0xF0, 0xB8, 0x03, 0xD0, 0xB8, 0x0B, 0xC0, 0xB8, 0x1F, 0x00, 0xBF, 0xFE, 0x00, 0xBF, 0xFE,
    0x00, 0xB8, 0x1F, 0x40, 0xB8, 0x0B, 0xC0, 0xB8, 0x03, 0xE0, 0xB8, 0x01, 0xF4, 0xB8, 0x00, 0xBC,
    0xB8, 0x00, 0x3E, 0x00, 0x00, 0x00, 0x00, 0x00, 0x00, 0x00, 0x19, 0x00, 0x00, 0xBC, 0x00, 0x00,
    0xF4, 0x00, 0x03, 0xD0, 0x00, 0x7C, 0x00, 0x3E, 0x1F, 0x00, 0x2F, 0x07, 0xC0, 0x1F, 0x41, 0xF0,
    0x0F, 0x80, 0x7C, 0x0B, 0xC0, 0x1F, 0x03, 0xD0, 0x07, 0xFF, 0xE0, 0x01, 0xFF, 0xFC, 0x00, 0x7C,
    0x0F, 0x40, 0x1F, 0x01, 0xF0, 0x07, 0xC0, 0x3F, 0x01, 0xF0, 0x03, 0xD0, 0x7C, 0x00, 0x7C, 0x1F,
    0x00, 0x0F, 0xC0, 0x01, 0x90, 0x00, 0x03, 0xC0, 0x00, 0x0F, 0x40, 0x00, 0x2E, 0x00, 0x00, 0x00,
    0x00, 0x00, 0x00, 0x00, 0x00, 0x3E, 0x00, 0x00, 0x3E, 0x00, 0x00, 0x3E, 0x00, 0x00, 0x3E, 0x00,
    0x00, 0x3E, 0x00, 0x00, 0x3E, 0x00, 0x00, 0x3E, 0x00, 0x00, 0x3E, 0x00, 0x00, 0x3E, 0x00, 0x00,
    0x3E, 0x00, 0x00, 0x3E, 0x00, 0x00, 0x3E, 0x00, 0x00, 0x3E, 0x00, 0x00, 0x3E, 0x00, 0x00, 0x3E,
    0x00, 0x00, 0x3E, 0x00, 0x00, 0x3F, 0xFF, 0xFF, 0x3F, 0xFF, 0xFF, 0x00, 0x01, 0x80, 0x00, 0x00,
    0xBC, 0x00, 0x00, 0x1F, 0x00, 0x00, 0x03, 0xD0, 0x00, 0x00, 0x00, 0x00, 0x00, 0x00, 0x00, 0x00,
    0x7F, 0xFF, 0x00, 0x07, 0xFF, 0xF0, 0x00, 0x00, 0x2F, 0x00, 0x00, 0x02, 0xF0, 0x00, 0x00, 0x2F,
    0x00, 0x00, 0x02, 0xF0, 0x00, 0x00, 0x2F, 0x00, 0x00, 0x02, 0xF0, 0x00, 0x00, 0x2F, 0x00, 0x00,
    0x02, 0xF0, 0x00, 0x00, 0x2F, 0x00, 0x00, 0x02, 0xF0, 0x00, 0x00, 0x2F, 0x00, 0x00, 0x02, 0xF0,
    0x00, 0x00, 0x1F, 0x00, 0x00, 0x01, 0xF4, 0x00, 0x00, 0x0F, 0xFF, 0xF0, 0x00, 0x2F, 0xFF, 0xF8,
    0x00, 0x03, 0xE0, 0x00, 0x0F, 0x80, 0x00, 0x3E, 0x00, 0x00, 0xF8, 0x00, 0x03, 0xE0, 0x00, 0x0F,
    0x80, 0x00, 0x3E, 0x00, 0x00, 0xF8, 0x00, 0x03, 0xE0, 0x00, 0x0F, 0x80, 0x00, 0x3E, 0x00, 0x00,
    0xF8, 0x00, 0x03, 0xE0, 0x00, 0x0F, 0x80, 0x00, 0x3E, 0x00, 0x00, 0xFF, 0xFF, 0xFF, 0xFF, 0xFF,
    0xF0, 0x00, 0x00, 0x00, 0x00, 0x00, 0x00, 0x19, 0x00, 0x02, 0xF0, 0x00, 0x0F, 0x40, 0x00, 0xF4,
    0x00, 0x7F, 0xFF, 0x00, 0x07, 0xFF, 0xF0, 0x00, 0x00, 0x2F, 0x00, 0x00, 0x02, 0xF0, 0x00, 0x00,
    0x2F, 0x00, 0x00, 0x02, 0xF0, 0x00, 0x00, 0x2F, 0x00, 0x00, 0x02, 0xF0, 0x00, 0x00, 0x2F, 0x00,
    0x00, 0x02, 0xF0, 0x00, 0x00, 0x2F, 0x00, 0x00, 0x02, 0xF0, 0x00, 0x00, 0x2F, 0x00, 0x00, 0x02,
    0xF0, 0x00, 0x00, 0x1F, 0x00, 0x00, 0x01, 0xF4, 0x00, 0x00, 0x0F, 0xFF, 0xF0, 0x00, 0x2F, 0xFF,
    0x00, 0x00, 0x00, 0x00, 0x00, 0x00, 0x00, 0x00, 0x01, 0x90, 0x00, 0x00, 0x3D, 0x00, 0x00, 0x0B,
    0x80, 0x00, 0x01, 0xF0, 0x00, 0xF8, 0x0F, 0x03, 0xE0, 0x3C, 0x0F, 0x80, 0xE0, 0x3E, 0x07, 0x80,
    0xF8, 0x00, 0x03, 0xE0, 0x00, 0x0F, 0x80, 0x00, 0x3E, 0x00, 0x00, 0xF8, 0x00, 0x03, 0xE0, 0x00,
    0x0F, 0x80, 0x00, 0x3E, 0x00, 0x00, 0xF8, 0x00, 0x03, 0xE0, 0x00, 0x0F, 0x80, 0x00, 0x3E, 0x00,
    0x00, 0xFF, 0xFF, 0xFF, 0xFF, 0xFF, 0xF0, 0x7F, 0xFF, 0x07, 0x87, 0xFF, 0xF0, 0xB4, 0x00, 0x2F,
    0x0B, 0x40, 0x02, 0xF0, 0xB0, 0x00, 0x2F, 0x00, 0x00, 0x02, 0xF0, 0x00, 0x00, 0x2F, 0x00, 0x00,
    0x02, 0xF0, 0x00, 0x00, 0x2F, 0x00, 0x00, 0x02, 0xF0, 0x00, 0x00, 0x2F, 0x00, 0x00, 0x02, 0xF0,
    0x00, 0x00, 0x2F, 0x00, 0x00, 0x02, 0xF0, 0x00, 0x00, 0x1F, 0x00, 0x00, 0x01, 0xF4, 0x00, 0x00,
    0x0F, 0xFF, 0xF0, 0x00, 0x2F, 0xFF, 0xF8, 0x00, 0x03, 0xE0, 0x00, 0x0F, 0x80, 0x00, 0x3E, 0x00,
    0x00, 0xF8, 0x00, 0x03, 0xE0, 0x00, 0x0F, 0x80, 0x00, 0x3E, 0x00, 0xBC, 0xF8, 0x07, 0xFB, 0xE0,
    0x1F, 0xEF, 0x80, 0x2F, 0x3E, 0x00, 0x00, 0xF8, 0x00, 0x03, 0xE0, 0x00, 0x0F, 0x80, 0x00, 0x3E,
    0x00, 0x00, 0xFF, 0xFF, 0xFF, 0xFF, 0xFF, 0xF0, 0xFF, 0xFD, 0x00, 0x00, 0xFF, 0xFD, 0x00, 0x00,
    0x00, 0x3D, 0x00, 0x00, 0x00, 0x3D, 0x00, 0x00, 0x00, 0x3D, 0x00, 0x00, 0x00, 0x3D, 0x00, 0x00,
    0x00, 0x3D, 0x00, 0x00, 0x00, 0x3D, 0x00, 0xBC, 0x00, 0x3D, 0x01, 0xFE, 0x00, 0x3D, 0x01, 0xFE,
    0x00, 0x3D, 0x00, 0xBC, 0x00, 0x3D, 0x00, 0x00, 0x00, 0x3D, 0x00, 0x00, 0x00, 0x3D, 0x00, 0x00,
    0x00, 0x3D, 0x00, 0x00, 0x00, 0x3E, 0x00, 0x00, 0x00, 0x1F, 0xFF, 0xD0, 0x00, 0x07, 0xFF, 0xD0,
    0x03, 0xE0, 0x00, 0x00, 0x3E, 0x00, 0x00, 0x03, 0xE0, 0x00, 0x00, 0x3E, 0x00, 0x00, 0x03, 0xE0,
    0x10, 0x00, 0x3E, 0x1F, 0x00, 0x03, 0xEB, 0xD0, 0x00, 0x3F, 0xE0, 0x00, 0x03, 0xF4, 0x00, 0x01,
    0xFE, 0x00, 0x00, 0x7F, 0xE0, 0x00, 0x06, 0x3E, 0x00, 0x00, 0x03, 0xE0, 0x00, 0x00, 0x3E, 0x00,
    0x00, 0x03, 0xE0, 0x00, 0x00, 0x3E, 0x00, 0x00, 0x03, 0xFF, 0xFF, 0xF0, 0x3F, 0xFF, 0xFF, 0x7F,
    0xFF, 0x00, 0x07, 0xFF, 0xF0, 0x00, 0x00, 0x2F, 0x00, 0x00, 0x02, 0xF0, 0x00, 0x00, 0x2F, 0x01,
    0x00, 0x02, 0xF1, 0xF0, 0x00, 0x2F, 0xBD, 0x00, 0x02, 0xFE, 0x00, 0x00, 0x2F, 0x40, 0x00, 0x1F,
    0xF0, 0x00, 0x07, 0xFF, 0x00, 0x00, 0xA2, 0xF0, 0x00, 0x00, 0x2F, 0x00, 0x00, 0x02, 0xF0, 0x00,
    0x00, 0x1F, 0x00, 0x00, 0x01, 0xF4, 0x00, 0x00, 0x0F, 0xFF, 0xF0, 0x00, 0x2F, 0xFF, 0x00, 0x02,
    0x40, 0x00, 0x3D, 0x00, 0x03, 0xE0, 0x00, 0x2E, 0x00, 0x00, 0x00, 0x00, 0x00, 0x00, 0x0F, 0xD0,
    0x07, 0xFF, 0xC0, 0x1F, 0xFF, 0x00, 0x7F, 0xEE, 0x01, 0xFF, 0x7C, 0x07, 0xFD, 0xF0, 0x1F, 0xF5,
    0xE0, 0x7F, 0xD3, 0xC1, 0xFF, 0x4B, 0x47, 0xFD, 0x1E, 0x1F, 0xF4, 0x3C, 0x7F, 0xD0, 0xB5, 0xFF,
    0x40, 0xF7, 0xFD, 0x03, 0xDF, 0xF4, 0x0B, 0xBF, 0xD0, 0x0F, 0xFF, 0x40, 0x3F, 0xFD, 0x00, 0x7F,
    0x00, 0x02, 0x40, 0x00, 0x3D, 0x00, 0x02, 0xE0, 0x00, 0x1F, 0x00, 0x00, 0x00, 0x00, 0x00, 0x00,
    0x0B, 0x8B, 0xF4, 0x2E, 0xFF, 0xF8, 0xBF, 0x02, 0xF6, 0xF0, 0x03, 0xEB, 0x80, 0x0B, 0xAE, 0x00,
    0x2F, 0xB8, 0x00, 0xBE, 0xE0, 0x02, 0xFB, 0x80, 0x0B, 0xEE, 0x00, 0x2F, 0xB8, 0x00, 0xBE, 0xE0,
    0x02, 0xFB, 0x80, 0x0B, 0xEE, 0x00, 0x2F, 0xFD, 0x00, 0x7F, 0xFC, 0x01, 0xFF, 0xF0, 0x07, 0xFE,
    0xE0, 0x1F, 0xF7, 0xC0, 0x7F, 0xDF, 0x01, 0xFF, 0x5E, 0x07, 0xFD, 0x3C, 0x1F, 0xF4, 0xB4, 0x7F,
    0xD1, 0xE1, 0xFF, 0x43, 0xC7, 0xFD, 0x0B, 0x5F, 0xF4, 0x0F, 0x7F, 0xD0, 0x3D, 0xFF, 0x40, 0xBB,
    0xFD, 0x00, 0xFF, 0xF4, 0x03, 0xFF, 0xD0, 0x07, 0xF0, 0x00, 0x00, 0x00, 0x00, 0x00, 0x00, 0x19,
    0x00, 0x02, 0xF0, 0x00, 0x0F, 0x40, 0x00, 0xF4, 0x00, 0xB8, 0xBF, 0x42, 0xEF, 0xFF, 0x8B, 0xF0,
    0x2F, 0x6F, 0x00, 0x3E, 0xB8, 0x00, 0xBA, 0xE0, 0x02, 0xFB, 0x80, 0x0B, 0xEE, 0x00, 0x2F, 0xB8,
    0x00, 0xBE, 0xE0, 0x02, 0xFB, 0x80, 0x0B, 0xEE, 0x00, 0x2F, 0xB8, 0x00, 0xBE, 0xE0, 0x02, 0xF0,
    0x00, 0x00, 0x00, 0x00, 0x00, 0x00, 0x19, 0x00, 0x02, 0xF0, 0x00, 0x0F, 0x40, 0x00, 0xF4, 0x00,
    0x19, 0x01, 0x90, 0x3E, 0x2F, 0x00, 0x3F, 0xF0, 0x00, 0x3F, 0x00, 0x00, 0x00, 0x00, 0x00, 0x00,
    0x0F, 0xD0, 0x07, 0xFF, 0xC0, 0x1F, 0xFF, 0x00, 0x7F, 0xEE, 0x01, 0xFF, 0x7C, 0x07, 0xFD, 0xF0,
    0x1F, 0xF5, 0xE0, 0x7F, 0xD3, 0xC1, 0xFF, 0x4B, 0x47, 0xFD, 0x1E, 0x1F, 0xF4, 0x3C, 0x7F, 0xD0,
    0xB5, 0xFF, 0x40, 0xF7, 0xFD, 0x03, 0xDF, 0xF4, 0x0B, 0xBF, 0xD0, 0x0F, 0xFF, 0x40, 0x3F, 0xFD,
    0x00, 0x7F, 0x19, 0x01, 0x90, 0x3E, 0x1F, 0x00, 0x3F, 0xF0, 0x00, 0x3F, 0x00, 0x00, 0x00, 0x00,
    0x00, 0x00, 0x0B, 0x8B, 0xF4, 0x2E, 0xFF, 0xF8, 0xBF, 0x02, 0xF6, 0xF0, 0x03, 0xEB, 0x80, 0x0B,
    0xAE, 0x00, 0x2F, 0xB8, 0x00, 0xBE, 0xE0, 0x02, 0xFB, 0x80, 0x0B, 0xEE, 0x00, 0x2F, 0xB8, 0x00,
    0xBE, 0xE0, 0x02, 0xFB, 0x80, 0x0B, 0xEE, 0x00, 0x2F, 0x01, 0x90, 0x00, 0x00, 0xBC, 0x00, 0x00,
    0x0F, 0x40, 0x00, 0x03, 0xD0, 0x00, 0x00, 0x00, 0x00, 0x00, 0x00, 0x00, 0x00, 0x00, 0x02, 0xE2,
    0xFD, 0x00, 0x2E, 0xFF, 0xF8, 0x02, 0xFC, 0x0B, 0xD0, 0x2F, 0x00, 0x3E, 0x02, 0xE0, 0x02, 0xE0,
    0x2E, 0x00, 0x2F, 0x02, 0xE0, 0x02, 0xF0, 0x2E, 0x00, 0x2F, 0x02, 0xE0, 0x02, 0xF0, 0x2E, 0x00,
    0x2F, 0x02, 0xE0, 0x02, 0xF0, 0x2E, 0x00, 0x2F, 0x02, 0xE0, 0x02, 0xF0, 0x2E, 0x00, 0x2F, 0xFD,
    0x00, 0x7F, 0xFC, 0x01, 0xFF, 0xF4, 0x07, 0xFE, 0xE0, 0x1F, 0xF7, 0xC0, 0x7F, 0xDB, 0x81, 0xFF,
    0x4F, 0x07, 0xFD, 0x3D, 0x1F, 0xF4, 0x78, 0x7F, 0xD0, 0xF1, 0xFF, 0x41, 0xE7, 0xFD, 0x03, 0xDF,
    0xF4, 0x0B, 0xBF, 0xD0, 0x0F, 0xFF, 0x40, 0x3F, 0xFD, 0x00, 0x7F, 0xF4, 0x00, 0xFF, 0xD0, 0x02,
    0xE0, 0x00, 0x0B, 0x80, 0x00, 0xBC, 0x00, 0xFF, 0xE0, 0x03, 0xF9, 0x00, 0xB8, 0xBF, 0x42, 0xEF,
    0xFF, 0x8B, 0xF0, 0x2F, 0x6F, 0x00, 0x3E, 0xB8, 0x00, 0xBA, 0xE0, 0x02, 0xEB, 0x80, 0x0B, 0xAE,
    0x00, 0x2E, 0xB8, 0x00, 0xBA, 0xE0, 0x02, 0xEB, 0x80, 0x0B, 0xAE, 0x00, 0x2E, 0xB8, 0x00, 0xBA,
    0xE0, 0x02, 0xE0, 0x00, 0x0F, 0x80, 0x00, 0xBC, 0x00, 0xFF, 0xD0, 0x03, 0xF9, 0x00, 0x2F, 0xFF,
    0xE0, 0xBF, 0xFF, 0x80, 0x00, 0x00, 0x00, 0x00, 0x00, 0x00, 0x00, 0x00, 0x1B, 0xF9, 0x01, 0xFF,
    0xFD, 0x0F, 0x80, 0xBC, 0xBC, 0x00, 0xFA, 0xE0, 0x02, 0xEF, 0x40, 0x07, 0xFD, 0x00, 0x1F, 0xF4,
    0x00, 0x7F, 0xD0, 0x01, 0xFF, 0x40, 0x07, 0xFD, 0x00, 0x1F, 0xF4, 0x00, 0x7F, 0xD0, 0x01, 0xFB,
    0x80, 0x0B, 0xAF, 0x00, 0x3E, 0x3E, 0x02, 0xF0, 0x7F, 0xFF, 0x40, 0x6F, 0xE4, 0x00, 0x2F, 0xFF,
    0xE0, 0xBF, 0xFF, 0x80, 0x00, 0x00, 0x00, 0x00, 0x00, 0x00, 0x00, 0x00, 0x1B, 0xF9, 0x01, 0xFF,
    0xFD, 0x0F, 0x80, 0xBC, 0xBC, 0x00, 0xFB, 0xD0, 0x01, 0xFF, 0x40, 0x07, 0xFD, 0x00, 0x1F, 0xF4,
    0x00, 0x7F, 0xD0, 0x01, 0xFF, 0x40, 0x07, 0xEF, 0x00, 0x3E, 0x3E, 0x02, 0xF0, 0x7F, 0xFF, 0x40,
    0x2F, 0xE0, 0x00, 0x08, 0x00, 0x80, 0x7C, 0x0F, 0x40, 0xFF, 0xFC, 0x00, 0xBF, 0x80, 0x00, 0x00,
    0x00, 0x00, 0x00, 0x00, 0x6F, 0xE4, 0x07, 0xFF, 0xF4, 0x3E, 0x02, 0xF2, 0xF0, 0x03, 0xEB, 0x80,
    0x0B, 0xBD, 0x00, 0x1F, 0xF4, 0x00, 0x7F, 0xD0, 0x01, 0xFF, 0x40, 0x07, 0xFD, 0x00, 0x1F, 0xF4,
    0x00, 0x7F, 0xD0, 0x01, 0xFF, 0x40, 0x07, 0xEE, 0x00, 0x2E, 0xBC, 0x00, 0xF8, 0xF8, 0x0B, 0xC1,
    0xFF, 0xFD, 0x01, 0xBF, 0x90, 0x08, 0x00, 0x80, 0x7C, 0x0F, 0x40, 0xFF, 0xFC, 0x00, 0xBF, 0x80,
    0x00, 0x00, 0x00, 0x00, 0x00, 0x00, 0x6F, 0xE4, 0x07, 0xFF, 0xF4, 0x3E, 0x02, 0xF2, 0xF0, 0x03,
    0xEF, 0x40, 0x07, 0xFD, 0x00, 0x1F, 0xF4, 0x00, 0x7F, 0xD0, 0x01, 0xFF, 0x40, 0x07, 0xFD, 0x00,
    0x1F, 0xBC, 0x00, 0xF8, 0xF8, 0x0B, 0xC1, 0xFF, 0xFD, 0x00, 0xBF, 0x80, 0x00, 0xF4, 0x7C, 0x02,
    0xE0, 0xF0, 0x07, 0xC3, 0xD0, 0x0F, 0x0B, 0x80, 0x00, 0x00, 0x00, 0x00, 0x00, 0x00, 0x06, 0xFE,
    0x40, 0x1F, 0xFF, 0xD0, 0x3E, 0x02, 0xF0, 0xBC, 0x00, 0xF8, 0xB8, 0x00, 0xB8, 0xF4, 0x00, 0x7C,
    0xF4, 0x00, 0x7C, 0xF4, 0x00, 0x7C, 0xF4, 0x00, 0x7C, 0xF4, 0x00, 0x7C, 0xF4, 0x00, 0x7C, 0xF4,
    0x00, 0x7C, 0xF4, 0x00, 0x7C, 0xB8, 0x00, 0xB8, 0xBC, 0x00, 0xF8, 0x3E, 0x02, 0xF0, 0x1F, 0xFF,
    0xD0, 0x06, 0xFE, 0x40, 0x00, 0xF4, 0x7C, 0x02, 0xE0, 0xF0, 0x07, 0xC3, 0xD0, 0x0F, 0x0B, 0x80,
    0x00, 0x00, 0x00, 0x00, 0x00, 0x00, 0x06, 0xFE, 0x40, 0x1F, 0xFF, 0xD0, 0x3E, 0x02, 0xF0, 0xBC,
    0x00, 0xF8, 0xF4, 0x00, 0x7C, 0xF4, 0x00, 0x7C, 0xF4, 0x00, 0x7C, 0xF4, 0x00, 0x7C, 0xF4, 0x00,
    0x7C, 0xF4, 0x00, 0x7C, 0xBC, 0x00, 0xF8, 0x3E, 0x02, 0xF0, 0x1F, 0xFF, 0xD0, 0x02, 0xFE, 0x00,
    0x0F, 0xE7, 0xFF, 0xD3, 0xFF, 0xBF, 0xFD, 0xBD, 0x1F, 0xC0, 0x0F, 0x40, 0x7C, 0x00, 0xF4, 0x07,
    0xC0, 0x0F, 0x40, 0x7C, 0x00, 0xF4, 0x07, 0xC0, 0x0F, 0x40, 0x7F, 0xFC, 0xF4, 0x07, 0xFF, 0xCF,
    0x40, 0x7C, 0x00, 0xF4, 0x07, 0xC0, 0x0F, 0x40, 0x7C, 0x00, 0xF4, 0x07, 0xC0, 0x0F, 0x40, 0x7C,
    0x00, 0xF4, 0x07, 0xC0, 0x0B, 0xD1, 0xFC, 0x00, 0x3F, 0xFB, 0xFF, 0xD0, 0xFE, 0x7F, 0xFD, 0x07,
    0xF4, 0x7F, 0x40, 0x7F, 0xFB, 0xFF, 0x43, 0xE0, 0xFC, 0x2F, 0x0F, 0x02, 0xE0, 0x3C, 0x3C, 0x0B,
    0x80, 0xF0, 0xF0, 0x2E, 0x03, 0xC3, 0xC0, 0xBF, 0xFF, 0x0F, 0x02, 0xFF, 0xFC, 0x3C, 0x0B, 0x80,
    0x00, 0xF0, 0x2E, 0x00, 0x03, 0xC0, 0xB8, 0x05, 0x0F, 0x83, 0xF0, 0xBC, 0x1F, 0xFE, 0xFF, 0xD0,
    0x1F, 0xD1, 0xFD, 0x00, 0x00, 0x02, 0x40, 0x00, 0x0F, 0x40, 0x00, 0x3E, 0x00, 0x00, 0xB8, 0x00,
    0x00, 0x00, 0x00, 0x00, 0x00, 0x00, 0xBF, 0xFF, 0x40, 0xBF, 0xFF, 0xF0, 0xB8, 0x01, 0xF8, 0xB8,
    0x00, 0x7C, 0xB8, 0x00, 0x3D, 0xB8, 0x00, 0x3D, 0xB8, 0x00, 0x7C, 0xB8, 0x01, 0xF8, 0xBF, 0xFF,
    0xF0, 0xBF, 0xFF, 0x40, 0xB8, 0x0F, 0x00, 0xB8, 0x0F, 0x80, 0xB8, 0x07, 0xC0, 0xB8, 0x03, 0xE0,
    0xB8, 0x01, 0xF0, 0xB8, 0x00, 0xF4, 0xB8, 0x00, 0xBC, 0xB8, 0x00, 0x3D, 0x00, 0x01, 0x80, 0x00,
    0x0B, 0xC0, 0x00, 0x1F, 0x00, 0x00, 0x3D, 0x00, 0x00, 0x00, 0x00, 0x00, 0x00, 0x00, 0x3C, 0x7F,
    0x80, 0x3D, 0xFF, 0xF0, 0x3F, 0x41, 0xFC, 0x3D, 0x00, 0x7C, 0x3C, 0x00, 0x3C, 0x3C, 0x00, 0x3D,
    0x3C, 0x00, 0x00, 0x3C, 0x00, 0x00, 0x3C, 0x00, 0x00, 0x3C, 0x00, 0x00, 0x3C, 0x00, 0x00, 0x3C,
    0x00, 0x00, 0x3C, 0x00, 0x00, 0x3C, 0x00, 0x00, 0xBF, 0xFF, 0x40, 0xBF, 0xFF, 0xF0, 0xB8, 0x01,
    0xF8, 0xB8, 0x00, 0x7C, 0xB8, 0x00, 0x3D, 0xB8, 0x00, 0x3D, 0xB8, 0x00, 0x7C, 0xB8, 0x01, 0xF8,
    0xBF, 0xFF, 0xF0, 0xBF, 0xFF, 0x40, 0xB8, 0x0F, 0x00, 0xB8, 0x0F, 0x80, 0xB8, 0x07, 0xC0, 0xB8,
    0x03, 0xE0, 0xB8, 0x01, 0xF0, 0xB8, 0x00, 0xF4, 0xB8, 0x00, 0xBC, 0xB8, 0x00, 0x3D, 0x00, 0x00,
    0x00, 0x00, 0x00, 0x00, 0x00, 0x19, 0x00, 0x00, 0xBC, 0x00, 0x00, 0xF4, 0x00, 0x03, 0xD0, 0x00,
    0x03, 0xC7, 0xF8, 0x00, 0x3D, 0xFF, 0xF0, 0x03, 0xF4, 0x1F, 0xC0, 0x3D, 0x00, 0x7C, 0x03, 0xC0,
    0x03, 0xC0, 0x3C, 0x00, 0x3D, 0x03, 0xC0, 0x00, 0x00, 0x3C, 0x00, 0x00, 0x03, 0xC0, 0x00, 0x00,
    0x3C, 0x00, 0x00, 0x03, 0xC0, 0x00, 0x00, 0x3C, 0x00, 0x00, 0x03, 0xC0, 0x00, 0x00, 0x3C, 0x00,
    0x00, 0x00, 0x00, 0x00, 0x00, 0x00, 0x00, 0x00, 0x01, 0x90, 0x00, 0x00, 0x7C, 0x00, 0x00, 0x0F,
    0x40, 0x00, 0x03, 0xE0, 0x00, 0x00, 0x19, 0x01, 0x90, 0x0F, 0x8B, 0xC0, 0x03, 0xFF, 0x00, 0x00,
    0xFC, 0x00, 0x00, 0x00, 0x00, 0x00, 0x00, 0x00, 0xBF, 0xFF, 0x40, 0xBF, 0xFF, 0xF0, 0xB8, 0x01,
    0xF8, 0xB8, 0x00, 0x7C, 0xB8, 0x00, 0x3D, 0xB8, 0x00, 0x3D, 0xB8, 0x00, 0x7C, 0xB8, 0x01, 0xF8,
    0xBF, 0xFF, 0xF0, 0xBF, 0xFF, 0x40, 0xB8, 0x0F, 0x00, 0xB8, 0x0F, 0x80, 0xB8, 0x07, 0xC0, 0xB8,
    0x03, 0xE0, 0xB8, 0x01, 0xF0, 0xB8, 0x00, 0xF4, 0xB8, 0x00, 0xBC, 0xB8, 0x00, 0x3D, 0x09, 0x00,
    0xA0, 0x0B, 0xC3, 0xE0, 0x02, 0xFF, 0x80, 0x00, 0xBE, 0x00, 0x00, 0x00, 0x00, 0x00, 0x00, 0x00,
    0x3C, 0x7F, 0x80, 0x3D, 0xFF, 0xF0, 0x3F, 0x41, 0xFC, 0x3D, 0x00, 0x7C, 0x3C, 0x00, 0x3C, 0x3C,
    0x00, 0x3D, 0x3C, 0x00, 0x00, 0x3C, 0x00, 0x00, 0x3C, 0x00, 0x00, 0x3C, 0x00, 0x00, 0x3C, 0x00,
    0x00, 0x3C, 0x00, 0x00, 0x3C, 0x00, 0x00, 0x3C, 0x00, 0x00, 0x00, 0x00, 0x90, 0x00, 0x00, 0xF4,
    0x00, 0x00, 0xF8, 0x00, 0x00, 0xB8, 0x00, 0x00, 0x00, 0x00, 0x00, 0x00, 0x00, 0x00, 0x1B, 0xF8,
    0x00, 0x1F, 0xFF, 0xD0, 0x0F, 0x80, 0xBC, 0x0B, 0xC0, 0x0F, 0x82, 0xE0, 0x01, 0x90, 0xB8, 0x00,
    0x00, 0x1F, 0x00, 0x00, 0x02, 0xF9, 0x00, 0x00, 0x2F, 0xFD, 0x00, 0x00, 0x6F, 0xF0, 0x00, 0x00,
    0x7E, 0x00, 0x00, 0x07, 0xC0, 0x00, 0x00, 0xF0, 0xF0, 0x00, 0x3C, 0x3E, 0x00, 0x1F, 0x0B, 0xE0,
    0x2F, 0x80, 0xBF, 0xFF, 0x80, 0x06, 0xFF, 0x40, 0x00, 0x02, 0x40, 0x00, 0x3D, 0x00, 0x03, 0xE0,
    0x00, 0x2E, 0x00, 0x00, 0x00, 0x00, 0x00, 0x00, 0x00, 0xBF, 0xF4, 0x0F, 0xFF, 0xFC, 0x7D, 0x01,
    0xF6, 0xE0, 0x01, 0x9B, 0x80, 0x00, 0x1F, 0x90, 0x00, 0x2F, 0xFF, 0x80, 0x06, 0xBF, 0xC0, 0x00,
    0x0F, 0x80, 0x00, 0x1F, 0xF4, 0x00, 0x7E, 0xF4, 0x07, 0xE3, 0xFF, 0xFF, 0x02, 0xFF, 0xE0, 0x00,
    0x19, 0x00, 0x00, 0x2F, 0xE0, 0x00, 0x2F, 0x7E, 0x00, 0x2F, 0x03, 0xE0, 0x00, 0x00, 0x00, 0x00,
    0x00, 0x00, 0x00, 0x1B, 0xF8, 0x00, 0x1F, 0xFF, 0xD0, 0x0F, 0x80, 0xBC, 0x0B, 0xC0, 0x0F, 0x82,
    0xE0, 0x01, 0x90, 0xB8, 0x00, 0x00, 0x1F, 0x00, 0x00, 0x02, 0xF9, 0x00, 0x00, 0x2F, 0xFD, 0x00,
    0x00, 0x6F, 0xF0, 0x00, 0x00, 0x7E, 0x00, 0x00, 0x07, 0xC0, 0x00, 0x00, 0xF0, 0xF0, 0x00, 0x3C,
    0x3E, 0x00, 0x1F, 0x0B, 0xE0, 0x2F, 0x80, 0xBF, 0xFF, 0x80, 0x06, 0xFF, 0x40, 0x00, 0x64, 0x00,
    0x0B, 0xF8, 0x00, 0xBD, 0xF8, 0x0B, 0xC0, 0xF8, 0x00, 0x00, 0x00, 0x00, 0x00, 0x00, 0xBF, 0xF4,
    0x0F, 0xFF, 0xFC, 0x7D, 0x01, 0xF6, 0xE0, 0x01, 0x9B, 0x80, 0x00, 0x1F, 0x90, 0x00, 0x2F, 0xFF,
    0x80, 0x06, 0xBF, 0xC0, 0x00, 0x0F, 0x80, 0x00, 0x1F, 0xF4, 0x00, 0x7E, 0xF4, 0x07, 0xE3, 0xFF,
    0xFF, 0x02, 0xFF, 0xE0, 0x01, 0xBF, 0x80, 0x01, 0xFF, 0xFD, 0x00, 0xF8, 0x0B, 0xC0, 0xBC, 0x00,
    0xF8, 0x2E, 0x00, 0x19, 0x0B, 0x80, 0x00, 0x01, 0xF0, 0x00, 0x00, 0x2F, 0x90, 0x00, 0x02, 0xFF,
    0xD0, 0x00, 0x06, 0xFF, 0x00, 0x00, 0x07, 0xE0, 0x00, 0x00, 0x7C, 0x00, 0x00, 0x0F, 0x0F, 0x00,
    0x03, 0xC3, 0xE0, 0x01, 0xF0, 0xBE, 0x02, 0xF8, 0x0B, 0xFF, 0xF8, 0x00, 0x6F, 0xF4, 0x00, 0x03,
    0x40, 0x00, 0x01, 0xFD, 0x00, 0x00, 0x03, 0xC0, 0x00, 0x00, 0xF0, 0x00, 0x0F, 0xF4, 0x00, 0x00,
    0x00, 0x00, 0x0B, 0xFF, 0x40, 0xFF, 0xFF, 0xC7, 0xD0, 0x1F, 0x6E, 0x00, 0x19, 0xB8, 0x00, 0x01,
    0xF9, 0x00, 0x02, 0xFF, 0xF8, 0x00, 0x6B, 0xFC, 0x00, 0x00, 0xF8, 0x00, 0x01, 0xFF, 0x40, 0x07,
    0xEF, 0x40, 0x7E, 0x3F, 0xFF, 0xF0, 0x2F, 0xFE, 0x00, 0x0E, 0x00, 0x00, 0x3F, 0x40, 0x00, 0x0F,
    0x40, 0x00, 0x3D, 0x00, 0x2F, 0xE0, 0x00, 0x00, 0x00, 0x06, 0x40, 0x64, 0x00, 0xF8, 0xBC, 0x00,
    0x0F, 0xFC, 0x00, 0x00, 0xFC, 0x00, 0x00, 0x00, 0x00, 0x00, 0x00, 0x00, 0x00, 0x1B, 0xF8, 0x00,
    0x1F, 0xFF, 0xD0, 0x0F, 0x80, 0xBC, 0x0B, 0xC0, 0x0F, 0x82, 0xE0, 0x01, 0x90, 0xB8, 0x00, 0x00,
    0x1F, 0x00, 0x00, 0x02, 0xF9, 0x00, 0x00, 0x2F, 0xFD, 0x00, 0x00, 0x6F, 0xF0, 0x00, 0x00, 0x7E,
    0x00, 0x00, 0x07, 0xC0, 0x00, 0x00, 0xF0, 0xF0, 0x00, 0x3C, 0x3E, 0x00, 0x1F, 0x0B, 0xE0, 0x2F,
    0x80, 0xBF, 0xFF, 0x80, 0x06, 0xFF, 0x40, 0x19, 0x01, 0x90, 0x3E, 0x2F, 0x00, 0x3F, 0xF0, 0x00,
    0x3F, 0x00, 0x00, 0x00, 0x00, 0x00, 0x00, 0x00, 0xBF, 0xF4, 0x0F, 0xFF, 0xFC, 0x7D, 0x01, 0xF6,
    0xE0, 0x01, 0x9B, 0x80, 0x00, 0x1F, 0x90, 0x00, 0x2F, 0xFF, 0x80, 0x06, 0xBF, 0xC0, 0x00, 0x0F,
    0x80, 0x00, 0x1F, 0xF4, 0x00, 0x7E, 0xF4, 0x07, 0xE3, 0xFF, 0xFF, 0x02, 0xFF, 0xE0, 0xBF, 0xFF,
    0xFF, 0xAF, 0xFF, 0xFF, 0xE0, 0x02, 0xE0, 0x00, 0x00, 0xB8, 0x00, 0x00, 0x2E, 0x00, 0x00, 0x0B,
    0x80, 0x00, 0x02, 0xE0, 0x00, 0x00, 0xB8, 0x00, 0x00, 0x2E, 0x00, 0x00, 0x0B, 0x80, 0x00, 0x02,
    0xE0, 0x00, 0x00, 0xB8, 0x00, 0x00, 0x2E, 0x00, 0x00, 0x0B, 0x80, 0x00, 0x02, 0xE0, 0x00, 0x00,
    0xB8, 0x00, 0x00, 0x2E, 0x00, 0x00, 0x0B, 0x80, 0x00, 0x00, 0xD0, 0x00, 0x00, 0x7E, 0x00, 0x00,
    0x01, 0xF0, 0x00, 0x00, 0x3C, 0x00, 0x03, 0xFD, 0x00, 0x00, 0x00, 0x00, 0x00, 0x60, 0x00, 0x00,
    0xF4, 0x00, 0x00, 0xF4, 0x00, 0x00, 0xF4, 0x00, 0xFF, 0xFF, 0xFF, 0xFF, 0xFF, 0xFF, 0x00, 0xF4,
    0x00, 0x00, 0xF4, 0x00, 0x00, 0xF4, 0x00, 0x00, 0xF4, 0x00, 0x00, 0xF4, 0x00, 0x00, 0xF4, 0x00,
    0x00, 0xF4, 0x00, 0x00, 0xF4, 0x00, 0x00, 0xF4, 0x00, 0x00, 0xBC, 0x00, 0x00, 0x3F, 0xFF, 0x00,
    0x0F, 0xFF, 0x00, 0x0B, 0x00, 0x00, 0x0F, 0xD0, 0x00, 0x00, 0xB8, 0x00, 0x00, 0xB8, 0x00, 0x1F,
    0xF0, 0x00, 0x00, 0x00, 0x06, 0x40, 0x64, 0x00, 0xF8, 0xBC, 0x00, 0x0F, 0xFC, 0x00, 0x00, 0xFC,
    0x00, 0x00, 0x00, 0x00, 0x00, 0x00, 0x00, 0x0B, 0xFF, 0xFF, 0xFA, 0xFF, 0xFF, 0xFE, 0x00, 0x2E,
    0x00, 0x00, 0x0B, 0x80, 0x00, 0x02, 0xE0, 0x00, 0x00, 0xB8, 0x00, 0x00, 0x2E, 0x00, 0x00, 0x0B,
    0x80, 0x00, 0x02, 0xE0, 0x00, 0x00, 0xB8, 0x00, 0x00, 0x2E, 0x00, 0x00, 0x0B, 0x80, 0x00, 0x02,
    0xE0, 0x00, 0x00, 0xB8, 0x00, 0x00, 0x2E, 0x00, 0x00, 0x0B, 0x80, 0x00, 0x02, 0xE0, 0x00, 0x00,
    0xB8, 0x00, 0x00, 0x00, 0x78, 0x00, 0x00, 0xB4, 0x00, 0x60, 0xB4, 0x00, 0xF4, 0xB0, 0x00, 0xF4,
    0x00, 0x00, 0xF4, 0x00, 0xFF, 0xFF, 0xFF, 0xFF, 0xFF, 0xFF, 0x00, 0xF4, 0x00, 0x00, 0xF4, 0x00,
    0x00, 0xF4, 0x00, 0x00, 0xF4, 0x00, 0x00, 0xF4, 0x00, 0x00, 0xF4, 0x00, 0x00, 0xF4, 0x00, 0x00,
    0xF4, 0x00, 0x00, 0xF4, 0x00, 0x00, 0xBC, 0x00, 0x00, 0x3F, 0xFF, 0x00, 0x0F, 0xFF, 0xBF, 0xFF,
    0xFF, 0xAF, 0xFF, 0xFF, 0xE0, 0x02, 0xE0, 0x00, 0x00, 0xB8, 0x00, 0x00, 0x2E, 0x00, 0x00, 0x0B,
    0x80, 0x00, 0x02, 0xE0, 0x00, 0x00, 0xB8, 0x00, 0x00, 0x2E, 0x00, 0x07, 0xFF, 0xFF, 0x41, 0xFF,
    0xFF, 0xD0, 0x00, 0xB8, 0x00, 0x00, 0x2E, 0x00, 0x00, 0x0B, 0x80, 0x00, 0x02, 0xE0, 0x00, 0x00,
    0xB8, 0x00, 0x00, 0x2E, 0x00, 0x00, 0x0B, 0x80, 0x00, 0x00, 0x60, 0x00, 0x00, 0xF4, 0x00, 0x00,
    0xF4, 0x00, 0x00, 0xF4, 0x00, 0xFF, 0xFF, 0xFF, 0xFF, 0xFF, 0xFF, 0x00, 0xF4, 0x00, 0x00, 0xF4,
    0x00, 0x00, 0xF4, 0x00, 0x00, 0xF4, 0x00, 0x3F, 0xFF, 0xFC, 0x3F, 0xFF, 0xFC, 0x00, 0xF4, 0x00,
    0x00, 0xF4, 0x00, 0x00, 0xF4, 0x00, 0x00, 0xBC, 0x00, 0x00, 0x7F, 0xFF, 0x00, 0x0F, 0xFF, 0x0B,
    0xD0, 0xD0, 0x7A, 0xEB, 0x41, 0xC1, 0xF8, 0x00, 0x00, 0x00, 0x00, 0x00, 0x03, 0xE0, 0x02, 0xFF,
    0x80, 0x0B, 0xFE, 0x00, 0x2F, 0xF8, 0x00, 0xBF, 0xE0, 0x02, 0xFF, 0x80, 0x0B, 0xFE, 0x00, 0x2F,
    0xF8, 0x00, 0xBF, 0xE0, 0x02, 0xFF, 0x80, 0x0B, 0xFE, 0x00, 0x2F, 0xF8, 0x00, 0xBE, 0xE0, 0x02,
    0xEB, 0x80, 0x0B, 0xAF, 0x00, 0x3E, 0x3E, 0x02, 0xF0, 0x7F, 0xFF, 0x40, 0x6F, 0xE4, 0x00, 0x0B,
    0xD0, 0xD0, 0x7A, 0xEB, 0x41, 0xC1, 0xF8, 0x00, 0x00, 0x00, 0x00, 0x00, 0x03, 0xE0, 0x02, 0xFF,
    0x80, 0x0B, 0xFE, 0x00, 0x2F, 0xF8, 0x00, 0xBF, 0xE0, 0x02, 0xFF, 0x80, 0x0B, 0xFE, 0x00, 0x2F,
    0xF8, 0x00, 0xBE, 0xE0, 0x02, 0xEB, 0x80, 0x0B, 0xAF, 0x00, 0x3D, 0x3E, 0x02, 0xF0, 0x7F, 0xFF,
    0x40, 0x2F, 0xE0, 0x00, 0x2F, 0xFF, 0xE0, 0xBF, 0xFF, 0x80, 0x00, 0x00, 0x00, 0x00, 0x00, 0x00,
    0x00, 0x03, 0xE0, 0x02, 0xFF, 0x80, 0x0B, 0xFE, 0x00, 0x2F, 0xF8, 0x00, 0xBF, 0xE0, 0x02, 0xFF,
    0x80, 0x0B, 0xFE, 0x00, 0x2F, 0xF8, 0x00, 0xBF, 0xE0, 0x02, 0xFF, 0x80, 0x0B, 0xFE, 0x00, 0x2F,
    0xF8, 0x00, 0xBE, 0xE0, 0x02, 0xEB, 0x80, 0x0B, 0xAF, 0x00, 0x3E, 0x3E, 0x02, 0xF0, 0x7F, 0xFF,
    0x40, 0x6F, 0xE4, 0x00, 0x2F, 0xFF, 0xE0, 0xBF, 0xFF, 0x80, 0x00, 0x00, 0x00, 0x00, 0x00, 0x00,
    0x00, 0x03, 0xE0, 0x02, 0xFF, 0x80, 0x0B, 0xFE, 0x00, 0x2F, 0xF8, 0x00, 0xBF, 0xE0, 0x02, 0xFF,
    0x80, 0x0B, 0xFE, 0x00, 0x2F, 0xF8, 0x00, 0xBE, 0xE0, 0x02, 0xEB, 0x80, 0x0B, 0xAF, 0x00, 0x3D,
    0x3E, 0x02, 0xF0, 0x7F, 0xFF, 0x40, 0x2F, 0xE0, 0x00, 0x08, 0x00, 0x80, 0x7C, 0x0F, 0x40, 0xFF,
    0xFC, 0x00, 0xBF, 0x80, 0x00, 0x00, 0x00, 0x00, 0x00, 0x0F, 0x80, 0x0B, 0xFE, 0x00, 0x2F, 0xF8,
    0x00, 0xBF, 0xE0, 0x02, 0xFF, 0x80, 0x0B, 0xFE, 0x00, 0x2F, 0xF8, 0x00, 0xBF, 0xE0, 0x02, 0xFF,
    0x80, 0x0B, 0xFE, 0x00, 0x2F, 0xF8, 0x00, 0xBF, 0xE0, 0x02, 0xFB, 0x80, 0x0B, 0xAE, 0x00, 0x2E,
    0xBC, 0x00, 0xF8, 0xF8, 0x0B, 0xC1, 0xFF, 0xFD, 0x01, 0xBF, 0x90, 0x08, 0x00, 0x80, 0x7C, 0x0F,
    0x40, 0xFF, 0xFC, 0x00, 0xBF, 0x80, 0x00, 0x00, 0x00, 0x00, 0x00, 0x0F, 0x80, 0x0B, 0xFE, 0x00,
    0x2F, 0xF8, 0x00, 0xBF, 0xE0, 0x02, 0xFF, 0x80, 0x0B, 0xFE, 0x00, 0x2F, 0xF8, 0x00, 0xBF, 0xE0,
    0x02, 0xFB, 0x80, 0x0B, 0xAE, 0x00, 0x2E, 0xBC, 0x00, 0xF4, 0xF8, 0x0B, 0xC1, 0xFF, 0xFD, 0x00,
    0xBF, 0x80, 0x01, 0xFD, 0x00, 0x0E, 0x2C, 0x00, 0x70, 0x34, 0x01, 0xD1, 0xD0, 0x02, 0xFE, 0x00,
    0x00, 0x00, 0x0F, 0x80, 0x0B, 0xFE, 0x00, 0x2F, 0xF8, 0x00, 0xBF, 0xE0, 0x02, 0xFF, 0x80, 0x0B,
    0xFE, 0x00, 0x2F, 0xF8, 0x00, 0xBF, 0xE0, 0x02, 0xFF, 0x80, 0x0B, 0xFE, 0x00, 0x2F, 0xF8, 0x00,
    0xBF, 0xE0, 0x02, 0xFB, 0x80, 0x0B, 0xAE, 0x00, 0x2E, 0xBC, 0x00, 0xF8, 0xF8, 0x0B, 0xC1, 0xFF,
    0xFD, 0x01, 0xBF, 0x90, 0x01, 0xFD, 0x00, 0x0E, 0x2C, 0x00, 0x70, 0x34, 0x01, 0xD1, 0xD0, 0x02,
    0xFE, 0x00, 0x00, 0x00, 0x0F, 0x80, 0x0B, 0xFE, 0x00, 0x2F, 0xF8, 0x00, 0xBF, 0xE0, 0x02, 0xFF,
    0x80, 0x0B, 0xFE, 0x00, 0x2F, 0xF8, 0x00, 0xBF, 0xE0, 0x02, 0xFB, 0x80, 0x0B, 0xAE, 0x00, 0x2E,
    0xBC, 0x00, 0xF4, 0xF8, 0x0B, 0xC1, 0xFF, 0xFD, 0x00, 0xBF, 0x80, 0x00, 0xF4, 0x7C, 0x02, 0xE0,
    0xF0, 0x07, 0xC3, 0xD0, 0x0F, 0x0B, 0x80, 0x00, 0x00, 0x00, 0x00, 0x00, 0x00, 0xF8, 0x00, 0xBC,
    0xF8, 0x00, 0xBC, 0xF8, 0x00, 0xBC, 0xF8, 0x00, 0xBC, 0xF8, 0x00, 0xBC, 0xF8, 0x00, 0xBC, 0xF8,
    0x00, 0xBC, 0xF8, 0x00, 0xBC, 0xF8, 0x00, 0xBC, 0xF8, 0x00, 0xBC, 0xF8, 0x00, 0xBC, 0xF8, 0x00,
    0xBC, 0xB8, 0x00, 0xB8, 0xB8, 0x00, 0xB8, 0xBC, 0x00, 0xF8, 0x3E, 0x02, 0xF0, 0x1F, 0xFF, 0xD0,
    0x06, 0xFE, 0x40, 0x00, 0xF4, 0x7C, 0x02, 0xE0, 0xF0, 0x07, 0xC3, 0xD0, 0x0F, 0x0B, 0x80, 0x00,
    0x00, 0x00, 0x00, 0x00, 0x00, 0xF8, 0x00, 0xBC, 0xF8, 0x00, 0xBC, 0xF8, 0x00, 0xBC, 0xF8, 0x00,
    0xBC, 0xF8, 0x00, 0xBC, 0xF8, 0x00, 0xBC, 0xF8, 0x00, 0xBC, 0xF8, 0x00, 0xBC, 0xB8, 0x00, 0xB8,
    0xB8, 0x00, 0xB8, 0xBC, 0x00, 0xF4, 0x3E, 0x02, 0xF0, 0x1F, 0xFF, 0xD0, 0x02, 0xFE, 0x00, 0xF8,
    0x00, 0xBF, 0xE0, 0x02, 0xFF, 0x80, 0x0B, 0xFE, 0x00, 0x2F, 0xF8, 0x00, 0xBF, 0xE0, 0x02, 0xFF,
    0x80, 0x0B, 0xFE, 0x00, 0x2F, 0xF8, 0x00, 0xBF, 0xE0, 0x02, 0xFF, 0x80, 0x0B, 0xFE, 0x00, 0x2F,
    0xB8, 0x00, 0xBA, 0xE0, 0x02, 0xEB, 0xC0, 0x0F, 0x4F, 0x80, 0xBC, 0x1F, 0xFF, 0xD0, 0x1B, 0xFC,
    0x00, 0x02, 0xC0, 0x00, 0x1E, 0x00, 0x00, 0xBC, 0x00, 0x01, 0xFF, 0x40, 0x01, 0xFD, 0x00, 0xF8,
    0x00, 0xBF, 0xE0, 0x02, 0xFF, 0x80, 0x0B, 0xFE, 0x00, 0x2F, 0xF8, 0x00, 0xBF, 0xE0, 0x02, 0xFF,
    0x80, 0x0B, 0xFE, 0x00, 0x2F, 0xB8, 0x00, 0xBA, 0xE0, 0x02, 0xEB, 0xC0, 0x0F, 0x8F, 0x80, 0xBC,
    0x1F, 0xFF, 0xE0, 0x0B, 0xFD, 0x00, 0x02, 0xD0, 0x00, 0x1E, 0x00, 0x00, 0xB4, 0x00, 0x01, 0xFA,
    0x00, 0x02, 0xFD, 0x00, 0x00, 0x06, 0x40, 0x00, 0x00, 0xBF, 0x80, 0x00, 0x0B, 0xDF, 0x80, 0x00,
    0xBC, 0x0F, 0x80, 0x00, 0x00, 0x00, 0x00, 0x00, 0x00, 0x00, 0x07, 0x80, 0xBC, 0x0B, 0x5E, 0x03,
    0xF0, 0x2D, 0x3C, 0x0F, 0xC0, 0xB0, 0xF0, 0x3B, 0x03, 0xC3, 0xC1, 0xDD, 0x0F, 0x0F, 0x07, 0x34,
    0x3C, 0x2D, 0x2C, 0xE0, 0xE0, 0xB4, 0xB3, 0x87, 0x81, 0xD3, 0x8B, 0x1D, 0x07, 0x8E, 0x2C, 0xB4,
    0x0E, 0x34, 0x72, 0xC0, 0x3C, 0xD1, 0xCB, 0x00, 0xF7, 0x03, 0x7C, 0x03, 0xDC, 0x0D, 0xF0, 0x0F,
    0xB0, 0x3B, 0x80, 0x2F, 0xC0, 0xFE, 0x00, 0xBE, 0x02, 0xF4, 0x01, 0xF8, 0x0B, 0xD0, 0x00, 0x06,
    0x40, 0x00, 0x00, 0xBF, 0x80, 0x00, 0x0B, 0xDF, 0x80, 0x00, 0xBC, 0x0F, 0x80, 0x00, 0x00, 0x00,
    0x00, 0x00, 0x00, 0x00, 0x03, 0xC0, 0xB8, 0x0B, 0x0F, 0x03, 0xF0, 0x3C, 0x3C, 0x0F, 0xC0, 0xF0,
    0xB0, 0x3B, 0x03, 0x81, 0xD1, 0xDD, 0x1D, 0x07, 0x8B, 0x38, 0x74, 0x0E, 0x3C, 0xF2, 0xC0, 0x3C,
    0xE2, 0xCB, 0x00, 0xF3, 0x47, 0x3C, 0x02, 0xDD, 0x1D, 0xE0, 0x0B, 0xB0, 0x3B, 0x40, 0x1F, 0xC0,
    0xFD, 0x00, 0x3F, 0x03, 0xF0, 0x00, 0xF8, 0x0B, 0xC0, 0x00, 0x06, 0x40, 0x00, 0x00, 0xBF, 0x80,
    0x00, 0x0B, 0xDF, 0x80, 0x00, 0xBC, 0x0F, 0x80, 0x00, 0x00, 0x00, 0x00, 0x00, 0x00, 0x00, 0x03,
    0xE0, 0x00, 0x1F, 0x07, 0xC0, 0x00, 0xF4, 0x0F, 0x40, 0x07, 0xC0, 0x1F, 0x00, 0x3D, 0x00, 0x3D,
    0x01, 0xF0, 0x00, 0x7C, 0x0F, 0x40, 0x00, 0xF4, 0x7C, 0x00, 0x01, 0xF3, 0xD0, 0x00, 0x03, 0xEF,
    0x00, 0x00, 0x07, 0xF4, 0x00, 0x00, 0x0F, 0xC0, 0x00, 0x00, 0x2E, 0x00, 0x00, 0x00, 0xB8, 0x00,
    0x00, 0x02, 0xE0, 0x00, 0x00, 0x0B, 0x80, 0x00, 0x00, 0x2E, 0x00, 0x00, 0x00, 0xB8, 0x00, 0x00,
    0x02, 0xE0, 0x00, 0x00, 0x19, 0x00, 0x00, 0x2F, 0xE0, 0x00, 0x2F, 0x7E, 0x00, 0x2F, 0x03, 0xE0,
    0x00, 0x00, 0x00, 0x00, 0x00, 0x00, 0x07, 0xC0, 0x00, 0xF4, 0xF4, 0x00, 0x7C, 0x2E, 0x00, 0x2E,
    0x07, 0xC0, 0x0F, 0x40, 0xF8, 0x07, 0xC0, 0x1F, 0x02, 0xE0, 0x03, 0xD0, 0xF0, 0x00, 0xB8, 0x7C,
    0x00, 0x0F, 0x3D, 0x00, 0x03, 0xEF, 0x00, 0x00, 0x7F, 0x80, 0x00, 0x0F, 0xD0, 0x00, 0x02, 0xF0,
    0x00, 0x00, 0xF8, 0x00, 0x00, 0x3C, 0x00, 0x00, 0x2E, 0x00, 0x00, 0x0F, 0x40, 0x00, 0x07, 0xC0,
    0x00, 0x01, 0xF0, 0x3D, 0x00, 0x0F, 0xD1, 0xFC, 0x00, 0x1F, 0x03, 0xD0, 0x00, 0x00, 0x00, 0x00,
    0x00, 0x00, 0x00, 0x00, 0xF8, 0x00, 0x07, 0xC1, 0xF0, 0x00, 0x3D, 0x03, 0xD0, 0x01, 0xF0, 0x07,
    0xC0, 0x0F, 0x40, 0x0F, 0x40, 0x7C, 0x00, 0x1F, 0x03, 0xD0, 0x00, 0x3D, 0x1F, 0x00, 0x00, 0x7C,
    0xF4, 0x00, 0x00, 0xFB, 0xC0, 0x00, 0x01, 0xFD, 0x00, 0x00, 0x03, 0xF0, 0x00, 0x00, 0x0B, 0x80,
    0x00, 0x00, 0x2E, 0x00, 0x00, 0x00, 0xB8, 0x00, 0x00, 0x02, 0xE0, 0x00, 0x00, 0x0B, 0x80, 0x00,
    0x00, 0x2E, 0x00, 0x00, 0x00, 0xB8, 0x00, 0x00, 0x00, 0x02, 0x40, 0x00, 0x3D, 0x00, 0x03, 0xE0,
    0x00, 0x2E, 0x00, 0x00, 0x00, 0x00, 0x00, 0x00, 0x0F, 0xFF, 0xFF, 0xBF, 0xFF, 0xFE, 0x00, 0x00,
    0xF4, 0x00, 0x0B, 0xC0, 0x00, 0x3D, 0x00, 0x02, 0xE0, 0x00, 0x1F, 0x00, 0x00, 0xF4, 0x00, 0x0B,
    0xC0, 0x00, 0x3D, 0x00, 0x02, 0xE0, 0x00, 0x1F, 0x00, 0x00, 0xF4, 0x00, 0x0B, 0xC0, 0x00, 0x3D,
    0x00, 0x02, 0xE0, 0x00, 0x0F, 0xFF, 0xFF, 0xFF, 0xFF, 0xFF, 0x00, 0x02, 0x40, 0x00, 0x3D, 0x00,
    0x03, 0xE0, 0x00, 0x2E, 0x00, 0x00, 0x00, 0x00, 0x00, 0x00, 0x0B, 0xFF, 0xFF, 0x6F, 0xFF, 0xFD,
    0x00, 0x01, 0xF4, 0x00, 0x0F, 0x40, 0x00, 0xF8, 0x00, 0x0F, 0xC0, 0x00, 0xBC, 0x00, 0x07, 0xD0,
    0x00, 0x3D, 0x00, 0x03, 0xE0, 0x00, 0x2F, 0x00, 0x02, 0xF0, 0x00, 0x0F, 0xFF, 0xFF, 0xFF, 0xFF,
    0xFF, 0x00, 0xB8, 0x00, 0x03, 0xF0, 0x00, 0x0B, 0x80, 0x00, 0x00, 0x00, 0x00, 0x00, 0x03, 0xFF,
    0xFF, 0xEF, 0xFF, 0xFF, 0x80, 0x00, 0x3D, 0x00, 0x02, 0xF0, 0x00, 0x0F, 0x40, 0x00, 0xB8, 0x00,
    0x07, 0xC0, 0x00, 0x3D, 0x00, 0x02, 0xF0, 0x00, 0x0F, 0x40, 0x00, 0xB8, 0x00, 0x07, 0xC0, 0x00,
    0x3D, 0x00, 0x02, 0xF0, 0x00, 0x0F, 0x40, 0x00, 0xB8, 0x00, 0x03, 0xFF, 0xFF, 0xFF, 0xFF, 0xFF,
    0xC0, 0x00, 0xB8, 0x00, 0x03, 0xF0, 0x00, 0x0B, 0x80, 0x00, 0x00, 0x00, 0x00, 0x00, 0x02, 0xFF,
    0xFF, 0xDB, 0xFF, 0xFF, 0x40, 0x00, 0x7D, 0x00, 0x03, 0xD0, 0x00, 0x3E, 0x00, 0x03, 0xF0, 0x00,
    0x2F, 0x00, 0x01, 0xF4, 0x00, 0x0F, 0x40, 0x00, 0xF8, 0x00, 0x0B, 0xC0, 0x00, 0xBC, 0x00, 0x03,
    0xFF, 0xFF, 0xFF, 0xFF, 0xFF, 0xC0, 0x19, 0x01, 0x90, 0x3E, 0x2F, 0x00, 0x3F, 0xF0, 0x00, 0x3F,
    0x00, 0x00, 0x00, 0x00, 0x00, 0x00, 0x0F, 0xFF, 0xFF, 0xBF, 0xFF, 0xFE, 0x00, 0x00, 0xF4, 0x00,
    0x0B, 0xC0, 0x00, 0x3D, 0x00, 0x02, 0xE0, 0x00, 0x1F, 0x00, 0x00, 0xF4, 0x00, 0x0B, 0xC0, 0x00,
    0x3D, 0x00, 0x02, 0xE0, 0x00, 0x1F, 0x00, 0x00, 0xF4, 0x00, 0x0B, 0xC0, 0x00, 0x3D, 0x00, 0x02,
    0xE0, 0x00, 0x0F, 0xFF, 0xFF, 0xFF, 0xFF, 0xFF, 0x19, 0x01, 0x90, 0x3E, 0x2F, 0x00, 0x3F, 0xF0,
    0x00, 0x3F, 0x00, 0x00, 0x00, 0x00, 0x00, 0x00, 0x0B, 0xFF, 0xFF, 0x6F, 0xFF, 0xFD, 0x00, 0x01,
    0xF4, 0x00, 0x0F, 0x40, 0x00, 0xF8, 0x00, 0x0F, 0xC0, 0x00, 0xBC, 0x00, 0x07, 0xD0, 0x00, 0x3D,
    0x00, 0x03, 0xE0, 0x00, 0x2F, 0x00, 0x02, 0xF0, 0x00, 0x0F, 0xFF, 0xFF, 0xFF, 0xFF, 0xFF, 0x0B,
    0xFF, 0xCF, 0xFF, 0xFB, 0xC0, 0x03, 0xD0, 0x00, 0xF4, 0x00, 0x3D, 0x00, 0x0F, 0x40, 0x03, 0xD0,
    0x00, 0xF4, 0x00, 0x3D, 0x00, 0x0F, 0x40, 0x03, 0xD0, 0x00, 0xF4, 0x00, 0x3D, 0x00, 0x0F, 0x40,
    0x03, 0xD0, 0x00, 0xF4, 0x00, 0x3D, 0x00, 0x00, 0x06, 0xFE, 0x40, 0x7F, 0xFF, 0x43, 0xE0, 0x2F,
    0x2F, 0x00, 0x3E, 0xB8, 0x00, 0xB8, 0x00, 0x02, 0xE0, 0x00, 0x0B, 0xC0, 0x00, 0x2F, 0xFF, 0xFF,
    0xFF, 0xFF, 0xFF, 0xFF, 0x80, 0x0B, 0xFE, 0x00, 0x2F, 0xB8, 0x00, 0xBA, 0xE0, 0x02, 0xEB, 0xC0,
    0x0F, 0x8F, 0x80, 0xBC, 0x1F, 0xFF, 0xD0, 0x0B, 0xF8, 0x00, 0x01, 0xBF, 0x90, 0x02, 0xFF, 0xFF,
    0x01, 0xF8, 0x07, 0xE0, 0xB8, 0x00, 0x7C, 0x2E, 0x00, 0x0A, 0x0B, 0xC0, 0x00, 0x00, 0xF8, 0x00,
    0x00, 0x0B, 0xFF, 0x00, 0x07, 0xFF, 0xC0, 0x07, 0xE0, 0x00, 0x03, 0xE0, 0x00, 0x00, 0xF0, 0x00,
    0x00, 0x7C, 0x00, 0x01, 0x0F, 0x00, 0x02, 0xE3, 0xE0, 0x00, 0xF4, 0x7E, 0x01, 0xFC, 0x0B, 0xFF,
    0xFC, 0x00, 0x6F, 0xF4, 0x00, 0x00, 0x02, 0xFF, 0xD0, 0x00, 0xFF, 0xFD, 0x00, 0x1F, 0x00, 0x00,
    0x01, 0xF0, 0x00, 0x00, 0x2F, 0x00, 0x00, 0x02, 0xF0, 0x00, 0x00, 0x2F, 0x00, 0x00, 0x02, 0xF0,
    0x00, 0x2F, 0xFF, 0xFF, 0xD2, 0xFF, 0xFF, 0xFD, 0x00, 0x2F, 0x00, 0x00, 0x02, 0xF0, 0x00, 0x00,
    0x2F, 0x00, 0x00, 0x02, 0xF0, 0x00, 0x00, 0x2F, 0x00, 0x00, 0x02, 0xF0, 0x00, 0x00, 0x2F, 0x00,
    0x00, 0x02, 0xE0, 0x00, 0x00, 0x3E, 0x00, 0x00, 0x0B, 0xC0, 0x00, 0xFF, 0xF8, 0x00, 0x0F, 0xF9,
    0x00, 0x00, 0x00, 0x00, 0x00, 0x00, 0x7C, 0x0A, 0x00, 0x0F, 0xAF, 0x80, 0x02, 0xFF, 0x40, 0x02,
    0xFE, 0x00, 0x0B, 0xFF, 0x80, 0x03, 0xD3, 0xF0, 0x00, 0x01, 0xFD, 0x00, 0x00, 0xBB, 0x80, 0x00,
    0x3C, 0xF0, 0x00, 0x2E, 0x3E, 0x00, 0x0F, 0x47, 0xC0, 0x07, 0xC0, 0xF4, 0x02, 0xE0, 0x2E, 0x00,
    0xF4, 0x07, 0xC0, 0x7C, 0x00, 0xF4, 0x3E, 0x00, 0x2F, 0x0F, 0x00, 0x03, 0xCB, 0xC0, 0x00, 0xF8,
    0x00, 0x00, 0x18, 0x00, 0x00, 0x2D, 0x00, 0x00, 0x2C, 0x06, 0xFE, 0x3C, 0x1F, 0xFF, 0xFC, 0x3E,
    0x02, 0xF0, 0xBC, 0x00, 0xF8, 0xB8, 0x00, 0xB8, 0xF4, 0x00, 0x7C, 0xF4, 0x00, 0x7C, 0xF4, 0x00,
    0x7C, 0xF4, 0x00, 0x7C, 0xF4, 0x00, 0x7C, 0xF4, 0x00, 0x7C, 0xF4, 0x00, 0x7C, 0xF4, 0x00, 0x7C,
    0xB8, 0x00, 0xB8, 0xBC, 0x00, 0xF8, 0x3E, 0x02, 0xF0, 0x1F, 0xFF, 0xD0, 0x06, 0xFE, 0x40, 0x00,
    0x00, 0x1E, 0x00, 0x00, 0x1D, 0x06, 0xFE, 0x6D, 0x1F, 0xFF, 0xFC, 0x3E, 0x02, 0xF0, 0xBC, 0x00,
    0xF8, 0xF4, 0x00, 0x7C, 0xF4, 0x00, 0x7C, 0xF4, 0x00, 0x7C, 0xF4, 0x00, 0x7C, 0xF4, 0x00, 0x7C,
    0xF4, 0x00, 0x7C, 0xBC, 0x00, 0xF8, 0x3E, 0x02, 0xF0, 0x1F, 0xFF, 0xD0, 0x02, 0xFE, 0x40, 0x00,
    0x00, 0x03, 0xC0, 0x00, 0x00, 0xF0, 0x00, 0x00, 0x3F, 0xE0, 0x02, 0xFD, 0xF8, 0x00, 0xBD, 0x3E,
    0x00, 0x2F, 0x0F, 0x80, 0x0B, 0xC3, 0xE0, 0x02, 0xF0, 0xF8, 0x00, 0xBC, 0x3E, 0x00, 0x2F, 0x0F,
    0x80, 0x0B, 0xC3, 0xE0, 0x02, 0xF0, 0xF8, 0x00, 0xBC, 0x3E, 0x00, 0x2F, 0x0F, 0x80, 0x0B, 0xC2,
    0xE0, 0x02, 0xE0, 0xB8, 0x00, 0xB8, 0x2F, 0x00, 0x3E, 0x03, 0xE0, 0x2F, 0x00, 0x7F, 0xFF, 0x40,
    0x06, 0xFE, 0x40, 0x00, 0x00, 0x00, 0x01, 0x80, 0x00, 0x00, 0xF0, 0x00, 0x00, 0x3F, 0xE0, 0x02,
    0xFF, 0xF8, 0x00, 0xBF, 0x7E, 0x00, 0x2F, 0x0F, 0x80, 0x0B, 0xC3, 0xE0, 0x02, 0xF0, 0xF8, 0x00,
    0xBC, 0x3E, 0x00, 0x2F, 0x0F, 0x80, 0x0B, 0xC2, 0xE0, 0x02, 0xE0, 0xB8, 0x00, 0xB8, 0x2F, 0x00,
    0x3E, 0x03, 0xE0, 0x2F, 0x00, 0x7F, 0xFF, 0x40, 0x02, 0xFE, 0x00, 0x00, 0x06, 0x40, 0x64, 0x00,
    0xF8, 0xBC, 0x00, 0x0F, 0xFC, 0x00, 0x00, 0xFC, 0x00, 0x00, 0x00, 0x00, 0x00, 0x00, 0x00, 0x00,
    0x03, 0xF0, 0x00, 0x01, 0xFD, 0x00, 0x00, 0xBB, 0x80, 0x00, 0x3D, 0xF0, 0x00, 0x0F, 0x3C, 0x00,
    0x07, 0x8B, 0x40, 0x02, 0xD1, 0xE0, 0x00, 0xF0, 0x3C, 0x00, 0x3C, 0x0F, 0x40, 0x2E, 0x02, 0xE0,
    0x0F, 0x40, 0x7C, 0x03, 0xFF, 0xFF, 0x01, 0xFF, 0xFF, 0xD0, 0xB8, 0x00, 0xB8, 0x3D, 0x00, 0x1F,
    0x0F, 0x00, 0x03, 0xC7, 0xC0, 0x00, 0xF6, 0xE0, 0x00, 0x2E, 0x06, 0x40, 0x64, 0x03, 0xE1, 0xF0,
    0x00, 0xFF, 0xC0, 0x00, 0x3F, 0x00, 0x00, 0x00, 0x00, 0x00, 0x00, 0x00, 0x01, 0xBF, 0x90, 0x0B,
    0xFF, 0xF8, 0x1F, 0x40, 0x7D, 0x15, 0x00, 0x2E, 0x00, 0x00, 0x2E, 0x02, 0xFF, 0xFE, 0x1F, 0xFF,
    0xFE, 0x3F, 0x00, 0x2E, 0x3C, 0x00, 0x2E, 0x7C, 0x00, 0x2E, 0x3C, 0x00, 0x3E, 0x3F, 0x41, 0xFE,
    0x1F, 0xFF, 0xEE, 0x02, 0xFE, 0x2E, 0x09, 0x00, 0x90, 0x0B, 0xC3, 0xD0, 0x02, 0xFF, 0x40, 0x00,
    0xBD, 0x00, 0x00, 0x00, 0x00, 0x00, 0x00, 0x00, 0x7F, 0xFD, 0x00, 0x7F, 0xFD, 0x00, 0x00, 0x3D,
    0x00, 0x00, 0x3D, 0x00, 0x00, 0x3D, 0x00, 0x00, 0x3D, 0x00, 0x00, 0x3D, 0x00, 0x00, 0x3D, 0x00,
    0x00, 0x3D, 0x00, 0x00, 0x3D, 0x00, 0x00, 0x3D, 0x00, 0x00, 0x3D, 0x00, 0xFF, 0xFF, 0xFF, 0xFF,
    0xFF, 0xFF, 0x19, 0x01, 0x90, 0x3E, 0x2F, 0x00, 0x3F, 0xF0, 0x00, 0x3F, 0x00, 0x00, 0x00, 0x00,
    0x00, 0x00, 0x00, 0x6F, 0xE4, 0x07, 0xFF, 0xF4, 0x3E, 0x02, 0xF2, 0xF0, 0x03, 0xEF, 0x40, 0x07,
    0xFD, 0x00, 0x1F, 0xF4, 0x00, 0x7F, 0xD0, 0x01, 0xFF, 0x40, 0x07, 0xFD, 0x00, 0x1F, 0xBC, 0x00,
    0xF8, 0xF8, 0x0B, 0xC1, 0xFF, 0xFD, 0x00, 0xBF, 0x80, 0x19, 0x01, 0x90, 0x3E, 0x2F, 0x00, 0x3F,
    0xF0, 0x00, 0x3F, 0x00, 0x00, 0x00, 0x00, 0x00, 0x00, 0x0F, 0x80, 0x0B, 0xFE, 0x00, 0x2F, 0xF8,
    0x00, 0xBF, 0xE0, 0x02, 0xFF, 0x80, 0x0B, 0xFE, 0x00, 0x2F, 0xF8, 0x00, 0xBF, 0xE0, 0x02, 0xFB,
    0x80, 0x0B, 0xAE, 0x00, 0x2E, 0xBC, 0x00, 0xF4, 0xF8, 0x0B, 0xC1, 0xFF, 0xFD, 0x00, 0xBF, 0x80,
    0x2F, 0xFF, 0xE0, 0xBF, 0xFF, 0x80, 0x00, 0x00, 0x00, 0x00, 0x00, 0x00, 0x00, 0x00, 0x00, 0x00,
    0x01, 0xF0, 0x3D, 0x0F, 0xD1, 0xFC, 0x1F, 0x03, 0xD0, 0x00, 0x00, 0x00, 0x00, 0x00, 0x3E, 0x00,
    0x2F, 0xF8, 0x00, 0xBF, 0xE0, 0x02, 0xFF, 0x80, 0x0B, 0xFE, 0x00, 0x2F, 0xF8, 0x00, 0xBF, 0xE0,
    0x02, 0xFF, 0x80, 0x0B, 0xEE, 0x00, 0x2E, 0xB8, 0x00, 0xBA, 0xF0, 0x03, 0xD3, 0xE0, 0x2F, 0x07,
    0xFF, 0xF4, 0x02, 0xFE, 0x00, 0x00, 0x02, 0x40, 0x00, 0x3D, 0x00, 0x03, 0xE0, 0x00, 0x2E, 0x00,
    0x00, 0x00, 0x00, 0x00, 0x00, 0x00, 0x00, 0x00, 0x07, 0xC0, 0xF4, 0x3F, 0x47, 0xF0, 0x7C, 0x0F,
    0x40, 0x00, 0x00, 0x00, 0x00, 0x00, 0xF8, 0x00, 0xBF, 0xE0, 0x02, 0xFF, 0x80, 0x0B, 0xFE, 0x00,
    0x2F, 0xF8, 0x00, 0xBF, 0xE0, 0x02, 0xFF, 0x80, 0x0B, 0xFE, 0x00, 0x2F, 0xB8, 0x00, 0xBA, 0xE0,
    0x02, 0xEB, 0xC0, 0x0F, 0x4F, 0x80, 0xBC, 0x1F, 0xFF, 0xD0, 0x0B, 0xF8, 0x00, 0x19, 0x01, 0x90,
    0x3E, 0x2F, 0x00, 0x3F, 0xF0, 0x00, 0x3F, 0x00, 0x00, 0x00, 0x00, 0x00, 0x00, 0x00, 0x00, 0x00,
    0x07, 0xC0, 0xF4, 0x3F, 0x47, 0xF0, 0x7C, 0x0F, 0x40, 0x00, 0x00, 0x00, 0x00, 0x00, 0xF8, 0x00,
    0xBF, 0xE0, 0x02, 0xFF, 0x80, 0x0B, 0xFE, 0x00, 0x2F, 0xF8, 0x00, 0xBF, 0xE0, 0x02, 0xFF, 0x80,
    0x0B, 0xFE, 0x00, 0x2F, 0xB8, 0x00, 0xBA, 0xE0, 0x02, 0xEB, 0xC0, 0x0F, 0x4F, 0x80, 0xBC, 0x1F,
    0xFF, 0xD0, 0x0B, 0xF8, 0x00, 0x06, 0x00, 0x00, 0x1F, 0x00, 0x00, 0x2F, 0x00, 0x00, 0x2E, 0x00,
    0x00, 0x00, 0x00, 0x00, 0x00, 0x00, 0x00, 0x00, 0x07, 0xC0, 0xF4, 0x3F, 0x47, 0xF0, 0x7C, 0x0F,
    0x40, 0x00, 0x00, 0x00, 0x00, 0x00, 0xF8, 0x00, 0xBF, 0xE0, 0x02, 0xFF, 0x80, 0x0B, 0xFE, 0x00,
    0x2F, 0xF8, 0x00, 0xBF, 0xE0, 0x02, 0xFF, 0x80, 0x0B, 0xFE, 0x00, 0x2F, 0xB8, 0x00, 0xBA, 0xE0,
    0x02, 0xEB, 0xC0, 0x0F, 0x4F, 0x80, 0xBC, 0x1F, 0xFF, 0xD0, 0x0B, 0xF8, 0x00, 0x19, 0x01, 0x90,
    0x3E, 0x2F, 0x00, 0x3F, 0xF0, 0x00, 0x3F, 0x00, 0x00, 0x00, 0x00, 0x00, 0x00, 0x00, 0x6F, 0xE4,
    0x07, 0xFF, 0xF8, 0x3E, 0x02, 0xF6, 0xF0, 0x02, 0xFF, 0x80, 0x07, 0xBD, 0x00, 0x00, 0xF4, 0x00,
    0x03, 0xD0, 0x00, 0x0F, 0x43, 0xFF, 0xFD, 0x0F, 0xFF, 0xF4, 0x00, 0x7F, 0xD0, 0x01, 0xFF, 0x40,
    0x07, 0xFE, 0x00, 0x1F, 0xBC, 0x00, 0xF8, 0xF8, 0x0B, 0xD1, 0xFF, 0xFE, 0x01, 0xBF, 0x90, 0x19,
    0x01, 0x90, 0x3D, 0x2F, 0x00, 0x3F, 0xF0, 0x00, 0x3F, 0x00, 0x00, 0x00, 0x00, 0x00, 0x00, 0x00,
    0x7F, 0x8B, 0x8B, 0xFF, 0xEE, 0x7E, 0x03, 0xFA, 0xF0, 0x03, 0xEF, 0x80, 0x0B, 0xBD, 0x00, 0x2E,
    0xF4, 0x00, 0xBB, 0xD0, 0x02, 0xEF, 0x80, 0x0B, 0xAF, 0x00, 0x3E, 0x7E, 0x03, 0xF8, 0xBF, 0xFE,
    0xE0, 0x7F, 0x8B, 0x80, 0x00, 0x2E, 0x00, 0x00, 0xF8, 0x00, 0x0B, 0xD0, 0xFF, 0xFE, 0x03, 0xFF,
    0xD0, 0x06, 0xFE, 0x40, 0x7F, 0xFF, 0x43, 0xE0, 0x2F, 0x2F, 0x00, 0x3E, 0xF8, 0x00, 0xBF, 0xD0,
    0x01, 0xFF, 0x40, 0x07, 0xFD, 0x00, 0x1F, 0xF4, 0x00, 0x7F, 0xD0, 0x01, 0xFF, 0x40, 0x07, 0xFD,
    0x00, 0x1F, 0xF4, 0x00, 0x7F, 0xE0, 0x02, 0xEB, 0xC0, 0x0F, 0x8F, 0x80, 0xBC, 0x1F, 0xFF, 0xD0,
    0x1B, 0xFC, 0x00, 0x02, 0xC0, 0x00, 0x1E, 0x00, 0x00, 0xBC, 0x00, 0x01, 0xFF, 0x40, 0x01, 0xFD,
    0x00, 0x06, 0xFE, 0x40, 0x7F, 0xFF, 0x43, 0xE0, 0x2F, 0x2F, 0x00, 0x3E, 0xB8, 0x00, 0xBF, 0xD0,
    0x01, 0xFF, 0x40, 0x07, 0xFD, 0x00, 0x1F, 0xF4, 0x00, 0x7E, 0xE0, 0x02, 0xEB, 0xC0, 0x0F, 0x8F,
    0x80, 0xBC, 0x1F, 0xFF, 0xD0, 0x1B, 0xFC, 0x00, 0x02, 0xC0, 0x00, 0x1D, 0x00, 0x00, 0xB8, 0x00,
    0x01, 0xFF, 0x40, 0x02, 0xFD, 0x00, 0x00, 0x02, 0x40, 0x00, 0x3D, 0x00, 0x03, 0xE0, 0x00, 0x2E,
    0x00, 0x00, 0x00, 0x00, 0x00, 0x00, 0x00, 0x6F, 0xE4, 0x07, 0xFF, 0xF8, 0x3E, 0x02, 0xF6, 0xF0,
    0x02, 0xFF, 0x80, 0x07, 0xBD, 0x00, 0x00, 0xF4, 0x00, 0x03, 0xD0, 0x00, 0x0F, 0x43, 0xFF, 0xFD,
    0x0F, 0xFF, 0xF4, 0x00, 0x7F, 0xD0, 0x01, 0xFF, 0x40, 0x07, 0xFE, 0x00, 0x1F, 0xBC, 0x00, 0xF8,
    0xF8, 0x0B, 0xD1, 0xFF, 0xFE, 0x01, 0xBF, 0x90, 0x00, 0x06, 0x40, 0x00, 0x3D, 0x00, 0x03, 0xD0,
    0x00, 0x2E, 0x00, 0x00, 0x00, 0x00, 0x00, 0x00, 0x00, 0x7F, 0x8B, 0x8B, 0xFF, 0xEE, 0x7E, 0x03,
    0xFA, 0xF0, 0x03, 0xEF, 0x80, 0x0B, 0xBD, 0x00, 0x2E, 0xF4, 0x00, 0xBB, 0xD0, 0x02, 0xEF, 0x80,
    0x0B, 0xAF, 0x00, 0x3E, 0x7E, 0x03, 0xF8, 0xBF, 0xFE, 0xE0, 0x7F, 0x8B, 0x80, 0x00, 0x2E, 0x00,
    0x00, 0xF8, 0x00, 0x0B, 0xD0, 0xFF, 0xFE, 0x03, 0xFF, 0xD0, 0x00, 0x00, 0x24, 0x00, 0x00, 0x03,
    0xD0, 0x00, 0x00, 0x3E, 0x00, 0x00, 0x02, 0xE0, 0x00, 0x00, 0x00, 0x00, 0x00, 0x00, 0x00, 0x00,
    0x00, 0x0B, 0xFF, 0xFF, 0x40, 0x3F, 0xFF, 0xFD, 0x00, 0xF1, 0xE0, 0x00, 0x07, 0xC7, 0x80, 0x00,
    0x2E, 0x1E, 0x00, 0x00, 0xB4, 0x78, 0x00, 0x03, 0xD1, 0xE0, 0x00, 0x0F, 0x07, 0x80, 0x00, 0x7C,
    0x1F, 0xFE, 0x02, 0xE0, 0x7F, 0xF8, 0x0B, 0x41, 0xE0, 0x00, 0x3F, 0xFF, 0x80, 0x00, 0xFF, 0xFE,
    0x00, 0x07, 0xC0, 0x78, 0x00, 0x2E, 0x01, 0xE0, 0x00, 0xB8, 0x07, 0x80, 0x03, 0xD0, 0x1F, 0xFF,
    0x4F, 0x00, 0x7F, 0xFD, 0x00, 0x00, 0x24, 0x00, 0x00, 0x03, 0xD0, 0x00, 0x00, 0x3E, 0x00, 0x00,
    0x02, 0xE0, 0x00, 0x00, 0x00, 0x00, 0x00, 0x00, 0x00, 0x00, 0x00, 0x7F, 0x47, 0xF4, 0x03, 0xFF,
    0x7F, 0xF4, 0x2E, 0x0F, 0xC1, 0xF0, 0xA0, 0x1E, 0x03, 0xC0, 0x00, 0x78, 0x0F, 0x00, 0x01, 0xE0,
    0x3C, 0x07, 0xFF, 0xFF, 0xF0, 0x7F, 0xFF, 0xFF, 0xC3, 0xE0, 0x78, 0x00, 0x0F, 0x01, 0xE0, 0x00,
    0x3C, 0x07, 0x80, 0x50, 0xF4, 0x3F, 0x07, 0xC1, 0xFF, 0xDF, 0xFD, 0x01, 0xFD, 0x1F, 0xD0, 0x00,
    0x00, 0x24, 0x00, 0x00, 0x03, 0xD0, 0x00, 0x00, 0x3E, 0x00, 0x00, 0x02, 0xE0, 0x00, 0x00, 0x00,
    0x00, 0x00, 0x00, 0x00, 0x03, 0xC0, 0x06, 0xFE, 0x6D, 0x00, 0x7F, 0xFF, 0xF0, 0x03, 0xE0, 0x2F,
    0x80, 0x2F, 0x00, 0x3E, 0x00, 0xF8, 0x02, 0xF8, 0x03, 0xD0, 0x1F, 0xF0, 0x0F, 0x40, 0xFB, 0xC0,
    0x3D, 0x0B, 0x9F, 0x00, 0xF4, 0x3C, 0x7C, 0x03, 0xD2, 0xD1, 0xF0, 0x0F, 0x5F, 0x07, 0xC0, 0x3D,
    0xF0, 0x1F, 0x00, 0xFF, 0x80, 0x7C, 0x02, 0xFC, 0x02, 0xF0, 0x0B, 0xD0, 0x0F, 0x80, 0x1F, 0x80,
    0xBC, 0x00, 0xFF, 0xFF, 0xD0, 0x0B, 0x9B, 0xF9, 0x00, 0x14, 0x00, 0x00, 0x00, 0x00, 0x00, 0x24,
    0x00, 0x00, 0x03, 0xD0, 0x00, 0x00, 0x3E, 0x00, 0x00, 0x02, 0xE0, 0x00, 0x00, 0x00, 0x00, 0x00,
    0x00, 0x00, 0x07, 0xC0, 0x06, 0xFE, 0x7C, 0x00, 0x7F, 0xFF, 0xE0, 0x03, 0xE0, 0x3F, 0x00, 0x2F,
    0x00, 0xFE, 0x00, 0xB4, 0x0F, 0xF8, 0x03, 0xD0, 0xB9, 0xF0, 0x0F, 0x43, 0xC7, 0xC0, 0x3D, 0x3C,
    0x1F, 0x00, 0xF6, 0xD0, 0x7C, 0x02, 0xEE, 0x01, 0xE0, 0x0B, 0xF0, 0x0F, 0x80, 0x0F, 0x80, 0xBC,
    0x00, 0xBF, 0xFF, 0xD0, 0x07, 0xCB, 0xF9, 0x00, 0x14, 0x00, 0x00, 0x00, 0x01, 0xBF, 0x80, 0x01,
    0xFF, 0xFD, 0x00, 0xF8, 0x0B, 0xC0, 0xBC, 0x00, 0xF8, 0x2E, 0x00, 0x19, 0x0B, 0x80, 0x00, 0x01,
    0xF0, 0x00, 0x00, 0x2F, 0x90, 0x00, 0x02, 0xFF, 0xD0, 0x00, 0x06, 0xFF, 0x00, 0x00, 0x07, 0xE0,
    0x00, 0x00, 0x7C, 0x00, 0x00, 0x0F, 0x0F, 0x00, 0x03, 0xC3, 0xE0, 0x01, 0xF0, 0xBE, 0x02, 0xF8,
    0x0B, 0xFF, 0xF8, 0x00, 0x6F, 0xF4, 0x00, 0x00, 0x00, 0x00, 0x00, 0x00, 0x00, 0x00, 0x06, 0x40,
    0x00, 0x0B, 0xC0, 0x00, 0x03, 0xD0, 0x00, 0x03, 0xD0, 0x00, 0x0B, 0xFF, 0x40, 0xFF, 0xFF, 0xC7,
    0xD0, 0x1F, 0x6E, 0x00, 0x19, 0xB8, 0x00, 0x01, 0xF9, 0x00, 0x02, 0xFF, 0xF8, 0x00, 0x6B, 0xFC,
    0x00, 0x00, 0xF8, 0x00, 0x01, 0xFF, 0x40, 0x07, 0xEF, 0x40, 0x7E, 0x3F, 0xFF, 0xF0, 0x2F, 0xFE,
    0x00, 0x00, 0x00, 0x00, 0x00, 0x00, 0x00, 0x19, 0x00, 0x02, 0xF0, 0x00, 0x0F, 0x40, 0x00, 0xF4,
    0x00, 0xBF, 0xFF, 0xFF, 0xAF, 0xFF, 0xFF, 0xE0, 0x02, 0xE0, 0x00, 0x00, 0xB8, 0x00, 0x00, 0x2E,
    0x00, 0x00, 0x0B, 0x80, 0x00, 0x02, 0xE0, 0x00, 0x00, 0xB8, 0x00, 0x00, 0x2E, 0x00, 0x00, 0x0B,
    0x80, 0x00, 0x02, 0xE0, 0x00, 0x00, 0xB8, 0x00, 0x00, 0x2E, 0x00, 0x00, 0x0B, 0x80, 0x00, 0x02,
    0xE0, 0x00, 0x00, 0xB8, 0x00, 0x00, 0x2E, 0x00, 0x00, 0x0B, 0x80, 0x00, 0x00, 0x00, 0x00, 0x00,
    0x00, 0x00, 0x00, 0x06, 0x40, 0x00, 0x0B, 0xC0, 0x00, 0x03, 0xD0, 0x00, 0x03, 0xD0, 0x00, 0x00,
    0x60, 0x00, 0x00, 0xF4, 0x00, 0x00, 0xF4, 0x00, 0x00, 0xF4, 0x00, 0xFF, 0xFF, 0xFF, 0xFF, 0xFF,
    0xFF, 0x00, 0xF4, 0x00, 0x00, 0xF4, 0x00, 0x00, 0xF4, 0x00, 0x00, 0xF4, 0x00, 0x00, 0xF4, 0x00,
    0x00, 0xF4, 0x00, 0x00, 0xF4, 0x00, 0x00, 0xF4, 0x00, 0x00, 0xF4, 0x00, 0x00, 0xBC, 0x00, 0x00,
    0x3F, 0xFF, 0x00, 0x0F, 0xFF, 0x00, 0x00, 0x00, 0x00, 0x00, 0x00, 0x00, 0x01, 0x90, 0x00, 0x03,
    0xD0, 0x00, 0x0B, 0x80, 0x00, 0x1F, 0x00, 0x02, 0xFF, 0xFE, 0x00, 0x0B, 0xFF, 0xF8, 0x00, 0x00,
    0x00, 0x00, 0x00, 0x00, 0x00, 0x00, 0x00, 0x00, 0x00, 0x00, 0xF8, 0x00, 0x07, 0xC1, 0xF0, 0x00,
    0x3D, 0x03, 0xD0, 0x01, 0xF0, 0x07, 0xC0, 0x0F, 0x40, 0x0F, 0x40, 0x7C, 0x00, 0x1F, 0x03, 0xD0,
    0x00, 0x3D, 0x1F, 0x00, 0x00, 0x7C, 0xF4, 0x00, 0x00, 0xFB, 0xC0, 0x00, 0x01, 0xFD, 0x00, 0x00,
    0x03, 0xF0, 0x00, 0x00, 0x0B, 0x80, 0x00, 0x00, 0x2E, 0x00, 0x00, 0x00, 0xB8, 0x00, 0x00, 0x02,
    0xE0, 0x00, 0x00, 0x0B, 0x80, 0x00, 0x00, 0x2E, 0x00, 0x00, 0x00, 0xB8, 0x00, 0x00, 0x0B, 0xFF,
    0xF8, 0x02, 0xFF, 0xFE, 0x00, 0x00, 0x00, 0x00, 0x00, 0x00, 0x00, 0x00, 0x00, 0x00, 0x1F, 0x00,
    0x03, 0xD3, 0xD0, 0x01, 0xF0, 0xB8, 0x00, 0xB8, 0x1F, 0x00, 0x3D, 0x03, 0xE0, 0x1F, 0x00, 0x7C,
    0x0B, 0x80, 0x0F, 0x43, 0xC0, 0x02, 0xE1, 0xF0, 0x00, 0x3C, 0xF4, 0x00, 0x0F, 0xBC, 0x00, 0x01,
    0xFE, 0x00, 0x00, 0x3F, 0x40, 0x00, 0x0B, 0xC0, 0x00, 0x03, 0xE0, 0x00, 0x00, 0xF0, 0x00, 0x00,
    0xB8, 0x00, 0x00, 0x3D, 0x00, 0x00, 0x1F, 0x00, 0x00, 0xFF, 0xFF, 0xFF, 0xFF, 0xF0, 0x00, 0x7C,
    0x00, 0x1F, 0x00, 0x07, 0xC0, 0x01, 0xF0, 0x00, 0x7C, 0x00, 0x1F, 0x00, 0x07, 0xC0, 0x01, 0xF0,
    0x00, 0x7C, 0x00, 0x1F, 0x00, 0x07, 0xC0, 0x01, 0xF0, 0x00, 0xF8, 0x00, 0xBC, 0xFF, 0xFD, 0x3F,
    0xF8, 0x00, 0x06, 0xFE, 0x00, 0xBF, 0xFF, 0x47, 0xD0, 0x2F, 0x19, 0x00, 0x3E, 0x00, 0x00, 0xB8,
    0x00, 0x01, 0xEF, 0xFF, 0xFF, 0xFF, 0xFF, 0xFF, 0xB4, 0x00, 0x7A, 0xE0, 0x02, 0xE7, 0xC0, 0x0F,
    0x8F, 0x80, 0xBC, 0x1F, 0xFF, 0xD0, 0x0B, 0xF8, 0x00, 0x64, 0x03, 0xD0, 0x1F, 0x00, 0x7C, 0x01,
    0x90, 0x7C, 0x0F, 0x43, 0xD0, 0x00, 0x64, 0x00, 0x0B, 0xF8, 0x00, 0xBD, 0xF8, 0x0B, 0xC0, 0xF8,
    0x2F, 0x43, 0x5E, 0xBA, 0xD7, 0x07, 0xE0, 0xBF, 0xFF, 0xAF, 0xFF, 0xE0, 0x20, 0x02, 0x1F, 0x03,
    0xD3, 0xFF, 0xF0, 0x2F, 0xE0, 0x2E, 0x0F, 0xC2, 0xE0, 0x7C, 0x0F, 0x7F, 0x47, 0xF7, 0xC0, 0xF4,
    0xFF, 0x7F, 0xF0, 0x3C, 0x1E, 0x0F, 0x00, 0x1F, 0xD0, 0xE2, 0xC7, 0x03, 0x5D, 0x1D, 0x2F, 0xE0,
    0x00, 0x00, 0x03, 0xD1, 0xF0, 0x2E, 0x0F, 0x01, 0xF0, 0xF4, 0x0F, 0x0B, 0x80, 0x19, 0x01, 0x90,
    0x3E, 0x2F, 0x00, 0x3F, 0xF0, 0x00, 0x3F, 0x00, 0x3D, 0x1F, 0x00, 0x3C, 0x2E, 0x00, 0x7C, 0x3D,
    0x00, 0xB4, 0x3C, 0x03, 0xC0, 0x7C, 0x0F, 0x81, 0xF0, 0x3F, 0x07, 0xE0, 0x09, 0x1E, 0x1E, 0xBD,
    0xF8, 0x2E, 0x0F, 0xC2, 0xE0, 0x1F, 0xD0, 0xE2, 0xC7, 0x03, 0x5D, 0x1D, 0x2F, 0xE0, 0x00, 0x00,
    0x01, 0x90, 0xBC, 0x0F, 0x43, 0xD0, 0x38, 0x07, 0x90, 0x07, 0xC0, 0x3C, 0xFF, 0x40, 0x00, 0x06,
    0x01, 0xE0, 0x3C, 0x07, 0xC0, 0x3E, 0x91, 0xFE, 0xFF, 0xFF, 0xFF, 0xFF, 0xFF, 0xFF, 0xFF, 0xFF,
    0xF0, 0x00, 0x00, 0x00, 0x90, 0x00, 0x00, 0x0F, 0x40, 0x00, 0x00, 0xB8, 0x00, 0x00, 0x07, 0xC0,
    0x00, 0x00, 0x3D, 0x00, 0x00, 0x02, 0xE0, 0x00, 0x00, 0x1F, 0x00, 0x00, 0x00, 0xF0, 0x00, 0x00,
    0x0F, 0x40, 0x00, 0x00, 0xB8, 0x00, 0x00, 0x03, 0xC0, 0x00, 0x00, 0x3D, 0x00, 0x00, 0x02, 0xE0,
    0x00, 0x00, 0x1F, 0x00, 0x00, 0x00, 0xF0, 0x00, 0x00, 0x0F, 0x40, 0x00, 0x00, 0x00, 0x00, 0xB0,
    0x00, 0x03, 0x80, 0x00, 0x1C, 0x00, 0x00, 0xF0, 0x00, 0x03, 0x40, 0x00, 0x2C, 0x00, 0x00, 0xE0,
    0x00, 0x07, 0x00, 0x00, 0x38, 0x00, 0x01, 0xD0, 0x00, 0x0B, 0x00, 0x00, 0x34, 0x00, 0x02, 0xC0,
    0x00, 0x0E, 0x00, 0x00, 0x70, 0x00, 0x03, 0xC0, 0x00, 0x0D, 0x00, 0x00, 0xB0, 0x00, 0x03, 0x80,
    0x00, 0x00, 0x0F, 0xC1, 0xFC, 0x2F, 0x43, 0xF0, 0x3E, 0x07, 0xC0, 0xB8, 0x0B, 0x40, 0x1F, 0x0B,
    0xC3, 0xF0, 0xF8, 0x3D, 0x1F, 0x07, 0xC2, 0xE0, 0x3F, 0x2F, 0xEB, 0xF8, 0xFC, 0x00, 0x00, 0x00,
    0x00, 0x00, 0x00, 0x00, 0x02, 0xF0, 0xFC, 0x3E, 0x0F, 0x47, 0xC1, 0xF0, 0xBC, 0x3E, 0x00, 0x02,
    0x80, 0xF8, 0x2F, 0x07, 0xC0, 0x00, 0x18, 0x00, 0x0F, 0x00, 0x0B, 0x00, 0x03, 0x40, 0xBC, 0x0F,
    0xBF, 0x47, 0xF7, 0xC0, 0xF4, 0x2F, 0x0F, 0xC0, 0x03, 0xD1, 0xFD, 0x00, 0x3C, 0x2E, 0xE0, 0x0B,
    0x83, 0xDF, 0x00, 0x00, 0x3C, 0xF0, 0x00, 0x07, 0x8B, 0x40, 0x00, 0xB4, 0x78, 0x00, 0x0F, 0x03,
    0xC0, 0x00, 0xF0, 0x3D, 0x00, 0x2E, 0x02, 0xE0, 0x03, 0xD0, 0x1F, 0x00, 0x3F, 0xFF, 0xF0, 0x07,
    0xFF, 0xFF, 0x40, 0xB8, 0x00, 0xB8, 0x0F, 0x40, 0x07, 0xC0, 0xF0, 0x00, 0x3C, 0x1F, 0x00, 0x03,
    0xD2, 0xE0, 0x00, 0x2E, 0x2E, 0x1F, 0xD7, 0xF4, 0xB8, 0x2E, 0x2F, 0xFF, 0xFF, 0x3D, 0x2F, 0xFF,
    0xFF, 0x7C, 0x2E, 0x00, 0x00, 0xB4, 0x2E, 0x00, 0x00, 0x00, 0x2E, 0x00, 0x00, 0x00, 0x2E, 0x00,
    0x00, 0x00, 0x2E, 0x00, 0x00, 0x00, 0x2F, 0xFF, 0xFC, 0x00, 0x2F, 0xFF, 0xFC, 0x00, 0x2E, 0x00,
    0x00, 0x00, 0x2E, 0x00, 0x00, 0x00, 0x2E, 0x00, 0x00, 0x00, 0x2E, 0x00, 0x00, 0x00, 0x2E, 0x00,
    0x00, 0x00, 0x2E, 0x00, 0x00, 0x00, 0x2E, 0x00, 0x00, 0x00, 0x2F, 0xFF, 0xFF, 0x00, 0x2F, 0xFF,
    0xFF, 0x2E, 0x2E, 0x00, 0x2E, 0x3D, 0x2E, 0x00, 0x2E, 0x7C, 0x2E, 0x00, 0x2E, 0xB4, 0x2E, 0x00,
    0x2E, 0x00, 0x2E, 0x00, 0x2E, 0x00, 0x2E, 0x00, 0x2E, 0x00, 0x2E, 0x00, 0x2E, 0x00, 0x2E, 0x00,
    0x2E, 0x00, 0x2F, 0xFF, 0xFE, 0x00, 0x2F, 0xFF, 0xFE, 0x00, 0x2E, 0x00, 0x2E, 0x00, 0x2E, 0x00,
    0x2E, 0x00, 0x2E, 0x00, 0x2E, 0x00, 0x2E, 0x00, 0x2E, 0x00, 0x2E, 0x00, 0x2E, 0x00, 0x2E, 0x00,
    0x2E, 0x00, 0x2E, 0x00, 0x2E, 0x00, 0x2E, 0x00, 0x2E, 0x2E, 0x1F, 0xFF, 0xFD, 0x3D, 0x1F, 0xFF,
    0xFD, 0x7C, 0x00, 0x2E, 0x00, 0xB4, 0x00, 0x2E, 0x00, 0x00, 0x00, 0x2E, 0x00, 0x00, 0x00, 0x2E,
    0x00, 0x00, 0x00, 0x2E, 0x00, 0x00, 0x00, 0x2E, 0x00, 0x00, 0x00, 0x2E, 0x00, 0x00, 0x00, 0x2E,
    0x00, 0x00, 0x00, 0x2E, 0x00, 0x00, 0x00, 0x2E, 0x00, 0x00, 0x00, 0x2E, 0x00, 0x00, 0x00, 0x2E,
    0x00, 0x00, 0x00, 0x2E, 0x00, 0x00, 0x00, 0x2E, 0x00, 0x00, 0x1F, 0xFF, 0xFD, 0x00, 0x1F, 0xFF,
    0xFD, 0x3E, 0x06, 0xFE, 0x40, 0xF0, 0x7F, 0xFF, 0x47, 0xC3, 0xE0, 0x2F, 0x3D, 0x2F, 0x00, 0x3E,
    0x00, 0xB8, 0x00, 0xB8, 0x03, 0xD0, 0x01, 0xF0, 0x0F, 0x40, 0x07, 0xC0, 0x3D, 0x00, 0x1F, 0x00,
    0xF4, 0x00, 0x7C, 0x03, 0xD0, 0x01, 0xF0, 0x0F, 0x40, 0x07, 0xC0, 0x3D, 0x00, 0x1F, 0x00, 0xF4,
    0x00, 0x7C, 0x02, 0xE0, 0x02, 0xE0, 0x0B, 0xC0, 0x0F, 0x80, 0x0F, 0x80, 0xBC, 0x00, 0x1F, 0xFF,
    0xD0, 0x00, 0x1B, 0xF9, 0x00, 0x0F, 0x7E, 0x00, 0x01, 0xF0, 0x7C, 0x7C, 0x00, 0x0F, 0x42, 0xE0,
    0xF4, 0x00, 0x7C, 0x0F, 0x01, 0xF0, 0x03, 0xD0, 0x00, 0x03, 0xD0, 0x1F, 0x00, 0x00, 0x07, 0xC0,
    0xF4, 0x00, 0x00, 0x0F, 0x47, 0xC0, 0x00, 0x00, 0x1F, 0x3D, 0x00, 0x00, 0x00, 0x3E, 0xF0, 0x00,
    0x00, 0x00, 0x7F, 0x40, 0x00, 0x00, 0x00, 0xFC, 0x00, 0x00, 0x00, 0x02, 0xE0, 0x00, 0x00, 0x00,
    0x0B, 0x80, 0x00, 0x00, 0x00, 0x2E, 0x00, 0x00, 0x00, 0x00, 0xB8, 0x00, 0x00, 0x00, 0x02, 0xE0,
    0x00, 0x00, 0x00, 0x0B, 0x80, 0x00, 0x00, 0x00, 0x2E, 0x00, 0x00, 0x3E, 0x06, 0xFE, 0x40, 0x3C,
    0x2F, 0xFF, 0xE0, 0x7C, 0x7E, 0x02, 0xF4, 0xF4, 0xB8, 0x00, 0xB8, 0x00, 0xF4, 0x00, 0x7C, 0x00,
    0xF4, 0x00, 0x7C, 0x00, 0xF4, 0x00, 0x7C, 0x00, 0xF4, 0x00, 0x7C, 0x00, 0xF4, 0x00, 0x7C, 0x00,
    0xF4, 0x00, 0x7C, 0x00, 0xF4, 0x00, 0x7C, 0x00, 0xF4, 0x00, 0x7C, 0x00, 0xF4, 0x00, 0x7C, 0x00,
    0xF4, 0x00, 0x7C, 0x00, 0x7C, 0x00, 0xF4, 0x00, 0x1F, 0x47, 0xD0, 0x03, 0xFF, 0x8B, 0xFF, 0x03,
    0xFF, 0x8B, 0xFF, 0x00, 0x01, 0x80, 0x00, 0x00, 0xF0, 0x00, 0x00, 0xB0, 0x00, 0x00, 0x34, 0x00,
    0x0B, 0xC0, 0xF8, 0x03, 0xF4, 0x7F, 0x00, 0x7C, 0x0F, 0x40, 0x00, 0x00, 0x00, 0x00, 0x00, 0x00,
    0x2F, 0xFF, 0x80, 0x0B, 0xFF, 0xE0, 0x00, 0x00, 0xF8, 0x00, 0x00, 0x3E, 0x00, 0x00, 0x0F, 0x80,
    0x00, 0x03, 0xE0, 0x00, 0x00, 0xF8, 0x00, 0x00, 0x3E, 0x00, 0x00, 0x0F, 0x80, 0x00, 0x03, 0xE0,
    0x00, 0x00, 0xB8, 0x00, 0x00, 0x2F, 0x00, 0x00, 0x03, 0xFF, 0xF0, 0x00, 0x2F, 0xFC, 0x00, 0x3F,
    0x00, 0x00, 0x1F, 0xD0, 0x00, 0x0B, 0xB8, 0x00, 0x03, 0xDF, 0x00, 0x00, 0xF3, 0xC0, 0x00, 0x78,
    0xB4, 0x00, 0x2D, 0x1E, 0x00, 0x0F, 0x03, 0xC0, 0x03, 0xC0, 0xF4, 0x02, 0xE0, 0x2E, 0x00, 0xF4,
    0x07, 0xC0, 0x3F, 0xFF, 0xF0, 0x1F, 0xFF, 0xFD, 0x0B, 0x80, 0x0B, 0x83, 0xD0, 0x01, 0xF0, 0xF0,
    0x00, 0x3C, 0x7C, 0x00, 0x0F, 0x6E, 0x00, 0x02, 0xE0, 0xBF, 0xFE, 0x40, 0xBF, 0xFF, 0xE0, 0xB8,
    0x02, 0xF4, 0xB8, 0x00, 0xF8, 0xB8, 0x00, 0x7C, 0xB8, 0x00, 0x78, 0xB8, 0x00, 0xF4, 0xB8, 0x02,
    0xF0, 0xBF, 0xFF, 0x80, 0xBF, 0xFF, 0xD0, 0xB8, 0x02, 0xF4, 0xB8, 0x00, 0x7C, 0xB8, 0x00, 0x3C,
    0xB8, 0x00, 0x3C, 0xB8, 0x00, 0x7C, 0xB8, 0x01, 0xF8, 0xBF, 0xFF, 0xF0, 0xBF, 0xFF, 0x80, 0xFF,
    0xFF, 0xFF, 0xFF, 0xFF, 0xFF, 0x80, 0x00, 0x3E, 0x00, 0x00, 0xF8, 0x00, 0x03, 0xE0, 0x00, 0x0F,
    0x80, 0x00, 0x3E, 0x00, 0x00, 0xF8, 0x00, 0x03, 0xE0, 0x00, 0x0F, 0x80, 0x00, 0x3E, 0x00, 0x00,
    0xF8, 0x00, 0x03, 0xE0, 0x00, 0x0F, 0x80, 0x00, 0x3E, 0x00, 0x00, 0xF8, 0x00, 0x03, 0xE0, 0x00,
    0x00, 0x00, 0x3F, 0x00, 0x00, 0x1F, 0xD0, 0x00, 0x0B, 0xF8, 0x00, 0x03, 0xDF, 0x00, 0x00, 0xF3,
    0xC0, 0x00, 0x78, 0xB4, 0x00, 0x2D, 0x1E, 0x00, 0x0F, 0x03, 0xC0, 0x03, 0xC0, 0xF4, 0x02, 0xE0,
    0x2E, 0x00, 0xF4, 0x07, 0xC0, 0x3C, 0x00, 0xF0, 0x1F, 0x00, 0x3D, 0x0B, 0x80, 0x0B, 0x83, 0xD0,
    0x01, 0xF0, 0xF0, 0x00, 0x3C, 0x7F, 0xFF, 0xFF, 0x6F, 0xFF, 0xFF, 0xE0, 0xBF, 0xFF, 0xFE, 0xFF,
    0xFF, 0xFB, 0x80, 0x00, 0x2E, 0x00, 0x00, 0xB8, 0x00, 0x02, 0xE0, 0x00, 0x0B, 0x80, 0x00, 0x2F,
    0xFF, 0xFC, 0xBF, 0xFF, 0xF2, 0xE0, 0x00, 0x0B, 0x80, 0x00, 0x2E, 0x00, 0x00, 0xB8, 0x00, 0x02,
    0xE0, 0x00, 0x0B, 0x80, 0x00, 0x2E, 0x00, 0x00, 0xBF, 0xFF, 0xFE, 0xFF, 0xFF, 0xF0, 0xFF, 0xFF,
    0xFB, 0xFF, 0xFF, 0xE0, 0x00, 0x0F, 0x40, 0x00, 0xBC, 0x00, 0x03, 0xD0, 0x00, 0x2E, 0x00, 0x01,
    0xF0, 0x00, 0x0F, 0x40, 0x00, 0xBC, 0x00, 0x03, 0xD0, 0x00, 0x2E, 0x00, 0x01, 0xF0, 0x00, 0x0F,
    0x40, 0x00, 0xBC, 0x00, 0x03, 0xD0, 0x00, 0x2E, 0x00, 0x00, 0xFF, 0xFF, 0xFF, 0xFF, 0xFF, 0xF0,
    0xB8, 0x00, 0xBA, 0xE0, 0x02, 0xEB, 0x80, 0x0B, 0xAE, 0x00, 0x2E, 0xB8, 0x00, 0xBA, 0xE0, 0x02,
    0xEB, 0x80, 0x0B, 0xAE, 0x00, 0x2E, 0xBF, 0xFF, 0xFA, 0xFF, 0xFF, 0xEB, 0x80, 0x0B, 0xAE, 0x00,
    0x2E, 0xB8, 0x00, 0xBA, 0xE0, 0x02, 0xEB, 0x80, 0x0B, 0xAE, 0x00, 0x2E, 0xB8, 0x00, 0xBA, 0xE0,
    0x02, 0xE0, 0x06, 0xFE, 0x40, 0x7F, 0xFF, 0x43, 0xE0, 0x2F, 0x2F, 0x00, 0x3E, 0xF8, 0x00, 0xBF,
    0xD0, 0x01, 0xFF, 0x40, 0x07, 0xFD, 0x00, 0x1F, 0xF7, 0xFF, 0x7F, 0xDF, 0xFD, 0xFF, 0x40, 0x07,
    0xFD, 0x00, 0x1F, 0xF4, 0x00, 0x7F, 0xE0, 0x02, 0xFB, 0xC0, 0x0F, 0x8F, 0x80, 0xBC, 0x1F, 0xFF,
    0xD0, 0x1B, 0xF9, 0x00, 0x7F, 0xFF, 0xF5, 0xFF, 0xFF, 0xD0, 0x0B, 0x80, 0x00, 0x2E, 0x00, 0x00,
    0xB8, 0x00, 0x02, 0xE0, 0x00, 0x0B, 0x80, 0x00, 0x2E, 0x00, 0x00, 0xB8, 0x00, 0x02, 0xE0, 0x00,
    0x0B, 0x80, 0x00, 0x2E, 0x00, 0x00, 0xB8, 0x00, 0x02, 0xE0, 0x00, 0x0B, 0x80, 0x00, 0x2E, 0x00,
    0x7F, 0xFF, 0xF5, 0xFF, 0xFF, 0xD0, 0xB8, 0x00, 0x3D, 0xB8, 0x00, 0x7C, 0xB8, 0x00, 0xF4, 0xB8,
    0x01, 0xF0, 0xB8, 0x03, 0xD0, 0xB8, 0x07, 0xC0, 0xB8, 0x0F, 0x40, 0xB8, 0x1F, 0x00, 0xBF, 0xFD,
    0x00, 0xBF, 0xFD, 0x00, 0xB8, 0x2F, 0x00, 0xB8, 0x0F, 0x80, 0xB8, 0x0B, 0xC0, 0xB8, 0x03, 0xE0,
    0xB8, 0x01, 0xF0, 0xB8, 0x00, 0xF8, 0xB8, 0x00, 0x7C, 0xB8, 0x00, 0x3E, 0x00, 0x3F, 0x00, 0x00,
    0x1F, 0xD0, 0x00, 0x0B, 0xB8, 0x00, 0x03, 0xCF, 0x00, 0x00, 0xF3, 0xC0, 0x00, 0x78, 0xB4, 0x00,
    0x2D, 0x1E, 0x00, 0x0F, 0x03, 0xC0, 0x03, 0xC0, 0xF4, 0x02, 0xE0, 0x2E, 0x00, 0xF4, 0x07, 0xC0,
    0x3C, 0x00, 0xF0, 0x1F, 0x00, 0x3D, 0x0B, 0x80, 0x0B, 0x83, 0xD0, 0x01, 0xF0, 0xF0, 0x00, 0x3C,
    0x7C, 0x00, 0x0F, 0x6E, 0x00, 0x02, 0xE0, 0x3F, 0x40, 0x7F, 0x0F, 0xE0, 0x2F, 0xC3, 0xFC, 0x0F,
    0xF0, 0xFB, 0x03, 0x7C, 0x3D, 0xD2, 0xCF, 0x0F, 0x3C, 0xF3, 0xC3, 0xCB, 0x34, 0xF0, 0xF1, 0xFC,
    0x3C, 0x3C, 0x3F, 0x0F, 0x0F, 0x0B, 0x83, 0xC3, 0xC0, 0x00, 0xF0, 0xF0, 0x00, 0x3C, 0x3C, 0x00,
    0x0F, 0x0F, 0x00, 0x03, 0xC3, 0xC0, 0x00, 0xF0, 0xF0, 0x00, 0x3C, 0x3C, 0x00, 0x0F, 0x0F, 0x00,
    0x03, 0xC0, 0xFD, 0x00, 0x7F, 0xFC, 0x01, 0xFF, 0xF0, 0x07, 0xFE, 0xE0, 0x1F, 0xF7, 0xC0, 0x7F,
    0xDF, 0x01, 0xFF, 0x5E, 0x07, 0xFD, 0x3C, 0x1F, 0xF4, 0xB4, 0x7F, 0xD1, 0xE1, 0xFF, 0x43, 0xC7,
    0xFD, 0x0B, 0x5F, 0xF4, 0x0F, 0x7F, 0xD0, 0x3D, 0xFF, 0x40, 0xBB, 0xFD, 0x00, 0xFF, 0xF4, 0x03,
    0xFF, 0xD0, 0x07, 0xF0, 0xFF, 0xFF, 0xFF, 0xFF, 0xFF, 0xF0, 0x00, 0x00, 0x00, 0x00, 0x00, 0x00,
    0x00, 0x00, 0x00, 0x00, 0x00, 0x00, 0x00, 0x00, 0x00, 0x00, 0x7F, 0xFF, 0xF5, 0xFF, 0xFF, 0xD0,
    0x00, 0x00, 0x00, 0x00, 0x00, 0x00, 0x00, 0x00, 0x00, 0x00, 0x00, 0x00, 0x00, 0x00, 0x00, 0x00,
    0xFF, 0xFF, 0xFF, 0xFF, 0xFF, 0xF0, 0x06, 0xFE, 0x40, 0x7F, 0xFF, 0x43, 0xE0, 0x2F, 0x2F, 0x00,
    0x3E, 0xB8, 0x00, 0xBB, 0xD0, 0x01, 0xFF, 0x40, 0x07, 0xFD, 0x00, 0x1F, 0xF4, 0x00, 0x7F, 0xD0,
    0x01, 0xFF, 0x40, 0x07, 0xFD, 0x00, 0x1F, 0xF4, 0x00, 0x7E, 0xE0, 0x02, 0xEB, 0xC0, 0x0F, 0x8F,
    0x80, 0xBC, 0x1F, 0xFF, 0xD0, 0x1B, 0xF9, 0x00, 0xBF, 0xFF, 0xFA, 0xFF, 0xFF, 0xEB, 0x80, 0x0B,
    0xAE, 0x00, 0x2E, 0xB8, 0x00, 0xBA, 0xE0, 0x02, 0xEB, 0x80, 0x0B, 0xAE, 0x00, 0x2E, 0xB8, 0x00,
    0xBA, 0xE0, 0x02, 0xEB, 0x80, 0x0B, 0xAE, 0x00, 0x2E, 0xB8, 0x00, 0xBA, 0xE0, 0x02, 0xEB, 0x80,
    0x0B, 0xAE, 0x00, 0x2E, 0xB8, 0x00, 0xBA, 0xE0, 0x02, 0xE0, 0xBF, 0xFF, 0x80, 0xBF, 0xFF, 0xF4,
    0xB8, 0x01, 0xFC, 0xB8, 0x00, 0x3E, 0xB8, 0x00, 0x2E, 0xB8, 0x00, 0x2E, 0xB8, 0x00, 0x3E, 0xB8,
    0x01, 0xFC, 0xBF, 0xFF, 0xF4, 0xBF, 0xFF, 0x80, 0xB8, 0x00, 0x00, 0xB8, 0x00, 0x00, 0xB8, 0x00,
    0x00, 0xB8, 0x00, 0x00, 0xB8, 0x00, 0x00, 0xB8, 0x00, 0x00, 0xB8, 0x00, 0x00, 0xB8, 0x00, 0x00,
    0x3F, 0xFF, 0xFF, 0xCF, 0xFF, 0xFF, 0xF2, 0xF0, 0x00, 0x00, 0x3F, 0x00, 0x00, 0x03, 0xE0, 0x00,
    0x00, 0x3E, 0x00, 0x00, 0x07, 0xD0, 0x00, 0x00, 0xBD, 0x00, 0x00, 0x0B, 0xC0, 0x00, 0x03, 0xF0,
    0x00, 0x02, 0xF0, 0x00, 0x01, 0xF0, 0x00, 0x01, 0xF4, 0x00, 0x00, 0xF8, 0x00, 0x00, 0xF8, 0x00,
    0x00, 0xBC, 0x00, 0x00, 0x3F, 0xFF, 0xFF, 0xCF, 0xFF, 0xFF, 0xF0, 0xBF, 0xFF, 0xFF, 0xAF, 0xFF,
    0xFF, 0xE0, 0x02, 0xE0, 0x00, 0x00, 0xB8, 0x00, 0x00, 0x2E, 0x00, 0x00, 0x0B, 0x80, 0x00, 0x02,
    0xE0, 0x00, 0x00, 0xB8, 0x00, 0x00, 0x2E, 0x00, 0x00, 0x0B, 0x80, 0x00, 0x02, 0xE0, 0x00, 0x00,
    0xB8, 0x00, 0x00, 0x2E, 0x00, 0x00, 0x0B, 0x80, 0x00, 0x02, 0xE0, 0x00, 0x00, 0xB8, 0x00, 0x00,
    0x2E, 0x00, 0x00, 0x0B, 0x80, 0x00, 0x3E, 0x00, 0x01, 0xF0, 0x7C, 0x00, 0x0F, 0x40, 0xF4, 0x00,
    0x7C, 0x01, 0xF0, 0x03, 0xD0, 0x03, 0xD0, 0x1F, 0x00, 0x07, 0xC0, 0xF4, 0x00, 0x0F, 0x47, 0xC0,
    0x00, 0x1F, 0x3D, 0x00, 0x00, 0x3E, 0xF0, 0x00, 0x00, 0x7F, 0x40, 0x00, 0x00, 0xFC, 0x00, 0x00,
    0x02, 0xE0, 0x00, 0x00, 0x0B, 0x80, 0x00, 0x00, 0x2E, 0x00, 0x00, 0x00, 0xB8, 0x00, 0x00, 0x02,
    0xE0, 0x00, 0x00, 0x0B, 0x80, 0x00, 0x00, 0x2E, 0x00, 0x00, 0x00, 0x2E, 0x00, 0x00, 0x0B, 0x80,
    0x00, 0x2F, 0xFE, 0x00, 0x7F, 0xFF, 0xF4, 0x3E, 0x2E, 0x2F, 0x2F, 0x0B, 0x83, 0xEF, 0x42, 0xE0,
    0x7F, 0xD0, 0xB8, 0x1F, 0xF4, 0x2E, 0x07, 0xFD, 0x0B, 0x81, 0xFF, 0x42, 0xE0, 0x7F, 0xD0, 0xB8,
    0x1F, 0xF4, 0x2E, 0x07, 0xFD, 0x0B, 0x81, 0xFB, 0x82, 0xE0, 0xB8, 0xF8, 0xB8, 0xBC, 0x1F, 0xFF,
    0xFD, 0x00, 0xBF, 0xF8, 0x00, 0x02, 0xE0, 0x00, 0x00, 0xB8, 0x00, 0x7C, 0x00, 0x0F, 0x4F, 0x80,
    0x0B, 0xC1, 0xF0, 0x03, 0xD0, 0x3E, 0x02, 0xE0, 0x03, 0xD0, 0xF0, 0x00, 0xBC, 0xB8, 0x00, 0x0F,
    0xBC, 0x00, 0x02, 0xFD, 0x00, 0x00, 0x3F, 0x00, 0x00, 0x0F, 0xC0, 0x00, 0x0B, 0xF8, 0x00, 0x07,
    0xCF, 0x40, 0x03, 0xE2, 0xF0, 0x01, 0xF0, 0x3D, 0x00, 0xF4, 0x07, 0xC0, 0xBC, 0x00, 0xF8, 0x3D,
    0x00, 0x1F, 0x2F, 0x00, 0x03, 0xE0, 0xB4, 0x1D, 0x07, 0xAD, 0x07, 0x41, 0xEB, 0x41, 0xD0, 0x7A,
    0xD0, 0x74, 0x1E, 0xB4, 0x1D, 0x07, 0xAD, 0x07, 0x41, 0xEB, 0x41, 0xD0, 0x7A, 0xD0, 0x74, 0x1E,
    0xB4, 0x1D, 0x07, 0xAE, 0x07, 0x42, 0xE7, 0xC1, 0xD0, 0xF4, 0xF8, 0x74, 0xBC, 0x1F, 0xFF, 0xFD,
    0x00, 0xBF, 0xF8, 0x00, 0x02, 0xE0, 0x00, 0x00, 0xB8, 0x00, 0x00, 0x2E, 0x00, 0x00, 0x0B, 0x80,
    0x00, 0x01, 0xBF, 0x90, 0x02, 0xFF, 0xFE, 0x01, 0xF8, 0x0B, 0xD0, 0xB8, 0x00, 0xB8, 0x3D, 0x00,
    0x1F, 0x0F, 0x40, 0x07, 0xC3, 0xD0, 0x01, 0xF0, 0xF4, 0x00, 0x7C, 0x3D, 0x00, 0x1F, 0x0F, 0x40,
    0x07, 0xC3, 0xD0, 0x01, 0xF0, 0xF4, 0x00, 0x7C, 0x3D, 0x00, 0x1F, 0x0F, 0x40, 0x07, 0xC1, 0xF0,
    0x03, 0xD0, 0x1F, 0x47, 0xD0, 0xFF, 0xE2, 0xFF, 0xFF, 0xF8, 0xBF, 0xF0, 0x1F, 0x03, 0xD0, 0xFD,
    0x1F, 0xC1, 0xF0, 0x3D, 0x00, 0x00, 0x00, 0x00, 0x00, 0x01, 0xFF, 0xFF, 0xD7, 0xFF, 0xFF, 0x40,
    0x2E, 0x00, 0x00, 0xB8, 0x00, 0x02, 0xE0, 0x00, 0x0B, 0x80, 0x00, 0x2E, 0x00, 0x00, 0xB8, 0x00,
    0x02, 0xE0, 0x00, 0x0B, 0x80, 0x00, 0x2E, 0x00, 0x00, 0xB8, 0x00, 0x02, 0xE0, 0x00, 0x0B, 0x80,
    0x00, 0x2E, 0x00, 0x00, 0xB8, 0x01, 0xFF, 0xFF, 0xD7, 0xFF, 0xFF, 0x40, 0x01, 0xF0, 0x3D, 0x00,
    0x0F, 0xD1, 0xFC, 0x00, 0x1F, 0x03, 0xD0, 0x00, 0x00, 0x00, 0x00, 0x00, 0x00, 0x00, 0x00, 0xF8,
    0x00, 0x07, 0xC1, 0xF0, 0x00, 0x3D, 0x03, 0xD0, 0x01, 0xF0, 0x07, 0xC0, 0x0F, 0x40, 0x0F, 0x40,
    0x7C, 0x00, 0x1F, 0x03, 0xD0, 0x00, 0x3D, 0x1F, 0x00, 0x00, 0x7C, 0xF4, 0x00, 0x00, 0xFB, 0xC0,
    0x00, 0x01, 0xFD, 0x00, 0x00, 0x03, 0xF0, 0x00, 0x00, 0x0B, 0x80, 0x00, 0x00, 0x2E, 0x00, 0x00,
    0x00, 0xB8, 0x00, 0x00, 0x02, 0xE0, 0x00, 0x00, 0x0B, 0x80, 0x00, 0x00, 0x2E, 0x00, 0x00, 0x00,
    0xB8, 0x00, 0x00, 0x00, 0x0F, 0x80, 0x00, 0xBC, 0x00, 0x07, 0xC0, 0x00, 0x18, 0x00, 0x00, 0x00,
    0x00, 0x00, 0x00, 0x00, 0x7F, 0x8B, 0x8B, 0xFF, 0xEE, 0x7E, 0x03, 0xFA, 0xF0, 0x03, 0xEF, 0x40,
    0x0B, 0xBD, 0x00, 0x2E, 0xF4, 0x00, 0xBB, 0xD0, 0x02, 0xEF, 0x40, 0x0B, 0xBD, 0x00, 0x2E, 0xBC,
    0x00, 0xF9, 0xF8, 0x0F, 0xE2, 0xFF, 0xFB, 0x81, 0xFE, 0x2E, 0x00, 0x02, 0xE0, 0x00, 0x01, 0xF0,
    0x00, 0x01, 0xF0, 0x00, 0x00, 0x64, 0x00, 0x00, 0x00, 0x00, 0x00, 0x00, 0x00, 0x00, 0x1F, 0xFE,
    0x00, 0x3F, 0xFF, 0xF0, 0x2F, 0x40, 0x3F, 0x0F, 0x80, 0x02, 0x82, 0xE0, 0x00, 0x00, 0x3D, 0x00,
    0x00, 0x02, 0xFF, 0xC0, 0x03, 0xFF, 0xF0, 0x03, 0xF4, 0x00, 0x00, 0xF4, 0x00, 0x00, 0x3D, 0x00,
    0x0F, 0x0F, 0xD0, 0x0B, 0xC0, 0xFF, 0xFF, 0xD0, 0x0B, 0xFF, 0x80, 0x00, 0x02, 0x40, 0x00, 0x3D,
    0x00, 0x02, 0xE0, 0x00, 0x1F, 0x00, 0x00, 0x00, 0x00, 0x00, 0x00, 0x0B, 0x8B, 0xF4, 0x2E, 0xFF,
    0xF8, 0xBF, 0x02, 0xF6, 0xF0, 0x03, 0xEB, 0x80, 0x0B, 0xAE, 0x00, 0x2F, 0xB8, 0x00, 0xBE, 0xE0,
    0x02, 0xFB, 0x80, 0x0B, 0xEE, 0x00, 0x2F, 0xB8, 0x00, 0xBE, 0xE0, 0x02, 0xFB, 0x80, 0x0B, 0xEE,
    0x00, 0x2F, 0x00, 0x01, 0x90, 0x00, 0x00, 0xF4, 0x00, 0x00, 0xF4, 0x00, 0x00, 0xB8, 0x00, 0x00,
    0x00, 0x00, 0x00, 0x00, 0x00, 0x0B, 0xFF, 0xE0, 0x02, 0xFF, 0xF8, 0x00, 0x00, 0x3E, 0x00, 0x00,
    0x0F, 0x80, 0x00, 0x03, 0xE0, 0x00, 0x00, 0xF8, 0x00, 0x00, 0x3E, 0x00, 0x00, 0x0F, 0x80, 0x00,
    0x03, 0xE0, 0x00, 0x00, 0xF8, 0x00, 0x00, 0x2E, 0x00, 0x00, 0x0B, 0xC0, 0x00, 0x00, 0xFF, 0xFC,
    0x00, 0x0B, 0xFF, 0x00, 0x06, 0x00, 0x00, 0x3C, 0x00, 0x02, 0xC0, 0x00, 0x0D, 0x00, 0x2F, 0x03,
    0xE0, 0xFD, 0x1F, 0xC1, 0xF0, 0x3D, 0x00, 0x00, 0x00, 0x00, 0x00, 0x03, 0xE0, 0x02, 0xFF, 0x80,
    0x0B, 0xFE, 0x00, 0x2F, 0xF8, 0x00, 0xBF, 0xE0, 0x02, 0xFF, 0x80, 0x0B, 0xFE, 0x00, 0x2F, 0xF8,
    0x00, 0xBE, 0xE0, 0x02, 0xEB, 0x80, 0x0B, 0xAF, 0x00, 0x3D, 0x3E, 0x02, 0xF0, 0x7F, 0xFF, 0x40,
    0x2F, 0xE0, 0x00, 0x07, 0xF8, 0xB8, 0xBF, 0xFE, 0xE7, 0xE0, 0x3F, 0xAF, 0x00, 0x3E, 0xF4, 0x00,
    0xBB, 0xD0, 0x02, 0xEF, 0x40, 0x0B, 0xBD, 0x00, 0x2E, 0xF4, 0x00, 0xBB, 0xD0, 0x02, 0xEB, 0xC0,
    0x0F, 0x9F, 0x80, 0xFE, 0x2F, 0xFF, 0xB8, 0x1F, 0xE2, 0xE0, 0x02, 0xFE, 0x40, 0x1F, 0xFF, 0xD0,
    0x3F, 0x02, 0xF0, 0x7C, 0x00, 0xF4, 0xB8, 0x00, 0xB8, 0xB8, 0x00, 0xF4, 0xB8, 0x02, 0xE0, 0xB8,
    0xBF, 0x40, 0xB8, 0xBF, 0xE0, 0xB8, 0x01, 0xF4, 0xB8, 0x00, 0x7C, 0xB8, 0x00, 0x3D, 0xB8, 0x00,
    0x3D, 0xB8, 0x00, 0x3D, 0xBC, 0x00, 0x7C, 0xBF, 0x41, 0xF8, 0xBB, 0xFF, 0xF0, 0xB8, 0xBF, 0x40,
    0xB8, 0x00, 0x00, 0xB8, 0x00, 0x00, 0xB8, 0x00, 0x00, 0xB8, 0x00, 0x00, 0x7C, 0x00, 0x0F, 0x4F,
    0x40, 0x07, 0xC2, 0xE0, 0x02, 0xE0, 0x3C, 0x00, 0xF0, 0x0F, 0x40, 0x7C, 0x02, 0xF0, 0x2E, 0x00,
    0x3C, 0x0F, 0x00, 0x0F, 0x47, 0xC0, 0x01, 0xF2, 0xD0, 0x00, 0x3C, 0xF0, 0x00, 0x0B, 0xB8, 0x00,
    0x01, 0xFD, 0x00, 0x00, 0x3F, 0x00, 0x00, 0x0B, 0x80, 0x00, 0x02, 0xE0, 0x00, 0x00, 0xB8, 0x00,
    0x00, 0x2E, 0x00, 0x00, 0x0B, 0x80, 0x00, 0x7F, 0xFF, 0xF9, 0xFF, 0xFF, 0xE2, 0xF0, 0x00, 0x01,
    0xF4, 0x00, 0x00, 0xB8, 0x00, 0x1F, 0xFC, 0x02, 0xFF, 0xFC, 0x1F, 0x80, 0xB8, 0xBC, 0x00, 0xF3,
    0xD0, 0x02, 0xEF, 0x40, 0x07, 0xBD, 0x00, 0x1F, 0xF4, 0x00, 0x7F, 0xD0, 0x02, 0xFB, 0xC0, 0x0F,
    0x8F, 0x80, 0xFC, 0x1F, 0xFF, 0xD0, 0x0B, 0xF8, 0x00, 0x01, 0xFF, 0xE0, 0x03, 0xFF, 0xFF, 0x02,
    0xF4, 0x03, 0xF0, 0xF8, 0x00, 0x28, 0x2E, 0x00, 0x00, 0x03, 0xD0, 0x00, 0x00, 0x2F, 0xFC, 0x00,
    0x3F, 0xFF, 0x00, 0x3F, 0x40, 0x00, 0x0F, 0x40, 0x00, 0x03, 0xD0, 0x00, 0xF0, 0xFD, 0x00, 0xBC,
    0x0F, 0xFF, 0xFD, 0x00, 0xBF, 0xF8, 0x00, 0x3F, 0xFF, 0xFF, 0x3F, 0xFF, 0xFF, 0x00, 0x00, 0x7E,
    0x00, 0x02, 0xF4, 0x00, 0x0B, 0xD0, 0x00, 0x3F, 0x00, 0x00, 0xFC, 0x00, 0x03, 0xF0, 0x00, 0x0F,
    0xC0, 0x00, 0x2F, 0x00, 0x00, 0x3D, 0x00, 0x00, 0x7C, 0x00, 0x00, 0x7C, 0x00, 0x00, 0x3D, 0x00,
    0x00, 0x3F, 0x80, 0x00, 0x0F, 0xF9, 0x00, 0x02, 0xFF, 0xF4, 0x00, 0x1B, 0xFD, 0x00, 0x00, 0x2F,
    0x00, 0x00, 0x1F, 0x00, 0x00, 0x3E, 0x00, 0x00, 0x7C, 0x00, 0x00, 0x24, 0xB8, 0xBF, 0x42, 0xEF,
    0xFF, 0x8B, 0xF0, 0x2F, 0x6F, 0x00, 0x3E, 0xB8, 0x00, 0xBA, 0xE0, 0x02, 0xFB, 0x80, 0x0B, 0xEE,
    0x00, 0x2F, 0xB8, 0x00, 0xBE, 0xE0, 0x02, 0xFB, 0x80, 0x0B, 0xEE, 0x00, 0x2F, 0xB8, 0x00, 0xBE,
    0xE0, 0x02, 0xF0, 0x06, 0xFE, 0x40, 0x7F, 0xFF, 0x43, 0xE0, 0x2F, 0x2F, 0x00, 0x3E, 0xF8, 0x00,
    0xBB, 0xD0, 0x01, 0xFF, 0x40, 0x07, 0xFD, 0x00, 0x1F, 0xFF, 0xFF, 0xFF, 0xFF, 0xFF, 0xFF, 0x40,
    0x07, 0xFD, 0x00, 0x1F, 0xF4, 0x00, 0x7F, 0xE0, 0x02, 0xEB, 0xC0, 0x0F, 0x8F, 0x80, 0xBC, 0x1F,
    0xFF, 0xD0, 0x1B, 0xF9, 0x00, 0xBF, 0xFE, 0x00, 0x2F, 0xFF, 0x80, 0x00, 0x03, 0xE0, 0x00, 0x00,
    0xF8, 0x00, 0x00, 0x3E, 0x00, 0x00, 0x0F, 0x80, 0x00, 0x03, 0xE0, 0x00, 0x00, 0xF8, 0x00, 0x00,
    0x3E, 0x00, 0x00, 0x0F, 0x80, 0x00, 0x02, 0xE0, 0x00, 0x00, 0xBC, 0x00, 0x00, 0x0F, 0xFF, 0xC0,
    0x00, 0xBF, 0xF0, 0x7C, 0x00, 0x3E, 0x1F, 0x00, 0x2F, 0x07, 0xC0, 0x1F, 0x41, 0xF0, 0x0F, 0x80,
    0x7C, 0x0B, 0xC0, 0x1F, 0x03, 0xD0, 0x07, 0xFF, 0xE0, 0x01, 0xFF, 0xFC, 0x00, 0x7C, 0x0F, 0x40,
    0x1F, 0x01, 0xF0, 0x07, 0xC0, 0x3F, 0x01, 0xF0, 0x03, 0xD0, 0x7C, 0x00, 0x7C, 0x1F, 0x00, 0x0F,
    0xC0, 0x01, 0xF0, 0x00, 0x00, 0x3D, 0x00, 0x00, 0x0B, 0xC0, 0x00, 0x00, 0xF0, 0x00, 0x00, 0x3E,
    0x00, 0x00, 0x0F, 0xC0, 0x00, 0x07, 0xF4, 0x00, 0x02, 0xEF, 0x00, 0x00, 0xF3, 0xC0, 0x00, 0x7C,
    0xF8, 0x00, 0x3D, 0x1F, 0x00, 0x0F, 0x03, 0xD0, 0x0B, 0x80, 0xB8, 0x03, 0xD0, 0x1F, 0x01, 0xF0,
    0x03, 0xD0, 0xF8, 0x00, 0xBC, 0x3C, 0x00, 0x0F, 0x2F, 0x00, 0x03, 0xE0, 0xB8, 0x00, 0xBA, 0xE0,
    0x02, 0xEB, 0x80, 0x0B, 0xAE, 0x00, 0x2E, 0xB8, 0x00, 0xBA, 0xE0, 0x02, 0xEB, 0x80, 0x0B, 0xAE,
    0x00, 0x2E, 0xB8, 0x00, 0xBA, 0xE0, 0x02, 0xEB, 0xC0, 0x0F, 0xAF, 0x80, 0xFE, 0xBB, 0xFF, 0xBA,
    0xE7, 0xF6, 0xEB, 0x80, 0x00, 0x2E, 0x00, 0x00, 0xB8, 0x00, 0x02, 0xE0, 0x00, 0x00, 0x7C, 0x00,
    0x0F, 0x4F, 0x40, 0x03, 0xC3, 0xE0, 0x02, 0xF0, 0x7C, 0x00, 0xF4, 0x0F, 0x00, 0x3C, 0x03, 0xE0,
    0x1F, 0x00, 0x7C, 0x0F, 0x40, 0x0F, 0x03, 0xC0, 0x03, 0xD1, 0xF0, 0x00, 0x7C, 0xB4, 0x00, 0x0F,
    0x3C, 0x00, 0x03, 0xEF, 0x00, 0x00, 0x7F, 0x40, 0x00, 0x0F, 0xC0, 0x00, 0x01, 0xFF, 0x80, 0x0F,
    0xFF, 0xF0, 0x2F, 0x41, 0xFC, 0x3E, 0x00, 0x3D, 0x7C, 0x00, 0x14, 0x3C, 0x00, 0x00, 0x3D, 0x00,
    0x00, 0x1F, 0x40, 0x00, 0x03, 0xFF, 0xF0, 0x0B, 0xFF, 0xF0, 0x3F, 0x40, 0x00, 0xBC, 0x00, 0x00,
    0xF8, 0x00, 0x00, 0xF8, 0x00, 0x00, 0xBC, 0x00, 0x00, 0x3F, 0x40, 0x00, 0x1F, 0xF9, 0x00, 0x02,
    0xFF, 0xE0, 0x00, 0x0B, 0xFC, 0x00, 0x00, 0x7D, 0x00, 0x00, 0x3C, 0x00, 0x00, 0xB8, 0x00, 0x00,
    0xF0, 0x00, 0x00, 0x10, 0x06, 0xFE, 0x40, 0x7F, 0xFF, 0x43, 0xE0, 0x2F, 0x2F, 0x00, 0x3E, 0xF4,
    0x00, 0x7F, 0xD0, 0x01, 0xFF, 0x40, 0x07, 0xFD, 0x00, 0x1F, 0xF4, 0x00, 0x7F, 0xD0, 0x01, 0xFB,
    0xC0, 0x0F, 0x8F, 0x80, 0xBC, 0x1F, 0xFF, 0xD0, 0x0B, 0xF8, 0x00, 0x7F, 0xFF, 0xFF, 0xF7, 0xFF,
    0xFF, 0xFF, 0x07, 0xC0, 0x3D, 0x00, 0x7C, 0x03, 0xD0, 0x07, 0xC0, 0x3D, 0x00, 0x7C, 0x03, 0xD0,
    0x07, 0xC0, 0x3D, 0x00, 0x7C, 0x03, 0xD0, 0x07, 0xC0, 0x3D, 0x00, 0x7C, 0x03, 0xD0, 0x07, 0xC0,
    0x2D, 0x00, 0x7C, 0x01, 0xF0, 0x07, 0xC0, 0x0F, 0xF0, 0x7C, 0x00, 0x2F, 0x02, 0xFE, 0x40, 0x7F,
    0xFF, 0x43, 0xE0, 0x2F, 0x1F, 0x00, 0x3E, 0xB8, 0x00, 0xBA, 0xE0, 0x02, 0xEB, 0x80, 0x0B, 0xEE,
    0x00, 0x2F, 0xB8, 0x00, 0xBA, 0xE0, 0x02, 0xEB, 0xC0, 0x0F, 0xAF, 0xC0, 0xBD, 0xBB, 0xFF, 0xE2,
    0xE2, 0xFD, 0x0B, 0x80, 0x00, 0x2E, 0x00, 0x00, 0xB8, 0x00, 0x02, 0xE0, 0x00, 0x00, 0x02, 0xFF,
    0x40, 0x1F, 0xFF, 0xE0, 0x3F, 0x02, 0xF4, 0x7C, 0x00, 0xBC, 0xB8, 0x00, 0x7C, 0xB8, 0x00, 0x00,
    0xF8, 0x00, 0x00, 0xF8, 0x00, 0x00, 0xB8, 0x00, 0x00, 0xB8, 0x00, 0x00, 0x7D, 0x00, 0x00, 0x2F,
    0xD0, 0x00, 0x0B, 0xFF, 0x40, 0x00, 0xBF, 0xE0, 0x00, 0x02, 0xF0, 0x00, 0x00, 0xF0, 0x00, 0x02,
    0xF0, 0x00, 0x03, 0xC0, 0x00, 0x01, 0x80, 0x02, 0xFF, 0xFF, 0x47, 0xFF, 0xFF, 0xD3, 0xE0, 0x3D,
    0x02, 0xF0, 0x03, 0xD0, 0xF4, 0x00, 0xB8, 0x3D, 0x00, 0x2E, 0x0F, 0x40, 0x0B, 0x83, 0xD0, 0x02,
    0xE0, 0xF4, 0x00, 0xB8, 0x3D, 0x00, 0x2E, 0x0B, 0xC0, 0x0F, 0x40, 0xF8, 0x0F, 0xC0, 0x1F, 0xFF,
    0xD0, 0x00, 0xBF, 0x80, 0x00, 0xFF, 0xFF, 0xFF, 0xFF, 0xFF, 0xFF, 0x00, 0xB8, 0x00, 0x00, 0xB8,
    0x00, 0x00, 0xB8, 0x00, 0x00, 0xB8, 0x00, 0x00, 0xB8, 0x00, 0x00, 0xB8, 0x00, 0x00, 0xB8, 0x00,
    0x00, 0xB8, 0x00, 0x00, 0xB8, 0x00, 0x00, 0x7C, 0x00, 0x00, 0x3F, 0xFF, 0x00, 0x0B, 0xFF, 0xF8,
    0x00, 0xBF, 0xE0, 0x02, 0xFF, 0x80, 0x0B, 0xFE, 0x00, 0x2F, 0xF8, 0x00, 0xBF, 0xE0, 0x02, 0xFF,
    0x80, 0x0B, 0xFE, 0x00, 0x2F, 0xB8, 0x00, 0xBA, 0xE0, 0x02, 0xEB, 0xC0, 0x0F, 0x4F, 0x80, 0xBC,
    0x1F, 0xFF, 0xD0, 0x0B, 0xF8, 0x00, 0x00, 0x00, 0x00, 0x02, 0x87, 0xF8, 0x02, 0xF1, 0xFF, 0xD0,
    0xF8, 0x74, 0xBC, 0x7C, 0x1D, 0x0F, 0x6E, 0x07, 0x42, 0xEB, 0x41, 0xD0, 0x7A, 0xD0, 0x74, 0x1E,
    0xB4, 0x1D, 0x07, 0xAD, 0x07, 0x41, 0xEB, 0x81, 0xD0, 0xB9, 0xF0, 0x74, 0x3D, 0x3F, 0x1D, 0x3F,
    0x07, 0xFF, 0xFF, 0x40, 0x2F, 0xFE, 0x00, 0x00, 0xB8, 0x00, 0x00, 0x2E, 0x00, 0x00, 0x0B, 0x80,
    0x00, 0x02, 0xE0, 0x00, 0x3E, 0x00, 0x1F, 0x07, 0xC0, 0x0F, 0x40, 0xFC, 0x0B, 0xC0, 0x0F, 0x47,
    0xC0, 0x01, 0xF3, 0xD0, 0x00, 0x3F, 0xF0, 0x00, 0x03, 0xF0, 0x00, 0x01, 0xFD, 0x00, 0x00, 0xFB,
    0xC0, 0x00, 0xBC, 0xF8, 0x00, 0x7C, 0x0F, 0x40, 0x3E, 0x02, 0xF0, 0x2F, 0x00, 0x3E, 0x1F, 0x00,
    0x03, 0xD0, 0xB4, 0x1D, 0x07, 0xAD, 0x07, 0x41, 0xEB, 0x41, 0xD0, 0x7A, 0xD0, 0x74, 0x1E, 0xB4,
    0x1D, 0x07, 0xAD, 0x07, 0x41, 0xEB, 0x41, 0xD0, 0x7A, 0xD0, 0x74, 0x1E, 0xB4, 0x1D, 0x07, 0xAE,
    0x07, 0x42, 0xE7, 0xC1, 0xD0, 0xF4, 0xF8, 0x74, 0xBC, 0x1F, 0xFF, 0xFD, 0x00, 0xBF, 0xF8, 0x00,
    0x02, 0xE0, 0x00, 0x00, 0xB8, 0x00, 0x00, 0x2E, 0x00, 0x00, 0x0B, 0x80, 0x00, 0x01, 0x00, 0x00,
    0x03, 0xC0, 0x0E, 0x03, 0xF0, 0x03, 0xE0, 0xF0, 0x00, 0x7C, 0x78, 0x00, 0x0B, 0x6D, 0x00, 0x02,
    0xEB, 0x41, 0xD0, 0x7A, 0xD0, 0x74, 0x1E, 0xB4, 0x1D, 0x07, 0xAD, 0x07, 0x41, 0xEB, 0x41, 0xD0,
    0x7A, 0xE0, 0xB8, 0x2E, 0x7C, 0x3B, 0x0F, 0x4F, 0xFC, 0xFF, 0xC0, 0xFC, 0x0F, 0xC0, 0x0B, 0x80,
    0xF4, 0x03, 0xF0, 0x7E, 0x00, 0xB8, 0x0F, 0x40, 0x00, 0x00, 0x00, 0x00, 0x00, 0x00, 0x2F, 0xFF,
    0x80, 0x0B, 0xFF, 0xE0, 0x00, 0x00, 0xF8, 0x00, 0x00, 0x3E, 0x00, 0x00, 0x0F, 0x80, 0x00, 0x03,
    0xE0, 0x00, 0x00, 0xF8, 0x00, 0x00, 0x3E, 0x00, 0x00, 0x0F, 0x80, 0x00, 0x03, 0xE0, 0x00, 0x00,
    0xB8, 0x00, 0x00, 0x2F, 0x00, 0x00, 0x03, 0xFF, 0xF0, 0x00, 0x2F, 0xFC, 0x1F, 0x03, 0xD0, 0xFD,
    0x1F, 0xC1, 0xF0, 0x3D, 0x00, 0x00, 0x00, 0x00, 0x00, 0x03, 0xE0, 0x02, 0xFF, 0x80, 0x0B, 0xFE,
    0x00, 0x2F, 0xF8, 0x00, 0xBF, 0xE0, 0x02, 0xFF, 0x80, 0x0B, 0xFE, 0x00, 0x2F, 0xF8, 0x00, 0xBE,
    0xE0, 0x02, 0xEB, 0x80, 0x0B, 0xAF, 0x00, 0x3D, 0x3E, 0x02, 0xF0, 0x7F, 0xFF, 0x40, 0x2F, 0xE0,
    0x00, 0x00, 0x06, 0x40, 0x00, 0x3D, 0x00, 0x03, 0xE0, 0x00, 0x2F, 0x00, 0x00, 0x00, 0x00, 0x00,
    0x00, 0x00, 0x6F, 0xE4, 0x07, 0xFF, 0xF4, 0x3E, 0x02, 0xF2, 0xF0, 0x03, 0xEF, 0x40, 0x07, 0xFD,
    0x00, 0x1F, 0xF4, 0x00, 0x7F, 0xD0, 0x01, 0xFF, 0x40, 0x07, 0xFD, 0x00, 0x1F, 0xBC, 0x00, 0xF8,
    0xF8, 0x0B, 0xC1, 0xFF, 0xFD, 0x00, 0xBF, 0x80, 0x00, 0x06, 0x40, 0x00, 0x3D, 0x00, 0x03, 0xE0,
    0x00, 0x2F, 0x00, 0x00, 0x00, 0x00, 0x00, 0x00, 0x0F, 0x80, 0x0B, 0xFE, 0x00, 0x2F, 0xF8, 0x00,
    0xBF, 0xE0, 0x02, 0xFF, 0x80, 0x0B, 0xFE, 0x00, 0x2F, 0xF8, 0x00, 0xBF, 0xE0, 0x02, 0xFB, 0x80,
    0x0B, 0xAE, 0x00, 0x2E, 0xBC, 0x00, 0xF4, 0xF8, 0x0B, 0xC1, 0xFF, 0xFD, 0x00, 0xBF, 0x80, 0x00,
    0x01, 0x90, 0x00, 0x01, 0xF0, 0x00, 0x00, 0xF4, 0x00, 0x00, 0xF8, 0x00, 0x00, 0x00, 0x00, 0x00,
    0x40, 0x00, 0x00, 0xF0, 0x03, 0x80, 0xFC, 0x00, 0xF8, 0x3C, 0x00, 0x1F, 0x1E, 0x00, 0x02, 0xDB,
    0x40, 0x00, 0xBA, 0xD0, 0x74, 0x1E, 0xB4, 0x1D, 0x07, 0xAD, 0x07, 0x41, 0xEB, 0x41, 0xD0, 0x7A,
    0xD0, 0x74, 0x1E, 0xB8, 0x2E, 0x0B, 0x9F, 0x0E, 0xC3, 0xD3, 0xFF, 0x3F, 0xF0, 0x3F, 0x03, 0xF0,
    0xB8, 0x00, 0x3D, 0x2E, 0x00, 0x2F, 0x0B, 0x80, 0x0F, 0x42, 0xE0, 0x0B, 0xC0, 0xB8, 0x07, 0xC0,
    0x2E, 0x03, 0xE0, 0x0B, 0x81, 0xF0, 0x02, 0xFF, 0xF4, 0x00, 0xBF, 0xFD, 0x00, 0x2E, 0x0B, 0xC0,
    0x0B, 0x80, 0xF4, 0x02, 0xE0, 0x2F, 0x00, 0xB8, 0x03, 0xD0, 0x2E, 0x00, 0xBC, 0x0B, 0x80, 0x0F,
    0x42, 0xE0, 0x03, 0xF0, 0xB8, 0x00, 0x7F, 0x6E, 0x00, 0x0F, 0xD0, 0x00, 0x00, 0xF4, 0x00, 0x00,
    0xBC, 0x00, 0x03, 0xFE, 0x00, 0x00, 0xFD, 0x00, 0x00, 0x2E, 0x00, 0x00, 0x0B, 0x80, 0x00, 0x02,
    0xE0, 0x00, 0x00, 0xB8, 0x00, 0x02, 0xFF, 0xE0, 0x07, 0xFF, 0xFF, 0x43, 0xE1, 0xD2, 0xF1, 0xF0,
    0x74, 0x3D, 0xB4, 0x1D, 0x07, 0xBD, 0x07, 0x41, 0xFF, 0x41, 0xD0, 0x7F, 0xD0, 0x74, 0x1F, 0xF4,
    0x1D, 0x07, 0xED, 0x07, 0x41, 0xE7, 0xC1, 0xD0, 0xF4, 0xF8, 0x74, 0xBC, 0x1F, 0xFF, 0xFD, 0x00,
    0xBF, 0xF8, 0x00, 0x02, 0xE0, 0x00, 0x00, 0xB8, 0x00, 0x00, 0x2E, 0x00, 0x00, 0x0B, 0x80, 0x00,
    0xBF, 0xFF, 0xFF, 0xFA, 0xFF, 0xFF, 0xFF, 0xE0, 0x70, 0x00, 0x34, 0x03, 0x80, 0x00, 0xB0, 0x2E,
    0x00, 0x02, 0xE0, 0xB8, 0x1D, 0x0B, 0x82, 0xE0, 0x74, 0x2E, 0x0B, 0x81, 0xD0, 0xB8, 0x2E, 0x07,
    0x42, 0xE0, 0xB8, 0x1D, 0x0B, 0x82, 0xE0, 0xB4, 0x2E, 0x07, 0xC3, 0xF0, 0xF4, 0x0F, 0xFC, 0xFF,
    0xC0, 0x0F, 0xD1, 0xFC, 0x00, 0xB4, 0x01, 0xF8, 0xB4, 0x03, 0xF8, 0xB4, 0x07, 0xF8, 0xB4, 0x0F,
    0xB8, 0xB4, 0x1E, 0x78, 0xB4, 0x3C, 0x78, 0xB4, 0x7C, 0x78, 0xB4, 0xF4, 0x78, 0xB4, 0xF0, 0x78,
    0xB6, 0xD0, 0x78, 0xBB, 0xC0, 0x78, 0xBF, 0x40, 0x78, 0xBF, 0x00, 0x7E, 0xBD, 0x00, 0x7E, 0x00,
    0x00, 0x2E, 0x00, 0x00, 0x7D, 0x00, 0x0B, 0xFC, 0x00, 0x0B, 0xE0, 0x0F, 0x02, 0xE0, 0xBE, 0x0F,
    0xC0, 0xF0, 0x2E, 0x00, 0x00, 0x00, 0x00, 0x00, 0x02, 0xFF, 0xFF, 0xFB, 0xFF, 0xFF, 0xEE, 0x00,
    0x00, 0xB8, 0x00, 0x02, 0xE0, 0x00, 0x0B, 0x80, 0x00, 0x2E, 0x00, 0x00, 0xBF, 0xFF, 0xF2, 0xFF,
    0xFF, 0xCB, 0x80, 0x00, 0x2E, 0x00, 0x00, 0xB8, 0x00, 0x02, 0xE0, 0x00, 0x0B, 0x80, 0x00, 0x2E,
    0x00, 0x00, 0xB8, 0x00, 0x02, 0xFF, 0xFF, 0xFB, 0xFF, 0xFF, 0xC0, 0xFF, 0xFF, 0x00, 0x0F, 0xFF,
    0xF0, 0x00, 0x07, 0xC0, 0x00, 0x00, 0x7C, 0x00, 0x00, 0x07, 0xC0, 0x00, 0x00, 0x7C, 0x2F, 0xD0,
    0x07, 0xCF, 0xFF, 0x80, 0x7F, 0xE0, 0xBC, 0x07, 0xF4, 0x03, 0xD0, 0x7D, 0x00, 0x3D, 0x07, 0xC0,
    0x03, 0xD0, 0x7C, 0x00, 0x3D, 0x07, 0xC0, 0x03, 0xD0, 0x7C, 0x00, 0x3D, 0x07, 0xC0, 0x03, 0xD0,
    0x7C, 0x00, 0x3D, 0x07, 0xC0, 0x03, 0xD0, 0x7C, 0x00, 0x3D, 0x00, 0x00, 0x03, 0xC0, 0x00, 0x01,
    0xFC, 0x00, 0x0B, 0xFF, 0x00, 0x00, 0xBF, 0x80, 0x00, 0x06, 0x00, 0x00, 0xBC, 0x00, 0x07, 0xC0,
    0x00, 0x3D, 0x00, 0x00, 0x00, 0x00, 0x00, 0x00, 0x0F, 0xFF, 0xFF, 0xFF, 0xFF, 0xFF, 0xF8, 0x00,
    0x03, 0xE0, 0x00, 0x0F, 0x80, 0x00, 0x3E, 0x00, 0x00, 0xF8, 0x00, 0x03, 0xE0, 0x00, 0x0F, 0x80,
    0x00, 0x3E, 0x00, 0x00, 0xF8, 0x00, 0x03, 0xE0, 0x00, 0x0F, 0x80, 0x00, 0x3E, 0x00, 0x00, 0xF8,
    0x00, 0x03, 0xE0, 0x00, 0x0F, 0x80, 0x00, 0x3E, 0x00, 0x00, 0x02, 0xFF, 0x40, 0x1F, 0xFF, 0xF0,
    0x3E, 0x01, 0xF8, 0x7C, 0x00, 0x7C, 0xB8, 0x00, 0x28, 0xB8, 0x00, 0x00, 0xB8, 0x00, 0x00, 0xBF,
    0xFF, 0x00, 0xBF, 0xFF, 0x00, 0xB8, 0x00, 0x00, 0xB8, 0x00, 0x00, 0xB8, 0x00, 0x00, 0xB8, 0x00,
    0x14, 0xB8, 0x00, 0x7C, 0x7C, 0x00, 0xBC, 0x3F, 0x02, 0xF4, 0x1F, 0xFF, 0xE0, 0x02, 0xFE, 0x40,
    0x01, 0xBF, 0x80, 0x01, 0xFF, 0xFD, 0x00, 0xF8, 0x0B, 0xC0, 0xBC, 0x00, 0xF8, 0x2E, 0x00, 0x19,
    0x0B, 0x80, 0x00, 0x01, 0xF0, 0x00, 0x00, 0x2F, 0x90, 0x00, 0x02, 0xFF, 0xD0, 0x00, 0x06, 0xFF,
    0x00, 0x00, 0x07, 0xE0, 0x00, 0x00, 0x7C, 0x00, 0x00, 0x0F, 0x0F, 0x00, 0x03, 0xC3, 0xE0, 0x01,
    0xF0, 0xBE, 0x02, 0xF8, 0x0B, 0xFF, 0xF8, 0x00, 0x6F, 0xF4, 0x00, 0x7F, 0xFF, 0xF5, 0xFF, 0xFF,
    0xD0, 0x0B, 0x80, 0x00, 0x2E, 0x00, 0x00, 0xB8, 0x00, 0x02, 0xE0, 0x00, 0x0B, 0x80, 0x00, 0x2E,
    0x00, 0x00, 0xB8, 0x00, 0x02, 0xE0, 0x00, 0x0B, 0x80, 0x00, 0x2E, 0x00, 0x00, 0xB8, 0x00, 0x02,
    0xE0, 0x00, 0x0B, 0x80, 0x00, 0x2E, 0x00, 0x7F, 0xFF, 0xF5, 0xFF, 0xFF, 0xD0, 0x1F, 0x03, 0xD0,
    0xFD, 0x1F, 0xC1, 0xF0, 0x3D, 0x00, 0x00, 0x00, 0x00, 0x00, 0x01, 0xFF, 0xFF, 0xD7, 0xFF, 0xFF,
    0x40, 0x2E, 0x00, 0x00, 0xB8, 0x00, 0x02, 0xE0, 0x00, 0x0B, 0x80, 0x00, 0x2E, 0x00, 0x00, 0xB8,
    0x00, 0x02, 0xE0, 0x00, 0x0B, 0x80, 0x00, 0x2E, 0x00, 0x00, 0xB8, 0x00, 0x02, 0xE0, 0x00, 0x0B,
    0x80, 0x00, 0x2E, 0x00, 0x00, 0xB8, 0x01, 0xFF, 0xFF, 0xD7, 0xFF, 0xFF, 0x40, 0x00, 0x00, 0x3D,
    0x00, 0x00, 0x3D, 0x00, 0x00, 0x3D, 0x00, 0x00, 0x3D, 0x00, 0x00, 0x3D, 0x00, 0x00, 0x3D, 0x00,
    0x00, 0x3D, 0x00, 0x00, 0x3D, 0x00, 0x00, 0x3D, 0x00, 0x00, 0x3D, 0x00, 0x00, 0x3D, 0x00, 0x00,
    0x3D, 0x50, 0x00, 0x3D, 0xF8, 0x00, 0x3D, 0xBC, 0x00, 0x7C, 0x3E, 0x01, 0xF8, 0x1F, 0xFF, 0xF0,
    0x02, 0xFF, 0x40, 0x03, 0xFF, 0xF0, 0x00, 0x03, 0xFF, 0xF0, 0x00, 0x03, 0xC0, 0xF0, 0x00, 0x03,
    0xC0, 0xF0, 0x00, 0x03, 0xC0, 0xF0, 0x00, 0x03, 0xC0, 0xF0, 0x00, 0x03, 0xC0, 0xF0, 0x00, 0x03,
    0xC0, 0xFF, 0xE0, 0x03, 0xC0, 0xFF, 0xF8, 0x03, 0xC0, 0xF0, 0x7C, 0x07, 0xC0, 0xF0, 0x2D, 0x07,
    0xC0, 0xF0, 0x2E, 0x07, 0xC0, 0xF0, 0x2E, 0x07, 0xC0, 0xF0, 0x2E, 0x07, 0x80, 0xF0, 0x2D, 0x0F,
    0x80, 0xF0, 0x7C, 0x3F, 0x00, 0xFF, 0xF8, 0x3D, 0x00, 0xFF, 0xE0, 0xB4, 0x0F, 0x00, 0x0B, 0x40,
    0xF0, 0x00, 0xB4, 0x0F, 0x00, 0x0B, 0x40, 0xF0, 0x00, 0xB4, 0x0F, 0x00, 0x0B, 0x40, 0xF0, 0x00,
    0xB4, 0x0F, 0x00, 0x0B, 0xFF, 0xFF, 0xD0, 0xBF, 0xFF, 0xFF, 0x8B, 0x40, 0xF0, 0x7C, 0xB4, 0x0F,
    0x02, 0xDB, 0x40, 0xF0, 0x2D, 0xB4, 0x0F, 0x02, 0xEB, 0x40, 0xF0, 0x2E, 0xB4, 0x0F, 0x02, 0xDB,
    0x40, 0xF0, 0x3D, 0xB4, 0x0F, 0xFF, 0xCB, 0x40, 0xFF, 0xE0, 0xFF, 0xFF, 0x00, 0x0F, 0xFF, 0xF0,
    0x00, 0x07, 0xC0, 0x00, 0x00, 0x7C, 0x00, 0x00, 0x07, 0xC0, 0x00, 0x00, 0x7C, 0x2F, 0xD0, 0x07,
    0xCF, 0xFF, 0x40, 0x7F, 0xE0, 0xBC, 0x07, 0xF4, 0x03, 0xD0, 0x7D, 0x00, 0x3D, 0x07, 0xC0, 0x03,
    0xD0, 0x7C, 0x00, 0x3D, 0x07, 0xC0, 0x03, 0xD0, 0x7C, 0x00, 0x3D, 0x07, 0xC0, 0x03, 0xD0, 0x7C,
    0x00, 0x3D, 0x07, 0xC0, 0x03, 0xD0, 0x7C, 0x00, 0x3D, 0x00, 0x02, 0x40, 0x00, 0x0F, 0x40, 0x00,
    0x3E, 0x00, 0x00, 0xB8, 0x00, 0x00, 0x00, 0x00, 0x00, 0x00, 0x00, 0xB8, 0x00, 0x3D, 0xB8, 0x00,
    0x7C, 0xB8, 0x00, 0xF4, 0xB8, 0x01, 0xF0, 0xB8, 0x03, 0xD0, 0xB8, 0x07, 0xC0, 0xB8, 0x0F, 0x40,
    0xB8, 0x1F, 0x00, 0xBF, 0xFD, 0x00, 0xBF, 0xFD, 0x00, 0xB8, 0x2F, 0x00, 0xB8, 0x0F, 0x80, 0xB8,
    0x0B, 0xC0, 0xB8, 0x03, 0xE0, 0xB8, 0x01, 0xF0, 0xB8, 0x00, 0xF8, 0xB8, 0x00, 0x7C, 0xB8, 0x00,
    0x3E, 0x02, 0x00, 0x20, 0x01, 0xF0, 0x3D, 0x00, 0x3F, 0xFF, 0x00, 0x02, 0xFE, 0x00, 0x00, 0x00,
    0x00, 0x00, 0x00, 0x00, 0x0B, 0xC0, 0x00, 0xF8, 0xF4, 0x00, 0x3C, 0x2E, 0x00, 0x2F, 0x07, 0xC0,
    0x0F, 0x40, 0xF4, 0x03, 0xC0, 0x2E, 0x02, 0xE0, 0x03, 0xC0, 0xF4, 0x00, 0xB4, 0x3C, 0x00, 0x1F,
    0x1E, 0x00, 0x03, 0xCF, 0x40, 0x00, 0xBB, 0xC0, 0x00, 0x0F, 0xE0, 0x00, 0x02, 0xF0, 0x00, 0x00,
    0x7C, 0x00, 0x00, 0x3D, 0x00, 0x00, 0x0F, 0x00, 0x00, 0x0B, 0x80, 0x00, 0x03, 0xD0, 0x00, 0xB8,
    0x00, 0xBA, 0xE0, 0x02, 0xEB, 0x80, 0x0B, 0xAE, 0x00, 0x2E, 0xB8, 0x00, 0xBA, 0xE0, 0x02, 0xEB,
    0x80, 0x0B, 0xAE, 0x00, 0x2E, 0xB8, 0x00, 0xBA, 0xE0, 0x02, 0xEB, 0x80, 0x0B, 0xAE, 0x00, 0x2E,
    0xB8, 0x00, 0xBA, 0xE0, 0x02, 0xEB, 0x80, 0x0B, 0xAE, 0x00, 0x2E, 0xBF, 0xFF, 0xFA, 0xFF, 0xFF,
    0xE0, 0x0B, 0x80, 0x00, 0x2E, 0x00, 0x00, 0xB8, 0x00, 0x00, 0x3F, 0x00, 0x00, 0x1F, 0xD0, 0x00,
    0x0B, 0xB8, 0x00, 0x03, 0xDF, 0x00, 0x00, 0xF3, 0xC0, 0x00, 0x78, 0xB4, 0x00, 0x2D, 0x1E, 0x00,
    0x0F, 0x03, 0xC0, 0x03, 0xC0, 0xF4, 0x02, 0xE0, 0x2E, 0x00, 0xF4, 0x07, 0xC0, 0x3F, 0xFF, 0xF0,
    0x1F, 0xFF, 0xFD, 0x0B, 0x80, 0x0B, 0x83, 0xD0, 0x01, 0xF0, 0xF0, 0x00, 0x3C, 0x7C, 0x00, 0x0F,
    0x6E, 0x00, 0x02, 0xE0, 0xBF, 0xFF, 0xF8, 0xBF, 0xFF, 0xF8, 0xB8, 0x00, 0x00, 0xB8, 0x00, 0x00,
    0xB8, 0x00, 0x00, 0xB8, 0x00, 0x00, 0xB8, 0x00, 0x00, 0xBF, 0xFE, 0x40, 0xBF, 0xFF, 0xE0, 0xB8,
    0x02, 0xF4, 0xB8, 0x00, 0xBC, 0xB8, 0x00, 0x3C, 0xB8, 0x00, 0x3C, 0xB8, 0x00, 0x3C, 0xB8, 0x00,
    0xBC, 0xB8, 0x02, 0xF4, 0xBF, 0xFF, 0xE0, 0xBF, 0xFE, 0x40, 0xBF, 0xFE, 0x40, 0xBF, 0xFF, 0xE0,
    0xB8, 0x02, 0xF4, 0xB8, 0x00, 0xF8, 0xB8, 0x00, 0x7C, 0xB8, 0x00, 0x78, 0xB8, 0x00, 0xF4, 0xB8,
    0x02, 0xF0, 0xBF, 0xFF, 0x80, 0xBF, 0xFF, 0xD0, 0xB8, 0x02, 0xF4, 0xB8, 0x00, 0x7C, 0xB8, 0x00,
    0x3C, 0xB8, 0x00, 0x3C, 0xB8, 0x00, 0x7C, 0xB8, 0x01, 0xF8, 0xBF, 0xFF, 0xF0, 0xBF, 0xFF, 0x80,
    0xFF, 0xFF, 0xFF, 0xFF, 0xFF, 0xFF, 0x80, 0x00, 0x3E, 0x00, 0x00, 0xF8, 0x00, 0x03, 0xE0, 0x00,
    0x0F, 0x80, 0x00, 0x3E, 0x00, 0x00, 0xF8, 0x00, 0x03, 0xE0, 0x00, 0x0F, 0x80, 0x00, 0x3E, 0x00,
    0x00, 0xF8, 0x00, 0x03, 0xE0, 0x00, 0x0F, 0x80, 0x00, 0x3E, 0x00, 0x00, 0xF8, 0x00, 0x03, 0xE0,
    0x00, 0x00, 0x02, 0xFF, 0xFF, 0x80, 0x0B, 0xFF, 0xFE, 0x00, 0x3D, 0x00, 0xB8, 0x00, 0xF4, 0x02,
    0xE0, 0x03, 0xD0, 0x0B, 0x80, 0x0F, 0x40, 0x2E, 0x00, 0x3D, 0x00, 0xB8, 0x00, 0xF4, 0x02, 0xE0,
    0x03, 0xD0, 0x0B, 0x80, 0x0F, 0x40, 0x2E, 0x00, 0x3D, 0x00, 0xB8, 0x00, 0xF0, 0x02, 0xE0, 0x03,
    0xC0, 0x0B, 0x80, 0x1F, 0x00, 0x2E, 0x00, 0xB8, 0x00, 0xB8, 0x03, 0xD0, 0x02, 0xE0, 0x7F, 0xFF,
    0xFF, 0xF5, 0xFF, 0xFF, 0xFF, 0xD7, 0x80, 0x00, 0x0B, 0x5E, 0x00, 0x00, 0x2D, 0x78, 0x00, 0x00,
    0xB4, 0xBF, 0xFF, 0xFE, 0xFF, 0xFF, 0xFB, 0x80, 0x00, 0x2E, 0x00, 0x00, 0xB8, 0x00, 0x02, 0xE0,
    0x00, 0x0B, 0x80, 0x00, 0x2F, 0xFF, 0xFC, 0xBF, 0xFF, 0xF2, 0xE0, 0x00, 0x0B, 0x80, 0x00, 0x2E,
    0x00, 0x00, 0xB8, 0x00, 0x02, 0xE0, 0x00, 0x0B, 0x80, 0x00, 0x2E, 0x00, 0x00, 0xBF, 0xFF, 0xFE,
    0xFF, 0xFF, 0xF0, 0x7C, 0x07, 0x40, 0xF4, 0xF0, 0x1D, 0x03, 0xC2, 0xE0, 0x74, 0x2E, 0x07, 0xC1,
    0xD0, 0xF4, 0x0F, 0x07, 0x43, 0xC0, 0x2E, 0x1D, 0x2E, 0x00, 0x7C, 0x74, 0xF4, 0x00, 0xF1, 0xD3,
    0xC0, 0x02, 0xFF, 0xFE, 0x00, 0x0B, 0xFF, 0xF8, 0x00, 0x3C, 0x74, 0xF0, 0x01, 0xF1, 0xD3, 0xD0,
    0x0F, 0x47, 0x47, 0xC0, 0x3C, 0x1D, 0x0F, 0x02, 0xE0, 0x74, 0x3E, 0x0F, 0x41, 0xD0, 0x7C, 0x7C,
    0x07, 0x40, 0xF6, 0xE0, 0x1D, 0x02, 0xE0, 0x01, 0xBF, 0x90, 0x03, 0xFF, 0xFE, 0x02, 0xF4, 0x0B,
    0xD0, 0xF4, 0x00, 0xB8, 0x28, 0x00, 0x2E, 0x00, 0x00, 0x0F, 0x80, 0x00, 0x0B, 0xC0, 0x03, 0xFF,
    0x80, 0x00, 0xFF, 0xF4, 0x00, 0x00, 0x2F, 0x40, 0x00, 0x02, 0xF0, 0x00, 0x00, 0x3C, 0x10, 0x00,
    0x0F, 0x6E, 0x00, 0x03, 0xC7, 0xC0, 0x02, 0xF0, 0xFD, 0x02, 0xF4, 0x0F, 0xFF, 0xF8, 0x00, 0x7F,
    0xE4, 0x00, 0xF4, 0x01, 0xFF, 0xD0, 0x0F, 0xFF, 0x40, 0x3F, 0xFD, 0x02, 0xEF, 0xF4, 0x0F, 0x7F,
    0xD0, 0x3D, 0xFF, 0x42, 0xD7, 0xFD, 0x0F, 0x1F, 0xF4, 0x78, 0x7F, 0xD2, 0xD1, 0xFF, 0x4F, 0x07,
    0xFD, 0x78, 0x1F, 0xF6, 0xC0, 0x7F, 0xDF, 0x01, 0xFF, 0xB8, 0x07, 0xFF, 0xC0, 0x1F, 0xFF, 0x00,
    0x7F, 0xF4, 0x01, 0xF0, 0x08, 0x00, 0x80, 0x7C, 0x0F, 0x40, 0xFF, 0xFC, 0x00, 0xBF, 0x80, 0x00,
    0x00, 0x00, 0x00, 0x00, 0x0F, 0x40, 0x1F, 0xFD, 0x00, 0xFF, 0xF4, 0x03, 0xFF, 0xD0, 0x2E, 0xFF,
    0x40, 0xF7, 0xFD, 0x03, 0xDF, 0xF4, 0x2D, 0x7F, 0xD0, 0xF1, 0xFF, 0x47, 0x87, 0xFD, 0x2D, 0x1F,
    0xF4, 0xF0, 0x7F, 0xD7, 0x81, 0xFF, 0x6C, 0x07, 0xFD, 0xF0, 0x1F, 0xFB, 0x80, 0x7F, 0xFC, 0x01,
    0xFF, 0xF0, 0x07, 0xFF, 0x40, 0x1F, 0xB8, 0x00, 0x3D, 0xB8, 0x00, 0x7C, 0xB8, 0x00, 0xF4, 0xB8,
    0x01, 0xF0, 0xB8, 0x03, 0xD0, 0xB8, 0x07, 0xC0, 0xB8, 0x0F, 0x40, 0xB8, 0x1F, 0x00, 0xBF, 0xFD,
    0x00, 0xBF, 0xFD, 0x00, 0xB8, 0x2F, 0x00, 0xB8, 0x0F, 0x80, 0xB8, 0x0B, 0xC0, 0xB8, 0x03, 0xE0,
    0xB8, 0x01, 0xF0, 0xB8, 0x00, 0xF8, 0xB8, 0x00, 0x7C, 0xB8, 0x00, 0x3E, 0x03, 0xFF, 0xFF, 0x80,
    0xFF, 0xFF, 0xE0, 0x3D, 0x00, 0xB8, 0x0F, 0x40, 0x2E, 0x03, 0xD0, 0x0B, 0x80, 0xF4, 0x02, 0xE0,
    0x3D, 0x00, 0xB8, 0x0F, 0x40, 0x2E, 0x03, 0xD0, 0x0B, 0x80, 0xF4, 0x02, 0xE0, 0x3D, 0x00, 0xB8,
    0x0F, 0x40, 0x2E, 0x03, 0xC0, 0x0B, 0x80, 0xF0, 0x02, 0xE0, 0x7C, 0x00, 0xB8, 0x3E, 0x00, 0x2E,
    0xBF, 0x00, 0x0B, 0xAF, 0x00, 0x02, 0xE0, 0x3F, 0x40, 0x7F, 0x0F, 0xE0, 0x2F, 0xC3, 0xFC, 0x0F,
    0xF0, 0xFB, 0x03, 0x7C, 0x3D, 0xD2, 0xCF, 0x0F, 0x3C, 0xF3, 0xC3, 0xCB, 0x34, 0xF0, 0xF1, 0xFC,
    0x3C, 0x3C, 0x3F, 0x0F, 0x0F, 0x0B, 0x83, 0xC3, 0xC0, 0x00, 0xF0, 0xF0, 0x00, 0x3C, 0x3C, 0x00,
    0x0F, 0x0F, 0x00, 0x03, 0xC3, 0xC0, 0x00, 0xF0, 0xF0, 0x00, 0x3C, 0x3C, 0x00, 0x0F, 0x0F, 0x00,
    0x03, 0xC0, 0xB8, 0x00, 0xBA, 0xE0, 0x02, 0xEB, 0x80, 0x0B, 0xAE, 0x00, 0x2E, 0xB8, 0x00, 0xBA,
    0xE0, 0x02, 0xEB, 0x80, 0x0B, 0xAE, 0x00, 0x2E, 0xBF, 0xFF, 0xFA, 0xFF, 0xFF, 0xEB, 0x80, 0x0B,
    0xAE, 0x00, 0x2E, 0xB8, 0x00, 0xBA, 0xE0, 0x02, 0xEB, 0x80, 0x0B, 0xAE, 0x00, 0x2E, 0xB8, 0x00,
    0xBA, 0xE0, 0x02, 0xE0, 0x06, 0xFE, 0x40, 0x7F, 0xFF, 0x43, 0xE0, 0x2F, 0x2F, 0x00, 0x3E, 0xB8,
    0x00, 0xBB, 0xD0, 0x01, 0xFF, 0x40, 0x07, 0xFD, 0x00, 0x1F, 0xF4, 0x00, 0x7F, 0xD0, 0x01, 0xFF,
    0x40, 0x07, 0xFD, 0x00, 0x1F, 0xF4, 0x00, 0x7E, 0xE0, 0x02, 0xEB, 0xC0, 0x0F, 0x8F, 0x80, 0xBC,
    0x1F, 0xFF, 0xD0, 0x1B, 0xF9, 0x00, 0xBF, 0xFF, 0xFA, 0xFF, 0xFF, 0xEB, 0x80, 0x0B, 0xAE, 0x00,
    0x2E, 0xB8, 0x00, 0xBA, 0xE0, 0x02, 0xEB, 0x80, 0x0B, 0xAE, 0x00, 0x2E, 0xB8, 0x00, 0xBA, 0xE0,
    0x02, 0xEB, 0x80, 0x0B, 0xAE, 0x00, 0x2E, 0xB8, 0x00, 0xBA, 0xE0, 0x02, 0xEB, 0x80, 0x0B, 0xAE,
    0x00, 0x2E, 0xB8, 0x00, 0xBA, 0xE0, 0x02, 0xE0, 0xBF, 0xFF, 0x80, 0xBF, 0xFF, 0xF4, 0xB8, 0x01,
    0xFC, 0xB8, 0x00, 0x3E, 0xB8, 0x00, 0x2E, 0xB8, 0x00, 0x2E, 0xB8, 0x00, 0x3E, 0xB8, 0x01, 0xFC,
    0xBF, 0xFF, 0xF4, 0xBF, 0xFF, 0x80, 0xB8, 0x00, 0x00, 0xB8, 0x00, 0x00, 0xB8, 0x00, 0x00, 0xB8,
    0x00, 0x00, 0xB8, 0x00, 0x00, 0xB8, 0x00, 0x00, 0xB8, 0x00, 0x00, 0xB8, 0x00, 0x00, 0x02, 0xFF,
    0x40, 0x1F, 0xFF, 0xE0, 0x3E, 0x02, 0xF4, 0x7C, 0x00, 0xBC, 0xB8, 0x00, 0x7C, 0xB8, 0x00, 0x00,
    0xB8, 0x00, 0x00, 0xB8, 0x00, 0x00, 0xB8, 0x00, 0x00, 0xB8, 0x00, 0x00, 0xB8, 0x00, 0x00, 0xB8,
    0x00, 0x00, 0xB8, 0x00, 0x00, 0xB8, 0x00, 0x7C, 0x7C, 0x00, 0xBC, 0x3E, 0x02, 0xF4, 0x1F, 0xFF,
    0xE0, 0x02, 0xFF, 0x40, 0xBF, 0xFF, 0xFF, 0xAF, 0xFF, 0xFF, 0xE0, 0x02, 0xE0, 0x00, 0x00, 0xB8,
    0x00, 0x00, 0x2E, 0x00, 0x00, 0x0B, 0x80, 0x00, 0x02, 0xE0, 0x00, 0x00, 0xB8, 0x00, 0x00, 0x2E,
    0x00, 0x00, 0x0B, 0x80, 0x00, 0x02, 0xE0, 0x00, 0x00, 0xB8, 0x00, 0x00, 0x2E, 0x00, 0x00, 0x0B,
    0x80, 0x00, 0x02, 0xE0, 0x00, 0x00, 0xB8, 0x00, 0x00, 0x2E, 0x00, 0x00, 0x0B, 0x80, 0x00, 0xBC,
    0x00, 0x0F, 0x8F, 0x40, 0x03, 0xC2, 0xE0, 0x02, 0xF0, 0x7C, 0x00, 0xF4, 0x0F, 0x40, 0x3C, 0x02,
    0xE0, 0x2E, 0x00, 0x3C, 0x0F, 0x40, 0x0B, 0x43, 0xC0, 0x01, 0xF1, 0xE0, 0x00, 0x3C, 0xF4, 0x00,
    0x0B, 0xBC, 0x00, 0x00, 0xFE, 0x00, 0x00, 0x2F, 0x00, 0x00, 0x07, 0xC0, 0x00, 0x03, 0xD0, 0x00,
    0x00, 0xF0, 0x00, 0x00, 0xB8, 0x00, 0x00, 0x3D, 0x00, 0x00, 0x00, 0x2E, 0x00, 0x00, 0x0B, 0x80,
    0x00, 0x2F, 0xFE, 0x00, 0x7F, 0xFF, 0xF4, 0x3E, 0x2E, 0x2F, 0x2F, 0x0B, 0x83, 0xEF, 0x42, 0xE0,
    0x7F, 0xD0, 0xB8, 0x1F, 0xF4, 0x2E, 0x07, 0xFD, 0x0B, 0x81, 0xFF, 0x42, 0xE0, 0x7F, 0xD0, 0xB8,
    0x1F, 0xF4, 0x2E, 0x07, 0xFD, 0x0B, 0x81, 0xFB, 0x82, 0xE0, 0xB8, 0xF8, 0xB8, 0xBC, 0x1F, 0xFF,
    0xFD, 0x00, 0xBF, 0xF8, 0x00, 0x02, 0xE0, 0x00, 0x00, 0xB8, 0x00, 0x7C, 0x00, 0x0F, 0x4F, 0x80,
    0x0B, 0xC1, 0xF0, 0x03, 0xD0, 0x3E, 0x02, 0xE0, 0x03, 0xD0, 0xF0, 0x00, 0xBC, 0xB8, 0x00, 0x0F,
    0xBC, 0x00, 0x02, 0xFD, 0x00, 0x00, 0x3F, 0x00, 0x00, 0x0F, 0xC0, 0x00, 0x0B, 0xF8, 0x00, 0x07,
    0xCF, 0x40, 0x03, 0xE2, 0xF0, 0x01, 0xF0, 0x3D, 0x00, 0xF4, 0x07, 0xC0, 0xBC, 0x00, 0xF8, 0x3D,
    0x00, 0x1F, 0x2F, 0x00, 0x03, 0xE0, 0xB8, 0x00, 0xF4, 0x2E, 0x00, 0x3D, 0x0B, 0x80, 0x0F, 0x42,
    0xE0, 0x03, 0xD0, 0xB8, 0x00, 0xF4, 0x2E, 0x00, 0x3D, 0x0B, 0x80, 0x0F, 0x42, 0xE0, 0x03, 0xD0,
    0xB8, 0x00, 0xF4, 0x2E, 0x00, 0x3D, 0x0B, 0x80, 0x0F, 0x42, 0xE0, 0x03, 0xD0, 0xB8, 0x00, 0xF4,
    0x2E, 0x00, 0x3D, 0x0B, 0x80, 0x0F, 0x42, 0xE0, 0x03, 0xD0, 0xBF, 0xFF, 0xFF, 0x2F, 0xFF, 0xFF,
    0xC0, 0x00, 0x00, 0xF0, 0x00, 0x00, 0x3C, 0x00, 0x00, 0x0F, 0x00, 0x3C, 0x00, 0x2E, 0x3C, 0x00,
    0x2E, 0x3C, 0x00, 0x2E, 0x3C, 0x00, 0x2E, 0x3C, 0x00, 0x2E, 0x3C, 0x00, 0x2E, 0x3C, 0x00, 0x2E,
    0x3D, 0x00, 0x2E, 0x3F, 0x40, 0x2E, 0x0F, 0xFF, 0xFE, 0x02, 0xFF, 0xFE, 0x00, 0x00, 0x2E, 0x00,
    0x00, 0x2E, 0x00, 0x00, 0x2E, 0x00, 0x00, 0x2E, 0x00, 0x00, 0x2E, 0x00, 0x00, 0x2E, 0x00, 0x00,
    0x2E, 0xB8, 0x1D, 0x0B, 0x9E, 0x07, 0x42, 0xE7, 0x81, 0xD0, 0xB9, 0xE0, 0x74, 0x2E, 0x78, 0x1D,
    0x0B, 0x9E, 0x07, 0x42, 0xE7, 0x81, 0xD0, 0xB9, 0xE0, 0x74, 0x2E, 0x78, 0x1D, 0x0B, 0x9E, 0x07,
    0x42, 0xE7, 0x81, 0xD0, 0xB9, 0xE0, 0x74, 0x2E, 0x78, 0x1D, 0x0B, 0x9E, 0x07, 0x42, 0xE7, 0x81,
    0xD0, 0xB9, 0xE0, 0x74, 0x2E, 0x7F, 0xFF, 0xFF, 0x9F, 0xFF, 0xFF, 0xE0, 0xB8, 0x1D, 0x0B, 0x4B,
    0x81, 0xD0, 0xB4, 0xB8, 0x1D, 0x0B, 0x4B, 0x81, 0xD0, 0xB4, 0xB8, 0x1D, 0x0B, 0x4B, 0x81, 0xD0,
    0xB4, 0xB8, 0x1D, 0x0B, 0x4B, 0x81, 0xD0, 0xB4, 0xB8, 0x1D, 0x0B, 0x4B, 0x81, 0xD0, 0xB4, 0xB8,
    0x1D, 0x0B, 0x4B, 0x81, 0xD0, 0xB4, 0xB8, 0x1D, 0x0B, 0x4B, 0x81, 0xD0, 0xB4, 0xB8, 0x1D, 0x0B,
    0x4B, 0x81, 0xD0, 0xB4, 0xBF, 0xFF, 0xFF, 0xFB, 0xFF, 0xFF, 0xFF, 0x00, 0x00, 0x00, 0xF0, 0x00,
    0x00, 0x0F, 0x00, 0x00, 0x00, 0xF0, 0x00, 0x00, 0x00, 0x3F, 0xF8, 0x00, 0x00, 0xFF, 0xE0, 0x00,
    0x00, 0x0B, 0x80, 0x00, 0x00, 0x2E, 0x00, 0x00, 0x00, 0xB8, 0x00, 0x00, 0x02, 0xE0, 0x00, 0x00,
    0x0B, 0x80, 0x00, 0x00, 0x2F, 0xFF, 0x80, 0x00, 0xBF, 0xFF, 0xC0, 0x02, 0xE0, 0x1F, 0xC0, 0x0B,
    0x80, 0x0F, 0x40, 0x2E, 0x00, 0x2E, 0x00, 0xB8, 0x00, 0xB8, 0x02, 0xE0, 0x02, 0xE0, 0x0B, 0x80,
    0x0F, 0x40, 0x2E, 0x01, 0xFC, 0x00, 0xBF, 0xFF, 0xC0, 0x02, 0xFF, 0xF8, 0x00, 0xB8, 0x00, 0x0B,
    0xAE, 0x00, 0x02, 0xEB, 0x80, 0x00, 0xBA, 0xE0, 0x00, 0x2E, 0xB8, 0x00, 0x0B, 0xAE, 0x00, 0x02,
    0xEB, 0x80, 0x00, 0xBA, 0xFF, 0x90, 0x2E, 0xBF, 0xFD, 0x0B, 0xAE, 0x0B, 0xC2, 0xEB, 0x80, 0xF4,
    0xBA, 0xE0, 0x2E, 0x2E, 0xB8, 0x07, 0x8B, 0xAE, 0x02, 0xE2, 0xEB, 0x80, 0xF4, 0xBA, 0xE0, 0xBC,
    0x2E, 0xBF, 0xFD, 0x0B, 0xAF, 0xF9, 0x02, 0xE0, 0xB8, 0x00, 0x00, 0xB8, 0x00, 0x00, 0xB8, 0x00,
    0x00, 0xB8, 0x00, 0x00, 0xB8, 0x00, 0x00, 0xB8, 0x00, 0x00, 0xB8, 0x00, 0x00, 0xBF, 0xFF, 0x80,
    0xBF, 0xFF, 0xF0, 0xB8, 0x01, 0xFC, 0xB8, 0x00, 0x3D, 0xB8, 0x00, 0x2E, 0xB8, 0x00, 0x2E, 0xB8,
    0x00, 0x2E, 0xB8, 0x00, 0x3D, 0xB8, 0x01, 0xFC, 0xBF, 0xFF, 0xF0, 0xBF, 0xFF, 0x80, 0x01, 0xFF,
    0x80, 0x0F, 0xFF, 0xF4, 0x2F, 0x40, 0xBC, 0x3D, 0x00, 0x3D, 0x28, 0x00, 0x2E, 0x00, 0x00, 0x2E,
    0x00, 0x00, 0x2E, 0x00, 0xFF, 0xFE, 0x00, 0xFF, 0xFE, 0x00, 0x00, 0x2E, 0x00, 0x00, 0x2E, 0x00,
    0x00, 0x2E, 0x14, 0x00, 0x2E, 0x3D, 0x00, 0x2E, 0x3E, 0x00, 0x3D, 0x1F, 0x80, 0xFC, 0x0B, 0xFF,
    0xF4, 0x01, 0xBF, 0x80, 0xB8, 0x07, 0xFD, 0x0B, 0x81, 0xFF, 0xF4, 0xB8, 0x3E, 0x0B, 0xCB, 0x83,
    0xC0, 0x3C, 0xB8, 0x3C, 0x03, 0xCB, 0x83, 0xC0, 0x3D, 0xB8, 0x3C, 0x03, 0xDB, 0xFF, 0xC0, 0x3D,
    0xBF, 0xFC, 0x03, 0xDB, 0x83, 0xC0, 0x3D, 0xB8, 0x3C, 0x03, 0xDB, 0x83, 0xC0, 0x3D, 0xB8, 0x3C,
    0x03, 0xDB, 0x83, 0xC0, 0x3C, 0xB8, 0x3C, 0x03, 0xCB, 0x82, 0xE0, 0xBC, 0xB8, 0x0F, 0xFF, 0x4B,
    0x80, 0x2F, 0xD0, 0x01, 0xFF, 0xFE, 0x0F, 0xFF, 0xFE, 0x3F, 0x40, 0x2E, 0x3D, 0x00, 0x2E, 0x7C,
    0x00, 0x2E, 0x7C, 0x00, 0x2E, 0x3D, 0x00, 0x2E, 0x2F, 0x40, 0x2E, 0x0F, 0xFF, 0xFE, 0x01, 0xFF,
    0xFE, 0x00, 0xF0, 0x2E, 0x02, 0xF0, 0x2E, 0x03, 0xD0, 0x2E, 0x0B, 0xC0, 0x2E, 0x0F, 0x80, 0x2E,
    0x1F, 0x00, 0x2E, 0x3E, 0x00, 0x2E, 0x7C, 0x00, 0x2E, 0x01, 0xBF, 0x90, 0x0B, 0xFF, 0xF8, 0x1F,
    0x40, 0x7D, 0x15, 0x00, 0x2E, 0x00, 0x00, 0x2E, 0x02, 0xFF, 0xFE, 0x1F, 0xFF, 0xFE, 0x3F, 0x00,
    0x2E, 0x3C, 0x00, 0x2E, 0x7C, 0x00, 0x2E, 0x3C, 0x00, 0x3E, 0x3F, 0x41, 0xFE, 0x1F, 0xFF, 0xEE,
    0x02, 0xFE, 0x2E, 0x00, 0x05, 0x60, 0x0B, 0xFF, 0xC1, 0xFF, 0xFE, 0x0F, 0xD0, 0x00, 0x7C, 0x00,
    0x02, 0xD0, 0x00, 0x0F, 0x1F, 0xF4, 0x3D, 0xFF, 0xF8, 0xFE, 0x02, 0xF3, 0xF0, 0x03, 0xEF, 0x80,
    0x0B, 0xFD, 0x00, 0x1F, 0xF4, 0x00, 0x7F, 0xD0, 0x01, 0xFF, 0x80, 0x0B, 0xEF, 0x00, 0x3E, 0x3E,
    0x02, 0xF0, 0x7F, 0xFF, 0x40, 0x2F, 0xE0, 0x00, 0xBF, 0xFF, 0x80, 0xBF, 0xFF, 0xF0, 0xB8, 0x01,
    0xF8, 0xB8, 0x00, 0xBC, 0xB8, 0x00, 0xB8, 0xB8, 0x01, 0xF0, 0xBF, 0xFF, 0x80, 0xBF, 0xFF, 0xF0,
    0xB8, 0x00, 0xF8, 0xB8, 0x00, 0x3C, 0xB8, 0x00, 0x3C, 0xB8, 0x00, 0xFC, 0xBF, 0xFF, 0xF4, 0xBF,
    0xFF, 0x80, 0xBF, 0xFF, 0xF6, 0xFF, 0xFF, 0xDB, 0x80, 0x00, 0x2E, 0x00, 0x00, 0xB8, 0x00, 0x02,
    0xE0, 0x00, 0x0B, 0x80, 0x00, 0x2E, 0x00, 0x00, 0xB8, 0x00, 0x02, 0xE0, 0x00, 0x0B, 0x80, 0x00,
    0x2E, 0x00, 0x00, 0xB8, 0x00, 0x02, 0xE0, 0x00, 0x00, 0x03, 0xFF, 0xFF, 0x40, 0x0F, 0xFF, 0xFD,
    0x00, 0x3D, 0x00, 0xF4, 0x00, 0xF4, 0x03, 0xD0, 0x03, 0xD0, 0x0F, 0x40, 0x0F, 0x40, 0x3D, 0x00,
    0x3D, 0x00, 0xF4, 0x00, 0xF4, 0x03, 0xD0, 0x03, 0xC0, 0x0F, 0x40, 0x0F, 0x00, 0x3D, 0x00, 0x7C,
    0x00, 0xF4, 0x03, 0xD0, 0x03, 0xD0, 0x7F, 0xFF, 0xFF, 0xF5, 0xFF, 0xFF, 0xFF, 0xD7, 0x80, 0x00,
    0x0F, 0x5E, 0x00, 0x00, 0x3D, 0x78, 0x00, 0x00, 0xF4, 0x02, 0xFE, 0x00, 0x7F, 0xFF, 0x43, 0xE0,
    0x2F, 0x2F, 0x00, 0x3E, 0xF4, 0x00, 0x7F, 0xD0, 0x01, 0xFF, 0xFF, 0xFF, 0xFF, 0xFF, 0xFF, 0xF4,
    0x00, 0x03, 0xD0, 0x00, 0x0B, 0x80, 0x06, 0x4F, 0x80, 0x7D, 0x1F, 0xFF, 0xE0, 0x0B, 0xF9, 0x00,
    0x3C, 0x07, 0x40, 0xF0, 0xF4, 0x1D, 0x07, 0xC1, 0xF0, 0x74, 0x3D, 0x03, 0xC1, 0xD0, 0xF0, 0x0B,
    0x87, 0x4B, 0x80, 0x0F, 0x1D, 0x3C, 0x00, 0x2F, 0xFF, 0xE0, 0x00, 0xFF, 0xFF, 0xC0, 0x03, 0xC7,
    0x4F, 0x40, 0x2E, 0x1D, 0x2E, 0x00, 0xF0, 0x74, 0x3C, 0x0B, 0x81, 0xD0, 0xB8, 0x3C, 0x07, 0x41,
    0xF1, 0xF0, 0x1D, 0x03, 0xD0, 0x02, 0xFF, 0xE0, 0x03, 0xFF, 0xFF, 0x02, 0xF0, 0x07, 0xE0, 0xA0,
    0x00, 0xBC, 0x00, 0x00, 0x2E, 0x00, 0x00, 0x1F, 0x00, 0x0F, 0xFE, 0x00, 0x03, 0xFF, 0xF0, 0x00,
    0x00, 0x7F, 0x00, 0x00, 0x07, 0xC3, 0xC0, 0x01, 0xF0, 0xF8, 0x01, 0xFC, 0x1F, 0xFF, 0xFC, 0x00,
    0xBF, 0xF8, 0x00, 0xB4, 0x01, 0xFA, 0xD0, 0x0F, 0xEB, 0x40, 0x7F, 0xAD, 0x03, 0xEE, 0xB4, 0x1E,
    0x7A, 0xD0, 0xF1, 0xEB, 0x47, 0xC7, 0xAD, 0x3D, 0x1E, 0xB5, 0xF0, 0x7A, 0xDB, 0x41, 0xEB, 0xBC,
    0x07, 0xAF, 0xD0, 0x1E, 0xBF, 0x00, 0x7A, 0xF4, 0x01, 0xE0, 0x08, 0x00, 0x80, 0x7C, 0x0F, 0x40,
    0xFF, 0xFC, 0x00, 0xBF, 0x80, 0x00, 0x00, 0x00, 0x00, 0x00, 0x0B, 0x40, 0x1F, 0xAD, 0x00, 0xFE,
    0xB4, 0x07, 0xFA, 0xD0, 0x3E, 0xEB, 0x41, 0xE7, 0xAD, 0x0F, 0x1E, 0xB4, 0x7C, 0x7A, 0xD3, 0xD1,
    0xEB, 0x5F, 0x07, 0xAD, 0xB4, 0x1E, 0xBB, 0xC0, 0x7A, 0xFD, 0x01, 0xEB, 0xF0, 0x07, 0xAF, 0x40,
    0x1E, 0x7C, 0x00, 0x3E, 0x1F, 0x00, 0x2F, 0x07, 0xC0, 0x1F, 0x41, 0xF0, 0x0F, 0x80, 0x7C, 0x0B,
    0xC0, 0x1F, 0x03, 0xD0, 0x07, 0xFF, 0xE0, 0x01, 0xFF, 0xFC, 0x00, 0x7C, 0x0F, 0x40, 0x1F, 0x01,
    0xF0, 0x07, 0xC0, 0x3F, 0x01, 0xF0, 0x03, 0xD0, 0x7C, 0x00, 0x7C, 0x1F, 0x00, 0x0F, 0xC0, 0x03,
    0xFF, 0xFF, 0x80, 0xFF, 0xFF, 0xE0, 0x3D, 0x00, 0xB8, 0x0F, 0x40, 0x2E, 0x03, 0xD0, 0x0B, 0x80,
    0xF4, 0x02, 0xE0, 0x3D, 0x00, 0xB8, 0x0F, 0x40, 0x2E, 0x03, 0xD0, 0x0B, 0x80, 0xF0, 0x02, 0xE0,
    0x3C, 0x00, 0xB8, 0x2F, 0x00, 0x2E, 0x7F, 0x40, 0x0B, 0x9F, 0x40, 0x02, 0xE0, 0x3F, 0x00, 0x3F,
    0x0F, 0xD0, 0x1F, 0xC3, 0xF8, 0x0F, 0xF0, 0xFB, 0x03, 0x7C, 0x3C, 0xE2, 0xCF, 0x0F, 0x3C, 0xE3,
    0xC3, 0xC7, 0xB4, 0xF0, 0xF0, 0xFC, 0x3C, 0x3C, 0x19, 0x0F, 0x0F, 0x00, 0x03, 0xC3, 0xC0, 0x00,
    0xF0, 0xF0, 0x00, 0x3C, 0x3C, 0x00, 0x0F, 0x0F, 0x00, 0x03, 0xC0, 0xB8, 0x00, 0xBA, 0xE0, 0x02,
    0xEB, 0x80, 0x0B, 0xAE, 0x00, 0x2E, 0xB8, 0x00, 0xBA, 0xE0, 0x02, 0xEB, 0xFF, 0xFF, 0xAF, 0xFF,
    0xFE, 0xB8, 0x00, 0xBA, 0xE0, 0x02, 0xEB, 0x80, 0x0B, 0xAE, 0x00, 0x2E, 0xB8, 0x00, 0xBA, 0xE0,
    0x02, 0xE0, 0x06, 0xFE, 0x40, 0x7F, 0xFF, 0x43, 0xE0, 0x2F, 0x2F, 0x00, 0x3E, 0xF4, 0x00, 0x7F,
    0xD0, 0x01, 0xFF, 0x40, 0x07, 0xFD, 0x00, 0x1F, 0xF4, 0x00, 0x7F, 0xD0, 0x01, 0xFB, 0xC0, 0x0F,
    0x8F, 0x80, 0xBC, 0x1F, 0xFF, 0xD0, 0x0B, 0xF8, 0x00, 0xBF, 0xFF, 0xFA, 0xFF, 0xFF, 0xEB, 0x80,
    0x0B, 0xAE, 0x00, 0x2E, 0xB8, 0x00, 0xBA, 0xE0, 0x02, 0xEB, 0x80, 0x0B, 0xAE, 0x00, 0x2E, 0xB8,
    0x00, 0xBA, 0xE0, 0x02, 0xEB, 0x80, 0x0B, 0xAE, 0x00, 0x2E, 0xB8, 0x00, 0xBA, 0xE0, 0x02, 0xE0,
    0xB8, 0xBF, 0x42, 0xEF, 0xFF, 0x8B, 0xF0, 0x2F, 0x6F, 0x00, 0x3E, 0xB8, 0x00, 0xBE, 0xE0, 0x01,
    0xFB, 0x80, 0x07, 0xEE, 0x00, 0x1F, 0xB8, 0x00, 0x7E, 0xE0, 0x02, 0xFB, 0xC0, 0x0F, 0xAF, 0xC0,
    0xBD, 0xBB, 0xFF, 0xE2, 0xE2, 0xFD, 0x0B, 0x80, 0x00, 0x2E, 0x00, 0x00, 0xB8, 0x00, 0x02, 0xE0,
    0x00, 0x00, 0x02, 0xFF, 0x40, 0x1F, 0xFF, 0xE0, 0x3E, 0x01, 0xF4, 0xBC, 0x00, 0xBC, 0xB8, 0x00,
    0x28, 0xF4, 0x00, 0x00, 0xF4, 0x00, 0x00, 0xF4, 0x00, 0x00, 0xF4, 0x00, 0x00, 0xB8, 0x00, 0x28,
    0xBC, 0x00, 0xBC, 0x3E, 0x01, 0xF4, 0x1F, 0xFF, 0xE0, 0x02, 0xFF, 0x40, 0xBF, 0xFF, 0xFF, 0xAF,
    0xFF, 0xFF, 0xE0, 0x02, 0xE0, 0x00, 0x00, 0xB8, 0x00, 0x00, 0x2E, 0x00, 0x00, 0x0B, 0x80, 0x00,
    0x02, 0xE0, 0x00, 0x00, 0xB8, 0x00, 0x00, 0x2E, 0x00, 0x00, 0x0B, 0x80, 0x00, 0x02, 0xE0, 0x00,
    0x00, 0xB8, 0x00, 0x00, 0x2E, 0x00, 0x00, 0x0B, 0x80, 0x00, 0x7C, 0x00, 0x0F, 0x4F, 0x40, 0x07,
    0xC2, 0xE0, 0x02, 0xE0, 0x7C, 0x00, 0xF4, 0x0F, 0x80, 0x7C, 0x01, 0xF0, 0x2E, 0x00, 0x3D, 0x0F,
    0x00, 0x0B, 0x87, 0xC0, 0x00, 0xF3, 0xD0, 0x00, 0x3E, 0xF0, 0x00, 0x07, 0xF8, 0x00, 0x00, 0xFD,
    0x00, 0x00, 0x2F, 0x00, 0x00, 0x0F, 0x80, 0x00, 0x03, 0xC0, 0x00, 0x02, 0xE0, 0x00, 0x00, 0xF4,
    0x00, 0x00, 0x7C, 0x00, 0x00, 0x00, 0x2E, 0x00, 0x00, 0x0B, 0x80, 0x00, 0x02, 0xE0, 0x00, 0x00,
    0xB8, 0x00, 0x02, 0xFF, 0xE0, 0x07, 0xFF, 0xFF, 0x43, 0xE1, 0xD2, 0xF1, 0xF0, 0x74, 0x3D, 0xB4,
    0x1D, 0x07, 0xBD, 0x07, 0x41, 0xFF, 0x41, 0xD0, 0x7F, 0xD0, 0x74, 0x1F, 0xF4, 0x1D, 0x07, 0xED,
    0x07, 0x41, 0xE7, 0xC1, 0xD0, 0xF4, 0xF8, 0x74, 0xBC, 0x1F, 0xFF, 0xFD, 0x00, 0xBF, 0xF8, 0x00,
    0x02, 0xE0, 0x00, 0x00, 0xB8, 0x00, 0x00, 0x2E, 0x00, 0x00, 0x0B, 0x80, 0x00, 0x3E, 0x00, 0x1F,
    0x07, 0xC0, 0x0F, 0x40, 0xFC, 0x0B, 0xC0, 0x0F, 0x47, 0xC0, 0x01, 0xF3, 0xD0, 0x00, 0x3F, 0xF0,
    0x00, 0x03, 0xF0, 0x00, 0x01, 0xFD, 0x00, 0x00, 0xFB, 0xC0, 0x00, 0xBC, 0xF8, 0x00, 0x7C, 0x0F,
    0x40, 0x3E, 0x02, 0xF0, 0x2F, 0x00, 0x3E, 0x1F, 0x00, 0x03, 0xD0, 0xB8, 0x00, 0xF4, 0x2E, 0x00,
    0x3D, 0x0B, 0x80, 0x0F, 0x42, 0xE0, 0x03, 0xD0, 0xB8, 0x00, 0xF4, 0x2E, 0x00, 0x3D, 0x0B, 0x80,
    0x0F, 0x42, 0xE0, 0x03, 0xD0, 0xB8, 0x00, 0xF4, 0x2E, 0x00, 0x3D, 0x0B, 0x80, 0x0F, 0x42, 0xE0,
    0x03, 0xD0, 0xBF, 0xFF, 0xFF, 0x6F, 0xFF, 0xFF, 0xD0, 0x00, 0x00, 0xF4, 0x00, 0x00, 0x3D, 0x00,
    0x00, 0x0F, 0x40, 0x3C, 0x00, 0x3E, 0x3C, 0x00, 0x3E, 0x3C, 0x00, 0x3E, 0x3C, 0x00, 0x3E, 0x3C,
    0x00, 0x3E, 0x3D, 0x00, 0x3E, 0x2F, 0x00, 0x3E, 0x0F, 0xFF, 0xFE, 0x02, 0xFF, 0xFE, 0x00, 0x00,
    0x3E, 0x00, 0x00, 0x3E, 0x00, 0x00, 0x3E, 0x00, 0x00, 0x3E, 0x00, 0x00, 0x3E, 0xB8, 0x1D, 0x0B,
    0x9E, 0x07, 0x42, 0xE7, 0x81, 0xD0, 0xB9, 0xE0, 0x74, 0x2E, 0x78, 0x1D, 0x0B, 0x9E, 0x07, 0x42,
    0xE7, 0x81, 0xD0, 0xB9, 0xE0, 0x74, 0x2E, 0x78, 0x1D, 0x0B, 0x9E, 0x07, 0x42, 0xE7, 0x81, 0xD0,
    0xB9, 0xE0, 0x74, 0x2E, 0x7F, 0xFF, 0xFF, 0x9F, 0xFF, 0xFF, 0xE0, 0xB8, 0x2C, 0x0F, 0x0B, 0x82,
    0xC0, 0xF0, 0xB8, 0x2C, 0x0F, 0x0B, 0x82, 0xC0, 0xF0, 0xB8, 0x2C, 0x0F, 0x0B, 0x82, 0xC0, 0xF0,
    0xB8, 0x2C, 0x0F, 0x0B, 0x82, 0xC0, 0xF0, 0xB8, 0x2C, 0x0F, 0x0B, 0x82, 0xC0, 0xF0, 0xB8, 0x2C,
    0x0F, 0x0B, 0x82, 0xC0, 0xF0, 0xBF, 0xFF, 0xFF, 0xFB, 0xFF, 0xFF, 0xFF, 0x00, 0x00, 0x00, 0xF0,
    0x00, 0x00, 0x0F, 0x00, 0x00, 0x00, 0xF0, 0x00, 0x00, 0x00, 0x7F, 0xF4, 0x00, 0x01, 0xFF, 0xD0,
    0x00, 0x00, 0x0F, 0x40, 0x00, 0x00, 0x3D, 0x00, 0x00, 0x00, 0xF4, 0x00, 0x00, 0x03, 0xFF, 0xF8,
    0x00, 0x0F, 0xFF, 0xFC, 0x00, 0x3D, 0x01, 0xFC, 0x00, 0xF4, 0x01, 0xF0, 0x03, 0xD0, 0x03, 0xC0,
    0x0F, 0x40, 0x1F, 0x00, 0x3D, 0x01, 0xFC, 0x00, 0xFF, 0xFF, 0xC0, 0x03, 0xFF, 0xF8, 0x00, 0xB8,
    0x00, 0x0B, 0xAE, 0x00, 0x02, 0xEB, 0x80, 0x00, 0xBA, 0xE0, 0x00, 0x2E, 0xB8, 0x00, 0x0B, 0xAF,
    0xF8, 0x02, 0xEB, 0xFF, 0xE0, 0xBA, 0xE0, 0x7D, 0x2E, 0xB8, 0x07, 0x8B, 0xAE, 0x01, 0xF2, 0xEB,
    0x80, 0x78, 0xBA, 0xE0, 0x3D, 0x2E, 0xBF, 0xFE, 0x0B, 0xAF, 0xFD, 0x02, 0xE0, 0x7C, 0x00, 0x00,
    0x7C, 0x00, 0x00, 0x7C, 0x00, 0x00, 0x7C, 0x00, 0x00, 0x7C, 0x00, 0x00, 0x7F, 0xFF, 0xD0, 0x7F,
    0xFF, 0xF8, 0x7C, 0x00, 0xBD, 0x7C, 0x00, 0x2E, 0x7C, 0x00, 0x2F, 0x7C, 0x00, 0x2E, 0x7C, 0x00,
    0xBD, 0x7F, 0xFF, 0xF8, 0x7F, 0xFF, 0xD0, 0x06, 0xFE, 0x00, 0xBF, 0xFF, 0x47, 0xE0, 0x2F, 0x3E,
    0x00, 0x3E, 0xA0, 0x00, 0xBC, 0x00, 0x01, 0xF0, 0x0F, 0xFF, 0xC0, 0x3F, 0xFF, 0x00, 0x00, 0x7D,
    0x80, 0x02, 0xFF, 0x80, 0x0F, 0x9F, 0x40, 0xBC, 0x2F, 0xFF, 0xD0, 0x1F, 0xF8, 0x00, 0xB8, 0x07,
    0xF8, 0x2E, 0x03, 0xFF, 0xCB, 0x82, 0xE0, 0xFA, 0xE0, 0xF0, 0x0F, 0xB8, 0x3C, 0x03, 0xEE, 0x0F,
    0x00, 0xFB, 0xFF, 0xC0, 0x3E, 0xFF, 0xF0, 0x0F, 0xB8, 0x3C, 0x03, 0xEE, 0x0F, 0x00, 0xFB, 0x83,
    0xC0, 0x3E, 0xE0, 0xB8, 0x3E, 0xB8, 0x0F, 0xFF, 0x2E, 0x01, 0xFE, 0x00, 0x02, 0xFF, 0xFE, 0x0F,
    0xFF, 0xFE, 0x2F, 0x40, 0x2E, 0x3D, 0x00, 0x2E, 0x3C, 0x00, 0x2E, 0x3D, 0x00, 0x2E, 0x2F, 0x40,
    0x2E, 0x0F, 0xFF, 0xFE, 0x02, 0xFF, 0xFE, 0x01, 0xF0, 0x2E, 0x03, 0xE0, 0x2E, 0x0B, 0xC0, 0x2E,
    0x1F, 0x40, 0x2E, 0x3E, 0x00, 0x2E, 0x1F, 0x03, 0xD0, 0xFD, 0x1F, 0xC1, 0xF0, 0x3D, 0x00, 0x00,
    0x00, 0x00, 0x00, 0x00, 0x0B, 0xF8, 0x01, 0xFF, 0xFD, 0x0F, 0x80, 0xBC, 0xBC, 0x00, 0xFB, 0xD0,
    0x01, 0xFF, 0x40, 0x07, 0xFF, 0xFF, 0xFF, 0xFF, 0xFF, 0xFF, 0xD0, 0x00, 0x0F, 0x40, 0x00, 0x2E,
    0x00, 0x19, 0x3E, 0x01, 0xF4, 0x7F, 0xFF, 0x80, 0x2F, 0xE4, 0x00, 0x0B, 0x80, 0x00, 0x3F, 0xFF,
    0xF0, 0x0F, 0xFF, 0xFC, 0x00, 0x2E, 0x00, 0x00, 0x0B, 0x80, 0x00, 0x02, 0xE2, 0xFD, 0x00, 0xBB,
    0xFF, 0xE0, 0x2F, 0xC0, 0xBD, 0x0B, 0xC0, 0x0F, 0x82, 0xE0, 0x02, 0xE0, 0xB8, 0x00, 0xB8, 0x2E,
    0x00, 0x2E, 0x0B, 0x80, 0x0B, 0x82, 0xE0, 0x02, 0xE0, 0xB8, 0x00, 0xB8, 0x2E, 0x00, 0x2E, 0x0B,
    0x80, 0x0B, 0x82, 0xE0, 0x02, 0xE0, 0x00, 0x00, 0xF4, 0x00, 0x00, 0xFC, 0x00, 0x0F, 0xFD, 0x00,
    0x03, 0xF8, 0x00, 0x00, 0x06, 0x40, 0x00, 0x7C, 0x00, 0x03, 0xD0, 0x00, 0x3D, 0x00, 0x00, 0x00,
    0x00, 0x00, 0x00, 0x0B, 0xFF, 0xFF, 0x6F, 0xFF, 0xFD, 0xB8, 0x00, 0x02, 0xE0, 0x00, 0x0B, 0x80,
    0x00, 0x2E, 0x00, 0x00, 0xB8, 0x00, 0x02, 0xE0, 0x00, 0x0B, 0x80, 0x00, 0x2E, 0x00, 0x00, 0xB8,
    0x00, 0x02, 0xE0, 0x00, 0x0B, 0x80, 0x00, 0x2E, 0x00, 0x00, 0x02, 0xFE, 0x40, 0x7F, 0xFF, 0x83,
    0xE0, 0x2F, 0x6F, 0x00, 0x2F, 0xF8, 0x00, 0x2B, 0xD0, 0x00, 0x0F, 0xFF, 0xC0, 0x3F, 0xFF, 0x00,
    0xF4, 0x00, 0x03, 0xE0, 0x00, 0x9B, 0xC0, 0x0B, 0xCF, 0x80, 0x7D, 0x1F, 0xFF, 0xE0, 0x0B, 0xFD,
    0x00, 0x0B, 0xFF, 0x40, 0xFF, 0xFF, 0xC7, 0xD0, 0x1F, 0x6E, 0x00, 0x19, 0xB8, 0x00, 0x01, 0xF9,
    0x00, 0x02, 0xFF, 0xF8, 0x00, 0x6B, 0xFC, 0x00, 0x00, 0xF8, 0x00, 0x01, 0xFF, 0x40, 0x07, 0xEF,
    0x40, 0x7E, 0x3F, 0xFF, 0xF0, 0x2F, 0xFE, 0x00, 0x00, 0x7C, 0x00, 0x00, 0xFE, 0x00, 0x00, 0x7C,
    0x00, 0x00, 0x00, 0x00, 0x00, 0x00, 0x00, 0x7F, 0xFD, 0x00, 0x7F, 0xFD, 0x00, 0x00, 0x3D, 0x00,
    0x00, 0x3D, 0x00, 0x00, 0x3D, 0x00, 0x00, 0x3D, 0x00, 0x00, 0x3D, 0x00, 0x00, 0x3D, 0x00, 0x00,
    0x3D, 0x00, 0x00, 0x3D, 0x00, 0x00, 0x3D, 0x00, 0x00, 0x3D, 0x00, 0xFF, 0xFF, 0xFF, 0xFF, 0xFF,
    0xFF, 0x0F, 0x42, 0xE0, 0x1F, 0x83, 0xF0, 0x0F, 0x42, 0xF0, 0x00, 0x00, 0x00, 0x00, 0x00, 0x00,
    0x7F, 0xFD, 0x00, 0x7F, 0xFD, 0x00, 0x00, 0x3D, 0x00, 0x00, 0x3D, 0x00, 0x00, 0x3D, 0x00, 0x00,
    0x3D, 0x00, 0x00, 0x3D, 0x00, 0x00, 0x3D, 0x00, 0x00, 0x3D, 0x00, 0x00, 0x3D, 0x00, 0x00, 0x3D,
    0x00, 0x00, 0x3D, 0x00, 0xFF, 0xFF, 0xFF, 0xFF, 0xFF, 0xFF, 0x00, 0x0B, 0x80, 0x00, 0xFC, 0x00,
    0x0B, 0x80, 0x00, 0x00, 0x00, 0x00, 0x0F, 0xFF, 0xFC, 0xFF, 0xFF, 0xC0, 0x00, 0x7C, 0x00, 0x07,
    0xC0, 0x00, 0x7C, 0x00, 0x07, 0xC0, 0x00, 0x7C, 0x00, 0x07, 0xC0, 0x00, 0x7C, 0x00, 0x07, 0xC0,
    0x00, 0x7C, 0x00, 0x07, 0xC0, 0x00, 0x7C, 0x00, 0x07, 0xC0, 0x00, 0xF8, 0x00, 0x2F, 0x0F, 0xFF,
    0xD0, 0xFF, 0xE0, 0x00, 0x0F, 0xFF, 0xC0, 0x00, 0x3F, 0xFF, 0x00, 0x00, 0xF0, 0x3C, 0x00, 0x03,
    0xC0, 0xF0, 0x00, 0x0F, 0x03, 0xC0, 0x00, 0x3C, 0x0F, 0xFD, 0x00, 0xF0, 0x3F, 0xFE, 0x03, 0xC0,
    0xF0, 0x7C, 0x0F, 0x03, 0xC0, 0xF4, 0x3C, 0x0F, 0x02, 0xD0, 0xF0, 0x3C, 0x0F, 0x4B, 0x80, 0xF0,
    0x7C, 0xFC, 0x03, 0xFF, 0xE3, 0xD0, 0x0F, 0xFE, 0x00, 0x78, 0x0F, 0x00, 0x07, 0x80, 0xF0, 0x00,
    0x78, 0x0F, 0x00, 0x07, 0x80, 0xF0, 0x00, 0x78, 0x0F, 0x00, 0x07, 0xFF, 0xFF, 0x90, 0x7F, 0xFF,
    0xFF, 0x87, 0x80, 0xF0, 0x7C, 0x78, 0x0F, 0x02, 0xD7, 0x80, 0xF0, 0x2D, 0x78, 0x0F, 0x02, 0xD7,
    0x80, 0xF0, 0x3C, 0x78, 0x0F, 0xFF, 0x87, 0x80, 0xFF, 0xE0, 0x0B, 0x80, 0x00, 0x02, 0xE0, 0x00,
    0x0F, 0xFF, 0xFC, 0x03, 0xFF, 0xFF, 0x00, 0x0B, 0x80, 0x00, 0x02, 0xE2, 0xFD, 0x00, 0xBB, 0xFF,
    0xE0, 0x2F, 0xC0, 0xBD, 0x0B, 0xC0, 0x0F, 0x82, 0xE0, 0x02, 0xE0, 0xB8, 0x00, 0xBC, 0x2E, 0x00,
    0x2F, 0x0B, 0x80, 0x0B, 0xC2, 0xE0, 0x02, 0xF0, 0xB8, 0x00, 0xBC, 0x2E, 0x00, 0x2F, 0x0B, 0x80,
    0x0B, 0xC2, 0xE0, 0x02, 0xF0, 0x00, 0x02, 0x40, 0x00, 0x03, 0xD0, 0x00, 0x02, 0xE0, 0x00, 0x01,
    0xF0, 0x00, 0x00, 0x00, 0x00, 0x00, 0x00, 0x00, 0x07, 0xC0, 0x03, 0xE1, 0xF0, 0x02, 0xF0, 0x7C,
    0x01, 0xF4, 0x1F, 0x00, 0xF8, 0x07, 0xC0, 0xBC, 0x01, 0xF0, 0x3D, 0x00, 0x7F, 0xFE, 0x00, 0x1F,
    0xFF, 0xC0, 0x07, 0xC0, 0xF4, 0x01, 0xF0, 0x1F, 0x00, 0x7C, 0x03, 0xF0, 0x1F, 0x00, 0x3D, 0x07,
    0xC0, 0x07, 0xC1, 0xF0, 0x00, 0xFC, 0x02, 0x00, 0x20, 0x01, 0xF0, 0x3D, 0x00, 0x3F, 0xFF, 0x00,
    0x02, 0xFE, 0x00, 0x00, 0x00, 0x00, 0x00, 0x00, 0x00, 0x07, 0xC0, 0x00, 0xF4, 0xF4, 0x00, 0x7C,
    0x2E, 0x00, 0x2E, 0x07, 0xC0, 0x0F, 0x40, 0xF8, 0x07, 0xC0, 0x1F, 0x02, 0xE0, 0x03, 0xD0, 0xF0,
    0x00, 0xB8, 0x7C, 0x00, 0x0F, 0x3D, 0x00, 0x03, 0xEF, 0x00, 0x00, 0x7F, 0x80, 0x00, 0x0F, 0xD0,
    0x00, 0x02, 0xF0, 0x00, 0x00, 0xF8, 0x00, 0x00, 0x3C, 0x00, 0x00, 0x2E, 0x00, 0x00, 0x0F, 0x40,
    0x00, 0x07, 0xC0, 0x00, 0xB8, 0x00, 0xBA, 0xE0, 0x02, 0xEB, 0x80, 0x0B, 0xAE, 0x00, 0x2E, 0xB8,
    0x00, 0xBA, 0xE0, 0x02, 0xEB, 0x80, 0x0B, 0xAE, 0x00, 0x2E, 0xB8, 0x00, 0xBA, 0xE0, 0x02, 0xEB,
    0x80, 0x0B, 0xAE, 0x00, 0x2E, 0xBF, 0xFF, 0xFA, 0xFF, 0xFF, 0xE0, 0x0B, 0x80, 0x00, 0x2E, 0x00,
    0x00, 0xB8, 0x00, 0x00, 0x00, 0x24, 0x00, 0x01, 0xF0, 0x00, 0x07, 0xFF, 0xFF, 0xFF, 0xFF, 0xFF,
    0xFF, 0xE0, 0x00, 0x0F, 0x80, 0x00, 0x3E, 0x00, 0x00, 0xF8, 0x00, 0x03, 0xE0, 0x00, 0x0F, 0x80,
    0x00, 0x3E, 0x00, 0x00, 0xF8, 0x00, 0x03, 0xE0, 0x00, 0x0F, 0x80, 0x00, 0x3E, 0x00, 0x00, 0xF8,
    0x00, 0x03, 0xE0, 0x00, 0x0F, 0x80, 0x00, 0x3E, 0x00, 0x00, 0xF8, 0x00, 0x00, 0x00, 0x00, 0xA0,
    0x00, 0x03, 0xC0, 0x00, 0x0F, 0x3F, 0xFF, 0xFC, 0xFF, 0xFF, 0xF3, 0xE0, 0x00, 0x0F, 0x80, 0x00,
    0x3E, 0x00, 0x00, 0xF8, 0x00, 0x03, 0xE0, 0x00, 0x0F, 0x80, 0x00, 0x3E, 0x00, 0x00, 0xF8, 0x00,
    0x03, 0xE0, 0x00, 0x0F, 0x80, 0x00, 0x3E, 0x00, 0x00, 0xF8, 0x00, 0x00, 0x03, 0xFF, 0xFF, 0xF0,
    0x3F, 0xFF, 0xFF, 0x03, 0xE0, 0x00, 0x00, 0x3E, 0x00, 0x00, 0x03, 0xE0, 0x00, 0x00, 0x3E, 0x00,
    0x00, 0x03, 0xE0, 0x00, 0x00, 0x3E, 0x00, 0x00, 0x7F, 0xFF, 0xE0, 0x07, 0xFF, 0xFE, 0x00, 0x03,
    0xE0, 0x00, 0x00, 0x3E, 0x00, 0x00, 0x03, 0xE0, 0x00, 0x00, 0x3E, 0x00, 0x00, 0x03, 0xE0, 0x00,
    0x00, 0x3E, 0x00, 0x00, 0x03, 0xE0, 0x00, 0x00, 0x3E, 0x00, 0x00, 0x07, 0xFF, 0xFF, 0x81, 0xFF,
    0xFF, 0xE0, 0x7C, 0x00, 0x00, 0x1F, 0x00, 0x00, 0x07, 0xC0, 0x00, 0x01, 0xF0, 0x00, 0x0F, 0xFF,
    0xFD, 0x03, 0xFF, 0xFF, 0x40, 0x07, 0xC0, 0x00, 0x01, 0xF0, 0x00, 0x00, 0x7C, 0x00, 0x00, 0x1F,
    0x00, 0x00, 0x07, 0xC0, 0x00, 0x01, 0xF0, 0x00, 0x00, 0xF4, 0x00, 0x3C, 0x3D, 0x00, 0x2E, 0x0F,
    0x40, 0x0F, 0x03, 0xD0, 0x0B, 0x80, 0xF4, 0x07, 0xC0, 0x3D, 0x03, 0xE0, 0x0F, 0x41, 0xF0, 0x03,
    0xD0, 0xF8, 0x00, 0xFF, 0xFC, 0x00, 0x3F, 0xFF, 0x00, 0x0F, 0x43, 0xF0, 0x03, 0xD0, 0x7D, 0x00,
    0xF4, 0x0F, 0xC0, 0x3D, 0x00, 0xF4, 0x0F, 0x40, 0x2F, 0x03, 0xD0, 0x03, 0xD0, 0xF4, 0x00, 0xBF,
    0xBD, 0x00, 0x0F, 0xE0, 0x00, 0x00, 0x78, 0x00, 0x00, 0x1E, 0x00, 0x00, 0x07, 0x80, 0xB8, 0x00,
    0x7C, 0x2E, 0x00, 0x3E, 0x0B, 0x80, 0x2F, 0x02, 0xE0, 0x1F, 0x00, 0xB8, 0x0F, 0x80, 0x2E, 0x0B,
    0xC0, 0x0B, 0xFF, 0xC0, 0x02, 0xFF, 0xF4, 0x00, 0xB8, 0x2F, 0x00, 0x2E, 0x03, 0xE0, 0x0B, 0x80,
    0x7D, 0x02, 0xE0, 0x0B, 0xC0, 0xB8, 0x00, 0xFF, 0x6E, 0x00, 0x1F, 0xD0, 0x00, 0x00, 0xF4, 0x00,
    0x00, 0x3D, 0x00, 0x00, 0x0F, 0x40, 0xF4, 0x00, 0xB8, 0xF4, 0x00, 0xB8, 0xF4, 0x00, 0xB8, 0xF4,
    0x00, 0xB8, 0xF4, 0x00, 0xB8, 0xF4, 0x00, 0xB8, 0xF4, 0x00, 0xB8, 0xF4, 0x00, 0xB8, 0xFF, 0xFF,
    0xF8, 0xFF, 0xFF, 0xF8, 0xF4, 0x00, 0xB8, 0xF4, 0x00, 0xB8, 0xF4, 0x00, 0xB8, 0xF4, 0x00, 0xB8,
    0xF4, 0x00, 0xB8, 0xF4, 0x00, 0xB8, 0xF4, 0x00, 0xBF, 0xF4, 0x00, 0xBF, 0x00, 0x00, 0x1F, 0x00,
    0x00, 0x1F, 0x00, 0x00, 0x1F, 0xB8, 0x00, 0xB8, 0xB8, 0x00, 0xB8, 0xB8, 0x00, 0xB8, 0xB8, 0x00,
    0xB8, 0xB8, 0x00, 0xB8, 0xB8, 0x00, 0xB8, 0xBF, 0xFF, 0xF8, 0xBF, 0xFF, 0xF8, 0xB8, 0x00, 0xB8,
    0xB8, 0x00, 0xB8, 0xB8, 0x00, 0xB8, 0xB8, 0x00, 0xB8, 0xB8, 0x00, 0xBF, 0xB8, 0x00, 0xBF, 0x00,
    0x00, 0x1F, 0x00, 0x00, 0x1F, 0x00, 0x00, 0x1F, 0x3E, 0x00, 0x01, 0xF0, 0x7C, 0x00, 0x0F, 0x40,
    0xF4, 0x00, 0x7C, 0x01, 0xF0, 0x03, 0xD0, 0x03, 0xD0, 0x1F, 0x00, 0x07, 0xC0, 0xF4, 0x00, 0x0F,
    0x47, 0xC0, 0x00, 0x1F, 0x3D, 0x00, 0x00, 0x3E, 0xF0, 0x00, 0x00, 0x7F, 0x40, 0x00, 0x00, 0xFC,
    0x00, 0x00, 0x02, 0xE0, 0x00, 0x00, 0x0B, 0x80, 0x00, 0x00, 0x2E, 0x00, 0x00, 0x00, 0xB8, 0x00,
    0x00, 0x02, 0xE0, 0x00, 0x00, 0x0B, 0x80, 0x00, 0x00, 0x2E, 0x00, 0x00, 0x7C, 0x00, 0x0F, 0x4F,
    0x40, 0x07, 0xC2, 0xE0, 0x02, 0xE0, 0x3C, 0x00, 0xF0, 0x0F, 0x40, 0x7C, 0x02, 0xF0, 0x2E, 0x00,
    0x3C, 0x0F, 0x00, 0x0F, 0x47, 0xC0, 0x01, 0xF2, 0xD0, 0x00, 0x3C, 0xF0, 0x00, 0x0B, 0xB8, 0x00,
    0x01, 0xFD, 0x00, 0x00, 0x3F, 0x00, 0x00, 0x0B, 0x80, 0x00, 0x02, 0xE0, 0x00, 0x00, 0xB8, 0x00,
    0x00, 0x2E, 0x00, 0x00, 0x0B, 0x80, 0x00, 0x3E, 0x00, 0x01, 0xF0, 0x7C, 0x00, 0x0F, 0x40, 0xF4,
    0x00, 0x7C, 0x01, 0xF0, 0x03, 0xD0, 0x03, 0xD0, 0x1F, 0x00, 0x07, 0xC0, 0xF4, 0x00, 0x0F, 0x47,
    0xC0, 0x00, 0x1F, 0x3D, 0x00, 0x00, 0x3E, 0xF0, 0x00, 0x00, 0x7F, 0x40, 0x00, 0x00, 0xFC, 0x00,
    0x00, 0xFF, 0xFF, 0xC0, 0x03, 0xFF, 0xFF, 0x00, 0x00, 0x2E, 0x00, 0x00, 0x00, 0xB8, 0x00, 0x00,
    0x02, 0xE0, 0x00, 0x00, 0x0B, 0x80, 0x00, 0x00, 0x2E, 0x00, 0x00, 0x7C, 0x00, 0x0F, 0x4F, 0x40,
    0x07, 0xC2, 0xF0, 0x02, 0xE0, 0x3C, 0x00, 0xF0, 0x0F, 0x40, 0x7C, 0x01, 0xF0, 0x2D, 0x00, 0x3C,
    0x0F, 0x00, 0x0B, 0x87, 0x80, 0x01, 0xF3, 0xD0, 0x00, 0x3D, 0xF0, 0x00, 0x0B, 0xB8, 0x00, 0x00,
    0xFC, 0x00, 0x00, 0x3F, 0x00, 0x03, 0xFF, 0xFF, 0x00, 0xFF, 0xFF, 0xC0, 0x00, 0xB8, 0x00, 0x00,
    0x2E, 0x00, 0x00, 0x0B, 0x80, 0x00, 0x7C, 0x00, 0x3D, 0x1F, 0x00, 0x0F, 0x47, 0xC0, 0x03, 0xD1,
    0xF0, 0x00, 0xF4, 0x7C, 0x00, 0x3D, 0x1F, 0x00, 0x0F, 0x47, 0xC0, 0x03, 0xD1, 0xF0, 0x00, 0xF4,
    0x3F, 0x00, 0x3D, 0x07, 0xFF, 0xFF, 0x40, 0x2F, 0xFF, 0xD0, 0x00, 0x00, 0xF4, 0x00, 0x00, 0x3D,
    0x00, 0x00, 0x0F, 0x40, 0x00, 0x03, 0xD0, 0x00, 0x00, 0xF4, 0x00, 0x00, 0x3F, 0x80, 0x00, 0x0F,
    0xE0, 0x00, 0x00, 0x78, 0x00, 0x00, 0x1E, 0x00, 0x00, 0x07, 0x80, 0x3C, 0x00, 0x3D, 0x0F, 0x00,
    0x0F, 0x43, 0xC0, 0x03, 0xD0, 0xF0, 0x00, 0xF4, 0x3C, 0x00, 0x3D, 0x0F, 0x00, 0x0F, 0x43, 0xF0,
    0x03, 0xD0, 0x7F, 0xFF, 0xF4, 0x02, 0xFF, 0xFD, 0x00, 0x00, 0x0F, 0x40, 0x00, 0x03, 0xD0, 0x00,
    0x00, 0xF4, 0x00, 0x00, 0x3F, 0x80, 0x00, 0x0F, 0xE0, 0x00, 0x00, 0xB8, 0x00, 0x00, 0x2E, 0x00,
    0x00, 0x0B, 0x80, 0xB8, 0x00, 0x00, 0xB8, 0x00, 0x00, 0xB8, 0x00, 0x00, 0xB8, 0x00, 0x00, 0xB8,
    0x00, 0x00, 0xB8, 0x00, 0x00, 0xB8, 0x00, 0x00, 0xBF, 0xFF, 0x80, 0xBF, 0xFF, 0xF0, 0xB8, 0x01,
    0xFC, 0xB8, 0x00, 0x7C, 0xB8, 0x00, 0x3C, 0xB8, 0x00, 0x3C, 0xB8, 0x00, 0x3C, 0xB8, 0x00, 0x3C,
    0xB8, 0x00, 0x3C, 0xB8, 0x00, 0x3C, 0xB8, 0x00, 0x3C, 0xBC, 0x00, 0x00, 0xBC, 0x00, 0x00, 0xBC,
    0x00, 0x00, 0xBC, 0x00, 0x00, 0xBC, 0x00, 0x00, 0xBF, 0xFF, 0x80, 0xBF, 0xFF, 0xF0, 0xBC, 0x01,
    0xF8, 0xBC, 0x00, 0x7C, 0xBC, 0x00, 0x3C, 0xBC, 0x00, 0x3C, 0xBC, 0x00, 0x3C, 0xBC, 0x00, 0x3C,
    0xBC, 0x00, 0x3C, 0x06, 0xFE, 0x00, 0xBF, 0xFF, 0x47, 0xE0, 0x2F, 0x2F, 0x00, 0x3E, 0xF4, 0x00,
    0xB8, 0x00, 0x02, 0xE0, 0x00, 0x0B, 0xC0, 0x00, 0x2F, 0xFF, 0xFF, 0xFF, 0xFF, 0xFF, 0xFF, 0x40,
    0x0B, 0xFD, 0x00, 0x2F, 0xF4, 0x00, 0xBB, 0xD0, 0x02, 0xEB, 0x80, 0x0F, 0x9F, 0x80, 0xBC, 0x2F,
    0xFF, 0xD0, 0x1B, 0xF8, 0x00, 0x06, 0xFE, 0x00, 0xBF, 0xFF, 0x47, 0xD0, 0x2F, 0x19, 0x00, 0x2E,
    0x00, 0x00, 0x7C, 0x00, 0x01, 0xFF, 0xFF, 0xFF, 0xFF, 0xFF, 0xFF, 0xF4, 0x00, 0x7F, 0xD0, 0x01,
    0xFB, 0x80, 0x0F, 0x8F, 0x80, 0xBC, 0x1F, 0xFF, 0xD0, 0x0B, 0xF8, 0x00, 0x01, 0xF0, 0x3D, 0x00,
    0x0F, 0xD1, 0xFC, 0x00, 0x1F, 0x03, 0xD0, 0x00, 0x00, 0x00, 0x00, 0x00, 0x00, 0x00, 0x01, 0xF0,
    0x1D, 0x03, 0xD3, 0xC0, 0x74, 0x0F, 0x0B, 0x81, 0xD0, 0xB8, 0x1F, 0x07, 0x43, 0xD0, 0x3C, 0x1D,
    0x0F, 0x00, 0xB8, 0x74, 0xB8, 0x01, 0xF1, 0xD3, 0xD0, 0x03, 0xC7, 0x4F, 0x00, 0x0B, 0xFF, 0xF8,
    0x00, 0x2F, 0xFF, 0xE0, 0x00, 0xF1, 0xD3, 0xC0, 0x07, 0xC7, 0x4F, 0x40, 0x3D, 0x1D, 0x1F, 0x00,
    0xF0, 0x74, 0x3C, 0x0B, 0x81, 0xD0, 0xF8, 0x3D, 0x07, 0x41, 0xF1, 0xF0, 0x1D, 0x03, 0xDB, 0x80,
    0x74, 0x0B, 0x80, 0x01, 0xF0, 0x3D, 0x00, 0x0F, 0xD1, 0xFC, 0x00, 0x1F, 0x03, 0xD0, 0x00, 0x00,
    0x00, 0x00, 0x00, 0x00, 0x00, 0x00, 0xF0, 0x1D, 0x03, 0xC3, 0xD0, 0x74, 0x1F, 0x07, 0xC1, 0xD0,
    0xF4, 0x0F, 0x07, 0x43, 0xC0, 0x2E, 0x1D, 0x2E, 0x00, 0x3C, 0x74, 0xF0, 0x00, 0xBF, 0xFF, 0x80,
    0x03, 0xFF, 0xFF, 0x00, 0x0F, 0x1D, 0x3D, 0x00, 0xB8, 0x74, 0xB8, 0x03, 0xC1, 0xD0, 0xF0, 0x2E,
    0x07, 0x42, 0xE0, 0xF0, 0x1D, 0x07, 0xC7, 0xC0, 0x74, 0x0F, 0x40, 0x07, 0xC0, 0xF4, 0x03, 0xF4,
    0x7F, 0x00, 0x7C, 0x0F, 0x40, 0x00, 0x00, 0x00, 0x00, 0x00, 0x00, 0x00, 0x6F, 0xE4, 0x00, 0xFF,
    0xFF, 0x80, 0xBD, 0x02, 0xF4, 0x3D, 0x00, 0x2E, 0x0A, 0x00, 0x0B, 0x80, 0x00, 0x03, 0xE0, 0x00,
    0x02, 0xF0, 0x00, 0xFF, 0xE0, 0x00, 0x3F, 0xFD, 0x00, 0x00, 0x0B, 0xD0, 0x00, 0x00, 0xBC, 0x00,
    0x00, 0x0F, 0x04, 0x00, 0x03, 0xDB, 0x80, 0x00, 0xF1, 0xF0, 0x00, 0xBC, 0x3F, 0x40, 0xBD, 0x03,
    0xFF, 0xFE, 0x00, 0x1F, 0xF9, 0x00, 0x07, 0xC0, 0xF4, 0x03, 0xF4, 0x7F, 0x00, 0x7C, 0x0F, 0x40,
    0x00, 0x00, 0x00, 0x00, 0x00, 0x00, 0x00, 0xBF, 0xF8, 0x00, 0xFF, 0xFF, 0xC0, 0xBC, 0x01, 0xF8,
    0x28, 0x00, 0x2F, 0x00, 0x00, 0x0B, 0x80, 0x00, 0x07, 0xC0, 0x03, 0xFF, 0x80, 0x00, 0xFF, 0xFC,
    0x00, 0x00, 0x1F, 0xC0, 0x00, 0x01, 0xF0, 0xF0, 0x00, 0x7C, 0x3E, 0x00, 0x7F, 0x07, 0xFF, 0xFF,
    0x00, 0x2F, 0xFE, 0x00, 0x1F, 0x03, 0xD0, 0xFD, 0x1F, 0xC1, 0xF0, 0x3D, 0x00, 0x00, 0x00, 0x00,
    0x00, 0x03, 0xD0, 0x07, 0xFF, 0x40, 0x3F, 0xFD, 0x00, 0xFF, 0xF4, 0x0B, 0xBF, 0xD0, 0x3D, 0xFF,
    0x40, 0xF7, 0xFD, 0x0B, 0x5F, 0xF4, 0x3C, 0x7F, 0xD1, 0xE1, 0xFF, 0x4B, 0x47, 0xFD, 0x3C, 0x1F,
    0xF5, 0xE0, 0x7F, 0xDB, 0x01, 0xFF, 0x7C, 0x07, 0xFE, 0xE0, 0x1F, 0xFF, 0x00, 0x7F, 0xFC, 0x01,
    0xFF, 0xD0, 0x07, 0xC0, 0x1F, 0x03, 0xD0, 0xFD, 0x1F, 0xC1, 0xF0, 0x3D, 0x00, 0x00, 0x00, 0x00,
    0x00, 0x02, 0xD0, 0x07, 0xEB, 0x40, 0x3F, 0xAD, 0x01, 0xFE, 0xB4, 0x0F, 0xBA, 0xD0, 0x79, 0xEB,
    0x43, 0xC7, 0xAD, 0x1F, 0x1E, 0xB4, 0xF4, 0x7A, 0xD7, 0xC1, 0xEB, 0x6D, 0x07, 0xAE, 0xF0, 0x1E,
    0xBF, 0x40, 0x7A, 0xFC, 0x01, 0xEB, 0xD0, 0x07, 0x80, 0x1F, 0x03, 0xD0, 0xFD, 0x1F, 0xC1, 0xF0,
    0x3D, 0x00, 0x00, 0x00, 0x00, 0x00, 0x00, 0x1B, 0xF9, 0x01, 0xFF, 0xFD, 0x0F, 0x80, 0xBC, 0xBC,
    0x00, 0xFA, 0xE0, 0x02, 0xEF, 0x40, 0x07, 0xFD, 0x00, 0x1F, 0xF4, 0x00, 0x7F, 0xD0, 0x01, 0xFF,
    0x40, 0x07, 0xFD, 0x00, 0x1F, 0xF4, 0x00, 0x7F, 0xD0, 0x01, 0xFB, 0x80, 0x0B, 0xAF, 0x00, 0x3E,
    0x3E, 0x02, 0xF0, 0x7F, 0xFF, 0x40, 0x6F, 0xE4, 0x00, 0x1F, 0x03, 0xD0, 0xFD, 0x1F, 0xC1, 0xF0,
    0x3D, 0x00, 0x00, 0x00, 0x00, 0x00, 0x00, 0x1B, 0xF9, 0x01, 0xFF, 0xFD, 0x0F, 0x80, 0xBC, 0xBC,
    0x00, 0xFB, 0xD0, 0x01, 0xFF, 0x40, 0x07, 0xFD, 0x00, 0x1F, 0xF4, 0x00, 0x7F, 0xD0, 0x01, 0xFF,
    0x40, 0x07, 0xEF, 0x00, 0x3E, 0x3E, 0x02, 0xF0, 0x7F, 0xFF, 0x40, 0x2F, 0xE0, 0x00, 0x06, 0xFE,
    0x40, 0x7F, 0xFF, 0x43, 0xE0, 0x2F, 0x2E, 0x00, 0x2E, 0xB8, 0x00, 0xBB, 0xD0, 0x01, 0xEF, 0x40,
    0x07, 0xFF, 0xFF, 0xFF, 0xFF, 0xFF, 0xFF, 0xD0, 0x01, 0xFF, 0x40, 0x07, 0xFD, 0x00, 0x1F, 0xB4,
    0x00, 0x7A, 0xE0, 0x02, 0xEB, 0xC0, 0x0F, 0x8F, 0x80, 0xBC, 0x1F, 0xFF, 0xD0, 0x1B, 0xF9, 0x00,
    0x02, 0xFE, 0x00, 0x7F, 0xFF, 0x43, 0xE0, 0x2F, 0x2F, 0x00, 0x3E, 0xB8, 0x00, 0xBA, 0xD0, 0x01,
    0xEF, 0xFF, 0xFF, 0xFF, 0xFF, 0xFF, 0xB4, 0x00, 0x7A, 0xE0, 0x02, 0xEB, 0xC0, 0x0F, 0x8F, 0x80,
    0xBC, 0x1F, 0xFF, 0xD0, 0x0B, 0xF8, 0x00, 0x07, 0xC0, 0xF4, 0x0F, 0xD1, 0xFC, 0x07, 0xC0, 0xF4,
    0x00, 0x00, 0x00, 0x00, 0x00, 0x00, 0x3C, 0x00, 0x2E, 0x3C, 0x00, 0x2E, 0x3C, 0x00, 0x2E, 0x3C,
    0x00, 0x2E, 0x3C, 0x00, 0x2E, 0x3C, 0x00, 0x2E, 0x3C, 0x00, 0x2E, 0x3D, 0x00, 0x2E, 0x3F, 0x40,
    0x2E, 0x0F, 0xFF, 0xFE, 0x02, 0xFF, 0xFE, 0x00, 0x00, 0x2E, 0x00, 0x00, 0x2E, 0x00, 0x00, 0x2E,
    0x00, 0x00, 0x2E, 0x00, 0x00, 0x2E, 0x00, 0x00, 0x2E, 0x00, 0x00, 0x2E, 0x07, 0xC0, 0xF4, 0x0F,
    0xD1, 0xFC, 0x07, 0xC0, 0xF4, 0x00, 0x00, 0x00, 0x00, 0x00, 0x00, 0x3C, 0x00, 0x3E, 0x3C, 0x00,
    0x3E, 0x3C, 0x00, 0x3E, 0x3C, 0x00, 0x3E, 0x3C, 0x00, 0x3E, 0x3D, 0x00, 0x3E, 0x2F, 0x00, 0x3E,
    0x0F, 0xFF, 0xFE, 0x02, 0xFF, 0xFE, 0x00, 0x00, 0x3E, 0x00, 0x00, 0x3E, 0x00, 0x00, 0x3E, 0x00,
    0x00, 0x3E, 0x00, 0x00, 0x3E, 0x00, 0x60, 0x00, 0x00, 0x01, 0xF0, 0x00, 0x00, 0x02, 0xF0, 0x00,
    0x00, 0x02, 0xE0, 0x00, 0x00, 0x00, 0x00, 0x00, 0x00, 0x00, 0x00, 0x07, 0x80, 0xBC, 0x0B, 0x5E,
    0x03, 0xF0, 0x2D, 0x3C, 0x0F, 0xC0, 0xB0, 0xF0, 0x3B, 0x03, 0xC3, 0xC1, 0xDD, 0x0F, 0x0F, 0x07,
    0x34, 0x3C, 0x2D, 0x2C, 0xE0, 0xE0, 0xB4, 0xB3, 0x87, 0x81, 0xD3, 0x8B, 0x1D, 0x07, 0x8E, 0x2C,
    0xB4, 0x0E, 0x34, 0x72, 0xC0, 0x3C, 0xD1, 0xCB, 0x00, 0xF7, 0x03, 0x7C, 0x03, 0xDC, 0x0D, 0xF0,
    0x0F, 0xB0, 0x3B, 0x80, 0x2F, 0xC0, 0xFE, 0x00, 0xBE, 0x02, 0xF4, 0x01, 0xF8, 0x0B, 0xD0, 0x00,
    0x60, 0x00, 0x00, 0x01, 0xF0, 0x00, 0x00, 0x02, 0xF0, 0x00, 0x00, 0x02, 0xE0, 0x00, 0x00, 0x00,
    0x00, 0x00, 0x00, 0x00, 0x00, 0x03, 0xC0, 0xB8, 0x0B, 0x0F, 0x03, 0xF0, 0x3C, 0x3C, 0x0F, 0xC0,
    0xF0, 0xB0, 0x3B, 0x03, 0x81, 0xD1, 0xDD, 0x1D, 0x07, 0x8B, 0x38, 0x74, 0x0E, 0x3C, 0xF2, 0xC0,
    0x3C, 0xE2, 0xCB, 0x00, 0xF3, 0x47, 0x3C, 0x02, 0xDD, 0x1D, 0xE0, 0x0B, 0xB0, 0x3B, 0x40, 0x1F,
    0xC0, 0xFD, 0x00, 0x3F, 0x03, 0xF0, 0x00, 0xF8, 0x0B, 0xC0, 0x00, 0x00, 0x24, 0x00, 0x00, 0x03,
    0xD0, 0x00, 0x00, 0x3E, 0x00, 0x00, 0x02, 0xE0, 0x00, 0x00, 0x00, 0x00, 0x00, 0x00, 0x00, 0x00,
    0x07, 0x80, 0xBC, 0x0B, 0x5E, 0x03, 0xF0, 0x2D, 0x3C, 0x0F, 0xC0, 0xB0, 0xF0, 0x3B, 0x03, 0xC3,
    0xC1, 0xDD, 0x0F, 0x0F, 0x07, 0x34, 0x3C, 0x2D, 0x2C, 0xE0, 0xE0, 0xB4, 0xB3, 0x87, 0x81, 0xD3,
    0x8B, 0x1D, 0x07, 0x8E, 0x2C, 0xB4, 0x0E, 0x34, 0x72, 0xC0, 0x3C, 0xD1, 0xCB, 0x00, 0xF7, 0x03,
    0x7C, 0x03, 0xDC, 0x0D, 0xF0, 0x0F, 0xB0, 0x3B, 0x80, 0x2F, 0xC0, 0xFE, 0x00, 0xBE, 0x02, 0xF4,
    0x01, 0xF8, 0x0B, 0xD0, 0x00, 0x00, 0x24, 0x00, 0x00, 0x03, 0xD0, 0x00, 0x00, 0x3E, 0x00, 0x00,
    0x02, 0xE0, 0x00, 0x00, 0x00, 0x00, 0x00, 0x00, 0x00, 0x00, 0x03, 0xC0, 0xB8, 0x0B, 0x0F, 0x03,
    0xF0, 0x3C, 0x3C, 0x0F, 0xC0, 0xF0, 0xB0, 0x3B, 0x03, 0x81, 0xD1, 0xDD, 0x1D, 0x07, 0x8B, 0x38,
    0x74, 0x0E, 0x3C, 0xF2, 0xC0, 0x3C, 0xE2, 0xCB, 0x00, 0xF3, 0x47, 0x3C, 0x02, 0xDD, 0x1D, 0xE0,
    0x0B, 0xB0, 0x3B, 0x40, 0x1F, 0xC0, 0xFD, 0x00, 0x3F, 0x03, 0xF0, 0x00, 0xF8, 0x0B, 0xC0, 0x01,
    0xF0, 0x3D, 0x00, 0x0F, 0xD1, 0xFC, 0x00, 0x1F, 0x03, 0xD0, 0x00, 0x00, 0x00, 0x00, 0x00, 0x00,
    0x00, 0x01, 0xE0, 0x2F, 0x02, 0xD7, 0x80, 0xFC, 0x0B, 0x4F, 0x03, 0xF0, 0x2C, 0x3C, 0x0E, 0xC0,
    0xF0, 0xF0, 0x77, 0x43, 0xC3, 0xC1, 0xCD, 0x0F, 0x0B, 0x4B, 0x38, 0x38, 0x2D, 0x2C, 0xE1, 0xE0,
    0x74, 0xE2, 0xC7, 0x41, 0xE3, 0x8B, 0x2D, 0x03, 0x8D, 0x1C, 0xB0, 0x0F, 0x34, 0x72, 0xC0, 0x3D,
    0xC0, 0xDF, 0x00, 0xF7, 0x03, 0x7C, 0x03, 0xEC, 0x0E, 0xE0, 0x0B, 0xF0, 0x3F, 0x80, 0x2F, 0x80,
    0xBD, 0x00, 0x7E, 0x02, 0xF4, 0x00, 0x01, 0xF0, 0x3D, 0x00, 0x0F, 0xD1, 0xFC, 0x00, 0x1F, 0x03,
    0xD0, 0x00, 0x00, 0x00, 0x00, 0x00, 0x00, 0x00, 0x00, 0xF0, 0x2E, 0x02, 0xC3, 0xC0, 0xFC, 0x0F,
    0x0F, 0x03, 0xF0, 0x3C, 0x2C, 0x0E, 0xC0, 0xE0, 0x74, 0x77, 0x47, 0x41, 0xE2, 0xCE, 0x1D, 0x03,
    0x8F, 0x3C, 0xB0, 0x0F, 0x38, 0xB2, 0xC0, 0x3C, 0xD1, 0xCF, 0x00, 0xB7, 0x47, 0x78, 0x02, 0xEC,
    0x0E, 0xD0, 0x07, 0xF0, 0x3F, 0x40, 0x0F, 0xC0, 0xFC, 0x00, 0x3E, 0x02, 0xF0, 0x00, 0x02, 0xFF,
    0xFC, 0x1F, 0xFF, 0xFC, 0x3E, 0x00, 0xBC, 0x7C, 0x01, 0xF0, 0xB8, 0x03, 0xD0, 0xB8, 0x0F, 0x40,
    0xB8, 0x3E, 0x00, 0xB8, 0x7F, 0xD0, 0xB8, 0x7F, 0xF4, 0xB8, 0x01, 0xFC, 0xB8, 0x00, 0x7D, 0xB8,
    0x00, 0x3D, 0xB8, 0x00, 0x3D, 0xB8, 0x00, 0x3D, 0xB8, 0x00, 0x7C, 0xB8, 0x01, 0xF8, 0xB8, 0xBF,
    0xF0, 0xB8, 0xBF, 0x40, 0x00, 0x3F, 0x00, 0x00, 0x1F, 0xD0, 0x00, 0x0B, 0xB8, 0x00, 0x03, 0xDF,
    0x00, 0x00, 0xF3, 0xC0, 0x00, 0x78, 0xB4, 0x00, 0x2D, 0x1E, 0x00, 0x0F, 0x03, 0xC0, 0x03, 0xC0,
    0xF4, 0x02, 0xE0, 0x2E, 0x00, 0xF4, 0x07, 0xC0, 0x3F, 0xFF, 0xF0, 0x1F, 0xFF, 0xFD, 0x0B, 0x80,
    0x0B, 0x83, 0xD0, 0x01, 0xF0, 0xF0, 0x00, 0x3C, 0x7C, 0x00, 0x0F, 0x6E, 0x00, 0x02, 0xE0, 0x00,
    0x00, 0x00, 0x00, 0x00, 0x00, 0x00, 0x2E, 0x00, 0x00, 0x0F, 0xC0, 0x00, 0x02, 0xE0, 0x00, 0x01,
    0xBF, 0x90, 0x0B, 0xFF, 0xF8, 0x1F, 0x40, 0x7D, 0x15, 0x00, 0x2E, 0x00, 0x00, 0x2E, 0x02, 0xFF,
    0xFE, 0x1F, 0xFF, 0xFE, 0x3F, 0x00, 0x2E, 0x3C, 0x00, 0x2E, 0x7C, 0x00, 0x2E, 0x3C, 0x00, 0x3E,
    0x3F, 0x41, 0xFE, 0x1F, 0xFF, 0xEE, 0x02, 0xFE, 0x2E, 0x00, 0x00, 0x00, 0x00, 0x00, 0x00, 0x00,
    0x2F, 0x00, 0x00, 0x3F, 0x40, 0x00, 0x2F, 0x00, 0x00, 0xFE, 0x00, 0x00, 0x3F, 0xE0, 0x00, 0x00,
    0x3C, 0x00, 0x00, 0x2D, 0x00, 0x00, 0x0F, 0x00, 0x00, 0x00, 0x00, 0x00, 0x00, 0x00, 0x00, 0x00,
    0xFC, 0x00, 0x00, 0x7F, 0x40, 0x00, 0x2E, 0xE0, 0x00, 0x0F, 0x7C, 0x00, 0x03, 0xCF, 0x00, 0x01,
    0xE2, 0xD0, 0x00, 0xB4, 0x78, 0x00, 0x3C, 0x0F, 0x00, 0x0F, 0x03, 0xD0, 0x0B, 0x80, 0xB8, 0x03,
    0xD0, 0x1F, 0x00, 0xFF, 0xFF, 0xC0, 0x7F, 0xFF, 0xF4, 0x2E, 0x00, 0x2E, 0x0F, 0x40, 0x07, 0xC3,
    0xC0, 0x00, 0xF1, 0xF0, 0x00, 0x3D, 0xB8, 0x00, 0x0B, 0x80, 0x00, 0xBF, 0x40, 0x00, 0xBF, 0xC0,
    0x00, 0x03, 0xC0, 0x00, 0x07, 0x80, 0x00, 0x0F, 0x00, 0x00, 0x00, 0x00, 0x00, 0x00, 0x00, 0x01,
    0xBF, 0x90, 0x0B, 0xFF, 0xF8, 0x1F, 0x40, 0x7D, 0x15, 0x00, 0x2E, 0x00, 0x00, 0x2E, 0x02, 0xFF,
    0xFE, 0x1F, 0xFF, 0xFE, 0x3F, 0x00, 0x2E, 0x3C, 0x00, 0x2E, 0x7C, 0x00, 0x2E, 0x3C, 0x00, 0x3E,
    0x3F, 0x41, 0xFE, 0x1F, 0xFF, 0xEE, 0x02, 0xFE, 0x2E, 0x00, 0x00, 0x02, 0xF0, 0x00, 0x00, 0x1F,
    0x00, 0x01, 0x91, 0xF0, 0x00, 0x2F, 0xE0, 0x00, 0x02, 0xF7, 0xE0, 0x00, 0x2F, 0x03, 0xE0, 0x00,
    0x00, 0x00, 0x00, 0x00, 0x00, 0x00, 0x00, 0x00, 0x3F, 0x00, 0x00, 0x01, 0xFD, 0x00, 0x00, 0x0B,
    0xB8, 0x00, 0x00, 0x3D, 0xF0, 0x00, 0x00, 0xF3, 0xC0, 0x00, 0x07, 0x8B, 0x40, 0x00, 0x2D, 0x1E,
    0x00, 0x00, 0xF0, 0x3C, 0x00, 0x03, 0xC0, 0xF4, 0x00, 0x2E, 0x02, 0xE0, 0x00, 0xF4, 0x07, 0xC0,
    0x03, 0xFF, 0xFF, 0x00, 0x1F, 0xFF, 0xFD, 0x00, 0xB8, 0x00, 0xB8, 0x03, 0xD0, 0x01, 0xF0, 0x0F,
    0x00, 0x03, 0xC0, 0x7C, 0x00, 0x0F, 0x42, 0xE0, 0x00, 0x2E, 0x00, 0x00, 0x00, 0x00, 0x64, 0x00,
    0x00, 0x0B, 0xC0, 0x00, 0x00, 0x7C, 0x00, 0x06, 0x43, 0xC0, 0x00, 0x7F, 0x80, 0x00, 0x07, 0xCF,
    0x80, 0x00, 0x7C, 0x0F, 0x80, 0x00, 0x00, 0x00, 0x00, 0x00, 0x00, 0x00, 0x00, 0x06, 0xFE, 0x40,
    0x00, 0xBF, 0xFF, 0x80, 0x07, 0xD0, 0x1F, 0x40, 0x15, 0x00, 0x2E, 0x00, 0x00, 0x00, 0xB8, 0x00,
    0x2F, 0xFF, 0xE0, 0x07, 0xFF, 0xFF, 0x80, 0x3F, 0x00, 0x2E, 0x00, 0xF0, 0x00, 0xB8, 0x07, 0xC0,
    0x02, 0xE0, 0x0F, 0x00, 0x0F, 0x80, 0x3F, 0x41, 0xFE, 0x00, 0x7F, 0xFF, 0xB8, 0x00, 0x2F, 0xE2,
    0xE0, 0x00, 0x00, 0x01, 0xF0, 0x00, 0x00, 0x1F, 0x00, 0x01, 0x91, 0xF0, 0x02, 0xFE, 0x00, 0x02,
    0xF7, 0xE0, 0x02, 0xF0, 0x3E, 0x00, 0x00, 0x00, 0x00, 0x00, 0x00, 0x00, 0x00, 0x3F, 0x00, 0x00,
    0x1F, 0xD0, 0x00, 0x0B, 0xB8, 0x00, 0x03, 0xDF, 0x00, 0x00, 0xF3, 0xC0, 0x00, 0x78, 0xB4, 0x00,
    0x2D, 0x1E, 0x00, 0x0F, 0x03, 0xC0, 0x03, 0xC0, 0xF4, 0x02, 0xE0, 0x2E, 0x00, 0xF4, 0x07, 0xC0,
    0x3F, 0xFF, 0xF0, 0x1F, 0xFF, 0xFD, 0x0B, 0x80, 0x0B, 0x83, 0xD0, 0x01, 0xF0, 0xF0, 0x00, 0x3C,
    0x7C, 0x00, 0x0F, 0x6E, 0x00, 0x02, 0xE0, 0x00, 0x01, 0xF0, 0x00, 0x00, 0x1F, 0x00, 0x00, 0x51,
    0xF0, 0x01, 0xFE, 0x04, 0x01, 0xF7, 0xE0, 0x01, 0xF0, 0x3E, 0x00, 0x00, 0x00, 0x00, 0x00, 0x00,
    0x00, 0x01, 0xBF, 0x90, 0x02, 0xFF, 0xFE, 0x01, 0xF4, 0x07, 0xD0, 0x54, 0x00, 0xB8, 0x00, 0x00,
    0x2E, 0x00, 0xBF, 0xFF, 0x81, 0xFF, 0xFF, 0xE0, 0xFC, 0x00, 0xB8, 0x3C, 0x00, 0x2E, 0x1F, 0x00,
    0x0B, 0x83, 0xC0, 0x03, 0xE0, 0xFD, 0x07, 0xF8, 0x1F, 0xFF, 0xEE, 0x00, 0xBF, 0x8B, 0x80, 0x00,
    0x00, 0x3F, 0x00, 0x00, 0x0F, 0xE0, 0x00, 0x00, 0x38, 0x00, 0xFC, 0x3C, 0x00, 0xFF, 0xC0, 0x00,
    0xF8, 0xBC, 0x00, 0x54, 0x05, 0x40, 0x00, 0x00, 0x00, 0x00, 0x3F, 0x00, 0x00, 0x1F, 0xD0, 0x00,
    0x0B, 0xB8, 0x00, 0x03, 0xDF, 0x00, 0x00, 0xF3, 0xC0, 0x00, 0x78, 0xB4, 0x00, 0x2D, 0x1E, 0x00,
    0x0F, 0x03, 0xC0, 0x03, 0xC0, 0xF4, 0x02, 0xE0, 0x2E, 0x00, 0xF4, 0x07, 0xC0, 0x3F, 0xFF, 0xF0,
    0x1F, 0xFF, 0xFD, 0x0B, 0x80, 0x0B, 0x83, 0xD0, 0x01, 0xF0, 0xF0, 0x00, 0x3C, 0x7C, 0x00, 0x0F,
    0x6E, 0x00, 0x02, 0xE0, 0x00, 0x00, 0x3F, 0x00, 0x00, 0x0F, 0xF0, 0x00, 0x00, 0x3C, 0x00, 0x00,
    0x1D, 0x00, 0x3F, 0x0A, 0x00, 0x3F, 0xF0, 0x00, 0x3E, 0x1F, 0x00, 0x15, 0x01, 0x50, 0x00, 0x00,
    0x00, 0x00, 0x00, 0x00, 0x00, 0x1B, 0xF9, 0x00, 0x2F, 0xFF, 0xE0, 0x1F, 0x40, 0x7D, 0x05, 0x40,
    0x0B, 0x80, 0x00, 0x02, 0xE0, 0x0B, 0xFF, 0xF8, 0x1F, 0xFF, 0xFE, 0x0F, 0xC0, 0x0B, 0x83, 0xC0,
    0x02, 0xE1, 0xF0, 0x00, 0xB8, 0x3C, 0x00, 0x3E, 0x0F, 0xD0, 0x7F, 0x81, 0xFF, 0xFE, 0xE0, 0x0B,
    0xF8, 0xB8, 0x02, 0xF8, 0x34, 0x02, 0xD7, 0xFC, 0x00, 0x00, 0x00, 0x00, 0x02, 0xFE, 0x00, 0x02,
    0xE2, 0xE0, 0x01, 0xA0, 0x29, 0x00, 0x00, 0x00, 0x00, 0x00, 0xFC, 0x00, 0x00, 0x7F, 0x40, 0x00,
    0x2E, 0xE0, 0x00, 0x0F, 0x7C, 0x00, 0x03, 0xCF, 0x00, 0x01, 0xE2, 0xD0, 0x00, 0xB4, 0x78, 0x00,
    0x3C, 0x0F, 0x00, 0x0F, 0x03, 0xD0, 0x0B, 0x80, 0xB8, 0x03, 0xD0, 0x1F, 0x00, 0xFF, 0xFF, 0xC0,
    0x7F, 0xFF, 0xF4, 0x2E, 0x00, 0x2E, 0x0F, 0x40, 0x07, 0xC3, 0xC0, 0x00, 0xF1, 0xF0, 0x00, 0x3D,
    0xB8, 0x00, 0x0B, 0x80, 0x00, 0x00, 0x00, 0x01, 0xF8, 0x38, 0x03, 0x9D, 0x34, 0x07, 0x47, 0xF0,
    0x01, 0x00, 0x00, 0x00, 0x3F, 0x40, 0x00, 0xFB, 0xD0, 0x03, 0xD0, 0xF4, 0x00, 0x00, 0x00, 0x00,
    0x00, 0x00, 0x00, 0x00, 0x00, 0x01, 0xBF, 0x90, 0x0B, 0xFF, 0xF8, 0x1F, 0x40, 0x7D, 0x15, 0x00,
    0x2E, 0x00, 0x00, 0x2E, 0x02, 0xFF, 0xFE, 0x1F, 0xFF, 0xFE, 0x3F, 0x00, 0x2E, 0x3C, 0x00, 0x2E,
    0x7C, 0x00, 0x2E, 0x3C, 0x00, 0x3E, 0x3F, 0x41, 0xFE, 0x1F, 0xFF, 0xEE, 0x02, 0xFE, 0x2E, 0x00,
    0x19, 0x00, 0x00, 0x2F, 0xE0, 0x00, 0x2F, 0x7E, 0x00, 0x2F, 0x03, 0xE0, 0x00, 0x00, 0x00, 0x00,
    0x00, 0x00, 0x00, 0x03, 0xF0, 0x00, 0x01, 0xFD, 0x00, 0x00, 0xBB, 0x80, 0x00, 0x3D, 0xF0, 0x00,
    0x0F, 0x3C, 0x00, 0x07, 0x8B, 0x40, 0x02, 0xD1, 0xE0, 0x00, 0xF0, 0x3C, 0x00, 0x3C, 0x0F, 0x40,
    0x2E, 0x02, 0xE0, 0x0F, 0x40, 0x7C, 0x03, 0xFF, 0xFF, 0x01, 0xFF, 0xFF, 0xD0, 0xB8, 0x00, 0xB8,
    0x3D, 0x00, 0x1F, 0x0F, 0x00, 0x03, 0xC7, 0xC0, 0x00, 0xF6, 0xE0, 0x00, 0x2E, 0x00, 0x00, 0x00,
    0x00, 0x00, 0x00, 0x00, 0x02, 0xE0, 0x00, 0x00, 0xFC, 0x00, 0x00, 0x2E, 0x00, 0x00, 0x00, 0x19,
    0x00, 0x00, 0x7F, 0x80, 0x01, 0xF7, 0xE0, 0x07, 0xC0, 0xF8, 0x00, 0x00, 0x00, 0x00, 0x00, 0x00,
    0x01, 0xBF, 0x90, 0x0B, 0xFF, 0xF8, 0x1F, 0x40, 0x7D, 0x15, 0x00, 0x2E, 0x00, 0x00, 0x2E, 0x02,
    0xFF, 0xFE, 0x1F, 0xFF, 0xFE, 0x3F, 0x00, 0x2E, 0x3C, 0x00, 0x2E, 0x7C, 0x00, 0x2E, 0x3C, 0x00,
    0x3E, 0x3F, 0x41, 0xFE, 0x1F, 0xFF, 0xEE, 0x02, 0xFE, 0x2E, 0x00, 0x00, 0x00, 0x00, 0x00, 0x00,
    0x00, 0x2F, 0x00, 0x00, 0x3F, 0x40, 0x00, 0x2F, 0x00, 0x00, 0x03, 0xD0, 0x00, 0x02, 0xE0, 0x00,
    0x62, 0xE2, 0x40, 0x1D, 0x01, 0xD0, 0x03, 0xEA, 0xF0, 0x00, 0x2F, 0xE0, 0x00, 0x00, 0x00, 0x00,
    0x00, 0x00, 0x00, 0x00, 0x3F, 0x00, 0x00, 0x1F, 0xD0, 0x00, 0x0B, 0xB8, 0x00, 0x03, 0xDF, 0x00,
    0x00, 0xF3, 0xC0, 0x00, 0x78, 0xB4, 0x00, 0x2D, 0x1E, 0x00, 0x0F, 0x03, 0xC0, 0x03, 0xC0, 0xF4,
    0x02, 0xE0, 0x2E, 0x00, 0xF4, 0x07, 0xC0, 0x3F, 0xFF, 0xF0, 0x1F, 0xFF, 0xFD, 0x0B, 0x80, 0x0B,
    0x83, 0xD0, 0x01, 0xF0, 0xF0, 0x00, 0x3C, 0x7C, 0x00, 0x0F, 0x6E, 0x00, 0x02, 0xE0, 0x00, 0x00,
    0x90, 0x00, 0x03, 0xD0, 0x00, 0x0B, 0x80, 0x06, 0x2E, 0x14, 0x07, 0x40, 0x38, 0x03, 0xEA, 0xF0,
    0x00, 0xBF, 0x80, 0x00, 0x00, 0x00, 0x00, 0x00, 0x00, 0x01, 0xBF, 0x90, 0x0B, 0xFF, 0xF8, 0x1F,
    0x40, 0x7D, 0x15, 0x00, 0x2E, 0x00, 0x00, 0x2E, 0x02, 0xFF, 0xFE, 0x1F, 0xFF, 0xFE, 0x3F, 0x00,
    0x2E, 0x3C, 0x00, 0x2E, 0x7C, 0x00, 0x2E, 0x3C, 0x00, 0x3E, 0x3F, 0x41, 0xFE, 0x1F, 0xFF, 0xEE,
    0x02, 0xFE, 0x2E, 0x01, 0xF0, 0x00, 0x00, 0x1F, 0x00, 0x00, 0x62, 0xE2, 0x40, 0x1D, 0x01, 0xD0,
    0x03, 0xEA, 0xF0, 0x00, 0x2F, 0xE0, 0x00, 0x00, 0x00, 0x00, 0x00, 0x00, 0x00, 0x00, 0x3F, 0x00,
    0x00, 0x1F, 0xD0, 0x00, 0x0B, 0xB8, 0x00, 0x03, 0xDF, 0x00, 0x00, 0xF3, 0xC0, 0x00, 0x78, 0xB4,
    0x00, 0x2D, 0x1E, 0x00, 0x0F, 0x03, 0xC0, 0x03, 0xC0, 0xF4, 0x02, 0xE0, 0x2E, 0x00, 0xF4, 0x07,
    0xC0, 0x3F, 0xFF, 0xF0, 0x1F, 0xFF, 0xFD, 0x0B, 0x80, 0x0B, 0x83, 0xD0, 0x01, 0xF0, 0xF0, 0x00,
    0x3C, 0x7C, 0x00, 0x0F, 0x6E, 0x00, 0x02, 0xE0, 0x01, 0x90, 0x00, 0x00, 0xF0, 0x00, 0x00, 0x7C,
    0x00, 0x06, 0x2F, 0x14, 0x07, 0x40, 0x38, 0x03, 0xEA, 0xF0, 0x00, 0xBF, 0x80, 0x00, 0x00, 0x00,
    0x00, 0x00, 0x00, 0x01, 0xBF, 0x90, 0x0B, 0xFF, 0xF8, 0x1F, 0x40, 0x7D, 0x15, 0x00, 0x2E, 0x00,
    0x00, 0x2E, 0x02, 0xFF, 0xFE, 0x1F, 0xFF, 0xFE, 0x3F, 0x00, 0x2E, 0x3C, 0x00, 0x2E, 0x7C, 0x00,
    0x2E, 0x3C, 0x00, 0x3E, 0x3F, 0x41, 0xFE, 0x1F, 0xFF, 0xEE, 0x02, 0xFE, 0x2E, 0x00, 0x7F, 0x00,
    0x00, 0x1F, 0xD0, 0x00, 0x00, 0xB0, 0x00, 0x2D, 0x12, 0xE0, 0x03, 0xFF, 0xF0, 0x00, 0x3F, 0xF0,
    0x00, 0x00, 0x00, 0x00, 0x00, 0x00, 0x00, 0x00, 0x3F, 0x00, 0x00, 0x1F, 0xD0, 0x00, 0x0B, 0xB8,
    0x00, 0x03, 0xDF, 0x00, 0x00, 0xF3, 0xC0, 0x00, 0x78, 0xB4, 0x00, 0x2D, 0x1E, 0x00, 0x0F, 0x03,
    0xC0, 0x03, 0xC0, 0xF4, 0x02, 0xE0, 0x2E, 0x00, 0xF4, 0x07, 0xC0, 0x3F, 0xFF, 0xF0, 0x1F, 0xFF,
    0xFD, 0x0B, 0x80, 0x0B, 0x83, 0xD0, 0x01, 0xF0, 0xF0, 0x00, 0x3C, 0x7C, 0x00, 0x0F, 0x6E, 0x00,
    0x02, 0xE0, 0x00, 0x7F, 0x00, 0x00, 0x7F, 0x80, 0x00, 0x07, 0x40, 0x01, 0x0E, 0x00, 0x0B, 0x80,
    0x7C, 0x03, 0xFF, 0xF4, 0x00, 0xBF, 0x80, 0x00, 0x00, 0x00, 0x00, 0x00, 0x00, 0x01, 0xBF, 0x90,
    0x0B, 0xFF, 0xF8, 0x1F, 0x40, 0x7D, 0x15, 0x00, 0x2E, 0x00, 0x00, 0x2E, 0x02, 0xFF, 0xFE, 0x1F,
    0xFF, 0xFE, 0x3F, 0x00, 0x2E, 0x3C, 0x00, 0x2E, 0x7C, 0x00, 0x2E, 0x3C, 0x00, 0x3E, 0x3F, 0x41,
    0xFE, 0x1F, 0xFF, 0xEE, 0x02, 0xFE, 0x2E, 0x02, 0xF8, 0x34, 0x02, 0xD7, 0xFC, 0x00, 0x10, 0x01,
    0x00, 0x1E, 0x02, 0xD0, 0x03, 0xFF, 0xF0, 0x00, 0x3F, 0xF0, 0x00, 0x00, 0x00, 0x00, 0x00, 0x00,
    0x00, 0x00, 0x3F, 0x00, 0x00, 0x1F, 0xD0, 0x00, 0x0B, 0xB8, 0x00, 0x03, 0xDF, 0x00, 0x00, 0xF3,
    0xC0, 0x00, 0x78, 0xB4, 0x00, 0x2D, 0x1E, 0x00, 0x0F, 0x03, 0xC0, 0x03, 0xC0, 0xF4, 0x02, 0xE0,
    0x2E, 0x00, 0xF4, 0x07, 0xC0, 0x3F, 0xFF, 0xF0, 0x1F, 0xFF, 0xFD, 0x0B, 0x80, 0x0B, 0x83, 0xD0,
    0x01, 0xF0, 0xF0, 0x00, 0x3C, 0x7C, 0x00, 0x0F, 0x6E, 0x00, 0x02, 0xE0, 0x00, 0x00, 0x00, 0x01,
    0xF8, 0x38, 0x03, 0x9D, 0x34, 0x07, 0x47, 0xF0, 0x01, 0x00, 0x00, 0x07, 0x80, 0xB8, 0x03, 0xFF,
    0xF0, 0x00, 0xBF, 0x80, 0x00, 0x00, 0x00, 0x00, 0x00, 0x00, 0x01, 0xBF, 0x90, 0x0B, 0xFF, 0xF8,
    0x1F, 0x40, 0x7D, 0x15, 0x00, 0x2E, 0x00, 0x00, 0x2E, 0x02, 0xFF, 0xFE, 0x1F, 0xFF, 0xFE, 0x3F,
    0x00, 0x2E, 0x3C, 0x00, 0x2E, 0x7C, 0x00, 0x2E, 0x3C, 0x00, 0x3E, 0x3F, 0x41, 0xFE, 0x1F, 0xFF,
    0xEE, 0x02, 0xFE, 0x2E, 0x02, 0x00, 0x20, 0x01, 0xF0, 0x3D, 0x00, 0x3F, 0xFF, 0x00, 0x02, 0xFE,
    0x00, 0x00, 0x00, 0x00, 0x00, 0x00, 0x00, 0x00, 0x03, 0xF0, 0x00, 0x01, 0xFD, 0x00, 0x00, 0xBB,
    0x80, 0x00, 0x3D, 0xF0, 0x00, 0x0F, 0x3C, 0x00, 0x07, 0x8B, 0x40, 0x02, 0xD1, 0xE0, 0x00, 0xF0,
    0x3C, 0x00, 0x3C, 0x0F, 0x40, 0x2E, 0x02, 0xE0, 0x0F, 0x40, 0x7C, 0x03, 0xFF, 0xFF, 0x01, 0xFF,
    0xFF, 0xD0, 0xB8, 0x00, 0xB8, 0x3D, 0x00, 0x1F, 0x0F, 0x00, 0x03, 0xC7, 0xC0, 0x00, 0xF6, 0xE0,
    0x00, 0x2E, 0x00, 0x00, 0x00, 0x00, 0x00, 0x00, 0x00, 0x02, 0xE0, 0x00, 0x00, 0xFC, 0x00, 0x00,
    0x2E, 0x00, 0x00, 0x02, 0x00, 0x24, 0x03, 0xC0, 0xB4, 0x02, 0xFF, 0xF0, 0x00, 0x7F, 0x80, 0x00,
    0x00, 0x00, 0x00, 0x00, 0x00, 0x01, 0xBF, 0x90, 0x0B, 0xFF, 0xF8, 0x1F, 0x40, 0x7D, 0x15, 0x00,
    0x2E, 0x00, 0x00, 0x2E, 0x02, 0xFF, 0xFE, 0x1F, 0xFF, 0xFE, 0x3F, 0x00, 0x2E, 0x3C, 0x00, 0x2E,
    0x7C, 0x00, 0x2E, 0x3C, 0x00, 0x3E, 0x3F, 0x41, 0xFE, 0x1F, 0xFF, 0xEE, 0x02, 0xFE, 0x2E, 0x00,
    0x00, 0x00, 0x00, 0x00, 0x00, 0x00, 0x2F, 0x00, 0x00, 0x3F, 0x40, 0x00, 0x2F, 0x00, 0xBF, 0xFF,
    0xFE, 0xFF, 0xFF, 0xFB, 0x80, 0x00, 0x2E, 0x00, 0x00, 0xB8, 0x00, 0x02, 0xE0, 0x00, 0x0B, 0x80,
    0x00, 0x2F, 0xFF, 0xFC, 0xBF, 0xFF, 0xF2, 0xE0, 0x00, 0x0B, 0x80, 0x00, 0x2E, 0x00, 0x00, 0xB8,
    0x00, 0x02, 0xE0, 0x00, 0x0B, 0x80, 0x00, 0x2E, 0x00, 0x00, 0xBF, 0xFF, 0xFE, 0xFF, 0xFF, 0xF0,
    0x00, 0x00, 0x00, 0x00, 0x00, 0x00, 0xBC, 0x00, 0x03, 0xF4, 0x00, 0x0B, 0xC0, 0x00, 0x02, 0xFE,
    0x00, 0x7F, 0xFF, 0x43, 0xE0, 0x2F, 0x2F, 0x00, 0x3E, 0xF4, 0x00, 0x7F, 0xD0, 0x01, 0xFF, 0xFF,
    0xFF, 0xFF, 0xFF, 0xFF, 0xF4, 0x00, 0x03, 0xD0, 0x00, 0x0B, 0x80, 0x06, 0x4F, 0x80, 0x7D, 0x1F,
    0xFF, 0xE0, 0x0B, 0xF9, 0x00, 0x00, 0x00, 0x00, 0x00, 0x00, 0x00, 0xB8, 0x00, 0x03, 0xF0, 0x00,
    0x0B, 0x80, 0x00, 0x02, 0xFD, 0x00, 0x0B, 0xFC, 0x00, 0x00, 0xF0, 0x00, 0x07, 0x80, 0x00, 0x3C,
    0x00, 0x00, 0x00, 0x00, 0x00, 0x00, 0x2F, 0xFF, 0xFF, 0xBF, 0xFF, 0xFE, 0xE0, 0x00, 0x0B, 0x80,
    0x00, 0x2E, 0x00, 0x00, 0xB8, 0x00, 0x02, 0xE0, 0x00, 0x0B, 0xFF, 0xFF, 0x2F, 0xFF, 0xFC, 0xB8,
    0x00, 0x02, 0xE0, 0x00, 0x0B, 0x80, 0x00, 0x2E, 0x00, 0x00, 0xB8, 0x00, 0x02, 0xE0, 0x00, 0x0B,
    0x80, 0x00, 0x2F, 0xFF, 0xFF, 0xBF, 0xFF, 0xFC, 0x03, 0xFD, 0x00, 0x0F, 0xFC, 0x00, 0x00, 0xF0,
    0x00, 0x07, 0x80, 0x00, 0x3C, 0x00, 0x00, 0x00, 0x00, 0x00, 0x00, 0x00, 0xBF, 0x80, 0x1F, 0xFF,
    0xD0, 0xF8, 0x0B, 0xCB, 0xC0, 0x0F, 0xBD, 0x00, 0x1F, 0xF4, 0x00, 0x7F, 0xFF, 0xFF, 0xFF, 0xFF,
    0xFF, 0xFD, 0x00, 0x00, 0xF4, 0x00, 0x02, 0xE0, 0x01, 0x93, 0xE0, 0x1F, 0x47, 0xFF, 0xF8, 0x02,
    0xFE, 0x40, 0x07, 0xE0, 0xE0, 0x3E, 0xFB, 0x80, 0xD1, 0xFC, 0x00, 0x00, 0x00, 0x00, 0x00, 0x02,
    0xFF, 0xFF, 0xFB, 0xFF, 0xFF, 0xEE, 0x00, 0x00, 0xB8, 0x00, 0x02, 0xE0, 0x00, 0x0B, 0x80, 0x00,
    0x2E, 0x00, 0x00, 0xBF, 0xFF, 0xF2, 0xFF, 0xFF, 0xCB, 0x80, 0x00, 0x2E, 0x00, 0x00, 0xB8, 0x00,
    0x02, 0xE0, 0x00, 0x0B, 0x80, 0x00, 0x2E, 0x00, 0x00, 0xB8, 0x00, 0x02, 0xFF, 0xFF, 0xFB, 0xFF,
    0xFF, 0xC0, 0x0B, 0xD0, 0xD0, 0x7A, 0xEB, 0x41, 0xC1, 0xF8, 0x00, 0x00, 0x00, 0x00, 0x00, 0x00,
    0x0B, 0xF8, 0x01, 0xFF, 0xFD, 0x0F, 0x80, 0xBC, 0xBC, 0x00, 0xFB, 0xD0, 0x01, 0xFF, 0x40, 0x07,
    0xFF, 0xFF, 0xFF, 0xFF, 0xFF, 0xFF, 0xD0, 0x00, 0x0F, 0x40, 0x00, 0x2E, 0x00, 0x19, 0x3E, 0x01,
    0xF4, 0x7F, 0xFF, 0x80, 0x2F, 0xE4, 0x00, 0x00, 0x00, 0x07, 0xC0, 0x00, 0x01, 0xF4, 0x00, 0x64,
    0x3D, 0x00, 0x1F, 0xE0, 0x00, 0x07, 0xDB, 0x80, 0x01, 0xF4, 0x2E, 0x00, 0x00, 0x00, 0x00, 0x00,
    0x00, 0x00, 0x00, 0xBF, 0xFF, 0xFC, 0x0B, 0xFF, 0xFF, 0xC0, 0xB8, 0x00, 0x00, 0x0B, 0x80, 0x00,
    0x00, 0xB8, 0x00, 0x00, 0x0B, 0x80, 0x00, 0x00, 0xB8, 0x00, 0x00, 0x0B, 0xFF, 0xFF, 0x00, 0xBF,
    0xFF, 0xF0, 0x0B, 0x80, 0x00, 0x00, 0xB8, 0x00, 0x00, 0x0B, 0x80, 0x00, 0x00, 0xB8, 0x00, 0x00,
    0x0B, 0x80, 0x00, 0x00, 0xB8, 0x00, 0x00, 0x0B, 0x80, 0x00, 0x00, 0xBF, 0xFF, 0xFC, 0x0B, 0xFF,
    0xFF, 0xC0, 0x00, 0x00, 0x01, 0x80, 0x00, 0x00, 0xB8, 0x00, 0x00, 0x2F, 0x00, 0x06, 0x47, 0xC0,
    0x02, 0xFE, 0x00, 0x00, 0xBC, 0xF8, 0x00, 0x2F, 0x03, 0xE0, 0x00, 0x00, 0x00, 0x00, 0x00, 0x00,
    0x00, 0x00, 0x2F, 0xE0, 0x00, 0x1F, 0xFF, 0xD0, 0x03, 0xE0, 0x2F, 0x00, 0xBC, 0x00, 0xF8, 0x0F,
    0x40, 0x07, 0xC0, 0xF4, 0x00, 0x7C, 0x0F, 0xFF, 0xFF, 0xC0, 0xFF, 0xFF, 0xFC, 0x0F, 0x40, 0x00,
    0x00, 0xF4, 0x00, 0x00, 0x0B, 0x80, 0x06, 0x40, 0x3E, 0x01, 0xF4, 0x01, 0xFF, 0xFE, 0x00, 0x02,
    0xFE, 0x40, 0x00, 0x00, 0x03, 0xD0, 0x00, 0x00, 0xF4, 0x00, 0x64, 0x3D, 0x01, 0xFE, 0x00, 0x07,
    0xDB, 0x80, 0x1F, 0x42, 0xE0, 0x00, 0x00, 0x00, 0x00, 0x00, 0x00, 0xBF, 0xFF, 0xFC, 0xBF, 0xFF,
    0xFC, 0xB8, 0x00, 0x00, 0xB8, 0x00, 0x00, 0xB8, 0x00, 0x00, 0xB8, 0x00, 0x00, 0xB8, 0x00, 0x00,
    0xBF, 0xFF, 0xF0, 0xBF, 0xFF, 0xF0, 0xB8, 0x00, 0x00, 0xB8, 0x00, 0x00, 0xB8, 0x00, 0x00, 0xB8,
    0x00, 0x00, 0xB8, 0x00, 0x00, 0xB8, 0x00, 0x00, 0xB8, 0x00, 0x00, 0xBF, 0xFF, 0xFC, 0xBF, 0xFF,
    0xFC, 0x00, 0x0B, 0xC0, 0x00, 0x02, 0xF0, 0x00, 0x10, 0xBC, 0x01, 0xFD, 0x14, 0x07, 0xDF, 0x40,
    0x1F, 0x03, 0xE0, 0x00, 0x00, 0x00, 0x00, 0x00, 0x00, 0x02, 0xFE, 0x00, 0x1F, 0xFF, 0xD0, 0x3E,
    0x02, 0xF0, 0xBC, 0x00, 0xF8, 0xF4, 0x00, 0x7C, 0xF4, 0x00, 0x7C, 0xFF, 0xFF, 0xFC, 0xFF, 0xFF,
    0xFC, 0xF4, 0x00, 0x00, 0xF4, 0x00, 0x00, 0xB8, 0x00, 0x64, 0x3E, 0x01, 0xF4, 0x1F, 0xFF, 0xE0,
    0x02, 0xFE, 0x40, 0x00, 0x00, 0xFD, 0x00, 0x00, 0xFF, 0x00, 0x00, 0x0F, 0x00, 0xBD, 0x2C, 0x02,
    0xFF, 0x40, 0x0B, 0x87, 0xD0, 0x05, 0x00, 0x50, 0x00, 0x00, 0x00, 0xBF, 0xFF, 0xFC, 0xBF, 0xFF,
    0xFC, 0xB8, 0x00, 0x00, 0xB8, 0x00, 0x00, 0xB8, 0x00, 0x00, 0xB8, 0x00, 0x00, 0xB8, 0x00, 0x00,
    0xBF, 0xFF, 0xF0, 0xBF, 0xFF, 0xF0, 0xB8, 0x00, 0x00, 0xB8, 0x00, 0x00, 0xB8, 0x00, 0x00, 0xB8,
    0x00, 0x00, 0xB8, 0x00, 0x00, 0xB8, 0x00, 0x00, 0xB8, 0x00, 0x00, 0xBF, 0xFF, 0xFC, 0xBF, 0xFF,
    0xFC, 0x00, 0x00, 0xF8, 0x00, 0x00, 0xFE, 0x00, 0x00, 0x0E, 0x00, 0x00, 0x2C, 0x00, 0xFC, 0x24,
    0x03, 0xFF, 0x00, 0x0F, 0x8B, 0xC0, 0x15, 0x01, 0x50, 0x00, 0x00, 0x00, 0x00, 0x00, 0x00, 0x02,
    0xFE, 0x00, 0x1F, 0xFF, 0xD0, 0x3E, 0x02, 0xF0, 0xBC, 0x00, 0xF8, 0xF4, 0x00, 0x7C, 0xF4, 0x00,
    0x7C, 0xFF, 0xFF, 0xFC, 0xFF, 0xFF, 0xFC, 0xF4, 0x00, 0x00, 0xF4, 0x00, 0x00, 0xB8, 0x00, 0x64,
    0x3E, 0x01, 0xF4, 0x1F, 0xFF, 0xE0, 0x02, 0xFE, 0x40, 0x0B, 0xE4, 0xA0, 0x75, 0xBF, 0x40, 0x00,
    0x00, 0x00, 0x7F, 0xC0, 0x0B, 0xCB, 0xC0, 0x68, 0x06, 0x80, 0x00, 0x00, 0x2F, 0xFF, 0xFF, 0xBF,
    0xFF, 0xFE, 0xE0, 0x00, 0x0B, 0x80, 0x00, 0x2E, 0x00, 0x00, 0xB8, 0x00, 0x02, 0xE0, 0x00, 0x0B,
    0xFF, 0xFF, 0x2F, 0xFF, 0xFC, 0xB8, 0x00, 0x02, 0xE0, 0x00, 0x0B, 0x80, 0x00, 0x2E, 0x00, 0x00,
    0xB8, 0x00, 0x02, 0xE0, 0x00, 0x0B, 0x80, 0x00, 0x2F, 0xFF, 0xFF, 0xBF, 0xFF, 0xFC, 0x00, 0x00,
    0x00, 0x2F, 0x43, 0x41, 0xDB, 0x5D, 0x07, 0x0B, 0xE0, 0x04, 0x00, 0x00, 0x03, 0xF0, 0x00, 0x7E,
    0xF4, 0x07, 0xD1, 0xF4, 0x00, 0x00, 0x00, 0x00, 0x00, 0x00, 0x00, 0x00, 0x00, 0xBF, 0x80, 0x1F,
    0xFF, 0xD0, 0xF8, 0x0B, 0xCB, 0xC0, 0x0F, 0xBD, 0x00, 0x1F, 0xF4, 0x00, 0x7F, 0xFF, 0xFF, 0xFF,
    0xFF, 0xFF, 0xFD, 0x00, 0x00, 0xF4, 0x00, 0x02, 0xE0, 0x01, 0x93, 0xE0, 0x1F, 0x47, 0xFF, 0xF8,
    0x02, 0xFE, 0x40, 0x00, 0x64, 0x00, 0x07, 0xF8, 0x00, 0x7D, 0xB8, 0x07, 0xD0, 0xB8, 0x00, 0x00,
    0x00, 0x00, 0x00, 0x0B, 0xFF, 0xFF, 0xEF, 0xFF, 0xFF, 0xB8, 0x00, 0x02, 0xE0, 0x00, 0x0B, 0x80,
    0x00, 0x2E, 0x00, 0x00, 0xB8, 0x00, 0x02, 0xFF, 0xFF, 0xCB, 0xFF, 0xFF, 0x2E, 0x00, 0x00, 0xB8,
    0x00, 0x02, 0xE0, 0x00, 0x0B, 0x80, 0x00, 0x2E, 0x00, 0x00, 0xB8, 0x00, 0x02, 0xE0, 0x00, 0x0B,
    0xFF, 0xFF, 0xEF, 0xFF, 0xFF, 0x00, 0x00, 0x00, 0x00, 0x00, 0x00, 0x0B, 0xC0, 0x00, 0x3F, 0x40,
    0x00, 0xBC, 0x00, 0x00, 0x64, 0x00, 0x0B, 0xF8, 0x00, 0xBD, 0xF8, 0x0B, 0xC0, 0xF8, 0x00, 0x00,
    0x00, 0x00, 0x00, 0x00, 0x2F, 0xE0, 0x07, 0xFF, 0xF4, 0x3E, 0x02, 0xF2, 0xF0, 0x03, 0xEF, 0x40,
    0x07, 0xFD, 0x00, 0x1F, 0xFF, 0xFF, 0xFF, 0xFF, 0xFF, 0xFF, 0x40, 0x00, 0x3D, 0x00, 0x00, 0xB8,
    0x00, 0x64, 0xF8, 0x07, 0xD1, 0xFF, 0xFE, 0x00, 0xBF, 0x90, 0x00, 0x00, 0x00, 0x00, 0x00, 0x00,
    0x0B, 0x80, 0x00, 0x3F, 0x00, 0x00, 0xB8, 0x00, 0x03, 0xF8, 0x00, 0x0F, 0xF8, 0x00, 0x00, 0xF0,
    0x00, 0x0B, 0x40, 0x00, 0x3C, 0x00, 0x00, 0x00, 0x00, 0x00, 0x00, 0x1F, 0xFF, 0xFD, 0x7F, 0xFF,
    0xF4, 0x02, 0xE0, 0x00, 0x0B, 0x80, 0x00, 0x2E, 0x00, 0x00, 0xB8, 0x00, 0x02, 0xE0, 0x00, 0x0B,
    0x80, 0x00, 0x2E, 0x00, 0x00, 0xB8, 0x00, 0x02, 0xE0, 0x00, 0x0B, 0x80, 0x00, 0x2E, 0x00, 0x00,
    0xB8, 0x00, 0x02, 0xE0, 0x00, 0x0B, 0x80, 0x1F, 0xFF, 0xFD, 0x7F, 0xFF, 0xF4, 0x01, 0xFE, 0x00,
    0x01, 0xFF, 0x40, 0x00, 0x0B, 0x40, 0x00, 0x0F, 0x00, 0x00, 0x3D, 0x00, 0x00, 0x00, 0x00, 0x00,
    0x00, 0x00, 0x7F, 0xFD, 0x00, 0x7F, 0xFD, 0x00, 0x00, 0x3D, 0x00, 0x00, 0x3D, 0x00, 0x00, 0x3D,
    0x00, 0x00, 0x3D, 0x00, 0x00, 0x3D, 0x00, 0x00, 0x3D, 0x00, 0x00, 0x3D, 0x00, 0x00, 0x3D, 0x00,
    0x00, 0x3D, 0x00, 0x00, 0x3D, 0x00, 0xFF, 0xFF, 0xFF, 0xFF, 0xFF, 0xFF, 0x7F, 0xFF, 0xF5, 0xFF,
    0xFF, 0xD0, 0x0B, 0x80, 0x00, 0x2E, 0x00, 0x00, 0xB8, 0x00, 0x02, 0xE0, 0x00, 0x0B, 0x80, 0x00,
    0x2E, 0x00, 0x00, 0xB8, 0x00, 0x02, 0xE0, 0x00, 0x0B, 0x80, 0x00, 0x2E, 0x00, 0x00, 0xB8, 0x00,
    0x02, 0xE0, 0x00, 0x0B, 0x80, 0x00, 0x2E, 0x00, 0x7F, 0xFF, 0xF5, 0xFF, 0xFF, 0xD0, 0x00, 0x00,
    0x00, 0x00, 0x00, 0x00, 0xB8, 0x00, 0x03, 0xF0, 0x00, 0x0B, 0x80, 0x00, 0x00, 0x7C, 0x00, 0x00,
    0xFE, 0x00, 0x00, 0x7C, 0x00, 0x00, 0x00, 0x00, 0x00, 0x00, 0x00, 0x7F, 0xFD, 0x00, 0x7F, 0xFD,
    0x00, 0x00, 0x3D, 0x00, 0x00, 0x3D, 0x00, 0x00, 0x3D, 0x00, 0x00, 0x3D, 0x00, 0x00, 0x3D, 0x00,
    0x00, 0x3D, 0x00, 0x00, 0x3D, 0x00, 0x00, 0x3D, 0x00, 0x00, 0x3D, 0x00, 0x00, 0x3D, 0x00, 0xFF,
    0xFF, 0xFF, 0xFF, 0xFF, 0xFF, 0x00, 0x00, 0x00, 0x00, 0x00, 0x00, 0x00, 0x7C, 0x00, 0x00, 0xFE,
    0x00, 0x00, 0x7C, 0x00, 0x06, 0xFE, 0x40, 0x7F, 0xFF, 0x43, 0xE0, 0x2F, 0x2F, 0x00, 0x3E, 0xB8,
    0x00, 0xBB, 0xD0, 0x01, 0xFF, 0x40, 0x07, 0xFD, 0x00, 0x1F, 0xF4, 0x00, 0x7F, 0xD0, 0x01, 0xFF,
    0x40, 0x07, 0xFD, 0x00, 0x1F, 0xF4, 0x00, 0x7E, 0xE0, 0x02, 0xEB, 0xC0, 0x0F, 0x8F, 0x80, 0xBC,
    0x1F, 0xFF, 0xD0, 0x1B, 0xF9, 0x00, 0x00, 0x00, 0x00, 0x00, 0x00, 0x00, 0xB8, 0x00, 0x03, 0xF0,
    0x00, 0x0B, 0x80, 0x00, 0x06, 0xFE, 0x40, 0x7F, 0xFF, 0x43, 0xE0, 0x2F, 0x2F, 0x00, 0x3E, 0xF4,
    0x00, 0x7F, 0xD0, 0x01, 0xFF, 0x40, 0x07, 0xFD, 0x00, 0x1F, 0xF4, 0x00, 0x7F, 0xD0, 0x01, 0xFB,
    0xC0, 0x0F, 0x8F, 0x80, 0xBC, 0x1F, 0xFF, 0xD0, 0x0B, 0xF8, 0x00, 0x00, 0x00, 0x00, 0x00, 0x00,
    0x00, 0xB8, 0x00, 0x03, 0xF0, 0x00, 0x0B, 0x80, 0x00, 0x03, 0xF8, 0x00, 0x0F, 0xF8, 0x00, 0x00,
    0xF0, 0x00, 0x0B, 0x40, 0x00, 0x3C, 0x00, 0x00, 0x00, 0x00, 0x00, 0x00, 0x01, 0xBF, 0x90, 0x1F,
    0xFF, 0xD0, 0xF8, 0x0B, 0xCB, 0xC0, 0x0F, 0xAE, 0x00, 0x2E, 0xF4, 0x00, 0x7F, 0xD0, 0x01, 0xFF,
    0x40, 0x07, 0xFD, 0x00, 0x1F, 0xF4, 0x00, 0x7F, 0xD0, 0x01, 0xFF, 0x40, 0x07, 0xFD, 0x00, 0x1F,
    0xB8, 0x00, 0xBA, 0xF0, 0x03, 0xE3, 0xE0, 0x2F, 0x07, 0xFF, 0xF4, 0x06, 0xFE, 0x40, 0x03, 0xFD,
    0x00, 0x0F, 0xFC, 0x00, 0x00, 0xF0, 0x00, 0x07, 0x80, 0x00, 0x3C, 0x00, 0x00, 0x00, 0x00, 0x00,
    0x00, 0x01, 0xBF, 0x90, 0x1F, 0xFF, 0xD0, 0xF8, 0x0B, 0xCB, 0xC0, 0x0F, 0xBD, 0x00, 0x1F, 0xF4,
    0x00, 0x7F, 0xD0, 0x01, 0xFF, 0x40, 0x07, 0xFD, 0x00, 0x1F, 0xF4, 0x00, 0x7E, 0xF0, 0x03, 0xE3,
    0xE0, 0x2F, 0x07, 0xFF, 0xF4, 0x02, 0xFE, 0x00, 0x00, 0x00, 0x0B, 0xC0, 0x00, 0x01, 0xF0, 0x00,
    0x64, 0x7C, 0x00, 0x2F, 0xE0, 0x00, 0x0B, 0xDF, 0x80, 0x02, 0xF0, 0x3E, 0x00, 0x00, 0x00, 0x00,
    0x00, 0x00, 0x00, 0x00, 0x06, 0xFE, 0x40, 0x01, 0xFF, 0xFD, 0x00, 0x3E, 0x02, 0xF0, 0x0B, 0xC0,
    0x0F, 0x80, 0xB8, 0x00, 0xB8, 0x0F, 0x40, 0x07, 0xC0, 0xF4, 0x00, 0x7C, 0x0F, 0x40, 0x07, 0xC0,
    0xF4, 0x00, 0x7C, 0x0F, 0x40, 0x07, 0xC0, 0xF4, 0x00, 0x7C, 0x0F, 0x40, 0x07, 0xC0, 0xF4, 0x00,
    0x7C, 0x0B, 0x80, 0x0B, 0x80, 0xBC, 0x00, 0xF8, 0x03, 0xE0, 0x2F, 0x00, 0x1F, 0xFF, 0xD0, 0x00,
    0x6F, 0xE4, 0x00, 0x00, 0x00, 0x01, 0x80, 0x00, 0x00, 0xB8, 0x00, 0x00, 0x2F, 0x00, 0x06, 0x47,
    0xC0, 0x02, 0xFE, 0x00, 0x00, 0xBC, 0xF8, 0x00, 0x2F, 0x03, 0xE0, 0x00, 0x00, 0x00, 0x00, 0x00,
    0x00, 0x00, 0x00, 0x6F, 0xE4, 0x00, 0x1F, 0xFF, 0xD0, 0x03, 0xE0, 0x2F, 0x00, 0xBC, 0x00, 0xF8,
    0x0F, 0x40, 0x07, 0xC0, 0xF4, 0x00, 0x7C, 0x0F, 0x40, 0x07, 0xC0, 0xF4, 0x00, 0x7C, 0x0F, 0x40,
    0x07, 0xC0, 0xF4, 0x00, 0x7C, 0x0B, 0xC0, 0x0F, 0x80, 0x3E, 0x02, 0xF0, 0x01, 0xFF, 0xFD, 0x00,
    0x02, 0xFE, 0x00, 0x00, 0x00, 0x07, 0xC0, 0x00, 0x01, 0xF0, 0x00, 0x64, 0x7C, 0x02, 0xFE, 0x00,
    0x0B, 0xDF, 0x80, 0x2F, 0x03, 0xE0, 0x00, 0x00, 0x00, 0x00, 0x00, 0x00, 0x06, 0xFE, 0x40, 0x1F,
    0xFF, 0xD0, 0x3E, 0x02, 0xF0, 0xBC, 0x00, 0xF8, 0xB8, 0x00, 0xB8, 0xF4, 0x00, 0x7C, 0xF4, 0x00,
    0x7C, 0xF4, 0x00, 0x7C, 0xF4, 0x00, 0x7C, 0xF4, 0x00, 0x7C, 0xF4, 0x00, 0x7C, 0xF4, 0x00, 0x7C,
    0xF4, 0x00, 0x7C, 0xB8, 0x00, 0xB8, 0xBC, 0x00, 0xF8, 0x3E, 0x02, 0xF0, 0x1F, 0xFF, 0xD0, 0x06,
    0xFE, 0x40, 0x00, 0x0B, 0xC0, 0x00, 0x02, 0xF0, 0x00, 0x10, 0xBC, 0x01, 0xFD, 0x14, 0x07, 0xDF,
    0x40, 0x1F, 0x03, 0xE0, 0x00, 0x00, 0x00, 0x00, 0x00, 0x00, 0x06, 0xFE, 0x40, 0x1F, 0xFF, 0xD0,
    0x3E, 0x02, 0xF0, 0xBC, 0x00, 0xF8, 0xF4, 0x00, 0x7C, 0xF4, 0x00, 0x7C, 0xF4, 0x00, 0x7C, 0xF4,
    0x00, 0x7C, 0xF4, 0x00, 0x7C, 0xF4, 0x00, 0x7C, 0xBC, 0x00, 0xF8, 0x3E, 0x02, 0xF0, 0x1F, 0xFF,
    0xD0, 0x02, 0xFE, 0x00, 0x00, 0x00, 0xFC, 0x00, 0x00, 0xFE, 0x00, 0x00, 0x0E, 0x00, 0xFC, 0x3C,
    0x03, 0xFF, 0x00, 0x0F, 0x8B, 0xC0, 0x15, 0x01, 0x50, 0x00, 0x00, 0x00, 0x06, 0xFE, 0x40, 0x1F,
    0xFF, 0xD0, 0x3E, 0x02, 0xF0, 0xBC, 0x00, 0xF8, 0xB8, 0x00, 0xB8, 0xF4, 0x00, 0x7C, 0xF4, 0x00,
    0x7C, 0xF4, 0x00, 0x7C, 0xF4, 0x00, 0x7C, 0xF4, 0x00, 0x7C, 0xF4, 0x00, 0x7C, 0xF4, 0x00, 0x7C,
    0xF4, 0x00, 0x7C, 0xB8, 0x00, 0xB8, 0xBC, 0x00, 0xF8, 0x3E, 0x02, 0xF0, 0x1F, 0xFF, 0xD0, 0x06,
    0xFE, 0x40, 0x00, 0x00, 0xF8, 0x00, 0x00, 0xFE, 0x00, 0x00, 0x0E, 0x00, 0x00, 0x2C, 0x00, 0xFC,
    0x24, 0x03, 0xFF, 0x00, 0x0F, 0x8B, 0xC0, 0x15, 0x01, 0x50, 0x00, 0x00, 0x00, 0x00, 0x00, 0x00,
    0x06, 0xFE, 0x40, 0x1F, 0xFF, 0xD0, 0x3E, 0x02, 0xF0, 0xBC, 0x00, 0xF8, 0xF4, 0x00, 0x7C, 0xF4,
    0x00, 0x7C, 0xF4, 0x00, 0x7C, 0xF4, 0x00, 0x7C, 0xF4, 0x00, 0x7C, 0xF4, 0x00, 0x7C, 0xBC, 0x00,
    0xF8, 0x3E, 0x02, 0xF0, 0x1F, 0xFF, 0xD0, 0x02, 0xFE, 0x00, 0x0B, 0xE0, 0xD0, 0xB5, 0xFF, 0x00,
    0x00, 0x00, 0x00, 0xBF, 0x80, 0x0B, 0x8B, 0x80, 0x68, 0x0A, 0x40, 0x00, 0x00, 0x01, 0xBF, 0x90,
    0x1F, 0xFF, 0xD0, 0xF8, 0x0B, 0xCB, 0xC0, 0x0F, 0xAE, 0x00, 0x2E, 0xF4, 0x00, 0x7F, 0xD0, 0x01,
    0xFF, 0x40, 0x07, 0xFD, 0x00, 0x1F, 0xF4, 0x00, 0x7F, 0xD0, 0x01, 0xFF, 0x40, 0x07, 0xFD, 0x00,
    0x1F, 0xB8, 0x00, 0xBA, 0xF0, 0x03, 0xE3, 0xE0, 0x2F, 0x07, 0xFF, 0xF4, 0x06, 0xFE, 0x40, 0x00,
    0x00, 0x00, 0x2F, 0x43, 0x41, 0xDB, 0x5D, 0x07, 0x0B, 0xE0, 0x04, 0x00, 0x00, 0x03, 0xF0, 0x00,
    0x7E, 0xF4, 0x07, 0xD1, 0xF4, 0x00, 0x00, 0x00, 0x00, 0x00, 0x00, 0x00, 0x00, 0x01, 0xBF, 0x90,
    0x1F, 0xFF, 0xD0, 0xF8, 0x0B, 0xCB, 0xC0, 0x0F, 0xBD, 0x00, 0x1F, 0xF4, 0x00, 0x7F, 0xD0, 0x01,
    0xFF, 0x40, 0x07, 0xFD, 0x00, 0x1F, 0xF4, 0x00, 0x7E, 0xF0, 0x03, 0xE3, 0xE0, 0x2F, 0x07, 0xFF,
    0xF4, 0x02, 0xFE, 0x00, 0x00, 0x64, 0x00, 0x0B, 0xF8, 0x00, 0xBD, 0xF8, 0x0B, 0xC0, 0xF8, 0x00,
    0x00, 0x00, 0x00, 0x00, 0x00, 0x6F, 0xE4, 0x07, 0xFF, 0xF4, 0x3E, 0x02, 0xF2, 0xF0, 0x03, 0xEB,
    0x80, 0x0B, 0xBD, 0x00, 0x1F, 0xF4, 0x00, 0x7F, 0xD0, 0x01, 0xFF, 0x40, 0x07, 0xFD, 0x00, 0x1F,
    0xF4, 0x00, 0x7F, 0xD0, 0x01, 0xFF, 0x40, 0x07, 0xEE, 0x00, 0x2E, 0xBC, 0x00, 0xF8, 0xF8, 0x0B,
    0xC1, 0xFF, 0xFD, 0x01, 0xBF, 0x90, 0x00, 0x00, 0x00, 0x00, 0x00, 0x00, 0x0B, 0x80, 0x00, 0x3F,
    0x00, 0x00, 0xB8, 0x00, 0x00, 0x64, 0x00, 0x0B, 0xF8, 0x00, 0xBD, 0xF8, 0x0B, 0xC0, 0xF8, 0x00,
    0x00, 0x00, 0x00, 0x00, 0x00, 0x6F, 0xE4, 0x07, 0xFF, 0xF4, 0x3E, 0x02, 0xF2, 0xF0, 0x03, 0xEF,
    0x40, 0x07, 0xFD, 0x00, 0x1F, 0xF4, 0x00, 0x7F, 0xD0, 0x01, 0xFF, 0x40, 0x07, 0xFD, 0x00, 0x1F,
    0xBC, 0x00, 0xF8, 0xF8, 0x0B, 0xC1, 0xFF, 0xFD, 0x00, 0xBF, 0x80, 0x00, 0x00, 0x00, 0x00, 0x00,
    0x00, 0x0B, 0x80, 0x00, 0x3F, 0x00, 0x00, 0xB8, 0x00, 0x00, 0x06, 0x40, 0x00, 0x1F, 0x00, 0x00,
    0x3D, 0x00, 0x00, 0xF4, 0x18, 0x00, 0x00, 0x2D, 0x00, 0x00, 0x2C, 0x06, 0xFE, 0x3C, 0x1F, 0xFF,
    0xFC, 0x3E, 0x02, 0xF0, 0xBC, 0x00, 0xF8, 0xB8, 0x00, 0xB8, 0xF4, 0x00, 0x7C, 0xF4, 0x00, 0x7C,
    0xF4, 0x00, 0x7C, 0xF4, 0x00, 0x7C, 0xF4, 0x00, 0x7C, 0xF4, 0x00, 0x7C, 0xF4, 0x00, 0x7C, 0xF4,
    0x00, 0x7C, 0xB8, 0x00, 0xB8, 0xBC, 0x00, 0xF8, 0x3E, 0x02, 0xF0, 0x1F, 0xFF, 0xD0, 0x06, 0xFE,
    0x40, 0x00, 0x06, 0x40, 0x00, 0x1F, 0x00, 0x00, 0x3D, 0x00, 0x00, 0xF4, 0x00, 0x00, 0x00, 0x1E,
    0x00, 0x00, 0x1D, 0x06, 0xFE, 0x6D, 0x1F, 0xFF, 0xFC, 0x3E, 0x02, 0xF0, 0xBC, 0x00, 0xF8, 0xF4,
    0x00, 0x7C, 0xF4, 0x00, 0x7C, 0xF4, 0x00, 0x7C, 0xF4, 0x00, 0x7C, 0xF4, 0x00, 0x7C, 0xF4, 0x00,
    0x7C, 0xBC, 0x00, 0xF8, 0x3E, 0x02, 0xF0, 0x1F, 0xFF, 0xD0, 0x02, 0xFE, 0x40, 0x0A, 0x00, 0x00,
    0x0B, 0xC0, 0x00, 0x03, 0xE0, 0x00, 0x00, 0xF4, 0x18, 0x00, 0x00, 0x2D, 0x00, 0x00, 0x2C, 0x06,
    0xFE, 0x3C, 0x1F, 0xFF, 0xFC, 0x3E, 0x02, 0xF0, 0xBC, 0x00, 0xF8, 0xB8, 0x00, 0xB8, 0xF4, 0x00,
    0x7C, 0xF4, 0x00, 0x7C, 0xF4, 0x00, 0x7C, 0xF4, 0x00, 0x7C, 0xF4, 0x00, 0x7C, 0xF4, 0x00, 0x7C,
    0xF4, 0x00, 0x7C, 0xF4, 0x00, 0x7C, 0xB8, 0x00, 0xB8, 0xBC, 0x00, 0xF8, 0x3E, 0x02, 0xF0, 0x1F,
    0xFF, 0xD0, 0x06, 0xFE, 0x40, 0x0A, 0x00, 0x00, 0x0B, 0xC0, 0x00, 0x03, 0xE0, 0x00, 0x00, 0xF4,
    0x00, 0x00, 0x00, 0x1E, 0x00, 0x00, 0x1D, 0x06, 0xFE, 0x6D, 0x1F, 0xFF, 0xFC, 0x3E, 0x02, 0xF0,
    0xBC, 0x00, 0xF8, 0xF4, 0x00, 0x7C, 0xF4, 0x00, 0x7C, 0xF4, 0x00, 0x7C, 0xF4, 0x00, 0x7C, 0xF4,
    0x00, 0x7C, 0xF4, 0x00, 0x7C, 0xBC, 0x00, 0xF8, 0x3E, 0x02, 0xF0, 0x1F, 0xFF, 0xD0, 0x02, 0xFE,
    0x40, 0x03, 0xF8, 0x00, 0x03, 0xFD, 0x00, 0x00, 0x1E, 0x00, 0x00, 0x3C, 0x00, 0x00, 0x78, 0x18,
    0x00, 0x00, 0x2D, 0x00, 0x00, 0x2C, 0x06, 0xFE, 0x3C, 0x1F, 0xFF, 0xFC, 0x3E, 0x02, 0xF0, 0xBC,
    0x00, 0xF8, 0xB8, 0x00, 0xB8, 0xF4, 0x00, 0x7C, 0xF4, 0x00, 0x7C, 0xF4, 0x00, 0x7C, 0xF4, 0x00,
    0x7C, 0xF4, 0x00, 0x7C, 0xF4, 0x00, 0x7C, 0xF4, 0x00, 0x7C, 0xF4, 0x00, 0x7C, 0xB8, 0x00, 0xB8,
    0xBC, 0x00, 0xF8, 0x3E, 0x02, 0xF0, 0x1F, 0xFF, 0xD0, 0x06, 0xFE, 0x40, 0x03, 0xFC, 0x00, 0x03,
    0xFE, 0x00, 0x00, 0x1E, 0x00, 0x00, 0x2D, 0x00, 0x00, 0x78, 0x00, 0x00, 0x00, 0x1E, 0x00, 0x00,
    0x1D, 0x06, 0xFE, 0x6D, 0x1F, 0xFF, 0xFC, 0x3E, 0x02, 0xF0, 0xBC, 0x00, 0xF8, 0xF4, 0x00, 0x7C,
    0xF4, 0x00, 0x7C, 0xF4, 0x00, 0x7C, 0xF4, 0x00, 0x7C, 0xF4, 0x00, 0x7C, 0xF4, 0x00, 0x7C, 0xBC,
    0x00, 0xF8, 0x3E, 0x02, 0xF0, 0x1F, 0xFF, 0xD0, 0x02, 0xFE, 0x40, 0x0B, 0xD1, 0xC0, 0x2E, 0xFB,
    0xC0, 0x2C, 0x2F, 0x58, 0x00, 0x00, 0x2D, 0x00, 0x00, 0x2C, 0x06, 0xFE, 0x3C, 0x1F, 0xFF, 0xFC,
    0x3E, 0x02, 0xF0, 0xBC, 0x00, 0xF8, 0xB8, 0x00, 0xB8, 0xF4, 0x00, 0x7C, 0xF4, 0x00, 0x7C, 0xF4,
    0x00, 0x7C, 0xF4, 0x00, 0x7C, 0xF4, 0x00, 0x7C, 0xF4, 0x00, 0x7C, 0xF4, 0x00, 0x7C, 0xF4, 0x00,
    0x7C, 0xB8, 0x00, 0xB8, 0xBC, 0x00, 0xF8, 0x3E, 0x02, 0xF0, 0x1F, 0xFF, 0xD0, 0x06, 0xFE, 0x40,
    0x0B, 0xD1, 0xC0, 0x2E, 0xFB, 0xC0, 0x2C, 0x2F, 0x40, 0x00, 0x00, 0x1E, 0x00, 0x00, 0x1D, 0x06,
    0xFE, 0x6D, 0x1F, 0xFF, 0xFC, 0x3E, 0x02, 0xF0, 0xBC, 0x00, 0xF8, 0xF4, 0x00, 0x7C, 0xF4, 0x00,
    0x7C, 0xF4, 0x00, 0x7C, 0xF4, 0x00, 0x7C, 0xF4, 0x00, 0x7C, 0xF4, 0x00, 0x7C, 0xBC, 0x00, 0xF8,
    0x3E, 0x02, 0xF0, 0x1F, 0xFF, 0xD0, 0x02, 0xFE, 0x40, 0x00, 0x00, 0x18, 0x00, 0x00, 0x2D, 0x00,
    0x00, 0x2C, 0x06, 0xFE, 0x3C, 0x1F, 0xFF, 0xFC, 0x3E, 0x02, 0xF0, 0xBC, 0x00, 0xF8, 0xB8, 0x00,
    0xB8, 0xF4, 0x00, 0x7C, 0xF4, 0x00, 0x7C, 0xF4, 0x00, 0x7C, 0xF4, 0x00, 0x7C, 0xF4, 0x00, 0x7C,
    0xF4, 0x00, 0x7C, 0xF4, 0x00, 0x7C, 0xF4, 0x00, 0x7C, 0xB8, 0x00, 0xB8, 0xBC, 0x00, 0xF8, 0x3E,
    0x02, 0xF0, 0x1F, 0xFF, 0xD0, 0x06, 0xFE, 0x40, 0x00, 0x00, 0x00, 0x00, 0x00, 0x00, 0x00, 0xB8,
    0x00, 0x00, 0xFC, 0x00, 0x00, 0xB8, 0x00, 0x00, 0x00, 0x1E, 0x00, 0x00, 0x1D, 0x06, 0xFE, 0x6D,
    0x1F, 0xFF, 0xFC, 0x3E, 0x02, 0xF0, 0xBC, 0x00, 0xF8, 0xF4, 0x00, 0x7C, 0xF4, 0x00, 0x7C, 0xF4,
    0x00, 0x7C, 0xF4, 0x00, 0x7C, 0xF4, 0x00, 0x7C, 0xF4, 0x00, 0x7C, 0xBC, 0x00, 0xF8, 0x3E, 0x02,
    0xF0, 0x1F, 0xFF, 0xD0, 0x02, 0xFE, 0x40, 0x00, 0x00, 0x00, 0x00, 0x00, 0x00, 0x00, 0xB8, 0x00,
    0x00, 0xFC, 0x00, 0x00, 0xB8, 0x00, 0xF8, 0x00, 0xBF, 0xE0, 0x02, 0xFF, 0x80, 0x0B, 0xFE, 0x00,
    0x2F, 0xF8, 0x00, 0xBF, 0xE0, 0x02, 0xFF, 0x80, 0x0B, 0xFE, 0x00, 0x2F, 0xF8, 0x00, 0xBF, 0xE0,
    0x02, 0xFF, 0x80, 0x0B, 0xFE, 0x00, 0x2F, 0xB8, 0x00, 0xBA, 0xE0, 0x02, 0xEB, 0xC0, 0x0F, 0x8F,
    0x80, 0xBC, 0x1F, 0xFF, 0xD0, 0x1B, 0xF9, 0x00, 0x00, 0x00, 0x00, 0x00, 0x00, 0x00, 0xB8, 0x00,
    0x03, 0xF0, 0x00, 0x0B, 0x80, 0x00, 0xF8, 0x00, 0xBF, 0xE0, 0x02, 0xFF, 0x80, 0x0B, 0xFE, 0x00,
    0x2F, 0xF8, 0x00, 0xBF, 0xE0, 0x02, 0xFF, 0x80, 0x0B, 0xFE, 0x00, 0x2F, 0xB8, 0x00, 0xBA, 0xE0,
    0x02, 0xEB, 0xC0, 0x0F, 0x4F, 0x80, 0xBC, 0x1F, 0xFF, 0xD0, 0x0B, 0xF8, 0x00, 0x00, 0x00, 0x00,
    0x00, 0x00, 0x00, 0xB8, 0x00, 0x03, 0xF0, 0x00, 0x0B, 0x80, 0x00, 0x03, 0xF8, 0x00, 0x0F, 0xF8,
    0x00, 0x00, 0xF0, 0x00, 0x0B, 0x40, 0x00, 0x3C, 0x00, 0x00, 0x00, 0x00, 0x00, 0x00, 0x3E, 0x00,
    0x2F, 0xF8, 0x00, 0xBF, 0xE0, 0x02, 0xFF, 0x80, 0x0B, 0xFE, 0x00, 0x2F, 0xF8, 0x00, 0xBF, 0xE0,
    0x02, 0xFF, 0x80, 0x0B, 0xFE, 0x00, 0x2F, 0xF8, 0x00, 0xBF, 0xE0, 0x02, 0xFF, 0x80, 0x0B, 0xEE,
    0x00, 0x2E, 0xB8, 0x00, 0xBA, 0xF0, 0x03, 0xE3, 0xE0, 0x2F, 0x07, 0xFF, 0xF4, 0x06, 0xFE, 0x40,
    0x03, 0xFD, 0x00, 0x0F, 0xFC, 0x00, 0x00, 0xF0, 0x00, 0x07, 0x80, 0x00, 0x3C, 0x00, 0x00, 0x00,
    0x00, 0x00, 0x00, 0x3E, 0x00, 0x2F, 0xF8, 0x00, 0xBF, 0xE0, 0x02, 0xFF, 0x80, 0x0B, 0xFE, 0x00,
    0x2F, 0xF8, 0x00, 0xBF, 0xE0, 0x02, 0xFF, 0x80, 0x0B, 0xEE, 0x00, 0x2E, 0xB8, 0x00, 0xBA, 0xF0,
    0x03, 0xD3, 0xE0, 0x2F, 0x07, 0xFF, 0xF4, 0x02, 0xFE, 0x00, 0x00, 0x02, 0x40, 0x00, 0x03, 0xD0,
    0x00, 0x03, 0xE0, 0x00, 0x02, 0xE0, 0x0F, 0x00, 0x00, 0x03, 0xC0, 0x00, 0x00, 0xFF, 0x80, 0x0B,
    0xF7, 0xE0, 0x02, 0xF4, 0xF8, 0x00, 0xBC, 0x3E, 0x00, 0x2F, 0x0F, 0x80, 0x0B, 0xC3, 0xE0, 0x02,
    0xF0, 0xF8, 0x00, 0xBC, 0x3E, 0x00, 0x2F, 0x0F, 0x80, 0x0B, 0xC3, 0xE0, 0x02, 0xF0, 0xF8, 0x00,
    0xBC, 0x3E, 0x00, 0x2F, 0x0B, 0x80, 0x0B, 0x82, 0xE0, 0x02, 0xE0, 0xBC, 0x00, 0xF8, 0x0F, 0x80,
    0xBC, 0x01, 0xFF, 0xFD, 0x00, 0x1B, 0xF9, 0x00, 0x00, 0x02, 0x40, 0x00, 0x03, 0xD0, 0x00, 0x03,
    0xE0, 0x00, 0x02, 0xE0, 0x06, 0x00, 0x00, 0x03, 0xC0, 0x00, 0x00, 0xFF, 0x80, 0x0B, 0xFF, 0xE0,
    0x02, 0xFD, 0xF8, 0x00, 0xBC, 0x3E, 0x00, 0x2F, 0x0F, 0x80, 0x0B, 0xC3, 0xE0, 0x02, 0xF0, 0xF8,
    0x00, 0xBC, 0x3E, 0x00, 0x2F, 0x0B, 0x80, 0x0B, 0x82, 0xE0, 0x02, 0xE0, 0xBC, 0x00, 0xF8, 0x0F,
    0x80, 0xBC, 0x01, 0xFF, 0xFD, 0x00, 0x0B, 0xF8, 0x00, 0x06, 0x00, 0x00, 0x01, 0xF0, 0x00, 0x00,
    0x2F, 0x00, 0x00, 0x02, 0xE0, 0x0F, 0x00, 0x00, 0x03, 0xC0, 0x00, 0x00, 0xFF, 0x80, 0x0B, 0xF7,
    0xE0, 0x02, 0xF4, 0xF8, 0x00, 0xBC, 0x3E, 0x00, 0x2F, 0x0F, 0x80, 0x0B, 0xC3, 0xE0, 0x02, 0xF0,
    0xF8, 0x00, 0xBC, 0x3E, 0x00, 0x2F, 0x0F, 0x80, 0x0B, 0xC3, 0xE0, 0x02, 0xF0, 0xF8, 0x00, 0xBC,
    0x3E, 0x00, 0x2F, 0x0B, 0x80, 0x0B, 0x82, 0xE0, 0x02, 0xE0, 0xBC, 0x00, 0xF8, 0x0F, 0x80, 0xBC,
    0x01, 0xFF, 0xFD, 0x00, 0x1B, 0xF9, 0x00, 0x06, 0x00, 0x00, 0x01, 0xF0, 0x00, 0x00, 0x2F, 0x00,
    0x00, 0x02, 0xE0, 0x06, 0x00, 0x00, 0x03, 0xC0, 0x00, 0x00, 0xFF, 0x80, 0x0B, 0xFF, 0xE0, 0x02,
    0xFD, 0xF8, 0x00, 0xBC, 0x3E, 0x00, 0x2F, 0x0F, 0x80, 0x0B, 0xC3, 0xE0, 0x02, 0xF0, 0xF8, 0x00,
    0xBC, 0x3E, 0x00, 0x2F, 0x0B, 0x80, 0x0B, 0x82, 0xE0, 0x02, 0xE0, 0xBC, 0x00, 0xF8, 0x0F, 0x80,
    0xBC, 0x01, 0xFF, 0xFD, 0x00, 0x0B, 0xF8, 0x00, 0x03, 0xF8, 0x00, 0x00, 0xFF, 0x80, 0x00, 0x00,
    0xF0, 0x00, 0x00, 0xB4, 0x00, 0x00, 0x3C, 0x03, 0xC0, 0x00, 0x00, 0xF0, 0x00, 0x00, 0x3F, 0xE0,
    0x02, 0xFD, 0xF8, 0x00, 0xBD, 0x3E, 0x00, 0x2F, 0x0F, 0x80, 0x0B, 0xC3, 0xE0, 0x02, 0xF0, 0xF8,
    0x00, 0xBC, 0x3E, 0x00, 0x2F, 0x0F, 0x80, 0x0B, 0xC3, 0xE0, 0x02, 0xF0, 0xF8, 0x00, 0xBC, 0x3E,
    0x00, 0x2F, 0x0F, 0x80, 0x0B, 0xC2, 0xE0, 0x02, 0xE0, 0xB8, 0x00, 0xB8, 0x2F, 0x00, 0x3E, 0x03,
    0xE0, 0x2F, 0x00, 0x7F, 0xFF, 0x40, 0x06, 0xFE, 0x40, 0x00, 0x03, 0xFD, 0x00, 0x00, 0xFF, 0xC0,
    0x00, 0x00, 0xF0, 0x00, 0x00, 0x78, 0x00, 0x00, 0x3C, 0x01, 0x80, 0x00, 0x00, 0xF0, 0x00, 0x00,
    0x3F, 0xE0, 0x02, 0xFF, 0xF8, 0x00, 0xBF, 0x7E, 0x00, 0x2F, 0x0F, 0x80, 0x0B, 0xC3, 0xE0, 0x02,
    0xF0, 0xF8, 0x00, 0xBC, 0x3E, 0x00, 0x2F, 0x0F, 0x80, 0x0B, 0xC2, 0xE0, 0x02, 0xE0, 0xB8, 0x00,
    0xB8, 0x2F, 0x00, 0x3E, 0x03, 0xE0, 0x2F, 0x00, 0x7F, 0xFF, 0x40, 0x02, 0xFE, 0x00, 0x00, 0x0B,
    0xD0, 0xD0, 0x07, 0xAE, 0xB4, 0x01, 0xC1, 0xF8, 0x3C, 0x00, 0x00, 0x0F, 0x00, 0x00, 0x03, 0xFE,
    0x00, 0x2F, 0xDF, 0x80, 0x0B, 0xD3, 0xE0, 0x02, 0xF0, 0xF8, 0x00, 0xBC, 0x3E, 0x00, 0x2F, 0x0F,
    0x80, 0x0B, 0xC3, 0xE0, 0x02, 0xF0, 0xF8, 0x00, 0xBC, 0x3E, 0x00, 0x2F, 0x0F, 0x80, 0x0B, 0xC3,
    0xE0, 0x02, 0xF0, 0xF8, 0x00, 0xBC, 0x2E, 0x00, 0x2E, 0x0B, 0x80, 0x0B, 0x82, 0xF0, 0x03, 0xE0,
    0x3E, 0x02, 0xF0, 0x07, 0xFF, 0xF4, 0x00, 0x6F, 0xE4, 0x00, 0x0B, 0xD0, 0xD0, 0x07, 0xAE, 0xB4,
    0x01, 0xC1, 0xF8, 0x18, 0x00, 0x00, 0x0F, 0x00, 0x00, 0x03, 0xFE, 0x00, 0x2F, 0xFF, 0x80, 0x0B,
    0xF7, 0xE0, 0x02, 0xF0, 0xF8, 0x00, 0xBC, 0x3E, 0x00, 0x2F, 0x0F, 0x80, 0x0B, 0xC3, 0xE0, 0x02,
    0xF0, 0xF8, 0x00, 0xBC, 0x2E, 0x00, 0x2E, 0x0B, 0x80, 0x0B, 0x82, 0xF0, 0x03, 0xE0, 0x3E, 0x02,
    0xF0, 0x07, 0xFF, 0xF4, 0x00, 0x2F, 0xE0, 0x00, 0x00, 0x00, 0x03, 0xC0, 0x00, 0x00, 0xF0, 0x00,
    0x00, 0x3F, 0xE0, 0x02, 0xFD, 0xF8, 0x00, 0xBD, 0x3E, 0x00, 0x2F, 0x0F, 0x80, 0x0B, 0xC3, 0xE0,
    0x02, 0xF0, 0xF8, 0x00, 0xBC, 0x3E, 0x00, 0x2F, 0x0F, 0x80, 0x0B, 0xC3, 0xE0, 0x02, 0xF0, 0xF8,
    0x00, 0xBC, 0x3E, 0x00, 0x2F, 0x0F, 0x80, 0x0B, 0xC2, 0xE0, 0x02, 0xE0, 0xB8, 0x00, 0xB8, 0x2F,
    0x00, 0x3E, 0x03, 0xE0, 0x2F, 0x00, 0x7F, 0xFF, 0x40, 0x06, 0xFE, 0x40, 0x00, 0x00, 0x00, 0x00,
    0x00, 0x00, 0x00, 0x02, 0xE0, 0x00, 0x00, 0xFC, 0x00, 0x00, 0x2E, 0x00, 0x00, 0x00, 0x00, 0x01,
    0x80, 0x00, 0x00, 0xF0, 0x00, 0x00, 0x3F, 0xE0, 0x02, 0xFF, 0xF8, 0x00, 0xBF, 0x7E, 0x00, 0x2F,
    0x0F, 0x80, 0x0B, 0xC3, 0xE0, 0x02, 0xF0, 0xF8, 0x00, 0xBC, 0x3E, 0x00, 0x2F, 0x0F, 0x80, 0x0B,
    0xC2, 0xE0, 0x02, 0xE0, 0xB8, 0x00, 0xB8, 0x2F, 0x00, 0x3E, 0x03, 0xE0, 0x2F, 0x00, 0x7F, 0xFF,
    0x40, 0x02, 0xFE, 0x00, 0x00, 0x00, 0x00, 0x00, 0x00, 0x00, 0x00, 0x03, 0xE0, 0x00, 0x01, 0xFC,
    0x00, 0x00, 0x3E, 0x00, 0x00, 0x00, 0x60, 0x00, 0x00, 0x01, 0xF0, 0x00, 0x00, 0x02, 0xF0, 0x00,
    0x00, 0x02, 0xE0, 0x00, 0x00, 0x00, 0x00, 0x00, 0x00, 0x00, 0x00, 0x03, 0xE0, 0x00, 0x1F, 0x07,
    0xC0, 0x00, 0xF4, 0x0F, 0x40, 0x07, 0xC0, 0x1F, 0x00, 0x3D, 0x00, 0x3D, 0x01, 0xF0, 0x00, 0x7C,
    0x0F, 0x40, 0x00, 0xF4, 0x7C, 0x00, 0x01, 0xF3, 0xD0, 0x00, 0x03, 0xEF, 0x00, 0x00, 0x07, 0xF4,
    0x00, 0x00, 0x0F, 0xC0, 0x00, 0x00, 0x2E, 0x00, 0x00, 0x00, 0xB8, 0x00, 0x00, 0x02, 0xE0, 0x00,
    0x00, 0x0B, 0x80, 0x00, 0x00, 0x2E, 0x00, 0x00, 0x00, 0xB8, 0x00, 0x00, 0x02, 0xE0, 0x00, 0x01,
    0x80, 0x00, 0x00, 0x7C, 0x00, 0x00, 0x0B, 0xC0, 0x00, 0x00, 0xB8, 0x00, 0x00, 0x00, 0x00, 0x00,
    0x00, 0x00, 0x07, 0xC0, 0x00, 0xF4, 0xF4, 0x00, 0x7C, 0x2E, 0x00, 0x2E, 0x07, 0xC0, 0x0F, 0x40,
    0xF8, 0x07, 0xC0, 0x1F, 0x02, 0xE0, 0x03, 0xD0, 0xF0, 0x00, 0xB8, 0x7C, 0x00, 0x0F, 0x3D, 0x00,
    0x03, 0xEF, 0x00, 0x00, 0x7F, 0x80, 0x00, 0x0F, 0xD0, 0x00, 0x02, 0xF0, 0x00, 0x00, 0xF8, 0x00,
    0x00, 0x3C, 0x00, 0x00, 0x2E, 0x00, 0x00, 0x0F, 0x40, 0x00, 0x07, 0xC0, 0x00, 0x3E, 0x00, 0x01,
    0xF0, 0x7C, 0x00, 0x0F, 0x40, 0xF4, 0x00, 0x7C, 0x01, 0xF0, 0x03, 0xD0, 0x03, 0xD0, 0x1F, 0x00,
    0x07, 0xC0, 0xF4, 0x00, 0x0F, 0x47, 0xC0, 0x00, 0x1F, 0x3D, 0x00, 0x00, 0x3E, 0xF0, 0x00, 0x00,
    0x7F, 0x40, 0x00, 0x00, 0xFC, 0x00, 0x00, 0x02, 0xE0, 0x00, 0x00, 0x0B, 0x80, 0x00, 0x00, 0x2E,
    0x00, 0x00, 0x00, 0xB8, 0x00, 0x00, 0x02, 0xE0, 0x00, 0x00, 0x0B, 0x80, 0x00, 0x00, 0x2E, 0x00,
    0x00, 0x00, 0x00, 0x00, 0x00, 0x00, 0x00, 0x00, 0x00, 0x0B, 0x80, 0x00, 0x00, 0x3F, 0x00, 0x00,
    0x00, 0xB8, 0x00, 0x00, 0x7C, 0x00, 0x0F, 0x4F, 0x40, 0x07, 0xC2, 0xE0, 0x02, 0xE0, 0x7C, 0x00,
    0xF4, 0x0F, 0x80, 0x7C, 0x01, 0xF0, 0x2E, 0x00, 0x3D, 0x0F, 0x00, 0x0B, 0x87, 0xC0, 0x00, 0xF3,
    0xD0, 0x00, 0x3E, 0xF0, 0x00, 0x07, 0xF8, 0x00, 0x00, 0xFD, 0x00, 0x00, 0x2F, 0x00, 0x00, 0x0F,
    0x80, 0x00, 0x03, 0xC0, 0x00, 0x02, 0xE0, 0x00, 0x00, 0xF4, 0x2E, 0x00, 0x7C, 0x0F, 0xC0, 0x00,
    0x02, 0xE0, 0x00, 0x3F, 0x80, 0x00, 0x00, 0xFF, 0x80, 0x00, 0x00, 0x0F, 0x00, 0x00, 0x00, 0xB4,
    0x00, 0x00, 0x03, 0xC0, 0x00, 0x00, 0x00, 0x00, 0x00, 0x00, 0x00, 0x00, 0x0F, 0x80, 0x00, 0x7C,
    0x1F, 0x00, 0x03, 0xD0, 0x3D, 0x00, 0x1F, 0x00, 0x7C, 0x00, 0xF4, 0x00, 0xF4, 0x07, 0xC0, 0x01,
    0xF0, 0x3D, 0x00, 0x03, 0xD1, 0xF0, 0x00, 0x07, 0xCF, 0x40, 0x00, 0x0F, 0xBC, 0x00, 0x00, 0x1F,
    0xD0, 0x00, 0x00, 0x3F, 0x00, 0x00, 0x00, 0xB8, 0x00, 0x00, 0x02, 0xE0, 0x00, 0x00, 0x0B, 0x80,
    0x00, 0x00, 0x2E, 0x00, 0x00, 0x00, 0xB8, 0x00, 0x00, 0x02, 0xE0, 0x00, 0x00, 0x0B, 0x80, 0x00,
    0x00, 0xFF, 0x40, 0x00, 0x3F, 0xF0, 0x00, 0x00, 0x3C, 0x00, 0x00, 0x1E, 0x00, 0x00, 0x0F, 0x00,
    0x00, 0x00, 0x00, 0x00, 0x00, 0x00, 0x01, 0xF0, 0x00, 0x3D, 0x3D, 0x00, 0x1F, 0x0B, 0x80, 0x0B,
    0x81, 0xF0, 0x03, 0xD0, 0x3E, 0x01, 0xF0, 0x07, 0xC0, 0xB8, 0x00, 0xF4, 0x3C, 0x00, 0x2E, 0x1F,
    0x00, 0x03, 0xCF, 0x40, 0x00, 0xFB, 0xC0, 0x00, 0x1F, 0xE0, 0x00, 0x03, 0xF4, 0x00, 0x00, 0xBC,
    0x00, 0x00, 0x3E, 0x00, 0x00, 0x0F, 0x00, 0x00, 0x0B, 0x80, 0x00, 0x03, 0xD0, 0x00, 0x01, 0xF0,
    0x00, 0x00, 0x00, 0xBD, 0x0D, 0x00, 0x07, 0xAE, 0xB4, 0x00, 0x1C, 0x1F, 0x80, 0x00, 0x00, 0x00,
    0x00, 0x00, 0x00, 0x00, 0x00, 0xF8, 0x00, 0x07, 0xC1, 0xF0, 0x00, 0x3D, 0x03, 0xD0, 0x01, 0xF0,
    0x07, 0xC0, 0x0F, 0x40, 0x0F, 0x40, 0x7C, 0x00, 0x1F, 0x03, 0xD0, 0x00, 0x3D, 0x1F, 0x00, 0x00,
    0x7C, 0xF4, 0x00, 0x00, 0xFB, 0xC0, 0x00, 0x01, 0xFD, 0x00, 0x00, 0x03, 0xF0, 0x00, 0x00, 0x0B,
    0x80, 0x00, 0x00, 0x2E, 0x00, 0x00, 0x00, 0xB8, 0x00, 0x00, 0x02, 0xE0, 0x00, 0x00, 0x0B, 0x80,
    0x00, 0x00, 0x2E, 0x00, 0x00, 0x00, 0xB8, 0x00, 0x00, 0x02, 0xF4, 0x34, 0x01, 0xEB, 0xAD, 0x00,
    0x70, 0x7E, 0x00, 0x00, 0x00, 0x00, 0x00, 0x00, 0x00, 0x1F, 0x00, 0x03, 0xD3, 0xD0, 0x01, 0xF0,
    0xB8, 0x00, 0xB8, 0x1F, 0x00, 0x3D, 0x03, 0xE0, 0x1F, 0x00, 0x7C, 0x0B, 0x80, 0x0F, 0x43, 0xC0,
    0x02, 0xE1, 0xF0, 0x00, 0x3C, 0xF4, 0x00, 0x0F, 0xBC, 0x00, 0x01, 0xFE, 0x00, 0x00, 0x3F, 0x40,
    0x00, 0x0B, 0xC0, 0x00, 0x03, 0xE0, 0x00, 0x00, 0xF0, 0x00, 0x00, 0xB8, 0x00, 0x00, 0x3D, 0x00,
    0x00, 0x1F, 0x00, 0x00, 0xBF, 0xFF, 0xAF, 0xFF, 0xE0, 0xFF, 0xFF, 0xFF, 0xFF, 0xFF, 0xF0, 0xFF,
    0xFF, 0xFF, 0xFF, 0xFF, 0xFF, 0xFF, 0xF0, 0x60, 0x02, 0x7D, 0x01, 0xFF, 0x40, 0x7F, 0xD0, 0x1F,
    0xF4, 0x07, 0xFD, 0x01, 0xFF, 0x40, 0x7F, 0xD0, 0x1F, 0xF4, 0x07, 0xFD, 0x01, 0xFF, 0x40, 0x7F,
    0xD0, 0x1F, 0xF4, 0x07, 0xFD, 0x01, 0xFF, 0x40, 0x7F, 0xD0, 0x1F, 0xF4, 0x07, 0xFD, 0x01, 0xFF,
    0x40, 0x7F, 0xD0, 0x1F, 0xF4, 0x07, 0xFD, 0x01, 0xFF, 0x40, 0x7F, 0xD0, 0x1F, 0x0F, 0x4B, 0xC3,
    0xD1, 0xF0, 0xB8, 0x2E, 0x07, 0xC0, 0xF4, 0x1F, 0x03, 0xD0, 0xB8, 0x2E, 0x0F, 0x47, 0xC3, 0xE1,
    0xF0, 0x1F, 0x03, 0xD0, 0xB8, 0x2E, 0x0F, 0x47, 0xC3, 0xE1, 0xF0, 0x3D, 0x1F, 0x0B, 0x82, 0xE0,
    0x7C, 0x0F, 0x42, 0xF0, 0x3D, 0x0F, 0x81, 0xF0, 0x7C, 0x0F, 0x82, 0xF0, 0x3C, 0x0F, 0x42, 0xF0,
    0x7C, 0x0F, 0x81, 0xF0, 0x3D, 0x03, 0xD0, 0xB8, 0x0B, 0xC0, 0xF4, 0x1F, 0x03, 0xE0, 0x3E, 0x07,
    0xC0, 0xBC, 0x0F, 0x42, 0xF0, 0x3D, 0x0F, 0x81, 0xF0, 0x7C, 0x0F, 0x82, 0xF0, 0x3D, 0x0F, 0x42,
    0xF0, 0x1F, 0x01, 0xF0, 0x3E, 0x02, 0xE0, 0xBC, 0x07, 0xC2, 0xF0, 0x2F, 0x0F, 0x80, 0xF8, 0x7C,
    0x03, 0xC2, 0xF0, 0x2F, 0x0F, 0x40, 0xF4, 0x2F, 0x03, 0xD0, 0xF4, 0x2F, 0x07, 0xC0, 0xF8, 0x1F,
    0x03, 0xE0, 0x3D, 0x0B, 0xC0, 0xBC, 0x0F, 0x41, 0xF0, 0x3E, 0x03, 0xE0, 0x7C, 0x00, 0xB8, 0x00,
    0x02, 0xE0, 0x00, 0x0B, 0x80, 0x00, 0x2E, 0x00, 0x00, 0xB8, 0x00, 0x02, 0xE0, 0x0F, 0xFF, 0xFF,
    0xFF, 0xFF, 0xFF, 0x00, 0xB8, 0x00, 0x02, 0xE0, 0x00, 0x0B, 0x80, 0x00, 0x2E, 0x00, 0x00, 0xB8,
    0x00, 0x02, 0xE0, 0x00, 0x0B, 0x80, 0x00, 0x2E, 0x00, 0x00, 0xB8, 0x00, 0x02, 0xE0, 0x00, 0x0B,
    0x80, 0x00, 0x2E, 0x00, 0x00, 0xB8, 0x00, 0x02, 0xE0, 0x00, 0x0B, 0x80, 0x00, 0x15, 0x00, 0x00,
    0x64, 0x00, 0x02, 0xE0, 0x00, 0x0B, 0x80, 0x00, 0x2E, 0x00, 0x00, 0xB8, 0x00, 0x02, 0xE0, 0x00,
    0x0B, 0x80, 0x3F, 0xFF, 0xFF, 0xFF, 0xFF, 0xFC, 0x02, 0xE0, 0x00, 0x0B, 0x80, 0x00, 0x2E, 0x00,
    0x00, 0xB8, 0x00, 0x02, 0xE0, 0x00, 0x0B, 0x80, 0x00, 0x2E, 0x00, 0xFF, 0xFF, 0xFF, 0xFF, 0xFF,
    0xF0, 0x0B, 0x80, 0x00, 0x2E, 0x00, 0x00, 0xB8, 0x00, 0x02, 0xE0, 0x00, 0x0B, 0x80, 0x00, 0x2E,
    0x00, 0x1F, 0xD0, 0xFF, 0xC7, 0xFF, 0x5F, 0xFD, 0x3F, 0xF0, 0x7F, 0x40, 0x2E, 0x1F, 0xD7, 0xF4,
    0xB8, 0x38, 0x1D, 0x0B, 0x1F, 0x0B, 0x83, 0xD7, 0xC2, 0xE0, 0xF4, 0xE0, 0x74, 0x2C, 0x0B, 0xE0,
    0x01, 0xC0, 0x0B, 0xFF, 0x00, 0xE0, 0x03, 0xC2, 0xC0, 0xB0, 0x00, 0xE0, 0x70, 0x74, 0x00, 0x3C,
    0x2C, 0x3C, 0x00, 0x0B, 0xFF, 0x2C, 0x00, 0x00, 0xBE, 0x0E, 0x00, 0x00, 0x00, 0x0B, 0x00, 0x00,
    0x00, 0x07, 0x40, 0x00, 0x00, 0x03, 0x80, 0x00, 0x00, 0x02, 0xC0, 0x00, 0x00, 0x00, 0xE3, 0xF2,
    0xF8, 0x00, 0xF3, 0xDB, 0xDB, 0x40, 0x74, 0xE0, 0xE0, 0xE0, 0x38, 0x34, 0x38, 0x38, 0x2C, 0x0D,
    0x0E, 0x0E, 0x0D, 0x03, 0xC7, 0xC7, 0x4F, 0x00, 0x2F, 0x6F, 0x80, 0x1F, 0x0B, 0xC3, 0xF0, 0xF8,
    0x3D, 0x1F, 0x07, 0xC2, 0xE0, 0x0F, 0x81, 0xF4, 0x7D, 0x0B, 0xC1, 0xF0, 0x3F, 0x0B, 0xC0, 0xF8,
    0x3E, 0x03, 0xD0, 0xF4, 0x1F, 0x03, 0xD0, 0x7C, 0x1F, 0x02, 0xE0, 0x0F, 0x43, 0xD1, 0xF4, 0x7C,
    0x1F, 0x07, 0xC2, 0xF0, 0xBC, 0x2F, 0x0B, 0xC3, 0xF0, 0xF8, 0x3E, 0x0F, 0x83, 0xE0, 0xF4, 0x3D,
    0x0F, 0x43, 0xC1, 0xF0, 0x7C, 0x1F, 0x07, 0xC1, 0xF0, 0x00, 0x2F, 0x00, 0x2F, 0x00, 0x1F, 0x00,
    0x0F, 0x40, 0x0F, 0x40, 0x0F, 0x80, 0x03, 0xE0, 0x00, 0x3D, 0x00, 0x03, 0xD0, 0x00, 0x7C, 0x00,
    0x0B, 0xC0, 0x00, 0xBC, 0x3E, 0x00, 0x03, 0xE0, 0x00, 0x3D, 0x00, 0x07, 0xD0, 0x00, 0x7C, 0x00,
    0x0B, 0xC0, 0x02, 0xF0, 0x01, 0xF0, 0x01, 0xF4, 0x00, 0xF4, 0x00, 0xF8, 0x00, 0xF8, 0x00, 0x3F,
    0x03, 0xF0, 0xFC, 0x0F, 0xC3, 0xF0, 0x3F, 0x0F, 0x80, 0xF8, 0x2E, 0x02, 0xE0, 0xB8, 0x0B, 0x82,
    0xE0, 0x2E, 0x0B, 0x80, 0xB8, 0x2E, 0x02, 0xE0, 0xB8, 0x0B, 0x82, 0xE0, 0x2E, 0x0B, 0x80, 0xB8,
    0x2E, 0x02, 0xE0, 0x00, 0x00, 0x00, 0x00, 0x00, 0x0F, 0xC0, 0xFC, 0x7F, 0x47, 0xF4, 0xFC, 0x0F,
    0xC0, 0xBF, 0xE4, 0x0B, 0xFF, 0xE0, 0x00, 0x2F, 0x40, 0x00, 0xBC, 0x0F, 0x83, 0xC0, 0xF8, 0x3C,
    0x0B, 0x47, 0xC0, 0xB4, 0xFC, 0x0B, 0xFF, 0x00, 0xBF, 0x80, 0x0B, 0x40, 0x00, 0xB4, 0x00, 0x07,
    0x00, 0x00, 0x00, 0x00, 0x00, 0x00, 0x00, 0xFC, 0x00, 0x1F, 0xC0, 0x00, 0xF8, 0x00, 0x7F, 0xFF,
    0xFF, 0xFF, 0x5F, 0xFF, 0xFF, 0xFF, 0xD0, 0x64, 0x00, 0x00, 0x66, 0xE0, 0x00, 0x02, 0xE7, 0xD0,
    0x00, 0x1F, 0x4F, 0xFF, 0xFF, 0xFC, 0x0B, 0xFF, 0xFF, 0x80, 0x00, 0x00, 0x00, 0xB8, 0x00, 0x00,
    0x07, 0xC0, 0x00, 0x00, 0x3C, 0x00, 0x00, 0x02, 0xD0, 0x00, 0x00, 0x1E, 0x00, 0x00, 0x00, 0xF0,
    0x00, 0x00, 0x0F, 0x40, 0x00, 0x00, 0xB8, 0x00, 0x00, 0x03, 0xC0, 0x00, 0x00, 0x3C, 0x00, 0x00,
    0x02, 0xE0, 0x00, 0x00, 0x1F, 0x00, 0x00, 0x00, 0xF0, 0x00, 0x00, 0x0B, 0x40, 0x00, 0x00, 0x78,
    0x00, 0x00, 0x03, 0xC0, 0x00, 0x00, 0x3D, 0x00, 0x00, 0x02, 0xE0, 0x00, 0x00, 0x00, 0xFF, 0xF7,
    0xFF, 0xDF, 0x40, 0x3D, 0x00, 0xF4, 0x03, 0xD0, 0x0F, 0x40, 0x3D, 0x00, 0xF4, 0x03, 0xD0, 0x0F,
    0xFF, 0x7F, 0xFD, 0xF4, 0x03, 0xD0, 0x0F, 0x40, 0x3D, 0x00, 0xF4, 0x03, 0xD0, 0x0F, 0x40, 0x3D,
    0x00, 0xF4, 0x03, 0xFF, 0xCF, 0xFF, 0x00, 0x7F, 0xFD, 0xFF, 0xF0, 0x07, 0xC0, 0x1F, 0x00, 0x7C,
    0x01, 0xF0, 0x07, 0xC0, 0x1F, 0x00, 0x7C, 0x01, 0xF7, 0xFF, 0xDF, 0xFF, 0x00, 0x7C, 0x01, 0xF0,
    0x07, 0xC0, 0x1F, 0x00, 0x7C, 0x01, 0xF0, 0x07, 0xC0, 0x1F, 0x00, 0x7C, 0xFF, 0xF3, 0xFF, 0xC0,
    0x0B, 0xF8, 0x0F, 0xEF, 0xC7, 0x80, 0xB6, 0xD0, 0x1E, 0xB0, 0x03, 0xAC, 0x00, 0xEB, 0x00, 0x3A,
    0xD0, 0x1E, 0x78, 0x0B, 0x4F, 0xEF, 0xC0, 0xBF, 0x80, 0x00, 0x78, 0x00, 0x3C, 0x00, 0x3C, 0x00,
    0x2E, 0x00, 0x0F, 0x0B, 0x0F, 0x02, 0xC7, 0x40, 0xB1, 0xFF, 0xFC, 0x6A, 0xAF, 0x00, 0x02, 0xC0,
    0x00, 0xB0, 0x3F, 0xFF, 0x0F, 0xAA, 0x83, 0xC0, 0x00, 0xFA, 0x40, 0x3F, 0xFE, 0x00, 0x03, 0xC0,
    0x00, 0x79, 0xD0, 0x1E, 0x78, 0x0B, 0x4B, 0xEF, 0xC0, 0xBF, 0x80, 0x00, 0xF0, 0x00, 0xB4, 0x00,
    0x78, 0x00, 0x3C, 0x00, 0x2E, 0xFC, 0x0F, 0x57, 0xCB, 0x40, 0x7A, 0xC0, 0x0E, 0x78, 0x0B, 0x4F,
    0xEF, 0xC0, 0xBF, 0x80, 0x7F, 0xFF, 0x9F, 0xAA, 0xE7, 0x40, 0xB4, 0x80, 0x3C, 0x00, 0x2D, 0x00,
    0x0F, 0x00, 0x07, 0x40, 0x03, 0xC0, 0x01, 0xD0, 0x00, 0xF0, 0x00, 0x78, 0x00, 0x0B, 0xF8, 0x0F,
    0xEF, 0xC7, 0x80, 0xB4, 0xE0, 0x2C, 0x1F, 0xBD, 0x07, 0xFF, 0x47, 0x80, 0xB6, 0xC0, 0x0E, 0xB4,
    0x07, 0x8F, 0xEF, 0xC0, 0xBF, 0x80, 0x0B, 0xF8, 0x0F, 0xEF, 0xC7, 0x80, 0xB6, 0xD0, 0x1E, 0x78,
    0x0B, 0x4F, 0xEF, 0xC0, 0xBE, 0xE0, 0x00, 0xF0, 0x00, 0xB4, 0x00, 0x78, 0x00, 0x3C, 0x00, 0x0B,
    0x80, 0x2E, 0x00, 0xB8, 0x3F, 0xFF, 0xAF, 0xE8, 0x2E, 0x00, 0xB8, 0x00, 0x2A, 0xAA, 0x0F, 0xFF,
    0xD0, 0x00, 0x00, 0x00, 0x00, 0x2A, 0xAA, 0x0F, 0xFF, 0xD0, 0x0B, 0xF8, 0x0F, 0xEF, 0xC7, 0x80,
    0xB6, 0xD0, 0x1E, 0xB0, 0x03, 0xAC, 0x00, 0xEB, 0x00, 0x3A, 0xD0, 0x1E, 0x78, 0x0B, 0x4F, 0xEF,
    0xC0, 0xBF, 0x80, 0x03, 0xF0, 0x0B, 0xFC, 0x03, 0x8B, 0x00, 0x02, 0xC0, 0x00, 0xB0, 0x00, 0x2C,
    0x00, 0x0B, 0x00, 0x02, 0xC0, 0x00, 0xB0, 0x0A, 0xBE, 0xA7, 0xFF, 0xFC, 0x07, 0xF8, 0x0B, 0xEF,
    0x83, 0xC0, 0xB0, 0x90, 0x1D, 0x00, 0x0F, 0x00, 0x0B, 0x40, 0x0F, 0x40, 0x0F, 0x40, 0x1F, 0x00,
    0x0F, 0xAA, 0x93, 0xFF, 0xF4, 0x3F, 0xFF, 0x0A, 0xAB, 0xC0, 0x03, 0xD0, 0x07, 0xC0, 0x02, 0xF8,
    0x00, 0x1B, 0xC0, 0x00, 0xB5, 0x80, 0x1E, 0x78, 0x0B, 0x4F, 0xEF, 0xC0, 0xBF, 0x80, 0x00, 0x78,
    0x00, 0x3C, 0x00, 0x3C, 0x00, 0x2E, 0x00, 0x0F, 0x0B, 0x0F, 0x02, 0xC7, 0x40, 0xB1, 0xFF, 0xFC,
    0x6A, 0xAF, 0x00, 0x02, 0xC0, 0x00, 0xB0, 0x3F, 0xFF, 0x0F, 0xAA, 0x83, 0xC0, 0x00, 0xFA, 0x40,
    0x3F, 0xFE, 0x00, 0x03, 0xC0, 0x00, 0x79, 0xD0, 0x1E, 0x78, 0x0B, 0x4B, 0xEF, 0xC0, 0xBF, 0x80,
    0x00, 0xF0, 0x00, 0xB4, 0x00, 0x78, 0x00, 0x3C, 0x00, 0x2E, 0xFC, 0x0F, 0x57, 0xCB, 0x40, 0x7A,
    0xC0, 0x0E, 0x78, 0x0B, 0x4F, 0xEF, 0xC0, 0xBF, 0x80, 0x7F, 0xFF, 0x9F, 0xAA, 0xE7, 0x40, 0xB4,
    0x80, 0x3C, 0x00, 0x2D, 0x00, 0x0F, 0x00, 0x07, 0x40, 0x03, 0xC0, 0x01, 0xD0, 0x00, 0xF0, 0x00,
    0x78, 0x00, 0x0B, 0xF8, 0x0F, 0xEF, 0xC7, 0x80, 0xB4, 0xE0, 0x2C, 0x1F, 0xBD, 0x07, 0xFF, 0x47,
    0x80, 0xB6, 0xC0, 0x0E, 0xB4, 0x07, 0x8F, 0xEF, 0xC0, 0xBF, 0x80, 0x0B, 0xF8, 0x0F, 0xEF, 0xC7,
    0x80, 0xB6, 0xD0, 0x1E, 0x78, 0x0B, 0x4F, 0xEF, 0xC0, 0xBE, 0xE0, 0x00, 0xF0, 0x00, 0xB4, 0x00,
    0x78, 0x00, 0x3C, 0x00, 0x00, 0x00, 0xB8, 0x00, 0x00, 0x2E, 0x00, 0x02, 0xFF, 0xFC, 0x00, 0xBF,
    0xFF, 0x00, 0x00, 0xB8, 0x00, 0x00, 0x2E, 0x00, 0x7F, 0x8B, 0x80, 0xBF, 0xFE, 0xE0, 0x7E, 0x03,
    0xF8, 0x2F, 0x00, 0x3E, 0x0B, 0x80, 0x0B, 0x83, 0xE0, 0x02, 0xE0, 0xB8, 0x00, 0xB8, 0x2F, 0x00,
    0x3E, 0x07, 0xE0, 0x3F, 0x80, 0xBF, 0xFE, 0xE0, 0x07, 0xF8, 0xB8, 0x00, 0x00, 0x00, 0x0F, 0xFF,
    0xFF, 0xC3, 0xFF, 0xFF, 0xF0, 0x00, 0x2F, 0xF4, 0x00, 0x1F, 0xFF, 0xE0, 0x03, 0xE0, 0x1F, 0x80,
    0xBC, 0x00, 0xBC, 0x0B, 0x80, 0x03, 0xC0, 0xB8, 0x00, 0x00, 0xBF, 0xFF, 0xC0, 0x0B, 0xFF, 0xFC,
    0x00, 0x0B, 0x80, 0x00, 0x00, 0xB8, 0x00, 0x00, 0xBF, 0xFF, 0xC0, 0x0B, 0xFF, 0xFC, 0x00, 0x0B,
    0x80, 0x00, 0x00, 0xB8, 0x00, 0x7C, 0x0B, 0xC0, 0x0B, 0xC0, 0x3E, 0x01, 0xF4, 0x01, 0xFF, 0xFE,
    0x00, 0x02, 0xFF, 0x40, 0xFF, 0xFF, 0xFF, 0xFF, 0xFF, 0xFF, 0xF0, 0x02, 0xE0, 0x00, 0x00, 0xB8,
    0x00, 0x00, 0x2E, 0x00, 0x00, 0x0B, 0x80, 0x00, 0x02, 0xE6, 0xF0, 0x00, 0xFF, 0xF8, 0x1B, 0xFF,
    0x80, 0x0F, 0xEB, 0x80, 0x01, 0x02, 0xE1, 0xB0, 0x00, 0xBF, 0xFC, 0x06, 0xFF, 0x90, 0x0F, 0xFF,
    0x80, 0x02, 0x42, 0xE0, 0x00, 0x00, 0xB8, 0x00, 0x00, 0x2E, 0x00, 0x00, 0x0B, 0x80, 0x00, 0x01,
    0xBF, 0xD0, 0x01, 0xFF, 0xFF, 0x00, 0xF8, 0x07, 0xD0, 0x7C, 0x00, 0xB8, 0x00, 0x00, 0x3C, 0x00,
    0x00, 0x3D, 0x0F, 0xFF, 0xFF, 0xFF, 0xFF, 0xFF, 0xFF, 0x00, 0x00, 0x00, 0x00, 0x00, 0x00, 0x0F,
    0xFF, 0xFF, 0xFF, 0xFF, 0xFF, 0xFF, 0x0F, 0x80, 0x00, 0x07, 0x80, 0x05, 0x02, 0xE0, 0x03, 0xD0,
    0x7D, 0x02, 0xF0, 0x0F, 0xFF, 0xF4, 0x00, 0x7F, 0xE0, 0x00, 0x07, 0xFF, 0xF8, 0x00, 0x7F, 0xFF,
    0xF4, 0x07, 0xC0, 0x0F, 0xC0, 0x7C, 0x00, 0x3E, 0x07, 0xC0, 0x02, 0xE0, 0x7C, 0x00, 0x2E, 0x07,
    0xC0, 0x03, 0xE0, 0x7C, 0x00, 0xFC, 0x7F, 0xFF, 0xFF, 0x47, 0xFF, 0xFF, 0x80, 0x07, 0xC0, 0x00,
    0x00, 0x7C, 0x00, 0x00, 0x7F, 0xFF, 0xFC, 0x07, 0xFF, 0xFF, 0xC0, 0x07, 0xC0, 0x00, 0x00, 0x7C,
    0x00, 0x00, 0x07, 0xC0, 0x00, 0x00, 0x7C, 0x00, 0x00, 0x0B, 0x1C, 0x00, 0x0B, 0x1C, 0x00, 0x0B,
    0x1C, 0x00, 0x0B, 0x1C, 0x00, 0xBF, 0xFE, 0x40, 0xBF, 0xFF, 0xE0, 0xB8, 0x02, 0xF0, 0xB8, 0x00,
    0xF8, 0xB8, 0x00, 0x7C, 0xB8, 0x00, 0x78, 0xB8, 0x00, 0xF8, 0xB8, 0x02, 0xF0, 0xBF, 0xFF, 0x80,
    0xBF, 0xFF, 0xD0, 0xB8, 0x02, 0xF4, 0xB8, 0x00, 0x7C, 0xB8, 0x00, 0x3C, 0xB8, 0x00, 0x3C, 0xB8,
    0x00, 0x7C, 0xB8, 0x01, 0xF8, 0xBF, 0xFF, 0xF0, 0xBF, 0xFF, 0x40, 0x0B, 0x1C, 0x00, 0x0B, 0x1C,
    0x00, 0x0B, 0x1C, 0x00, 0x05, 0x04, 0x00, 0x00, 0x2F, 0x00, 0x00, 0x01, 0xF0, 0x00, 0x00, 0x1F,
    0x40, 0x00, 0x00, 0xF8, 0x00, 0x00, 0x0F, 0xC0, 0x00, 0x00, 0xBC, 0x00, 0x00, 0x07, 0xFF, 0xFF,
    0xFF, 0x9F, 0xFF, 0xFF, 0xFE, 0x2F, 0x00, 0x00, 0x00, 0x3F, 0x00, 0x00, 0x00, 0x3E, 0x00, 0x00,
    0x00, 0x3D, 0x00, 0x00, 0x00, 0x7C, 0x00, 0x00, 0x00, 0xBC, 0x00, 0x00, 0x00, 0x04, 0x00, 0x00,
    0x0B, 0x80, 0x00, 0x0F, 0xF8, 0x00, 0x0F, 0xFF, 0xC0, 0x0F, 0xEE, 0xBC, 0x1F, 0x8B, 0x8B, 0xDF,
    0x82, 0xE0, 0xBF, 0x40, 0xB8, 0x07, 0x40, 0x2E, 0x00, 0x40, 0x0B, 0x80, 0x00, 0x02, 0xE0, 0x00,
    0x00, 0xB8, 0x00, 0x00, 0x2E, 0x00, 0x00, 0x0B, 0x80, 0x00, 0x02, 0xE0, 0x00, 0x00, 0xB8, 0x00,
    0x00, 0x2E, 0x00, 0x00, 0x0B, 0x80, 0x00, 0x02, 0xE0, 0x00, 0x00, 0x03, 0xE0, 0x00, 0x00, 0x03,
    0xD0, 0x00, 0x00, 0x07, 0xD0, 0x00, 0x00, 0x0B, 0xC0, 0x00, 0x00, 0x0F, 0xC0, 0x00, 0x00, 0x0F,
    0x8B, 0xFF, 0xFF, 0xFF, 0x6F, 0xFF, 0xFF, 0xFD, 0x00, 0x00, 0x03, 0xE0, 0x00, 0x00, 0x3E, 0x00,
    0x00, 0x02, 0xF0, 0x00, 0x00, 0x1F, 0x00, 0x00, 0x00, 0xF4, 0x00, 0x00, 0x0F, 0x80, 0x00, 0x00,
    0x2E, 0x00, 0x00, 0x0B, 0x80, 0x00, 0x02, 0xE0, 0x00, 0x00, 0xB8, 0x00, 0x00, 0x2E, 0x00, 0x00,
    0x0B, 0x80, 0x00, 0x02, 0xE0, 0x00, 0x00, 0xB8, 0x00, 0x00, 0x2E, 0x00, 0x00, 0x0B, 0x80, 0x04,
    0x02, 0xE0, 0x07, 0x40, 0xB8, 0x07, 0xF8, 0x2E, 0x0B, 0xDF, 0x8B, 0x8B, 0xD0, 0xFE, 0xEB, 0xC0,
    0x0F, 0xFF, 0xC0, 0x00, 0xFF, 0x80, 0x00, 0x0B, 0x80, 0x00, 0x00, 0x40, 0x00, 0x00, 0x3E, 0x02,
    0xF0, 0x00, 0x02, 0xF0, 0x03, 0xE0, 0x00, 0x1F, 0x00, 0x03, 0xD0, 0x01, 0xF4, 0x00, 0x07, 0xD0,
    0x0F, 0x80, 0x00, 0x0B, 0xC0, 0xF8, 0x00, 0x00, 0x0B, 0xCB, 0xFF, 0xFF, 0xFF, 0xFF, 0xAF, 0xFF,
    0xFF, 0xFF, 0xFE, 0x3E, 0x00, 0x00, 0x02, 0xF0, 0x3E, 0x00, 0x00, 0x2F, 0x00, 0x3D, 0x00, 0x01,
    0xF0, 0x00, 0x7C, 0x00, 0x0F, 0x40, 0x00, 0xBC, 0x00, 0xF8, 0x00, 0x00, 0xF8, 0x0B, 0xC0, 0x00,
    0x00, 0x04, 0x00, 0x00, 0x0B, 0x80, 0x00, 0x0F, 0xF8, 0x00, 0x0F, 0xFF, 0xC0, 0x0F, 0xEE, 0xBC,
    0x1F, 0x8B, 0x8B, 0xDF, 0x82, 0xE0, 0xBF, 0x40, 0xB8, 0x07, 0x40, 0x2E, 0x00, 0x40, 0x0B, 0x80,
    0x00, 0x02, 0xE0, 0x00, 0x00, 0xB8, 0x00, 0x00, 0x2E, 0x00, 0x00, 0x0B, 0x80, 0x00, 0x02, 0xE0,
    0x00, 0x00, 0xB8, 0x00, 0x00, 0x2E, 0x00, 0x00, 0x0B, 0x80, 0x00, 0x02, 0xE0, 0x02, 0x00, 0xB8,
    0x02, 0xE0, 0x2E, 0x02, 0xFF, 0x0B, 0x83, 0xF3, 0xF2, 0xE3, 0xF0, 0x3F, 0xBB, 0xF0, 0x02, 0xFF,
    0xE0, 0x00, 0x2F, 0xE0, 0x00, 0x01, 0xD0, 0x00, 0x00, 0x00, 0x00, 0x7F, 0xFF, 0xF8, 0x2F, 0xFF,
    0xFF, 0x8B, 0xF4, 0x00, 0x02, 0xFF, 0x40, 0x00, 0xB9, 0xF4, 0x00, 0x2E, 0x1F, 0x40, 0x0B, 0x81,
    0xF4, 0x02, 0xE0, 0x1F, 0x40, 0xB8, 0x01, 0xF4, 0x1E, 0x00, 0x1F, 0x42, 0x80, 0x01, 0xF4, 0x10,
    0x00, 0x1D, 0x00, 0x00, 0x00, 0x00, 0x0B, 0xFF, 0xFF, 0x4B, 0xFF, 0xFF, 0xE0, 0x00, 0x07, 0xF8,
    0x00, 0x07, 0xFE, 0x00, 0x07, 0xDB, 0x80, 0x07, 0xD2, 0xE0, 0x07, 0xD0, 0xB8, 0x07, 0xD0, 0x2E,
    0x07, 0xD0, 0x0B, 0x87, 0xD0, 0x02, 0xD7, 0xD0, 0x00, 0xA1, 0xD0, 0x00, 0x10, 0x00, 0x00, 0x00,
    0x00, 0x00, 0x00, 0x00, 0x1D, 0x00, 0x01, 0x07, 0xD0, 0x00, 0xA0, 0x7D, 0x00, 0x2D, 0x07, 0xD0,
    0x0B, 0x80, 0x7D, 0x02, 0xE0, 0x07, 0xD0, 0xB8, 0x00, 0x7D, 0x2E, 0x00, 0x07, 0xDB, 0x80, 0x00,
    0x7F, 0xE0, 0x00, 0x07, 0xF8, 0xBF, 0xFF, 0xFE, 0x0B, 0xFF, 0xFF, 0x80, 0x00, 0x00, 0x00, 0x01,
    0x00, 0x01, 0xD2, 0x80, 0x01, 0xF5, 0xE0, 0x01, 0xF4, 0xB8, 0x01, 0xF4, 0x2E, 0x01, 0xF4, 0x0B,
    0x81, 0xF4, 0x02, 0xE1, 0xF4, 0x00, 0xB9, 0xF4, 0x00, 0x2F, 0xF4, 0x00, 0x0B, 0xF4, 0x00, 0x02,
    0xFF, 0xFF, 0xF8, 0xBF, 0xFF, 0xF8, 0x00, 0x00, 0x00, 0xFF, 0xE0, 0x00, 0x03, 0xFF, 0xD0, 0xBD,
    0x00, 0x3F, 0xCF, 0xFC, 0x03, 0xDF, 0xB8, 0xBC, 0x3D, 0x7E, 0xD0, 0xFF, 0xE1, 0xFB, 0x00, 0xBD,
    0x07, 0xC0, 0x01, 0x90, 0x18, 0x00, 0x1F, 0x03, 0xE0, 0x01, 0xF0, 0x2E, 0x00, 0x0F, 0x02, 0xE0,
    0x00, 0xBF, 0xFF, 0xFF, 0xFE, 0xFF, 0xFF, 0xFF, 0xF3, 0xC0, 0xB8, 0x00, 0x07, 0xC0, 0xB8, 0x00,
    0x07, 0xC0, 0xF8, 0x00, 0x05, 0x40, 0x50, 0x00, 0x00, 0x90, 0x19, 0x00, 0x02, 0xF0, 0x3D, 0x00,
    0x02, 0xE0, 0x3D, 0x00, 0x02, 0xE0, 0x3C, 0xFF, 0xFF, 0xFF, 0xFB, 0xFF, 0xFF, 0xFF, 0xE0, 0x00,
    0xB8, 0x0F, 0x00, 0x0B, 0x80, 0xF4, 0x00, 0xBC, 0x0F, 0x40, 0x01, 0x40, 0x54, 0x00, 0x01, 0x90,
    0x00, 0x64, 0x1F, 0x00, 0x0B, 0xC1, 0xF0, 0x00, 0xBC, 0x0F, 0x00, 0x0B, 0xC0, 0xBF, 0xFF, 0xFD,
    0x02, 0xFF, 0xFF, 0xF4, 0x03, 0xC0, 0x02, 0xF0, 0x07, 0xC0, 0x02, 0xF0, 0x07, 0xC0, 0x02, 0xF0,
    0x05, 0x40, 0x01, 0x50, 0x64, 0x00, 0x19, 0x00, 0xF8, 0x00, 0x3D, 0x00, 0xF8, 0x00, 0x3D, 0x00,
    0xF8, 0x00, 0x3C, 0x01, 0xFF, 0xFF, 0xF8, 0x07, 0xFF, 0xFF, 0xE0, 0x3E, 0x00, 0x0F, 0x03, 0xE0,
    0x00, 0xF4, 0x3E, 0x00, 0x0F, 0x41, 0x50, 0x00, 0x54, 0x00, 0x00, 0xFC, 0x00, 0x0F, 0xFC, 0x00,
    0xFF, 0xFC, 0x0F, 0xAE, 0xBC, 0x78, 0xB8, 0xB4, 0x42, 0xE0, 0x40, 0x0B, 0x80, 0x00, 0x2E, 0x00,
    0x00, 0xB8, 0x00, 0x02, 0xE0, 0x00, 0x0B, 0x80, 0x00, 0x2E, 0x00, 0x7F, 0xFF, 0xF5, 0xFF, 0xFF,
    0xD0, 0x60, 0x00, 0x19, 0x03, 0xD0, 0x00, 0x3D, 0x0F, 0x40, 0x00, 0x3D, 0x3D, 0x00, 0x00, 0x3C,
    0xFF, 0xFF, 0xFF, 0xFB, 0xFF, 0xFF, 0xFF, 0xEF, 0x40, 0x00, 0x0F, 0x3D, 0x00, 0x00, 0xF4, 0xF4,
    0x00, 0x0F, 0x41, 0x40, 0x00, 0x54, 0x00, 0x7F, 0xFF, 0xF5, 0xFF, 0xFF, 0xD0, 0x0B, 0x80, 0x00,
    0x2E, 0x00, 0x00, 0xB8, 0x00, 0x02, 0xE0, 0x00, 0x0B, 0x80, 0x00, 0x2E, 0x00, 0x60, 0xB8, 0x25,
    0xF2, 0xE3, 0xD2, 0xFB, 0xBF, 0x02, 0xFF, 0xE0, 0x01, 0xFE, 0x00, 0x01, 0x50, 0x00, 0x00, 0x01,
    0xF8, 0x00, 0x00, 0x07, 0xFE, 0x00, 0x00, 0x00, 0xBE, 0x00, 0x00, 0x00, 0x7C, 0x00, 0x00, 0x00,
    0xF8, 0x00, 0x40, 0x02, 0xE0, 0x1F, 0x00, 0x0B, 0x80, 0xF4, 0x00, 0x3E, 0x0F, 0x80, 0x01, 0xF0,
    0xBC, 0x00, 0x2F, 0x87, 0xFF, 0xFF, 0xF8, 0x1F, 0xFF, 0xFE, 0x40, 0x2F, 0x00, 0x00, 0x00, 0x2E,
    0x00, 0x00, 0x00, 0x3D, 0x00, 0x00, 0x00, 0x3D, 0x00, 0x00, 0x00, 0xBD, 0x00, 0x00, 0x2F, 0xF4,
    0x00, 0x02, 0xF8, 0x00, 0x00, 0x0F, 0x40, 0x00, 0x00, 0xBC, 0x00, 0x00, 0x02, 0xE0, 0x00, 0x40,
    0x0B, 0x80, 0x03, 0xD0, 0x2F, 0x00, 0x07, 0xC0, 0x3D, 0x00, 0x0B, 0xC0, 0xBE, 0x00, 0x0B, 0x80,
    0xBF, 0xFF, 0xFF, 0x40, 0x6F, 0xFF, 0xFD, 0x00, 0x00, 0x03, 0xE0, 0x00, 0x00, 0x2E, 0x00, 0x00,
    0x01, 0xF0, 0x00, 0x00, 0x1F, 0x00, 0x03, 0xD0, 0x1F, 0x00, 0x3D, 0x3D, 0x1F, 0x03, 0xE3, 0xFD,
    0x2F, 0x2E, 0x3D, 0x3D, 0x2E, 0xFF, 0xE0, 0x3F, 0xFE, 0xFE, 0x00, 0x7F, 0xE2, 0xE0, 0x00, 0x2E,
    0x03, 0xE0, 0x02, 0xF0, 0x03, 0xD0, 0x1F, 0x00, 0x00, 0x02, 0x40, 0x0B, 0x40, 0x2F, 0x40, 0xA7,
    0x42, 0x83, 0x4A, 0x03, 0x68, 0x01, 0xA0, 0x02, 0x80, 0x0A, 0x00, 0x28, 0x00, 0xA0, 0x02, 0x80,
    0x0A, 0x00, 0x28, 0x00, 0xA0, 0x02, 0x80, 0x0A, 0x00, 0x28, 0x00, 0xA0, 0x02, 0x80, 0x0A, 0x00,
    0x28, 0x00, 0xA0, 0x02, 0x80, 0x00, 0x00, 0x00, 0x0B, 0x80, 0x00, 0x00, 0x0F, 0x40, 0x00, 0x00,
    0x0F, 0x7F, 0xFF, 0xFF, 0xFE, 0xFF, 0xFF, 0xFF, 0xF8, 0x00, 0x00, 0x03, 0xD0, 0x00, 0x00, 0x3D,
    0x00, 0x00, 0x02, 0xE0, 0x00, 0x00, 0x0B, 0x80, 0x00, 0x00, 0x0F, 0x40, 0x00, 0x00, 0x0F, 0x7F,
    0xFF, 0xFF, 0xFE, 0xFF, 0xFF, 0xFF, 0xF8, 0x00, 0x00, 0x03, 0xD0, 0x00, 0x00, 0x3D, 0x00, 0x00,
    0x02, 0xE0, 0x00, 0x0A, 0x00, 0x00, 0x00, 0xF8, 0x00, 0x00, 0x0B, 0xC0, 0x00, 0x00, 0xBC, 0x00,
    0x00, 0x07, 0xFF, 0xFF, 0xFC, 0x3F, 0xFF, 0xFF, 0xF3, 0xF0, 0x00, 0x00, 0x2F, 0x00, 0x00, 0x00,
    0xBC, 0x00, 0x00, 0x00, 0xFC, 0x00, 0x00, 0x00, 0xFF, 0xFF, 0xFF, 0xC1, 0xFF, 0xFF, 0xFF, 0x02,
    0xF0, 0x00, 0x00, 0x02, 0xF0, 0x00, 0x00, 0x03, 0xE0, 0x00, 0x00, 0x01, 0x40, 0x00, 0x00, 0x00,
    0x00, 0x00, 0x00, 0x03, 0x03, 0x00, 0x00, 0x03, 0xC0, 0xF0, 0x00, 0x03, 0xF0, 0x3F, 0x00, 0x07,
    0x5C, 0x0D, 0x70, 0x07, 0x47, 0x03, 0x47, 0x43, 0x41, 0xC0, 0xD0, 0x70, 0x40, 0x70, 0x34, 0x04,
    0x00, 0x1C, 0x0D, 0x00, 0x00, 0x07, 0x03, 0x40, 0x00, 0x01, 0xC0, 0xD0, 0x00, 0x00, 0x70, 0x34,
    0x00, 0x00, 0x1C, 0x0D, 0x00, 0x00, 0x07, 0x03, 0x40, 0x00, 0x01, 0xC0, 0xD0, 0x00, 0x00, 0x70,
    0x34, 0x00, 0x00, 0x1C, 0x0D, 0x00, 0x00, 0x07, 0x03, 0x40, 0x00, 0x01, 0xC0, 0xD0, 0x00, 0x00,
    0x70, 0x34, 0x00, 0x00, 0x1C, 0x0D, 0x00, 0x00, 0x07, 0x03, 0x40, 0x00, 0x01, 0xC0, 0xD0, 0x00,
    0x00, 0x70, 0x34, 0x00, 0x00, 0x1C, 0x0D, 0x00, 0x00, 0x07, 0x03, 0x40, 0x00, 0x00, 0x02, 0x80,
    0x00, 0x00, 0x0B, 0xC0, 0x00, 0x00, 0x0F, 0x80, 0x00, 0x00, 0x0F, 0x80, 0xFF, 0xFF, 0xFF, 0x43,
    0xFF, 0xFF, 0xFF, 0x00, 0x00, 0x00, 0x3F, 0x00, 0x00, 0x00, 0x3E, 0x00, 0x00, 0x00, 0xF8, 0x00,
    0x00, 0x0F, 0xCF, 0xFF, 0xFF, 0xFC, 0x3F, 0xFF, 0xFF, 0xD0, 0x00, 0x00, 0x3E, 0x00, 0x00, 0x03,
    0xE0, 0x00, 0x00, 0x2F, 0x00, 0x00, 0x00, 0x50, 0x00, 0x00, 0x1C, 0x0D, 0x00, 0x00, 0x07, 0x03,
    0x40, 0x00, 0x01, 0xC0, 0xD0, 0x00, 0x00, 0x70, 0x34, 0x00, 0x00, 0x1C, 0x0D, 0x00, 0x00, 0x07,
    0x03, 0x40, 0x00, 0x01, 0xC0, 0xD0, 0x00, 0x00, 0x70, 0x34, 0x00, 0x00, 0x1C, 0x0D, 0x00, 0x00,
    0x07, 0x03, 0x40, 0x00, 0x01, 0xC0, 0xD0, 0x00, 0x00, 0x70, 0x34, 0x00, 0x00, 0x1C, 0x0D, 0x00,
    0x00, 0x07, 0x03, 0x40, 0x00, 0x01, 0xC0, 0xD0, 0x00, 0x00, 0x70, 0x34, 0x00, 0x00, 0x1C, 0x0D,
    0x00, 0x00, 0x07, 0x03, 0x40, 0x01, 0x01, 0xC0, 0xD0, 0x10, 0xD0, 0x70, 0x34, 0x1C, 0x1D, 0x1C,
    0x0D, 0x1D, 0x01, 0xD7, 0x03, 0x5D, 0x00, 0x0F, 0xC0, 0xFC, 0x00, 0x00, 0xF0, 0x3C, 0x00, 0x00,
    0x0C, 0x0C, 0x00, 0x00, 0x00, 0x00, 0x00, 0x00, 0x00, 0x0A, 0x02, 0x80, 0x00, 0x00, 0xF8, 0x0B,
    0xC0, 0x00, 0x0B, 0xC0, 0x0F, 0x80, 0x00, 0xBC, 0x00, 0x0F, 0x80, 0x07, 0xFF, 0xFF, 0xFF, 0x40,
    0x3F, 0xFF, 0xFF, 0xFF, 0x03, 0xF0, 0x00, 0x00, 0x3F, 0x2F, 0x00, 0x00, 0x00, 0x3E, 0xBC, 0x00,
    0x00, 0x00, 0xF8, 0xFC, 0x00, 0x00, 0x0F, 0xC0, 0xFF, 0xFF, 0xFF, 0xFC, 0x01, 0xFF, 0xFF, 0xFF,
    0xD0, 0x02, 0xF0, 0x00, 0x3E, 0x00, 0x02, 0xF0, 0x03, 0xE0, 0x00, 0x03, 0xE0, 0x2F, 0x00, 0x00,
    0x01, 0x40, 0x50, 0x00, 0x00, 0x01, 0x80, 0x00, 0x00, 0x07, 0xC0, 0x0F, 0xFF, 0xFF, 0x80, 0x3F,
    0xFF, 0xFF, 0x80, 0x00, 0x00, 0x0F, 0x40, 0x00, 0x00, 0x1F, 0x00, 0x00, 0x00, 0x2F, 0x3F, 0xFF,
    0xFF, 0xFE, 0xFF, 0xFF, 0xFF, 0xF8, 0x00, 0x00, 0x0F, 0x80, 0x00, 0x00, 0xBC, 0x3F, 0xFF, 0xFF,
    0xC0, 0xFF, 0xFF, 0xFD, 0x00, 0x00, 0x03, 0xD0, 0x00, 0x00, 0x3E, 0x00, 0x00, 0x00, 0x00, 0x00,
    0x00, 0xD0, 0x00, 0x0F, 0xC0, 0x00, 0xFF, 0xC0, 0x0B, 0xFF, 0xC0, 0xBF, 0xFF, 0x82, 0xAF, 0xEA,
    0x00, 0x2E, 0x00, 0x00, 0xB8, 0x00, 0x02, 0xE0, 0x07, 0xFF, 0xFF, 0x5F, 0xFF, 0xFD, 0x00, 0xB8,
    0x00, 0x02, 0xE0, 0x07, 0xFF, 0xFF, 0x5F, 0xFF, 0xFD, 0x00, 0xB8, 0x00, 0x02, 0xE0, 0x00, 0x0B,
    0x80, 0x00, 0x2E, 0x00, 0x00, 0xB8, 0x00, 0x02, 0xE0, 0x00, 0x0B, 0x80, 0x00, 0x2E, 0x00, 0x7F,
    0xFF, 0xF5, 0xFF, 0xFF, 0xD0, 0x0B, 0x80, 0x00, 0x2E, 0x00, 0x7F, 0xFF, 0xF5, 0xFF, 0xFF, 0xD0,
    0x0B, 0x80, 0x00, 0x2E, 0x00, 0x00, 0xB8, 0x00, 0xFF, 0xFF, 0xC0, 0xFF, 0xFC, 0x01, 0xFF, 0xD0,
    0x01, 0xFE, 0x00, 0x01, 0xE0, 0x00, 0x01, 0x00, 0x00, 0x00, 0x1F, 0x00, 0xB8, 0x00, 0x2E, 0x02,
    0xE0, 0x00, 0x3E, 0x0B, 0x80, 0x00, 0x3D, 0x2E, 0xFF, 0xFF, 0xFC, 0xBB, 0xFF, 0xFF, 0xF2, 0xE0,
    0x00, 0x0F, 0x4B, 0x80, 0x00, 0xF8, 0x2E, 0x00, 0x0B, 0x80, 0xB8, 0x00, 0x7C, 0x02, 0xD0, 0x00,
    0x01, 0x00, 0x00, 0x00, 0x2E, 0x00, 0x00, 0x01, 0xCD, 0x00, 0x00, 0x1C, 0x0D, 0x00, 0x01, 0xC0,
    0x0D, 0x00, 0x1C, 0x00, 0x0D, 0x00, 0xD0, 0x00, 0x0C, 0x0F, 0xF8, 0x0B, 0xFC, 0x00, 0xA0, 0x28,
    0x00, 0x02, 0x80, 0xA0, 0x00, 0x0A, 0x02, 0x80, 0x00, 0x28, 0x0A, 0x00, 0x00, 0xA0, 0x28, 0x00,
    0x02, 0x80, 0xA0, 0x00, 0x0A, 0x02, 0x80, 0x00, 0x28, 0x0A, 0x00, 0x00, 0xA0, 0x28, 0x00, 0x02,
    0x80, 0xA0, 0x00, 0x0A, 0x02, 0x80, 0x00, 0x1F, 0xFD, 0x00, 0x00, 0x00, 0x00, 0x00, 0x00, 0x00,
    0x00, 0x00, 0x00, 0x04, 0x00, 0x00, 0x00, 0x2C, 0x00, 0x00, 0x00, 0xBC, 0x00, 0x00, 0x02, 0x5C,
    0x02, 0xFF, 0xFD, 0x1D, 0x0D, 0x00, 0x00, 0x1D, 0x30, 0x00, 0x00, 0x0D, 0xC0, 0x00, 0x00, 0x3B,
    0x00, 0x00, 0x03, 0x4B, 0xFF, 0xF4, 0x34, 0x00, 0x00, 0x93, 0x40, 0x00, 0x02, 0xB4, 0x00, 0x00,
    0x0B, 0x40, 0x00, 0x00, 0x20, 0x00, 0x00, 0x00, 0x00, 0x00, 0x00, 0x01, 0x00, 0x00, 0x00, 0x2E,
    0x00, 0x00, 0x01, 0xCD, 0x00, 0x00, 0x1C, 0x0D, 0x00, 0x01, 0xC0, 0x0D, 0x00, 0x0C, 0x00, 0x0C,
    0x00, 0xD0, 0x00, 0x1C, 0x0F, 0xF8, 0x0B, 0xFC, 0x00, 0xA0, 0x28, 0x00, 0x02, 0x80, 0xA0, 0x00,
    0x0A, 0x02, 0x80, 0x00, 0x28, 0x0A, 0x00, 0x00, 0xBF, 0xF8, 0x00, 0x00, 0x00, 0x00, 0x00, 0x00,
    0x00, 0x00, 0x00, 0x2F, 0xFE, 0x00, 0x00, 0xA0, 0x28, 0x00, 0x02, 0x80, 0xA0, 0x00, 0x0A, 0x02,
    0x80, 0x00, 0x0F, 0xFC, 0x00, 0xB8, 0x00, 0x0B, 0x9F, 0x00, 0x03, 0xD3, 0xC0, 0x00, 0xF0, 0xF4,
    0x00, 0x7C, 0x2E, 0x00, 0x2E, 0x07, 0xFF, 0xFF, 0x40, 0xFF, 0xFF, 0xC0, 0x3D, 0x01, 0xF0, 0x0B,
    0x80, 0xB8, 0x01, 0xF0, 0x3D, 0x00, 0x3C, 0x0F, 0x00, 0x0F, 0x47, 0xC0, 0x02, 0xE2, 0xE0, 0x00,
    0x7C, 0xF4, 0x00, 0x0F, 0x3C, 0x00, 0x03, 0xEF, 0x00, 0x00, 0xBF, 0x80, 0x00, 0x1F, 0xD0, 0x00,
    0x01, 0x50, 0x00, 0x07, 0xF8, 0x07, 0xFF, 0x83, 0xE1, 0xF0, 0xF0, 0x3D, 0x3C, 0x0A, 0x0F, 0x00,
    0x03, 0xC0, 0x00, 0xF0, 0x00, 0x3C, 0x00, 0x0F, 0x02, 0x93, 0xC0, 0xF4, 0xF8, 0x7C, 0x1F, 0xFE,
    0x01, 0xFE, 0x00, 0x01, 0x90, 0x00, 0x07, 0xE0, 0x00, 0x02, 0xF0, 0x00, 0x02, 0xF0, 0x00, 0x03,
    0xE0, 0x00, 0x03, 0xC0, 0x2A, 0x4F, 0x47, 0xFF, 0xEE, 0x3E, 0x02, 0xF9, 0xF0, 0x03, 0xFB, 0x80,
    0x0B, 0xEE, 0x00, 0x2F, 0xF8, 0x00, 0xBE, 0xE0, 0x02, 0xEB, 0x80, 0x0B, 0x9F, 0x00, 0x3D, 0x3E,
    0x02, 0xF0, 0x7F, 0xFF, 0x40, 0x2F, 0xE0, 0x00, 0x00, 0x00, 0x03, 0xFF, 0xFF, 0xEF, 0xFF, 0xFF,
    0x80, 0x00, 0x3E, 0x00, 0x00, 0xF8, 0x00, 0x03, 0xE0, 0x00, 0x0F, 0x80, 0x00, 0x3E, 0x3F, 0xFF,
    0xF8, 0xFF, 0xFF, 0xE0, 0x00, 0x0F, 0x80, 0x00, 0x3E, 0x00, 0x00, 0xF8, 0x00, 0x03, 0xE0, 0x00,
    0x0F, 0x80, 0x00, 0x3E, 0x00, 0x00, 0xFB, 0xFF, 0xFF, 0xEF, 0xFF, 0xFF, 0x80, 0x00, 0x00, 0x3C,
    0x00, 0x00, 0x38, 0x00, 0x00, 0xB4, 0x3F, 0xFF, 0xFE, 0x3F, 0xFF, 0xFE, 0x00, 0x02, 0xFE, 0x00,
    0x03, 0xFE, 0x00, 0x07, 0x7E, 0x00, 0x0F, 0x3E, 0x00, 0x0E, 0x3E, 0x0F, 0xFF, 0xFE, 0x0F, 0xFF,
    0xFE, 0x00, 0x74, 0x3E, 0x00, 0xB0, 0x3E, 0x00, 0xE0, 0x3E, 0x01, 0xD0, 0x3E, 0x02, 0xC0, 0x3E,
    0x03, 0x80, 0x3E, 0x07, 0x40, 0x3E, 0x3F, 0xFF, 0xFE, 0x3F, 0xFF, 0xFE, 0x2C, 0x00, 0x00, 0x3C,
    0x00, 0x00, 0x14, 0x00, 0x00, 0x00, 0x00, 0x00, 0x2C, 0x00, 0x06, 0xFE, 0x6D, 0x00, 0x0F, 0xFF,
    0xFE, 0x00, 0x0F, 0xD0, 0x2F, 0xC0, 0x0F, 0xC0, 0x0B, 0xFC, 0x0B, 0xC0, 0x03, 0x8F, 0x83, 0xE0,
    0x03, 0xC2, 0xF0, 0xF0, 0x01, 0xD0, 0x3C, 0x3C, 0x00, 0xE0, 0x0F, 0x0F, 0x00, 0xB0, 0x03, 0xC3,
    0xC0, 0x74, 0x00, 0xF0, 0xF4, 0x38, 0x00, 0xBC, 0x2F, 0x2C, 0x00, 0x3E, 0x03, 0xFD, 0x00, 0x3F,
    0x00, 0x7F, 0x40, 0x7F, 0x00, 0x0B, 0xFF, 0xFF, 0x00, 0x07, 0x5B, 0xF9, 0x00, 0x03, 0x80, 0x00,
    0x00, 0x00, 0x00, 0x3F, 0x00, 0x00, 0x1F, 0xD0, 0x00, 0x0B, 0xF8, 0x00, 0x03, 0xDF, 0x00, 0x00,
    0xF3, 0xC0, 0x00, 0x78, 0xB4, 0x00, 0x2D, 0x1E, 0x00, 0x0F, 0x03, 0xC0, 0x03, 0xC0, 0xF4, 0x02,
    0xE0, 0x2E, 0x00, 0xF4, 0x07, 0xC0, 0x3C, 0x00, 0xF0, 0x1F, 0x00, 0x3D, 0x0B, 0x80, 0x0B, 0x83,
    0xD0, 0x01, 0xF0, 0xF0, 0x00, 0x3C, 0x7F, 0xFF, 0xFF, 0x6F, 0xFF, 0xFF, 0xE0, 0xBF, 0xFF, 0xFF,
    0x9F, 0xFF, 0xFF, 0xD3, 0xC0, 0x00, 0xF0, 0xF4, 0x00, 0x7C, 0x2E, 0x00, 0x2E, 0x07, 0xC0, 0x0F,
    0x40, 0xF0, 0x03, 0xC0, 0x3D, 0x01, 0xF0, 0x0B, 0x80, 0xB8, 0x01, 0xF0, 0x3D, 0x00, 0x3C, 0x0F,
    0x00, 0x0B, 0x47, 0x80, 0x01, 0xE2, 0xD0, 0x00, 0x3C, 0xF0, 0x00, 0x0F, 0x7C, 0x00, 0x02, 0xEE,
    0x00, 0x00, 0x7F, 0x40, 0x00, 0x0F, 0xC0, 0x00, 0x00, 0x6B, 0xFF, 0xF0, 0x0F, 0xFF, 0xFF, 0xD0,
    0xFD, 0x00, 0x00, 0x0B, 0xC0, 0x00, 0x00, 0x3D, 0x00, 0x00, 0x00, 0xF0, 0x00, 0x00, 0x03, 0xC0,
    0x00, 0x00, 0x0F, 0xFF, 0xFF, 0xFD, 0x3F, 0xFF, 0xFF, 0xF0, 0xF0, 0x00, 0x00, 0x03, 0xD0, 0x00,
    0x00, 0x0B, 0x80, 0x00, 0x00, 0x0F, 0x80, 0x00, 0x00, 0x1F, 0xFF, 0xFF, 0xC0, 0x0B, 0xFF, 0xFF,
    0x40, 0x00, 0x00, 0x0F, 0x00, 0x00, 0x00, 0x34, 0x00, 0x00, 0x02, 0xC0, 0x00, 0x2F, 0xFF, 0xFD,
    0x07, 0xFF, 0xFF, 0xF4, 0x3F, 0x42, 0xC0, 0x02, 0xF0, 0x0E, 0x00, 0x0F, 0x40, 0x34, 0x00, 0x3C,
    0x01, 0xC0, 0x00, 0xF0, 0x0F, 0x00, 0x03, 0xFF, 0xFF, 0xFF, 0x4F, 0xFF, 0xFF, 0xFD, 0x3C, 0x0E,
    0x00, 0x00, 0xF4, 0x34, 0x00, 0x02, 0xE2, 0xC0, 0x00, 0x03, 0xEE, 0x00, 0x00, 0x07, 0xFF, 0xFF,
    0xF4, 0x03, 0xFF, 0xFF, 0xD0, 0x0E, 0x00, 0x00, 0x00, 0x70, 0x00, 0x00, 0x03, 0xC0, 0x00, 0x00,
    0x2F, 0xFC, 0xB4, 0x00, 0xD0, 0x00, 0xFF, 0xFC, 0xD0, 0x00, 0xB0, 0x00, 0x3F, 0xFC, 0x00, 0x00,
    0x3F, 0xFF, 0xA4, 0x00, 0xFF, 0xFF, 0xFC, 0x00, 0x00, 0x00, 0xFC, 0x00, 0x00, 0x00, 0xF8, 0x00,
    0x00, 0x01, 0xF0, 0x00, 0x00, 0x03, 0xC0, 0x00, 0x00, 0x0F, 0x4F, 0xFF, 0xFF, 0xFD, 0x3F, 0xFF,
    0xFF, 0xF4, 0x00, 0x00, 0x03, 0xC0, 0x00, 0x00, 0x0F, 0x00, 0x00, 0x00, 0xBC, 0x00, 0x00, 0x07,
    0xD0, 0xFF, 0xFF, 0xFD, 0x03, 0xFF, 0xFF, 0x80, 0x00, 0x00, 0x00, 0x0F, 0x00, 0x00, 0x00, 0x34,
    0x00, 0x00, 0x01, 0xC0, 0x0F, 0xFF, 0xEF, 0x00, 0x3F, 0xFF, 0xFF, 0x00, 0x00, 0x02, 0xFF, 0x00,
    0x00, 0x0E, 0x3E, 0x00, 0x00, 0x34, 0x7C, 0x00, 0x01, 0xC0, 0xF0, 0x00, 0x0F, 0x03, 0xD3, 0xFF,
    0xFF, 0xFF, 0x4F, 0xFF, 0xFF, 0xFD, 0x00, 0x0E, 0x00, 0xF0, 0x00, 0x34, 0x03, 0xC0, 0x02, 0xC0,
    0x2F, 0x00, 0x0E, 0x01, 0xF4, 0x3F, 0xFF, 0xFF, 0x40, 0xFF, 0xFF, 0xE0, 0x00, 0x0E, 0x00, 0x00,
    0x00, 0x70, 0x00, 0x00, 0x03, 0xC0, 0x00, 0x00, 0xFF, 0xFF, 0xFF, 0xFF, 0xFF, 0xFF, 0xFF, 0xFF,
    0xFF, 0xFF, 0xFF, 0xFF, 0xFF, 0xFF, 0xFF, 0xFF, 0xFF, 0xFF, 0xFF, 0xFF, 0xFF, 0xFF, 0xFF, 0xFF,
    0xFF, 0xFF, 0xFF, 0xFF, 0xFF, 0xC0, 0x00, 0x00, 0x00, 0x3F, 0xFF, 0xFF, 0xFF, 0xFF, 0xFF, 0xFC,
    0x7C, 0x00, 0xF4, 0x1F, 0x00, 0x3D, 0x07, 0xC0, 0x0F, 0x41, 0xF0, 0x03, 0xD0, 0x7C, 0x00, 0xF4,
    0x1F, 0x00, 0x3D, 0x07, 0xC0, 0x0F, 0x41, 0xF0, 0x03, 0xD0, 0x7C, 0x00, 0xF4, 0x1F, 0x00, 0x3D,
    0x07, 0xC0, 0x0F, 0x41, 0xF0, 0x03, 0xD0, 0x7C, 0x00, 0xF4, 0x1F, 0x00, 0x3D, 0x07, 0xC0, 0x0F,
    0x41, 0xF0, 0x03, 0xD0, 0x7C, 0x00, 0xF4, 0x1F, 0x00, 0x3D, 0x07, 0xC0, 0x0F, 0x41, 0xF0, 0x03,
    0xD0, 0x14, 0x00, 0x50, 0x09, 0x00, 0x18, 0x07, 0xC0, 0x0F, 0x41, 0xF0, 0x03, 0xD0, 0x7C, 0x00,
    0xF4, 0x1F, 0x00, 0x3D, 0x07, 0xC0, 0x0F, 0x41, 0xF0, 0x03, 0xD0, 0x7C, 0x00, 0xF4, 0x1F, 0x00,
    0x3D, 0x07, 0xC0, 0x0F, 0x41, 0xF0, 0x03, 0xD0, 0x7C, 0x00, 0xF4, 0x1F, 0x00, 0x3D, 0x07, 0xC0,
    0x0F, 0x41, 0xF0, 0x03, 0xD0, 0x7C, 0x00, 0xF4, 0x1F, 0x00, 0x3D, 0x07, 0xC0, 0x0F, 0x41, 0xF0,
    0x03, 0xD0, 0x7C, 0x00, 0xF4, 0x1F, 0x00, 0x3D, 0x3F, 0xFF, 0xFF, 0xFF, 0xFF, 0xFF, 0xFC, 0xBF,
    0xFF, 0xFF, 0xAF, 0xFF, 0xFF, 0xE7, 0xD0, 0x00, 0x00, 0xBC, 0x00, 0x00, 0x0F, 0xC0, 0x00, 0x00,
    0xF8, 0x00, 0x00, 0x1F, 0x40, 0x00, 0x02, 0xF0, 0x00, 0x00, 0x3E, 0x00, 0x00, 0x07, 0xD0, 0x00,
    0x00, 0xBC, 0x00, 0x00, 0x0F, 0xC0, 0x00, 0x07, 0xD0, 0x00, 0x03, 0xE0, 0x00, 0x03, 0xF0, 0x00,
    0x02, 0xF0, 0x00, 0x01, 0xF4, 0x00, 0x00, 0xF8, 0x00, 0x00, 0xFC, 0x00, 0x00, 0xBC, 0x00, 0x00,
    0x7D, 0x00, 0x00, 0x2F, 0xFF, 0xFF, 0xEB, 0xFF, 0xFF, 0xF8, 0xBF, 0xFF, 0xAF, 0xFF, 0xE0, 0x7F,
    0xFF, 0xFF, 0x4F, 0xFF, 0xFF, 0xC0, 0x02, 0xE0, 0x00, 0x00, 0xB8, 0x00, 0x00, 0x2E, 0x00, 0x00,
    0x0B, 0x80, 0x00, 0x02, 0xE0, 0x01, 0xFF, 0xFF, 0xFD, 0x7F, 0xFF, 0xFF, 0x40, 0x0B, 0x80, 0x00,
    0x02, 0xE0, 0x00, 0x00, 0xB8, 0x00, 0x00, 0x2E, 0x00, 0x00, 0x0B, 0x80, 0x00, 0x00, 0x00, 0x00,
    0xB8, 0x00, 0x00, 0x07, 0xC0, 0x00, 0x00, 0x3C, 0x00, 0x00, 0x02, 0xD0, 0x00, 0x00, 0x1E, 0x00,
    0x00, 0x00, 0xF0, 0x00, 0x00, 0x0F, 0x40, 0x00, 0x00, 0xB8, 0x00, 0x00, 0x03, 0xC0, 0x00, 0x00,
    0x3C, 0x00, 0x00, 0x02, 0xE0, 0x00, 0x00, 0x1F, 0x00, 0x00, 0x00, 0xF0, 0x00, 0x00, 0x0B, 0x40,
    0x00, 0x00, 0x78, 0x00, 0x00, 0x03, 0xC0, 0x00, 0x00, 0x3D, 0x00, 0x00, 0x02, 0xE0, 0x00, 0x00,
    0x00, 0x1F, 0xD0, 0xD1, 0xC6, 0x02, 0x58, 0x09, 0x34, 0x70, 0x7F, 0x40, 0x2E, 0x1F, 0xD7, 0xF4,
    0xB8, 0x00, 0x00, 0x00, 0x64, 0x00, 0x00, 0x02, 0xD0, 0x00, 0x00, 0x0F, 0x00, 0x00, 0x00, 0x7C,
    0x00, 0x00, 0x02, 0xD1, 0xFF, 0x00, 0x0F, 0x07, 0xFD, 0x00, 0x3C, 0x00, 0x78, 0x01, 0xE0, 0x00,
    0xF0, 0x0B, 0x40, 0x03, 0xC0, 0x3C, 0x00, 0x0B, 0x40, 0xF0, 0x00, 0x1E, 0x0B, 0x40, 0x00, 0x3C,
    0x3C, 0x00, 0x00, 0xF0, 0xF0, 0x00, 0x01, 0xD7, 0x80, 0x00, 0x03, 0xAD, 0x00, 0x00, 0x0F, 0xF0,
    0x00, 0x00, 0x2F, 0xC0, 0x00, 0x00, 0x7D, 0x00, 0x00, 0x06, 0xE0, 0x1E, 0x40, 0x7F, 0xF2, 0xFF,
    0x43, 0xD2, 0xED, 0x1F, 0x0E, 0x03, 0xD0, 0x2C, 0x38, 0x07, 0x40, 0xB0, 0xE0, 0x1F, 0x02, 0xC3,
    0xC0, 0xFD, 0x0F, 0x0B, 0xFE, 0x3F, 0xF8, 0x0B, 0xE0, 0x3F, 0x80, 0x66, 0xEB, 0xAE, 0xBA, 0xEB,
    0xAE, 0xBA, 0xEB, 0xAE, 0xBA, 0xEB, 0xAE, 0xBA, 0xEB, 0x80, 0x01, 0x90, 0x00, 0xB8, 0x00, 0x2E,
    0x00, 0x0B, 0x80, 0x02, 0xE3, 0x80, 0xBB, 0xC0, 0x2F, 0xD0, 0x0B, 0xF0, 0x02, 0xF0, 0x00, 0xB8,
    0x00, 0x3E, 0x00, 0x1F, 0x80, 0x0F, 0xE0, 0x0B, 0xF8, 0x07, 0x6E, 0x01, 0x4B, 0x80, 0x02, 0xE0,
    0x00, 0xB8, 0x00, 0x2E, 0x00, 0x28, 0x0A, 0x0F, 0x03, 0xC3, 0xC0, 0xF0, 0xF0, 0x3C, 0x3C, 0x0F,
    0x0F, 0x03, 0xC3, 0xC0, 0xF0, 0xF0, 0x3C, 0x3C, 0x0F, 0x0F, 0x03, 0xC3, 0xC0, 0xF0, 0xF0, 0x3C,
    0x3C, 0x0F, 0x0F, 0x03, 0xC3, 0xC0, 0xF0, 0xF0, 0x3C, 0x3C, 0x0F, 0x0F, 0x03, 0xC3, 0xC0, 0xF0,
    0x00, 0x2A, 0x00, 0x00, 0x1F, 0xD0, 0x00, 0x0B, 0xF8, 0x00, 0x03, 0xDF, 0x00, 0x01, 0xF3, 0xD0,
    0x00, 0xF4, 0xBC, 0x00, 0x3C, 0x0F, 0x00, 0x2E, 0x03, 0xE0, 0x0F, 0x40, 0x7C, 0x07, 0xC0, 0x0F,
    0x02, 0xE0, 0x02, 0xE0, 0xF4, 0x00, 0x7C, 0x7C, 0x00, 0x0F, 0x40, 0x24, 0x00, 0x06, 0x0F, 0x00,
    0x03, 0xC3, 0xE0, 0x01, 0xF0, 0x7C, 0x00, 0xF4, 0x0F, 0x40, 0x3C, 0x02, 0xE0, 0x2E, 0x00, 0x7C,
    0x0F, 0x40, 0x0F, 0x47, 0xC0, 0x02, 0xE2, 0xE0, 0x00, 0x7C, 0xF4, 0x00, 0x0F, 0xBC, 0x00, 0x02,
    0xFE, 0x00, 0x00, 0x3F, 0x00, 0x00, 0x06, 0xFF, 0xE4, 0x0B, 0xFF, 0xFF, 0x87, 0xE0, 0x02, 0xF6,
    0xF0, 0x00, 0x3E, 0xF4, 0x00, 0x07, 0xFD, 0x00, 0x01, 0xFF, 0x40, 0x00, 0x7F, 0xD0, 0x00, 0x1F,
    0xF4, 0x00, 0x07, 0xFD, 0x00, 0x01, 0xFF, 0x40, 0x00, 0x7F, 0xD0, 0x00, 0x1F, 0xF4, 0x00, 0x07,
    0xFD, 0x00, 0x01, 0xFF, 0x40, 0x00, 0x7F, 0xD0, 0x00, 0x1F, 0xF4, 0x00, 0x07, 0xFD, 0x00, 0x01,
    0xF0, 0x60, 0x00, 0x02, 0x7D, 0x00, 0x01, 0xFF, 0x40, 0x00, 0x7F, 0xD0, 0x00, 0x1F, 0xF4, 0x00,
    0x07, 0xFD, 0x00, 0x01, 0xFF, 0x40, 0x00, 0x7F, 0xD0, 0x00, 0x1F, 0xF4, 0x00, 0x07, 0xFD, 0x00,
    0x01, 0xFF, 0x40, 0x00, 0x7F, 0xD0, 0x00, 0x1F, 0xF4, 0x00, 0x07, 0xFD, 0x00, 0x01, 0xFF, 0x40,
    0x00, 0x7E, 0xF0, 0x00, 0x3E, 0x3E, 0x00, 0x2F, 0x07, 0xFF, 0xFF, 0x40, 0x6F, 0xFE, 0x40, 0x00,
    0x02, 0xFF, 0xD0, 0x00, 0xFF, 0xFD, 0x00, 0x1F, 0x40, 0x00, 0x01, 0xF0, 0x00, 0x00, 0x2F, 0x00,
    0x00, 0x02, 0xF0, 0x00, 0x00, 0x2F, 0x00, 0x00, 0x02, 0xF0, 0x00, 0x00, 0x2F, 0x00, 0x00, 0x02,
    0xF0, 0x00, 0x00, 0x2F, 0x00, 0x00, 0x02, 0xF0, 0x00, 0x00, 0x2F, 0x00, 0x00, 0x02, 0xF0, 0x00,
    0x00, 0x2F, 0x00, 0x00, 0x02, 0xF0, 0x00, 0x00, 0x2F, 0x00, 0x00, 0x02, 0xF0, 0x00, 0x00, 0x2E,
    0x00, 0x00, 0x03, 0xE0, 0x00, 0x00, 0xBC, 0x00, 0x0F, 0xFF, 0x40, 0x00, 0xFF, 0x90, 0x00, 0x00,
    0x00, 0x00, 0x00, 0x00, 0x00, 0x3F, 0x00, 0x00, 0x00, 0xFC, 0x00, 0x00, 0x02, 0xE0, 0x00, 0x00,
    0x00, 0x00, 0x00, 0x00, 0x00, 0x00, 0x00, 0x00, 0x00, 0x00, 0x00, 0x00, 0x00, 0x00, 0x00, 0x00,
    0x00, 0x00, 0x00, 0x00, 0x00, 0x00, 0x00, 0x00, 0x00, 0x00, 0x00, 0x00, 0x00, 0x3F, 0x00, 0x03,
    0xF0, 0xFC, 0x00, 0x0F, 0xC2, 0xE0, 0x00, 0x2E, 0x00, 0x00, 0x00, 0x00, 0x00, 0xFC, 0x00, 0x0F,
    0xC3, 0xF0, 0x00, 0x3F, 0x0B, 0x80, 0x00, 0xB8, 0x00, 0x00, 0x00, 0x00, 0x00, 0x00, 0x00, 0x00,
    0x00, 0x00, 0x00, 0x00, 0x00, 0x00, 0x00, 0x00, 0x00, 0x00, 0x00, 0x00, 0x00, 0x00, 0x00, 0x00,
    0x00, 0x00, 0x00, 0x00, 0x00, 0x00, 0x00, 0x0F, 0xC0, 0x00, 0x00, 0x3F, 0x00, 0x00, 0x00, 0xB8,
    0x00, 0x00, 0x3F, 0x1F, 0xD7, 0xF4, 0xFC, 0x00, 0x00, 0x00, 0x00, 0x00, 0x00, 0x00, 0x03, 0xF1,
    0xFD, 0x7F, 0x4F, 0xC0, 0x3E, 0x00, 0x2E, 0x2F, 0xD0, 0x1F, 0xDB, 0xF4, 0x07, 0xF4, 0xF8, 0x00,
    0xBC, 0x00, 0x00, 0x00, 0x00, 0x00, 0x00, 0x00, 0x00, 0x00, 0x00, 0x00, 0x00, 0x00, 0x00, 0x00,
    0x00, 0x0F, 0x80, 0x0B, 0xCB, 0xF4, 0x07, 0xF6, 0xFD, 0x01, 0xFD, 0x3E, 0x00, 0x2E, 0x00, 0x00,
    0x00, 0x00, 0xFC, 0x00, 0xBF, 0x80, 0x1F, 0xD0, 0x02, 0xE0, 0x00, 0x00, 0x00, 0x00, 0x02, 0xFF,
    0xFE, 0xBF, 0xFF, 0x80, 0x00, 0x00, 0x01, 0xF4, 0x00, 0x00, 0x0F, 0xF0, 0x00, 0x00, 0x3F, 0xC0,
    0x00, 0x00, 0x7D, 0xFF, 0xFF, 0xC0, 0x03, 0xFF, 0xFF, 0x00, 0x00, 0x00, 0x00, 0x00, 0x00, 0x00,
    0x00, 0x7D, 0x00, 0x00, 0x03, 0xFC, 0x00, 0x00, 0x0F, 0xF0, 0x00, 0x00, 0x1F, 0x40, 0x0B, 0xE0,
    0x0F, 0x4B, 0xFF, 0x03, 0xC3, 0xC3, 0xF0, 0xF0, 0xF0, 0x3F, 0xF8, 0x7C, 0x02, 0xF8, 0x00, 0x06,
    0xE0, 0x06, 0x40, 0x7F, 0xF4, 0x1F, 0x43, 0xD1, 0xF0, 0x1F, 0x0F, 0x03, 0xD0, 0x3C, 0x3C, 0x07,
    0x80, 0xF0, 0xF0, 0x0F, 0x43, 0xC1, 0xF4, 0x1F, 0xFD, 0x02, 0xD0, 0x1F, 0xE0, 0x0B, 0xE0, 0x0F,
    0x0F, 0xFF, 0x03, 0xC3, 0xC3, 0xF0, 0xF0, 0xF0, 0x3F, 0xFC, 0x3C, 0x02, 0xF8, 0x00, 0x00, 0x00,
    0x00, 0x00, 0x00, 0x00, 0x00, 0x00, 0x00, 0x7F, 0xFF, 0xFF, 0x5F, 0xFF, 0xFF, 0xD0, 0x0B, 0xE0,
    0x0B, 0x0B, 0xFF, 0x03, 0xC3, 0xC3, 0xF0, 0xF0, 0xF0, 0x3F, 0xFC, 0x3C, 0x02, 0xF8, 0x00, 0x00,
    0x00, 0x00, 0x00, 0x00, 0x00, 0x00, 0x00, 0x00, 0x7F, 0xFF, 0xFF, 0x4F, 0xFF, 0xFF, 0xC0, 0x00,
    0x00, 0x00, 0x00, 0x00, 0x00, 0x00, 0x00, 0x00, 0x0F, 0xFF, 0xFF, 0xC7, 0xFF, 0xFF, 0xF4, 0x00,
    0x00, 0x14, 0x00, 0x00, 0x0E, 0x00, 0x00, 0x07, 0x40, 0x2F, 0x82, 0xEC, 0x2F, 0xFC, 0xEF, 0x0F,
    0x0F, 0xF7, 0xC3, 0xC0, 0xFF, 0xF0, 0xF0, 0x0F, 0xE0, 0x00, 0x07, 0x00, 0x00, 0x02, 0xC0, 0x00,
    0x00, 0xE0, 0x01, 0xFF, 0xFF, 0xFD, 0x3F, 0xFF, 0xFF, 0x00, 0x0E, 0x00, 0x00, 0x07, 0x40, 0x00,
    0x02, 0xC0, 0x00, 0x3F, 0xFF, 0xFF, 0x1F, 0xFF, 0xFF, 0xD0, 0x2C, 0x00, 0x00, 0x0E, 0x00, 0x00,
    0x07, 0x00, 0x00, 0x02, 0xC0, 0x00, 0x00, 0x50, 0x00, 0x00, 0x0B, 0xE0, 0x0F, 0x4B, 0xFF, 0x03,
    0xC3, 0xC3, 0xF0, 0xF0, 0xF0, 0x3F, 0xF8, 0x7C, 0x02, 0xF8, 0x00, 0x00, 0x00, 0x00, 0x00, 0x00,
    0x00, 0x2F, 0x80, 0x3D, 0x2F, 0xFC, 0x0F, 0x0F, 0x0F, 0xC3, 0xC3, 0xC0, 0xFF, 0xE1, 0xF0, 0x0B,
    0xE0, 0x00, 0x00, 0x2C, 0x00, 0x00, 0x0D, 0x00, 0x00, 0x07, 0x00, 0x00, 0x03, 0xC0, 0x00, 0x00,
    0xD0, 0x00, 0x00, 0x70, 0x00, 0xBE, 0x3C, 0xF0, 0xFF, 0xFD, 0x3C, 0x3C, 0x2F, 0x0F, 0x0F, 0x03,
    0xFF, 0x83, 0x80, 0xEF, 0x80, 0x00, 0xB0, 0x00, 0x0B, 0xF8, 0x0F, 0x0F, 0xFF, 0x03, 0xC3, 0xCB,
    0xF0, 0xF0, 0xF3, 0xBF, 0xFC, 0x3D, 0xC2, 0xF8, 0x00, 0xB0, 0x00, 0x00, 0x34, 0x00, 0x00, 0x1C,
    0x00, 0x00, 0x0E, 0x00, 0x00, 0x00, 0x0B, 0xE0, 0x0B, 0x4F, 0xFF, 0x43, 0xC3, 0xC2, 0xFF, 0xF1,
    0xE0, 0x0B, 0xE0, 0x00, 0x00, 0x00, 0x00, 0x00, 0x00, 0x00, 0xBE, 0x00, 0xB4, 0xFF, 0xF8, 0x3C,
    0x3C, 0x1F, 0xFF, 0x1E, 0x00, 0xBE, 0x00, 0x00, 0x00, 0x00, 0x2F, 0x80, 0x2D, 0x3F, 0xFD, 0x0F,
    0x0F, 0x0B, 0xFF, 0xC7, 0x80, 0x2F, 0x80, 0x60, 0x00, 0x02, 0x7E, 0x00, 0x02, 0xF7, 0xD0, 0x01,
    0xF4, 0xBF, 0xFF, 0xF8, 0x07, 0xFF, 0xF4, 0x00, 0x00, 0x00, 0x00, 0x00, 0x00, 0x00, 0x2F, 0xFF,
    0xD0, 0x3F, 0xFF, 0xFF, 0x2F, 0x40, 0x07, 0xEF, 0x40, 0x00, 0x7C, 0x7D, 0x00, 0x00, 0x03, 0xFC,
    0x00, 0x00, 0x0F, 0xF0, 0xFF, 0xFF, 0xEF, 0x83, 0xFF, 0xFF, 0x00, 0x00, 0x00, 0x00, 0x00, 0x00,
    0x00, 0x00, 0x00, 0x00, 0x00, 0x00, 0x00, 0x00, 0x00, 0xBE, 0x0F, 0xFF, 0xFF, 0xFC, 0x3F, 0xFF,
    0xFF, 0xF0, 0x00, 0x00, 0x1F, 0x40, 0x00, 0x00, 0x01, 0xFD, 0x00, 0x0F, 0xFC, 0x00, 0x70, 0x34,
    0x01, 0xD1, 0xD0, 0x03, 0xFF, 0x00, 0x02, 0xE0, 0x00, 0x00, 0x00, 0x00, 0x00, 0x00, 0x00, 0x00,
    0x03, 0xFF, 0xFF, 0xFF, 0xFF, 0xFF, 0xC0, 0x00, 0x00, 0x00, 0x00, 0x00, 0x00, 0x00, 0x0F, 0xFF,
    0xFF, 0xFF, 0xFF, 0xFF, 0x03, 0xFE, 0x00, 0x0F, 0xFF, 0x00, 0x00, 0x2C, 0x00, 0x00, 0xB0, 0x00,
    0xBF, 0x00, 0x02, 0xC0, 0x00, 0x00, 0x00, 0x00, 0x28, 0x00, 0x00, 0xB0, 0x00, 0x00, 0x00, 0x00,
    0x00, 0x00, 0x3F, 0xFF, 0xFF, 0xFF, 0xFF, 0xFC, 0x00, 0x00, 0x00, 0x00, 0x00, 0x00, 0x00, 0x00,
    0xFF, 0xFF, 0xFF, 0xFF, 0xFF, 0xF0, 0x00, 0x00, 0x50, 0x00, 0x03, 0x80, 0x00, 0x1D, 0x00, 0x00,
    0xB0, 0x00, 0x03, 0x80, 0x00, 0x1D, 0x00, 0x00, 0xB0, 0x00, 0x03, 0x80, 0xFF, 0xFF, 0xFF, 0xFF,
    0xFF, 0xF0, 0x03, 0x80, 0x00, 0x1C, 0x00, 0x00, 0xB0, 0x00, 0x03, 0x80, 0x0F, 0xFF, 0xFF, 0xFF,
    0xFF, 0xFF, 0x03, 0x40, 0x00, 0x2C, 0x00, 0x00, 0xE0, 0x00, 0x07, 0x40, 0x00, 0x2C, 0x00, 0x00,
    0x50, 0x00, 0x00, 0xFF, 0xFF, 0xFF, 0xFF, 0xFF, 0xF0, 0x00, 0x00, 0x00, 0x00, 0x00, 0x00, 0x00,
    0x00, 0x00, 0x00, 0x0F, 0xFF, 0xFF, 0xFF, 0xFF, 0xFF, 0x00, 0x00, 0x00, 0x00, 0x00, 0x00, 0x00,
    0x00, 0x3F, 0xFF, 0xFF, 0xFF, 0xFF, 0xFC, 0x00, 0x00, 0x80, 0x00, 0x07, 0x00, 0x00, 0x2C, 0x00,
    0x00, 0xE0, 0xFF, 0xFF, 0xFF, 0xFF, 0xFF, 0xF0, 0x00, 0xE0, 0x00, 0x07, 0x40, 0x00, 0x2C, 0x00,
    0x00, 0xE0, 0x0F, 0xFF, 0xFF, 0xFF, 0xFF, 0xFF, 0x00, 0xE0, 0x00, 0x03, 0x40, 0x00, 0x2C, 0x00,
    0x3F, 0xFF, 0xFF, 0xFF, 0xFF, 0xFC, 0x2C, 0x00, 0x00, 0xE0, 0x00, 0x03, 0x40, 0x00, 0x04, 0x00,
    0x00, 0x00, 0x00, 0x03, 0xFF, 0xFF, 0xFF, 0xFF, 0xFF, 0xC0, 0x00, 0x00, 0x00, 0x00, 0x03, 0xFF,
    0xFF, 0xFF, 0xFF, 0xFF, 0xC0, 0x00, 0x00, 0x00, 0x00, 0x03, 0xFF, 0xFF, 0xFF, 0xFF, 0xFF, 0xC0,
    0x00, 0x00, 0xFF, 0xFF, 0xFF, 0xFF, 0xFF, 0xF0, 0x00, 0x00, 0x18, 0x00, 0x07, 0xF0, 0x01, 0xFF,
    0x40, 0x7F, 0xD0, 0x1F, 0xF4, 0x02, 0xFD, 0x00, 0x0F, 0x40, 0x00, 0x3F, 0x80, 0x00, 0x2F, 0xE0,
    0x00, 0x0B, 0xF8, 0x00, 0x02, 0xFE, 0x00, 0x00, 0xBF, 0x00, 0x00, 0x2C, 0x00, 0x00, 0x00, 0x00,
    0x00, 0x00, 0x00, 0x00, 0xFF, 0xFF, 0xFF, 0xFF, 0xFF, 0xF0, 0x90, 0x00, 0x03, 0xF4, 0x00, 0x07,
    0xFD, 0x00, 0x01, 0xFF, 0x40, 0x00, 0x7F, 0xD0, 0x00, 0x1F, 0xE0, 0x00, 0x07, 0xC0, 0x00, 0xBF,
    0x00, 0x2F, 0xE0, 0x0B, 0xF8, 0x02, 0xFE, 0x00, 0x3F, 0x80, 0x00, 0xE0, 0x00, 0x00, 0x00, 0x00,
    0x00, 0x00, 0x00, 0x00, 0x00, 0x00, 0xFF, 0xFF, 0xFF, 0xFF, 0xFF, 0xF0, 0x00, 0x01, 0x00, 0x08,
    0x00, 0x2D, 0x00, 0xF0, 0x07, 0xF0, 0x2F, 0x80, 0xBD, 0x03, 0xF4, 0x1F, 0xC0, 0x7E, 0x02, 0xF8,
    0x0F, 0xD0, 0x0F, 0x00, 0x78, 0x00, 0x3E, 0x00, 0xF8, 0x00, 0x2F, 0x40, 0xFC, 0x00, 0x1F, 0x80,
    0xBD, 0x00, 0x0F, 0xC0, 0x7F, 0x00, 0x07, 0xC0, 0x2F, 0x00, 0x03, 0x40, 0x1C, 0x00, 0x00, 0x00,
    0x00, 0x80, 0x01, 0x00, 0x03, 0xC0, 0x1E, 0x00, 0x0B, 0xE0, 0x3F, 0x40, 0x07, 0xF0, 0x1F, 0x80,
    0x02, 0xF4, 0x0F, 0xD0, 0x01, 0xFC, 0x0B, 0xE0, 0x00, 0xB4, 0x03, 0xC0, 0x0B, 0xC0, 0x3F, 0x00,
    0xFC, 0x07, 0xE0, 0x1F, 0x80, 0xBD, 0x03, 0xF4, 0x0F, 0xC0, 0x3E, 0x00, 0xF4, 0x00, 0xD0, 0x07,
    0x00, 0x00, 0x00, 0x00, 0x00, 0x00, 0x00, 0x00, 0x0F, 0x46, 0xC0, 0x7F, 0x40, 0x1E, 0xE0, 0x0E,
    0x0D, 0x07, 0x02, 0x83, 0x80, 0x30, 0xD0, 0x0C, 0x30, 0x03, 0x4C, 0x00, 0xD3, 0x40, 0x30, 0xD0,
    0x0C, 0x2C, 0x07, 0x03, 0x43, 0x40, 0x77, 0x80, 0x0F, 0xC0, 0x2E, 0x6F, 0x00, 0x00, 0x00, 0x00,
    0x00, 0x20, 0x00, 0x00, 0x2C, 0x00, 0x00, 0x0F, 0x01, 0x80, 0x07, 0x49, 0xF8, 0x02, 0xCB, 0xDF,
    0x40, 0xF7, 0xD2, 0xFF, 0xFF, 0xE0, 0x1F, 0xFF, 0xD0, 0x00, 0x0E, 0x00, 0x00, 0x0B, 0x00, 0x00,
    0x7F, 0xFF, 0x40, 0xFF, 0xFF, 0xFC, 0xBD, 0xF0, 0x1F, 0xBE, 0x38, 0x02, 0xF0, 0x1D, 0x00, 0x00,
    0x0F, 0x00, 0x00, 0x03, 0x80, 0x00, 0x00, 0x00, 0x01, 0xD0, 0x00, 0x0B, 0x00, 0x00, 0x38, 0x00,
    0x01, 0xD1, 0x00, 0x0B, 0x7C, 0x00, 0x3F, 0xE0, 0x07, 0xF8, 0x01, 0xFF, 0x00, 0x7F, 0xB8, 0x03,
    0xE1, 0xC0, 0x0F, 0x8B, 0x00, 0x1F, 0xF8, 0x00, 0x07, 0xFD, 0x00, 0x0B, 0xFF, 0x40, 0x34, 0x7F,
    0x81, 0xC0, 0x1F, 0x0F, 0x00, 0x04, 0x34, 0x00, 0x01, 0xC0, 0x00, 0x0F, 0x00, 0x00, 0x00, 0x01,
    0xD0, 0x00, 0x0B, 0x00, 0x00, 0x38, 0x10, 0x01, 0xD0, 0xF4, 0x0B, 0x02, 0xFD, 0x38, 0x01, 0xFF,
    0xD0, 0x00, 0x7F, 0xD0, 0x00, 0x3F, 0xF4, 0x01, 0xC6, 0xF0, 0x0B, 0x0B, 0xC0, 0x3A, 0xFD, 0x01,
    0xFF, 0x40, 0x2F, 0xD0, 0x0B, 0xF8, 0x00, 0x3F, 0xC0, 0x00, 0x4F, 0x00, 0x00, 0x34, 0x00, 0x01,
    0xC0, 0x00, 0x0F, 0x00, 0x00, 0x00, 0x00, 0x50, 0x00, 0x03, 0x80, 0x00, 0x0E, 0x80, 0x00, 0xBF,
    0x00, 0x1F, 0xF4, 0x07, 0xFD, 0x01, 0xFF, 0xF0, 0x2F, 0xD3, 0x80, 0xF4, 0x0D, 0x03, 0xF8, 0xB0,
    0x02, 0xFF, 0x80, 0x00, 0xBF, 0x80, 0x00, 0xBF, 0xE0, 0x03, 0x8B, 0xF0, 0x1D, 0x02, 0xC0, 0xB0,
    0x00, 0x03, 0x80, 0x00, 0x1D, 0x00, 0x0F, 0xFF, 0xFF, 0xFF, 0xFF, 0xFF, 0x1D, 0x00, 0x00, 0xB0,
    0x00, 0x01, 0x40, 0x00, 0x00, 0x00, 0x00, 0x50, 0x00, 0x03, 0x89, 0x00, 0x0D, 0x3F, 0x40, 0xB0,
    0x7F, 0xD3, 0x80, 0x1F, 0xFD, 0x00, 0x07, 0xFD, 0x00, 0x03, 0xFF, 0x00, 0x1D, 0x7C, 0x00, 0xBB,
    0xF0, 0x03, 0xFE, 0x00, 0xBF, 0x80, 0x2F, 0xF0, 0x03, 0xFB, 0x80, 0x0E, 0x0D, 0x00, 0x00, 0xB0,
    0x00, 0x03, 0x80, 0x00, 0x1D, 0x00, 0x0F, 0xFF, 0xFF, 0xFF, 0xFF, 0xFF, 0x1D, 0x00, 0x00, 0xB0,
    0x00, 0x01, 0x40, 0x00, 0x00, 0x00, 0x00, 0x00, 0x00, 0x00, 0x02, 0xC0, 0x00, 0x0B, 0xF0, 0x00,
    0x2F, 0xE0, 0x00, 0xBF, 0x80, 0x02, 0xFE, 0x00, 0x03, 0xF8, 0x00, 0x00, 0xF4, 0x00, 0x00, 0x2F,
    0xD0, 0x00, 0x01, 0xFF, 0x40, 0x00, 0x07, 0xFD, 0x00, 0x00, 0x1F, 0xF4, 0x00, 0x00, 0x7F, 0x00,
    0x00, 0x01, 0x80, 0x00, 0x00, 0x00, 0x2F, 0x80, 0x2D, 0x2F, 0xFE, 0x0F, 0x0F, 0x0B, 0xFF, 0xC7,
    0xC0, 0x2F, 0x80, 0x00, 0x00, 0x03, 0x40, 0x00, 0x0F, 0xD0, 0x00, 0x1F, 0xF4, 0x00, 0x07, 0xFD,
    0x00, 0x01, 0xFF, 0x40, 0x00, 0x7F, 0xC0, 0x00, 0x1F, 0x00, 0x02, 0xFC, 0x00, 0xBF, 0x40, 0x2F,
    0xD0, 0x0B, 0xF4, 0x00, 0xFD, 0x00, 0x03, 0x40, 0x00, 0x00, 0x00, 0x00, 0x06, 0xE0, 0x0E, 0x7F,
    0xF4, 0x7F, 0xD1, 0xFF, 0xEF, 0x00, 0xFE, 0x00, 0x00, 0x00, 0x1F, 0x00, 0x00, 0x3E, 0x00, 0x00,
    0x7C, 0x00, 0x02, 0xF4, 0x00, 0x6F, 0xD0, 0xBF, 0xFE, 0x00, 0xBF, 0xE0, 0x00, 0xBF, 0xFE, 0x00,
    0x01, 0xBF, 0xD0, 0x00, 0x07, 0xF4, 0x00, 0x00, 0xFC, 0x00, 0x00, 0x3D, 0x00, 0x00, 0x1F, 0x00,
    0x00, 0x05, 0xF4, 0x00, 0x00, 0xBC, 0x00, 0x00, 0x3E, 0x00, 0x00, 0x1F, 0x80, 0x00, 0x07, 0xF9,
    0x00, 0x00, 0xBF, 0xFE, 0x00, 0x0B, 0xFE, 0x00, 0xBF, 0xFE, 0x07, 0xFE, 0x40, 0x1F, 0xD0, 0x00,
    0x3F, 0x00, 0x00, 0x7C, 0x00, 0x00, 0xF8, 0x00, 0x00, 0x50, 0x00, 0x00, 0x00, 0x00, 0x1F, 0x00,
    0x00, 0x2E, 0x00, 0x00, 0x7C, 0x00, 0x01, 0xF8, 0x00, 0x1F, 0xE0, 0x6B, 0xFF, 0x40, 0xBF, 0xE0,
    0x00, 0xBF, 0xFD, 0x00, 0x01, 0xBF, 0xC0, 0x00, 0x07, 0xF0, 0x00, 0x00, 0xFC, 0x00, 0x00, 0x3D,
    0x00, 0x00, 0x2F, 0x00, 0x00, 0x09, 0x00, 0x00, 0x00, 0x00, 0x00, 0x00, 0xBF, 0xFF, 0xFF, 0xBF,
    0xFF, 0xFF, 0x00, 0xBF, 0xFF, 0xF4, 0x1F, 0xFF, 0xFF, 0xD1, 0xF8, 0x00, 0x00, 0x0F, 0x80, 0x00,
    0x00, 0x3D, 0x00, 0x00, 0x00, 0xF0, 0x00, 0x00, 0x03, 0xC0, 0x00, 0x00, 0x0F, 0x40, 0x00, 0x00,
    0x3E, 0x00, 0x00, 0x00, 0x7E, 0x00, 0x00, 0x00, 0x7F, 0xFF, 0xFF, 0x40, 0x2F, 0xFF, 0xFD, 0x7F,
    0xFF, 0xF8, 0x01, 0xFF, 0xFF, 0xFD, 0x00, 0x00, 0x00, 0xBD, 0x00, 0x00, 0x00, 0xBC, 0x00, 0x00,
    0x01, 0xF0, 0x00, 0x00, 0x03, 0xC0, 0x00, 0x00, 0x0F, 0x00, 0x00, 0x00, 0x7C, 0x00, 0x00, 0x02,
    0xF0, 0x00, 0x00, 0x2F, 0x47, 0xFF, 0xFF, 0xF4, 0x1F, 0xFF, 0xFE, 0x00, 0x00, 0x00, 0x05, 0x00,
    0x00, 0x00, 0x38, 0x00, 0x00, 0x01, 0xD0, 0x00, 0x00, 0x0B, 0x00, 0x00, 0x00, 0x38, 0x00, 0x02,
    0xFF, 0xFF, 0xD0, 0x7F, 0xFF, 0xFF, 0x47, 0xE0, 0x38, 0x00, 0x3E, 0x01, 0xC0, 0x00, 0xF4, 0x0F,
    0x00, 0x03, 0xC0, 0x34, 0x00, 0x0F, 0x01, 0xC0, 0x00, 0x3D, 0x0F, 0x00, 0x00, 0xF8, 0x34, 0x00,
    0x01, 0xFA, 0xC0, 0x00, 0x01, 0xFF, 0xFF, 0xFD, 0x00, 0xBF, 0xFF, 0xF4, 0x02, 0xC0, 0x00, 0x00,
    0x0E, 0x00, 0x00, 0x00, 0x74, 0x00, 0x00, 0x02, 0xC0, 0x00, 0x00, 0x05, 0x00, 0x00, 0x00, 0x00,
    0x00, 0x05, 0x00, 0x00, 0x00, 0x38, 0x00, 0x00, 0x01, 0xD0, 0x00, 0x00, 0x0B, 0x00, 0x00, 0x00,
    0x38, 0x01, 0xFF, 0xFF, 0xE0, 0x07, 0xFF, 0xFF, 0xF4, 0x00, 0x00, 0x3A, 0xF4, 0x00, 0x01, 0xC2,
    0xF0, 0x00, 0x0F, 0x07, 0xC0, 0x00, 0x34, 0x0F, 0x00, 0x01, 0xC0, 0x3C, 0x00, 0x0F, 0x01, 0xF0,
    0x00, 0x34, 0x0B, 0xC0, 0x02, 0xC0, 0xBD, 0x1F, 0xFF, 0xFF, 0xD0, 0x7F, 0xFF, 0xF8, 0x00, 0x02,
    0xC0, 0x00, 0x00, 0x0E, 0x00, 0x00, 0x00, 0x74, 0x00, 0x00, 0x02, 0xC0, 0x00, 0x00, 0x05, 0x00,
    0x00, 0x00, 0x00, 0xBF, 0xFF, 0xF4, 0x1F, 0xFF, 0xFF, 0xD1, 0xF8, 0x00, 0x00, 0x0F, 0x80, 0x00,
    0x00, 0x3D, 0x00, 0x00, 0x00, 0xF0, 0x00, 0x00, 0x03, 0xC0, 0x00, 0x00, 0x0F, 0x40, 0x00, 0x00,
    0x3E, 0x00, 0x00, 0x00, 0x7E, 0x00, 0x00, 0x00, 0x7F, 0xFF, 0xFF, 0x40, 0x2F, 0xFF, 0xFD, 0x00,
    0x00, 0x00, 0x00, 0x00, 0x00, 0x00, 0x00, 0x00, 0x00, 0x00, 0x0F, 0xFF, 0xFF, 0xFD, 0x3F, 0xFF,
    0xFF, 0xF4, 0x7F, 0xFF, 0xF8, 0x01, 0xFF, 0xFF, 0xFD, 0x00, 0x00, 0x00, 0xBD, 0x00, 0x00, 0x00,
    0xBC, 0x00, 0x00, 0x01, 0xF0, 0x00, 0x00, 0x03, 0xC0, 0x00, 0x00, 0x0F, 0x00, 0x00, 0x00, 0x7C,
    0x00, 0x00, 0x02, 0xF0, 0x00, 0x00, 0x2F, 0x47, 0xFF, 0xFF, 0xF4, 0x1F, 0xFF, 0xFE, 0x00, 0x00,
    0x00, 0x00, 0x00, 0x00, 0x00, 0x00, 0x00, 0x00, 0x00, 0x00, 0x1F, 0xFF, 0xFF, 0xFC, 0x7F, 0xFF,
    0xFF, 0xF0, 0x00, 0x00, 0x03, 0x80, 0x00, 0x00, 0x1D, 0x00, 0x00, 0x00, 0xB0, 0x00, 0x00, 0x03,
    0x80, 0x00, 0xBF, 0xFF, 0xF4, 0x1F, 0xFF, 0xFF, 0xD1, 0xF8, 0x03, 0x80, 0x0F, 0x80, 0x1D, 0x00,
    0x3D, 0x00, 0xF0, 0x00, 0xF0, 0x03, 0x80, 0x03, 0xC0, 0x2C, 0x00, 0x0F, 0x40, 0xF0, 0x00, 0x3E,
    0x07, 0x40, 0x00, 0x7E, 0x2C, 0x00, 0x00, 0xBF, 0xFF, 0xFF, 0x40, 0x2F, 0xFF, 0xFD, 0x00, 0x3C,
    0x00, 0x00, 0x00, 0xE0, 0x00, 0x00, 0x0B, 0x40, 0x00, 0x0F, 0xFF, 0xFF, 0xFD, 0x3F, 0xFF, 0xFF,
    0xF4, 0x0B, 0x00, 0x00, 0x00, 0x38, 0x00, 0x00, 0x00, 0x40, 0x00, 0x00, 0x00, 0x00, 0x03, 0x80,
    0x00, 0x00, 0x1D, 0x00, 0x00, 0x00, 0xB0, 0x00, 0x00, 0x03, 0x80, 0x7F, 0xFF, 0xFD, 0x01, 0xFF,
    0xFF, 0xFD, 0x00, 0x00, 0x03, 0xFD, 0x00, 0x00, 0x1D, 0xBC, 0x00, 0x00, 0xF1, 0xF0, 0x00, 0x03,
    0x83, 0xC0, 0x00, 0x2C, 0x0F, 0x00, 0x00, 0xF0, 0x7C, 0x00, 0x07, 0x42, 0xF0, 0x00, 0x2C, 0x2F,
    0x47, 0xFF, 0xFF, 0xF4, 0x1F, 0xFF, 0xFE, 0x00, 0x00, 0x3C, 0x00, 0x00, 0x00, 0xE0, 0x00, 0x00,
    0x0B, 0x40, 0x00, 0x1F, 0xFF, 0xFF, 0xFC, 0x7F, 0xFF, 0xFF, 0xF0, 0x0B, 0x00, 0x00, 0x00, 0x38,
    0x00, 0x00, 0x00, 0x40, 0x00, 0x00, 0x20, 0x00, 0x02, 0x1C, 0x00, 0x00, 0xD7, 0x00, 0x00, 0x35,
    0xC0, 0x00, 0x0D, 0x70, 0x00, 0x03, 0x5C, 0x00, 0x00, 0xD7, 0x00, 0x00, 0x35, 0xC0, 0x00, 0x0D,
    0x70, 0x00, 0x03, 0x5C, 0x00, 0x00, 0xD7, 0x00, 0xC0, 0x35, 0xC0, 0x30, 0x0D, 0x70, 0x0C, 0x03,
    0x4C, 0xFF, 0xFC, 0xC3, 0x00, 0xC0, 0x30, 0xC0, 0x30, 0x0C, 0x28, 0x0C, 0x0A, 0x03, 0x80, 0x0B,
    0x00, 0x2F, 0xFE, 0x00, 0x3F, 0xFF, 0xFF, 0xF4, 0xFF, 0xFF, 0xFF, 0xD3, 0xD5, 0x55, 0x55, 0x0F,
    0x00, 0x00, 0x00, 0x3C, 0x00, 0x00, 0x00, 0xF0, 0x00, 0x00, 0x03, 0xC0, 0x00, 0x00, 0x0F, 0x00,
    0x00, 0x00, 0x3C, 0x00, 0x00, 0x00, 0xF5, 0x55, 0x55, 0x43, 0xFF, 0xFF, 0xFF, 0x4F, 0xFF, 0xFF,
    0xFD, 0x7F, 0xFF, 0xFF, 0xF1, 0xFF, 0xFF, 0xFF, 0xC0, 0x00, 0x00, 0x0F, 0x00, 0x00, 0x00, 0x3C,
    0x00, 0x00, 0x00, 0xF0, 0x00, 0x00, 0x03, 0xC0, 0x00, 0x00, 0x0F, 0x00, 0x00, 0x00, 0x3C, 0x00,
    0x00, 0x00, 0xF0, 0x00, 0x00, 0x03, 0xC7, 0xFF, 0xFF, 0xFF, 0x1F, 0xFF, 0xFF, 0xFC, 0x3F, 0xFF,
    0xFF, 0xF4, 0xFF, 0xFF, 0xFF, 0xD3, 0xC0, 0x00, 0x00, 0x0F, 0x00, 0x00, 0x00, 0x3C, 0x00, 0x00,
    0x00, 0xF0, 0x00, 0x00, 0x03, 0xC0, 0x00, 0x00, 0x0F, 0x00, 0x00, 0x00, 0x3C, 0x00, 0x00, 0x00,
    0xF0, 0x00, 0x00, 0x03, 0xFF, 0xFF, 0xFF, 0x4F, 0xFF, 0xFF, 0xFD, 0x00, 0x00, 0x00, 0x00, 0x00,
    0x00, 0x00, 0x00, 0x00, 0x00, 0x00, 0x0F, 0xFF, 0xFF, 0xFD, 0x3F, 0xFF, 0xFF, 0xF4, 0x7F, 0xFF,
    0xFF, 0xF1, 0xFF, 0xFF, 0xFF, 0xC0, 0x00, 0x00, 0x0F, 0x00, 0x00, 0x00, 0x3C, 0x00, 0x00, 0x00,
    0xF0, 0x00, 0x00, 0x03, 0xC0, 0x00, 0x00, 0x0F, 0x00, 0x00, 0x00, 0x3C, 0x00, 0x00, 0x00, 0xF0,
    0x00, 0x00, 0x03, 0xC7, 0xFF, 0xFF, 0xFF, 0x1F, 0xFF, 0xFF, 0xFC, 0x00, 0x00, 0x00, 0x00, 0x00,
    0x00, 0x00, 0x00, 0x00, 0x00, 0x00, 0x1F, 0xFF, 0xFF, 0xFC, 0x7F, 0xFF, 0xFF, 0xF0, 0x00, 0x00,
    0x00, 0x2F, 0xFF, 0xFF, 0xEB, 0xFF, 0xFF, 0xFA, 0xF0, 0x00, 0x3E, 0xBC, 0x00, 0x0F, 0xAF, 0x00,
    0x03, 0xEB, 0xC0, 0x00, 0xFA, 0xF0, 0x00, 0x3E, 0xBC, 0x00, 0x0F, 0xAF, 0x00, 0x03, 0xEB, 0xC0,
    0x00, 0xFA, 0xF0, 0x00, 0x3E, 0xBC, 0x00, 0x0F, 0xAF, 0x00, 0x03, 0xE1, 0x40, 0x00, 0x50, 0x64,
    0x00, 0x06, 0x6F, 0x00, 0x03, 0xEB, 0xC0, 0x00, 0xFA, 0xF0, 0x00, 0x3E, 0xBC, 0x00, 0x0F, 0xAF,
    0x00, 0x03, 0xEB, 0xC0, 0x00, 0xFA, 0xF0, 0x00, 0x3E, 0xBC, 0x00, 0x0F, 0xAF, 0x00, 0x03, 0xEB,
    0xC0, 0x00, 0xFA, 0xF0, 0x00, 0x3E, 0xBF, 0xFF, 0xFF, 0xAF, 0xFF, 0xFF, 0xE0, 0x00, 0x1B, 0xFD,
    0x00, 0x00, 0x3E, 0xFE, 0xF0, 0x00, 0x78, 0x2E, 0x0B, 0x40, 0x38, 0x0B, 0x80, 0xB0, 0x2C, 0x02,
    0xE0, 0x0E, 0x0D, 0x00, 0xB8, 0x01, 0xC3, 0x00, 0x2E, 0x00, 0x30, 0xFF, 0xFF, 0xFF, 0xFC, 0x3F,
    0xFF, 0xFF, 0xFF, 0x0C, 0x00, 0xB8, 0x00, 0xC3, 0x80, 0x2E, 0x00, 0xB0, 0x70, 0x0B, 0x80, 0x34,
    0x0B, 0x02, 0xE0, 0x38, 0x00, 0xB4, 0xB8, 0x78, 0x00, 0x07, 0xFF, 0xF4, 0x00, 0x00, 0x05, 0x40,
    0x00, 0x00, 0x1B, 0xF9, 0x00, 0x00, 0x3D, 0x45, 0xF0, 0x00, 0x78, 0x00, 0x0B, 0x40, 0x34, 0x00,
    0x00, 0x70, 0x2C, 0x00, 0x00, 0x0E, 0x0D, 0x00, 0x00, 0x01, 0xC3, 0x0B, 0xFF, 0xF8, 0x30, 0xC2,
    0xFF, 0xFE, 0x0C, 0x30, 0x00, 0x00, 0x03, 0x0D, 0x00, 0x00, 0x01, 0xC2, 0x80, 0x00, 0x00, 0xA0,
    0x34, 0x00, 0x00, 0x70, 0x07, 0x40, 0x00, 0x74, 0x00, 0x79, 0x01, 0xB4, 0x00, 0x02, 0xFF, 0xE0,
    0x00, 0x00, 0x00, 0x00, 0x00, 0x00, 0x06, 0xA4, 0x00, 0x00, 0x2F, 0xFF, 0xE0, 0x00, 0x3E, 0x40,
    0x6F, 0x00, 0x3F, 0x00, 0x03, 0xF0, 0x1F, 0xF0, 0x03, 0xED, 0x0E, 0x2F, 0x03, 0xE2, 0xC3, 0x02,
    0xF7, 0xE0, 0x70, 0xC0, 0x2F, 0xD0, 0x0C, 0x30, 0x03, 0xF0, 0x03, 0x0C, 0x07, 0xEF, 0x00, 0xC3,
    0x47, 0xD1, 0xF4, 0x70, 0xB7, 0xC0, 0x1F, 0x78, 0x0F, 0xC0, 0x01, 0xFC, 0x00, 0xF4, 0x00, 0x7C,
    0x00, 0x0F, 0xFF, 0xFC, 0x00, 0x00, 0x7F, 0xF4, 0x00, 0x00, 0x06, 0xA4, 0x00, 0x00, 0x2F, 0xFF,
    0xE0, 0x00, 0x3E, 0x40, 0x7F, 0x00, 0x3D, 0x00, 0x0E, 0xF0, 0x1D, 0x00, 0x0F, 0x1D, 0x0E, 0x00,
    0x0B, 0x02, 0xC3, 0x00, 0x07, 0x40, 0x70, 0xC0, 0x03, 0x80, 0x0C, 0x30, 0x03, 0xC0, 0x03, 0x0C,
    0x01, 0xD0, 0x00, 0xC3, 0x80, 0xE0, 0x00, 0xB0, 0xB0, 0xF0, 0x00, 0x38, 0x0F, 0xB0, 0x00, 0x3C,
    0x00, 0xF8, 0x00, 0x7C, 0x00, 0x0F, 0xFF, 0xFC, 0x00, 0x00, 0x7F, 0xF4, 0x00, 0x00, 0x1B, 0xF9,
    0x00, 0x00, 0x3D, 0x45, 0xF0, 0x00, 0x78, 0x00, 0x0B, 0x40, 0x34, 0x00, 0x00, 0x70, 0x2C, 0x00,
    0x00, 0x0E, 0x0D, 0x00, 0x00, 0x01, 0xC3, 0x00, 0x1D, 0x00, 0x30, 0xC0, 0x0F, 0xC0, 0x0C, 0x30,
    0x01, 0xD0, 0x03, 0x0D, 0x00, 0x00, 0x01, 0xC2, 0x80, 0x00, 0x00, 0xA0, 0x34, 0x00, 0x00, 0x70,
    0x07, 0x40, 0x00, 0x74, 0x00, 0x79, 0x01, 0xB4, 0x00, 0x02, 0xFF, 0xE0, 0x00, 0x00, 0x00, 0x00,
    0x00, 0x00, 0x01, 0x54, 0x00, 0x00, 0x1F, 0xFF, 0xD0, 0x00, 0x2E, 0x2E, 0x2E, 0x00, 0x2C, 0x0B,
    0x80, 0xE0, 0x1C, 0x02, 0xE0, 0x0D, 0x0F, 0xE0, 0x74, 0x2F, 0xC3, 0xFF, 0xAE, 0xBF, 0xF0, 0xC6,
    0xFF, 0xFE, 0x4C, 0x30, 0x03, 0xF0, 0x03, 0x0C, 0x03, 0xEF, 0x00, 0xC3, 0x82, 0xE2, 0xE0, 0xB0,
    0xB1, 0xF0, 0x3D, 0x38, 0x0F, 0xF4, 0x07, 0xFC, 0x01, 0xFC, 0x00, 0xFD, 0x00, 0x0F, 0xFF, 0xFC,
    0x00, 0x00, 0x7F, 0xF4, 0x00, 0x00, 0x06, 0xA4, 0x00, 0x00, 0x2F, 0xFF, 0xE0, 0x00, 0x3E, 0x40,
    0x6F, 0x00, 0x3D, 0x00, 0x01, 0xF0, 0x1C, 0x00, 0x00, 0x0D, 0x0F, 0xFF, 0xFF, 0xFF, 0xC3, 0xFF,
    0xFF, 0xFF, 0xF0, 0xC0, 0x00, 0x00, 0x0C, 0x30, 0x00, 0x00, 0x03, 0x0F, 0xFF, 0xFF, 0xFF, 0xC3,
    0xFF, 0xFF, 0xFF, 0xF0, 0xB0, 0x00, 0x00, 0x38, 0x0F, 0x00, 0x00, 0x3C, 0x00, 0xF4, 0x00, 0x7C,
    0x00, 0x0F, 0xFF, 0xFC, 0x00, 0x00, 0x7F, 0xF4, 0x00, 0x00, 0x06, 0xA4, 0x00, 0x00, 0x2F, 0xFF,
    0xE0, 0x00, 0x3E, 0x40, 0x6F, 0x00, 0x3D, 0x00, 0x01, 0xF0, 0x1D, 0x00, 0x00, 0x1D, 0x0E, 0x00,
    0x00, 0x02, 0xC3, 0x40, 0x00, 0x00, 0x70, 0xFF, 0xFF, 0xFF, 0xFC, 0x3F, 0xFF, 0xFF, 0xFF, 0x0C,
    0x00, 0x00, 0x00, 0xC3, 0x80, 0x00, 0x00, 0xB0, 0xB0, 0x00, 0x00, 0x38, 0x0F, 0x00, 0x00, 0x3C,
    0x00, 0xF4, 0x00, 0x7C, 0x00, 0x0F, 0xFF, 0xFC, 0x00, 0x00, 0x7F, 0xF4, 0x00, 0xFF, 0xFF, 0xFF,
    0xFF, 0xF0, 0x00, 0x07, 0xFF, 0xF0, 0x00, 0x7E, 0xF6, 0xF0, 0x07, 0xE7, 0xD2, 0xF4, 0x7E, 0x1F,
    0x42, 0xFB, 0xE0, 0x7D, 0x02, 0xFE, 0x01, 0xF4, 0x03, 0xF0, 0x07, 0xD0, 0x3F, 0xE0, 0x1F, 0x42,
    0xF7, 0xE0, 0x7D, 0x2F, 0x03, 0xE1, 0xF6, 0xF0, 0x03, 0xE7, 0xFF, 0x00, 0x03, 0xFF, 0xF0, 0x00,
    0x03, 0xFF, 0xFF, 0xFF, 0xFF, 0xC0, 0xFF, 0xFF, 0xFF, 0xFF, 0x40, 0x00, 0x00, 0x7D, 0x00, 0x00,
    0x01, 0xF4, 0x00, 0x00, 0x07, 0xD0, 0x00, 0x00, 0x1F, 0x40, 0x00, 0x00, 0x7D, 0x00, 0x00, 0x01,
    0xF4, 0xBF, 0xFF, 0x87, 0xD2, 0xFF, 0xFE, 0x1F, 0x40, 0x00, 0x00, 0x7D, 0x00, 0x00, 0x01, 0xF4,
    0x00, 0x00, 0x07, 0xD0, 0x00, 0x00, 0x1F, 0x40, 0x00, 0x00, 0x7F, 0xFF, 0xFF, 0xFF, 0xC0, 0x00,
    0x00, 0x00, 0xFF, 0xFF, 0xFF, 0xFF, 0x40, 0x2E, 0x00, 0x7D, 0x00, 0xB8, 0x01, 0xF4, 0x02, 0xE0,
    0x07, 0xD0, 0x0B, 0x80, 0x1F, 0x40, 0x2E, 0x00, 0x7D, 0x00, 0xB8, 0x01, 0xFF, 0xFF, 0xFF, 0xFF,
    0xFF, 0xFF, 0xFF, 0xFF, 0x40, 0x2E, 0x00, 0x7D, 0x00, 0xB8, 0x01, 0xF4, 0x02, 0xE0, 0x07, 0xD0,
    0x0B, 0x80, 0x1F, 0x40, 0x2E, 0x00, 0x7F, 0xFF, 0xFF, 0xFF, 0xC0, 0x00, 0x00, 0x00, 0xFF, 0xFF,
    0xFF, 0xFF, 0x40, 0x00, 0x00, 0x7D, 0x00, 0x00, 0x01, 0xF4, 0x00, 0x00, 0x07, 0xD0, 0x00, 0x00,
    0x1F, 0x40, 0x00, 0x00, 0x7D, 0x00, 0x74, 0x01, 0xF4, 0x03, 0xF0, 0x07, 0xD0, 0x07, 0x40, 0x1F,
    0x40, 0x00, 0x00, 0x7D, 0x00, 0x00, 0x01, 0xF4, 0x00, 0x00, 0x07, 0xD0, 0x00, 0x00, 0x1F, 0x40,
    0x00, 0x00, 0x7F, 0xFF, 0xFF, 0xFF, 0xC0, 0x00, 0x00, 0x00, 0xA0, 0x00, 0x00, 0x03, 0xD0, 0x00,
    0x00, 0x0F, 0x40, 0x00, 0x00, 0x3D, 0x00, 0x00, 0x00, 0xF4, 0x00, 0x00, 0x03, 0xD0, 0x00, 0x00,
    0x0F, 0x40, 0x00, 0x00, 0x3F, 0xFF, 0xFF, 0xFF, 0xFF, 0xFF, 0xFF, 0xFF, 0xD0, 0x00, 0x00, 0x0F,
    0x40, 0x00, 0x00, 0x3D, 0x00, 0x00, 0x00, 0xF4, 0x00, 0x00, 0x03, 0xD0, 0x00, 0x00, 0x0F, 0x40,
    0x00, 0x00, 0x14, 0x00, 0x00, 0x00, 0x00, 0x00, 0x00, 0x28, 0x00, 0x00, 0x01, 0xF0, 0x00, 0x00,
    0x07, 0xC0, 0x00, 0x00, 0x1F, 0x00, 0x00, 0x00, 0x7C, 0x00, 0x00, 0x01, 0xF0, 0x00, 0x00, 0x07,
    0xFF, 0xFF, 0xFF, 0xFF, 0xFF, 0xFF, 0xFF, 0xFC, 0x00, 0x00, 0x01, 0xF0, 0x00, 0x00, 0x07, 0xC0,
    0x00, 0x00, 0x1F, 0x00, 0x00, 0x00, 0x7C, 0x00, 0x00, 0x01, 0xF0, 0x00, 0x00, 0x07, 0xC0, 0x00,
    0x00, 0x05, 0xFF, 0xFF, 0xFF, 0xFF, 0xFF, 0xFF, 0xFF, 0xF0, 0x00, 0xB8, 0x00, 0x00, 0x02, 0xE0,
    0x00, 0x00, 0x0B, 0x80, 0x00, 0x00, 0x2E, 0x00, 0x00, 0x00, 0xB8, 0x00, 0x00, 0x02, 0xE0, 0x00,
    0x00, 0x0B, 0x80, 0x00, 0x00, 0x2E, 0x00, 0x00, 0x00, 0xB8, 0x00, 0x00, 0x02, 0xE0, 0x00, 0x00,
    0x0B, 0x80, 0x00, 0x00, 0x2E, 0x00, 0x00, 0x00, 0xB8, 0x00, 0x00, 0x00, 0x0B, 0x80, 0x00, 0x00,
    0x2E, 0x00, 0x00, 0x00, 0xB8, 0x00, 0x00, 0x02, 0xE0, 0x00, 0x00, 0x0B, 0x80, 0x00, 0x00, 0x2E,
    0x00, 0x00, 0x00, 0xB8, 0x00, 0x00, 0x02, 0xE0, 0x00, 0x00, 0x0B, 0x80, 0x00, 0x00, 0x2E, 0x00,
    0x00, 0x00, 0xB8, 0x00, 0x00, 0x02, 0xE0, 0x00, 0x00, 0x0B, 0x80, 0x03, 0xFF, 0xFF, 0xFF, 0xFF,
    0xFF, 0xFF, 0xFF, 0xC0, 0x00, 0x00, 0x18, 0x00, 0x07, 0xF0, 0x01, 0xFF, 0xC0, 0x7F, 0xDF, 0x1F,
    0xF4, 0x3E, 0xFD, 0x00, 0xFF, 0x40, 0x03, 0xFF, 0x80, 0x0F, 0x2F, 0xE0, 0x3C, 0x0B, 0xF8, 0xF0,
    0x02, 0xFF, 0xC0, 0x00, 0xBF, 0x00, 0x00, 0x2C, 0x00, 0x00, 0x00, 0x00, 0x00, 0x00, 0x00, 0x00,
    0xFF, 0xFF, 0xFF, 0xFF, 0xFF, 0xF0, 0x00, 0x00, 0x03, 0xE0, 0x00, 0x00, 0x24, 0xA7, 0xFF, 0xFF,
    0xC1, 0x80, 0x00, 0x03, 0x4A, 0x00, 0x00, 0x03, 0xE0, 0x24, 0x00, 0x06, 0x0F, 0x00, 0x03, 0xC3,
    0xE0, 0x01, 0xF0, 0x7C, 0x00, 0xF4, 0x0F, 0x40, 0x3C, 0x02, 0xE0, 0x2E, 0x00, 0x7C, 0x0F, 0x40,
    0x0F, 0x47, 0xC0, 0x02, 0xE2, 0xE0, 0x00, 0x7C, 0xF4, 0x00, 0x0F, 0xBC, 0x00, 0x02, 0xFE, 0x00,
    0x00, 0x3F, 0x00, 0x00, 0x00, 0x00, 0x00, 0x00, 0x00, 0x00, 0x00, 0x00, 0x00, 0x3F, 0xFF, 0xFF,
    0x0F, 0xFF, 0xFF, 0xC0, 0xFF, 0xFF, 0xFF, 0xFF, 0xFF, 0xFF, 0xF0, 0x00, 0x00, 0x00, 0x00, 0x00,
    0x00, 0x00, 0x2A, 0x00, 0x00, 0x1F, 0xD0, 0x00, 0x0F, 0xFC, 0x00, 0x03, 0xDF, 0x00, 0x01, 0xF3,
    0xD0, 0x00, 0xF4, 0xBC, 0x00, 0x3C, 0x0F, 0x00, 0x2E, 0x03, 0xE0, 0x0F, 0x40, 0x7C, 0x07, 0xC0,
    0x0F, 0x42, 0xE0, 0x02, 0xE0, 0xF4, 0x00, 0x7C, 0x7C, 0x00, 0x0F, 0x40, 0xFF, 0xFF, 0xFF, 0xFF,
    0xFF, 0xFF, 0xF0, 0x00, 0x00, 0x00, 0x00, 0x00, 0x00, 0x28, 0x00, 0x06, 0x0F, 0x00, 0x03, 0xC3,
    0xE0, 0x02, 0xF0, 0x7C, 0x00, 0xF4, 0x0F, 0x40, 0x3C, 0x02, 0xE0, 0x2E, 0x00, 0x7C, 0x0F, 0x40,
    0x0F, 0x47, 0xC0, 0x02, 0xE2, 0xE0, 0x00, 0x7C, 0xF4, 0x00, 0x0F, 0xBC, 0x00, 0x02, 0xFE, 0x00,
    0x00, 0x3F, 0x00, 0x00, 0x06, 0xFF, 0xE4, 0x0B, 0xFF, 0xFF, 0x87, 0xE0, 0x02, 0xF6, 0xF0, 0x00,
    0x3E, 0xF4, 0x00, 0x07, 0xFD, 0x00, 0x01, 0xFF, 0x40, 0x00, 0x7F, 0xD0, 0x00, 0x1F, 0xF4, 0x00,
    0x07, 0xFD, 0x00, 0x01, 0xFF, 0x40, 0x00, 0x7F, 0xD0, 0x00, 0x1F, 0xF4, 0x00, 0x07, 0xFD, 0x00,
    0x01, 0xFF, 0x40, 0x00, 0x7F, 0xD0, 0x00, 0x1F, 0xF4, 0x00, 0x07, 0xFD, 0x00, 0x01, 0xF0, 0x60,
    0x00, 0x02, 0x7D, 0x00, 0x01, 0xFF, 0x40, 0x00, 0x7F, 0xD0, 0x00, 0x1F, 0xF4, 0x00, 0x07, 0xFD,
    0x00, 0x01, 0xFF, 0x40, 0x00, 0x7F, 0xD0, 0x00, 0x1F, 0xF4, 0x00, 0x07, 0xFD, 0x00, 0x01, 0xFF,
    0x40, 0x00, 0x7F, 0xD0, 0x00, 0x1F, 0xF4, 0x00, 0x07, 0xFD, 0x00, 0x01, 0xFF, 0x40, 0x00, 0x7E,
    0xF0, 0x00, 0x3E, 0x3E, 0x00, 0x2F, 0x07, 0xFF, 0xFF, 0x40, 0x6F, 0xFE, 0x40, 0x00, 0x80, 0x00,
    0xFC, 0x00, 0xE2, 0xC0, 0xA0, 0x28, 0x1C, 0x0D, 0x01, 0xDD, 0x00, 0x1D, 0x00, 0x00, 0x00, 0x00,
    0x00, 0x08, 0x00, 0x30, 0x0B, 0xF8, 0x0B, 0x80, 0x37, 0x00, 0x00, 0x00, 0x00, 0x00, 0x00, 0x03,
    0x40, 0x00, 0x00, 0x7F, 0x40, 0x00, 0x07, 0xFB, 0x40, 0x00, 0x7B, 0xD7, 0x80, 0x0B, 0x5F, 0x47,
    0x80, 0xB0, 0x7D, 0x03, 0x8B, 0x01, 0xF4, 0x03, 0xF0, 0x07, 0xD0, 0x0F, 0xC0, 0x1F, 0x40, 0xE3,
    0xC0, 0x7D, 0x0E, 0x02, 0xC1, 0xF5, 0xE0, 0x02, 0xD7, 0xEE, 0x00, 0x02, 0xEF, 0xD0, 0x00, 0x01,
    0xFD, 0x00, 0x00, 0x01, 0xD0, 0x00, 0x00, 0x01, 0x00, 0x00, 0x00, 0x03, 0x40, 0x00, 0x00, 0x6F,
    0x40, 0x00, 0x07, 0x7B, 0x40, 0x00, 0x74, 0xD7, 0x80, 0x0B, 0x43, 0x47, 0x80, 0xB0, 0x0D, 0x03,
    0x8B, 0x00, 0x34, 0x03, 0xF0, 0x00, 0xD0, 0x0F, 0xC0, 0x03, 0x40, 0xE3, 0xC0, 0x0D, 0x0E, 0x02,
    0xC0, 0x35, 0xE0, 0x02, 0xD0, 0xEE, 0x00, 0x02, 0xD3, 0xD0, 0x00, 0x02, 0xDD, 0x00, 0x00, 0x01,
    0x90, 0x00, 0x00, 0x00, 0x00, 0x00, 0x00, 0x02, 0x40, 0x00, 0x00, 0x77, 0x40, 0x00, 0x07, 0xC7,
    0x80, 0x00, 0x7B, 0x07, 0x80, 0x0B, 0x5C, 0x03, 0x80, 0xB0, 0x70, 0x03, 0x8B, 0x01, 0xC0, 0x03,
    0xF0, 0x07, 0x00, 0x0F, 0xC0, 0x1C, 0x00, 0xE3, 0xC0, 0x70, 0x0E, 0x02, 0xC1, 0xC1, 0xE0, 0x02,
    0xD7, 0x1D, 0x00, 0x02, 0xED, 0xD0, 0x00, 0x01, 0xF9, 0x00, 0x00, 0x01, 0xC0, 0x00, 0x00, 0x01,
    0x64, 0x00, 0x00, 0x61, 0xFC, 0x00, 0x0F, 0xD2, 0xFC, 0x01, 0xFE, 0x00, 0xFC, 0x0F, 0x80, 0x00,
    0xF4, 0xBC, 0x00, 0x00, 0xF3, 0xC0, 0x00, 0x03, 0xDE, 0x00, 0x00, 0x07, 0xB4, 0x00, 0x00, 0x0F,
    0xC0, 0x00, 0x00, 0x3F, 0x00, 0x00, 0x00, 0xFC, 0x00, 0x00, 0x03, 0xE0, 0x00, 0x00, 0x0F, 0x80,
    0x00, 0x00, 0x3E, 0x00, 0x00, 0x00, 0x6F, 0xFF, 0xF0, 0x0F, 0xFF, 0xFF, 0xC0, 0xFD, 0x00, 0x00,
    0x0B, 0xC0, 0x00, 0x00, 0x3C, 0x07, 0xFF, 0xF0, 0xF0, 0xBF, 0xFF, 0xC3, 0xC3, 0xD0, 0x00, 0x0F,
    0x0F, 0x00, 0x00, 0x3C, 0x3C, 0x00, 0x00, 0xF0, 0xBF, 0xFF, 0xC3, 0xC0, 0xBF, 0xFF, 0x0B, 0x80,
    0x00, 0x00, 0x0F, 0x80, 0x00, 0x00, 0x1F, 0xFF, 0xFF, 0xC0, 0x0B, 0xFF, 0xFF, 0x00, 0x00, 0x00,
    0x03, 0x80, 0x00, 0x00, 0x1D, 0x00, 0x00, 0x00, 0xB0, 0x00, 0x00, 0x03, 0x80, 0x3F, 0xFF, 0xFF,
    0xF4, 0xFF, 0xFF, 0xFF, 0xD3, 0xC0, 0x03, 0x80, 0x0F, 0x00, 0x2C, 0x00, 0x3C, 0x00, 0xF0, 0x00,
    0xF0, 0x03, 0x80, 0x03, 0xC0, 0x2C, 0x00, 0x0F, 0x00, 0xF0, 0x00, 0x3C, 0x07, 0x40, 0x00, 0xF0,
    0x2C, 0x00, 0x03, 0xFF, 0xFF, 0xFF, 0x4F, 0xFF, 0xFF, 0xFD, 0x00, 0x3C, 0x00, 0x00, 0x00, 0xE0,
    0x00, 0x00, 0x0B, 0x00, 0x00, 0x0F, 0xFF, 0xFF, 0xFD, 0x3F, 0xFF, 0xFF, 0xF4, 0x0B, 0x00, 0x00,
    0x00, 0x38, 0x00, 0x00, 0x00, 0x40, 0x00, 0x00, 0x2E, 0x0F, 0xC3, 0xF0, 0xB8, 0x00, 0x00, 0x02,
    0xE0, 0xFC, 0x3F, 0x0B, 0x80, 0x00, 0x00, 0x2E, 0x0F, 0xC3, 0xF0, 0xB8, 0x2E, 0x02, 0xE0, 0x2E,
    0x0F, 0xC0, 0xFC, 0x0F, 0xC3, 0xF0, 0x3F, 0x03, 0xF0, 0xB8, 0x0B, 0x80, 0xB8, 0x00, 0x00, 0x00,
    0x2E, 0x00, 0x00, 0x00, 0x0F, 0xC0, 0x00, 0x00, 0x03, 0xF0, 0x00, 0x00, 0x00, 0xB8, 0x00, 0x00,
    0x00, 0x00, 0x00, 0x00, 0x00, 0x00, 0x00, 0x00, 0x2E, 0x00, 0x00, 0x00, 0x0F, 0xC0, 0x00, 0x00,
    0x03, 0xF0, 0x00, 0x00, 0x00, 0xB8, 0x00, 0x00, 0x00, 0x00, 0x00, 0x00, 0x00, 0x00, 0x00, 0x00,
    0x2E, 0x00, 0x00, 0x00, 0x0F, 0xC0, 0x00, 0x00, 0x03, 0xF0, 0x00, 0x00, 0x00, 0xB8, 0x00, 0x00,
    0x00, 0x2E, 0x00, 0x00, 0x00, 0x0F, 0xC0, 0x00, 0x00, 0x03, 0xF0, 0x00, 0x00, 0x00, 0xB8, 0x00,
    0x00, 0x00, 0x00, 0x00, 0x00, 0x00, 0x00, 0x00, 0x00, 0x00, 0x00, 0x00, 0x2E, 0x00, 0x00, 0x00,
    0x0F, 0xC0, 0x00, 0x00, 0x03, 0xF0, 0x00, 0x00, 0x00, 0xB8, 0x00, 0x00, 0x00, 0x00, 0x00, 0x00,
    0x00, 0x00, 0x00, 0x00, 0x00, 0x00, 0x00, 0x2E, 0x00, 0x00, 0x00, 0x0F, 0xC0, 0x00, 0x00, 0x03,
    0xF0, 0x00, 0x00, 0x00, 0xB8, 0x00, 0x02, 0xE0, 0x00, 0x00, 0x02, 0xFE, 0x00, 0x00, 0x01, 0xFF,
    0xD0, 0x00, 0x00, 0xFF, 0xFC, 0x00, 0x00, 0xFF, 0xFF, 0xC0, 0x00, 0xBF, 0x03, 0xF8, 0x00, 0xBF,
    0xC0, 0x3F, 0x80, 0x7F, 0xFF, 0x8F, 0xF4, 0x3F, 0xFF, 0xF3, 0xFF, 0x0F, 0xFF, 0xF8, 0xFF, 0xC3,
    0xFF, 0xE1, 0xFF, 0xF0, 0x7F, 0xF8, 0xFF, 0xF4, 0x0B, 0xFF, 0xFF, 0xF8, 0x00, 0xFF, 0x8F, 0xFC,
    0x00, 0x0F, 0xE7, 0xFC, 0x00, 0x00, 0xFF, 0xFC, 0x00, 0x00, 0x1F, 0xFD, 0x00, 0x00, 0x02, 0xFE,
    0x00, 0x00, 0x00, 0x2E, 0x00, 0x00,
};

static const EpdGlyph PROGMEM jetbrains_mono_12_2bGlyphs[] = {
    { 0, 0, 15, 0, 0, 0, 0 },
    { 0, 0, 15, 0, 0, 0, 0 }, //  
    { 5, 18, 15, 5, 18, 23, 0 }, // !
    { 9, 7, 15, 3, 18, 16, 23 }, // "
    { 15, 18, 15, 0, 18, 68, 39 }, // #
    { 13, 25, 15, 1, 22, 82, 107 }, // $
    { 15, 18, 15, 0, 18, 68, 189 }, // %
    { 16, 18, 15, 0, 18, 72, 257 }, // &
    { 3, 7, 15, 6, 18, 6, 329 }, // '
    { 9, 24, 15, 4, 21, 54, 335 }, // (
    { 9, 24, 15, 2, 21, 54, 389 }, // )
    { 15, 13, 15, 0, 16, 49, 443 }, // *
    { 13, 12, 15, 1, 14, 39, 492 }, // +
    { 5, 8, 15, 5, 4, 10, 531 }, // ,
    { 9, 2, 15, 3, 9, 5, 541 }, // -
    { 5, 4, 15, 5, 4, 5, 546 }, // .
    { 13, 24, 15, 1, 21, 78, 551 }, // /
    { 11, 18, 15, 2, 18, 50, 629 }, // 0
    { 12, 18, 15, 2, 18, 54, 679 }, // 1
    { 13, 18, 15, 1, 18, 59, 733 }, // 2
    { 12, 18, 15, 1, 18, 54, 792 }, // 3
    { 12, 18, 15, 1, 18, 54, 846 }, // 4
    { 12, 18, 15, 1, 18, 54, 900 }, // 5
    { 13, 18, 15, 1, 18, 59, 954 }, // 6
    { 12, 18, 15, 2, 18, 54, 1013 }, // 7
    { 13, 18, 15, 1, 18, 59, 1067 }, // 8
    { 13, 18, 15, 1, 18, 59, 1126 }, // 9
    { 5, 14, 15, 5, 14, 18, 1185 }, // :
    { 5, 18, 15, 5, 14, 23, 1203 }, // ;
    { 11, 14, 15, 2, 15, 39, 1226 }, // <
    { 11, 8, 15, 2, 12, 22, 1265 }, // =
    { 11, 14, 15, 2, 15, 39, 1287 }, // >
    { 10, 18, 15, 3, 18, 45, 1326 }, // ?
    { 13, 22, 15, 1, 18, 72, 1371 }, // @
    { 13, 18, 15, 1, 18, 59, 1443 }, // A
    { 12, 18, 15, 2, 18, 54, 1502 }, // B
    { 12, 18, 15, 2, 18, 54, 1556 }, // C
    { 11, 18, 15, 2, 18, 50, 1610 }, // D
    { 11, 18, 15, 2, 18, 50, 1660 }, // E
    { 12, 18, 15, 2, 18, 54, 1710 }, // F
    { 11, 18, 15, 2, 18, 50, 1764 }, // G
    { 11, 18, 15, 2, 18, 50, 1814 }, // H
    { 11, 18, 15, 2, 18, 50, 1864 }, // I
    { 12, 18, 15, 1, 18, 54, 1914 }, // J
    { 12, 18, 15, 2, 18, 54, 1968 }, // K
    { 11, 18, 15, 3, 18, 50, 2022 }, // L
    { 13, 18, 15, 1, 18, 59, 2072 }, // M
    { 11, 18, 15, 2, 18, 50, 2131 }, // N
    { 11, 18, 15, 2, 18, 50, 2181 }, // O
    { 12, 18, 15, 2, 18, 54, 2231 }, // P
    { 12, 22, 15, 2, 18, 66, 2285 }, // Q
    { 12, 18, 15, 2, 18, 54, 2351 }, // R
    { 13, 18, 15, 1, 18, 59, 2405 }, // S
    { 13, 18, 15, 1, 18, 59, 2464 }, // T
    { 11, 18, 15, 2, 18, 50, 2523 }, // U
    { 13, 18, 15, 1, 18, 59, 2573 }, // V
    { 15, 18, 15, 0, 18, 68, 2632 }, // W
    { 13, 18, 15, 1, 18, 59, 2700 }, // X
    { 15, 18, 15, 0, 18, 68, 2759 }, // Y
    { 11, 18, 15, 2, 18, 50, 2827 }, // Z
    { 7, 23, 15, 5, 20, 41, 2877 }, // [
    { 13, 24, 15, 1, 21, 78, 2918 }, // <backslash>
    { 7, 23, 15, 3, 20, 41, 2996 }, // ]
    { 11, 10, 15, 2, 19, 28, 3037 }, // ^
    { 13, 2, 15, 1, 0, 7, 3065 }, // _
    { 6, 4, 15, 4, 20, 6, 3072 }, // `
    { 12, 14, 15, 1, 14, 42, 3078 }, // a
    { 11, 18, 15, 2, 18, 50, 3120 }, // b
    { 12, 14, 15, 2, 14, 42, 3170 }, // c
    { 11, 18, 15, 2, 18, 50, 3212 }, // d
    { 11, 14, 15, 2, 14, 39, 3262 }, // e
    { 13, 18, 15, 1, 18, 59, 3301 }, // f
    { 11, 18, 15, 2, 14, 50, 3360 }, // g
    { 11, 18, 15, 2, 18, 50, 3410 }, // h
    { 12, 19, 15, 2, 19, 57, 3460 }, // i
    { 10, 23, 15, 2, 19, 58, 3517 }, // j
    { 12, 18, 15, 2, 18, 54, 3575 }, // k
    { 14, 18, 15, 0, 18, 63, 3629 }, // l
    { 13, 14, 15, 1, 14, 46, 3692 }, // m
    { 11, 14, 15, 2, 14, 39, 3738 }, // n
    { 11, 14, 15, 2, 14, 39, 3777 }, // o
    { 11, 18, 15, 2, 14, 50, 3816 }, // p
    { 11, 18, 15, 2, 14, 50, 3866 }, // q
    { 12, 14, 15, 2, 14, 42, 3916 }, // r
    { 11, 14, 15, 2, 14, 39, 3958 }, // s
    { 12, 18, 15, 1, 18, 54, 3997 }, // t
    { 11, 14, 15, 2, 14, 39, 4051 }, // u
    { 13, 14, 15, 1, 14, 46, 4090 }, // v
    { 15, 14, 15, 0, 14, 53, 4136 }, // w
    { 13, 14, 15, 1, 14, 46, 4189 }, // x
    { 13, 18, 15, 1, 14, 59, 4235 }, // y
    { 11, 14, 15, 2, 14, 39, 4294 }, // z
    { 12, 23, 15, 1, 20, 69, 4333 }, // {
    { 3, 24, 15, 6, 21, 18, 4402 }, // |
    { 12, 23, 15, 2, 20, 69, 4420 }, // }
    { 13, 5, 15, 1, 11, 17, 4489 }, // ~
    { 0, 0, 15, 0, 0, 0, 4506 }, //  
    { 5, 18, 15, 5, 14, 23, 4506 }, // ¡
    { 12, 21, 15, 2, 18, 63, 4529 }, // ¢
    { 13, 18, 15, 1, 18, 59, 4592 }, // £
    { 13, 15, 15, 1, 16, 49, 4651 }, // ¤
    { 15, 18, 15, 0, 18, 68, 4700 }, // ¥
    { 3, 23, 15, 6, 20, 18, 4768 }, // ¦
    { 13, 22, 15, 1, 18, 72, 4786 }, // §
    { 9, 3, 15, 3, 19, 7, 4858 }, // ¨
    { 13, 18, 15, 1, 20, 59, 4865 }, // ©
    { 7, 8, 15, 4, 19, 14, 4924 }, // ª
    { 15, 12, 15, 0, 13, 45, 4938 }, // «
    { 11, 5, 15, 2, 10, 14, 4983 }, // ¬
    { 9, 2, 15, 3, 9, 5, 4997 }, // ­
    { 13, 17, 15, 1, 19, 56, 5002 }, // ®
    { 9, 2, 15, 3, 19, 5, 5058 }, // ¯
    { 9, 8, 15, 3, 19, 18, 5063 }, // °
    { 13, 15, 15, 1, 15, 49, 5081 }, // ±
    { 9, 11, 15, 3, 21, 25, 5130 }, // ²
    { 9, 11, 15, 3, 21, 25, 5155 }, // ³
    { 6, 4, 15, 5, 20, 6, 5180 }, // ´
    { 11, 18, 15, 2, 14, 50, 5186 }, // µ
    { 12, 22, 15, 1, 18, 66, 5236 }, // ¶
    { 5, 4, 15, 5, 11, 5, 5302 }, // ·
    { 6, 6, 15, 5, 0, 9, 5307 }, // ¸
    { 9, 11, 15, 3, 21, 25, 5316 }, // ¹
    { 7, 8, 15, 4, 19, 14, 5341 }, // º
    { 15, 12, 15, 0, 13, 45, 5355 }, // »
    { 15, 19, 15, 0, 19, 72, 5400 }, // ¼
    { 15, 20, 15, 0, 19, 75, 5472 }, // ½
    { 15, 19, 15, 0, 19, 72, 5547 }, // ¾
    { 10, 18, 15, 2, 14, 45, 5619 }, // ¿
    { 13, 24, 15, 1, 24, 78, 5664 }, // À
    { 13, 24, 15, 1, 24, 78, 5742 }, // Á
    { 13, 24, 15, 1, 24, 78, 5820 }, // Â
    { 13, 23, 15, 1, 23, 75, 5898 }, // Ã
    { 13, 23, 15, 1, 23, 75, 5973 }, // Ä
    { 13, 24, 15, 1, 24, 78, 6048 }, // Å
    { 15, 18, 15, 0, 18, 68, 6126 }, // Æ
    { 12, 24, 15, 2, 18, 72, 6194 }, // Ç
    { 11, 24, 15, 2, 24, 66, 6266 }, // È
    { 11, 24, 15, 2, 24, 66, 6332 }, // É
    { 11, 24, 15, 2, 24, 66, 6398 }, // Ê
    { 11, 23, 15, 2, 23, 64, 6464 }, // Ë
    { 11, 24, 15, 2, 24, 66, 6528 }, // Ì
    { 11, 24, 15, 2, 24, 66, 6594 }, // Í
    { 11, 24, 15, 2, 24, 66, 6660 }, // Î
    { 11, 23, 15, 2, 23, 64, 6726 }, // Ï
    { 13, 18, 15, 0, 18, 59, 6790 }, // Ð
    { 11, 23, 15, 2, 23, 64, 6849 }, // Ñ
    { 11, 24, 15, 2, 24, 66, 6913 }, // Ò
    { 11, 24, 15, 2, 24, 66, 6979 }, // Ó
    { 11, 24, 15, 2, 24, 66, 7045 }, // Ô
    { 11, 23, 15, 2, 23, 64, 7111 }, // Õ
    { 11, 23, 15, 2, 23, 64, 7175 }, // Ö
    { 11, 11, 15, 2, 14, 31, 7239 }, // ×
    { 15, 20, 15, 0, 19, 75, 7270 }, // Ø
    { 11, 24, 15, 2, 24, 66, 7345 }, // Ù
    { 11, 24, 15, 2, 24, 66, 7411 }, // Ú
    { 11, 24, 15, 2, 24, 66, 7477 }, // Û
    { 11, 23, 15, 2, 23, 64, 7543 }, // Ü
    { 15, 24, 15, 0, 24, 90, 7607 }, // Ý
    { 12, 18, 15, 2, 18, 54, 7697 }, // Þ
    { 12, 18, 15, 2, 18, 54, 7751 }, // ß
    { 12, 20, 15, 1, 20, 60, 7805 }, // à
    { 12, 20, 15, 1, 20, 60, 7865 }, // á
    { 12, 20, 15, 1, 20, 60, 7925 }, // â
    { 12, 19, 15, 1, 19, 57, 7985 }, // ã
    { 12, 19, 15, 1, 19, 57, 8042 }, // ä
    { 12, 20, 15, 1, 20, 60, 8099 }, // å
    { 15, 14, 15, 0, 14, 53, 8159 }, // æ
    { 12, 20, 15, 2, 14, 60, 8212 }, // ç
    { 11, 20, 15, 2, 20, 55, 8272 }, // è
    { 11, 20, 15, 2, 20, 55, 8327 }, // é
    { 11, 20, 15, 2, 20, 55, 8382 }, // ê
    { 11, 19, 15, 2, 19, 53, 8437 }, // ë
    { 12, 20, 15, 2, 20, 60, 8490 }, // ì
    { 12, 20, 15, 2, 20, 60, 8550 }, // í
    { 12, 20, 15, 2, 20, 60, 8610 }, // î
    { 12, 19, 15, 2, 19, 57, 8670 }, // ï
    { 13, 19, 15, 1, 19, 62, 8727 }, // ð
    { 11, 19, 15, 2, 19, 53, 8789 }, // ñ
    { 11, 20, 15, 2, 20, 55, 8842 }, // ò
    { 11, 20, 15, 2, 20, 55, 8897 }, // ó
    { 11, 20, 15, 2, 20, 55, 8952 }, // ô
    { 11, 19, 15, 2, 19, 53, 9007 }, // õ
    { 11, 19, 15, 2, 19, 53, 9060 }, // ö
    { 11, 14, 15, 2, 15, 39, 9113 }, // ÷
    { 15, 16, 15, 0, 15, 60, 9152 }, // ø
    { 11, 20, 15, 2, 20, 55, 9212 }, // ù
    { 11, 20, 15, 2, 20, 55, 9267 }, // ú
    { 11, 20, 15, 2, 20, 55, 9322 }, // û
    { 11, 19, 15, 2, 19, 53, 9377 }, // ü
    { 13, 24, 15, 1, 20, 78, 9430 }, // ý
    { 11, 22, 15, 2, 18, 61, 9508 }, // þ
    { 13, 23, 15, 1, 19, 75, 9569 }, // ÿ
    { 13, 23, 15, 1, 23, 75, 9644 }, // Ā
    { 12, 19, 15, 1, 19, 57, 9719 }, // ā
    { 13, 24, 15, 1, 24, 78, 9776 }, // Ă
    { 12, 20, 15, 1, 20, 60, 9854 }, // ă
    { 14, 23, 15, 1, 18, 81, 9914 }, // Ą
    { 14, 19, 15, 1, 14, 67, 9995 }, // ą
    { 12, 24, 15, 2, 24, 72, 10062 }, // Ć
    { 12, 20, 15, 2, 20, 60, 10134 }, // ć
    { 12, 24, 15, 2, 24, 72, 10194 }, // Ĉ
    { 12, 20, 15, 2, 20, 60, 10266 }, // ĉ
    { 12, 23, 15, 2, 23, 69, 10326 }, // Ċ
    { 12, 19, 15, 2, 19, 57, 10395 }, // ċ
    { 12, 24, 15, 2, 24, 72, 10452 }, // Č
    { 12, 20, 15, 2, 20, 60, 10524 }, // č
    { 11, 24, 15, 2, 24, 66, 10584 }, // Ď
    { 15, 18, 15, 1, 18, 68, 10650 }, // ď
    { 13, 18, 15, 0, 18, 59, 10718 }, // Đ
    { 13, 18, 15, 2, 18, 59, 10777 }, // đ
    { 11, 23, 15, 2, 23, 64, 10836 }, // Ē
    { 11, 19, 15, 2, 19, 53, 10900 }, // ē
    { 11, 24, 15, 2, 24, 66, 10953 }, // Ĕ
    { 11, 20, 15, 2, 20, 55, 11019 }, // ĕ
    { 11, 23, 15, 2, 23, 64, 11074 }, // Ė
    { 11, 19, 15, 2, 19, 53, 11138 }, // ė
    { 12, 23, 15, 2, 18, 69, 11191 }, // Ę
    { 11, 19, 15, 2, 14, 53, 11260 }, // ę
    { 11, 24, 15, 2, 24, 66, 11313 }, // Ě
    { 11, 20, 15, 2, 20, 55, 11379 }, // ě
    { 11, 24, 15, 2, 24, 66, 11434 }, // Ĝ
    { 11, 24, 15, 2, 20, 66, 11500 }, // ĝ
    { 11, 24, 15, 2, 24, 66, 11566 }, // Ğ
    { 11, 24, 15, 2, 20, 66, 11632 }, // ğ
    { 11, 23, 15, 2, 23, 64, 11698 }, // Ġ
    { 11, 23, 15, 2, 19, 64, 11762 }, // ġ
    { 11, 24, 15, 2, 18, 66, 11826 }, // Ģ
    { 11, 26, 15, 2, 22, 72, 11892 }, // ģ
    { 11, 24, 15, 2, 24, 66, 11964 }, // Ĥ
    { 15, 25, 15, -2, 25, 94, 12030 }, // ĥ
    { 15, 18, 15, 0, 18, 68, 12124 }, // Ħ
    { 13, 18, 15, 0, 18, 59, 12192 }, // ħ
    { 11, 23, 15, 2, 23, 64, 12251 }, // Ĩ
    { 12, 19, 15, 2, 19, 57, 12315 }, // ĩ
    { 11, 23, 15, 2, 23, 64, 12372 }, // Ī
    { 12, 19, 15, 2, 19, 57, 12436 }, // ī
    { 11, 24, 15, 2, 24, 66, 12493 }, // Ĭ
    { 12, 20, 15, 2, 20, 60, 12559 }, // ĭ
    { 11, 23, 15, 2, 18, 64, 12619 }, // Į
    { 12, 24, 15, 2, 19, 72, 12683 }, // į
    { 11, 23, 15, 2, 23, 64, 12755 }, // İ
    { 12, 14, 15, 2, 14, 42, 12819 }, // ı
    { 15, 24, 15, 1, 24, 90, 12861 }, // Ĵ
    { 13, 24, 15, 2, 20, 78, 12951 }, // ĵ
    { 12, 24, 15, 2, 18, 72, 13029 }, // Ķ
    { 12, 24, 15, 2, 18, 72, 13101 }, // ķ
    { 13, 14, 15, 2, 14, 46, 13173 }, // ĸ
    { 12, 24, 15, 2, 24, 72, 13219 }, // Ĺ
    { 14, 24, 15, 0, 24, 84, 13291 }, // ĺ
    { 11, 24, 15, 3, 18, 66, 13375 }, // Ļ
    { 14, 24, 15, 0, 18, 84, 13441 }, // ļ
    { 11, 18, 15, 3, 18, 50, 13525 }, // Ľ
    { 14, 18, 15, 0, 18, 63, 13575 }, // ľ
    { 11, 18, 15, 3, 18, 50, 13638 }, // Ŀ
    { 16, 18, 15, 0, 18, 72, 13688 }, // ŀ
    { 14, 18, 15, 0, 18, 63, 13760 }, // Ł
    { 14, 18, 15, 0, 18, 63, 13823 }, // ł
    { 11, 24, 15, 2, 24, 66, 13886 }, // Ń
    { 11, 20, 15, 2, 20, 55, 13952 }, // ń
    { 11, 24, 15, 2, 18, 66, 14007 }, // Ņ
    { 11, 20, 15, 2, 14, 55, 14073 }, // ņ
    { 11, 24, 15, 2, 24, 66, 14128 }, // Ň
    { 11, 20, 15, 2, 20, 55, 14194 }, // ň
    { 14, 20, 15, -1, 20, 70, 14249 }, // ŉ
    { 11, 22, 15, 2, 18, 61, 14319 }, // Ŋ
    { 11, 18, 15, 2, 14, 50, 14380 }, // ŋ
    { 11, 23, 15, 2, 23, 64, 14430 }, // Ō
    { 11, 19, 15, 2, 19, 53, 14494 }, // ō
    { 11, 24, 15, 2, 24, 66, 14547 }, // Ŏ
    { 11, 20, 15, 2, 20, 55, 14613 }, // ŏ
    { 12, 24, 15, 2, 24, 72, 14668 }, // Ő
    { 12, 20, 15, 2, 20, 60, 14740 }, // ő
    { 14, 18, 15, 1, 18, 63, 14800 }, // Œ
    { 15, 14, 15, 0, 14, 53, 14863 }, // œ
    { 12, 24, 15, 2, 24, 72, 14916 }, // Ŕ
    { 12, 20, 15, 2, 20, 60, 14988 }, // ŕ
    { 12, 24, 15, 2, 18, 72, 15048 }, // Ŗ
    { 14, 20, 15, 0, 14, 70, 15120 }, // ŗ
    { 12, 24, 15, 2, 24, 72, 15190 }, // Ř
    { 12, 20, 15, 2, 20, 60, 15262 }, // ř
    { 13, 24, 15, 1, 24, 78, 15322 }, // Ś
    { 11, 20, 15, 2, 20, 55, 15400 }, // ś
    { 13, 24, 15, 1, 24, 78, 15455 }, // Ŝ
    { 11, 20, 15, 2, 20, 55, 15533 }, // ŝ
    { 13, 24, 15, 1, 18, 78, 15588 }, // Ş
    { 11, 20, 15, 2, 14, 55, 15666 }, // ş
    { 13, 24, 15, 1, 24, 78, 15721 }, // Š
    { 11, 20, 15, 2, 20, 55, 15799 }, // š
    { 13, 24, 15, 1, 18, 78, 15854 }, // Ţ
    { 12, 24, 15, 1, 18, 72, 15932 }, // ţ
    { 13, 24, 15, 1, 24, 78, 16004 }, // Ť
    { 12, 20, 15, 1, 20, 60, 16082 }, // ť
    { 13, 18, 15, 1, 18, 59, 16142 }, // Ŧ
    { 12, 18, 15, 1, 18, 54, 16201 }, // ŧ
    { 11, 23, 15, 2, 23, 64, 16255 }, // Ũ
    { 11, 19, 15, 2, 19, 53, 16319 }, // ũ
    { 11, 23, 15, 2, 23, 64, 16372 }, // Ū
    { 11, 19, 15, 2, 19, 53, 16436 }, // ū
    { 11, 24, 15, 2, 24, 66, 16489 }, // Ŭ
    { 11, 20, 15, 2, 20, 55, 16555 }, // ŭ
    { 11, 24, 15, 2, 24, 66, 16610 }, // Ů
    { 11, 20, 15, 2, 20, 55, 16676 }, // ů
    { 12, 24, 15, 2, 24, 72, 16731 }, // Ű
    { 12, 20, 15, 2, 20, 60, 16803 }, // ű
    { 11, 23, 15, 2, 18, 64, 16863 }, // Ų
    { 11, 19, 15, 2, 14, 53, 16927 }, // ų
    { 15, 24, 15, 0, 24, 90, 16980 }, // Ŵ
    { 15, 20, 15, 0, 20, 75, 17070 }, // ŵ
    { 15, 24, 15, 0, 24, 90, 17145 }, // Ŷ
    { 13, 24, 15, 1, 20, 78, 17235 }, // ŷ
    { 15, 23, 15, 0, 23, 87, 17313 }, // Ÿ
    { 11, 24, 15, 2, 24, 66, 17400 }, // Ź
    { 11, 20, 15, 2, 20, 55, 17466 }, // ź
    { 11, 23, 15, 2, 23, 64, 17521 }, // Ż
    { 11, 19, 15, 2, 19, 53, 17585 }, // ż
    { 11, 24, 15, 2, 24, 66, 17638 }, // Ž
    { 11, 20, 15, 2, 20, 55, 17704 }, // ž
    { 9, 18, 15, 4, 18, 41, 17759 }, // ſ
    { 11, 18, 15, 2, 18, 50, 17800 }, // Ə
    { 13, 18, 15, 1, 18, 59, 17850 }, // Ɛ
    { 14, 22, 15, 0, 18, 77, 17909 }, // ƒ
    { 13, 19, 15, 1, 19, 62, 17986 }, // ƛ
    { 12, 21, 15, 2, 21, 63, 18048 }, // Ơ
    { 12, 16, 15, 2, 16, 48, 18111 }, // ơ
    { 13, 21, 15, 2, 21, 69, 18159 }, // Ư
    { 13, 17, 15, 2, 17, 56, 18228 }, // ư
    { 13, 24, 15, 1, 24, 78, 18284 }, // Ǎ
    { 12, 20, 15, 1, 20, 60, 18362 }, // ǎ
    { 12, 20, 15, 2, 20, 60, 18422 }, // ǐ
    { 11, 20, 15, 2, 20, 55, 18482 }, // ǒ
    { 11, 20, 15, 2, 20, 55, 18537 }, // ǔ
    { 11, 25, 15, 2, 25, 69, 18592 }, // ǖ
    { 11, 26, 15, 2, 26, 72, 18661 }, // ǘ
    { 11, 26, 15, 2, 26, 72, 18733 }, // ǚ
    { 11, 26, 15, 2, 26, 72, 18805 }, // ǜ
    { 11, 24, 15, 2, 24, 66, 18877 }, // Ǧ
    { 11, 24, 15, 2, 20, 66, 18943 }, // ǧ
    { 11, 23, 15, 2, 18, 64, 19009 }, // Ǫ
    { 11, 19, 15, 2, 14, 53, 19073 }, // ǫ
    { 11, 24, 15, 2, 24, 66, 19126 }, // Ǵ
    { 11, 24, 15, 2, 20, 66, 19192 }, // ǵ
    { 15, 24, 15, 0, 24, 90, 19258 }, // Ǽ
    { 15, 20, 15, 0, 20, 75, 19348 }, // ǽ
    { 15, 25, 15, 0, 24, 94, 19423 }, // Ǿ
    { 15, 21, 15, 0, 20, 79, 19517 }, // ǿ
    { 13, 24, 15, 1, 18, 78, 19596 }, // Ș
    { 11, 20, 15, 2, 14, 55, 19674 }, // ș
    { 13, 24, 15, 1, 18, 78, 19729 }, // Ț
    { 12, 24, 15, 1, 18, 72, 19807 }, // ț
    { 15, 23, 15, 0, 23, 87, 19879 }, // Ȳ
    { 13, 23, 15, 1, 19, 75, 19966 }, // ȳ
    { 9, 18, 15, 2, 14, 41, 20041 }, // ȷ
    { 11, 14, 15, 2, 14, 39, 20082 }, // ə
    { 6, 4, 0, -11, 20, 6, 20121 }, // ̀
    { 6, 4, 0, -10, 20, 6, 20127 }, // ́
    { 11, 4, 0, -13, 20, 11, 20133 }, // ̂
    { 9, 3, 0, -12, 19, 7, 20144 }, // ̃
    { 9, 2, 0, -12, 19, 5, 20151 }, // ̄
    { 9, 4, 0, -12, 20, 9, 20156 }, // ̆
    { 5, 3, 0, -10, 19, 4, 20165 }, // ̇
    { 9, 3, 0, -12, 19, 7, 20169 }, // ̈
    { 5, 5, 0, -10, 21, 7, 20176 }, // ̉
    { 7, 6, 0, -11, 20, 11, 20183 }, // ̊
    { 11, 4, 0, -12, 20, 11, 20194 }, // ̋
    { 11, 4, 0, -13, 20, 11, 20205 }, // ̌
    { 11, 4, 0, -14, 20, 11, 20216 }, // ̏
    { 6, 6, 0, -10, 22, 9, 20227 }, // ̒
    { 4, 5, 0, -6, 17, 5, 20236 }, // ̛
    { 5, 3, 0, -10, -2, 4, 20241 }, // ̣
    { 7, 6, 0, -11, -1, 11, 20245 }, // ̥
    { 6, 4, 0, -11, -2, 6, 20256 }, // ̦
    { 6, 6, 0, -10, 0, 9, 20262 }, // ̧
    { 6, 6, 0, -11, 1, 9, 20271 }, // ̨
    { 17, 2, 0, -16, 9, 9, 20280 }, // ̶
    { 15, 16, 0, -15, 15, 60, 20289 }, // ̷
    { 11, 19, 0, -13, 16, 53, 20349 }, // ̸
    { 6, 8, 15, 4, 18, 12, 20402 }, // ʹ
    { 5, 8, 15, 5, 4, 10, 20414 }, // ͵
    { 5, 18, 15, 5, 14, 23, 20424 }, // ;
    { 6, 4, 15, 5, 20, 6, 20447 }, // ΄
    { 9, 7, 15, 3, 23, 16, 20453 }, // ΅
    { 14, 18, 15, 0, 18, 63, 20469 }, // Ά
    { 5, 4, 15, 5, 11, 5, 20532 }, // ·
    { 16, 18, 15, -3, 18, 72, 20537 }, // Έ
    { 16, 18, 15, -3, 18, 72, 20609 }, // Ή
    { 16, 18, 15, -3, 18, 72, 20681 }, // Ί
    { 15, 18, 15, -2, 18, 68, 20753 }, // Ό
    { 19, 18, 15, -4, 18, 86, 20821 }, // Ύ
    { 16, 18, 15, -2, 18, 72, 20907 }, // Ώ
    { 13, 23, 15, 1, 23, 75, 20979 }, // ΐ
    { 13, 18, 15, 1, 18, 59, 21054 }, // Α
    { 12, 18, 15, 2, 18, 54, 21113 }, // Β
    { 11, 18, 15, 3, 18, 50, 21167 }, // Γ
    { 13, 18, 15, 1, 18, 59, 21217 }, // Δ
    { 11, 18, 15, 2, 18, 50, 21276 }, // Ε
    { 11, 18, 15, 2, 18, 50, 21326 }, // Ζ
    { 11, 18, 15, 2, 18, 50, 21376 }, // Η
    { 11, 18, 15, 2, 18, 50, 21426 }, // Θ
    { 11, 18, 15, 2, 18, 50, 21476 }, // Ι
    { 12, 18, 15, 2, 18, 54, 21526 }, // Κ
    { 13, 18, 15, 1, 18, 59, 21580 }, // Λ
    { 13, 18, 15, 1, 18, 59, 21639 }, // Μ
    { 11, 18, 15, 2, 18, 50, 21698 }, // Ν
    { 11, 18, 15, 2, 18, 50, 21748 }, // Ξ
    { 11, 18, 15, 2, 18, 50, 21798 }, // Ο
    { 11, 18, 15, 2, 18, 50, 21848 }, // Π
    { 12, 18, 15, 2, 18, 54, 21898 }, // Ρ
    { 13, 18, 15, 1, 18, 59, 21952 }, // Σ
    { 13, 18, 15, 1, 18, 59, 22011 }, // Τ
    { 15, 18, 15, 0, 18, 68, 22070 }, // Υ
    { 13, 20, 15, 1, 19, 65, 22138 }, // Φ
    { 13, 18, 15, 1, 18, 59, 22203 }, // Χ
    { 13, 18, 15, 1, 18, 59, 22262 }, // Ψ
    { 13, 18, 15, 1, 18, 59, 22321 }, // Ω
    { 11, 23, 15, 2, 23, 64, 22380 }, // Ϊ
    { 15, 23, 15, 0, 23, 87, 22444 }, // Ϋ
    { 11, 20, 15, 2, 20, 55, 22531 }, // ά
    { 13, 20, 15, 1, 20, 65, 22586 }, // έ
    { 11, 20, 15, 2, 20, 55, 22651 }, // ή
    { 13, 20, 15, 1, 20, 65, 22706 }, // ί
    { 11, 23, 15, 2, 23, 64, 22771 }, // ΰ
    { 11, 14, 15, 2, 14, 39, 22835 }, // α
    { 12, 22, 15, 2, 18, 66, 22874 }, // β
    { 13, 18, 15, 1, 14, 59, 22940 }, // γ
    { 11, 18, 15, 2, 18, 50, 22999 }, // δ
    { 13, 14, 15, 1, 14, 46, 23049 }, // ε
    { 12, 23, 15, 2, 18, 69, 23095 }, // ζ
    { 11, 14, 15, 2, 14, 39, 23164 }, // η
    { 11, 18, 15, 2, 18, 50, 23203 }, // θ
    { 13, 14, 15, 1, 14, 46, 23253 }, // ι
    { 13, 14, 15, 2, 14, 46, 23299 }, // κ
    { 13, 18, 15, 1, 18, 59, 23345 }, // λ
    { 11, 18, 15, 2, 14, 50, 23404 }, // μ
    { 13, 14, 15, 1, 14, 46, 23454 }, // ν
    { 12, 24, 15, 2, 18, 72, 23500 }, // ξ
    { 11, 14, 15, 2, 14, 39, 23572 }, // ο
    { 14, 14, 15, 0, 14, 49, 23611 }, // π
    { 11, 18, 15, 2, 14, 50, 23660 }, // ρ
    { 12, 19, 15, 2, 14, 57, 23710 }, // ς
    { 13, 14, 15, 2, 14, 46, 23767 }, // σ
    { 12, 14, 15, 1, 14, 42, 23813 }, // τ
    { 11, 14, 15, 2, 14, 39, 23855 }, // υ
    { 13, 19, 15, 1, 15, 62, 23894 }, // φ
    { 13, 14, 15, 1, 14, 46, 23956 }, // χ
    { 13, 18, 15, 1, 14, 59, 24002 }, // ψ
    { 13, 15, 15, 1, 15, 49, 24061 }, // ω
    { 13, 19, 15, 1, 19, 62, 24110 }, // ϊ
    { 11, 19, 15, 2, 19, 53, 24172 }, // ϋ
    { 11, 20, 15, 2, 20, 55, 24225 }, // ό
    { 11, 20, 15, 2, 20, 55, 24280 }, // ύ
    { 13, 20, 15, 1, 20, 65, 24335 }, // ώ
    { 13, 22, 15, 2, 18, 72, 24400 }, // Ϗ
    { 13, 22, 15, 1, 18, 72, 24472 }, // ϕ
    { 15, 14, 15, 0, 14, 53, 24544 }, // ϖ
    { 12, 18, 15, 2, 14, 54, 24597 }, // ϗ
    { 11, 23, 15, 2, 23, 64, 24651 }, // Ё
    { 14, 22, 15, 0, 18, 77, 24715 }, // Ђ
    { 11, 24, 15, 3, 24, 66, 24792 }, // Ѓ
    { 12, 18, 15, 2, 18, 54, 24858 }, // Є
    { 13, 18, 15, 1, 18, 59, 24912 }, // Ѕ
    { 11, 18, 15, 2, 18, 50, 24971 }, // І
    { 11, 23, 15, 2, 23, 64, 25021 }, // Ї
    { 12, 18, 15, 1, 18, 54, 25085 }, // Ј
    { 16, 18, 15, -1, 18, 72, 25139 }, // Љ
    { 14, 18, 15, 1, 18, 63, 25211 }, // Њ
    { 14, 18, 15, 0, 18, 63, 25274 }, // Ћ
    { 12, 24, 15, 2, 24, 72, 25337 }, // Ќ
    { 13, 24, 15, 1, 24, 78, 25409 }, // Ў
    { 11, 21, 15, 2, 18, 58, 25487 }, // Џ
    { 13, 18, 15, 1, 18, 59, 25545 }, // А
    { 12, 18, 15, 2, 18, 54, 25604 }, // Б
    { 12, 18, 15, 2, 18, 54, 25658 }, // В
    { 11, 18, 15, 3, 18, 50, 25712 }, // Г
    { 15, 21, 15, 0, 18, 79, 25762 }, // Д
    { 11, 18, 15, 2, 18, 50, 25841 }, // Е
    { 15, 18, 15, 0, 18, 68, 25891 }, // Ж
    { 13, 18, 15, 1, 18, 59, 25959 }, // З
    { 11, 18, 15, 2, 18, 50, 26018 }, // И
    { 11, 24, 15, 2, 24, 66, 26068 }, // Й
    { 12, 18, 15, 2, 18, 54, 26134 }, // К
    { 13, 18, 15, 0, 18, 59, 26188 }, // Л
    { 13, 18, 15, 1, 18, 59, 26247 }, // М
    { 11, 18, 15, 2, 18, 50, 26306 }, // Н
    { 11, 18, 15, 2, 18, 50, 26356 }, // О
    { 11, 18, 15, 2, 18, 50, 26406 }, // П
    { 12, 18, 15, 2, 18, 54, 26456 }, // Р
    { 12, 18, 15, 2, 18, 54, 26510 }, // С
    { 13, 18, 15, 1, 18, 59, 26564 }, // Т
    { 13, 18, 15, 1, 18, 59, 26623 }, // У
    { 13, 20, 15, 1, 19, 65, 26682 }, // Ф
    { 13, 18, 15, 1, 18, 59, 26747 }, // Х
    { 13, 21, 15, 2, 18, 69, 26806 }, // Ц
    { 12, 18, 15, 1, 18, 54, 26875 }, // Ч
    { 13, 18, 15, 1, 18, 59, 26929 }, // Ш
    { 14, 22, 15, 1, 18, 77, 26988 }, // Щ
    { 15, 18, 15, -1, 18, 68, 27065 }, // Ъ
    { 13, 18, 15, 1, 18, 59, 27133 }, // Ы
    { 12, 18, 15, 2, 18, 54, 27192 }, // Ь
    { 12, 18, 15, 1, 18, 54, 27246 }, // Э
    { 14, 18, 15, 1, 18, 63, 27300 }, // Ю
    { 12, 18, 15, 1, 18, 54, 27363 }, // Я
    { 12, 14, 15, 1, 14, 42, 27417 }, // а
    { 11, 19, 15, 2, 19, 53, 27459 }, // б
    { 12, 14, 15, 2, 14, 42, 27512 }, // в
    { 11, 14, 15, 3, 14, 39, 27554 }, // г
    { 15, 17, 15, 0, 14, 64, 27593 }, // д
    { 11, 14, 15, 2, 14, 39, 27657 }, // е
    { 15, 14, 15, 0, 14, 53, 27696 }, // ж
    { 13, 14, 15, 1, 14, 46, 27749 }, // з
    { 11, 14, 15, 2, 14, 39, 27795 }, // и
    { 11, 20, 15, 2, 20, 55, 27834 }, // й
    { 13, 14, 15, 2, 14, 46, 27889 }, // к
    { 13, 14, 15, 0, 14, 46, 27935 }, // л
    { 13, 14, 15, 1, 14, 46, 27981 }, // м
    { 11, 14, 15, 2, 14, 39, 28027 }, // н
    { 11, 14, 15, 2, 14, 39, 28066 }, // о
    { 11, 14, 15, 2, 14, 39, 28105 }, // п
    { 11, 18, 15, 2, 14, 50, 28144 }, // р
    { 12, 14, 15, 2, 14, 42, 28194 }, // с
    { 13, 14, 15, 1, 14, 46, 28236 }, // т
    { 13, 18, 15, 1, 14, 59, 28282 }, // у
    { 13, 22, 15, 1, 18, 72, 28341 }, // ф
    { 13, 14, 15, 1, 14, 46, 28413 }, // х
    { 13, 17, 15, 2, 14, 56, 28459 }, // ц
    { 12, 14, 15, 1, 14, 42, 28515 }, // ч
    { 13, 14, 15, 1, 14, 46, 28557 }, // ш
    { 14, 18, 15, 1, 14, 63, 28603 }, // щ
    { 15, 14, 15, 0, 14, 53, 28666 }, // ъ
    { 13, 14, 15, 1, 14, 46, 28719 }, // ы
    { 12, 14, 15, 2, 14, 42, 28765 }, // ь
    { 11, 14, 15, 2, 14, 39, 28807 }, // э
    { 13, 14, 15, 1, 14, 46, 28846 }, // ю
    { 12, 14, 15, 1, 14, 42, 28892 }, // я
    { 11, 19, 15, 2, 19, 53, 28934 }, // ё
    { 13, 22, 15, 0, 18, 72, 28987 }, // ђ
    { 11, 20, 15, 3, 20, 55, 29059 }, // ѓ
    { 11, 14, 15, 2, 14, 39, 29114 }, // є
    { 11, 14, 15, 2, 14, 39, 29153 }, // ѕ
    { 12, 19, 15, 2, 19, 57, 29192 }, // і
    { 12, 19, 15, 2, 19, 57, 29249 }, // ї
    { 10, 23, 15, 2, 19, 58, 29306 }, // ј
    { 15, 14, 15, 0, 14, 53, 29364 }, // љ
    { 14, 14, 15, 1, 14, 49, 29417 }, // њ
    { 13, 18, 15, 0, 18, 59, 29466 }, // ћ
    { 13, 20, 15, 2, 20, 65, 29525 }, // ќ
    { 13, 24, 15, 1, 20, 78, 29590 }, // ў
    { 11, 17, 15, 2, 14, 47, 29668 }, // џ
    { 11, 21, 15, 3, 21, 58, 29715 }, // Ґ
    { 11, 17, 15, 3, 17, 47, 29773 }, // ґ
    { 14, 18, 15, 0, 18, 63, 29820 }, // Ғ
    { 13, 14, 15, 1, 14, 46, 29883 }, // ғ
    { 13, 21, 15, 2, 18, 69, 29929 }, // Қ
    { 13, 17, 15, 2, 14, 56, 29998 }, // қ
    { 12, 21, 15, 2, 18, 63, 30054 }, // Ң
    { 12, 17, 15, 2, 14, 51, 30117 }, // ң
    { 15, 18, 15, 0, 18, 68, 30168 }, // Ү
    { 13, 18, 15, 1, 14, 59, 30236 }, // ү
    { 15, 18, 15, 0, 18, 68, 30295 }, // Ұ
    { 13, 18, 15, 1, 14, 59, 30363 }, // ұ
    { 13, 21, 15, 1, 18, 69, 30422 }, // Ҷ
    { 13, 17, 15, 1, 14, 56, 30491 }, // ҷ
    { 12, 18, 15, 2, 18, 54, 30547 }, // Һ
    { 12, 14, 15, 2, 14, 42, 30601 }, // һ
    { 11, 18, 15, 2, 18, 50, 30643 }, // Ә
    { 11, 14, 15, 2, 14, 39, 30693 }, // ә
    { 15, 23, 15, 0, 23, 87, 30732 }, // Ӝ
    { 15, 19, 15, 0, 19, 72, 30819 }, // ӝ
    { 13, 23, 15, 1, 23, 75, 30891 }, // Ӟ
    { 13, 19, 15, 1, 19, 62, 30966 }, // ӟ
    { 11, 23, 15, 2, 23, 64, 31028 }, // Ӥ
    { 11, 19, 15, 2, 19, 53, 31092 }, // ӥ
    { 11, 23, 15, 2, 23, 64, 31145 }, // Ӧ
    { 11, 19, 15, 2, 19, 53, 31209 }, // ӧ
    { 11, 18, 15, 2, 18, 50, 31262 }, // Ө
    { 11, 14, 15, 2, 14, 39, 31312 }, // ө
    { 12, 23, 15, 1, 23, 69, 31351 }, // Ӵ
    { 12, 19, 15, 1, 19, 57, 31420 }, // ӵ
    { 15, 24, 15, 0, 24, 90, 31477 }, // Ẁ
    { 15, 20, 15, 0, 20, 75, 31567 }, // ẁ
    { 15, 24, 15, 0, 24, 90, 31642 }, // Ẃ
    { 15, 20, 15, 0, 20, 75, 31732 }, // ẃ
    { 15, 23, 15, 0, 23, 87, 31807 }, // Ẅ
    { 15, 19, 15, 0, 19, 72, 31894 }, // ẅ
    { 12, 18, 15, 2, 18, 54, 31966 }, // ẞ
    { 13, 23, 15, 1, 18, 75, 32020 }, // Ạ
    { 12, 19, 15, 1, 14, 57, 32095 }, // ạ
    { 13, 25, 15, 1, 25, 82, 32152 }, // Ả
    { 12, 21, 15, 1, 21, 63, 32234 }, // ả
    { 15, 26, 15, 1, 26, 98, 32297 }, // Ấ
    { 15, 23, 15, 1, 23, 87, 32395 }, // ấ
    { 13, 26, 15, 1, 26, 85, 32482 }, // Ầ
    { 13, 22, 15, 1, 22, 72, 32567 }, // ầ
    { 13, 26, 15, 1, 26, 85, 32639 }, // Ẩ
    { 13, 24, 15, 1, 24, 78, 32724 }, // ẩ
    { 13, 25, 15, 1, 25, 82, 32802 }, // Ẫ
    { 12, 25, 15, 1, 25, 75, 32884 }, // ẫ
    { 13, 29, 15, 1, 24, 95, 32959 }, // Ậ
    { 12, 25, 15, 1, 20, 75, 33054 }, // ậ
    { 13, 26, 15, 1, 26, 85, 33129 }, // Ắ
    { 12, 23, 15, 1, 23, 69, 33214 }, // ắ
    { 13, 26, 15, 1, 26, 85, 33283 }, // Ằ
    { 12, 23, 15, 1, 23, 69, 33368 }, // ằ
    { 13, 26, 15, 1, 26, 85, 33437 }, // Ẳ
    { 12, 23, 15, 1, 23, 69, 33522 }, // ẳ
    { 13, 26, 15, 1, 26, 85, 33591 }, // Ẵ
    { 12, 24, 15, 1, 24, 72, 33676 }, // ẵ
    { 13, 29, 15, 1, 24, 95, 33748 }, // Ặ
    { 12, 25, 15, 1, 20, 75, 33843 }, // ặ
    { 11, 23, 15, 2, 18, 64, 33918 }, // Ẹ
    { 11, 19, 15, 2, 14, 53, 33982 }, // ẹ
    { 11, 25, 15, 2, 25, 69, 34035 }, // Ẻ
    { 11, 21, 15, 2, 21, 58, 34104 }, // ẻ
    { 11, 23, 15, 2, 23, 64, 34162 }, // Ẽ
    { 11, 19, 15, 2, 19, 53, 34226 }, // ẽ
    { 14, 26, 15, 2, 26, 91, 34279 }, // Ế
    { 14, 23, 15, 2, 23, 81, 34370 }, // ế
    { 12, 26, 15, 2, 26, 78, 34451 }, // Ề
    { 12, 22, 15, 2, 22, 66, 34529 }, // ề
    { 12, 26, 15, 2, 26, 78, 34595 }, // Ể
    { 12, 24, 15, 2, 24, 72, 34673 }, // ể
    { 11, 25, 15, 2, 25, 69, 34745 }, // Ễ
    { 11, 25, 15, 2, 25, 69, 34814 }, // ễ
    { 11, 29, 15, 2, 24, 80, 34883 }, // Ệ
    { 11, 25, 15, 2, 20, 69, 34963 }, // ệ
    { 11, 25, 15, 2, 25, 69, 35032 }, // Ỉ
    { 12, 21, 15, 2, 21, 63, 35101 }, // ỉ
    { 11, 23, 15, 2, 18, 64, 35164 }, // Ị
    { 12, 24, 15, 2, 19, 72, 35228 }, // ị
    { 11, 23, 15, 2, 18, 64, 35300 }, // Ọ
    { 11, 19, 15, 2, 14, 53, 35364 }, // ọ
    { 11, 25, 15, 2, 25, 69, 35417 }, // Ỏ
    { 11, 21, 15, 2, 21, 58, 35486 }, // ỏ
    { 14, 26, 15, 2, 26, 91, 35544 }, // Ố
    { 14, 23, 15, 2, 23, 81, 35635 }, // ố
    { 12, 26, 15, 2, 26, 78, 35716 }, // Ồ
    { 12, 22, 15, 2, 22, 66, 35794 }, // ồ
    { 12, 26, 15, 2, 26, 78, 35860 }, // Ổ
    { 12, 24, 15, 2, 24, 72, 35938 }, // ổ
    { 11, 25, 15, 2, 25, 69, 36010 }, // Ỗ
    { 11, 25, 15, 2, 25, 69, 36079 }, // ỗ
    { 11, 29, 15, 2, 24, 80, 36148 }, // Ộ
    { 11, 25, 15, 2, 20, 69, 36228 }, // ộ
    { 12, 24, 15, 2, 24, 72, 36297 }, // Ớ
    { 12, 20, 15, 2, 20, 60, 36369 }, // ớ
    { 12, 24, 15, 2, 24, 72, 36429 }, // Ờ
    { 12, 20, 15, 2, 20, 60, 36501 }, // ờ
    { 12, 25, 15, 2, 25, 75, 36561 }, // Ở
    { 12, 21, 15, 2, 21, 63, 36636 }, // ở
    { 12, 23, 15, 2, 23, 69, 36699 }, // Ỡ
    { 12, 19, 15, 2, 19, 57, 36768 }, // ỡ
    { 12, 26, 15, 2, 21, 78, 36825 }, // Ợ
    { 12, 21, 15, 2, 16, 63, 36903 }, // ợ
    { 11, 23, 15, 2, 18, 64, 36966 }, // Ụ
    { 11, 19, 15, 2, 14, 53, 37030 }, // ụ
    { 11, 25, 15, 2, 25, 69, 37083 }, // Ủ
    { 11, 21, 15, 2, 21, 58, 37152 }, // ủ
    { 13, 24, 15, 2, 24, 78, 37210 }, // Ứ
    { 13, 20, 15, 2, 20, 65, 37288 }, // ứ
    { 13, 24, 15, 2, 24, 78, 37353 }, // Ừ
    { 13, 20, 15, 2, 20, 65, 37431 }, // ừ
    { 13, 25, 15, 2, 25, 82, 37496 }, // Ử
    { 13, 21, 15, 2, 21, 69, 37578 }, // ử
    { 13, 23, 15, 2, 23, 75, 37647 }, // Ữ
    { 13, 19, 15, 2, 19, 62, 37722 }, // ữ
    { 13, 26, 15, 2, 21, 85, 37784 }, // Ự
    { 13, 22, 15, 2, 17, 72, 37869 }, // ự
    { 15, 24, 15, 0, 24, 90, 37941 }, // Ỳ
    { 13, 24, 15, 1, 20, 78, 38031 }, // ỳ
    { 15, 23, 15, 0, 18, 87, 38109 }, // Ỵ
    { 13, 19, 15, 1, 14, 62, 38196 }, // ỵ
    { 15, 25, 15, 0, 25, 94, 38258 }, // Ỷ
    { 13, 25, 15, 1, 21, 82, 38352 }, // ỷ
    { 15, 23, 15, 0, 23, 87, 38434 }, // Ỹ
    { 13, 23, 15, 1, 19, 75, 38521 }, // ỹ
    { 0, 0, 15, 0, 0, 0, 38596 }, //  
    { 0, 0, 15, 0, 0, 0, 38596 }, // ​
    { 9, 2, 15, 3, 9, 5, 38596 }, // ‐
    { 11, 2, 15, 2, 9, 6, 38601 }, // –
    { 15, 2, 15, 0, 9, 8, 38607 }, // —
    { 9, 24, 15, 3, 21, 54, 38615 }, // ‖
    { 5, 8, 15, 5, 18, 10, 38669 }, // ‘
    { 5, 8, 15, 5, 19, 10, 38679 }, // ’
    { 5, 8, 15, 5, 4, 10, 38689 }, // ‚
    { 5, 8, 15, 5, 18, 10, 38699 }, // ‛
    { 11, 8, 15, 2, 18, 22, 38709 }, // “
    { 11, 8, 15, 2, 19, 22, 38731 }, // ”
    { 11, 8, 15, 2, 4, 22, 38753 }, // „
    { 11, 8, 15, 2, 18, 22, 38775 }, // ‟
    { 11, 24, 15, 2, 21, 66, 38797 }, // †
    { 11, 24, 15, 2, 22, 66, 38863 }, // ‡
    { 7, 6, 15, 4, 12, 11, 38929 }, // •
    { 5, 4, 15, 5, 4, 5, 38940 }, // ․
    { 13, 4, 15, 1, 4, 13, 38945 }, // …
    { 17, 18, 15, -1, 18, 77, 38958 }, // ‰
    { 5, 8, 15, 5, 18, 10, 39035 }, // ′
    { 11, 8, 15, 2, 19, 22, 39045 }, // ″
    { 15, 8, 15, 0, 18, 30, 39067 }, // ‴
    { 9, 12, 15, 3, 13, 27, 39097 }, // ‹
    { 9, 12, 15, 3, 13, 27, 39124 }, // ›
    { 11, 18, 15, 2, 18, 50, 39151 }, // ‼
    { 10, 18, 15, 3, 18, 45, 39201 }, // ‽
    { 17, 2, 15, -1, 21, 9, 39246 }, // ‾
    { 15, 5, 15, 0, 1, 19, 39255 }, // ‿
    { 15, 18, 15, 0, 18, 68, 39274 }, // ⁄
    { 7, 23, 15, 5, 20, 41, 39342 }, // ⁅
    { 7, 23, 15, 3, 20, 41, 39383 }, // ⁆
    { 9, 11, 15, 3, 21, 25, 39424 }, // ⁰
    { 9, 11, 15, 3, 21, 25, 39449 }, // ⁴
    { 9, 11, 15, 3, 21, 25, 39474 }, // ⁵
    { 9, 11, 15, 3, 21, 25, 39499 }, // ⁶
    { 9, 11, 15, 3, 21, 25, 39524 }, // ⁷
    { 9, 11, 15, 3, 21, 25, 39549 }, // ⁸
    { 9, 11, 15, 3, 21, 25, 39574 }, // ⁹
    { 7, 7, 15, 4, 15, 13, 39599 }, // ⁺
    { 9, 6, 15, 3, 18, 14, 39612 }, // ⁼
    { 9, 11, 15, 3, 8, 25, 39626 }, // ₀
    { 9, 11, 15, 3, 8, 25, 39651 }, // ₁
    { 9, 11, 15, 3, 8, 25, 39676 }, // ₂
    { 9, 11, 15, 3, 8, 25, 39701 }, // ₃
    { 9, 11, 15, 3, 8, 25, 39726 }, // ₄
    { 9, 11, 15, 3, 8, 25, 39751 }, // ₅
    { 9, 11, 15, 3, 8, 25, 39776 }, // ₆
    { 9, 11, 15, 3, 8, 25, 39801 }, // ₇
    { 9, 11, 15, 3, 8, 25, 39826 }, // ₈
    { 9, 11, 15, 3, 8, 25, 39851 }, // ₉
    { 13, 20, 15, 2, 18, 65, 39876 }, // ₫
    { 14, 18, 15, 0, 18, 63, 39941 }, // €
    { 13, 18, 15, 1, 18, 59, 40004 }, // ₮
    { 13, 18, 15, 1, 18, 59, 40063 }, // ₴
    { 14, 18, 15, 0, 18, 63, 40122 }, // ₽
    { 12, 26, 15, 2, 22, 78, 40185 }, // ₿
    { 15, 14, 15, 0, 15, 53, 40263 }, // ←
    { 13, 19, 15, 1, 19, 62, 40316 }, // ↑
    { 15, 14, 15, 0, 15, 53, 40378 }, // →
    { 13, 19, 15, 1, 18, 62, 40431 }, // ↓
    { 19, 14, 15, -2, 15, 67, 40493 }, // ↔
    { 13, 28, 15, 1, 23, 91, 40560 }, // ↕
    { 13, 13, 15, 1, 18, 43, 40651 }, // ↖
    { 13, 13, 15, 1, 18, 43, 40694 }, // ↗
    { 13, 13, 15, 1, 13, 43, 40737 }, // ↘
    { 13, 13, 15, 1, 13, 43, 40780 }, // ↙
    { 15, 7, 15, 0, 11, 27, 40823 }, // ↝
    { 15, 10, 15, 0, 12, 38, 40850 }, // ↞
    { 15, 10, 15, 0, 12, 38, 40888 }, // ↠
    { 15, 10, 15, 0, 12, 38, 40926 }, // ↢
    { 15, 10, 15, 0, 12, 38, 40964 }, // ↣
    { 11, 14, 15, 2, 14, 39, 41002 }, // ↥
    { 15, 10, 15, 0, 12, 38, 41041 }, // ↦
    { 11, 14, 15, 2, 14, 39, 41079 }, // ↧
    { 15, 16, 15, 0, 19, 60, 41118 }, // ↩
    { 15, 16, 15, 0, 19, 60, 41178 }, // ↪
    { 15, 9, 15, 0, 11, 34, 41238 }, // ↭
    { 7, 26, 15, 6, 22, 46, 41272 }, // ↾
    { 15, 16, 15, 0, 15, 60, 41318 }, // ⇉
    { 15, 16, 15, 0, 16, 60, 41378 }, // ⇐
    { 17, 26, 15, -1, 22, 111, 41438 }, // ⇑
    { 15, 16, 15, 0, 16, 60, 41549 }, // ⇒
    { 17, 26, 15, -1, 21, 111, 41609 }, // ⇓
    { 19, 16, 15, -2, 16, 76, 41720 }, // ⇔
    { 15, 15, 15, 0, 16, 57, 41796 }, // ⇛
    { 11, 20, 15, 2, 20, 55, 41853 }, // ⇞
    { 11, 19, 15, 2, 18, 53, 41908 }, // ⇟
    { 15, 10, 15, 0, 13, 38, 41961 }, // ⇥
    { 15, 21, 15, 0, 20, 79, 41999 }, // ⇧
    { 15, 16, 15, 0, 16, 60, 42078 }, // ⇨
    { 15, 20, 15, 0, 20, 75, 42138 }, // ⇪
    { 13, 19, 15, 1, 18, 62, 42213 }, // ∀
    { 9, 14, 15, 3, 14, 32, 42275 }, // ∁
    { 11, 19, 15, 2, 19, 53, 42307 }, // ∂
    { 11, 19, 15, 2, 19, 53, 42360 }, // ∃
    { 12, 24, 15, 1, 21, 72, 42413 }, // ∄
    { 17, 18, 15, -1, 18, 77, 42485 }, // ∅
    { 13, 18, 15, 1, 18, 59, 42562 }, // ∆
    { 13, 18, 15, 1, 18, 59, 42621 }, // ∇
    { 15, 15, 15, 0, 17, 57, 42680 }, // ∈
    { 15, 21, 15, 0, 20, 79, 42737 }, // ∉
    { 8, 8, 15, 4, 12, 16, 42816 }, // ∊
    { 15, 15, 15, 0, 17, 57, 42832 }, // ∋
    { 15, 21, 15, 0, 20, 79, 42889 }, // ∌
    { 9, 13, 15, 3, 13, 30, 42968 }, // ∎
    { 13, 24, 15, 1, 19, 78, 42998 }, // ∏
    { 13, 23, 15, 1, 19, 75, 43076 }, // ∐
    { 13, 23, 15, 1, 19, 75, 43151 }, // ∑
    { 9, 2, 15, 3, 9, 5, 43226 }, // −
    { 13, 14, 15, 1, 13, 46, 43231 }, // ∓
    { 15, 18, 15, 0, 18, 68, 43277 }, // ∕
    { 7, 6, 15, 4, 11, 11, 43345 }, // ∘
    { 5, 4, 15, 5, 10, 5, 43356 }, // ∙
    { 15, 19, 15, 0, 19, 72, 43361 }, // √
    { 15, 9, 15, 0, 13, 34, 43433 }, // ∞
    { 3, 19, 15, 6, 19, 15, 43467 }, // ∣
    { 9, 19, 15, 3, 19, 43, 43482 }, // ∤
    { 9, 19, 15, 3, 19, 43, 43525 }, // ∥
    { 13, 13, 15, 1, 14, 43, 43568 }, // ∧
    { 13, 13, 15, 1, 14, 43, 43611 }, // ∨
    { 13, 18, 15, 1, 18, 59, 43654 }, // ∩
    { 13, 19, 15, 1, 19, 62, 43713 }, // ∪
    { 14, 23, 15, 0, 19, 81, 43775 }, // ∫
    { 15, 15, 15, 0, 15, 57, 43856 }, // ∴
    { 15, 15, 15, 0, 15, 57, 43913 }, // ∵
    { 5, 14, 15, 5, 14, 18, 43970 }, // ∶
    { 13, 13, 15, 1, 13, 43, 43988 }, // ∷
    { 9, 9, 15, 3, 13, 21, 44031 }, // ∸
    { 15, 11, 15, 0, 14, 42, 44052 }, // ∹
    { 13, 5, 15, 1, 11, 17, 44094 }, // ∼
    { 15, 8, 15, 0, 13, 30, 44111 }, // ∾
    { 13, 10, 15, 1, 14, 33, 44141 }, // ≃
    { 13, 15, 15, 1, 17, 49, 44174 }, // ≅
    { 13, 23, 15, 1, 20, 75, 44223 }, // ≇
    { 13, 12, 15, 1, 14, 39, 44298 }, // ≈
    { 13, 21, 15, 1, 20, 69, 44337 }, // ≉
    { 13, 15, 15, 1, 16, 49, 44406 }, // ≋
    { 13, 11, 15, 1, 14, 36, 44455 }, // ≍
    { 15, 12, 15, 0, 15, 45, 44491 }, // ≔
    { 11, 16, 15, 2, 18, 44, 44536 }, // ≗
    { 11, 18, 15, 2, 20, 50, 44580 }, // ≟
    { 11, 22, 15, 2, 20, 61, 44630 }, // ≠
    { 11, 13, 15, 2, 15, 36, 44691 }, // ≡
    { 11, 21, 15, 2, 19, 58, 44727 }, // ≢
    { 11, 14, 15, 2, 16, 39, 44785 }, // ≣
    { 11, 18, 15, 2, 18, 50, 44824 }, // ≤
    { 11, 18, 15, 2, 18, 50, 44874 }, // ≥
    { 15, 14, 15, 0, 15, 53, 44924 }, // ≪
    { 15, 14, 15, 0, 15, 53, 44977 }, // ≫
    { 9, 18, 15, 3, 16, 41, 45030 }, // ≬
    { 13, 17, 15, 1, 17, 56, 45071 }, // ≭
    { 11, 20, 15, 2, 18, 55, 45127 }, // ≮
    { 11, 20, 15, 2, 18, 55, 45182 }, // ≯
    { 11, 23, 15, 2, 20, 64, 45237 }, // ≰
    { 11, 23, 15, 2, 20, 64, 45301 }, // ≱
    { 13, 19, 15, 1, 19, 62, 45365 }, // ≲
    { 11, 19, 15, 2, 19, 53, 45427 }, // ≳
    { 12, 14, 15, 1, 15, 42, 45480 }, // ≺
    { 12, 14, 15, 2, 15, 42, 45522 }, // ≻
    { 12, 18, 15, 1, 18, 54, 45564 }, // ≼
    { 15, 12, 15, 0, 15, 45, 45618 }, // ⊂
    { 15, 12, 15, 0, 15, 45, 45663 }, // ⊃
    { 15, 22, 15, 0, 20, 83, 45708 }, // ⊄
    { 15, 22, 15, 0, 20, 83, 45791 }, // ⊅
    { 15, 17, 15, 0, 17, 64, 45874 }, // ⊆
    { 15, 17, 15, 0, 17, 64, 45938 }, // ⊇
    { 15, 24, 15, 0, 21, 90, 46002 }, // ⊈
    { 15, 24, 15, 0, 21, 90, 46092 }, // ⊉
    { 13, 19, 15, 1, 19, 62, 46182 }, // ⊎
    { 15, 12, 15, 0, 14, 45, 46244 }, // ⊏
    { 15, 12, 15, 0, 14, 45, 46289 }, // ⊐
    { 15, 17, 15, 0, 17, 64, 46334 }, // ⊑
    { 15, 17, 15, 0, 17, 64, 46398 }, // ⊒
    { 13, 15, 15, 1, 14, 49, 46462 }, // ⊓
    { 13, 14, 15, 1, 14, 46, 46511 }, // ⊔
    { 17, 16, 15, -1, 16, 68, 46557 }, // ⊕
    { 17, 16, 15, -1, 16, 68, 46625 }, // ⊖
    { 17, 16, 15, -1, 17, 68, 46693 }, // ⊗
    { 17, 16, 15, -1, 17, 68, 46761 }, // ⊘
    { 17, 16, 15, -1, 15, 68, 46829 }, // ⊙
    { 17, 16, 15, -1, 17, 68, 46897 }, // ⊛
    { 17, 16, 15, -1, 17, 68, 46965 }, // ⊜
    { 17, 16, 15, -1, 17, 68, 47033 }, // ⊝
    { 15, 15, 15, 0, 16, 57, 47101 }, // ⊞
    { 15, 16, 15, 0, 16, 60, 47158 }, // ⊟
    { 15, 16, 15, 0, 16, 60, 47218 }, // ⊠
    { 15, 16, 15, 0, 16, 60, 47278 }, // ⊡
    { 15, 16, 15, 0, 16, 60, 47338 }, // ⊢
    { 15, 16, 15, 0, 16, 60, 47398 }, // ⊣
    { 15, 15, 15, 0, 15, 57, 47458 }, // ⊤
    { 15, 15, 15, 0, 15, 57, 47515 }, // ⊥
    { 11, 18, 15, 2, 18, 50, 47572 }, // ⊴
    { 15, 5, 15, 0, 11, 19, 47622 }, // ⊸
    { 13, 18, 15, 1, 18, 59, 47641 }, // ⊻
    { 13, 17, 15, 1, 19, 56, 47700 }, // ⊼
    { 13, 17, 15, 1, 19, 56, 47756 }, // ⊽
    { 13, 18, 15, 1, 18, 59, 47812 }, // ⋂
    { 13, 19, 15, 1, 19, 62, 47871 }, // ⋃
    { 9, 8, 15, 3, 12, 18, 47933 }, // ⋄
    { 7, 7, 15, 4, 12, 13, 47951 }, // ⋆
    { 15, 16, 15, 0, 17, 60, 47964 }, // ⋈
    { 15, 16, 15, 0, 17, 60, 48024 }, // ⋉
    { 15, 16, 15, 0, 17, 60, 48084 }, // ⋊
    { 15, 14, 15, 0, 14, 53, 48144 }, // ⋎
    { 15, 15, 15, 0, 17, 57, 48197 }, // ⋐
    { 15, 24, 15, 0, 21, 90, 48254 }, // ⋢
    { 5, 16, 15, 5, 17, 20, 48344 }, // ⋮
    { 17, 4, 15, -1, 11, 17, 48364 }, // ⋯
    { 17, 16, 15, -1, 17, 68, 48381 }, // ⋰
    { 17, 16, 15, -1, 17, 68, 48449 }, // ⋱
    { 17, 19, 15, -1, 19, 81, 48517 }, // �
};

static const EpdUnicodeInterval PROGMEM jetbrains_mono_12_2bIntervals[] = {
    { 0xD, 0xD, 0x0 },
    { 0x20, 0x7E, 0x1 },
    { 0xA0, 0x131, 0x60 },
    { 0x134, 0x17F, 0xF2 },
    { 0x18F, 0x190, 0x13E },
    { 0x192, 0x192, 0x140 },
    { 0x19B, 0x19B, 0x141 },
    { 0x1A0, 0x1A1, 0x142 },
    { 0x1AF, 0x1B0, 0x144 },
    { 0x1CD, 0x1CE, 0x146 },
    { 0x1D0, 0x1D0, 0x148 },
    { 0x1D2, 0x1D2, 0x149 },
    { 0x1D4, 0x1D4, 0x14A },
    { 0x1D6, 0x1D6, 0x14B },
    { 0x1D8, 0x1D8, 0x14C },
    { 0x1DA, 0x1DA, 0x14D },
    { 0x1DC, 0x1DC, 0x14E },
    { 0x1E6, 0x1E7, 0x14F },
    { 0x1EA, 0x1EB, 0x151 },
    { 0x1F4, 0x1F5, 0x153 },
    { 0x1FC, 0x1FF, 0x155 },
    { 0x218, 0x21B, 0x159 },
    { 0x232, 0x233, 0x15D },
    { 0x237, 0x237, 0x15F },
    { 0x259, 0x259, 0x160 },
    { 0x300, 0x304, 0x161 },
    { 0x306, 0x30C, 0x166 },
    { 0x30F, 0x30F, 0x16D },
    { 0x312, 0x312, 0x16E },
    { 0x31B, 0x31B, 0x16F },
    { 0x323, 0x323, 0x170 },
    { 0x325, 0x328, 0x171 },
    { 0x336, 0x338, 0x175 },
    { 0x374, 0x375, 0x178 },
    { 0x37E, 0x37E, 0x17A },
    { 0x384, 0x38A, 0x17B },
    { 0x38C, 0x38C, 0x182 },
    { 0x38E, 0x3A1, 0x183 },
    { 0x3A3, 0x3CF, 0x197 },
    { 0x3D5, 0x3D7, 0x1C4 },
    { 0x401, 0x40C, 0x1C7 },
    { 0x40E, 0x44F, 0x1D3 },
    { 0x451, 0x45C, 0x215 },
    { 0x45E, 0x45F, 0x221 },
    { 0x490, 0x493, 0x223 },
    { 0x49A, 0x49B, 0x227 },
    { 0x4A2, 0x4A3, 0x229 },
    { 0x4AE, 0x4B1, 0x22B },
    { 0x4B6, 0x4B7, 0x22F },
    { 0x4BA, 0x4BB, 0x231 },
    { 0x4D8, 0x4D9, 0x233 },
    { 0x4DC, 0x4DF, 0x235 },
    { 0x4E4, 0x4E9, 0x239 },
    { 0x4F4, 0x4F5, 0x23F },
    { 0x1E80, 0x1E85, 0x241 },
    { 0x1E9E, 0x1E9E, 0x247 },
    { 0x1EA0, 0x1EF9, 0x248 },
    { 0x2001, 0x2001, 0x2A2 },
    { 0x200B, 0x200B, 0x2A3 },
    { 0x2010, 0x2010, 0x2A4 },
    { 0x2013, 0x2014, 0x2A5 },
    { 0x2016, 0x2016, 0x2A7 },
    { 0x2018, 0x2022, 0x2A8 },
    { 0x2024, 0x2024, 0x2B3 },
    { 0x2026, 0x2026, 0x2B4 },
    { 0x2030, 0x2030, 0x2B5 },
    { 0x2032, 0x2034, 0x2B6 },
    { 0x2039, 0x203A, 0x2B9 },
    { 0x203C, 0x203F, 0x2BB },
    { 0x2044, 0x2046, 0x2BF },
    { 0x2070, 0x2070, 0x2C2 },
    { 0x2074, 0x207A, 0x2C3 },
    { 0x207C, 0x207C, 0x2CA },
    { 0x2080, 0x2089, 0x2CB },
    { 0x20AB, 0x20AC, 0x2D5 },
    { 0x20AE, 0x20AE, 0x2D7 },
    { 0x20B4, 0x20B4, 0x2D8 },
    { 0x20BD, 0x20BD, 0x2D9 },
    { 0x20BF, 0x20BF, 0x2DA },
    { 0x2190, 0x2199, 0x2DB },
    { 0x219D, 0x219E, 0x2E5 },
    { 0x21A0, 0x21A0, 0x2E7 },
    { 0x21A2, 0x21A3, 0x2E8 },
    { 0x21A5, 0x21A7, 0x2EA },
    { 0x21A9, 0x21AA, 0x2ED },
    { 0x21AD, 0x21AD, 0x2EF },
    { 0x21BE, 0x21BE, 0x2F0 },
    { 0x21C9, 0x21C9, 0x2F1 },
    { 0x21D0, 0x21D4, 0x2F2 },
    { 0x21DB, 0x21DB, 0x2F7 },
    { 0x21DE, 0x21DF, 0x2F8 },
    { 0x21E5, 0x21E5, 0x2FA },
    { 0x21E7, 0x21E8, 0x2FB },
    { 0x21EA, 0x21EA, 0x2FD },
    { 0x2200, 0x220C, 0x2FE },
    { 0x220E, 0x2213, 0x30B },
    { 0x2215, 0x2215, 0x311 },
    { 0x2218, 0x221A, 0x312 },
    { 0x221E, 0x221E, 0x315 },
    { 0x2223, 0x2225, 0x316 },
    { 0x2227, 0x222B, 0x319 },
    { 0x2234, 0x2239, 0x31E },
    { 0x223C, 0x223C, 0x324 },
    { 0x223E, 0x223E, 0x325 },
    { 0x2243, 0x2243, 0x326 },
    { 0x2245, 0x2245, 0x327 },
    { 0x2247, 0x2249, 0x328 },
    { 0x224B, 0x224B, 0x32B },
    { 0x224D, 0x224D, 0x32C },
    { 0x2254, 0x2254, 0x32D },
    { 0x2257, 0x2257, 0x32E },
    { 0x225F, 0x2265, 0x32F },
    { 0x226A, 0x2273, 0x336 },
    { 0x227A, 0x227C, 0x340 },
    { 0x2282, 0x2289, 0x343 },
    { 0x228E, 0x2299, 0x34B },
    { 0x229B, 0x22A5, 0x357 },
    { 0x22B4, 0x22B4, 0x362 },
    { 0x22B8, 0x22B8, 0x363 },
    { 0x22BB, 0x22BD, 0x364 },
    { 0x22C2, 0x22C4, 0x367 },
    { 0x22C6, 0x22C6, 0x36A },
    { 0x22C8, 0x22CA, 0x36B },
    { 0x22CE, 0x22CE, 0x36E },
    { 0x22D0, 0x22D0, 0x36F },
    { 0x22E2, 0x22E2, 0x370 },
    { 0x22EE, 0x22F1, 0x371 },
    { 0xFFFD, 0xFFFD, 0x375 },
};

static const EpdFontData jetbrains_mono_12_2b = {
    jetbrains_mono_12_2bBitmaps,
    jetbrains_mono_12_2bGlyphs,
    jetbrains_mono_12_2bIntervals,
    128,
    33,
    26,
    -8,
    true,
};
