/*
 * SIL OPEN FONT LICENSE 1.1 — bundled font notice (required by §56-61).
 *
 * Based on JetBrains Mono NL by JetBrains s.r.o.
 * Copyright 2020 The JetBrains Mono Project Authors
 *   (https://github.com/JetBrains/JetBrainsMono)
 *
 * This font is licensed under the SIL Open Font License, Version 1.1.
 * Full license text: scripts/jetbrains/OFL.txt (also bundled with each
 * snapix release archive).  License URL: https://openfontlicense.org
 *
 * Embedded in the snapix firmware as a derivative work — format conversion
 * (TTF → .epdfont → C array) is permitted under OFL §39-42.
 */
/**
 * generated by epdfont_to_header.py
 * name: jetbrains_mono_10_2b
 * mode: 2-bit
 */
#pragma once
#include "EpdFontData.h"

static const uint8_t PROGMEM jetbrains_mono_10_2bBitmaps[36560] = {
    0x3D, 0x3D, 0x3D, 0x2D, 0x2D, 0x2D, 0x2D, 0x2C, 0x2C, 0x2C, 0x2C, 0x00, 0x00, 0x2D, 0x3F, 0x3D, 0xF0, 0xBB, 0xC2,
    0xEF, 0x07, 0xBC, 0x1E, 0xF0, 0x77, 0xC1, 0xD0, 0x00, 0xB0, 0x2C, 0x00, 0xB0, 0x38, 0x00, 0xE0, 0x34, 0x00, 0xD0,
    0x34, 0x00, 0xD0, 0x70, 0x2F, 0xFF, 0xFF, 0x1B, 0xEA, 0xFA, 0x02, 0xC0, 0xE0, 0x03, 0x80, 0xD0, 0x03, 0x41, 0xC0,
    0x7F, 0xFF, 0xFC, 0x2F, 0xAB, 0xE8, 0x0B, 0x03, 0x80, 0x0E, 0x03, 0x80, 0x0E, 0x03, 0x40, 0x0D, 0x07, 0x00, 0x00,
    0x20, 0x00, 0x00, 0xC0, 0x00, 0x03, 0x00, 0x00, 0x6E, 0x00, 0x0B, 0xFF, 0x80, 0xB9, 0xDF, 0x43, 0xC3, 0x0F, 0x0F,
    0x0C, 0x14, 0x3C, 0x30, 0x00, 0xBD, 0xC0, 0x00, 0xFF, 0x40, 0x00, 0x7F, 0xD0, 0x00, 0x3B, 0xD0, 0x00, 0xC7, 0xC0,
    0x03, 0x0F, 0x1D, 0x0C, 0x3C, 0x3C, 0x31, 0xF0, 0xBE, 0xEF, 0x40, 0xBF, 0xF4, 0x00, 0x1C, 0x00, 0x00, 0x30, 0x00,
    0x00, 0xC0, 0x00, 0x1F, 0x80, 0x0B, 0x1F, 0xF8, 0x03, 0x4B, 0x0B, 0x03, 0x82, 0xC1, 0xC2, 0xC0, 0xB0, 0x70, 0xD0,
    0x2D, 0x2C, 0xE0, 0x03, 0xFE, 0x70, 0x00, 0x29, 0x34, 0x00, 0x00, 0x38, 0x00, 0x00, 0x1C, 0x7F, 0x00, 0x0D, 0x3F,
    0xF0, 0x0F, 0x1C, 0x1C, 0x07, 0x0B, 0x07, 0x43, 0x41, 0xC1, 0xC2, 0xC0, 0x3F, 0xF1, 0xC0, 0x07, 0xF0, 0x00, 0xBE,
    0x00, 0x00, 0xFF, 0xF0, 0x00, 0xB8, 0x2E, 0x00, 0x2C, 0x03, 0x80, 0x0B, 0x40, 0x00, 0x00, 0xF0, 0x00, 0x00, 0x1E,
    0x00, 0x00, 0x2F, 0xD0, 0x00, 0x3F, 0xBC, 0x0B, 0x5F, 0x03, 0xC7, 0x87, 0x40, 0x7B, 0xC1, 0xD0, 0x0B, 0xC0, 0x74,
    0x02, 0xF4, 0x0F, 0x02, 0xEF, 0x02, 0xFF, 0xE1, 0xF0, 0x2F, 0xD0, 0x2E, 0xF6, 0xDB, 0x6D, 0xB6, 0xC0, 0x00, 0x04,
    0x00, 0xBC, 0x03, 0xF4, 0x0B, 0x80, 0x1F, 0x00, 0x2D, 0x00, 0x3C, 0x00, 0x3C, 0x00, 0x3C, 0x00, 0x3C, 0x00, 0x3C,
    0x00, 0x3C, 0x00, 0x3C, 0x00, 0x3C, 0x00, 0x3C, 0x00, 0x2D, 0x00, 0x0F, 0x00, 0x0B, 0xC0, 0x02, 0xF8, 0x00, 0x7C,
    0x00, 0x04, 0x50, 0x02, 0xF4, 0x02, 0xF4, 0x00, 0xF4, 0x01, 0xF0, 0x03, 0xD0, 0x07, 0x80, 0x1E, 0x00, 0x38, 0x00,
    0xE0, 0x03, 0x80, 0x0E, 0x00, 0x38, 0x01, 0xE0, 0x07, 0x40, 0x3C, 0x01, 0xF0, 0x1F, 0x02, 0xF4, 0x2F, 0x00, 0x00,
    0x00, 0x00, 0x2C, 0x00, 0x00, 0x2C, 0x00, 0x00, 0x2C, 0x00, 0x38, 0x2C, 0x19, 0x3F, 0xED, 0xFE, 0x06, 0xFF, 0xE0,
    0x00, 0x3E, 0x00, 0x00, 0xF7, 0x80, 0x02, 0xD3, 0xD0, 0x07, 0xC0, 0xF0, 0x03, 0x00, 0xA0, 0x00, 0x00, 0x00, 0x00,
    0xB0, 0x00, 0x02, 0xC0, 0x00, 0x0B, 0x00, 0x00, 0x2C, 0x00, 0xBF, 0xFF, 0xF1, 0xAB, 0xFA, 0x80, 0x0B, 0x00, 0x00,
    0x2C, 0x00, 0x00, 0xB0, 0x00, 0x02, 0xC0, 0x00, 0x2E, 0x2E, 0x3D, 0x3C, 0x3C, 0x78, 0xB4, 0x2A, 0xA9, 0x3F, 0xFE,
    0x3E, 0x1F, 0xC3, 0xE0, 0x00, 0x00, 0xF0, 0x00, 0x0B, 0x40, 0x00, 0x3C, 0x00, 0x01, 0xE0, 0x00, 0x0B, 0x40, 0x00,
    0x3C, 0x00, 0x01, 0xE0, 0x00, 0x0F, 0x00, 0x00, 0x3C, 0x00, 0x02, 0xD0, 0x00, 0x0F, 0x00, 0x00, 0x78, 0x00, 0x02,
    0xD0, 0x00, 0x0F, 0x00, 0x00, 0x78, 0x00, 0x02, 0xC0, 0x00, 0x0F, 0x00, 0x00, 0x74, 0x00, 0x03, 0xC0, 0x00, 0x0E,
    0x00, 0x00, 0x02, 0xFE, 0x01, 0xFF, 0xFC, 0x3D, 0x02, 0xD3, 0x80, 0x0F, 0x78, 0x00, 0xF7, 0x80, 0x0F, 0x78, 0x00,
    0xF7, 0x8F, 0x4F, 0x78, 0xB4, 0xF7, 0x80, 0x0F, 0x78, 0x00, 0xF7, 0x80, 0x0F, 0x38, 0x00, 0xF3, 0xD0, 0x2D, 0x1F,
    0xFF, 0xC0, 0x2F, 0xE0, 0x01, 0xFC, 0x00, 0x1F, 0xF0, 0x02, 0xF7, 0xC0, 0x0F, 0x0F, 0x00, 0x20, 0x3C, 0x00, 0x00,
    0xF0, 0x00, 0x03, 0xC0, 0x00, 0x0F, 0x00, 0x00, 0x3C, 0x00, 0x00, 0xF0, 0x00, 0x03, 0xC0, 0x00, 0x0F, 0x00, 0x00,
    0x3C, 0x00, 0x00, 0xF0, 0x03, 0xFF, 0xFF, 0x4F, 0xFF, 0xFD, 0x02, 0xFE, 0x00, 0x7F, 0xFF, 0x03, 0xD0, 0x3D, 0x1E,
    0x00, 0x7C, 0x24, 0x00, 0xF0, 0x00, 0x03, 0xC0, 0x00, 0x2D, 0x00, 0x00, 0xF0, 0x00, 0x0F, 0x40, 0x00, 0xF4, 0x00,
    0x0F, 0x80, 0x00, 0xB8, 0x00, 0x0B, 0x80, 0x00, 0xBC, 0x00, 0x03, 0xFA, 0xAA, 0x0F, 0xFF, 0xFC, 0x3F, 0xFF, 0xD2,
    0xAA, 0xBD, 0x00, 0x0B, 0x80, 0x01, 0xE0, 0x00, 0x7C, 0x00, 0x1F, 0x00, 0x02, 0xFE, 0x00, 0x1A, 0xFC, 0x00, 0x03,
    0xD0, 0x00, 0x1E, 0x00, 0x00, 0xE6, 0x00, 0x0E, 0x78, 0x01, 0xE3, 0xC0, 0x3D, 0x2F, 0xFF, 0x80, 0x7F, 0xD0, 0x00,
    0x0F, 0x00, 0x03, 0xD0, 0x00, 0x7C, 0x00, 0x0F, 0x00, 0x02, 0xE0, 0x00, 0x3C, 0x00, 0x0B, 0x40, 0x01, 0xF0, 0x2D,
    0x3D, 0x02, 0xD7, 0x80, 0x2D, 0xB4, 0x02, 0xDB, 0xFF, 0xFD, 0x7F, 0xFF, 0xD0, 0x00, 0x2D, 0x00, 0x02, 0xD0, 0x00,
    0x2D, 0x3F, 0xFF, 0xD3, 0xEA, 0xA8, 0x3C, 0x00, 0x03, 0xC0, 0x00, 0x3C, 0x00, 0x03, 0xC0, 0x00, 0x3F, 0xFE, 0x02,
    0xAB, 0xFC, 0x00, 0x03, 0xD0, 0x00, 0x1E, 0x00, 0x00, 0xF2, 0x40, 0x0F, 0x78, 0x01, 0xE3, 0xD0, 0x3D, 0x1F, 0xFF,
    0xC0, 0x6F, 0xE0, 0x00, 0x3C, 0x00, 0x02, 0xE0, 0x00, 0x0F, 0x00, 0x00, 0xB4, 0x00, 0x03, 0xC0, 0x00, 0x2D, 0x00,
    0x00, 0xFF, 0xE0, 0x0B, 0xEB, 0xF0, 0x3C, 0x02, 0xE1, 0xE0, 0x03, 0xCB, 0x40, 0x0B, 0x2D, 0x00, 0x2C, 0x78, 0x00,
    0xF0, 0xF4, 0x0B, 0x81, 0xFF, 0xFC, 0x00, 0xBF, 0x80, 0x7F, 0xFF, 0xF5, 0xFA, 0xAB, 0xD7, 0x80, 0x0F, 0x1E, 0x00,
    0x3C, 0x10, 0x02, 0xD0, 0x00, 0x0F, 0x00, 0x00, 0x78, 0x00, 0x03, 0xD0, 0x00, 0x0F, 0x00, 0x00, 0xB8, 0x00, 0x03,
    0xC0, 0x00, 0x1F, 0x00, 0x00, 0xB4, 0x00, 0x03, 0xC0, 0x00, 0x1E, 0x00, 0x00, 0xF0, 0x00, 0x02, 0xFD, 0x00, 0x3F,
    0xFF, 0x03, 0xD0, 0x3D, 0x0F, 0x00, 0x78, 0x38, 0x00, 0xF0, 0xF0, 0x07, 0x81, 0xE0, 0x7C, 0x01, 0xFF, 0x80, 0x0F,
    0xFF, 0x80, 0xF4, 0x0B, 0x87, 0x80, 0x0F, 0x2D, 0x00, 0x2C, 0x78, 0x00, 0xF0, 0xF4, 0x0B, 0xC1, 0xFF, 0xFC, 0x01,
    0xBF, 0x80, 0x02, 0xFE, 0x00, 0x7F, 0xFF, 0x03, 0xD0, 0x2E, 0x1E, 0x00, 0x3C, 0xB4, 0x00, 0xB2, 0xD0, 0x02, 0xC7,
    0x80, 0x0F, 0x0F, 0x40, 0xB8, 0x1F, 0xFF, 0xD0, 0x1F, 0xEF, 0x00, 0x00, 0xF4, 0x00, 0x07, 0x80, 0x00, 0x3C, 0x00,
    0x02, 0xE0, 0x00, 0x0F, 0x00, 0x00, 0xB8, 0x00, 0x3E, 0x1F, 0xC3, 0xE0, 0x00, 0x00, 0x00, 0x00, 0x00, 0x00, 0x00,
    0x0F, 0x87, 0xF0, 0xF8, 0x3E, 0x1F, 0xC3, 0xE0, 0x00, 0x00, 0x00, 0x00, 0x00, 0x00, 0x00, 0x0B, 0x83, 0xD0, 0xF0,
    0x3C, 0x1F, 0x07, 0x82, 0xD0, 0x00, 0x00, 0x00, 0x00, 0x1F, 0x00, 0x1F, 0xD0, 0x1F, 0xD0, 0x1F, 0xD0, 0x03, 0xD0,
    0x00, 0x3D, 0x00, 0x01, 0xFD, 0x00, 0x01, 0xFD, 0x00, 0x01, 0xFD, 0x00, 0x01, 0xF0, 0x00, 0x01, 0x3F, 0xFF, 0xF2,
    0xAA, 0xAA, 0x00, 0x00, 0x00, 0x00, 0x00, 0x00, 0x00, 0x02, 0xAA, 0xAA, 0x3F, 0xFF, 0xF0, 0x00, 0x00, 0x03, 0x80,
    0x00, 0x2F, 0x80, 0x00, 0x2F, 0x80, 0x00, 0x2F, 0x80, 0x00, 0x2F, 0x00, 0x01, 0xF0, 0x02, 0xFD, 0x02, 0xFD, 0x02,
    0xFD, 0x00, 0x3D, 0x00, 0x01, 0x00, 0x00, 0x7F, 0xE0, 0x0A, 0xFF, 0x00, 0x02, 0xE0, 0x00, 0x3C, 0x00, 0x0B, 0x00,
    0x03, 0xC0, 0x02, 0xF0, 0x1B, 0xF0, 0x0B, 0xF0, 0x02, 0xC0, 0x00, 0xB0, 0x00, 0x00, 0x00, 0x00, 0x00, 0x02, 0xD0,
    0x01, 0xFC, 0x00, 0x3D, 0x00, 0x00, 0xBF, 0x80, 0x07, 0xFB, 0xF4, 0x0F, 0x40, 0x3C, 0x2D, 0x00, 0x1E, 0x3C, 0x00,
    0x0E, 0x38, 0x06, 0x8F, 0x38, 0x1F, 0xFF, 0x38, 0x3D, 0x1F, 0x38, 0x3C, 0x0F, 0x38, 0x38, 0x0F, 0x38, 0x38, 0x0F,
    0x38, 0x38, 0x0E, 0x38, 0x3C, 0x0E, 0x38, 0x1F, 0xFC, 0x38, 0x07, 0xF4, 0x3C, 0x00, 0x00, 0x2D, 0x00, 0x00, 0x0F,
    0x40, 0x00, 0x07, 0xFA, 0x80, 0x00, 0xBF, 0xC0, 0x00, 0xF8, 0x00, 0x07, 0xF0, 0x00, 0x2E, 0xC0, 0x00, 0xF7, 0x40,
    0x03, 0x8E, 0x00, 0x1E, 0x3C, 0x00, 0xB4, 0xB0, 0x03, 0xC1, 0xD0, 0x0F, 0x03, 0x80, 0x78, 0x0F, 0x02, 0xFA, 0xBC,
    0x0F, 0xFF, 0xF4, 0x3C, 0x01, 0xE1, 0xE0, 0x03, 0xCB, 0x40, 0x0B, 0x3C, 0x00, 0x1D, 0x3F, 0xFE, 0x00, 0xFA, 0xFF,
    0x03, 0xC0, 0x3D, 0x0F, 0x00, 0x38, 0x3C, 0x00, 0xE0, 0xF0, 0x07, 0x83, 0xC0, 0x7C, 0x0F, 0xFF, 0x80, 0x3E, 0xBF,
    0x80, 0xF0, 0x0B, 0x83, 0xC0, 0x0F, 0x0F, 0x00, 0x3C, 0x3C, 0x00, 0xF0, 0xF0, 0x0B, 0xC3, 0xEA, 0xFC, 0x0F, 0xFF,
    0x80, 0x02, 0xFE, 0x00, 0xFF, 0xFC, 0x2E, 0x02, 0xE3, 0xC0, 0x0F, 0x3C, 0x00, 0x53, 0xC0, 0x00, 0x3C, 0x00, 0x03,
    0xC0, 0x00, 0x3C, 0x00, 0x03, 0xC0, 0x00, 0x3C, 0x00, 0x03, 0xC0, 0x05, 0x3C, 0x00, 0xF2, 0xE0, 0x2E, 0x0F, 0xFF,
    0xC0, 0x2F, 0xE0, 0x3F, 0xFD, 0x03, 0xEB, 0xF8, 0x3C, 0x03, 0xC3, 0xC0, 0x1E, 0x3C, 0x00, 0xE3, 0xC0, 0x0F, 0x3C,
    0x00, 0xF3, 0xC0, 0x0F, 0x3C, 0x00, 0xF3, 0xC0, 0x0F, 0x3C, 0x00, 0xF3, 0xC0, 0x0E, 0x3C, 0x01, 0xE3, 0xC0, 0x3C,
    0x3E, 0xBF, 0x83, 0xFF, 0xD0, 0xFF, 0xFF, 0xFE, 0xAA, 0xAF, 0x00, 0x03, 0xC0, 0x00, 0xF0, 0x00, 0x3C, 0x00, 0x0F,
    0x00, 0x03, 0xFF, 0xFC, 0xFA, 0xAA, 0x3C, 0x00, 0x0F, 0x00, 0x03, 0xC0, 0x00, 0xF0, 0x00, 0x3C, 0x00, 0x0F, 0xAA,
    0xAB, 0xFF, 0xFF, 0xFF, 0xFF, 0xCF, 0xAA, 0xA8, 0xF0, 0x00, 0x0F, 0x00, 0x00, 0xF0, 0x00, 0x0F, 0x00, 0x00, 0xF0,
    0x00, 0x0F, 0xAA, 0xA4, 0xFF, 0xFF, 0x4F, 0x00, 0x00, 0xF0, 0x00, 0x0F, 0x00, 0x00, 0xF0, 0x00, 0x0F, 0x00, 0x00,
    0xF0, 0x00, 0x0F, 0x00, 0x00, 0x02, 0xFE, 0x00, 0xFF, 0xFC, 0x3D, 0x02, 0xD3, 0xC0, 0x0F, 0x38, 0x00, 0xA3, 0x80,
    0x00, 0x38, 0x00, 0x03, 0x80, 0x00, 0x38, 0x3F, 0xF3, 0x82, 0xAF, 0x38, 0x00, 0xF3, 0xC0, 0x0F, 0x3C, 0x00, 0xF3,
    0xD0, 0x2E, 0x0F, 0xFF, 0xC0, 0x2F, 0xE0, 0x3C, 0x01, 0xE3, 0xC0, 0x1E, 0x3C, 0x01, 0xE3, 0xC0, 0x1E, 0x3C, 0x01,
    0xE3, 0xC0, 0x1E, 0x3C, 0x01, 0xE3, 0xFF, 0xFE, 0x3E, 0xAB, 0xE3, 0xC0, 0x1E, 0x3C, 0x01, 0xE3, 0xC0, 0x1E, 0x3C,
    0x01, 0xE3, 0xC0, 0x1E, 0x3C, 0x01, 0xE3, 0xC0, 0x1E, 0xFF, 0xFF, 0x6A, 0xFE, 0x90, 0x2D, 0x00, 0x0B, 0x40, 0x02,
    0xD0, 0x00, 0xB4, 0x00, 0x2D, 0x00, 0x0B, 0x40, 0x02, 0xD0, 0x00, 0xB4, 0x00, 0x2D, 0x00, 0x0B, 0x40, 0x02, 0xD0,
    0x00, 0xB4, 0x0A, 0xBF, 0xA7, 0xFF, 0xFD, 0x00, 0x00, 0xB4, 0x00, 0x02, 0xD0, 0x00, 0x0B, 0x40, 0x00, 0x2D, 0x00,
    0x00, 0xB4, 0x00, 0x02, 0xD0, 0x00, 0x0B, 0x40, 0x00, 0x2D, 0x00, 0x00, 0xB4, 0x00, 0x02, 0xD0, 0x00, 0x0B, 0x4A,
    0x00, 0x2D, 0x3C, 0x00, 0xB0, 0xB8, 0x07, 0xC0, 0xFF, 0xFD, 0x00, 0xBF, 0x80, 0x3C, 0x00, 0xF4, 0xF0, 0x03, 0xC3,
    0xC0, 0x2D, 0x0F, 0x00, 0xF0, 0x3C, 0x0B, 0x40, 0xF0, 0x3C, 0x03, 0xC2, 0xD0, 0x0F, 0xFF, 0x00, 0x3E, 0xBC, 0x00,
    0xF0, 0xB8, 0x03, 0xC0, 0xF0, 0x0F, 0x02, 0xE0, 0x3C, 0x03, 0xC0, 0xF0, 0x0B, 0x83, 0xC0, 0x0F, 0x0F, 0x00, 0x2E,
    0x78, 0x00, 0x07, 0x80, 0x00, 0x78, 0x00, 0x07, 0x80, 0x00, 0x78, 0x00, 0x07, 0x80, 0x00, 0x78, 0x00, 0x07, 0x80,
    0x00, 0x78, 0x00, 0x07, 0x80, 0x00, 0x78, 0x00, 0x07, 0x80, 0x00, 0x78, 0x00, 0x07, 0x80, 0x00, 0x7F, 0xFF, 0xD7,
    0xFF, 0xFE, 0x7D, 0x03, 0xF1, 0xF8, 0x0F, 0xC7, 0xB0, 0x7B, 0x1D, 0xD2, 0xAC, 0x77, 0x8D, 0xB1, 0xDB, 0x72, 0xC7,
    0x5E, 0xCB, 0x1D, 0x3D, 0x2C, 0x74, 0xB0, 0xB1, 0xD0, 0x02, 0xC7, 0x40, 0x0B, 0x1D, 0x00, 0x2C, 0x74, 0x00, 0xB1,
    0xD0, 0x02, 0xC7, 0x40, 0x0B, 0x1D, 0x00, 0x2C, 0x3E, 0x00, 0xE3, 0xF0, 0x0E, 0x3F, 0x40, 0xE3, 0xB8, 0x0E, 0x3B,
    0xC0, 0xE3, 0x9D, 0x0E, 0x38, 0xE0, 0xE3, 0x8B, 0x0E, 0x38, 0x74, 0xE3, 0x83, 0x8E, 0x38, 0x2C, 0xE3, 0x81, 0xDE,
    0x38, 0x0E, 0xE3, 0x80, 0xBE, 0x38, 0x07, 0xE3, 0x80, 0x3E, 0x02, 0xFE, 0x00, 0xFF, 0xF8, 0x3D, 0x03, 0xD3, 0xC0,
    0x1E, 0x38, 0x00, 0xE3, 0x80, 0x0F, 0x38, 0x00, 0xF3, 0x80, 0x0F, 0x38, 0x00, 0xF3, 0x80, 0x0F, 0x38, 0x00, 0xF3,
    0x80, 0x0E, 0x3C, 0x01, 0xE3, 0xD0, 0x3D, 0x0F, 0xFF, 0x80, 0x2F, 0xE0, 0x3F, 0xFE, 0x40, 0xFA, 0xBF, 0x43, 0xC0,
    0x1F, 0x0F, 0x00, 0x2D, 0x3C, 0x00, 0x78, 0xF0, 0x02, 0xD3, 0xC0, 0x0F, 0x4F, 0x00, 0xBC, 0x3F, 0xFF, 0xC0, 0xFA,
    0xA4, 0x03, 0xC0, 0x00, 0x0F, 0x00, 0x00, 0x3C, 0x00, 0x00, 0xF0, 0x00, 0x03, 0xC0, 0x00, 0x0F, 0x00, 0x00, 0x02,
    0xFE, 0x00, 0x7F, 0xFF, 0x03, 0xD0, 0x3D, 0x0F, 0x00, 0x3C, 0x78, 0x00, 0xF1, 0xE0, 0x03, 0xC7, 0x80, 0x0F, 0x1E,
    0x00, 0x3C, 0x78, 0x00, 0xF1, 0xE0, 0x03, 0xC7, 0x80, 0x0F, 0x1E, 0x00, 0x3C, 0x3C, 0x00, 0xF0, 0xF4, 0x0F, 0x41,
    0xFF, 0xFC, 0x00, 0xBF, 0xC0, 0x00, 0x0F, 0x00, 0x00, 0x1E, 0x00, 0x00, 0x3C, 0x00, 0x00, 0x7C, 0x3F, 0xFE, 0x00,
    0xFA, 0xBF, 0x03, 0xC0, 0x2E, 0x0F, 0x00, 0x3C, 0x3C, 0x00, 0xF0, 0xF0, 0x03, 0xC3, 0xC0, 0x0F, 0x0F, 0x00, 0xF8,
    0x3F, 0xFF, 0xC0, 0xFA, 0xF8, 0x03, 0xC1, 0xF0, 0x0F, 0x03, 0xD0, 0x3C, 0x07, 0x80, 0xF0, 0x0F, 0x03, 0xC0, 0x1E,
    0x0F, 0x00, 0x3C, 0x02, 0xFD, 0x00, 0x3F, 0xFE, 0x03, 0xD0, 0x3D, 0x0F, 0x00, 0x78, 0x3C, 0x00, 0x00, 0xF0, 0x00,
    0x01, 0xF9, 0x00, 0x01, 0xFF, 0x80, 0x00, 0x6F, 0xC0, 0x00, 0x0B, 0x80, 0x00, 0x0F, 0x08, 0x00, 0x3C, 0x78, 0x00,
    0xF0, 0xF4, 0x0B, 0x81, 0xFF, 0xFC, 0x01, 0xBF, 0x80, 0xFF, 0xFF, 0xF6, 0xAB, 0xFA, 0x90, 0x0B, 0x40, 0x00, 0x2D,
    0x00, 0x00, 0xB4, 0x00, 0x02, 0xD0, 0x00, 0x0B, 0x40, 0x00, 0x2D, 0x00, 0x00, 0xB4, 0x00, 0x02, 0xD0, 0x00, 0x0B,
    0x40, 0x00, 0x2D, 0x00, 0x00, 0xB4, 0x00, 0x02, 0xD0, 0x00, 0x0B, 0x40, 0x00, 0x2D, 0x00, 0x3C, 0x00, 0xE3, 0xC0,
    0x0E, 0x3C, 0x00, 0xE3, 0xC0, 0x0E, 0x3C, 0x00, 0xE3, 0xC0, 0x0E, 0x3C, 0x00, 0xE3, 0xC0, 0x0E, 0x3C, 0x00, 0xE3,
    0xC0, 0x0E, 0x3C, 0x00, 0xE3, 0xC0, 0x0E, 0x3C, 0x01, 0xE2, 0xD0, 0x3D, 0x0F, 0xFF, 0xC0, 0x2F, 0xE0, 0xF0, 0x00,
    0xB6, 0xD0, 0x03, 0xC7, 0x80, 0x0F, 0x0F, 0x00, 0x38, 0x3C, 0x01, 0xD0, 0xB4, 0x0B, 0x01, 0xE0, 0x3C, 0x03, 0xC0,
    0xE0, 0x0F, 0x07, 0x40, 0x2D, 0x2C, 0x00, 0x78, 0xF0, 0x00, 0xE3, 0x80, 0x03, 0xDD, 0x00, 0x0B, 0xB0, 0x00, 0x1F,
    0xC0, 0x00, 0x3E, 0x00, 0xB0, 0x2D, 0x0B, 0x1D, 0x0F, 0x82, 0xC7, 0x43, 0xE0, 0xF0, 0xE0, 0xEC, 0x3C, 0x38, 0x37,
    0x0E, 0x0E, 0x1D, 0xC3, 0x83, 0xC7, 0x30, 0xD0, 0xB2, 0x8D, 0x74, 0x2C, 0xE3, 0x5C, 0x07, 0x34, 0xEB, 0x01, 0xCD,
    0x2A, 0xC0, 0x77, 0x0B, 0xB0, 0x0E, 0xC1, 0xF8, 0x03, 0xF0, 0x7E, 0x00, 0xFC, 0x0F, 0x40, 0x3E, 0x03, 0xD0, 0x2D,
    0x00, 0x3D, 0x0F, 0x00, 0x78, 0x0B, 0x40, 0xF0, 0x03, 0xC1, 0xE0, 0x02, 0xD3, 0xC0, 0x00, 0xF7, 0x80, 0x00, 0xBF,
    0x00, 0x00, 0x3E, 0x00, 0x00, 0x3E, 0x00, 0x00, 0xBF, 0x00, 0x00, 0xF7, 0xC0, 0x02, 0xD3, 0xD0, 0x03, 0xC0, 0xF0,
    0x0F, 0x00, 0xB4, 0x1E, 0x00, 0x3C, 0x3C, 0x00, 0x2D, 0x3C, 0x00, 0x1E, 0x2D, 0x00, 0x3C, 0x0F, 0x00, 0x38, 0x0B,
    0x40, 0xB4, 0x03, 0xC0, 0xF0, 0x02, 0xC2, 0xD0, 0x01, 0xE3, 0xC0, 0x00, 0xFB, 0x40, 0x00, 0x7F, 0x00, 0x00, 0x3E,
    0x00, 0x00, 0x2D, 0x00, 0x00, 0x2D, 0x00, 0x00, 0x2D, 0x00, 0x00, 0x2D, 0x00, 0x00, 0x2D, 0x00, 0x00, 0x2D, 0x00,
    0x3F, 0xFF, 0xE2, 0xAA, 0xBE, 0x00, 0x02, 0xD0, 0x00, 0x78, 0x00, 0x0F, 0x00, 0x01, 0xE0, 0x00, 0x3C, 0x00, 0x0B,
    0x80, 0x00, 0xF0, 0x00, 0x2D, 0x00, 0x03, 0xC0, 0x00, 0xF4, 0x00, 0x1E, 0x00, 0x03, 0xC0, 0x00, 0x3E, 0xAA, 0xA3,
    0xFF, 0xFF, 0xBF, 0xDB, 0xE9, 0xB0, 0x0B, 0x00, 0xB0, 0x0B, 0x00, 0xB0, 0x0B, 0x00, 0xB0, 0x0B, 0x00, 0xB0, 0x0B,
    0x00, 0xB0, 0x0B, 0x00, 0xB0, 0x0B, 0x00, 0xB0, 0x0B, 0x00, 0xBE, 0x9B, 0xFD, 0x38, 0x00, 0x00, 0xF0, 0x00, 0x01,
    0xD0, 0x00, 0x03, 0xC0, 0x00, 0x0B, 0x00, 0x00, 0x1E, 0x00, 0x00, 0x3C, 0x00, 0x00, 0xB4, 0x00, 0x01, 0xE0, 0x00,
    0x03, 0xC0, 0x00, 0x0B, 0x40, 0x00, 0x0F, 0x00, 0x00, 0x3C, 0x00, 0x00, 0x78, 0x00, 0x00, 0xF0, 0x00, 0x02, 0xD0,
    0x00, 0x07, 0x80, 0x00, 0x0F, 0x00, 0x00, 0x2D, 0x00, 0x00, 0x3C, 0xFF, 0xDA, 0xBD, 0x02, 0xD0, 0x2D, 0x02, 0xD0,
    0x2D, 0x02, 0xD0, 0x2D, 0x02, 0xD0, 0x2D, 0x02, 0xD0, 0x2D, 0x02, 0xD0, 0x2D, 0x02, 0xD0, 0x2D, 0x02, 0xD0, 0x2D,
    0xAB, 0xDF, 0xFD, 0x00, 0x60, 0x00, 0x0F, 0x80, 0x01, 0xEC, 0x00, 0x38, 0xE0, 0x07, 0x4B, 0x00, 0xF0, 0x74, 0x0D,
    0x03, 0xC2, 0xC0, 0x1D, 0x38, 0x00, 0xE0, 0xAA, 0xAA, 0xA2, 0xFF, 0xFF, 0xD0, 0x3C, 0x07, 0x80, 0xB4, 0x06, 0xFE,
    0x01, 0xFE, 0xFC, 0x3C, 0x02, 0xD0, 0x00, 0x0E, 0x06, 0xAB, 0xE2, 0xFF, 0xFE, 0x7C, 0x00, 0xEB, 0x40, 0x0E, 0xB4,
    0x01, 0xE7, 0xC0, 0x3E, 0x3F, 0xFE, 0xE0, 0xBF, 0x4E, 0x3C, 0x00, 0x03, 0xC0, 0x00, 0x3C, 0x00, 0x03, 0xC0, 0x00,
    0x3C, 0xBE, 0x03, 0xFF, 0xFC, 0x3E, 0x02, 0xD3, 0xC0, 0x0E, 0x3C, 0x00, 0xF3, 0xC0, 0x0F, 0x3C, 0x00, 0xF3, 0xC0,
    0x0F, 0x3C, 0x00, 0xE3, 0xE0, 0x2D, 0x3F, 0xFF, 0xC3, 0xCB, 0xE0, 0x02, 0xFE, 0x00, 0xFF, 0xFC, 0x3E, 0x02, 0xE3,
    0xC0, 0x0F, 0x38, 0x00, 0x03, 0x80, 0x00, 0x38, 0x00, 0x03, 0x80, 0x00, 0x3C, 0x00, 0xF3, 0xE0, 0x2E, 0x0F, 0xFF,
    0xC0, 0x2F, 0xE0, 0x00, 0x00, 0xE0, 0x00, 0x0E, 0x00, 0x00, 0xE0, 0x00, 0x0E, 0x07, 0xF4, 0xE1, 0xFF, 0xEE, 0x3D,
    0x03, 0xE3, 0xC0, 0x1E, 0x38, 0x00, 0xE3, 0x80, 0x0E, 0x38, 0x00, 0xE3, 0x80, 0x0E, 0x3C, 0x01, 0xE3, 0xD0, 0x3E,
    0x1F, 0xFE, 0xE0, 0x7F, 0x4E, 0x02, 0xFD, 0x00, 0xFF, 0xF8, 0x3D, 0x02, 0xD3, 0xC0, 0x0E, 0x38, 0x00, 0xF3, 0xFF,
    0xFF, 0x3E, 0xAA, 0xA3, 0x80, 0x00, 0x3C, 0x00, 0x03, 0xD0, 0x2E, 0x0F, 0xEF, 0xC0, 0x2F, 0xE0, 0x00, 0x3F, 0xF0,
    0x03, 0xFA, 0x80, 0x1E, 0x00, 0x00, 0x74, 0x00, 0x01, 0xD0, 0x00, 0x07, 0x40, 0x0F, 0xFF, 0xFF, 0x2A, 0xFE, 0xA8,
    0x01, 0xD0, 0x00, 0x07, 0x40, 0x00, 0x1D, 0x00, 0x00, 0x74, 0x00, 0x01, 0xD0, 0x00, 0x07, 0x40, 0x00, 0x1D, 0x00,
    0x00, 0x74, 0x00, 0x07, 0xF4, 0xE1, 0xFF, 0xEE, 0x3D, 0x03, 0xE3, 0xC0, 0x1E, 0x38, 0x01, 0xE3, 0x80, 0x0E, 0x38,
    0x00, 0xE3, 0xC0, 0x1E, 0x3C, 0x02, 0xE2, 0xE0, 0x7E, 0x0F, 0xFE, 0xE0, 0x2A, 0x0E, 0x00, 0x01, 0xE0, 0x00, 0x2D,
    0x06, 0xAF, 0xC0, 0xBF, 0xE0, 0x3C, 0x00, 0x03, 0xC0, 0x00, 0x3C, 0x00, 0x03, 0xC0, 0x00, 0x3C, 0xBE, 0x03, 0xFF,
    0xFC, 0x3E, 0x03, 0xD3, 0xC0, 0x1E, 0x3C, 0x00, 0xE3, 0xC0, 0x0E, 0x3C, 0x00, 0xE3, 0xC0, 0x0E, 0x3C, 0x00, 0xE3,
    0xC0, 0x0E, 0x3C, 0x00, 0xE3, 0xC0, 0x0E, 0x00, 0x78, 0x00, 0x03, 0xF0, 0x00, 0x07, 0x80, 0x00, 0x00, 0x00, 0x00,
    0x00, 0x00, 0xFF, 0xF0, 0x02, 0xAF, 0xC0, 0x00, 0x0F, 0x00, 0x00, 0x3C, 0x00, 0x00, 0xF0, 0x00, 0x03, 0xC0, 0x00,
    0x0F, 0x00, 0x00, 0x3C, 0x00, 0x00, 0xF0, 0x00, 0x03, 0xC0, 0x0A, 0xBF, 0xA9, 0x3F, 0xFF, 0xF8, 0x00, 0x0A, 0x00,
    0x07, 0xD0, 0x00, 0xF0, 0x00, 0x00, 0x00, 0x00, 0x0F, 0xFF, 0xC2, 0xAA, 0xF0, 0x00, 0x3C, 0x00, 0x0F, 0x00, 0x03,
    0xC0, 0x00, 0xF0, 0x00, 0x3C, 0x00, 0x0F, 0x00, 0x03, 0xC0, 0x00, 0xF0, 0x00, 0x3C, 0x00, 0x0F, 0x00, 0x03, 0xC0,
    0x02, 0xE0, 0xAB, 0xF0, 0x3F, 0xE0, 0x00, 0xF0, 0x00, 0x0F, 0x00, 0x00, 0xF0, 0x00, 0x0F, 0x00, 0x00, 0xF0, 0x03,
    0xCF, 0x00, 0xB8, 0xF0, 0x1F, 0x0F, 0x03, 0xD0, 0xF0, 0xB8, 0x0F, 0xFF, 0x00, 0xFA, 0xF4, 0x0F, 0x07, 0xC0, 0xF0,
    0x2E, 0x0F, 0x00, 0xF0, 0xF0, 0x07, 0xCF, 0x00, 0x3D, 0x7F, 0xF8, 0x00, 0x6A, 0xF8, 0x00, 0x00, 0x78, 0x00, 0x00,
    0x78, 0x00, 0x00, 0x78, 0x00, 0x00, 0x78, 0x00, 0x00, 0x78, 0x00, 0x00, 0x78, 0x00, 0x00, 0x78, 0x00, 0x00, 0x78,
    0x00, 0x00, 0x78, 0x00, 0x00, 0x78, 0x00, 0x00, 0x78, 0x00, 0x00, 0x38, 0x00, 0x00, 0x3F, 0xA9, 0x00, 0x0B, 0xFE,
    0xB7, 0xC7, 0xD2, 0xFF, 0xBF, 0xCB, 0x0B, 0x0B, 0x6C, 0x1C, 0x1D, 0xB0, 0x70, 0x76, 0xC1, 0xC1, 0xDB, 0x07, 0x07,
    0x6C, 0x1C, 0x1D, 0xB0, 0x70, 0x76, 0xC1, 0xC1, 0xDB, 0x07, 0x07, 0x6C, 0x1C, 0x1D, 0x3C, 0xBE, 0x03, 0xFF, 0xFC,
    0x3E, 0x03, 0xD3, 0xC0, 0x1E, 0x3C, 0x00, 0xE3, 0xC0, 0x0E, 0x3C, 0x00, 0xE3, 0xC0, 0x0E, 0x3C, 0x00, 0xE3, 0xC0,
    0x0E, 0x3C, 0x00, 0xE3, 0xC0, 0x0E, 0x02, 0xFE, 0x01, 0xFF, 0xFC, 0x3D, 0x02, 0xD3, 0xC0, 0x0E, 0x38, 0x00, 0xF3,
    0x80, 0x0F, 0x38, 0x00, 0xF3, 0x80, 0x0F, 0x3C, 0x00, 0xE3, 0xD0, 0x2D, 0x1F, 0xFF, 0xC0, 0x2F, 0xE0, 0x3C, 0xBE,
    0x03, 0xFF, 0xFC, 0x3E, 0x02, 0xD3, 0xC0, 0x0E, 0x3C, 0x00, 0xF3, 0xC0, 0x0F, 0x3C, 0x00, 0xF3, 0xC0, 0x0F, 0x3C,
    0x00, 0xE3, 0xE0, 0x2D, 0x3F, 0xFF, 0xC3, 0xCB, 0xE0, 0x3C, 0x00, 0x03, 0xC0, 0x00, 0x3C, 0x00, 0x03, 0xC0, 0x00,
    0x07, 0xF4, 0xE1, 0xFF, 0xEE, 0x3D, 0x03, 0xE3, 0xC0, 0x1E, 0x38, 0x00, 0xE3, 0x80, 0x0E, 0x38, 0x00, 0xE3, 0x80,
    0x0E, 0x3C, 0x01, 0xE3, 0xD0, 0x3E, 0x1F, 0xFE, 0xE0, 0x7F, 0x4E, 0x00, 0x00, 0xE0, 0x00, 0x0E, 0x00, 0x00, 0xE0,
    0x00, 0x0E, 0xB1, 0xFD, 0x0B, 0xBF, 0xF4, 0xBC, 0x07, 0xCB, 0x40, 0x3C, 0xB4, 0x03, 0xCB, 0x00, 0x04, 0xB0, 0x00,
    0x0B, 0x00, 0x00, 0xB0, 0x00, 0x0B, 0x00, 0x00, 0xB0, 0x00, 0x0B, 0x00, 0x00, 0x07, 0xFE, 0x02, 0xFE, 0xFC, 0x3C,
    0x02, 0xD3, 0xC0, 0x00, 0x3D, 0x00, 0x01, 0xFF, 0xE0, 0x01, 0xAF, 0xC0, 0x00, 0x1E, 0x14, 0x00, 0xF3, 0xC0, 0x1E,
    0x2F, 0xEF, 0xD0, 0x7F, 0xE0, 0x00, 0xB0, 0x00, 0x02, 0xC0, 0x00, 0x0B, 0x00, 0x0F, 0xFF, 0xFF, 0x3F, 0xFF, 0xF8,
    0x02, 0xC0, 0x00, 0x0B, 0x00, 0x00, 0x2C, 0x00, 0x00, 0xB0, 0x00, 0x02, 0xC0, 0x00, 0x0B, 0x00, 0x00, 0x2C, 0x00,
    0x00, 0xB4, 0x00, 0x00, 0xFF, 0xE0, 0x01, 0xFF, 0xC0, 0x3C, 0x00, 0xE3, 0xC0, 0x0E, 0x3C, 0x00, 0xE3, 0xC0, 0x0E,
    0x3C, 0x00, 0xE3, 0xC0, 0x0E, 0x3C, 0x00, 0xE3, 0xC0, 0x0E, 0x3C, 0x01, 0xE2, 0xE0, 0x3D, 0x0F, 0xFF, 0x80, 0x2F,
    0xD0, 0xB4, 0x00, 0xB5, 0xE0, 0x03, 0xC3, 0xC0, 0x1E, 0x0B, 0x40, 0xB4, 0x1E, 0x03, 0xC0, 0x3C, 0x0E, 0x00, 0xB0,
    0xB4, 0x01, 0xE3, 0xC0, 0x03, 0xCE, 0x00, 0x0F, 0xB4, 0x00, 0x1F, 0xC0, 0x00, 0x3E, 0x00, 0x74, 0x2D, 0x0B, 0x34,
    0x3E, 0x0E, 0x38, 0x3E, 0x0E, 0x3C, 0x37, 0x0D, 0x2C, 0x77, 0x1C, 0x1C, 0xA3, 0x1C, 0x1C, 0xE3, 0x6C, 0x0D, 0xD3,
    0xA8, 0x0E, 0xC2, 0xB8, 0x0F, 0xC2, 0xF4, 0x0B, 0xC1, 0xF0, 0x0B, 0x80, 0xF0, 0x7C, 0x00, 0xF0, 0xB4, 0x0F, 0x40,
    0xF0, 0x78, 0x01, 0xE3, 0xC0, 0x02, 0xED, 0x00, 0x03, 0xE0, 0x00, 0x1F, 0xC0, 0x00, 0xFB, 0x80, 0x0B, 0x4F, 0x00,
    0x7C, 0x1F, 0x03, 0xC0, 0x2E, 0x2E, 0x00, 0x3C, 0xB4, 0x00, 0xB5, 0xE0, 0x03, 0xC3, 0xC0, 0x1E, 0x0B, 0x40, 0xB0,
    0x0F, 0x03, 0xC0, 0x3C, 0x1D, 0x00, 0x78, 0xB0, 0x00, 0xF3, 0xC0, 0x02, 0xED, 0x00, 0x07, 0xF0, 0x00, 0x0F, 0x80,
    0x00, 0x2D, 0x00, 0x00, 0xF0, 0x00, 0x07, 0x80, 0x00, 0x2D, 0x00, 0x00, 0xF0, 0x00, 0x3F, 0xFF, 0xD2, 0xAA, 0xBD,
    0x00, 0x07, 0xC0, 0x00, 0xF4, 0x00, 0x3D, 0x00, 0x0B, 0x80, 0x01, 0xF0, 0x00, 0x3C, 0x00, 0x0F, 0x40, 0x02, 0xE0,
    0x00, 0x3E, 0xAA, 0xA3, 0xFF, 0xFE, 0x00, 0x07, 0xE0, 0x03, 0xF9, 0x00, 0x3C, 0x00, 0x03, 0x80, 0x00, 0x3C, 0x00,
    0x03, 0xC0, 0x00, 0x3C, 0x00, 0x03, 0xC0, 0x00, 0x78, 0x07, 0xFD, 0x00, 0x6B, 0xF0, 0x00, 0x03, 0x80, 0x00, 0x3C,
    0x00, 0x03, 0xC0, 0x00, 0x3C, 0x00, 0x03, 0xC0, 0x00, 0x38, 0x00, 0x03, 0xC0, 0x00, 0x2F, 0x90, 0x00, 0x7E, 0xB6,
    0xDB, 0x6D, 0xB6, 0xDB, 0x6D, 0xB6, 0xDB, 0x6D, 0xB6, 0xDB, 0x6D, 0xB6, 0xDB, 0x6D, 0xFD, 0x00, 0x0B, 0xF4, 0x00,
    0x07, 0xC0, 0x00, 0x3C, 0x00, 0x03, 0x80, 0x00, 0x78, 0x00, 0x0B, 0x40, 0x00, 0xB4, 0x00, 0x07, 0x80, 0x00, 0x1F,
    0xFC, 0x03, 0xFA, 0x80, 0x78, 0x00, 0x0B, 0x40, 0x00, 0xB4, 0x00, 0x07, 0x80, 0x00, 0x38, 0x00, 0x03, 0xC0, 0x00,
    0x7C, 0x00, 0xBF, 0x40, 0x0F, 0xD0, 0x00, 0x06, 0x40, 0x60, 0xFF, 0x42, 0xC7, 0x4F, 0x0B, 0x2D, 0x0F, 0xBC, 0xB4,
    0x0F, 0x80, 0x3D, 0x3F, 0x2D, 0x00, 0x00, 0x2C, 0x2C, 0x2C, 0x2C, 0x2D, 0x2D, 0x2D, 0x2D, 0x3D, 0x3D, 0x3D, 0x00,
    0x70, 0x00, 0x07, 0x00, 0x00, 0x70, 0x00, 0x3F, 0xE0, 0x1F, 0xFF, 0xC3, 0xD7, 0x1E, 0x3C, 0x70, 0xF3, 0x87, 0x00,
    0x38, 0x70, 0x03, 0x87, 0x00, 0x38, 0x70, 0x03, 0xC7, 0x0F, 0x3D, 0x71, 0xE1, 0xFF, 0xBC, 0x07, 0xFF, 0x00, 0x07,
    0x00, 0x00, 0x70, 0x00, 0x07, 0x00, 0x02, 0xFE, 0x00, 0x7F, 0xFF, 0x03, 0xD0, 0x3D, 0x0F, 0x00, 0x78, 0x3C, 0x00,
    0x40, 0xF0, 0x00, 0x02, 0xD0, 0x00, 0x03, 0xC0, 0x00, 0x7F, 0xFF, 0x01, 0xBF, 0xA8, 0x00, 0x3C, 0x00, 0x01, 0xE0,
    0x00, 0x0F, 0x00, 0x00, 0xF4, 0x00, 0x07, 0xEA, 0xAA, 0x1F, 0xFF, 0xFC, 0x00, 0x00, 0x00, 0x2C, 0x00, 0x0C, 0x2F,
    0xBF, 0x7D, 0x0F, 0xFF, 0xF8, 0x07, 0x40, 0xF0, 0x0E, 0x00, 0x34, 0x0E, 0x00, 0x38, 0x0E, 0x00, 0x34, 0x07, 0x40,
    0xF0, 0x0F, 0xFF, 0xF8, 0x2F, 0xBF, 0x7D, 0x1C, 0x00, 0x1C, 0x00, 0x00, 0x00, 0x3C, 0x00, 0x1E, 0x2D, 0x00, 0x3C,
    0x0F, 0x00, 0x38, 0x0B, 0x40, 0xB0, 0x03, 0xC0, 0xF0, 0x02, 0xD2, 0xD0, 0x00, 0xE3, 0xC0, 0x00, 0xBB, 0x40, 0x2A,
    0xFF, 0xA8, 0x2F, 0xFF, 0xFD, 0x00, 0x2D, 0x00, 0x00, 0x2D, 0x00, 0x2F, 0xFF, 0xFD, 0x2A, 0xBF, 0xA8, 0x00, 0x2D,
    0x00, 0x00, 0x2D, 0x00, 0xB6, 0xDB, 0x6D, 0xB6, 0xDB, 0x6D, 0x00, 0x00, 0x00, 0xB6, 0xDB, 0x6D, 0xB6, 0xDB, 0x6D,
    0x07, 0xFE, 0x02, 0xFE, 0xFC, 0x3C, 0x01, 0xE3, 0xC0, 0x00, 0x3C, 0x00, 0x01, 0xF9, 0x40, 0x07, 0xFF, 0x41, 0xF6,
    0xFD, 0x3C, 0x01, 0xF3, 0xC0, 0x0F, 0x3C, 0x00, 0xE2, 0xE0, 0x2C, 0x0B, 0xFF, 0x40, 0x01, 0xBD, 0x00, 0x01, 0xF1,
    0x00, 0x0F, 0x7C, 0x01, 0xF3, 0xFE, 0xFD, 0x0B, 0xFE, 0x00, 0x28, 0x1D, 0x7D, 0x2F, 0x3C, 0x1E, 0x01, 0xBF, 0x80,
    0x0B, 0x41, 0xB0, 0x1C, 0x00, 0x1C, 0x34, 0x7F, 0x0D, 0x30, 0xD2, 0xCA, 0x30, 0xC0, 0x0A, 0x30, 0xC0, 0x0A, 0x30,
    0xC0, 0x0A, 0x30, 0xD2, 0xCA, 0x34, 0x7F, 0x0D, 0x1C, 0x00, 0x1C, 0x0B, 0x40, 0x74, 0x01, 0xFF, 0x80, 0x00, 0x00,
    0x00, 0x00, 0x01, 0xFC, 0x14, 0xA2, 0xFF, 0x35, 0x77, 0x0B, 0x3F, 0x70, 0x00, 0x00, 0xB4, 0x2D, 0x02, 0xE0, 0xB8,
    0x07, 0xC1, 0xE0, 0x0F, 0x03, 0xC0, 0x3C, 0x0F, 0x00, 0x3C, 0x0F, 0x00, 0x0F, 0x03, 0xC0, 0x07, 0xC1, 0xF0, 0x02,
    0xE0, 0xB8, 0x00, 0xB4, 0x2D, 0xAA, 0xAA, 0x7F, 0xFF, 0xE0, 0x00, 0x78, 0x00, 0x1E, 0x00, 0x07, 0x40, 0x2A, 0xA9,
    0x3F, 0xFE, 0x01, 0xBF, 0x80, 0x0B, 0x40, 0xB4, 0x1C, 0x00, 0x1C, 0x34, 0xFF, 0x0D, 0x30, 0xD2, 0x8A, 0x30, 0xD2,
    0x8A, 0x30, 0xFF, 0x0A, 0x30, 0xD7, 0x0A, 0x30, 0xD3, 0x4A, 0x34, 0xD2, 0x8D, 0x1C, 0x00, 0x1C, 0x0B, 0x40, 0xB4,
    0x01, 0xBF, 0x80, 0x2A, 0xA9, 0x3F, 0xFE, 0x1F, 0xC1, 0xD2, 0xCE, 0x03, 0x78, 0x0D, 0x70, 0xB0, 0x7F, 0x00, 0x00,
    0xB0, 0x00, 0x02, 0xC0, 0x00, 0x0B, 0x00, 0x00, 0x2C, 0x00, 0xBF, 0xFF, 0xF1, 0xAB, 0xFA, 0x80, 0x0B, 0x00, 0x00,
    0x2C, 0x00, 0x00, 0xB0, 0x00, 0x02, 0xC0, 0x05, 0x5F, 0x95, 0x2F, 0xFF, 0xFC, 0x1F, 0xD1, 0xE7, 0xCA, 0x03, 0x80,
    0x0D, 0x00, 0xE0, 0x1E, 0x02, 0xD0, 0x2E, 0x54, 0xBF, 0xF8, 0x2F, 0xFD, 0x05, 0x6C, 0x00, 0xB0, 0x02, 0xE0, 0x00,
    0x7C, 0x00, 0x0E, 0x38, 0x0E, 0x2E, 0x6D, 0x0B, 0xF4, 0x07, 0x80, 0xF0, 0x3C, 0x00, 0x3C, 0x01, 0xE3, 0xC0, 0x1E,
    0x3C, 0x01, 0xE3, 0xC0, 0x1E, 0x3C, 0x01, 0xE3, 0xC0, 0x1E, 0x3C, 0x01, 0xE3, 0xC0, 0x1E, 0x3C, 0x01, 0xE3, 0xE0,
    0x3E, 0x3F, 0xFE, 0xE3, 0xDF, 0x9E, 0x3C, 0x00, 0x03, 0xC0, 0x00, 0x3C, 0x00, 0x03, 0xC0, 0x00, 0x0B, 0xF0, 0xE3,
    0xFF, 0x0E, 0x7F, 0xF0, 0xEB, 0xFF, 0x0E, 0xBF, 0xF0, 0xEB, 0xFF, 0x0E, 0x7F, 0xF0, 0xE3, 0xFF, 0x0E, 0x0B, 0xF0,
    0xE0, 0x0B, 0x0E, 0x00, 0xB0, 0xE0, 0x0B, 0x0E, 0x00, 0xB0, 0xE0, 0x0B, 0x0E, 0x00, 0xB0, 0xE0, 0x0B, 0x0E, 0x00,
    0xB0, 0xE0, 0x0B, 0x0E, 0x00, 0xB0, 0xE0, 0x0B, 0x0E, 0x3E, 0x1F, 0xC3, 0xE0, 0x24, 0x0E, 0x00, 0x76, 0xBE, 0xBE,
    0x00, 0x1F, 0x80, 0xBB, 0x80, 0x83, 0x80, 0x03, 0x80, 0x03, 0x80, 0x03, 0x80, 0x03, 0x80, 0x57, 0xD4, 0xFF, 0xFC,
    0x00, 0x01, 0xFC, 0x39, 0xE3, 0x06, 0x30, 0x63, 0x4A, 0x1F, 0xC0, 0x00, 0x3D, 0x0F, 0x40, 0x0F, 0x03, 0xC0, 0x03,
    0xC1, 0xF0, 0x01, 0xE0, 0x78, 0x00, 0xB8, 0x2E, 0x00, 0xB8, 0x2E, 0x01, 0xF0, 0x7C, 0x03, 0xC1, 0xF0, 0x0F, 0x03,
    0xC0, 0x3D, 0x0F, 0x40, 0x06, 0x00, 0x02, 0x0B, 0xD0, 0x03, 0xC2, 0x34, 0x02, 0xC0, 0x0D, 0x01, 0xD0, 0x03, 0x40,
    0xF0, 0x00, 0xD0, 0xF0, 0x07, 0xFF, 0xF4, 0x00, 0x00, 0x78, 0x00, 0x00, 0x3C, 0x00, 0x00, 0x2D, 0x1C, 0x00, 0x1E,
    0x0D, 0x00, 0x0F, 0x0A, 0x00, 0x0B, 0x47, 0x0D, 0x03, 0x82, 0xFF, 0x43, 0xC0, 0x00, 0xD2, 0xC0, 0x00, 0x34, 0x01,
    0x00, 0x01, 0x07, 0xD0, 0x03, 0xC2, 0x34, 0x02, 0xC0, 0x0D, 0x01, 0xE0, 0x03, 0x40, 0xF0, 0x00, 0xD0, 0xF0, 0x07,
    0xFF, 0xF4, 0x00, 0x00, 0x7C, 0x00, 0x00, 0x3C, 0x00, 0x00, 0x2D, 0x7E, 0x00, 0x0E, 0x34, 0xE0, 0x0F, 0x04, 0x1C,
    0x0B, 0x40, 0x0E, 0x03, 0x80, 0x1E, 0x03, 0xC0, 0x3C, 0x01, 0xD0, 0x1F, 0xFC, 0x00, 0x00, 0x00, 0x00, 0x3F, 0xE0,
    0x0B, 0x00, 0x74, 0x07, 0x80, 0x34, 0x03, 0xC0, 0x1F, 0x42, 0xC0, 0x00, 0xB1, 0xE0, 0x1C, 0x2C, 0xF0, 0x02, 0xFC,
    0xB0, 0x00, 0x00, 0x78, 0x00, 0x00, 0x3C, 0x00, 0x00, 0x2C, 0x1C, 0x00, 0x0E, 0x0D, 0x00, 0x0F, 0x0A, 0x00, 0x0B,
    0x07, 0x0D, 0x03, 0x82, 0xFF, 0x43, 0xC0, 0x00, 0xD2, 0xC0, 0x00, 0x34, 0x00, 0xF8, 0x00, 0xFC, 0x00, 0xB4, 0x00,
    0x00, 0x00, 0x00, 0x00, 0xB4, 0x00, 0xB4, 0x07, 0xF4, 0x2F, 0xA0, 0x3C, 0x00, 0x74, 0x00, 0xB4, 0x00, 0x78, 0x00,
    0x3D, 0x00, 0x1F, 0xEA, 0x06, 0xFF, 0x07, 0x80, 0x00, 0x0B, 0x40, 0x00, 0x0F, 0x00, 0x00, 0x00, 0x00, 0x00, 0xF8,
    0x00, 0x07, 0xF0, 0x00, 0x2E, 0xC0, 0x00, 0xF7, 0x40, 0x03, 0x8E, 0x00, 0x1E, 0x3C, 0x00, 0xB4, 0xB0, 0x03, 0xC1,
    0xD0, 0x0F, 0x03, 0x80, 0x78, 0x0F, 0x02, 0xFA, 0xBC, 0x0F, 0xFF, 0xF4, 0x3C, 0x01, 0xE1, 0xE0, 0x03, 0xCB, 0x40,
    0x0B, 0x3C, 0x00, 0x1D, 0x00, 0x0F, 0x00, 0x00, 0xF0, 0x00, 0x0B, 0x40, 0x00, 0x00, 0x00, 0x00, 0xF8, 0x00, 0x07,
    0xF0, 0x00, 0x2E, 0xC0, 0x00, 0xF7, 0x40, 0x03, 0x8E, 0x00, 0x1E, 0x3C, 0x00, 0xB4, 0xB0, 0x03, 0xC1, 0xD0, 0x0F,
    0x03, 0x80, 0x78, 0x0F, 0x02, 0xFA, 0xBC, 0x0F, 0xFF, 0xF4, 0x3C, 0x01, 0xE1, 0xE0, 0x03, 0xCB, 0x40, 0x0B, 0x3C,
    0x00, 0x1D, 0x00, 0xF8, 0x00, 0x0F, 0xB8, 0x00, 0xF0, 0xB8, 0x00, 0x00, 0x00, 0x00, 0xF8, 0x00, 0x07, 0xF0, 0x00,
    0x2E, 0xC0, 0x00, 0xF7, 0x40, 0x03, 0x8E, 0x00, 0x1E, 0x3C, 0x00, 0xB4, 0xB0, 0x03, 0xC1, 0xD0, 0x0F, 0x03, 0x80,
    0x78, 0x0F, 0x02, 0xFA, 0xBC, 0x0F, 0xFF, 0xF4, 0x3C, 0x01, 0xE1, 0xE0, 0x03, 0xCB, 0x40, 0x0B, 0x3C, 0x00, 0x1D,
    0x00, 0x00, 0x00, 0x1F, 0x0A, 0x00, 0xEB, 0x38, 0x03, 0x4B, 0xC0, 0x00, 0x00, 0x00, 0x00, 0x00, 0x00, 0x0F, 0x80,
    0x00, 0x7F, 0x00, 0x02, 0xEC, 0x00, 0x0F, 0x74, 0x00, 0x38, 0xE0, 0x01, 0xE3, 0xC0, 0x0B, 0x4B, 0x00, 0x3C, 0x1D,
    0x00, 0xF0, 0x38, 0x07, 0x80, 0xF0, 0x2F, 0xAB, 0xC0, 0xFF, 0xFF, 0x43, 0xC0, 0x1E, 0x1E, 0x00, 0x3C, 0xB4, 0x00,
    0xB3, 0xC0, 0x01, 0xD0, 0x0A, 0x07, 0x40, 0x7D, 0x2F, 0x00, 0xF0, 0x78, 0x00, 0x00, 0x00, 0x00, 0xF8, 0x00, 0x07,
    0xF0, 0x00, 0x2E, 0xC0, 0x00, 0xF7, 0x40, 0x03, 0x8E, 0x00, 0x1E, 0x3C, 0x00, 0xB4, 0xB0, 0x03, 0xC1, 0xD0, 0x0F,
    0x03, 0x80, 0x78, 0x0F, 0x02, 0xFA, 0xBC, 0x0F, 0xFF, 0xF4, 0x3C, 0x01, 0xE1, 0xE0, 0x03, 0xCB, 0x40, 0x0B, 0x3C,
    0x00, 0x1D, 0x01, 0xF8, 0x00, 0x0D, 0x38, 0x00, 0x30, 0x70, 0x00, 0xD3, 0x80, 0x01, 0xF8, 0x00, 0x03, 0xE0, 0x00,
    0x1F, 0xC0, 0x00, 0xBB, 0x00, 0x03, 0xDD, 0x00, 0x0E, 0x38, 0x00, 0x78, 0xF0, 0x02, 0xD2, 0xC0, 0x0F, 0x07, 0x40,
    0x3C, 0x0E, 0x01, 0xE0, 0x3C, 0x0B, 0xEA, 0xF0, 0x3F, 0xFF, 0xD0, 0xF0, 0x07, 0x87, 0x80, 0x0F, 0x2D, 0x00, 0x2C,
    0xF0, 0x00, 0x74, 0x01, 0xFF, 0xFF, 0x02, 0xFF, 0xEA, 0x03, 0xCB, 0x00, 0x03, 0xCB, 0x00, 0x03, 0x8B, 0x00, 0x07,
    0x4B, 0x00, 0x0B, 0x4B, 0x00, 0x0F, 0x0B, 0xFD, 0x0F, 0x0B, 0xE9, 0x0F, 0x0B, 0x00, 0x1F, 0xFF, 0x00, 0x2F, 0xAF,
    0x00, 0x2C, 0x0B, 0x00, 0x3C, 0x0B, 0x00, 0x3C, 0x0B, 0xEA, 0x78, 0x0B, 0xFF, 0x02, 0xFE, 0x00, 0xFF, 0xFC, 0x2E,
    0x02, 0xE3, 0xC0, 0x0F, 0x3C, 0x00, 0x53, 0xC0, 0x00, 0x3C, 0x00, 0x03, 0xC0, 0x00, 0x3C, 0x00, 0x03, 0xC0, 0x00,
    0x3C, 0x00, 0x03, 0xC0, 0x05, 0x3C, 0x00, 0xF2, 0xE0, 0x2E, 0x0F, 0xFF, 0xC0, 0x2F, 0xE0, 0x00, 0xE0, 0x00, 0x06,
    0xC0, 0x00, 0x1E, 0x00, 0x2F, 0xD0, 0x01, 0xA4, 0x00, 0x0F, 0x00, 0x01, 0xE0, 0x00, 0x2D, 0x00, 0x00, 0x00, 0xFF,
    0xFF, 0xFE, 0xAA, 0xAF, 0x00, 0x03, 0xC0, 0x00, 0xF0, 0x00, 0x3C, 0x00, 0x0F, 0x00, 0x03, 0xFF, 0xFC, 0xFA, 0xAA,
    0x3C, 0x00, 0x0F, 0x00, 0x03, 0xC0, 0x00, 0xF0, 0x00, 0x3C, 0x00, 0x0F, 0xAA, 0xAB, 0xFF, 0xFF, 0x00, 0x3C, 0x00,
    0x2D, 0x00, 0x1E, 0x00, 0x00, 0x00, 0xFF, 0xFF, 0xFE, 0xAA, 0xAF, 0x00, 0x03, 0xC0, 0x00, 0xF0, 0x00, 0x3C, 0x00,
    0x0F, 0x00, 0x03, 0xFF, 0xFC, 0xFA, 0xAA, 0x3C, 0x00, 0x0F, 0x00, 0x03, 0xC0, 0x00, 0xF0, 0x00, 0x3C, 0x00, 0x0F,
    0xAA, 0xAB, 0xFF, 0xFF, 0x03, 0xF0, 0x03, 0xEF, 0x03, 0xD1, 0xF0, 0x00, 0x00, 0xFF, 0xFF, 0xFE, 0xAA, 0xAF, 0x00,
    0x03, 0xC0, 0x00, 0xF0, 0x00, 0x3C, 0x00, 0x0F, 0x00, 0x03, 0xFF, 0xFC, 0xFA, 0xAA, 0x3C, 0x00, 0x0F, 0x00, 0x03,
    0xC0, 0x00, 0xF0, 0x00, 0x3C, 0x00, 0x0F, 0xAA, 0xAB, 0xFF, 0xFF, 0x2C, 0x0E, 0x0F, 0x47, 0xC3, 0xC0, 0xF0, 0x00,
    0x00, 0xFF, 0xFF, 0xFE, 0xAA, 0xAF, 0x00, 0x03, 0xC0, 0x00, 0xF0, 0x00, 0x3C, 0x00, 0x0F, 0x00, 0x03, 0xFF, 0xFC,
    0xFA, 0xAA, 0x3C, 0x00, 0x0F, 0x00, 0x03, 0xC0, 0x00, 0xF0, 0x00, 0x3C, 0x00, 0x0F, 0xAA, 0xAB, 0xFF, 0xFF, 0x1E,
    0x00, 0x02, 0xD0, 0x00, 0x3C, 0x00, 0x00, 0x00, 0xFF, 0xFF, 0x6A, 0xFE, 0x90, 0x2D, 0x00, 0x0B, 0x40, 0x02, 0xD0,
    0x00, 0xB4, 0x00, 0x2D, 0x00, 0x0B, 0x40, 0x02, 0xD0, 0x00, 0xB4, 0x00, 0x2D, 0x00, 0x0B, 0x40, 0x02, 0xD0, 0x00,
    0xB4, 0x0A, 0xBF, 0xA7, 0xFF, 0xFD, 0x00, 0x3C, 0x00, 0x3C, 0x00, 0x2D, 0x00, 0x00, 0x00, 0xFF, 0xFF, 0x6A, 0xFE,
    0x90, 0x2D, 0x00, 0x0B, 0x40, 0x02, 0xD0, 0x00, 0xB4, 0x00, 0x2D, 0x00, 0x0B, 0x40, 0x02, 0xD0, 0x00, 0xB4, 0x00,
    0x2D, 0x00, 0x0B, 0x40, 0x02, 0xD0, 0x00, 0xB4, 0x0A, 0xBF, 0xA7, 0xFF, 0xFD, 0x03, 0xE0, 0x03, 0xEE, 0x03, 0xC2,
    0xE0, 0x00, 0x00, 0xFF, 0xFF, 0x6A, 0xFE, 0x90, 0x2D, 0x00, 0x0B, 0x40, 0x02, 0xD0, 0x00, 0xB4, 0x00, 0x2D, 0x00,
    0x0B, 0x40, 0x02, 0xD0, 0x00, 0xB4, 0x00, 0x2D, 0x00, 0x0B, 0x40, 0x02, 0xD0, 0x00, 0xB4, 0x0A, 0xBF, 0xA7, 0xFF,
    0xFD, 0x28, 0x1D, 0x1F, 0x4B, 0xC3, 0xC1, 0xE0, 0x00, 0x00, 0xFF, 0xFF, 0x6A, 0xFE, 0x90, 0x2D, 0x00, 0x0B, 0x40,
    0x02, 0xD0, 0x00, 0xB4, 0x00, 0x2D, 0x00, 0x0B, 0x40, 0x02, 0xD0, 0x00, 0xB4, 0x00, 0x2D, 0x00, 0x0B, 0x40, 0x02,
    0xD0, 0x00, 0xB4, 0x0A, 0xBF, 0xA7, 0xFF, 0xFD, 0x0F, 0xFF, 0x40, 0x3E, 0xBF, 0x80, 0xF0, 0x0F, 0x03, 0xC0, 0x1E,
    0x0F, 0x00, 0x38, 0x3C, 0x00, 0xF0, 0xF0, 0x03, 0xEB, 0xE8, 0x0F, 0xFF, 0xF0, 0x3C, 0x3C, 0x00, 0xF0, 0xF0, 0x03,
    0xC3, 0xC0, 0x0E, 0x0F, 0x00, 0x78, 0x3C, 0x03, 0xC0, 0xFA, 0xFE, 0x03, 0xFF, 0xD0, 0x00, 0x00, 0x00, 0x7C, 0x28,
    0x0E, 0xB3, 0x80, 0xD2, 0xF0, 0x00, 0x00, 0x00, 0x00, 0x00, 0x3E, 0x00, 0xE3, 0xF0, 0x0E, 0x3F, 0x40, 0xE3, 0xB8,
    0x0E, 0x3B, 0xC0, 0xE3, 0x9D, 0x0E, 0x38, 0xE0, 0xE3, 0x8B, 0x0E, 0x38, 0x74, 0xE3, 0x83, 0x8E, 0x38, 0x2C, 0xE3,
    0x81, 0xDE, 0x38, 0x0E, 0xE3, 0x80, 0xBE, 0x38, 0x07, 0xE3, 0x80, 0x3E, 0x07, 0x80, 0x00, 0x2D, 0x00, 0x00, 0xF0,
    0x00, 0x00, 0x00, 0x02, 0xFE, 0x00, 0xFF, 0xF8, 0x3D, 0x03, 0xD3, 0xC0, 0x1E, 0x38, 0x00, 0xE3, 0x80, 0x0F, 0x38,
    0x00, 0xF3, 0x80, 0x0F, 0x38, 0x00, 0xF3, 0x80, 0x0F, 0x38, 0x00, 0xF3, 0x80, 0x0E, 0x3C, 0x01, 0xE3, 0xD0, 0x3D,
    0x0F, 0xFF, 0x80, 0x2F, 0xE0, 0x00, 0x0F, 0x00, 0x03, 0xC0, 0x00, 0xB4, 0x00, 0x00, 0x00, 0x02, 0xFE, 0x00, 0xFF,
    0xF8, 0x3D, 0x03, 0xD3, 0xC0, 0x1E, 0x38, 0x00, 0xE3, 0x80, 0x0F, 0x38, 0x00, 0xF3, 0x80, 0x0F, 0x38, 0x00, 0xF3,
    0x80, 0x0F, 0x38, 0x00, 0xF3, 0x80, 0x0E, 0x3C, 0x01, 0xE3, 0xD0, 0x3D, 0x0F, 0xFF, 0x80, 0x2F, 0xE0, 0x00, 0xF8,
    0x00, 0x3E, 0xE0, 0x0F, 0x0B, 0x80, 0x00, 0x00, 0x02, 0xFE, 0x00, 0xFF, 0xF8, 0x3D, 0x03, 0xD3, 0xC0, 0x1E, 0x38,
    0x00, 0xE3, 0x80, 0x0F, 0x38, 0x00, 0xF3, 0x80, 0x0F, 0x38, 0x00, 0xF3, 0x80, 0x0F, 0x38, 0x00, 0xF3, 0x80, 0x0E,
    0x3C, 0x01, 0xE3, 0xD0, 0x3D, 0x0F, 0xFF, 0x80, 0x2F, 0xE0, 0x00, 0x00, 0x00, 0x7C, 0x28, 0x0E, 0xB3, 0x80, 0xD2,
    0xF0, 0x00, 0x00, 0x00, 0x00, 0x00, 0x02, 0xFE, 0x00, 0xFF, 0xF8, 0x3D, 0x03, 0xD3, 0xC0, 0x1E, 0x38, 0x00, 0xE3,
    0x80, 0x0F, 0x38, 0x00, 0xF3, 0x80, 0x0F, 0x38, 0x00, 0xF3, 0x80, 0x0F, 0x38, 0x00, 0xF3, 0x80, 0x0E, 0x3C, 0x01,
    0xE3, 0xD0, 0x3D, 0x0F, 0xFF, 0x80, 0x2F, 0xE0, 0x0A, 0x07, 0x41, 0xF4, 0xBC, 0x0F, 0x07, 0x80, 0x00, 0x00, 0x02,
    0xFE, 0x00, 0xFF, 0xF8, 0x3D, 0x03, 0xD3, 0xC0, 0x1E, 0x38, 0x00, 0xE3, 0x80, 0x0F, 0x38, 0x00, 0xF3, 0x80, 0x0F,
    0x38, 0x00, 0xF3, 0x80, 0x0F, 0x38, 0x00, 0xF3, 0x80, 0x0E, 0x3C, 0x01, 0xE3, 0xD0, 0x3D, 0x0F, 0xFF, 0x80, 0x2F,
    0xE0, 0x00, 0x00, 0x08, 0x01, 0x87, 0x81, 0xF0, 0x79, 0xF0, 0x07, 0xF0, 0x01, 0xF8, 0x01, 0xF7, 0x81, 0xF0, 0x78,
    0x70, 0x07, 0x00, 0x00, 0x00, 0x00, 0xBF, 0x9E, 0x03, 0xFF, 0xFC, 0x0F, 0x40, 0xF8, 0x0F, 0x00, 0xF8, 0x0F, 0x01,
    0xF8, 0x0E, 0x03, 0xFC, 0x0E, 0x0B, 0x7C, 0x0E, 0x0E, 0x3C, 0x0E, 0x2C, 0x3C, 0x0E, 0x74, 0x3C, 0x0E, 0xF0, 0x3C,
    0x0F, 0xD0, 0x38, 0x0F, 0xC0, 0x78, 0x0F, 0x80, 0xF4, 0x0F, 0xFF, 0xF0, 0x2D, 0xBF, 0x80, 0x14, 0x00, 0x00, 0x07,
    0x80, 0x00, 0x2D, 0x00, 0x00, 0xF0, 0x00, 0x00, 0x00, 0x3C, 0x00, 0xE3, 0xC0, 0x0E, 0x3C, 0x00, 0xE3, 0xC0, 0x0E,
    0x3C, 0x00, 0xE3, 0xC0, 0x0E, 0x3C, 0x00, 0xE3, 0xC0, 0x0E, 0x3C, 0x00, 0xE3, 0xC0, 0x0E, 0x3C, 0x00, 0xE3, 0xC0,
    0x0E, 0x3C, 0x01, 0xE2, 0xD0, 0x3D, 0x0F, 0xFF, 0xC0, 0x2F, 0xE0, 0x00, 0x0F, 0x00, 0x03, 0xC0, 0x00, 0xB4, 0x00,
    0x00, 0x00, 0x3C, 0x00, 0xE3, 0xC0, 0x0E, 0x3C, 0x00, 0xE3, 0xC0, 0x0E, 0x3C, 0x00, 0xE3, 0xC0, 0x0E, 0x3C, 0x00,
    0xE3, 0xC0, 0x0E, 0x3C, 0x00, 0xE3, 0xC0, 0x0E, 0x3C, 0x00, 0xE3, 0xC0, 0x0E, 0x3C, 0x01, 0xE2, 0xD0, 0x3D, 0x0F,
    0xFF, 0xC0, 0x2F, 0xE0, 0x00, 0xF8, 0x00, 0x3E, 0xE0, 0x0F, 0x0B, 0x80, 0x00, 0x00, 0x3C, 0x00, 0xE3, 0xC0, 0x0E,
    0x3C, 0x00, 0xE3, 0xC0, 0x0E, 0x3C, 0x00, 0xE3, 0xC0, 0x0E, 0x3C, 0x00, 0xE3, 0xC0, 0x0E, 0x3C, 0x00, 0xE3, 0xC0,
    0x0E, 0x3C, 0x00, 0xE3, 0xC0, 0x0E, 0x3C, 0x01, 0xE2, 0xD0, 0x3D, 0x0F, 0xFF, 0xC0, 0x2F, 0xE0, 0x0A, 0x07, 0x41,
    0xF4, 0xBC, 0x0F, 0x07, 0x80, 0x00, 0x00, 0x3C, 0x00, 0xE3, 0xC0, 0x0E, 0x3C, 0x00, 0xE3, 0xC0, 0x0E, 0x3C, 0x00,
    0xE3, 0xC0, 0x0E, 0x3C, 0x00, 0xE3, 0xC0, 0x0E, 0x3C, 0x00, 0xE3, 0xC0, 0x0E, 0x3C, 0x00, 0xE3, 0xC0, 0x0E, 0x3C,
    0x01, 0xE2, 0xD0, 0x3D, 0x0F, 0xFF, 0xC0, 0x2F, 0xE0, 0x00, 0x03, 0xC0, 0x00, 0x0F, 0x00, 0x00, 0x2D, 0x00, 0x00,
    0x00, 0x00, 0x3C, 0x00, 0x1E, 0x2D, 0x00, 0x3C, 0x0F, 0x00, 0x38, 0x0B, 0x40, 0xB4, 0x03, 0xC0, 0xF0, 0x02, 0xC2,
    0xD0, 0x01, 0xE3, 0xC0, 0x00, 0xFB, 0x40, 0x00, 0x7F, 0x00, 0x00, 0x3E, 0x00, 0x00, 0x2D, 0x00, 0x00, 0x2D, 0x00,
    0x00, 0x2D, 0x00, 0x00, 0x2D, 0x00, 0x00, 0x2D, 0x00, 0x00, 0x2D, 0x00, 0x3C, 0x00, 0x00, 0xF0, 0x00, 0x03, 0xC0,
    0x00, 0x0F, 0xAA, 0x40, 0x3F, 0xFF, 0xD0, 0xF0, 0x07, 0xC3, 0xC0, 0x0B, 0x4F, 0x00, 0x1E, 0x3C, 0x00, 0xB4, 0xF0,
    0x03, 0xC3, 0xEA, 0xFE, 0x0F, 0xFF, 0xD0, 0x3C, 0x00, 0x00, 0xF0, 0x00, 0x03, 0xC0, 0x00, 0x0F, 0x00, 0x00, 0x02,
    0xFE, 0x00, 0x3F, 0xFF, 0x02, 0xE0, 0x3D, 0x0F, 0x00, 0x78, 0x3C, 0x00, 0xE0, 0xF0, 0x07, 0x43, 0xC0, 0x7C, 0x0F,
    0x2F, 0xC0, 0x3C, 0x6F, 0xC0, 0xF0, 0x0B, 0x83, 0xC0, 0x0F, 0x0F, 0x00, 0x2C, 0x3C, 0x00, 0xF0, 0xF0, 0x0B, 0xC3,
    0xC6, 0xFC, 0x0F, 0x2F, 0x80, 0x07, 0xC0, 0x00, 0x1E, 0x00, 0x00, 0xB4, 0x00, 0x00, 0x00, 0x00, 0x00, 0x00, 0x6F,
    0xE0, 0x1F, 0xEF, 0xC3, 0xC0, 0x2D, 0x00, 0x00, 0xE0, 0x6A, 0xBE, 0x2F, 0xFF, 0xE7, 0xC0, 0x0E, 0xB4, 0x00, 0xEB,
    0x40, 0x1E, 0x7C, 0x03, 0xE3, 0xFF, 0xEE, 0x0B, 0xF4, 0xE0, 0x00, 0x0F, 0x00, 0x02, 0xD0, 0x00, 0x78, 0x00, 0x00,
    0x00, 0x00, 0x00, 0x00, 0x6F, 0xE0, 0x1F, 0xEF, 0xC3, 0xC0, 0x2D, 0x00, 0x00, 0xE0, 0x6A, 0xBE, 0x2F, 0xFF, 0xE7,
    0xC0, 0x0E, 0xB4, 0x00, 0xEB, 0x40, 0x1E, 0x7C, 0x03, 0xE3, 0xFF, 0xEE, 0x0B, 0xF4, 0xE0, 0x00, 0xF8, 0x00, 0x3E,
    0xE0, 0x0F, 0x47, 0x80, 0x00, 0x00, 0x00, 0x00, 0x00, 0x6F, 0xE0, 0x1F, 0xEF, 0xC3, 0xC0, 0x2D, 0x00, 0x00, 0xE0,
    0x6A, 0xBE, 0x2F, 0xFF, 0xE7, 0xC0, 0x0E, 0xB4, 0x00, 0xEB, 0x40, 0x1E, 0x7C, 0x03, 0xE3, 0xFF, 0xEE, 0x0B, 0xF4,
    0xE0, 0x00, 0x00, 0x00, 0x7C, 0x2C, 0x0E, 0x72, 0x80, 0xD2, 0xF0, 0x00, 0x00, 0x00, 0x00, 0x00, 0x06, 0xFE, 0x01,
    0xFE, 0xFC, 0x3C, 0x02, 0xD0, 0x00, 0x0E, 0x06, 0xAB, 0xE2, 0xFF, 0xFE, 0x7C, 0x00, 0xEB, 0x40, 0x0E, 0xB4, 0x01,
    0xE7, 0xC0, 0x3E, 0x3F, 0xFE, 0xE0, 0xBF, 0x4E, 0x0A, 0x03, 0x80, 0xF4, 0xBC, 0x0F, 0x07, 0x80, 0x00, 0x00, 0x00,
    0x00, 0x00, 0x6F, 0xE0, 0x1F, 0xEF, 0xC3, 0xC0, 0x2D, 0x00, 0x00, 0xE0, 0x6A, 0xBE, 0x2F, 0xFF, 0xE7, 0xC0, 0x0E,
    0xB4, 0x00, 0xEB, 0x40, 0x1E, 0x7C, 0x03, 0xE3, 0xFF, 0xEE, 0x0B, 0xF4, 0xE0, 0x00, 0xF8, 0x00, 0x38, 0xA0, 0x03,
    0x07, 0x00, 0x38, 0xA0, 0x00, 0xF8, 0x00, 0x00, 0x00, 0x06, 0xFE, 0x01, 0xFE, 0xFC, 0x3C, 0x02, 0xD0, 0x00, 0x0E,
    0x06, 0xAB, 0xE2, 0xFF, 0xFE, 0x7C, 0x00, 0xEB, 0x40, 0x0E, 0xB4, 0x01, 0xE7, 0xC0, 0x3E, 0x3F, 0xFE, 0xE0, 0xBF,
    0x4E, 0x0B, 0xD2, 0xF4, 0x2E, 0xBB, 0xBD, 0x3C, 0x2D, 0x0E, 0x00, 0x1C, 0x0F, 0x00, 0x1C, 0x0F, 0x0B, 0xFF, 0xFF,
    0x3F, 0xBF, 0xAA, 0x38, 0x1C, 0x00, 0x74, 0x1C, 0x00, 0x38, 0x2D, 0x0E, 0x3E, 0xBB, 0xBD, 0x0B, 0xD2, 0xF8, 0x02,
    0xFE, 0x00, 0xFF, 0xFC, 0x3E, 0x02, 0xE3, 0xC0, 0x0F, 0x38, 0x00, 0x03, 0x80, 0x00, 0x38, 0x00, 0x03, 0x80, 0x00,
    0x3C, 0x00, 0xF2, 0xE0, 0x2E, 0x0F, 0xFF, 0xC0, 0x2F, 0xE0, 0x00, 0xD0, 0x00, 0x06, 0xC0, 0x00, 0x1E, 0x00, 0x2F,
    0xD0, 0x01, 0xA4, 0x00, 0x07, 0x80, 0x00, 0x2D, 0x00, 0x00, 0xF0, 0x00, 0x00, 0x00, 0x00, 0x00, 0x00, 0x2F, 0xD0,
    0x0F, 0xFF, 0x83, 0xD0, 0x2D, 0x3C, 0x00, 0xE3, 0x80, 0x0F, 0x3F, 0xFF, 0xF3, 0xEA, 0xAA, 0x38, 0x00, 0x03, 0xC0,
    0x00, 0x3D, 0x02, 0xE0, 0xFE, 0xFC, 0x02, 0xFE, 0x00, 0x00, 0x0F, 0x00, 0x03, 0xC0, 0x00, 0xB4, 0x00, 0x00, 0x00,
    0x00, 0x00, 0x00, 0x2F, 0xD0, 0x0F, 0xFF, 0x83, 0xD0, 0x2D, 0x3C, 0x00, 0xE3, 0x80, 0x0F, 0x3F, 0xFF, 0xF3, 0xEA,
    0xAA, 0x38, 0x00, 0x03, 0xC0, 0x00, 0x3D, 0x02, 0xE0, 0xFE, 0xFC, 0x02, 0xFE, 0x00, 0x00, 0xF8, 0x00, 0x3E, 0xE0,
    0x0F, 0x0B, 0x80, 0x00, 0x00, 0x00, 0x00, 0x00, 0x2F, 0xD0, 0x0F, 0xFF, 0x83, 0xD0, 0x2D, 0x3C, 0x00, 0xE3, 0x80,
    0x0F, 0x3F, 0xFF, 0xF3, 0xEA, 0xAA, 0x38, 0x00, 0x03, 0xC0, 0x00, 0x3D, 0x02, 0xE0, 0xFE, 0xFC, 0x02, 0xFE, 0x00,
    0x0A, 0x07, 0x41, 0xF4, 0xBC, 0x0F, 0x07, 0x80, 0x00, 0x00, 0x00, 0x00, 0x00, 0x2F, 0xD0, 0x0F, 0xFF, 0x83, 0xD0,
    0x2D, 0x3C, 0x00, 0xE3, 0x80, 0x0F, 0x3F, 0xFF, 0xF3, 0xEA, 0xAA, 0x38, 0x00, 0x03, 0xC0, 0x00, 0x3D, 0x02, 0xE0,
    0xFE, 0xFC, 0x02, 0xFE, 0x00, 0x03, 0xC0, 0x00, 0x07, 0xC0, 0x00, 0x07, 0x80, 0x00, 0x00, 0x00, 0x00, 0x00, 0x00,
    0xFF, 0xF0, 0x02, 0xAF, 0xC0, 0x00, 0x0F, 0x00, 0x00, 0x3C, 0x00, 0x00, 0xF0, 0x00, 0x03, 0xC0, 0x00, 0x0F, 0x00,
    0x00, 0x3C, 0x00, 0x00, 0xF0, 0x00, 0x03, 0xC0, 0x0A, 0xBF, 0xA9, 0x3F, 0xFF, 0xF8, 0x00, 0x0B, 0x40, 0x00, 0x74,
    0x00, 0x03, 0x80, 0x00, 0x00, 0x00, 0x00, 0x00, 0x00, 0xFF, 0xF0, 0x02, 0xAF, 0xC0, 0x00, 0x0F, 0x00, 0x00, 0x3C,
    0x00, 0x00, 0xF0, 0x00, 0x03, 0xC0, 0x00, 0x0F, 0x00, 0x00, 0x3C, 0x00, 0x00, 0xF0, 0x00, 0x03, 0xC0, 0x0A, 0xBF,
    0xA9, 0x3F, 0xFF, 0xF8, 0x00, 0xBC, 0x00, 0x0B, 0xBC, 0x00, 0xB4, 0x3C, 0x00, 0x00, 0x00, 0x00, 0x00, 0x00, 0xFF,
    0xF0, 0x02, 0xAF, 0xC0, 0x00, 0x0F, 0x00, 0x00, 0x3C, 0x00, 0x00, 0xF0, 0x00, 0x03, 0xC0, 0x00, 0x0F, 0x00, 0x00,
    0x3C, 0x00, 0x00, 0xF0, 0x00, 0x03, 0xC0, 0x0A, 0xBF, 0xA9, 0x3F, 0xFF, 0xF8, 0x0B, 0x02, 0x80, 0x3E, 0x1F, 0x40,
    0xB4, 0x3C, 0x00, 0x00, 0x00, 0x00, 0x00, 0x00, 0xFF, 0xF0, 0x02, 0xAF, 0xC0, 0x00, 0x0F, 0x00, 0x00, 0x3C, 0x00,
    0x00, 0xF0, 0x00, 0x03, 0xC0, 0x00, 0x0F, 0x00, 0x00, 0x3C, 0x00, 0x00, 0xF0, 0x00, 0x03, 0xC0, 0x0A, 0xBF, 0xA9,
    0x3F, 0xFF, 0xF8, 0x00, 0x00, 0x00, 0x0F, 0x0A, 0x00, 0x1F, 0xF8, 0x00, 0xBF, 0x00, 0x1F, 0xBC, 0x00, 0x60, 0x78,
    0x00, 0x00, 0xB4, 0x00, 0x69, 0xF0, 0x0F, 0xFF, 0xD0, 0xF8, 0x1F, 0x87, 0xC0, 0x0F, 0x1D, 0x00, 0x3C, 0x74, 0x00,
    0xF1, 0xE0, 0x03, 0xC3, 0xD0, 0x2E, 0x07, 0xFF, 0xF0, 0x02, 0xFE, 0x00, 0x00, 0x00, 0x00, 0x7C, 0x2C, 0x0E, 0x72,
    0x80, 0xD2, 0xF0, 0x00, 0x00, 0x00, 0x00, 0x00, 0x3C, 0xBE, 0x03, 0xFF, 0xFC, 0x3E, 0x03, 0xD3, 0xC0, 0x1E, 0x3C,
    0x00, 0xE3, 0xC0, 0x0E, 0x3C, 0x00, 0xE3, 0xC0, 0x0E, 0x3C, 0x00, 0xE3, 0xC0, 0x0E, 0x3C, 0x00, 0xE3, 0xC0, 0x0E,
    0x07, 0x80, 0x00, 0x2D, 0x00, 0x00, 0xF0, 0x00, 0x00, 0x00, 0x00, 0x00, 0x00, 0x2F, 0xE0, 0x1F, 0xFF, 0xC3, 0xD0,
    0x2D, 0x3C, 0x00, 0xE3, 0x80, 0x0F, 0x38, 0x00, 0xF3, 0x80, 0x0F, 0x38, 0x00, 0xF3, 0xC0, 0x0E, 0x3D, 0x02, 0xD1,
    0xFF, 0xFC, 0x02, 0xFE, 0x00, 0x00, 0x0F, 0x00, 0x03, 0xC0, 0x00, 0xB4, 0x00, 0x00, 0x00, 0x00, 0x00, 0x00, 0x2F,
    0xE0, 0x1F, 0xFF, 0xC3, 0xD0, 0x2D, 0x3C, 0x00, 0xE3, 0x80, 0x0F, 0x38, 0x00, 0xF3, 0x80, 0x0F, 0x38, 0x00, 0xF3,
    0xC0, 0x0E, 0x3D, 0x02, 0xD1, 0xFF, 0xFC, 0x02, 0xFE, 0x00, 0x00, 0xF8, 0x00, 0x3E, 0xE0, 0x0F, 0x0B, 0x80, 0x00,
    0x00, 0x00, 0x00, 0x00, 0x2F, 0xE0, 0x1F, 0xFF, 0xC3, 0xD0, 0x2D, 0x3C, 0x00, 0xE3, 0x80, 0x0F, 0x38, 0x00, 0xF3,
    0x80, 0x0F, 0x38, 0x00, 0xF3, 0xC0, 0x0E, 0x3D, 0x02, 0xD1, 0xFF, 0xFC, 0x02, 0xFE, 0x00, 0x00, 0x00, 0x00, 0x7C,
    0x28, 0x0E, 0xB3, 0x80, 0xD2, 0xF0, 0x00, 0x00, 0x00, 0x00, 0x00, 0x02, 0xFE, 0x01, 0xFF, 0xFC, 0x3D, 0x02, 0xD3,
    0xC0, 0x0E, 0x38, 0x00, 0xF3, 0x80, 0x0F, 0x38, 0x00, 0xF3, 0x80, 0x0F, 0x3C, 0x00, 0xE3, 0xD0, 0x2D, 0x1F, 0xFF,
    0xC0, 0x2F, 0xE0, 0x0A, 0x07, 0x41, 0xF4, 0xBC, 0x0F, 0x07, 0x80, 0x00, 0x00, 0x00, 0x00, 0x00, 0x2F, 0xE0, 0x1F,
    0xFF, 0xC3, 0xD0, 0x2D, 0x3C, 0x00, 0xE3, 0x80, 0x0F, 0x38, 0x00, 0xF3, 0x80, 0x0F, 0x38, 0x00, 0xF3, 0xC0, 0x0E,
    0x3D, 0x02, 0xD1, 0xFF, 0xFC, 0x02, 0xFE, 0x00, 0x03, 0xE0, 0x01, 0xFC, 0x00, 0x3E, 0x00, 0x00, 0x00, 0x00, 0x00,
    0x2A, 0xAA, 0x9F, 0xFF, 0xF8, 0x00, 0x00, 0x00, 0x00, 0x00, 0xF8, 0x00, 0x7F, 0x00, 0x0F, 0x80, 0x00, 0x00, 0x1E,
    0x00, 0xBF, 0x7C, 0x03, 0xFF, 0xF4, 0x0F, 0x41, 0xF4, 0x0F, 0x03, 0xF8, 0x0E, 0x0B, 0x78, 0x0E, 0x1E, 0x3C, 0x0E,
    0x3C, 0x3C, 0x0E, 0xB0, 0x38, 0x0F, 0xD0, 0x38, 0x0F, 0xC0, 0xB4, 0x0F, 0xFF, 0xF0, 0x2D, 0xBF, 0x80, 0x14, 0x00,
    0x00, 0x07, 0x80, 0x00, 0x2D, 0x00, 0x00, 0xF0, 0x00, 0x00, 0x00, 0x00, 0x00, 0x03, 0xC0, 0x0E, 0x3C, 0x00, 0xE3,
    0xC0, 0x0E, 0x3C, 0x00, 0xE3, 0xC0, 0x0E, 0x3C, 0x00, 0xE3, 0xC0, 0x0E, 0x3C, 0x00, 0xE3, 0xC0, 0x1E, 0x2E, 0x03,
    0xD0, 0xFF, 0xF8, 0x02, 0xFD, 0x00, 0x00, 0x0F, 0x00, 0x03, 0xC0, 0x00, 0xB4, 0x00, 0x00, 0x00, 0x00, 0x00, 0x03,
    0xC0, 0x0E, 0x3C, 0x00, 0xE3, 0xC0, 0x0E, 0x3C, 0x00, 0xE3, 0xC0, 0x0E, 0x3C, 0x00, 0xE3, 0xC0, 0x0E, 0x3C, 0x00,
    0xE3, 0xC0, 0x1E, 0x2E, 0x03, 0xD0, 0xFF, 0xF8, 0x02, 0xFD, 0x00, 0x00, 0xF8, 0x00, 0x3E, 0xE0, 0x0F, 0x0B, 0x80,
    0x00, 0x00, 0x00, 0x00, 0x03, 0xC0, 0x0E, 0x3C, 0x00, 0xE3, 0xC0, 0x0E, 0x3C, 0x00, 0xE3, 0xC0, 0x0E, 0x3C, 0x00,
    0xE3, 0xC0, 0x0E, 0x3C, 0x00, 0xE3, 0xC0, 0x1E, 0x2E, 0x03, 0xD0, 0xFF, 0xF8, 0x02, 0xFD, 0x00, 0x0A, 0x07, 0x41,
    0xF4, 0xBC, 0x0F, 0x07, 0x80, 0x00, 0x00, 0x00, 0x00, 0x03, 0xC0, 0x0E, 0x3C, 0x00, 0xE3, 0xC0, 0x0E, 0x3C, 0x00,
    0xE3, 0xC0, 0x0E, 0x3C, 0x00, 0xE3, 0xC0, 0x0E, 0x3C, 0x00, 0xE3, 0xC0, 0x1E, 0x2E, 0x03, 0xD0, 0xFF, 0xF8, 0x02,
    0xFD, 0x00, 0x00, 0x0F, 0x00, 0x00, 0xF0, 0x00, 0x0B, 0x40, 0x00, 0x00, 0x00, 0x00, 0x00, 0x02, 0xD0, 0x02, 0xD7,
    0x80, 0x0F, 0x0F, 0x00, 0x78, 0x2D, 0x02, 0xC0, 0x3C, 0x0F, 0x00, 0xF0, 0x74, 0x01, 0xE2, 0xC0, 0x03, 0xCF, 0x00,
    0x0B, 0xB4, 0x00, 0x1F, 0xC0, 0x00, 0x3E, 0x00, 0x00, 0xB4, 0x00, 0x03, 0xC0, 0x00, 0x1E, 0x00, 0x00, 0xB4, 0x00,
    0x03, 0xC0, 0x00, 0x38, 0x00, 0x03, 0x80, 0x00, 0x38, 0x00, 0x03, 0x80, 0x00, 0x38, 0xBE, 0x03, 0xBF, 0xFC, 0x3D,
    0x03, 0xD3, 0xC0, 0x1E, 0x38, 0x00, 0xE3, 0x80, 0x0E, 0x38, 0x00, 0xE3, 0x80, 0x0E, 0x3C, 0x01, 0xE3, 0xD0, 0x3D,
    0x3B, 0xFF, 0xC3, 0x8B, 0xE0, 0x38, 0x00, 0x03, 0x80, 0x00, 0x38, 0x00, 0x03, 0x80, 0x00, 0x0A, 0x07, 0x40, 0x7D,
    0x2F, 0x00, 0xF0, 0x78, 0x00, 0x00, 0x00, 0x00, 0x00, 0x02, 0xD0, 0x02, 0xD7, 0x80, 0x0F, 0x0F, 0x00, 0x78, 0x2D,
    0x02, 0xC0, 0x3C, 0x0F, 0x00, 0xF0, 0x74, 0x01, 0xE2, 0xC0, 0x03, 0xCF, 0x00, 0x0B, 0xB4, 0x00, 0x1F, 0xC0, 0x00,
    0x3E, 0x00, 0x00, 0xB4, 0x00, 0x03, 0xC0, 0x00, 0x1E, 0x00, 0x00, 0xB4, 0x00, 0x03, 0xC0, 0x00, 0x0A, 0xAA, 0x40,
    0x3F, 0xFE, 0x00, 0x00, 0x00, 0x00, 0x00, 0x00, 0x00, 0xF8, 0x00, 0x07, 0xF0, 0x00, 0x2E, 0xC0, 0x00, 0xF7, 0x40,
    0x03, 0x8E, 0x00, 0x1E, 0x3C, 0x00, 0xB4, 0xB0, 0x03, 0xC1, 0xD0, 0x0F, 0x03, 0x80, 0x78, 0x0F, 0x02, 0xFA, 0xBC,
    0x0F, 0xFF, 0xF4, 0x3C, 0x01, 0xE1, 0xE0, 0x03, 0xCB, 0x40, 0x0B, 0x3C, 0x00, 0x1D, 0x0A, 0xAA, 0x80, 0xFF, 0xFC,
    0x00, 0x00, 0x00, 0x00, 0x00, 0x06, 0xFE, 0x01, 0xFE, 0xFC, 0x3C, 0x02, 0xD0, 0x00, 0x0E, 0x06, 0xAB, 0xE2, 0xFF,
    0xFE, 0x7C, 0x00, 0xEB, 0x40, 0x0E, 0xB4, 0x01, 0xE7, 0xC0, 0x3E, 0x3F, 0xFE, 0xE0, 0xBF, 0x4E, 0x0E, 0x03, 0x80,
    0x2F, 0xFC, 0x00, 0x2F, 0xD0, 0x00, 0x00, 0x00, 0x00, 0xF8, 0x00, 0x07, 0xF0, 0x00, 0x2E, 0xC0, 0x00, 0xF7, 0x40,
    0x03, 0x8E, 0x00, 0x1E, 0x3C, 0x00, 0xB4, 0xB0, 0x03, 0xC1, 0xD0, 0x0F, 0x03, 0x80, 0x78, 0x0F, 0x02, 0xFA, 0xBC,
    0x0F, 0xFF, 0xF4, 0x3C, 0x01, 0xE1, 0xE0, 0x03, 0xCB, 0x40, 0x0B, 0x3C, 0x00, 0x1D, 0x0E, 0x03, 0x80, 0xB4, 0x74,
    0x01, 0xFD, 0x00, 0x00, 0x00, 0x00, 0x00, 0x00, 0x6F, 0xE0, 0x1F, 0xEF, 0xC3, 0xC0, 0x2D, 0x00, 0x00, 0xE0, 0x6A,
    0xBE, 0x2F, 0xFF, 0xE7, 0xC0, 0x0E, 0xB4, 0x00, 0xEB, 0x40, 0x1E, 0x7C, 0x03, 0xE3, 0xFF, 0xEE, 0x0B, 0xF4, 0xE0,
    0x00, 0xF8, 0x00, 0x01, 0xFC, 0x00, 0x02, 0xEC, 0x00, 0x03, 0xDD, 0x00, 0x03, 0x8E, 0x00, 0x07, 0x8F, 0x00, 0x0B,
    0x4B, 0x00, 0x0F, 0x07, 0x40, 0x0F, 0x03, 0x80, 0x1E, 0x03, 0xC0, 0x2F, 0xAB, 0xC0, 0x3F, 0xFF, 0xD0, 0x3C, 0x01,
    0xE0, 0x78, 0x00, 0xF0, 0xB4, 0x00, 0xB0, 0xF0, 0x00, 0x74, 0x00, 0x00, 0xE0, 0x00, 0x02, 0xC0, 0x00, 0x03, 0xC0,
    0x00, 0x02, 0xFD, 0x00, 0x00, 0x68, 0x06, 0xFE, 0x00, 0x7F, 0xBF, 0x03, 0xC0, 0x2D, 0x00, 0x00, 0x38, 0x06, 0xAB,
    0xE0, 0xBF, 0xFF, 0x87, 0xC0, 0x0E, 0x2D, 0x00, 0x38, 0xB4, 0x01, 0xE1, 0xF0, 0x0F, 0x83, 0xFF, 0xEE, 0x02, 0xFD,
    0x38, 0x00, 0x01, 0xC0, 0x00, 0x0D, 0x00, 0x00, 0x78, 0x00, 0x00, 0xFF, 0x00, 0x00, 0xA8, 0x00, 0x0F, 0x00, 0x02,
    0xD0, 0x00, 0x78, 0x00, 0x00, 0x00, 0x02, 0xFE, 0x00, 0xFF, 0xFC, 0x2E, 0x02, 0xE3, 0xC0, 0x0F, 0x3C, 0x00, 0x53,
    0xC0, 0x00, 0x3C, 0x00, 0x03, 0xC0, 0x00, 0x3C, 0x00, 0x03, 0xC0, 0x00, 0x3C, 0x00, 0x03, 0xC0, 0x05, 0x3C, 0x00,
    0xF2, 0xE0, 0x2E, 0x0F, 0xFF, 0xC0, 0x2F, 0xE0, 0x00, 0x0F, 0x00, 0x02, 0xD0, 0x00, 0x78, 0x00, 0x00, 0x00, 0x00,
    0x00, 0x00, 0x2F, 0xE0, 0x0F, 0xFF, 0xC3, 0xE0, 0x2E, 0x3C, 0x00, 0xF3, 0x80, 0x00, 0x38, 0x00, 0x03, 0x80, 0x00,
    0x38, 0x00, 0x03, 0xC0, 0x0F, 0x3E, 0x02, 0xE0, 0xFF, 0xFC, 0x02, 0xFE, 0x00, 0x00, 0xF8, 0x00, 0x3E, 0xE0, 0x0F,
    0x47, 0x80, 0x00, 0x00, 0x02, 0xFE, 0x00, 0xFF, 0xFC, 0x2E, 0x02, 0xE3, 0xC0, 0x0F, 0x3C, 0x00, 0x53, 0xC0, 0x00,
    0x3C, 0x00, 0x03, 0xC0, 0x00, 0x3C, 0x00, 0x03, 0xC0, 0x00, 0x3C, 0x00, 0x03, 0xC0, 0x05, 0x3C, 0x00, 0xF2, 0xE0,
    0x2E, 0x0F, 0xFF, 0xC0, 0x2F, 0xE0, 0x00, 0xFC, 0x00, 0x3E, 0xF0, 0x0F, 0x47, 0x80, 0x00, 0x00, 0x00, 0x00, 0x00,
    0x2F, 0xE0, 0x0F, 0xFF, 0xC3, 0xE0, 0x2E, 0x3C, 0x00, 0xF3, 0x80, 0x00, 0x38, 0x00, 0x03, 0x80, 0x00, 0x38, 0x00,
    0x03, 0xC0, 0x0F, 0x3E, 0x02, 0xE0, 0xFF, 0xFC, 0x02, 0xFE, 0x00, 0x00, 0xB4, 0x00, 0x0F, 0xC0, 0x00, 0xB4, 0x00,
    0x00, 0x00, 0x02, 0xFE, 0x00, 0xFF, 0xFC, 0x2E, 0x02, 0xE3, 0xC0, 0x0F, 0x3C, 0x00, 0x53, 0xC0, 0x00, 0x3C, 0x00,
    0x03, 0xC0, 0x00, 0x3C, 0x00, 0x03, 0xC0, 0x00, 0x3C, 0x00, 0x03, 0xC0, 0x05, 0x3C, 0x00, 0xF2, 0xE0, 0x2E, 0x0F,
    0xFF, 0xC0, 0x2F, 0xE0, 0x00, 0x74, 0x00, 0x0F, 0xC0, 0x00, 0xB8, 0x00, 0x00, 0x00, 0x00, 0x00, 0x00, 0x2F, 0xE0,
    0x0F, 0xFF, 0xC3, 0xE0, 0x2E, 0x3C, 0x00, 0xF3, 0x80, 0x00, 0x38, 0x00, 0x03, 0x80, 0x00, 0x38, 0x00, 0x03, 0xC0,
    0x0F, 0x3E, 0x02, 0xE0, 0xFF, 0xFC, 0x02, 0xFE, 0x00, 0x0F, 0x07, 0x80, 0x3E, 0xE0, 0x00, 0xF8, 0x00, 0x00, 0x00,
    0x02, 0xFE, 0x00, 0xFF, 0xFC, 0x2E, 0x02, 0xE3, 0xC0, 0x0F, 0x3C, 0x00, 0x53, 0xC0, 0x00, 0x3C, 0x00, 0x03, 0xC0,
    0x00, 0x3C, 0x00, 0x03, 0xC0, 0x00, 0x3C, 0x00, 0x03, 0xC0, 0x05, 0x3C, 0x00, 0xF2, 0xE0, 0x2E, 0x0F, 0xFF, 0xC0,
    0x2F, 0xE0, 0x0F, 0x47, 0x80, 0x3E, 0xF0, 0x00, 0xFC, 0x00, 0x00, 0x00, 0x00, 0x00, 0x00, 0x2F, 0xE0, 0x0F, 0xFF,
    0xC3, 0xE0, 0x2E, 0x3C, 0x00, 0xF3, 0x80, 0x00, 0x38, 0x00, 0x03, 0x80, 0x00, 0x38, 0x00, 0x03, 0xC0, 0x0F, 0x3E,
    0x02, 0xE0, 0xFF, 0xFC, 0x02, 0xFE, 0x00, 0x0F, 0x0B, 0x80, 0x3E, 0xE0, 0x00, 0xF8, 0x00, 0x00, 0x00, 0x3F, 0xFD,
    0x03, 0xEB, 0xF8, 0x3C, 0x03, 0xC3, 0xC0, 0x1E, 0x3C, 0x00, 0xE3, 0xC0, 0x0F, 0x3C, 0x00, 0xF3, 0xC0, 0x0F, 0x3C,
    0x00, 0xF3, 0xC0, 0x0F, 0x3C, 0x00, 0xF3, 0xC0, 0x0E, 0x3C, 0x01, 0xE3, 0xC0, 0x3C, 0x3E, 0xBF, 0x83, 0xFF, 0xD0,
    0x00, 0x07, 0x8E, 0x00, 0x07, 0x8D, 0x00, 0x07, 0x9D, 0x00, 0x07, 0x9C, 0x0B, 0xD7, 0x80, 0x3F, 0xFB, 0x80, 0x7C,
    0x0F, 0x80, 0xB4, 0x07, 0x80, 0xB0, 0x07, 0x80, 0xB0, 0x07, 0x80, 0xB0, 0x07, 0x80, 0xB0, 0x07, 0x80, 0xB4, 0x07,
    0x80, 0x7C, 0x0F, 0x80, 0x3F, 0xFB, 0x80, 0x0B, 0xD7, 0x80, 0x0F, 0xFF, 0x40, 0x3E, 0xBF, 0x80, 0xF0, 0x0F, 0x03,
    0xC0, 0x1E, 0x0F, 0x00, 0x38, 0x3C, 0x00, 0xF0, 0xF0, 0x03, 0xEB, 0xE8, 0x0F, 0xFF, 0xF0, 0x3C, 0x3C, 0x00, 0xF0,
    0xF0, 0x03, 0xC3, 0xC0, 0x0E, 0x0F, 0x00, 0x78, 0x3C, 0x03, 0xC0, 0xFA, 0xFE, 0x03, 0xFF, 0xD0, 0x00, 0x01, 0xE0,
    0x00, 0x01, 0xE0, 0x00, 0xFF, 0xFE, 0x00, 0xAB, 0xF9, 0x00, 0x01, 0xE0, 0x07, 0xF5, 0xE0, 0x1F, 0xFE, 0xE0, 0x3D,
    0x03, 0xE0, 0x3C, 0x01, 0xE0, 0x3C, 0x01, 0xE0, 0x3C, 0x01, 0xE0, 0x3C, 0x01, 0xE0, 0x3C, 0x01, 0xE0, 0x3D, 0x03,
    0xE0, 0x1F, 0xFE, 0xE0, 0x07, 0xF5, 0xE0, 0x2A, 0xAA, 0x0F, 0xFF, 0xC0, 0x00, 0x00, 0x00, 0x00, 0xFF, 0xFF, 0xFE,
    0xAA, 0xAF, 0x00, 0x03, 0xC0, 0x00, 0xF0, 0x00, 0x3C, 0x00, 0x0F, 0x00, 0x03, 0xFF, 0xFC, 0xFA, 0xAA, 0x3C, 0x00,
    0x0F, 0x00, 0x03, 0xC0, 0x00, 0xF0, 0x00, 0x3C, 0x00, 0x0F, 0xAA, 0xAB, 0xFF, 0xFF, 0x0A, 0xAA, 0x40, 0xFF, 0xF8,
    0x00, 0x00, 0x00, 0x00, 0x00, 0x02, 0xFD, 0x00, 0xFF, 0xF8, 0x3D, 0x02, 0xD3, 0xC0, 0x0E, 0x38, 0x00, 0xF3, 0xFF,
    0xFF, 0x3E, 0xAA, 0xA3, 0x80, 0x00, 0x3C, 0x00, 0x03, 0xD0, 0x2E, 0x0F, 0xEF, 0xC0, 0x2F, 0xE0, 0x3C, 0x0F, 0x07,
    0xEF, 0x40, 0x7F, 0x40, 0x00, 0x00, 0xFF, 0xFF, 0xFE, 0xAA, 0xAF, 0x00, 0x03, 0xC0, 0x00, 0xF0, 0x00, 0x3C, 0x00,
    0x0F, 0x00, 0x03, 0xFF, 0xFC, 0xFA, 0xAA, 0x3C, 0x00, 0x0F, 0x00, 0x03, 0xC0, 0x00, 0xF0, 0x00, 0x3C, 0x00, 0x0F,
    0xAA, 0xAB, 0xFF, 0xFF, 0x0E, 0x03, 0x80, 0xB0, 0xB0, 0x02, 0xFD, 0x00, 0x00, 0x00, 0x00, 0x00, 0x00, 0x2F, 0xD0,
    0x0F, 0xFF, 0x83, 0xD0, 0x2D, 0x3C, 0x00, 0xE3, 0x80, 0x0F, 0x3F, 0xFF, 0xF3, 0xEA, 0xAA, 0x38, 0x00, 0x03, 0xC0,
    0x00, 0x3D, 0x02, 0xE0, 0xFE, 0xFC, 0x02, 0xFE, 0x00, 0x01, 0xD0, 0x00, 0xFC, 0x00, 0x2E, 0x00, 0x00, 0x00, 0xFF,
    0xFF, 0xFE, 0xAA, 0xAF, 0x00, 0x03, 0xC0, 0x00, 0xF0, 0x00, 0x3C, 0x00, 0x0F, 0x00, 0x03, 0xFF, 0xFC, 0xFA, 0xAA,
    0x3C, 0x00, 0x0F, 0x00, 0x03, 0xC0, 0x00, 0xF0, 0x00, 0x3C, 0x00, 0x0F, 0xAA, 0xAB, 0xFF, 0xFF, 0x00, 0xB4, 0x00,
    0x0F, 0x80, 0x00, 0xF4, 0x00, 0x00, 0x00, 0x00, 0x00, 0x00, 0x2F, 0xD0, 0x0F, 0xFF, 0x83, 0xD0, 0x2D, 0x3C, 0x00,
    0xE3, 0x80, 0x0F, 0x3F, 0xFF, 0xF3, 0xEA, 0xAA, 0x38, 0x00, 0x03, 0xC0, 0x00, 0x3D, 0x02, 0xE0, 0xFE, 0xFC, 0x02,
    0xFE, 0x00, 0xFF, 0xFF, 0xCF, 0xAA, 0xA8, 0xF0, 0x00, 0x0F, 0x00, 0x00, 0xF0, 0x00, 0x0F, 0x00, 0x00, 0xF0, 0x00,
    0x0F, 0xFF, 0xF0, 0xFA, 0xAA, 0x0F, 0x00, 0x00, 0xF0, 0x00, 0x0F, 0x00, 0x00, 0xF0, 0x00, 0x0F, 0x00, 0x00, 0xFA,
    0xAA, 0x8F, 0xFF, 0xFC, 0x00, 0x0D, 0x00, 0x03, 0x80, 0x00, 0x3C, 0x00, 0x03, 0xFC, 0x00, 0x0A, 0x80, 0x02, 0xFD,
    0x00, 0xFF, 0xF8, 0x3D, 0x02, 0xD3, 0xC0, 0x0E, 0x38, 0x00, 0xE3, 0xFF, 0xFF, 0x3E, 0xAA, 0xA3, 0x80, 0x00, 0x3C,
    0x00, 0x03, 0xD0, 0x2E, 0x0F, 0xEF, 0xC0, 0x2F, 0xF0, 0x00, 0x38, 0x00, 0x0B, 0x00, 0x00, 0xB4, 0x00, 0x03, 0xF4,
    0x00, 0x00, 0x00, 0x3D, 0x1F, 0x03, 0xEF, 0x00, 0x3F, 0x00, 0x00, 0x00, 0xFF, 0xFF, 0xFE, 0xAA, 0xAF, 0x00, 0x03,
    0xC0, 0x00, 0xF0, 0x00, 0x3C, 0x00, 0x0F, 0x00, 0x03, 0xFF, 0xFC, 0xFA, 0xAA, 0x3C, 0x00, 0x0F, 0x00, 0x03, 0xC0,
    0x00, 0xF0, 0x00, 0x3C, 0x00, 0x0F, 0xAA, 0xAB, 0xFF, 0xFF, 0x0F, 0x0B, 0x80, 0x3E, 0xE0, 0x00, 0xF8, 0x00, 0x00,
    0x00, 0x00, 0x00, 0x00, 0x2F, 0xD0, 0x0F, 0xFF, 0x83, 0xD0, 0x2D, 0x3C, 0x00, 0xE3, 0x80, 0x0F, 0x3F, 0xFF, 0xF3,
    0xEA, 0xAA, 0x38, 0x00, 0x03, 0xC0, 0x00, 0x3D, 0x02, 0xE0, 0xFE, 0xFC, 0x02, 0xFE, 0x00, 0x00, 0xF8, 0x00, 0x3E,
    0xE0, 0x0F, 0x0B, 0x80, 0x00, 0x00, 0x02, 0xFE, 0x00, 0xFF, 0xFC, 0x3D, 0x02, 0xD3, 0xC0, 0x0F, 0x38, 0x00, 0xA3,
    0x80, 0x00, 0x38, 0x00, 0x03, 0x80, 0x00, 0x38, 0x3F, 0xF3, 0x82, 0xAF, 0x38, 0x00, 0xF3, 0xC0, 0x0F, 0x3C, 0x00,
    0xF3, 0xD0, 0x2E, 0x0F, 0xFF, 0xC0, 0x2F, 0xE0, 0x00, 0xF8, 0x00, 0x3E, 0xE0, 0x0F, 0x0B, 0x80, 0x00, 0x00, 0x00,
    0x00, 0x00, 0x7F, 0x4E, 0x1F, 0xFE, 0xE3, 0xD0, 0x3E, 0x3C, 0x01, 0xE3, 0x80, 0x1E, 0x38, 0x00, 0xE3, 0x80, 0x0E,
    0x3C, 0x01, 0xE3, 0xC0, 0x2E, 0x2E, 0x07, 0xE0, 0xFF, 0xEE, 0x02, 0xA0, 0xE0, 0x00, 0x1E, 0x00, 0x02, 0xD0, 0x6A,
    0xFC, 0x0B, 0xFE, 0x00, 0x0E, 0x03, 0x80, 0xBF, 0xF0, 0x02, 0xFD, 0x00, 0x00, 0x00, 0x02, 0xFE, 0x00, 0xFF, 0xFC,
    0x3D, 0x02, 0xD3, 0xC0, 0x0F, 0x38, 0x00, 0xA3, 0x80, 0x00, 0x38, 0x00, 0x03, 0x80, 0x00, 0x38, 0x3F, 0xF3, 0x82,
    0xAF, 0x38, 0x00, 0xF3, 0xC0, 0x0F, 0x3C, 0x00, 0xF3, 0xD0, 0x2E, 0x0F, 0xFF, 0xC0, 0x2F, 0xE0, 0x0D, 0x03, 0x40,
    0xB0, 0xB0, 0x02, 0xFD, 0x00, 0x00, 0x00, 0x00, 0x00, 0x00, 0x7F, 0x4E, 0x1F, 0xFE, 0xE3, 0xD0, 0x3E, 0x3C, 0x01,
    0xE3, 0x80, 0x1E, 0x38, 0x00, 0xE3, 0x80, 0x0E, 0x3C, 0x01, 0xE3, 0xC0, 0x2E, 0x2E, 0x07, 0xE0, 0xFF, 0xEE, 0x02,
    0xA0, 0xE0, 0x00, 0x1E, 0x00, 0x02, 0xD0, 0x6A, 0xFC, 0x0B, 0xFE, 0x00, 0x00, 0xB4, 0x00, 0x0F, 0x80, 0x00, 0xF4,
    0x00, 0x00, 0x00, 0x02, 0xFE, 0x00, 0xFF, 0xFC, 0x3D, 0x02, 0xD3, 0xC0, 0x0F, 0x38, 0x00, 0xA3, 0x80, 0x00, 0x38,
    0x00, 0x03, 0x80, 0x00, 0x38, 0x3F, 0xF3, 0x82, 0xAF, 0x38, 0x00, 0xF3, 0xC0, 0x0F, 0x3C, 0x00, 0xF3, 0xD0, 0x2E,
    0x0F, 0xFF, 0xC0, 0x2F, 0xE0, 0x00, 0xB0, 0x00, 0x0F, 0x80, 0x00, 0xF4, 0x00, 0x00, 0x00, 0x00, 0x00, 0x00, 0x7F,
    0x4E, 0x1F, 0xFE, 0xE3, 0xD0, 0x3E, 0x3C, 0x01, 0xE3, 0x80, 0x1E, 0x38, 0x00, 0xE3, 0x80, 0x0E, 0x3C, 0x01, 0xE3,
    0xC0, 0x2E, 0x2E, 0x07, 0xE0, 0xFF, 0xEE, 0x02, 0xA0, 0xE0, 0x00, 0x1E, 0x00, 0x02, 0xD0, 0x6A, 0xFC, 0x0B, 0xFE,
    0x00, 0x02, 0xFE, 0x00, 0xFF, 0xFC, 0x3D, 0x02, 0xD3, 0xC0, 0x0F, 0x38, 0x00, 0xA3, 0x80, 0x00, 0x38, 0x00, 0x03,
    0x80, 0x00, 0x38, 0x3F, 0xF3, 0x82, 0xAF, 0x38, 0x00, 0xF3, 0xC0, 0x0F, 0x3C, 0x00, 0xF3, 0xD0, 0x2E, 0x0F, 0xFF,
    0xC0, 0x2F, 0xE0, 0x00, 0x00, 0x00, 0x00, 0x00, 0x00, 0x7C, 0x00, 0x0F, 0x00, 0x02, 0xD0, 0x00, 0x00, 0x0D, 0x00,
    0x02, 0xC0, 0x00, 0x7C, 0x00, 0x0F, 0x40, 0x01, 0xF0, 0x00, 0x00, 0x00, 0x00, 0x00, 0x00, 0x7F, 0x4E, 0x1F, 0xFE,
    0xE3, 0xD0, 0x3E, 0x3C, 0x01, 0xE3, 0x80, 0x1E, 0x38, 0x00, 0xE3, 0x80, 0x0E, 0x3C, 0x01, 0xE3, 0xC0, 0x2E, 0x2E,
    0x07, 0xE0, 0xFF, 0xEE, 0x02, 0xA0, 0xE0, 0x00, 0x1E, 0x00, 0x02, 0xD0, 0x6A, 0xFC, 0x0B, 0xFE, 0x00, 0x00, 0xF8,
    0x00, 0x3E, 0xE0, 0x0F, 0x0B, 0x80, 0x00, 0x00, 0x3C, 0x01, 0xE3, 0xC0, 0x1E, 0x3C, 0x01, 0xE3, 0xC0, 0x1E, 0x3C,
    0x01, 0xE3, 0xC0, 0x1E, 0x3C, 0x01, 0xE3, 0xFF, 0xFE, 0x3E, 0xAB, 0xE3, 0xC0, 0x1E, 0x3C, 0x01, 0xE3, 0xC0, 0x1E,
    0x3C, 0x01, 0xE3, 0xC0, 0x1E, 0x3C, 0x01, 0xE3, 0xC0, 0x1E, 0x0B, 0xD0, 0x00, 0x1E, 0xF0, 0x00, 0x78, 0x3C, 0x00,
    0x00, 0x00, 0x00, 0x00, 0x00, 0x00, 0x03, 0xC0, 0x00, 0x03, 0xC0, 0x00, 0x03, 0xC0, 0x00, 0x03, 0xC0, 0x00, 0x03,
    0xCB, 0xE0, 0x03, 0xFF, 0xFC, 0x03, 0xE0, 0x3D, 0x03, 0xC0, 0x1E, 0x03, 0xC0, 0x0E, 0x03, 0xC0, 0x0E, 0x03, 0xC0,
    0x0E, 0x03, 0xC0, 0x0E, 0x03, 0xC0, 0x0E, 0x03, 0xC0, 0x0E, 0x03, 0xC0, 0x0E, 0x03, 0xC0, 0x0E, 0x0F, 0x00, 0x78,
    0x03, 0xC0, 0x1E, 0x00, 0xF0, 0x07, 0x83, 0xFF, 0xFF, 0xFD, 0xAF, 0xAA, 0xFE, 0x43, 0xC0, 0x1E, 0x00, 0xF0, 0x07,
    0x80, 0x3F, 0xFF, 0xE0, 0x0F, 0xAA, 0xF8, 0x03, 0xC0, 0x1E, 0x00, 0xF0, 0x07, 0x80, 0x3C, 0x01, 0xE0, 0x0F, 0x00,
    0x78, 0x03, 0xC0, 0x1E, 0x00, 0xF0, 0x07, 0x80, 0x3C, 0x01, 0xE0, 0x0F, 0x00, 0x00, 0x3C, 0x00, 0x0F, 0xFF, 0xD0,
    0x2B, 0xEA, 0x00, 0x0F, 0x00, 0x00, 0x3C, 0x69, 0x00, 0xFB, 0xFE, 0x03, 0xF0, 0x7D, 0x0F, 0x00, 0x78, 0x3C, 0x00,
    0xE0, 0xF0, 0x03, 0x83, 0xC0, 0x0E, 0x0F, 0x00, 0x38, 0x3C, 0x00, 0xE0, 0xF0, 0x03, 0x83, 0xC0, 0x0E, 0x00, 0x00,
    0x07, 0xC2, 0x83, 0xAC, 0xE0, 0xD2, 0xF0, 0x00, 0x00, 0x00, 0x00, 0x0F, 0xFF, 0xF6, 0xAF, 0xE9, 0x02, 0xD0, 0x00,
    0xB4, 0x00, 0x2D, 0x00, 0x0B, 0x40, 0x02, 0xD0, 0x00, 0xB4, 0x00, 0x2D, 0x00, 0x0B, 0x40, 0x02, 0xD0, 0x00, 0xB4,
    0x00, 0x2D, 0x00, 0x0B, 0x40, 0xAB, 0xFA, 0x7F, 0xFF, 0xD0, 0x00, 0x00, 0x00, 0x0F, 0x47, 0x00, 0xB7, 0x6C, 0x02,
    0x87, 0xD0, 0x00, 0x00, 0x00, 0x00, 0x00, 0x03, 0xFF, 0xC0, 0x0A, 0xBF, 0x00, 0x00, 0x3C, 0x00, 0x00, 0xF0, 0x00,
    0x03, 0xC0, 0x00, 0x0F, 0x00, 0x00, 0x3C, 0x00, 0x00, 0xF0, 0x00, 0x03, 0xC0, 0x00, 0x0F, 0x00, 0x2A, 0xFE, 0xA4,
    0xFF, 0xFF, 0xE0, 0x2A, 0xA9, 0x0F, 0xFF, 0x80, 0x00, 0x00, 0x00, 0x00, 0xFF, 0xFF, 0x6A, 0xFE, 0x90, 0x2D, 0x00,
    0x0B, 0x40, 0x02, 0xD0, 0x00, 0xB4, 0x00, 0x2D, 0x00, 0x0B, 0x40, 0x02, 0xD0, 0x00, 0xB4, 0x00, 0x2D, 0x00, 0x0B,
    0x40, 0x02, 0xD0, 0x00, 0xB4, 0x0A, 0xBF, 0xA7, 0xFF, 0xFD, 0x0A, 0xAA, 0x80, 0x2F, 0xFF, 0x00, 0x00, 0x00, 0x00,
    0x00, 0x00, 0x3F, 0xFC, 0x00, 0xAB, 0xF0, 0x00, 0x03, 0xC0, 0x00, 0x0F, 0x00, 0x00, 0x3C, 0x00, 0x00, 0xF0, 0x00,
    0x03, 0xC0, 0x00, 0x0F, 0x00, 0x00, 0x3C, 0x00, 0x00, 0xF0, 0x02, 0xAF, 0xEA, 0x4F, 0xFF, 0xFE, 0x38, 0x0E, 0x0B,
    0xFF, 0x00, 0xBF, 0x40, 0x00, 0x00, 0xFF, 0xFF, 0x6A, 0xFE, 0x90, 0x2D, 0x00, 0x0B, 0x40, 0x02, 0xD0, 0x00, 0xB4,
    0x00, 0x2D, 0x00, 0x0B, 0x40, 0x02, 0xD0, 0x00, 0xB4, 0x00, 0x2D, 0x00, 0x0B, 0x40, 0x02, 0xD0, 0x00, 0xB4, 0x0A,
    0xBF, 0xA7, 0xFF, 0xFD, 0x0B, 0x02, 0xC0, 0x1D, 0x1E, 0x00, 0x1F, 0xE0, 0x00, 0x00, 0x00, 0x00, 0x00, 0x00, 0xFF,
    0xF0, 0x02, 0xAF, 0xC0, 0x00, 0x0F, 0x00, 0x00, 0x3C, 0x00, 0x00, 0xF0, 0x00, 0x03, 0xC0, 0x00, 0x0F, 0x00, 0x00,
    0x3C, 0x00, 0x00, 0xF0, 0x00, 0x03, 0xC0, 0x0A, 0xBF, 0xA9, 0x3F, 0xFF, 0xF8, 0xFF, 0xFF, 0x6A, 0xFE, 0x90, 0x2D,
    0x00, 0x0B, 0x40, 0x02, 0xD0, 0x00, 0xB4, 0x00, 0x2D, 0x00, 0x0B, 0x40, 0x02, 0xD0, 0x00, 0xB4, 0x00, 0x2D, 0x00,
    0x0B, 0x40, 0x02, 0xD0, 0x00, 0xB4, 0x0A, 0xBF, 0xA7, 0xFF, 0xFD, 0x03, 0x40, 0x03, 0xC0, 0x00, 0xF0, 0x00, 0x3F,
    0xC0, 0x02, 0xA0, 0x00, 0x00, 0x78, 0x00, 0x03, 0xF0, 0x00, 0x07, 0x80, 0x00, 0x00, 0x00, 0x00, 0x00, 0x00, 0xFF,
    0xF0, 0x02, 0xAF, 0xC0, 0x00, 0x0F, 0x00, 0x00, 0x3C, 0x00, 0x00, 0xF0, 0x00, 0x03, 0xC0, 0x00, 0x0F, 0x00, 0x00,
    0x3C, 0x00, 0x00, 0xF0, 0x00, 0x03, 0xC0, 0x0A, 0xBF, 0xA9, 0x3F, 0xFF, 0xF8, 0x03, 0x80, 0x00, 0x2C, 0x00, 0x00,
    0xF0, 0x00, 0x02, 0xFD, 0x00, 0x01, 0xA4, 0x00, 0x02, 0xD0, 0x00, 0xF8, 0x00, 0x3D, 0x00, 0x00, 0x00, 0xFF, 0xFF,
    0x6A, 0xFE, 0x90, 0x2D, 0x00, 0x0B, 0x40, 0x02, 0xD0, 0x00, 0xB4, 0x00, 0x2D, 0x00, 0x0B, 0x40, 0x02, 0xD0, 0x00,
    0xB4, 0x00, 0x2D, 0x00, 0x0B, 0x40, 0x02, 0xD0, 0x00, 0xB4, 0x0A, 0xBF, 0xA7, 0xFF, 0xFD, 0x3F, 0xFC, 0x00, 0xAB,
    0xF0, 0x00, 0x03, 0xC0, 0x00, 0x0F, 0x00, 0x00, 0x3C, 0x00, 0x00, 0xF0, 0x00, 0x03, 0xC0, 0x00, 0x0F, 0x00, 0x00,
    0x3C, 0x00, 0x00, 0xF0, 0x02, 0xAF, 0xEA, 0x4F, 0xFF, 0xFE, 0x00, 0x00, 0xFC, 0x00, 0x00, 0x3E, 0xE0, 0x00, 0x0F,
    0x47, 0x80, 0x00, 0x00, 0x00, 0x00, 0x00, 0xB4, 0x00, 0x00, 0x0B, 0x40, 0x00, 0x00, 0xB4, 0x00, 0x00, 0x0B, 0x40,
    0x00, 0x00, 0xB4, 0x00, 0x00, 0x0B, 0x40, 0x00, 0x00, 0xB4, 0x00, 0x00, 0x0B, 0x40, 0x00, 0x00, 0xB4, 0x00, 0x00,
    0x0B, 0x40, 0x00, 0x00, 0xB4, 0x02, 0x80, 0x0B, 0x40, 0x3C, 0x00, 0xB0, 0x02, 0xE0, 0x1F, 0x00, 0x0F, 0xFF, 0xD0,
    0x00, 0x2F, 0xE0, 0x00, 0x00, 0x1F, 0x40, 0x01, 0xFF, 0x40, 0x1F, 0x0F, 0x40, 0x00, 0x00, 0x00, 0x00, 0x00, 0xFF,
    0xFC, 0x02, 0xAA, 0xF0, 0x00, 0x03, 0xC0, 0x00, 0x0F, 0x00, 0x00, 0x3C, 0x00, 0x00, 0xF0, 0x00, 0x03, 0xC0, 0x00,
    0x0F, 0x00, 0x00, 0x3C, 0x00, 0x00, 0xF0, 0x00, 0x03, 0xC0, 0x00, 0x0F, 0x00, 0x00, 0x3C, 0x00, 0x02, 0xE0, 0x0A,
    0xBF, 0x00, 0x3F, 0xE0, 0x00, 0x3C, 0x00, 0xF4, 0xF0, 0x03, 0xC3, 0xC0, 0x2D, 0x0F, 0x00, 0xF0, 0x3C, 0x0B, 0x40,
    0xF0, 0x3C, 0x03, 0xC2, 0xD0, 0x0F, 0xFF, 0x00, 0x3E, 0xBC, 0x00, 0xF0, 0xB8, 0x03, 0xC0, 0xF0, 0x0F, 0x02, 0xE0,
    0x3C, 0x03, 0xC0, 0xF0, 0x0B, 0x83, 0xC0, 0x0F, 0x0F, 0x00, 0x2E, 0x00, 0x00, 0x00, 0x00, 0x00, 0x00, 0x07, 0xC0,
    0x00, 0x3C, 0x00, 0x02, 0xD0, 0x00, 0xF0, 0x00, 0x0F, 0x00, 0x00, 0xF0, 0x00, 0x0F, 0x00, 0x00, 0xF0, 0x03, 0xCF,
    0x00, 0xB8, 0xF0, 0x1F, 0x0F, 0x03, 0xD0, 0xF0, 0xB8, 0x0F, 0xFF, 0x00, 0xFA, 0xF4, 0x0F, 0x07, 0xC0, 0xF0, 0x2E,
    0x0F, 0x00, 0xF0, 0xF0, 0x07, 0xCF, 0x00, 0x3D, 0x00, 0x00, 0x00, 0x00, 0x00, 0x01, 0xF0, 0x00, 0x3C, 0x00, 0x0B,
    0x40, 0x00, 0xF0, 0x03, 0xDF, 0x00, 0x78, 0xF0, 0x0F, 0x0F, 0x02, 0xD0, 0xF0, 0x7C, 0x0F, 0xFF, 0x00, 0xFA, 0xF4,
    0x0F, 0x03, 0xC0, 0xF0, 0x2E, 0x0F, 0x00, 0xF4, 0xF0, 0x07, 0xCF, 0x00, 0x2E, 0x0B, 0x40, 0x01, 0xE0, 0x00, 0x3C,
    0x00, 0x00, 0x00, 0x00, 0x78, 0x00, 0x07, 0x80, 0x00, 0x78, 0x00, 0x07, 0x80, 0x00, 0x78, 0x00, 0x07, 0x80, 0x00,
    0x78, 0x00, 0x07, 0x80, 0x00, 0x78, 0x00, 0x07, 0x80, 0x00, 0x78, 0x00, 0x07, 0x80, 0x00, 0x78, 0x00, 0x07, 0x80,
    0x00, 0x7F, 0xFF, 0xD7, 0xFF, 0xFE, 0x00, 0x1E, 0x00, 0x00, 0x3C, 0x00, 0x00, 0xF0, 0x00, 0x00, 0x00, 0x00, 0x7F,
    0xF8, 0x00, 0x6A, 0xF8, 0x00, 0x00, 0x78, 0x00, 0x00, 0x78, 0x00, 0x00, 0x78, 0x00, 0x00, 0x78, 0x00, 0x00, 0x78,
    0x00, 0x00, 0x78, 0x00, 0x00, 0x78, 0x00, 0x00, 0x78, 0x00, 0x00, 0x78, 0x00, 0x00, 0x78, 0x00, 0x00, 0x78, 0x00,
    0x00, 0x38, 0x00, 0x00, 0x3F, 0xA9, 0x00, 0x0B, 0xFE, 0x78, 0x00, 0x07, 0x80, 0x00, 0x78, 0x00, 0x07, 0x80, 0x00,
    0x78, 0x00, 0x07, 0x80, 0x00, 0x78, 0x00, 0x07, 0x80, 0x00, 0x78, 0x00, 0x07, 0x80, 0x00, 0x78, 0x00, 0x07, 0x80,
    0x00, 0x78, 0x00, 0x07, 0x80, 0x00, 0x7F, 0xFF, 0xD7, 0xFF, 0xFE, 0x00, 0x00, 0x00, 0x00, 0x00, 0x00, 0xB8, 0x00,
    0x0F, 0x00, 0x03, 0xC0, 0x00, 0x7F, 0xF8, 0x00, 0x6A, 0xF8, 0x00, 0x00, 0x78, 0x00, 0x00, 0x78, 0x00, 0x00, 0x78,
    0x00, 0x00, 0x78, 0x00, 0x00, 0x78, 0x00, 0x00, 0x78, 0x00, 0x00, 0x78, 0x00, 0x00, 0x78, 0x00, 0x00, 0x78, 0x00,
    0x00, 0x78, 0x00, 0x00, 0x78, 0x00, 0x00, 0x38, 0x00, 0x00, 0x3F, 0xA9, 0x00, 0x0B, 0xFE, 0x00, 0x00, 0x00, 0x00,
    0x00, 0x00, 0x00, 0x0F, 0x40, 0x00, 0x2E, 0x00, 0x00, 0x7C, 0x00, 0x78, 0x1D, 0x07, 0x82, 0xC0, 0x78, 0x2C, 0x07,
    0x82, 0xC0, 0x78, 0x00, 0x07, 0x80, 0x00, 0x78, 0x00, 0x07, 0x80, 0x00, 0x78, 0x00, 0x07, 0x80, 0x00, 0x78, 0x00,
    0x07, 0x80, 0x00, 0x78, 0x00, 0x07, 0x80, 0x00, 0x7F, 0xFF, 0xD7, 0xFF, 0xFE, 0x7F, 0xF8, 0x38, 0x6A, 0xF8, 0x34,
    0x00, 0x78, 0x74, 0x00, 0x78, 0x70, 0x00, 0x78, 0x00, 0x00, 0x78, 0x00, 0x00, 0x78, 0x00, 0x00, 0x78, 0x00, 0x00,
    0x78, 0x00, 0x00, 0x78, 0x00, 0x00, 0x78, 0x00, 0x00, 0x78, 0x00, 0x00, 0x78, 0x00, 0x00, 0x38, 0x00, 0x00, 0x3F,
    0xA9, 0x00, 0x0B, 0xFE, 0x78, 0x00, 0x07, 0x80, 0x00, 0x78, 0x00, 0x07, 0x80, 0x00, 0x78, 0x00, 0x07, 0x80, 0x00,
    0x78, 0x00, 0x07, 0x80, 0x7C, 0x78, 0x0F, 0xD7, 0x80, 0x7C, 0x78, 0x00, 0x07, 0x80, 0x00, 0x78, 0x00, 0x07, 0x80,
    0x00, 0x7F, 0xFF, 0xD7, 0xFF, 0xFE, 0xFF, 0xF0, 0x00, 0x0A, 0xAF, 0x00, 0x00, 0x00, 0xF0, 0x00, 0x00, 0x0F, 0x00,
    0x00, 0x00, 0xF0, 0x00, 0x00, 0x0F, 0x00, 0x00, 0x00, 0xF0, 0x00, 0x00, 0x0F, 0x00, 0xB8, 0x00, 0xF0, 0x0F, 0xC0,
    0x0F, 0x00, 0xB8, 0x00, 0xF0, 0x00, 0x00, 0x0F, 0x00, 0x00, 0x00, 0xF0, 0x00, 0x00, 0x0B, 0x40, 0x00, 0x00, 0x3E,
    0xA8, 0x00, 0x01, 0xFF, 0xC0, 0x07, 0x80, 0x00, 0x07, 0x80, 0x00, 0x07, 0x80, 0x00, 0x07, 0x80, 0x00, 0x07, 0x82,
    0x00, 0x07, 0x9F, 0x00, 0x07, 0xFC, 0x00, 0x07, 0xD0, 0x00, 0x1F, 0x80, 0x00, 0xBF, 0x80, 0x00, 0x57, 0x80, 0x00,
    0x07, 0x80, 0x00, 0x07, 0x80, 0x00, 0x07, 0x80, 0x00, 0x07, 0xFF, 0xFD, 0x07, 0xFF, 0xFE, 0x7F, 0xF8, 0x00, 0x6A,
    0xF8, 0x00, 0x00, 0x78, 0x00, 0x00, 0x78, 0x00, 0x00, 0x78, 0x70, 0x00, 0x7A, 0xE0, 0x00, 0x7F, 0x40, 0x00, 0xBC,
    0x00, 0x02, 0xF8, 0x00, 0x0F, 0xB8, 0x00, 0x08, 0x78, 0x00, 0x00, 0x78, 0x00, 0x00, 0x78, 0x00, 0x00, 0x38, 0x00,
    0x00, 0x3F, 0xA9, 0x00, 0x0B, 0xFE, 0x00, 0x0F, 0x00, 0x03, 0xC0, 0x00, 0xB4, 0x00, 0x00, 0x00, 0x3E, 0x00, 0xE3,
    0xF0, 0x0E, 0x3F, 0x40, 0xE3, 0xB8, 0x0E, 0x3B, 0xC0, 0xE3, 0x9D, 0x0E, 0x38, 0xE0, 0xE3, 0x8B, 0x0E, 0x38, 0x74,
    0xE3, 0x83, 0x8E, 0x38, 0x2C, 0xE3, 0x81, 0xDE, 0x38, 0x0E, 0xE3, 0x80, 0xBE, 0x38, 0x07, 0xE3, 0x80, 0x3E, 0x00,
    0x0F, 0x00, 0x02, 0xD0, 0x00, 0x78, 0x00, 0x00, 0x00, 0x00, 0x00, 0x03, 0xCB, 0xE0, 0x3F, 0xFF, 0xC3, 0xE0, 0x3D,
    0x3C, 0x01, 0xE3, 0xC0, 0x0E, 0x3C, 0x00, 0xE3, 0xC0, 0x0E, 0x3C, 0x00, 0xE3, 0xC0, 0x0E, 0x3C, 0x00, 0xE3, 0xC0,
    0x0E, 0x3C, 0x00, 0xE0, 0x3E, 0x00, 0xE3, 0xF0, 0x0E, 0x3F, 0x40, 0xE3, 0xB8, 0x0E, 0x3B, 0xC0, 0xE3, 0x9D, 0x0E,
    0x38, 0xE0, 0xE3, 0x8B, 0x0E, 0x38, 0x74, 0xE3, 0x83, 0x8E, 0x38, 0x2C, 0xE3, 0x81, 0xDE, 0x38, 0x0E, 0xE3, 0x80,
    0xBE, 0x38, 0x07, 0xE3, 0x80, 0x3E, 0x00, 0x00, 0x00, 0x00, 0x00, 0x00, 0x7C, 0x00, 0x0F, 0x00, 0x02, 0xD0, 0x00,
    0x3C, 0xBE, 0x03, 0xFF, 0xFC, 0x3E, 0x03, 0xD3, 0xC0, 0x1E, 0x3C, 0x00, 0xE3, 0xC0, 0x0E, 0x3C, 0x00, 0xE3, 0xC0,
    0x0E, 0x3C, 0x00, 0xE3, 0xC0, 0x0E, 0x3C, 0x00, 0xE3, 0xC0, 0x0E, 0x00, 0x00, 0x00, 0x00, 0x00, 0x00, 0x7C, 0x00,
    0x0F, 0x00, 0x02, 0xD0, 0x00, 0x0F, 0x0B, 0x80, 0x3E, 0xE0, 0x00, 0xF8, 0x00, 0x00, 0x00, 0x3E, 0x00, 0xE3, 0xF0,
    0x0E, 0x3F, 0x40, 0xE3, 0xB8, 0x0E, 0x3B, 0xC0, 0xE3, 0x9D, 0x0E, 0x38, 0xE0, 0xE3, 0x8B, 0x0E, 0x38, 0x74, 0xE3,
    0x83, 0x8E, 0x38, 0x2C, 0xE3, 0x81, 0xDE, 0x38, 0x0E, 0xE3, 0x80, 0xBE, 0x38, 0x07, 0xE3, 0x80, 0x3E, 0x0F, 0x07,
    0x80, 0x3E, 0xE0, 0x00, 0xF8, 0x00, 0x00, 0x00, 0x00, 0x00, 0x03, 0xCB, 0xE0, 0x3F, 0xFF, 0xC3, 0xE0, 0x3D, 0x3C,
    0x01, 0xE3, 0xC0, 0x0E, 0x3C, 0x00, 0xE3, 0xC0, 0x0E, 0x3C, 0x00, 0xE3, 0xC0, 0x0E, 0x3C, 0x00, 0xE3, 0xC0, 0x0E,
    0x3C, 0x00, 0xE0, 0x0B, 0x80, 0x00, 0x0F, 0x00, 0x00, 0x3C, 0x00, 0x00, 0x00, 0x00, 0x00, 0x00, 0x00, 0x00, 0x03,
    0xCB, 0xE0, 0x03, 0xFF, 0xFC, 0x03, 0xE0, 0x3D, 0x03, 0xC0, 0x1E, 0x03, 0xC0, 0x0E, 0x03, 0xC0, 0x0E, 0x03, 0xC0,
    0x0E, 0x03, 0xC0, 0x0E, 0x03, 0xC0, 0x0E, 0x03, 0xC0, 0x0E, 0x03, 0xC0, 0x0E, 0x03, 0xC0, 0x0E, 0x3E, 0x00, 0xE3,
    0xF0, 0x0E, 0x3F, 0x40, 0xE3, 0xBC, 0x0E, 0x3A, 0xC0, 0xE3, 0x8E, 0x0E, 0x38, 0xF0, 0xE3, 0x87, 0x4E, 0x38, 0x38,
    0xE3, 0x82, 0xCE, 0x38, 0x1D, 0xE3, 0x80, 0xFE, 0x38, 0x07, 0xE3, 0x80, 0x3E, 0x38, 0x02, 0xE3, 0x80, 0x1E, 0x00,
    0x01, 0xE0, 0x00, 0x3D, 0x00, 0xAF, 0xC0, 0x0F, 0xE0, 0x3C, 0xBE, 0x03, 0xFF, 0xFC, 0x3E, 0x03, 0xD3, 0xC0, 0x1E,
    0x3C, 0x00, 0xE3, 0xC0, 0x0E, 0x3C, 0x00, 0xE3, 0xC0, 0x0E, 0x3C, 0x00, 0xE3, 0xC0, 0x0E, 0x3C, 0x00, 0xE3, 0xC0,
    0x0E, 0x00, 0x01, 0xE0, 0x00, 0x3D, 0x00, 0xBF, 0x80, 0x0F, 0xE0, 0x0A, 0xAA, 0x40, 0xFF, 0xF8, 0x00, 0x00, 0x00,
    0x00, 0x00, 0x02, 0xFE, 0x00, 0xFF, 0xF8, 0x3D, 0x03, 0xD3, 0xC0, 0x1E, 0x38, 0x00, 0xE3, 0x80, 0x0F, 0x38, 0x00,
    0xF3, 0x80, 0x0F, 0x38, 0x00, 0xF3, 0x80, 0x0F, 0x38, 0x00, 0xF3, 0x80, 0x0E, 0x3C, 0x01, 0xE3, 0xD0, 0x3D, 0x0F,
    0xFF, 0x80, 0x2F, 0xE0, 0x0A, 0xAA, 0x40, 0xFF, 0xF8, 0x00, 0x00, 0x00, 0x00, 0x00, 0x02, 0xFE, 0x01, 0xFF, 0xFC,
    0x3D, 0x02, 0xD3, 0xC0, 0x0E, 0x38, 0x00, 0xF3, 0x80, 0x0F, 0x38, 0x00, 0xF3, 0x80, 0x0F, 0x3C, 0x00, 0xE3, 0xD0,
    0x2D, 0x1F, 0xFF, 0xC0, 0x2F, 0xE0, 0x0E, 0x03, 0x80, 0xBF, 0xF0, 0x02, 0xFD, 0x00, 0x00, 0x00, 0x02, 0xFE, 0x00,
    0xFF, 0xF8, 0x3D, 0x03, 0xD3, 0xC0, 0x1E, 0x38, 0x00, 0xE3, 0x80, 0x0F, 0x38, 0x00, 0xF3, 0x80, 0x0F, 0x38, 0x00,
    0xF3, 0x80, 0x0F, 0x38, 0x00, 0xF3, 0x80, 0x0E, 0x3C, 0x01, 0xE3, 0xD0, 0x3D, 0x0F, 0xFF, 0x80, 0x2F, 0xE0, 0x0E,
    0x03, 0x80, 0xB0, 0xB0, 0x02, 0xFD, 0x00, 0x00, 0x00, 0x00, 0x00, 0x00, 0x2F, 0xE0, 0x1F, 0xFF, 0xC3, 0xD0, 0x2D,
    0x3C, 0x00, 0xE3, 0x80, 0x0F, 0x38, 0x00, 0xF3, 0x80, 0x0F, 0x38, 0x00, 0xF3, 0xC0, 0x0E, 0x3D, 0x02, 0xD1, 0xFF,
    0xFC, 0x02, 0xFE, 0x00, 0x00, 0xF0, 0xE0, 0x0F, 0x0F, 0x00, 0xB4, 0xF0, 0x00, 0x00, 0x00, 0x02, 0xFE, 0x00, 0x3F,
    0xFE, 0x03, 0xD0, 0x3D, 0x0F, 0x00, 0x78, 0x38, 0x00, 0xE0, 0xE0, 0x03, 0xC3, 0x80, 0x0F, 0x0E, 0x00, 0x3C, 0x38,
    0x00, 0xF0, 0xE0, 0x03, 0xC3, 0x80, 0x0F, 0x0E, 0x00, 0x38, 0x3C, 0x01, 0xE0, 0xF4, 0x0F, 0x40, 0xFF, 0xF8, 0x00,
    0xBF, 0x80, 0x00, 0xF0, 0xE0, 0x0F, 0x0F, 0x00, 0xB4, 0xF0, 0x00, 0x00, 0x00, 0x00, 0x00, 0x00, 0x0B, 0xF8, 0x01,
    0xFF, 0xFC, 0x0F, 0x40, 0xB4, 0x3C, 0x00, 0xE0, 0xE0, 0x03, 0xC3, 0x80, 0x0F, 0x0E, 0x00, 0x3C, 0x38, 0x00, 0xF0,
    0xF0, 0x03, 0x83, 0xD0, 0x2D, 0x07, 0xFF, 0xF0, 0x02, 0xFE, 0x00, 0x0B, 0xE7, 0xFF, 0x0B, 0xFF, 0xFA, 0x83, 0xC0,
    0xF4, 0x00, 0xF0, 0x2D, 0x00, 0x38, 0x07, 0x40, 0x0E, 0x01, 0xD0, 0x03, 0x80, 0x74, 0x00, 0xE0, 0x1F, 0xF8, 0x38,
    0x07, 0xE9, 0x0E, 0x01, 0xD0, 0x03, 0x80, 0x74, 0x00, 0xE0, 0x1D, 0x00, 0x3C, 0x0B, 0x40, 0x0F, 0x03, 0xD0, 0x02,
    0xFF, 0xFE, 0xA0, 0x2F, 0x9F, 0xFC, 0x0B, 0xD2, 0xF4, 0x3F, 0xFB, 0xFD, 0x3C, 0x3D, 0x0E, 0x78, 0x2C, 0x0F, 0x78,
    0x2C, 0x0F, 0x78, 0x2F, 0xFF, 0x78, 0x2F, 0xAA, 0x78, 0x2C, 0x00, 0x78, 0x2C, 0x00, 0x3C, 0x3D, 0x0E, 0x3F, 0xFB,
    0xFD, 0x0B, 0xD2, 0xF4, 0x00, 0x0F, 0x00, 0x00, 0xF0, 0x00, 0x0B, 0x40, 0x00, 0x00, 0x00, 0x3F, 0xFE, 0x00, 0xFA,
    0xBF, 0x03, 0xC0, 0x2E, 0x0F, 0x00, 0x3C, 0x3C, 0x00, 0xF0, 0xF0, 0x03, 0xC3, 0xC0, 0x0F, 0x0F, 0x00, 0xF8, 0x3F,
    0xFF, 0xC0, 0xFA, 0xF8, 0x03, 0xC1, 0xF0, 0x0F, 0x03, 0xD0, 0x3C, 0x07, 0x80, 0xF0, 0x0F, 0x03, 0xC0, 0x1E, 0x0F,
    0x00, 0x3C, 0x00, 0x2D, 0x00, 0x07, 0x80, 0x00, 0xF0, 0x00, 0x00, 0x00, 0x00, 0x00, 0x0B, 0x1F, 0xD0, 0xBB, 0xFF,
    0x4B, 0xC0, 0x7C, 0xB4, 0x03, 0xCB, 0x40, 0x3C, 0xB0, 0x00, 0x4B, 0x00, 0x00, 0xB0, 0x00, 0x0B, 0x00, 0x00, 0xB0,
    0x00, 0x0B, 0x00, 0x00, 0xB0, 0x00, 0x00, 0x3F, 0xFE, 0x00, 0xFA, 0xBF, 0x03, 0xC0, 0x2E, 0x0F, 0x00, 0x3C, 0x3C,
    0x00, 0xF0, 0xF0, 0x03, 0xC3, 0xC0, 0x0F, 0x0F, 0x00, 0xF8, 0x3F, 0xFF, 0xC0, 0xFA, 0xF8, 0x03, 0xC1, 0xF0, 0x0F,
    0x03, 0xD0, 0x3C, 0x07, 0x80, 0xF0, 0x0F, 0x03, 0xC0, 0x1E, 0x0F, 0x00, 0x3C, 0x00, 0x00, 0x00, 0x00, 0x00, 0x00,
    0x07, 0xC0, 0x00, 0x3C, 0x00, 0x02, 0xD0, 0x00, 0x0B, 0x1F, 0xD0, 0x0B, 0xBF, 0xF4, 0x0B, 0xC0, 0x7C, 0x0B, 0x40,
    0x3C, 0x0B, 0x40, 0x3C, 0x0B, 0x00, 0x04, 0x0B, 0x00, 0x00, 0x0B, 0x00, 0x00, 0x0B, 0x00, 0x00, 0x0B, 0x00, 0x00,
    0x0B, 0x00, 0x00, 0x0B, 0x00, 0x00, 0x00, 0x00, 0x00, 0x00, 0x00, 0x00, 0x0B, 0x80, 0x00, 0x1F, 0x00, 0x00, 0x3C,
    0x00, 0x00, 0x0F, 0x0B, 0x80, 0x0F, 0xB8, 0x00, 0x0F, 0x80, 0x00, 0x00, 0x00, 0x3F, 0xFE, 0x00, 0xFA, 0xBF, 0x03,
    0xC0, 0x2E, 0x0F, 0x00, 0x3C, 0x3C, 0x00, 0xF0, 0xF0, 0x03, 0xC3, 0xC0, 0x0F, 0x0F, 0x00, 0xF8, 0x3F, 0xFF, 0xC0,
    0xFA, 0xF8, 0x03, 0xC1, 0xF0, 0x0F, 0x03, 0xD0, 0x3C, 0x07, 0x80, 0xF0, 0x0F, 0x03, 0xC0, 0x1E, 0x0F, 0x00, 0x3C,
    0x2E, 0x0F, 0x00, 0xBB, 0xC0, 0x02, 0xF0, 0x00, 0x00, 0x00, 0x00, 0x00, 0x0B, 0x1F, 0xD0, 0xBB, 0xFF, 0x4B, 0xC0,
    0x7C, 0xB4, 0x03, 0xCB, 0x40, 0x3C, 0xB0, 0x00, 0x4B, 0x00, 0x00, 0xB0, 0x00, 0x0B, 0x00, 0x00, 0xB0, 0x00, 0x0B,
    0x00, 0x00, 0xB0, 0x00, 0x00, 0x00, 0x0F, 0x00, 0x00, 0xF0, 0x00, 0x0B, 0x40, 0x00, 0x00, 0x00, 0x02, 0xFD, 0x00,
    0x3F, 0xFE, 0x03, 0xD0, 0x3D, 0x0F, 0x00, 0x78, 0x3C, 0x00, 0x00, 0xF0, 0x00, 0x01, 0xF9, 0x00, 0x01, 0xFF, 0x80,
    0x00, 0x6F, 0xC0, 0x00, 0x0B, 0x80, 0x00, 0x0F, 0x08, 0x00, 0x3C, 0x78, 0x00, 0xF0, 0xF4, 0x0B, 0x81, 0xFF, 0xFC,
    0x01, 0xBF, 0x80, 0x00, 0x0F, 0x00, 0x03, 0xC0, 0x00, 0xB4, 0x00, 0x00, 0x00, 0x00, 0x00, 0x00, 0x7F, 0xE0, 0x2F,
    0xEF, 0xC3, 0xC0, 0x2D, 0x3C, 0x00, 0x03, 0xD0, 0x00, 0x1F, 0xFE, 0x00, 0x1A, 0xFC, 0x00, 0x01, 0xE1, 0x40, 0x0F,
    0x3C, 0x01, 0xE2, 0xFE, 0xFD, 0x07, 0xFE, 0x00, 0x00, 0xF8, 0x00, 0x0F, 0xB8, 0x00, 0xF0, 0xB8, 0x00, 0x00, 0x00,
    0x02, 0xFD, 0x00, 0x3F, 0xFE, 0x03, 0xD0, 0x3D, 0x0F, 0x00, 0x78, 0x3C, 0x00, 0x00, 0xF0, 0x00, 0x01, 0xF9, 0x00,
    0x01, 0xFF, 0x80, 0x00, 0x6F, 0xC0, 0x00, 0x0B, 0x80, 0x00, 0x0F, 0x08, 0x00, 0x3C, 0x78, 0x00, 0xF0, 0xF4, 0x0B,
    0x81, 0xFF, 0xFC, 0x01, 0xBF, 0x80, 0x00, 0xF8, 0x00, 0x3E, 0xE0, 0x0F, 0x0B, 0x80, 0x00, 0x00, 0x00, 0x00, 0x00,
    0x7F, 0xE0, 0x2F, 0xEF, 0xC3, 0xC0, 0x2D, 0x3C, 0x00, 0x03, 0xD0, 0x00, 0x1F, 0xFE, 0x00, 0x1A, 0xFC, 0x00, 0x01,
    0xE1, 0x40, 0x0F, 0x3C, 0x01, 0xE2, 0xFE, 0xFD, 0x07, 0xFE, 0x00, 0x02, 0xFD, 0x00, 0x3F, 0xFE, 0x03, 0xD0, 0x3D,
    0x0F, 0x00, 0x78, 0x3C, 0x00, 0x00, 0xF0, 0x00, 0x01, 0xF9, 0x00, 0x01, 0xFF, 0x80, 0x00, 0x6F, 0xC0, 0x00, 0x0B,
    0x80, 0x00, 0x0F, 0x08, 0x00, 0x3C, 0x78, 0x00, 0xF0, 0xF4, 0x0B, 0x81, 0xFF, 0xFC, 0x01, 0xBF, 0x80, 0x00, 0xD0,
    0x00, 0x01, 0xF0, 0x00, 0x01, 0xE0, 0x00, 0xBF, 0x40, 0x01, 0xA4, 0x00, 0x07, 0xFE, 0x02, 0xFE, 0xFC, 0x3C, 0x02,
    0xD3, 0xC0, 0x00, 0x3D, 0x00, 0x01, 0xFF, 0xE0, 0x01, 0xAF, 0xC0, 0x00, 0x1E, 0x14, 0x00, 0xF3, 0xC0, 0x1E, 0x2F,
    0xEF, 0xD0, 0x7F, 0xE0, 0x00, 0xE0, 0x00, 0x06, 0xD0, 0x00, 0x0F, 0x00, 0x1F, 0xE0, 0x01, 0xA4, 0x00, 0x0F, 0x0B,
    0x80, 0x0F, 0xB8, 0x00, 0x0F, 0x80, 0x00, 0x00, 0x00, 0x02, 0xFD, 0x00, 0x3F, 0xFE, 0x03, 0xD0, 0x3D, 0x0F, 0x00,
    0x78, 0x3C, 0x00, 0x00, 0xF0, 0x00, 0x01, 0xF9, 0x00, 0x01, 0xFF, 0x80, 0x00, 0x6F, 0xC0, 0x00, 0x0B, 0x80, 0x00,
    0x0F, 0x08, 0x00, 0x3C, 0x78, 0x00, 0xF0, 0xF4, 0x0B, 0x81, 0xFF, 0xFC, 0x01, 0xBF, 0x80, 0x0F, 0x0B, 0x80, 0x3E,
    0xE0, 0x00, 0xF8, 0x00, 0x00, 0x00, 0x00, 0x00, 0x00, 0x7F, 0xE0, 0x2F, 0xEF, 0xC3, 0xC0, 0x2D, 0x3C, 0x00, 0x03,
    0xD0, 0x00, 0x1F, 0xFE, 0x00, 0x1A, 0xFC, 0x00, 0x01, 0xE1, 0x40, 0x0F, 0x3C, 0x01, 0xE2, 0xFE, 0xFD, 0x07, 0xFE,
    0x00, 0xFF, 0xFF, 0xF6, 0xAB, 0xFA, 0x90, 0x0B, 0x40, 0x00, 0x2D, 0x00, 0x00, 0xB4, 0x00, 0x02, 0xD0, 0x00, 0x0B,
    0x40, 0x00, 0x2D, 0x00, 0x00, 0xB4, 0x00, 0x02, 0xD0, 0x00, 0x0B, 0x40, 0x00, 0x2D, 0x00, 0x00, 0xB4, 0x00, 0x02,
    0xD0, 0x00, 0x0B, 0x40, 0x00, 0x2D, 0x00, 0x00, 0x30, 0x00, 0x00, 0x78, 0x00, 0x00, 0xB4, 0x00, 0x3F, 0xD0, 0x00,
    0xA9, 0x00, 0x00, 0xB0, 0x00, 0x02, 0xC0, 0x00, 0x0B, 0x00, 0x0F, 0xFF, 0xFF, 0x2A, 0xFE, 0xA8, 0x02, 0xC0, 0x00,
    0x0B, 0x00, 0x00, 0x2C, 0x00, 0x00, 0xB0, 0x00, 0x02, 0xC0, 0x00, 0x0B, 0x00, 0x00, 0x2C, 0x00, 0x00, 0xB4, 0x00,
    0x01, 0xFA, 0xA0, 0x01, 0xFF, 0xC0, 0x03, 0x80, 0x00, 0x06, 0xD0, 0x00, 0x03, 0xC0, 0x01, 0xFE, 0x00, 0x06, 0x90,
    0x0F, 0x0B, 0x80, 0x0F, 0xB8, 0x00, 0x0F, 0x80, 0x00, 0x00, 0x00, 0xFF, 0xFF, 0xF6, 0xAB, 0xFA, 0x90, 0x0B, 0x40,
    0x00, 0x2D, 0x00, 0x00, 0xB4, 0x00, 0x02, 0xD0, 0x00, 0x0B, 0x40, 0x00, 0x2D, 0x00, 0x00, 0xB4, 0x00, 0x02, 0xD0,
    0x00, 0x0B, 0x40, 0x00, 0x2D, 0x00, 0x00, 0xB4, 0x00, 0x02, 0xD0, 0x00, 0x0B, 0x40, 0x00, 0x2D, 0x00, 0x00, 0x00,
    0xF0, 0x00, 0x03, 0x80, 0x0B, 0x0E, 0x00, 0x2C, 0x34, 0x00, 0xB0, 0x00, 0xFF, 0xFF, 0xF3, 0xFF, 0xFF, 0x80, 0x2C,
    0x00, 0x00, 0xB0, 0x00, 0x02, 0xC0, 0x00, 0x0B, 0x00, 0x00, 0x2C, 0x00, 0x00, 0xB0, 0x00, 0x02, 0xC0, 0x00, 0x0B,
    0x40, 0x00, 0x0F, 0xFE, 0x00, 0x1F, 0xFC, 0xFF, 0xFF, 0xF6, 0xAB, 0xFA, 0x90, 0x0B, 0x40, 0x00, 0x2D, 0x00, 0x00,
    0xB4, 0x00, 0x02, 0xD0, 0x00, 0x0B, 0x40, 0x00, 0x2D, 0x00, 0x2F, 0xFF, 0xD0, 0x6B, 0xFA, 0x00, 0x0B, 0x40, 0x00,
    0x2D, 0x00, 0x00, 0xB4, 0x00, 0x02, 0xD0, 0x00, 0x0B, 0x40, 0x00, 0x2D, 0x00, 0x00, 0xB0, 0x00, 0x02, 0xC0, 0x00,
    0x0B, 0x00, 0x0F, 0xFF, 0xFF, 0x3F, 0xFF, 0xF8, 0x02, 0xC0, 0x00, 0x0B, 0x00, 0x00, 0x2C, 0x00, 0x0A, 0xFE, 0xA0,
    0x3F, 0xFF, 0xC0, 0x0B, 0x00, 0x00, 0x2C, 0x00, 0x00, 0xB4, 0x00, 0x01, 0xFF, 0xE0, 0x01, 0xFF, 0xC0, 0x00, 0x00,
    0x00, 0x7C, 0x28, 0x0E, 0xB3, 0x80, 0xD2, 0xF0, 0x00, 0x00, 0x00, 0x00, 0x00, 0x3C, 0x00, 0xE3, 0xC0, 0x0E, 0x3C,
    0x00, 0xE3, 0xC0, 0x0E, 0x3C, 0x00, 0xE3, 0xC0, 0x0E, 0x3C, 0x00, 0xE3, 0xC0, 0x0E, 0x3C, 0x00, 0xE3, 0xC0, 0x0E,
    0x3C, 0x00, 0xE3, 0xC0, 0x0E, 0x3C, 0x01, 0xE2, 0xD0, 0x3D, 0x0F, 0xFF, 0xC0, 0x2F, 0xE0, 0x00, 0x00, 0x00, 0x7C,
    0x28, 0x0E, 0xB3, 0x80, 0xD2, 0xF0, 0x00, 0x00, 0x00, 0x00, 0x00, 0x3C, 0x00, 0xE3, 0xC0, 0x0E, 0x3C, 0x00, 0xE3,
    0xC0, 0x0E, 0x3C, 0x00, 0xE3, 0xC0, 0x0E, 0x3C, 0x00, 0xE3, 0xC0, 0x0E, 0x3C, 0x01, 0xE2, 0xE0, 0x3D, 0x0F, 0xFF,
    0x80, 0x2F, 0xD0, 0x0A, 0xAA, 0x40, 0xFF, 0xF8, 0x00, 0x00, 0x00, 0x00, 0x00, 0x3C, 0x00, 0xE3, 0xC0, 0x0E, 0x3C,
    0x00, 0xE3, 0xC0, 0x0E, 0x3C, 0x00, 0xE3, 0xC0, 0x0E, 0x3C, 0x00, 0xE3, 0xC0, 0x0E, 0x3C, 0x00, 0xE3, 0xC0, 0x0E,
    0x3C, 0x00, 0xE3, 0xC0, 0x0E, 0x3C, 0x01, 0xE2, 0xD0, 0x3D, 0x0F, 0xFF, 0xC0, 0x2F, 0xE0, 0x0A, 0xAA, 0x40, 0xFF,
    0xF8, 0x00, 0x00, 0x00, 0x00, 0x00, 0x3C, 0x00, 0xE3, 0xC0, 0x0E, 0x3C, 0x00, 0xE3, 0xC0, 0x0E, 0x3C, 0x00, 0xE3,
    0xC0, 0x0E, 0x3C, 0x00, 0xE3, 0xC0, 0x0E, 0x3C, 0x01, 0xE2, 0xE0, 0x3D, 0x0F, 0xFF, 0x80, 0x2F, 0xD0, 0x0E, 0x03,
    0x80, 0xBF, 0xF0, 0x02, 0xFD, 0x00, 0x00, 0x00, 0x3C, 0x00, 0xE3, 0xC0, 0x0E, 0x3C, 0x00, 0xE3, 0xC0, 0x0E, 0x3C,
    0x00, 0xE3, 0xC0, 0x0E, 0x3C, 0x00, 0xE3, 0xC0, 0x0E, 0x3C, 0x00, 0xE3, 0xC0, 0x0E, 0x3C, 0x00, 0xE3, 0xC0, 0x0E,
    0x3C, 0x01, 0xE2, 0xD0, 0x3D, 0x0F, 0xFF, 0xC0, 0x2F, 0xE0, 0x0E, 0x03, 0x80, 0xB0, 0xB0, 0x02, 0xFD, 0x00, 0x00,
    0x00, 0x00, 0x00, 0x03, 0xC0, 0x0E, 0x3C, 0x00, 0xE3, 0xC0, 0x0E, 0x3C, 0x00, 0xE3, 0xC0, 0x0E, 0x3C, 0x00, 0xE3,
    0xC0, 0x0E, 0x3C, 0x00, 0xE3, 0xC0, 0x1E, 0x2E, 0x03, 0xD0, 0xFF, 0xF8, 0x02, 0xFD, 0x00, 0x01, 0xF8, 0x00, 0x34,
    0xE0, 0x03, 0x07, 0x00, 0x34, 0xE0, 0x01, 0xF8, 0x03, 0xC0, 0x0E, 0x3C, 0x00, 0xE3, 0xC0, 0x0E, 0x3C, 0x00, 0xE3,
    0xC0, 0x0E, 0x3C, 0x00, 0xE3, 0xC0, 0x0E, 0x3C, 0x00, 0xE3, 0xC0, 0x0E, 0x3C, 0x00, 0xE3, 0xC0, 0x0E, 0x3C, 0x00,
    0xE3, 0xC0, 0x1E, 0x2D, 0x03, 0xD0, 0xFF, 0xFC, 0x02, 0xFE, 0x00, 0x01, 0xF8, 0x00, 0x34, 0xE0, 0x03, 0x07, 0x00,
    0x34, 0xE0, 0x01, 0xF8, 0x00, 0x00, 0x00, 0x3C, 0x00, 0xE3, 0xC0, 0x0E, 0x3C, 0x00, 0xE3, 0xC0, 0x0E, 0x3C, 0x00,
    0xE3, 0xC0, 0x0E, 0x3C, 0x00, 0xE3, 0xC0, 0x0E, 0x3C, 0x01, 0xE2, 0xE0, 0x3D, 0x0F, 0xFF, 0x80, 0x2F, 0xD0, 0x00,
    0xF0, 0xE0, 0x0F, 0x0F, 0x00, 0xB4, 0xF0, 0x00, 0x00, 0x00, 0x3C, 0x00, 0xE0, 0xF0, 0x03, 0x83, 0xC0, 0x0E, 0x0F,
    0x00, 0x38, 0x3C, 0x00, 0xE0, 0xF0, 0x03, 0x83, 0xC0, 0x0E, 0x0F, 0x00, 0x38, 0x3C, 0x00, 0xE0, 0xF0, 0x03, 0x83,
    0xC0, 0x0E, 0x0F, 0x00, 0x38, 0x3C, 0x01, 0xE0, 0xB4, 0x0F, 0x40, 0xFF, 0xFC, 0x00, 0xBF, 0x80, 0x00, 0xF0, 0xE0,
    0x0F, 0x0F, 0x00, 0xB4, 0xF0, 0x00, 0x00, 0x00, 0x00, 0x00, 0x00, 0xF0, 0x03, 0x83, 0xC0, 0x0E, 0x0F, 0x00, 0x38,
    0x3C, 0x00, 0xE0, 0xF0, 0x03, 0x83, 0xC0, 0x0E, 0x0F, 0x00, 0x38, 0x3C, 0x00, 0xE0, 0xF0, 0x07, 0x82, 0xE0, 0x3D,
    0x03, 0xFF, 0xE0, 0x02, 0xFD, 0x00, 0x3C, 0x00, 0xE3, 0xC0, 0x0E, 0x3C, 0x00, 0xE3, 0xC0, 0x0E, 0x3C, 0x00, 0xE3,
    0xC0, 0x0E, 0x3C, 0x00, 0xE3, 0xC0, 0x0E, 0x3C, 0x00, 0xE3, 0xC0, 0x0E, 0x3C, 0x00, 0xE3, 0xC0, 0x0E, 0x3C, 0x01,
    0xE2, 0xD0, 0x3D, 0x0F, 0xFF, 0xC0, 0x2F, 0xF0, 0x00, 0x3C, 0x00, 0x07, 0x40, 0x00, 0xB4, 0x00, 0x07, 0xF8, 0x00,
    0x1A, 0x40, 0x3C, 0x00, 0xE3, 0xC0, 0x0E, 0x3C, 0x00, 0xE3, 0xC0, 0x0E, 0x3C, 0x00, 0xE3, 0xC0, 0x0E, 0x3C, 0x00,
    0xE3, 0xC0, 0x0E, 0x3C, 0x01, 0xE2, 0xD0, 0x3D, 0x0F, 0xFF, 0xC0, 0x2F, 0xE0, 0x00, 0x38, 0x00, 0x0B, 0x00, 0x00,
    0xB4, 0x00, 0x03, 0xF4, 0x00, 0x00, 0x00, 0x00, 0x3E, 0x00, 0x00, 0x3E, 0xE0, 0x00, 0x3C, 0x2E, 0x00, 0x00, 0x00,
    0x00, 0xB0, 0x2D, 0x0B, 0x1D, 0x0F, 0x82, 0xC7, 0x43, 0xE0, 0xF0, 0xE0, 0xEC, 0x3C, 0x38, 0x37, 0x0E, 0x0E, 0x1D,
    0xC3, 0x83, 0xC7, 0x30, 0xD0, 0xB2, 0x8D, 0x74, 0x2C, 0xE3, 0x5C, 0x07, 0x34, 0xEB, 0x01, 0xCD, 0x2A, 0xC0, 0x77,
    0x0B, 0xB0, 0x0E, 0xC1, 0xF8, 0x03, 0xF0, 0x7E, 0x00, 0xFC, 0x0F, 0x40, 0x3E, 0x03, 0xD0, 0x00, 0x3E, 0x00, 0x00,
    0xFB, 0x80, 0x03, 0xC2, 0xE0, 0x00, 0x00, 0x00, 0x00, 0x00, 0x00, 0x74, 0x2D, 0x0B, 0x34, 0x3E, 0x0E, 0x38, 0x3E,
    0x0E, 0x3C, 0x37, 0x0D, 0x2C, 0x77, 0x1C, 0x1C, 0xA3, 0x1C, 0x1C, 0xE3, 0x6C, 0x0D, 0xD3, 0xA8, 0x0E, 0xC2, 0xB8,
    0x0F, 0xC2, 0xF4, 0x0B, 0xC1, 0xF0, 0x0B, 0x80, 0xF0, 0x00, 0x3E, 0x00, 0x00, 0xFB, 0x80, 0x03, 0xC2, 0xE0, 0x00,
    0x00, 0x00, 0x3C, 0x00, 0x1E, 0x2D, 0x00, 0x3C, 0x0F, 0x00, 0x38, 0x0B, 0x40, 0xB4, 0x03, 0xC0, 0xF0, 0x02, 0xC2,
    0xD0, 0x01, 0xE3, 0xC0, 0x00, 0xFB, 0x40, 0x00, 0x7F, 0x00, 0x00, 0x3E, 0x00, 0x00, 0x2D, 0x00, 0x00, 0x2D, 0x00,
    0x00, 0x2D, 0x00, 0x00, 0x2D, 0x00, 0x00, 0x2D, 0x00, 0x00, 0x2D, 0x00, 0x00, 0xF8, 0x00, 0x0F, 0xB8, 0x00, 0xF0,
    0xB8, 0x00, 0x00, 0x00, 0x00, 0x00, 0x02, 0xD0, 0x02, 0xD7, 0x80, 0x0F, 0x0F, 0x00, 0x78, 0x2D, 0x02, 0xC0, 0x3C,
    0x0F, 0x00, 0xF0, 0x74, 0x01, 0xE2, 0xC0, 0x03, 0xCF, 0x00, 0x0B, 0xB4, 0x00, 0x1F, 0xC0, 0x00, 0x3E, 0x00, 0x00,
    0xB4, 0x00, 0x03, 0xC0, 0x00, 0x1E, 0x00, 0x00, 0xB4, 0x00, 0x03, 0xC0, 0x00, 0x02, 0x81, 0xD0, 0x07, 0xD2, 0xF0,
    0x03, 0xC1, 0xE0, 0x00, 0x00, 0x00, 0x3C, 0x00, 0x1E, 0x2D, 0x00, 0x3C, 0x0F, 0x00, 0x38, 0x0B, 0x40, 0xB4, 0x03,
    0xC0, 0xF0, 0x02, 0xC2, 0xD0, 0x01, 0xE3, 0xC0, 0x00, 0xFB, 0x40, 0x00, 0x7F, 0x00, 0x00, 0x3E, 0x00, 0x00, 0x2D,
    0x00, 0x00, 0x2D, 0x00, 0x00, 0x2D, 0x00, 0x00, 0x2D, 0x00, 0x00, 0x2D, 0x00, 0x00, 0x2D, 0x00, 0x00, 0x0F, 0x00,
    0x03, 0xC0, 0x00, 0xB4, 0x00, 0x00, 0x00, 0x3F, 0xFF, 0xE2, 0xAA, 0xBE, 0x00, 0x02, 0xD0, 0x00, 0x78, 0x00, 0x0F,
    0x00, 0x01, 0xE0, 0x00, 0x3C, 0x00, 0x0B, 0x80, 0x00, 0xF0, 0x00, 0x2D, 0x00, 0x03, 0xC0, 0x00, 0xF4, 0x00, 0x1E,
    0x00, 0x03, 0xC0, 0x00, 0x3E, 0xAA, 0xA3, 0xFF, 0xFF, 0x00, 0x0F, 0x00, 0x03, 0xC0, 0x00, 0xB4, 0x00, 0x00, 0x00,
    0x00, 0x00, 0x03, 0xFF, 0xFD, 0x2A, 0xAB, 0xD0, 0x00, 0x7C, 0x00, 0x0F, 0x40, 0x03, 0xD0, 0x00, 0xB8, 0x00, 0x1F,
    0x00, 0x03, 0xC0, 0x00, 0xF4, 0x00, 0x2E, 0x00, 0x03, 0xEA, 0xAA, 0x3F, 0xFF, 0xE0, 0x00, 0xB4, 0x00, 0x0F, 0x80,
    0x00, 0xF4, 0x00, 0x00, 0x00, 0x3F, 0xFF, 0xE2, 0xAA, 0xBE, 0x00, 0x02, 0xD0, 0x00, 0x78, 0x00, 0x0F, 0x00, 0x01,
    0xE0, 0x00, 0x3C, 0x00, 0x0B, 0x80, 0x00, 0xF0, 0x00, 0x2D, 0x00, 0x03, 0xC0, 0x00, 0xF4, 0x00, 0x1E, 0x00, 0x03,
    0xC0, 0x00, 0x3E, 0xAA, 0xA3, 0xFF, 0xFF, 0x00, 0xB4, 0x00, 0x0F, 0x80, 0x00, 0xF4, 0x00, 0x00, 0x00, 0x00, 0x00,
    0x03, 0xFF, 0xFD, 0x2A, 0xAB, 0xD0, 0x00, 0x7C, 0x00, 0x0F, 0x40, 0x03, 0xD0, 0x00, 0xB8, 0x00, 0x1F, 0x00, 0x03,
    0xC0, 0x00, 0xF4, 0x00, 0x2E, 0x00, 0x03, 0xEA, 0xAA, 0x3F, 0xFF, 0xE0, 0x0F, 0x0B, 0x80, 0x3E, 0xE0, 0x00, 0xF8,
    0x00, 0x00, 0x00, 0x3F, 0xFF, 0xE2, 0xAA, 0xBE, 0x00, 0x02, 0xD0, 0x00, 0x78, 0x00, 0x0F, 0x00, 0x01, 0xE0, 0x00,
    0x3C, 0x00, 0x0B, 0x80, 0x00, 0xF0, 0x00, 0x2D, 0x00, 0x03, 0xC0, 0x00, 0xF4, 0x00, 0x1E, 0x00, 0x03, 0xC0, 0x00,
    0x3E, 0xAA, 0xA3, 0xFF, 0xFF, 0x0F, 0x0B, 0x80, 0x3E, 0xE0, 0x00, 0xF8, 0x00, 0x00, 0x00, 0x00, 0x00, 0x03, 0xFF,
    0xFD, 0x2A, 0xAB, 0xD0, 0x00, 0x7C, 0x00, 0x0F, 0x40, 0x03, 0xD0, 0x00, 0xB8, 0x00, 0x1F, 0x00, 0x03, 0xC0, 0x00,
    0xF4, 0x00, 0x2E, 0x00, 0x03, 0xEA, 0xAA, 0x3F, 0xFF, 0xE0, 0x0B, 0xFE, 0x3F, 0xAA, 0x78, 0x00, 0xB4, 0x00, 0xB4,
    0x00, 0xB4, 0x00, 0xB4, 0x00, 0xB4, 0x00, 0xB4, 0x00, 0xB4, 0x00, 0xB4, 0x00, 0xB4, 0x00, 0xB4, 0x00, 0xB4, 0x00,
    0xB4, 0x00, 0xB4, 0x00, 0x02, 0xFE, 0x00, 0xFF, 0xF8, 0x3D, 0x03, 0xD3, 0xC0, 0x1E, 0x14, 0x00, 0xE0, 0x00, 0x0E,
    0x00, 0x00, 0xE3, 0xFF, 0xFE, 0x3E, 0xAB, 0xE3, 0xC0, 0x0E, 0x3C, 0x00, 0xE3, 0xC0, 0x0E, 0x3C, 0x01, 0xE2, 0xD0,
    0x3D, 0x0F, 0xFF, 0x80, 0x2F, 0xE0, 0x02, 0xFE, 0x00, 0x3F, 0xFF, 0x03, 0xE0, 0x2E, 0x0F, 0x00, 0x3C, 0x3C, 0x00,
    0x60, 0xF0, 0x00, 0x01, 0xF0, 0x00, 0x01, 0xFF, 0x40, 0x0F, 0xE8, 0x00, 0xF4, 0x00, 0x07, 0x80, 0x00, 0x2D, 0x00,
    0x04, 0x78, 0x00, 0xB4, 0xF4, 0x07, 0xC1, 0xFF, 0xFD, 0x00, 0xBF, 0x80, 0x00, 0x0B, 0xFC, 0x00, 0x3F, 0xA8, 0x00,
    0x78, 0x00, 0x00, 0x78, 0x00, 0x00, 0x78, 0x00, 0x00, 0x78, 0x00, 0x00, 0x78, 0x00, 0x00, 0x78, 0x00, 0x2F, 0xFF,
    0xFC, 0x2A, 0xFE, 0xA8, 0x00, 0x78, 0x00, 0x00, 0x78, 0x00, 0x00, 0x78, 0x00, 0x00, 0x78, 0x00, 0x00, 0x78, 0x00,
    0x00, 0x78, 0x00, 0x00, 0x74, 0x00, 0x00, 0xF0, 0x00, 0xAF, 0xE0, 0x00, 0xFF, 0x40, 0x00, 0x00, 0x00, 0x00, 0x0F,
    0x07, 0x00, 0x2E, 0xFC, 0x00, 0xBF, 0x40, 0x1F, 0xF0, 0x00, 0xF7, 0xD0, 0x01, 0x0F, 0x80, 0x00, 0x7F, 0x00, 0x03,
    0xDD, 0x00, 0x0E, 0x3C, 0x00, 0xB4, 0xF0, 0x03, 0xC1, 0xE0, 0x1E, 0x03, 0xC0, 0xB4, 0x0B, 0x43, 0xC0, 0x1E, 0x1E,
    0x00, 0x3C, 0xF4, 0x00, 0xB4, 0x00, 0x00, 0x20, 0x00, 0x01, 0xC0, 0x2F, 0xDB, 0x03, 0xFF, 0xF8, 0x3D, 0x03, 0xD0,
    0xF0, 0x07, 0x83, 0x80, 0x0E, 0x0E, 0x00, 0x3C, 0x38, 0x00, 0xF0, 0xE0, 0x03, 0xC3, 0x80, 0x0F, 0x0E, 0x00, 0x3C,
    0x38, 0x00, 0xF0, 0xE0, 0x03, 0x83, 0xC0, 0x1E, 0x0F, 0x40, 0xF4, 0x0F, 0xFF, 0xC0, 0x0B, 0xF8, 0x00, 0x00, 0x00,
    0x34, 0x00, 0x01, 0xD0, 0x2F, 0xFF, 0x07, 0xFF, 0xF8, 0x3D, 0x02, 0xD0, 0xF0, 0x03, 0x83, 0x80, 0x0F, 0x0E, 0x00,
    0x3C, 0x38, 0x00, 0xF0, 0xE0, 0x03, 0xC3, 0xC0, 0x0E, 0x0F, 0x40, 0xB4, 0x1F, 0xFF, 0xC0, 0x0B, 0xF8, 0x00, 0x00,
    0x00, 0x0E, 0x00, 0x00, 0x0D, 0x3C, 0x00, 0xFC, 0x3C, 0x00, 0xF0, 0x3C, 0x00, 0xE0, 0x3C, 0x00, 0xE0, 0x3C, 0x00,
    0xE0, 0x3C, 0x00, 0xE0, 0x3C, 0x00, 0xE0, 0x3C, 0x00, 0xE0, 0x3C, 0x00, 0xE0, 0x3C, 0x00, 0xE0, 0x3C, 0x00, 0xE0,
    0x3C, 0x00, 0xE0, 0x3C, 0x01, 0xE0, 0x2D, 0x03, 0xD0, 0x0F, 0xFF, 0xC0, 0x02, 0xFE, 0x00, 0x00, 0x00, 0x05, 0x00,
    0x00, 0x0E, 0x00, 0x00, 0x0E, 0x3C, 0x00, 0xFD, 0x3C, 0x00, 0xF8, 0x3C, 0x00, 0xE0, 0x3C, 0x00, 0xE0, 0x3C, 0x00,
    0xE0, 0x3C, 0x00, 0xE0, 0x3C, 0x00, 0xE0, 0x3C, 0x00, 0xE0, 0x3C, 0x01, 0xE0, 0x2E, 0x03, 0xD0, 0x0F, 0xFF, 0x80,
    0x02, 0xFD, 0x00, 0x0F, 0x0B, 0x80, 0x0F, 0xB8, 0x00, 0x0F, 0x80, 0x00, 0x00, 0x00, 0x00, 0xF8, 0x00, 0x07, 0xF0,
    0x00, 0x2E, 0xC0, 0x00, 0xF7, 0x40, 0x03, 0x8E, 0x00, 0x1E, 0x3C, 0x00, 0xB4, 0xB0, 0x03, 0xC1, 0xD0, 0x0F, 0x03,
    0x80, 0x78, 0x0F, 0x02, 0xFA, 0xBC, 0x0F, 0xFF, 0xF4, 0x3C, 0x01, 0xE1, 0xE0, 0x03, 0xCB, 0x40, 0x0B, 0x3C, 0x00,
    0x1D, 0x0F, 0x07, 0x80, 0x3E, 0xE0, 0x00, 0xF8, 0x00, 0x00, 0x00, 0x00, 0x00, 0x00, 0x6F, 0xE0, 0x1F, 0xEF, 0xC3,
    0xC0, 0x2D, 0x00, 0x00, 0xE0, 0x6A, 0xBE, 0x2F, 0xFF, 0xE7, 0xC0, 0x0E, 0xB4, 0x00, 0xEB, 0x40, 0x1E, 0x7C, 0x03,
    0xE3, 0xFF, 0xEE, 0x0B, 0xF4, 0xE0, 0x0B, 0x43, 0xC0, 0x0B, 0xBC, 0x00, 0x0B, 0xC0, 0x00, 0x00, 0x00, 0x00, 0x00,
    0x00, 0xFF, 0xF0, 0x02, 0xAF, 0xC0, 0x00, 0x0F, 0x00, 0x00, 0x3C, 0x00, 0x00, 0xF0, 0x00, 0x03, 0xC0, 0x00, 0x0F,
    0x00, 0x00, 0x3C, 0x00, 0x00, 0xF0, 0x00, 0x03, 0xC0, 0x0A, 0xBF, 0xA9, 0x3F, 0xFF, 0xF8, 0x0F, 0x0B, 0x80, 0x3E,
    0xE0, 0x00, 0xF8, 0x00, 0x00, 0x00, 0x00, 0x00, 0x00, 0x2F, 0xE0, 0x1F, 0xFF, 0xC3, 0xD0, 0x2D, 0x3C, 0x00, 0xE3,
    0x80, 0x0F, 0x38, 0x00, 0xF3, 0x80, 0x0F, 0x38, 0x00, 0xF3, 0xC0, 0x0E, 0x3D, 0x02, 0xD1, 0xFF, 0xFC, 0x02, 0xFE,
    0x00, 0x0F, 0x0B, 0x80, 0x3E, 0xE0, 0x00, 0xF8, 0x00, 0x00, 0x00, 0x00, 0x00, 0x03, 0xC0, 0x0E, 0x3C, 0x00, 0xE3,
    0xC0, 0x0E, 0x3C, 0x00, 0xE3, 0xC0, 0x0E, 0x3C, 0x00, 0xE3, 0xC0, 0x0E, 0x3C, 0x00, 0xE3, 0xC0, 0x1E, 0x2E, 0x03,
    0xD0, 0xFF, 0xF8, 0x02, 0xFD, 0x00, 0x0A, 0xAA, 0x40, 0xFF, 0xF8, 0x00, 0x00, 0x00, 0x00, 0x00, 0x0A, 0x07, 0x41,
    0xF4, 0xBC, 0x0F, 0x07, 0x80, 0x00, 0x00, 0x00, 0x00, 0x03, 0xC0, 0x0E, 0x3C, 0x00, 0xE3, 0xC0, 0x0E, 0x3C, 0x00,
    0xE3, 0xC0, 0x0E, 0x3C, 0x00, 0xE3, 0xC0, 0x0E, 0x3C, 0x00, 0xE3, 0xC0, 0x1E, 0x2E, 0x03, 0xD0, 0xFF, 0xF8, 0x02,
    0xFD, 0x00, 0x00, 0x0F, 0x00, 0x03, 0xC0, 0x00, 0xB4, 0x00, 0x00, 0x00, 0x00, 0x00, 0x00, 0xA0, 0x74, 0x1F, 0x4B,
    0xC0, 0xF0, 0x78, 0x00, 0x00, 0x00, 0x00, 0x00, 0x3C, 0x00, 0xE3, 0xC0, 0x0E, 0x3C, 0x00, 0xE3, 0xC0, 0x0E, 0x3C,
    0x00, 0xE3, 0xC0, 0x0E, 0x3C, 0x00, 0xE3, 0xC0, 0x0E, 0x3C, 0x01, 0xE2, 0xE0, 0x3D, 0x0F, 0xFF, 0x80, 0x2F, 0xD0,
    0x0F, 0x0B, 0x80, 0x3E, 0xE0, 0x00, 0xF8, 0x00, 0x00, 0x00, 0x00, 0x00, 0x00, 0xA0, 0x74, 0x1F, 0x4B, 0xC0, 0xF0,
    0x78, 0x00, 0x00, 0x00, 0x00, 0x00, 0x3C, 0x00, 0xE3, 0xC0, 0x0E, 0x3C, 0x00, 0xE3, 0xC0, 0x0E, 0x3C, 0x00, 0xE3,
    0xC0, 0x0E, 0x3C, 0x00, 0xE3, 0xC0, 0x0E, 0x3C, 0x01, 0xE2, 0xE0, 0x3D, 0x0F, 0xFF, 0x80, 0x2F, 0xD0, 0x07, 0x80,
    0x00, 0x2D, 0x00, 0x00, 0xF0, 0x00, 0x00, 0x00, 0x00, 0x00, 0x00, 0xA0, 0x74, 0x1F, 0x4B, 0xC0, 0xF0, 0x78, 0x00,
    0x00, 0x00, 0x00, 0x00, 0x3C, 0x00, 0xE3, 0xC0, 0x0E, 0x3C, 0x00, 0xE3, 0xC0, 0x0E, 0x3C, 0x00, 0xE3, 0xC0, 0x0E,
    0x3C, 0x00, 0xE3, 0xC0, 0x0E, 0x3C, 0x01, 0xE2, 0xE0, 0x3D, 0x0F, 0xFF, 0x80, 0x2F, 0xD0, 0x0F, 0x0B, 0x80, 0x3E,
    0xE0, 0x00, 0xF8, 0x00, 0x00, 0x00, 0x02, 0xFE, 0x00, 0xFF, 0xFC, 0x3D, 0x02, 0xD3, 0xC0, 0x0F, 0x38, 0x00, 0xA3,
    0x80, 0x00, 0x38, 0x00, 0x03, 0x80, 0x00, 0x38, 0x3F, 0xF3, 0x82, 0xAF, 0x38, 0x00, 0xF3, 0xC0, 0x0F, 0x3C, 0x00,
    0xF3, 0xD0, 0x2E, 0x0F, 0xFF, 0xC0, 0x2F, 0xE0, 0x0F, 0x0B, 0x80, 0x3E, 0xE0, 0x00, 0xF8, 0x00, 0x00, 0x00, 0x00,
    0x00, 0x00, 0x7F, 0x4E, 0x1F, 0xFE, 0xE3, 0xD0, 0x3E, 0x3C, 0x01, 0xE3, 0x80, 0x1E, 0x38, 0x00, 0xE3, 0x80, 0x0E,
    0x3C, 0x01, 0xE3, 0xC0, 0x2E, 0x2E, 0x07, 0xE0, 0xFF, 0xEE, 0x02, 0xA0, 0xE0, 0x00, 0x1E, 0x00, 0x02, 0xD0, 0x6A,
    0xFC, 0x0B, 0xFE, 0x00, 0x02, 0xFE, 0x00, 0xFF, 0xFC, 0x3D, 0x03, 0xD3, 0xC0, 0x1E, 0x38, 0x00, 0xE3, 0x80, 0x0F,
    0x38, 0x00, 0xF3, 0x80, 0x0F, 0x38, 0x00, 0xF3, 0x80, 0x0F, 0x38, 0x00, 0xF3, 0x80, 0x0E, 0x3C, 0x01, 0xE3, 0xD0,
    0x3D, 0x0F, 0xFF, 0xC0, 0x2F, 0xF0, 0x00, 0x3C, 0x00, 0x07, 0x40, 0x00, 0xB4, 0x00, 0x07, 0xF8, 0x00, 0x1A, 0x40,
    0x02, 0xFE, 0x00, 0xFF, 0xFC, 0x3D, 0x03, 0xD3, 0xC0, 0x1E, 0x38, 0x00, 0xE3, 0x80, 0x0F, 0x38, 0x00, 0xF3, 0x80,
    0x0E, 0x3C, 0x01, 0xE3, 0xD0, 0x3D, 0x0F, 0xFF, 0xC0, 0x2F, 0xF0, 0x00, 0x3C, 0x00, 0x0B, 0x00, 0x00, 0xB4, 0x00,
    0x07, 0xF4, 0x00, 0x1A, 0x40, 0x00, 0x0F, 0x00, 0x03, 0xC0, 0x00, 0xB4, 0x00, 0x00, 0x00, 0x02, 0xFE, 0x00, 0xFF,
    0xFC, 0x3D, 0x02, 0xD3, 0xC0, 0x0F, 0x38, 0x00, 0xA3, 0x80, 0x00, 0x38, 0x00, 0x03, 0x80, 0x00, 0x38, 0x3F, 0xF3,
    0x82, 0xAF, 0x38, 0x00, 0xF3, 0xC0, 0x0F, 0x3C, 0x00, 0xF3, 0xD0, 0x2E, 0x0F, 0xFF, 0xC0, 0x2F, 0xE0, 0x00, 0x0F,
    0x00, 0x03, 0xC0, 0x00, 0xB4, 0x00, 0x00, 0x00, 0x00, 0x00, 0x00, 0x7F, 0x4E, 0x1F, 0xFE, 0xE3, 0xD0, 0x3E, 0x3C,
    0x01, 0xE3, 0x80, 0x1E, 0x38, 0x00, 0xE3, 0x80, 0x0E, 0x3C, 0x01, 0xE3, 0xC0, 0x2E, 0x2E, 0x07, 0xE0, 0xFF, 0xEE,
    0x02, 0xA0, 0xE0, 0x00, 0x1E, 0x00, 0x02, 0xD0, 0x6A, 0xFC, 0x0B, 0xFE, 0x00, 0x00, 0x03, 0xC0, 0x00, 0x0F, 0x00,
    0x00, 0x2D, 0x00, 0x00, 0x00, 0x00, 0x01, 0xFF, 0xFF, 0x02, 0xFF, 0xEA, 0x03, 0xCB, 0x00, 0x03, 0xCB, 0x00, 0x03,
    0x8B, 0x00, 0x07, 0x4B, 0x00, 0x0B, 0x4B, 0x00, 0x0F, 0x0B, 0xFD, 0x0F, 0x0B, 0xE9, 0x0F, 0x0B, 0x00, 0x1F, 0xFF,
    0x00, 0x2F, 0xAF, 0x00, 0x2C, 0x0B, 0x00, 0x3C, 0x0B, 0x00, 0x3C, 0x0B, 0xEA, 0x78, 0x0B, 0xFF, 0x00, 0x03, 0xC0,
    0x00, 0x0F, 0x00, 0x00, 0x2D, 0x00, 0x00, 0x00, 0x00, 0x00, 0x00, 0x00, 0x0B, 0xD2, 0xF4, 0x2E, 0xBB, 0xBD, 0x3C,
    0x2D, 0x0E, 0x00, 0x1C, 0x0F, 0x00, 0x1C, 0x0F, 0x0B, 0xFF, 0xFF, 0x3F, 0xBF, 0xAA, 0x38, 0x1C, 0x00, 0x74, 0x1C,
    0x00, 0x38, 0x2D, 0x0E, 0x3E, 0xBB, 0xBD, 0x0B, 0xD2, 0xF8, 0x00, 0x03, 0xC0, 0x00, 0x0F, 0x00, 0x00, 0x2D, 0x00,
    0x00, 0x00, 0x00, 0x00, 0xBF, 0x9E, 0x03, 0xFF, 0xFC, 0x0F, 0x40, 0xF8, 0x0F, 0x00, 0xF8, 0x0F, 0x01, 0xF8, 0x0E,
    0x03, 0xFC, 0x0E, 0x0B, 0x7C, 0x0E, 0x0E, 0x3C, 0x0E, 0x2C, 0x3C, 0x0E, 0x74, 0x3C, 0x0E, 0xF0, 0x3C, 0x0F, 0xD0,
    0x38, 0x0F, 0xC0, 0x78, 0x0F, 0x80, 0xF4, 0x0F, 0xFF, 0xF0, 0x2D, 0xBF, 0x80, 0x14, 0x00, 0x00, 0x00, 0x03, 0xC0,
    0x00, 0x0F, 0x00, 0x00, 0x2D, 0x00, 0x00, 0x00, 0x00, 0x00, 0x00, 0x1E, 0x00, 0xBF, 0x7C, 0x03, 0xFF, 0xF4, 0x0F,
    0x41, 0xF4, 0x0F, 0x03, 0xF8, 0x0E, 0x0B, 0x78, 0x0E, 0x1E, 0x3C, 0x0E, 0x3C, 0x3C, 0x0E, 0xB0, 0x38, 0x0F, 0xD0,
    0x38, 0x0F, 0xC0, 0xB4, 0x0F, 0xFF, 0xF0, 0x2D, 0xBF, 0x80, 0x14, 0x00, 0x00, 0x02, 0xFD, 0x00, 0x3F, 0xFE, 0x03,
    0xD0, 0x3D, 0x0F, 0x00, 0x78, 0x3C, 0x00, 0x00, 0xF0, 0x00, 0x01, 0xF9, 0x00, 0x01, 0xFF, 0x80, 0x00, 0x6F, 0xC0,
    0x00, 0x0B, 0x80, 0x00, 0x0F, 0x08, 0x00, 0x3C, 0x78, 0x00, 0xF0, 0xF4, 0x0B, 0x81, 0xFF, 0xFC, 0x01, 0xBF, 0x80,
    0x00, 0x00, 0x00, 0x00, 0x00, 0x00, 0x07, 0xC0, 0x00, 0x3C, 0x00, 0x02, 0xD0, 0x00, 0x07, 0xFE, 0x02, 0xFE, 0xFC,
    0x3C, 0x02, 0xD3, 0xC0, 0x00, 0x3D, 0x00, 0x01, 0xFF, 0xE0, 0x01, 0xAF, 0xC0, 0x00, 0x1E, 0x14, 0x00, 0xF3, 0xC0,
    0x1E, 0x2F, 0xEF, 0xD0, 0x7F, 0xE0, 0x00, 0x00, 0x00, 0x00, 0x00, 0x00, 0x7C, 0x00, 0x0F, 0x00, 0x02, 0xD0, 0x00,
    0xFF, 0xFF, 0xF6, 0xAB, 0xFA, 0x90, 0x0B, 0x40, 0x00, 0x2D, 0x00, 0x00, 0xB4, 0x00, 0x02, 0xD0, 0x00, 0x0B, 0x40,
    0x00, 0x2D, 0x00, 0x00, 0xB4, 0x00, 0x02, 0xD0, 0x00, 0x0B, 0x40, 0x00, 0x2D, 0x00, 0x00, 0xB4, 0x00, 0x02, 0xD0,
    0x00, 0x0B, 0x40, 0x00, 0x2D, 0x00, 0x00, 0x00, 0x00, 0x00, 0x00, 0x00, 0x07, 0xC0, 0x00, 0x3C, 0x00, 0x02, 0xD0,
    0x00, 0x00, 0xB0, 0x00, 0x02, 0xC0, 0x00, 0x0B, 0x00, 0x0F, 0xFF, 0xFF, 0x3F, 0xFF, 0xF8, 0x02, 0xC0, 0x00, 0x0B,
    0x00, 0x00, 0x2C, 0x00, 0x00, 0xB0, 0x00, 0x02, 0xC0, 0x00, 0x0B, 0x00, 0x00, 0x2C, 0x00, 0x00, 0xB4, 0x00, 0x00,
    0xFF, 0xE0, 0x01, 0xFF, 0xC0, 0x00, 0x00, 0x00, 0x00, 0x00, 0x00, 0x0F, 0x00, 0x00, 0xB4, 0x00, 0x07, 0x80, 0x02,
    0xAA, 0x90, 0x03, 0xFF, 0xE0, 0x00, 0x00, 0x00, 0x00, 0x00, 0x00, 0x3C, 0x00, 0x1E, 0x2D, 0x00, 0x3C, 0x0F, 0x00,
    0x38, 0x0B, 0x40, 0xB4, 0x03, 0xC0, 0xF0, 0x02, 0xC2, 0xD0, 0x01, 0xE3, 0xC0, 0x00, 0xFB, 0x40, 0x00, 0x7F, 0x00,
    0x00, 0x3E, 0x00, 0x00, 0x2D, 0x00, 0x00, 0x2D, 0x00, 0x00, 0x2D, 0x00, 0x00, 0x2D, 0x00, 0x00, 0x2D, 0x00, 0x00,
    0x2D, 0x00, 0x0A, 0xAA, 0x40, 0x3F, 0xFE, 0x00, 0x00, 0x00, 0x00, 0x00, 0x00, 0xB4, 0x00, 0xB5, 0xE0, 0x03, 0xC3,
    0xC0, 0x1E, 0x0B, 0x40, 0xB0, 0x0F, 0x03, 0xC0, 0x3C, 0x1D, 0x00, 0x78, 0xB0, 0x00, 0xF3, 0xC0, 0x02, 0xED, 0x00,
    0x07, 0xF0, 0x00, 0x0F, 0x80, 0x00, 0x2D, 0x00, 0x00, 0xF0, 0x00, 0x07, 0x80, 0x00, 0x2D, 0x00, 0x00, 0xF0, 0x00,
    0x3F, 0xFF, 0x0A, 0xAB, 0xC0, 0x00, 0xF0, 0x00, 0x3C, 0x00, 0x0F, 0x00, 0x03, 0xC0, 0x00, 0xF0, 0x00, 0x3C, 0x00,
    0x0F, 0x00, 0x03, 0xC0, 0x00, 0xF0, 0x00, 0x3C, 0x00, 0x0F, 0x00, 0x0B, 0x82, 0xAF, 0xC0, 0xFF, 0x80, 0x02, 0xFE,
    0x01, 0xFF, 0xF8, 0x3C, 0x02, 0xD0, 0x00, 0x1E, 0x00, 0x00, 0xE2, 0xAA, 0xBE, 0x3F, 0xFF, 0xE3, 0x80, 0x0E, 0x3C,
    0x01, 0xE2, 0xD0, 0x3D, 0x0F, 0xFF, 0x80, 0x2F, 0xE0, 0x3D, 0x00, 0xF0, 0x03, 0xC0, 0x0F, 0x0B, 0x47, 0x80, 0x02,
    0xF0, 0x02, 0xEF, 0x02, 0xE0, 0xF0, 0x00, 0x00, 0x3D, 0x1C, 0xB7, 0x5C, 0xA1, 0xF8, 0x00, 0x00, 0x6A, 0xA8, 0xBF,
    0xFC, 0xB0, 0x2C, 0x34, 0x38, 0x1F, 0xE0, 0x78, 0xFC, 0x7C, 0x74, 0x28, 0xF8, 0x7D, 0xB4, 0x3C, 0x2A, 0x0F, 0xE0,
    0x38, 0x1D, 0x05, 0x00, 0x2F, 0x4B, 0x1C, 0xD0, 0xCB, 0x1C, 0x2F, 0x40, 0x0B, 0x4F, 0x07, 0x8B, 0x43, 0x87, 0x40,
    0x2D, 0x0F, 0x02, 0xEF, 0x00, 0x2F, 0x00, 0x2C, 0x3C, 0x03, 0xC3, 0x80, 0x3C, 0x78, 0x02, 0xC0, 0x78, 0x0F, 0x41,
    0xF0, 0x3E, 0x00, 0x18, 0xB3, 0xFD, 0x00, 0x78, 0xFC, 0x7C, 0x3F, 0x4A, 0x1C, 0xA1, 0xC3, 0xF4, 0x0F, 0x0B, 0x47,
    0x80, 0x18, 0x03, 0xD0, 0x03, 0x82, 0xFC, 0x7F, 0x40, 0x04, 0x0F, 0x0B, 0x02, 0xD0, 0x3F, 0x40, 0x00, 0x2A, 0xAA,
    0xAA, 0xA4, 0xFF, 0xFF, 0xFF, 0xE0, 0x00, 0x00, 0x3C, 0x00, 0x00, 0xB0, 0x00, 0x01, 0xD0, 0x00, 0x03, 0xC0, 0x00,
    0x0F, 0x00, 0x00, 0x2D, 0x00, 0x00, 0x78, 0x00, 0x00, 0xF0, 0x00, 0x02, 0xC0, 0x00, 0x07, 0x80, 0x00, 0x0F, 0x00,
    0x00, 0x3C, 0x00, 0x00, 0xB4, 0x00, 0x00, 0x00, 0x01, 0x40, 0x00, 0xD0, 0x00, 0x70, 0x00, 0x34, 0x00, 0x1C, 0x00,
    0x0A, 0x00, 0x03, 0x40, 0x01, 0xC0, 0x00, 0xD0, 0x00, 0x70, 0x00, 0x28, 0x00, 0x0C, 0x00, 0x07, 0x00, 0x03, 0x40,
    0x01, 0xC0, 0x00, 0xA0, 0x00, 0x30, 0x00, 0x00, 0x0F, 0x87, 0xC2, 0xF0, 0xF4, 0x3C, 0x1E, 0x01, 0x00, 0x2E, 0x2E,
    0x3D, 0x3C, 0x3C, 0x78, 0xB4, 0x3E, 0x1F, 0xC3, 0xE0, 0x00, 0x00, 0x00, 0x00, 0x00, 0x00, 0x00, 0x0B, 0x83, 0xD0,
    0xF0, 0x3C, 0x1F, 0x07, 0x82, 0xD0, 0x0B, 0x47, 0x83, 0xC0, 0x00, 0x14, 0x00, 0x70, 0x00, 0xD0, 0x28, 0x49, 0x7D,
    0x2F, 0x3C, 0x1E, 0x3C, 0x3E, 0x00, 0x38, 0x7F, 0x00, 0xB0, 0xBB, 0x00, 0x00, 0xF7, 0x40, 0x00, 0xE3, 0x80, 0x01,
    0xE3, 0xC0, 0x02, 0xD2, 0xC0, 0x03, 0xC1, 0xD0, 0x03, 0xC0, 0xE0, 0x07, 0x80, 0xF0, 0x0B, 0xEA, 0xF0, 0x0F, 0xFF,
    0xF4, 0x0F, 0x00, 0x78, 0x1E, 0x00, 0x3C, 0x2D, 0x00, 0x2C, 0x3C, 0x00, 0x1D, 0x3E, 0x1F, 0xC3, 0xE0, 0x1E, 0x3F,
    0xFF, 0xF3, 0xC3, 0xEA, 0xAA, 0x38, 0x3C, 0x00, 0x00, 0x03, 0xC0, 0x00, 0x00, 0x3C, 0x00, 0x00, 0x03, 0xC0, 0x00,
    0x00, 0x3C, 0x00, 0x00, 0x03, 0xFF, 0xFC, 0x00, 0x3E, 0xAA, 0x80, 0x03, 0xC0, 0x00, 0x00, 0x3C, 0x00, 0x00, 0x03,
    0xC0, 0x00, 0x00, 0x3C, 0x00, 0x00, 0x03, 0xC0, 0x00, 0x00, 0x3E, 0xAA, 0xA0, 0x03, 0xFF, 0xFF, 0x1E, 0x3C, 0x01,
    0xE3, 0xC3, 0xC0, 0x1E, 0x38, 0x3C, 0x01, 0xE0, 0x03, 0xC0, 0x1E, 0x00, 0x3C, 0x01, 0xE0, 0x03, 0xC0, 0x1E, 0x00,
    0x3C, 0x01, 0xE0, 0x03, 0xFF, 0xFE, 0x00, 0x3E, 0xAB, 0xE0, 0x03, 0xC0, 0x1E, 0x00, 0x3C, 0x01, 0xE0, 0x03, 0xC0,
    0x1E, 0x00, 0x3C, 0x01, 0xE0, 0x03, 0xC0, 0x1E, 0x00, 0x3C, 0x01, 0xE0, 0x03, 0xC0, 0x1E, 0x1E, 0x3F, 0xFF, 0xD3,
    0xC2, 0xAF, 0xE9, 0x38, 0x00, 0xB4, 0x00, 0x00, 0x0B, 0x40, 0x00, 0x00, 0xB4, 0x00, 0x00, 0x0B, 0x40, 0x00, 0x00,
    0xB4, 0x00, 0x00, 0x0B, 0x40, 0x00, 0x00, 0xB4, 0x00, 0x00, 0x0B, 0x40, 0x00, 0x00, 0xB4, 0x00, 0x00, 0x0B, 0x40,
    0x00, 0x00, 0xB4, 0x00, 0x00, 0x0B, 0x40, 0x00, 0x2A, 0xFE, 0x90, 0x03, 0xFF, 0xFD, 0x2C, 0x0B, 0xF8, 0x0F, 0x0F,
    0xFF, 0x87, 0x4F, 0x40, 0xF4, 0x03, 0xC0, 0x1E, 0x00, 0xE0, 0x03, 0x80, 0x38, 0x00, 0xF0, 0x0E, 0x00, 0x3C, 0x03,
    0x80, 0x0F, 0x00, 0xE0, 0x03, 0xC0, 0x38, 0x00, 0xF0, 0x0E, 0x00, 0x3C, 0x03, 0x80, 0x0E, 0x00, 0xF0, 0x07, 0x80,
    0x3D, 0x03, 0xD0, 0x03, 0xFF, 0xE0, 0x00, 0x2F, 0xE0, 0x2D, 0xF0, 0x00, 0x78, 0xF2, 0xD0, 0x03, 0xC7, 0x43, 0xC0,
    0x0E, 0x00, 0x0B, 0x40, 0xB4, 0x00, 0x0F, 0x03, 0xC0, 0x00, 0x2C, 0x2D, 0x00, 0x00, 0x78, 0xF0, 0x00, 0x00, 0xFB,
    0x40, 0x00, 0x01, 0xFC, 0x00, 0x00, 0x03, 0xE0, 0x00, 0x00, 0x0B, 0x40, 0x00, 0x00, 0x2D, 0x00, 0x00, 0x00, 0xB4,
    0x00, 0x00, 0x02, 0xD0, 0x00, 0x00, 0x0B, 0x40, 0x00, 0x00, 0x2D, 0x00, 0x2C, 0x0B, 0xF8, 0x03, 0xC7, 0xFF, 0xF0,
    0x74, 0xF4, 0x0F, 0x40, 0x0F, 0x00, 0x3C, 0x01, 0xE0, 0x03, 0xC0, 0x1E, 0x00, 0x3C, 0x01, 0xE0, 0x03, 0xC0, 0x1E,
    0x00, 0x3C, 0x01, 0xE0, 0x03, 0xC0, 0x1E, 0x00, 0x3C, 0x01, 0xE0, 0x03, 0xC0, 0x0E, 0x00, 0x3C, 0x00, 0xF0, 0x07,
    0x80, 0x07, 0xC1, 0xF0, 0x02, 0xBD, 0x3E, 0x90, 0x3F, 0xD3, 0xFE, 0x00, 0x05, 0x00, 0x00, 0x70, 0x00, 0x03, 0x40,
    0x02, 0x84, 0x90, 0x1F, 0x4B, 0xC0, 0x3C, 0x1E, 0x00, 0x00, 0x00, 0x00, 0x00, 0x00, 0xFF, 0xF0, 0x02, 0xAB, 0xC0,
    0x00, 0x0F, 0x00, 0x00, 0x3C, 0x00, 0x00, 0xF0, 0x00, 0x03, 0xC0, 0x00, 0x0F, 0x00, 0x00, 0x3C, 0x00, 0x00, 0xB0,
    0x00, 0x02, 0xD0, 0x00, 0x03, 0xFA, 0x40, 0x07, 0xFE, 0x00, 0xF8, 0x00, 0x07, 0xF0, 0x00, 0x2E, 0xC0, 0x00, 0xF7,
    0x40, 0x03, 0x8E, 0x00, 0x1E, 0x3C, 0x00, 0xB4, 0xB0, 0x03, 0xC1, 0xD0, 0x0F, 0x03, 0x80, 0x78, 0x0F, 0x02, 0xFA,
    0xBC, 0x0F, 0xFF, 0xF4, 0x3C, 0x01, 0xE1, 0xE0, 0x03, 0xCB, 0x40, 0x0B, 0x3C, 0x00, 0x1D, 0x3F, 0xFE, 0x00, 0xFA,
    0xFF, 0x03, 0xC0, 0x3D, 0x0F, 0x00, 0x38, 0x3C, 0x00, 0xE0, 0xF0, 0x07, 0x83, 0xC0, 0x7C, 0x0F, 0xFF, 0x80, 0x3E,
    0xBF, 0x80, 0xF0, 0x0B, 0x83, 0xC0, 0x0F, 0x0F, 0x00, 0x3C, 0x3C, 0x00, 0xF0, 0xF0, 0x0B, 0xC3, 0xEA, 0xFC, 0x0F,
    0xFF, 0x80, 0x7F, 0xFF, 0xE7, 0xEA, 0xA9, 0x78, 0x00, 0x07, 0x80, 0x00, 0x78, 0x00, 0x07, 0x80, 0x00, 0x78, 0x00,
    0x07, 0x80, 0x00, 0x78, 0x00, 0x07, 0x80, 0x00, 0x78, 0x00, 0x07, 0x80, 0x00, 0x78, 0x00, 0x07, 0x80, 0x00, 0x78,
    0x00, 0x07, 0x80, 0x00, 0x00, 0xF8, 0x00, 0x07, 0xF0, 0x00, 0x2E, 0xC0, 0x00, 0xF7, 0x40, 0x03, 0x8E, 0x00, 0x1D,
    0x3C, 0x00, 0xB0, 0xB0, 0x03, 0xC1, 0xD0, 0x0F, 0x03, 0x80, 0x78, 0x0F, 0x02, 0xD0, 0x2C, 0x0F, 0x00, 0x74, 0x3C,
    0x00, 0xE1, 0xE0, 0x03, 0xCB, 0xEA, 0xAF, 0x3F, 0xFF, 0xFD, 0xFF, 0xFF, 0xFE, 0xAA, 0xAF, 0x00, 0x03, 0xC0, 0x00,
    0xF0, 0x00, 0x3C, 0x00, 0x0F, 0x00, 0x03, 0xFF, 0xFC, 0xFA, 0xAA, 0x3C, 0x00, 0x0F, 0x00, 0x03, 0xC0, 0x00, 0xF0,
    0x00, 0x3C, 0x00, 0x0F, 0xAA, 0xAB, 0xFF, 0xFF, 0x3F, 0xFF, 0xE2, 0xAA, 0xBE, 0x00, 0x02, 0xD0, 0x00, 0x78, 0x00,
    0x0F, 0x00, 0x01, 0xE0, 0x00, 0x3C, 0x00, 0x0B, 0x80, 0x00, 0xF0, 0x00, 0x2D, 0x00, 0x03, 0xC0, 0x00, 0xF4, 0x00,
    0x1E, 0x00, 0x03, 0xC0, 0x00, 0x3E, 0xAA, 0xA3, 0xFF, 0xFF, 0x3C, 0x01, 0xE3, 0xC0, 0x1E, 0x3C, 0x01, 0xE3, 0xC0,
    0x1E, 0x3C, 0x01, 0xE3, 0xC0, 0x1E, 0x3C, 0x01, 0xE3, 0xFF, 0xFE, 0x3E, 0xAB, 0xE3, 0xC0, 0x1E, 0x3C, 0x01, 0xE3,
    0xC0, 0x1E, 0x3C, 0x01, 0xE3, 0xC0, 0x1E, 0x3C, 0x01, 0xE3, 0xC0, 0x1E, 0x02, 0xFE, 0x00, 0xFF, 0xFC, 0x3D, 0x03,
    0xD3, 0xC0, 0x1E, 0x38, 0x00, 0xE3, 0x80, 0x0F, 0x38, 0x00, 0xF3, 0xAF, 0xDF, 0x39, 0xA9, 0xF3, 0x80, 0x0F, 0x38,
    0x00, 0xF3, 0x80, 0x0E, 0x3C, 0x01, 0xE3, 0xD0, 0x3D, 0x0F, 0xFF, 0xC0, 0x2F, 0xE0, 0xFF, 0xFF, 0x6A, 0xFE, 0x90,
    0x2D, 0x00, 0x0B, 0x40, 0x02, 0xD0, 0x00, 0xB4, 0x00, 0x2D, 0x00, 0x0B, 0x40, 0x02, 0xD0, 0x00, 0xB4, 0x00, 0x2D,
    0x00, 0x0B, 0x40, 0x02, 0xD0, 0x00, 0xB4, 0x0A, 0xBF, 0xA7, 0xFF, 0xFD, 0x3C, 0x00, 0xF4, 0xF0, 0x03, 0xC3, 0xC0,
    0x2D, 0x0F, 0x00, 0xF0, 0x3C, 0x0B, 0x40, 0xF0, 0x3C, 0x03, 0xC2, 0xD0, 0x0F, 0xFF, 0x00, 0x3E, 0xBC, 0x00, 0xF0,
    0xB8, 0x03, 0xC0, 0xF0, 0x0F, 0x02, 0xE0, 0x3C, 0x03, 0xC0, 0xF0, 0x0B, 0x83, 0xC0, 0x0F, 0x0F, 0x00, 0x2E, 0x00,
    0xF8, 0x00, 0x07, 0xF0, 0x00, 0x2F, 0xC0, 0x00, 0xF7, 0x40, 0x03, 0xCE, 0x00, 0x1E, 0x3C, 0x00, 0xB4, 0xB0, 0x03,
    0xC1, 0xD0, 0x0F, 0x03, 0x80, 0x78, 0x0F, 0x02, 0xD0, 0x2C, 0x0F, 0x00, 0x74, 0x3C, 0x00, 0xE1, 0xE0, 0x03, 0xCB,
    0x40, 0x0B, 0x3C, 0x00, 0x1D, 0x7D, 0x03, 0xF1, 0xF8, 0x0F, 0xC7, 0xB0, 0x7B, 0x1D, 0xD2, 0xAC, 0x77, 0x8D, 0xB1,
    0xDB, 0x72, 0xC7, 0x5E, 0xCB, 0x1D, 0x3D, 0x2C, 0x74, 0xB0, 0xB1, 0xD0, 0x02, 0xC7, 0x40, 0x0B, 0x1D, 0x00, 0x2C,
    0x74, 0x00, 0xB1, 0xD0, 0x02, 0xC7, 0x40, 0x0B, 0x1D, 0x00, 0x2C, 0x3E, 0x00, 0xE3, 0xF0, 0x0E, 0x3F, 0x40, 0xE3,
    0xB8, 0x0E, 0x3B, 0xC0, 0xE3, 0x9D, 0x0E, 0x38, 0xE0, 0xE3, 0x8B, 0x0E, 0x38, 0x74, 0xE3, 0x83, 0x8E, 0x38, 0x2C,
    0xE3, 0x81, 0xDE, 0x38, 0x0E, 0xE3, 0x80, 0xBE, 0x38, 0x07, 0xE3, 0x80, 0x3E, 0x7F, 0xFF, 0xF2, 0xAA, 0xAA, 0x00,
    0x00, 0x00, 0x00, 0x00, 0x00, 0x00, 0x00, 0x00, 0x00, 0x00, 0x00, 0x01, 0xAA, 0xA8, 0x2F, 0xFF, 0xD0, 0x00, 0x00,
    0x00, 0x00, 0x00, 0x00, 0x00, 0x00, 0x00, 0x00, 0x00, 0x00, 0x2A, 0xAA, 0xA7, 0xFF, 0xFF, 0x02, 0xFE, 0x00, 0xFF,
    0xF8, 0x3D, 0x03, 0xD3, 0xC0, 0x1E, 0x38, 0x00, 0xE3, 0x80, 0x0F, 0x38, 0x00, 0xF3, 0x80, 0x0F, 0x38, 0x00, 0xF3,
    0x80, 0x0F, 0x38, 0x00, 0xF3, 0x80, 0x0E, 0x3C, 0x01, 0xE3, 0xD0, 0x3D, 0x0F, 0xFF, 0x80, 0x2F, 0xE0, 0x3F, 0xFF,
    0xE3, 0xEA, 0xBE, 0x3C, 0x01, 0xE3, 0xC0, 0x1E, 0x3C, 0x01, 0xE3, 0xC0, 0x1E, 0x3C, 0x01, 0xE3, 0xC0, 0x1E, 0x3C,
    0x01, 0xE3, 0xC0, 0x1E, 0x3C, 0x01, 0xE3, 0xC0, 0x1E, 0x3C, 0x01, 0xE3, 0xC0, 0x1E, 0x3C, 0x01, 0xE3, 0xC0, 0x1E,
    0x3F, 0xFE, 0x40, 0xFA, 0xBF, 0x43, 0xC0, 0x1F, 0x0F, 0x00, 0x2D, 0x3C, 0x00, 0x78, 0xF0, 0x02, 0xD3, 0xC0, 0x0F,
    0x4F, 0x00, 0xBC, 0x3F, 0xFF, 0xC0, 0xFA, 0xA4, 0x03, 0xC0, 0x00, 0x0F, 0x00, 0x00, 0x3C, 0x00, 0x00, 0xF0, 0x00,
    0x03, 0xC0, 0x00, 0x0F, 0x00, 0x00, 0x7F, 0xFF, 0xF9, 0xFA, 0xAA, 0x93, 0xD0, 0x00, 0x03, 0xC0, 0x00, 0x07, 0xC0,
    0x00, 0x07, 0xC0, 0x00, 0x0B, 0x80, 0x00, 0x0F, 0x40, 0x00, 0x3C, 0x00, 0x02, 0xD0, 0x00, 0x2E, 0x00, 0x01, 0xF0,
    0x00, 0x0F, 0x00, 0x00, 0xF4, 0x00, 0x07, 0xEA, 0xAA, 0x5F, 0xFF, 0xFE, 0xFF, 0xFF, 0xF6, 0xAB, 0xFA, 0x90, 0x0B,
    0x40, 0x00, 0x2D, 0x00, 0x00, 0xB4, 0x00, 0x02, 0xD0, 0x00, 0x0B, 0x40, 0x00, 0x2D, 0x00, 0x00, 0xB4, 0x00, 0x02,
    0xD0, 0x00, 0x0B, 0x40, 0x00, 0x2D, 0x00, 0x00, 0xB4, 0x00, 0x02, 0xD0, 0x00, 0x0B, 0x40, 0x00, 0x2D, 0x00, 0x3C,
    0x00, 0x1E, 0x2D, 0x00, 0x3C, 0x0F, 0x00, 0x38, 0x0B, 0x40, 0xB4, 0x03, 0xC0, 0xF0, 0x02, 0xC2, 0xD0, 0x01, 0xE3,
    0xC0, 0x00, 0xFB, 0x40, 0x00, 0x7F, 0x00, 0x00, 0x3E, 0x00, 0x00, 0x2D, 0x00, 0x00, 0x2D, 0x00, 0x00, 0x2D, 0x00,
    0x00, 0x2D, 0x00, 0x00, 0x2D, 0x00, 0x00, 0x2D, 0x00, 0x00, 0x18, 0x00, 0x00, 0x2D, 0x00, 0x01, 0xBF, 0x80, 0x0B,
    0xFF, 0xF4, 0x1F, 0x2C, 0x7C, 0x3C, 0x2C, 0x1D, 0x3C, 0x2C, 0x0E, 0x38, 0x2C, 0x0E, 0x38, 0x2C, 0x0E, 0x38, 0x2C,
    0x0E, 0x38, 0x2C, 0x0E, 0x3C, 0x2C, 0x0E, 0x3C, 0x2C, 0x1E, 0x2E, 0x2C, 0x3C, 0x0F, 0xFF, 0xF8, 0x02, 0xFF, 0xD0,
    0x00, 0x2D, 0x00, 0x00, 0x14, 0x00, 0x2D, 0x00, 0x3D, 0x0F, 0x00, 0x78, 0x0B, 0x40, 0xF0, 0x03, 0xC1, 0xE0, 0x02,
    0xD3, 0xC0, 0x00, 0xF7, 0x80, 0x00, 0xBF, 0x00, 0x00, 0x3E, 0x00, 0x00, 0x3E, 0x00, 0x00, 0xBF, 0x00, 0x00, 0xF7,
    0xC0, 0x02, 0xD3, 0xD0, 0x03, 0xC0, 0xF0, 0x0F, 0x00, 0xB4, 0x1E, 0x00, 0x3C, 0x3C, 0x00, 0x2D, 0xF0, 0xB0, 0x77,
    0xC2, 0xC1, 0xDF, 0x0B, 0x07, 0x7C, 0x2C, 0x1D, 0xF0, 0xB0, 0x77, 0xC2, 0xC1, 0xDF, 0x0B, 0x07, 0x7C, 0x2C, 0x1D,
    0xF0, 0xB0, 0x76, 0xC2, 0xC2, 0xD7, 0xCB, 0x1F, 0x0B, 0xFF, 0xF0, 0x02, 0xF9, 0x00, 0x02, 0xD0, 0x00, 0x0B, 0x40,
    0x00, 0x2D, 0x00, 0x02, 0xFE, 0x00, 0x7F, 0xFF, 0x03, 0xD0, 0x3D, 0x0F, 0x00, 0x3C, 0x78, 0x00, 0xF1, 0xE0, 0x03,
    0xC7, 0x80, 0x0F, 0x1E, 0x00, 0x3C, 0x78, 0x00, 0xF1, 0xE0, 0x03, 0xC7, 0x80, 0x0F, 0x0E, 0x00, 0x3C, 0x3C, 0x01,
    0xE0, 0x7C, 0x1F, 0x0A, 0xF4, 0xFA, 0x7F, 0xD3, 0xFE, 0x28, 0x1D, 0x1F, 0x4B, 0xC3, 0xC1, 0xE0, 0x00, 0x00, 0xFF,
    0xFF, 0x6A, 0xFE, 0x90, 0x2D, 0x00, 0x0B, 0x40, 0x02, 0xD0, 0x00, 0xB4, 0x00, 0x2D, 0x00, 0x0B, 0x40, 0x02, 0xD0,
    0x00, 0xB4, 0x00, 0x2D, 0x00, 0x0B, 0x40, 0x02, 0xD0, 0x00, 0xB4, 0x0A, 0xBF, 0xA7, 0xFF, 0xFD, 0x02, 0x81, 0xD0,
    0x07, 0xD2, 0xF0, 0x03, 0xC1, 0xE0, 0x00, 0x00, 0x00, 0x3C, 0x00, 0x1E, 0x2D, 0x00, 0x3C, 0x0F, 0x00, 0x38, 0x0B,
    0x40, 0xB4, 0x03, 0xC0, 0xF0, 0x02, 0xC2, 0xD0, 0x01, 0xE3, 0xC0, 0x00, 0xFB, 0x40, 0x00, 0x7F, 0x00, 0x00, 0x3E,
    0x00, 0x00, 0x2D, 0x00, 0x00, 0x2D, 0x00, 0x00, 0x2D, 0x00, 0x00, 0x2D, 0x00, 0x00, 0x2D, 0x00, 0x00, 0x2D, 0x00,
    0x00, 0x0F, 0x00, 0x03, 0xC0, 0x00, 0xB4, 0x00, 0x00, 0x00, 0x00, 0x00, 0x00, 0x7F, 0x4E, 0x1F, 0xFE, 0xE3, 0xD0,
    0x3E, 0x3C, 0x01, 0xE3, 0x80, 0x0E, 0x38, 0x00, 0xE3, 0x80, 0x0E, 0x38, 0x00, 0xE3, 0xC0, 0x1E, 0x3D, 0x03, 0xE1,
    0xFF, 0xEE, 0x07, 0xF4, 0xE0, 0x00, 0x0F, 0x00, 0x00, 0xF0, 0x00, 0x0B, 0x40, 0x00, 0x00, 0x00, 0x00, 0x00, 0x00,
    0x1F, 0xFD, 0x02, 0xFE, 0xFD, 0x0F, 0x00, 0x3C, 0x3C, 0x00, 0x00, 0xB4, 0x00, 0x00, 0xBF, 0xD0, 0x0B, 0xFA, 0x40,
    0x3C, 0x00, 0x01, 0xE0, 0x01, 0x47, 0xC0, 0x0F, 0x0F, 0xFB, 0xF8, 0x07, 0xFF, 0x40, 0x00, 0x0F, 0x00, 0x02, 0xD0,
    0x00, 0x78, 0x00, 0x00, 0x00, 0x00, 0x00, 0x03, 0xCB, 0xE0, 0x3F, 0xFF, 0xC3, 0xE0, 0x3D, 0x3C, 0x01, 0xE3, 0xC0,
    0x0E, 0x3C, 0x00, 0xE3, 0xC0, 0x0E, 0x3C, 0x00, 0xE3, 0xC0, 0x0E, 0x3C, 0x00, 0xE3, 0xC0, 0x0E, 0x3C, 0x00, 0xE0,
    0x00, 0x0F, 0x00, 0x00, 0xF0, 0x00, 0x0B, 0x40, 0x00, 0x00, 0x00, 0x00, 0x00, 0x03, 0xFF, 0xC0, 0x0A, 0xAF, 0x00,
    0x00, 0x3C, 0x00, 0x00, 0xF0, 0x00, 0x03, 0xC0, 0x00, 0x0F, 0x00, 0x00, 0x3C, 0x00, 0x00, 0xF0, 0x00, 0x02, 0xC0,
    0x00, 0x0B, 0x40, 0x00, 0x0F, 0xE9, 0x00, 0x1F, 0xF8, 0x00, 0x05, 0x00, 0x01, 0xC0, 0x00, 0x34, 0x00, 0xA1, 0x24,
    0x1F, 0x4B, 0xC0, 0xF0, 0x78, 0x00, 0x00, 0x00, 0x00, 0x00, 0x3C, 0x00, 0xE3, 0xC0, 0x0E, 0x3C, 0x00, 0xE3, 0xC0,
    0x0E, 0x3C, 0x00, 0xE3, 0xC0, 0x0E, 0x3C, 0x00, 0xE3, 0xC0, 0x0E, 0x3C, 0x01, 0xE2, 0xE0, 0x3D, 0x0F, 0xFF, 0x80,
    0x2F, 0xD0, 0x07, 0xF4, 0xE1, 0xFF, 0xEE, 0x3D, 0x03, 0xE3, 0xC0, 0x1E, 0x38, 0x00, 0xE3, 0x80, 0x0E, 0x38, 0x00,
    0xE3, 0x80, 0x0E, 0x3C, 0x01, 0xE3, 0xD0, 0x3E, 0x1F, 0xFE, 0xE0, 0x7F, 0x4E, 0x02, 0xFD, 0x00, 0x3F, 0xFE, 0x02,
    0xE0, 0x3C, 0x0F, 0x00, 0x74, 0x3C, 0x01, 0xE0, 0xF0, 0x0B, 0x43, 0xC0, 0x78, 0x0F, 0x2F, 0x80, 0x3C, 0x6F, 0xC0,
    0xF0, 0x07, 0xC3, 0xC0, 0x0F, 0x0F, 0x00, 0x2D, 0x3C, 0x00, 0xF0, 0xF8, 0x07, 0xC3, 0xFF, 0xFD, 0x0F, 0x2F, 0x80,
    0x3C, 0x00, 0x00, 0xF0, 0x00, 0x03, 0xC0, 0x00, 0x0F, 0x00, 0x00, 0xB4, 0x00, 0xF0, 0xE0, 0x03, 0xC3, 0xC0, 0x1D,
    0x0B, 0x40, 0xB0, 0x0E, 0x03, 0xC0, 0x3C, 0x1D, 0x00, 0xB4, 0xB0, 0x00, 0xE3, 0xC0, 0x03, 0xDD, 0x00, 0x0B, 0xB0,
    0x00, 0x0F, 0xC0, 0x00, 0x3D, 0x00, 0x00, 0xB4, 0x00, 0x02, 0xD0, 0x00, 0x0B, 0x40, 0x00, 0x2D, 0x00, 0x2F, 0xFF,
    0xE2, 0xFA, 0xA9, 0x0F, 0x40, 0x00, 0x2E, 0x00, 0x00, 0xBC, 0x00, 0x7F, 0xF0, 0x1F, 0xEF, 0x83, 0xD0, 0x3C, 0x3C,
    0x01, 0xE3, 0x80, 0x0E, 0x38, 0x00, 0xF3, 0x80, 0x0F, 0x3C, 0x01, 0xE3, 0xD0, 0x3D, 0x0F, 0xFF, 0x80, 0x2F, 0xD0,
    0x07, 0xFF, 0x40, 0xBF, 0xBF, 0x43, 0xC0, 0x0F, 0x0F, 0x00, 0x00, 0x2D, 0x00, 0x00, 0x2F, 0xF4, 0x02, 0xFE, 0x90,
    0x0F, 0x00, 0x00, 0x78, 0x00, 0x51, 0xF0, 0x03, 0xC3, 0xFE, 0xFE, 0x01, 0xFF, 0xD0, 0x7F, 0xFF, 0xE6, 0xAA, 0xBE,
    0x00, 0x0B, 0xC0, 0x02, 0xF0, 0x00, 0xF8, 0x00, 0x3E, 0x00, 0x0F, 0x80, 0x02, 0xE0, 0x00, 0x7C, 0x00, 0x0B, 0x40,
    0x00, 0xF0, 0x00, 0x0B, 0x40, 0x00, 0x7E, 0x00, 0x01, 0xFF, 0x40, 0x02, 0xFF, 0xC0, 0x00, 0xBE, 0x00, 0x00, 0xE0,
    0x00, 0x2D, 0x00, 0x03, 0xC0, 0x00, 0x00, 0x3C, 0xBE, 0x03, 0xFF, 0xFC, 0x3E, 0x03, 0xD3, 0xC0, 0x1E, 0x3C, 0x00,
    0xE3, 0xC0, 0x0E, 0x3C, 0x00, 0xE3, 0xC0, 0x0E, 0x3C, 0x00, 0xE3, 0xC0, 0x0E, 0x3C, 0x00, 0xE3, 0xC0, 0x0E, 0x02,
    0xFE, 0x00, 0xFF, 0xFC, 0x3D, 0x03, 0xD3, 0xC0, 0x1E, 0x3C, 0x00, 0xE3, 0x80, 0x0F, 0x38, 0x00, 0xF3, 0xFF, 0xFF,
    0x3E, 0xAB, 0xF3, 0x80, 0x0F, 0x38, 0x00, 0xF3, 0xC0, 0x0E, 0x3C, 0x01, 0xE3, 0xD0, 0x3D, 0x0F, 0xFF, 0xC0, 0x2F,
    0xE0, 0xFF, 0xF0, 0x02, 0xAB, 0xC0, 0x00, 0x0F, 0x00, 0x00, 0x3C, 0x00, 0x00, 0xF0, 0x00, 0x03, 0xC0, 0x00, 0x0F,
    0x00, 0x00, 0x3C, 0x00, 0x00, 0xB0, 0x00, 0x02, 0xD0, 0x00, 0x03, 0xFA, 0x40, 0x07, 0xFE, 0xF0, 0x03, 0xDF, 0x00,
    0x78, 0xF0, 0x0F, 0x0F, 0x02, 0xD0, 0xF0, 0x7C, 0x0F, 0xFF, 0x00, 0xFA, 0xF4, 0x0F, 0x03, 0xC0, 0xF0, 0x2E, 0x0F,
    0x00, 0xF4, 0xF0, 0x07, 0xCF, 0x00, 0x2E, 0x03, 0xC0, 0x00, 0x0B, 0x40, 0x00, 0x1E, 0x00, 0x00, 0x3C, 0x00, 0x00,
    0xF4, 0x00, 0x03, 0xF0, 0x00, 0x2F, 0xC0, 0x00, 0xF7, 0x40, 0x03, 0x8F, 0x00, 0x2D, 0x3C, 0x00, 0xF0, 0x78, 0x07,
    0x80, 0xF0, 0x2D, 0x02, 0xD0, 0xF0, 0x07, 0x87, 0x80, 0x0F, 0x3D, 0x00, 0x2D, 0x3C, 0x01, 0xE3, 0xC0, 0x1E, 0x3C,
    0x01, 0xE3, 0xC0, 0x1E, 0x3C, 0x01, 0xE3, 0xC0, 0x1E, 0x3C, 0x01, 0xE3, 0xC0, 0x1E, 0x3C, 0x01, 0xE3, 0xE0, 0x3E,
    0x3F, 0xFE, 0xE3, 0xDF, 0x9E, 0x3C, 0x00, 0x03, 0xC0, 0x00, 0x3C, 0x00, 0x03, 0xC0, 0x00, 0xB4, 0x00, 0xB5, 0xE0,
    0x03, 0xC3, 0xC0, 0x1E, 0x0B, 0x40, 0xB4, 0x1E, 0x03, 0xC0, 0x3C, 0x0E, 0x00, 0xB0, 0xB4, 0x01, 0xE3, 0xC0, 0x03,
    0xCE, 0x00, 0x0F, 0xB4, 0x00, 0x1F, 0xC0, 0x00, 0x3E, 0x00, 0x01, 0xFE, 0x40, 0x3F, 0xFF, 0x41, 0xF0, 0x0F, 0x0B,
    0x40, 0x18, 0x2D, 0x00, 0x00, 0x3C, 0x00, 0x00, 0x7F, 0xA8, 0x01, 0xFF, 0xF0, 0x2F, 0x40, 0x00, 0xF0, 0x00, 0x03,
    0xC0, 0x00, 0x0F, 0x00, 0x00, 0x2F, 0x00, 0x00, 0x3F, 0xD0, 0x00, 0x1F, 0xFC, 0x00, 0x01, 0xFC, 0x00, 0x00, 0xF0,
    0x00, 0x03, 0xC0, 0x00, 0x2D, 0x00, 0x00, 0x10, 0x02, 0xFE, 0x01, 0xFF, 0xFC, 0x3D, 0x02, 0xD3, 0xC0, 0x0E, 0x38,
    0x00, 0xF3, 0x80, 0x0F, 0x38, 0x00, 0xF3, 0x80, 0x0F, 0x3C, 0x00, 0xE3, 0xD0, 0x2D, 0x1F, 0xFF, 0xC0, 0x2F, 0xE0,
    0x7F, 0xFF, 0xFE, 0x6F, 0xAB, 0xF9, 0x0B, 0x01, 0xE0, 0x0B, 0x01, 0xE0, 0x0B, 0x01, 0xE0, 0x0B, 0x01, 0xE0, 0x0B,
    0x01, 0xE0, 0x0B, 0x01, 0xE0, 0x0B, 0x00, 0xE0, 0x0B, 0x00, 0xF0, 0x0B, 0x00, 0xBD, 0x0B, 0x00, 0x2E, 0x02, 0xFE,
    0x00, 0xFF, 0xFC, 0x2E, 0x03, 0xD3, 0xC0, 0x1E, 0x3C, 0x00, 0xE3, 0xC0, 0x0E, 0x3C, 0x00, 0xE3, 0xC0, 0x0E, 0x3C,
    0x01, 0xE3, 0xE0, 0x3D, 0x3F, 0xFF, 0xC3, 0xCB, 0xE0, 0x3C, 0x00, 0x03, 0xC0, 0x00, 0x3C, 0x00, 0x03, 0xC0, 0x00,
    0x02, 0xFE, 0x00, 0xFF, 0xFC, 0x2E, 0x02, 0xE3, 0xC0, 0x0F, 0x3C, 0x00, 0x03, 0xC0, 0x00, 0x3C, 0x00, 0x03, 0xC0,
    0x00, 0x3C, 0x00, 0x01, 0xF4, 0x00, 0x0B, 0xF9, 0x00, 0x0B, 0xFC, 0x00, 0x03, 0xC0, 0x00, 0x3C, 0x00, 0x07, 0x80,
    0x00, 0x70, 0x00, 0x00, 0x00, 0x02, 0xFF, 0xFC, 0x3F, 0xFE, 0xA3, 0xD0, 0x3C, 0x0F, 0x00, 0x78, 0x38, 0x00, 0xE0,
    0xE0, 0x03, 0x83, 0x80, 0x0E, 0x0E, 0x00, 0x38, 0x3C, 0x01, 0xE0, 0xF4, 0x0F, 0x40, 0xFF, 0xF8, 0x00, 0xBF, 0x40,
    0x3F, 0xFF, 0xFC, 0xAB, 0xFA, 0xA0, 0x07, 0x40, 0x00, 0x1D, 0x00, 0x00, 0x74, 0x00, 0x01, 0xD0, 0x00, 0x07, 0x40,
    0x00, 0x1D, 0x00, 0x00, 0x74, 0x00, 0x01, 0xE0, 0x00, 0x03, 0xFA, 0x80, 0x03, 0xFF, 0x3C, 0x00, 0xE3, 0xC0, 0x0E,
    0x3C, 0x00, 0xE3, 0xC0, 0x0E, 0x3C, 0x00, 0xE3, 0xC0, 0x0E, 0x3C, 0x00, 0xE3, 0xC0, 0x0E, 0x3C, 0x01, 0xE2, 0xE0,
    0x3D, 0x0F, 0xFF, 0x80, 0x2F, 0xD0, 0x00, 0x00, 0x00, 0x71, 0xFD, 0x03, 0xC7, 0xFD, 0x2E, 0x1C, 0x3C, 0xF0, 0x70,
    0x77, 0xC1, 0xC1, 0xDF, 0x07, 0x07, 0x7C, 0x1C, 0x1D, 0xF0, 0x70, 0x76, 0xC1, 0xC1, 0xD7, 0x87, 0x0F, 0x0F, 0xFF,
    0xF4, 0x0B, 0xFF, 0x40, 0x02, 0xD0, 0x00, 0x0B, 0x40, 0x00, 0x2D, 0x00, 0x00, 0xB4, 0x00, 0x7C, 0x00, 0xF0, 0xB4,
    0x0F, 0x40, 0xF0, 0x78, 0x01, 0xE3, 0xC0, 0x02, 0xED, 0x00, 0x03, 0xE0, 0x00, 0x1F, 0xC0, 0x00, 0xFB, 0x80, 0x0B,
    0x4F, 0x00, 0x7C, 0x1F, 0x03, 0xC0, 0x2E, 0x2E, 0x00, 0x3C, 0xF0, 0xB0, 0x77, 0xC2, 0xC1, 0xDF, 0x0B, 0x07, 0x7C,
    0x2C, 0x1D, 0xF0, 0xB0, 0x77, 0xC2, 0xC1, 0xDF, 0x0B, 0x07, 0x7C, 0x2C, 0x1D, 0xF0, 0xB0, 0x76, 0xD2, 0xC3, 0xC3,
    0xFF, 0xBE, 0x02, 0xFF, 0xD0, 0x00, 0xB4, 0x00, 0x02, 0xD0, 0x00, 0x0B, 0x40, 0x00, 0x2D, 0x00, 0x00, 0x00, 0x00,
    0x70, 0x0A, 0x03, 0xC0, 0x2E, 0x2D, 0x00, 0x3C, 0xF0, 0x00, 0x77, 0xC1, 0x81, 0xDF, 0x0B, 0x07, 0x7C, 0x2C, 0x1D,
    0xF0, 0xB0, 0x77, 0xC2, 0xC1, 0xDB, 0x0F, 0x4B, 0x5F, 0xF7, 0xFC, 0x2F, 0x4B, 0xD0, 0x0A, 0x07, 0x40, 0x7C, 0x3F,
    0x00, 0xF0, 0x78, 0x00, 0x00, 0x00, 0x00, 0x00, 0x03, 0xFF, 0xC0, 0x0A, 0xAF, 0x00, 0x00, 0x3C, 0x00, 0x00, 0xF0,
    0x00, 0x03, 0xC0, 0x00, 0x0F, 0x00, 0x00, 0x3C, 0x00, 0x00, 0xF0, 0x00, 0x02, 0xC0, 0x00, 0x0B, 0x40, 0x00, 0x0F,
    0xE9, 0x00, 0x1F, 0xF8, 0x0A, 0x07, 0x41, 0xF4, 0xBC, 0x0F, 0x07, 0x80, 0x00, 0x00, 0x00, 0x00, 0x03, 0xC0, 0x0E,
    0x3C, 0x00, 0xE3, 0xC0, 0x0E, 0x3C, 0x00, 0xE3, 0xC0, 0x0E, 0x3C, 0x00, 0xE3, 0xC0, 0x0E, 0x3C, 0x00, 0xE3, 0xC0,
    0x1E, 0x2E, 0x03, 0xD0, 0xFF, 0xF8, 0x02, 0xFD, 0x00, 0x00, 0x0F, 0x00, 0x03, 0xC0, 0x00, 0xB4, 0x00, 0x00, 0x00,
    0x00, 0x00, 0x00, 0x2F, 0xE0, 0x1F, 0xFF, 0xC3, 0xD0, 0x2D, 0x3C, 0x00, 0xE3, 0x80, 0x0F, 0x38, 0x00, 0xF3, 0x80,
    0x0F, 0x38, 0x00, 0xF3, 0xC0, 0x0E, 0x3D, 0x02, 0xD1, 0xFF, 0xFC, 0x02, 0xFE, 0x00, 0x00, 0x0F, 0x00, 0x03, 0xC0,
    0x00, 0xB4, 0x00, 0x00, 0x00, 0x00, 0x00, 0x03, 0xC0, 0x0E, 0x3C, 0x00, 0xE3, 0xC0, 0x0E, 0x3C, 0x00, 0xE3, 0xC0,
    0x0E, 0x3C, 0x00, 0xE3, 0xC0, 0x0E, 0x3C, 0x00, 0xE3, 0xC0, 0x1E, 0x2E, 0x03, 0xD0, 0xFF, 0xF8, 0x02, 0xFD, 0x00,
    0x00, 0x1F, 0x00, 0x00, 0xF0, 0x00, 0x0F, 0x00, 0x00, 0x00, 0x00, 0x00, 0x00, 0x00, 0x70, 0x0A, 0x03, 0xC0, 0x2E,
    0x2D, 0x00, 0x3C, 0xF0, 0x00, 0x77, 0xC1, 0x81, 0xDF, 0x0B, 0x07, 0x7C, 0x2C, 0x1D, 0xF0, 0xB0, 0x77, 0xC2, 0xC1,
    0xDB, 0x0F, 0x4B, 0x5F, 0xF7, 0xFC, 0x2F, 0x4B, 0xD0, 0x3C, 0x00, 0xF4, 0x3C, 0x00, 0xF0, 0x3C, 0x02, 0xD0, 0x3C,
    0x03, 0xC0, 0x3C, 0x0B, 0x40, 0x3C, 0x0F, 0x00, 0x3C, 0x2E, 0x00, 0x3E, 0xBC, 0x00, 0x3F, 0xFC, 0x00, 0x3C, 0x2D,
    0x00, 0x3C, 0x0F, 0x00, 0x3C, 0x0B, 0x40, 0x3C, 0x03, 0xC0, 0x3C, 0x02, 0xD0, 0x3C, 0x00, 0xF4, 0x3C, 0x00, 0xBC,
    0x00, 0x00, 0x2C, 0x00, 0x00, 0x3C, 0x00, 0x07, 0xF4, 0x00, 0x07, 0xD0, 0x00, 0xB4, 0x00, 0x02, 0xD0, 0x00, 0x0B,
    0x40, 0x00, 0x2D, 0x00, 0x0B, 0xFF, 0x40, 0xFF, 0xFF, 0x8B, 0x8B, 0x0F, 0x3C, 0x2C, 0x1D, 0xF0, 0xB0, 0x3B, 0xC2,
    0xC0, 0xEF, 0x0B, 0x03, 0xBC, 0x2C, 0x0E, 0xF0, 0xB0, 0x76, 0xE2, 0xC3, 0xC3, 0xFF, 0xFE, 0x02, 0xFF, 0xD0, 0x00,
    0xB4, 0x00, 0x02, 0xD0, 0x00, 0x0B, 0x40, 0x00, 0x2D, 0x00, 0xBF, 0xFF, 0xFF, 0x5B, 0xEA, 0xBE, 0x80, 0xC0, 0x02,
    0xC0, 0xB0, 0x00, 0x74, 0x3C, 0x18, 0x1D, 0x0F, 0x07, 0x07, 0x43, 0xC1, 0xC1, 0xD0, 0xF0, 0x70, 0x74, 0x3C, 0x1C,
    0x1D, 0x0B, 0x0B, 0x4B, 0x41, 0xFF, 0x7F, 0xC0, 0x2F, 0x4B, 0xD0, 0x38, 0x03, 0xE0, 0xE0, 0x1F, 0x83, 0x80, 0xFE,
    0x0E, 0x07, 0x78, 0x38, 0x3C, 0xE0, 0xE1, 0xD3, 0x83, 0x8F, 0x0E, 0x0E, 0x74, 0x38, 0x3B, 0xC0, 0xE0, 0xFD, 0x03,
    0x83, 0xF0, 0x0F, 0x4F, 0x80, 0x3E, 0x00, 0x00, 0x74, 0x00, 0x03, 0xD0, 0x00, 0xBF, 0x00, 0x03, 0xE0, 0x2C, 0x0E,
    0x0F, 0x47, 0xC3, 0xC0, 0xF0, 0x00, 0x00, 0xFF, 0xFF, 0xFE, 0xAA, 0xAF, 0x00, 0x03, 0xC0, 0x00, 0xF0, 0x00, 0x3C,
    0x00, 0x0F, 0x00, 0x03, 0xFF, 0xFC, 0xFA, 0xAA, 0x3C, 0x00, 0x0F, 0x00, 0x03, 0xC0, 0x00, 0xF0, 0x00, 0x3C, 0x00,
    0x0F, 0xAA, 0xAB, 0xFF, 0xFF, 0xFF, 0xF8, 0x00, 0xAF, 0xE8, 0x00, 0x0B, 0x00, 0x00, 0x0B, 0x00, 0x00, 0x0B, 0x00,
    0x00, 0x0B, 0x06, 0x90, 0x0B, 0x7F, 0xF4, 0x0B, 0xF4, 0x7C, 0x0B, 0xC0, 0x3C, 0x0B, 0x40, 0x2C, 0x0B, 0x00, 0x2C,
    0x0B, 0x00, 0x2C, 0x0B, 0x00, 0x2C, 0x0B, 0x00, 0x2C, 0x0B, 0x00, 0x2C, 0x0B, 0x00, 0x2C, 0x00, 0x00, 0x3C, 0x00,
    0x00, 0x7C, 0x00, 0x1B, 0xF4, 0x00, 0x2F, 0xD0, 0x00, 0x2D, 0x00, 0x07, 0x80, 0x00, 0xF0, 0x00, 0x00, 0x00, 0x7F,
    0xFF, 0xE7, 0xEA, 0xA9, 0x78, 0x00, 0x07, 0x80, 0x00, 0x78, 0x00, 0x07, 0x80, 0x00, 0x78, 0x00, 0x07, 0x80, 0x00,
    0x78, 0x00, 0x07, 0x80, 0x00, 0x78, 0x00, 0x07, 0x80, 0x00, 0x78, 0x00, 0x07, 0x80, 0x00, 0x78, 0x00, 0x07, 0x80,
    0x00, 0x02, 0xFE, 0x00, 0xFF, 0xFC, 0x2E, 0x02, 0xE3, 0xC0, 0x0F, 0x3C, 0x00, 0xA3, 0xC0, 0x00, 0x3C, 0x00, 0x03,
    0xFF, 0xE0, 0x3E, 0xA9, 0x03, 0xC0, 0x00, 0x3C, 0x00, 0x03, 0xC0, 0x05, 0x3C, 0x00, 0xF2, 0xE0, 0x2E, 0x0F, 0xFF,
    0xC0, 0x2F, 0xE0, 0x02, 0xFD, 0x00, 0x3F, 0xFE, 0x03, 0xD0, 0x3D, 0x0F, 0x00, 0x78, 0x3C, 0x00, 0x00, 0xF0, 0x00,
    0x01, 0xF9, 0x00, 0x01, 0xFF, 0x80, 0x00, 0x6F, 0xC0, 0x00, 0x0B, 0x80, 0x00, 0x0F, 0x08, 0x00, 0x3C, 0x78, 0x00,
    0xF0, 0xF4, 0x0B, 0x81, 0xFF, 0xFC, 0x01, 0xBF, 0x80, 0xFF, 0xFF, 0x6A, 0xFE, 0x90, 0x2D, 0x00, 0x0B, 0x40, 0x02,
    0xD0, 0x00, 0xB4, 0x00, 0x2D, 0x00, 0x0B, 0x40, 0x02, 0xD0, 0x00, 0xB4, 0x00, 0x2D, 0x00, 0x0B, 0x40, 0x02, 0xD0,
    0x00, 0xB4, 0x0A, 0xBF, 0xA7, 0xFF, 0xFD, 0x28, 0x1D, 0x1F, 0x4B, 0xC3, 0xC1, 0xE0, 0x00, 0x00, 0xFF, 0xFF, 0x6A,
    0xFE, 0x90, 0x2D, 0x00, 0x0B, 0x40, 0x02, 0xD0, 0x00, 0xB4, 0x00, 0x2D, 0x00, 0x0B, 0x40, 0x02, 0xD0, 0x00, 0xB4,
    0x00, 0x2D, 0x00, 0x0B, 0x40, 0x02, 0xD0, 0x00, 0xB4, 0x0A, 0xBF, 0xA7, 0xFF, 0xFD, 0x00, 0x00, 0xB4, 0x00, 0x02,
    0xD0, 0x00, 0x0B, 0x40, 0x00, 0x2D, 0x00, 0x00, 0xB4, 0x00, 0x02, 0xD0, 0x00, 0x0B, 0x40, 0x00, 0x2D, 0x00, 0x00,
    0xB4, 0x00, 0x02, 0xD0, 0x00, 0x0B, 0x4A, 0x00, 0x2D, 0x3C, 0x00, 0xB0, 0xB8, 0x07, 0xC0, 0xFF, 0xFD, 0x00, 0xBF,
    0x80, 0x07, 0xFF, 0x80, 0x00, 0x7E, 0xF8, 0x00, 0x07, 0x43, 0x80, 0x00, 0x74, 0x38, 0x00, 0x07, 0x43, 0x80, 0x00,
    0xB4, 0x38, 0x00, 0x0B, 0x43, 0x80, 0x00, 0xB4, 0x3F, 0xE0, 0x0B, 0x03, 0xEF, 0x80, 0xB0, 0x38, 0x3C, 0x0B, 0x03,
    0x82, 0xC0, 0xB0, 0x38, 0x2C, 0x0B, 0x03, 0x82, 0xC0, 0xF0, 0x38, 0x3C, 0x3E, 0x03, 0xEF, 0x83, 0x80, 0x3F, 0xE0,
    0xF0, 0x38, 0x00, 0xF0, 0x38, 0x00, 0xF0, 0x38, 0x00, 0xF0, 0x38, 0x00, 0xF0, 0x38, 0x00, 0xF0, 0x38, 0x00, 0xF0,
    0x38, 0x00, 0xFF, 0xFF, 0xE0, 0xFA, 0xBE, 0xF8, 0xF0, 0x38, 0x2C, 0xF0, 0x38, 0x2C, 0xF0, 0x38, 0x2C, 0xF0, 0x38,
    0x2C, 0xF0, 0x38, 0x2C, 0xF0, 0x3E, 0xF8, 0xF0, 0x3F, 0xE0, 0xFF, 0xF8, 0x00, 0xAF, 0xE8, 0x00, 0x0B, 0x00, 0x00,
    0x0B, 0x00, 0x00, 0x0B, 0x00, 0x00, 0x0B, 0x06, 0x90, 0x0B, 0x7F, 0xF4, 0x0B, 0xF4, 0x7C, 0x0B, 0xC0, 0x3C, 0x0B,
    0x40, 0x2C, 0x0B, 0x00, 0x2C, 0x0B, 0x00, 0x2C, 0x0B, 0x00, 0x2C, 0x0B, 0x00, 0x2C, 0x0B, 0x00, 0x2C, 0x0B, 0x00,
    0x2C, 0x00, 0x0F, 0x00, 0x00, 0xF0, 0x00, 0x0B, 0x40, 0x00, 0x00, 0x00, 0x3C, 0x00, 0xF4, 0xF0, 0x03, 0xC3, 0xC0,
    0x2D, 0x0F, 0x00, 0xF0, 0x3C, 0x0B, 0x40, 0xF0, 0x3C, 0x03, 0xC2, 0xD0, 0x0F, 0xFF, 0x00, 0x3E, 0xBC, 0x00, 0xF0,
    0xB8, 0x03, 0xC0, 0xF0, 0x0F, 0x02, 0xE0, 0x3C, 0x03, 0xC0, 0xF0, 0x0B, 0x83, 0xC0, 0x0F, 0x0F, 0x00, 0x2E, 0x0E,
    0x03, 0x80, 0x2F, 0xFC, 0x00, 0x2F, 0xD0, 0x00, 0x00, 0x00, 0xF4, 0x00, 0xB5, 0xE0, 0x03, 0xC3, 0xC0, 0x1E, 0x0B,
    0x40, 0xB4, 0x0E, 0x03, 0xC0, 0x3C, 0x0E, 0x00, 0x74, 0xB4, 0x00, 0xE3, 0xC0, 0x02, 0xCE, 0x00, 0x07, 0xB4, 0x00,
    0x0F, 0xC0, 0x00, 0x2E, 0x00, 0x00, 0xB0, 0x00, 0x03, 0xC0, 0x00, 0x1E, 0x00, 0x00, 0xF0, 0x00, 0x3C, 0x01, 0xE3,
    0xC0, 0x1E, 0x3C, 0x01, 0xE3, 0xC0, 0x1E, 0x3C, 0x01, 0xE3, 0xC0, 0x1E, 0x3C, 0x01, 0xE3, 0xC0, 0x1E, 0x3C, 0x01,
    0xE3, 0xC0, 0x1E, 0x3C, 0x01, 0xE3, 0xC0, 0x1E, 0x3C, 0x01, 0xE3, 0xC0, 0x1E, 0x3F, 0xFF, 0xE3, 0xFF, 0xFE, 0x00,
    0xB4, 0x00, 0x0B, 0x40, 0x00, 0x50, 0x00, 0x00, 0xF8, 0x00, 0x07, 0xF0, 0x00, 0x2E, 0xC0, 0x00, 0xF7, 0x40, 0x03,
    0x8E, 0x00, 0x1E, 0x3C, 0x00, 0xB4, 0xB0, 0x03, 0xC1, 0xD0, 0x0F, 0x03, 0x80, 0x78, 0x0F, 0x02, 0xFA, 0xBC, 0x0F,
    0xFF, 0xF4, 0x3C, 0x01, 0xE1, 0xE0, 0x03, 0xCB, 0x40, 0x0B, 0x3C, 0x00, 0x1D, 0x3F, 0xFF, 0xE0, 0xFA, 0xAA, 0x43,
    0xC0, 0x00, 0x0F, 0x00, 0x00, 0x3C, 0x00, 0x00, 0xF0, 0x00, 0x03, 0xC0, 0x00, 0x0F, 0xFF, 0x80, 0x3E, 0xAF, 0xC0,
    0xF0, 0x0B, 0x83, 0xC0, 0x0F, 0x0F, 0x00, 0x3C, 0x3C, 0x00, 0xF0, 0xF0, 0x0B, 0x83, 0xEA, 0xFC, 0x0F, 0xFF, 0x80,
    0x3F, 0xFE, 0x00, 0xFA, 0xFF, 0x03, 0xC0, 0x3D, 0x0F, 0x00, 0x38, 0x3C, 0x00, 0xE0, 0xF0, 0x07, 0x83, 0xC0, 0x7C,
    0x0F, 0xFF, 0x80, 0x3E, 0xBF, 0x80, 0xF0, 0x0B, 0x83, 0xC0, 0x0F, 0x0F, 0x00, 0x3C, 0x3C, 0x00, 0xF0, 0xF0, 0x0B,
    0xC3, 0xEA, 0xFC, 0x0F, 0xFF, 0x80, 0x7F, 0xFF, 0xE7, 0xEA, 0xA9, 0x78, 0x00, 0x07, 0x80, 0x00, 0x78, 0x00, 0x07,
    0x80, 0x00, 0x78, 0x00, 0x07, 0x80, 0x00, 0x78, 0x00, 0x07, 0x80, 0x00, 0x78, 0x00, 0x07, 0x80, 0x00, 0x78, 0x00,
    0x07, 0x80, 0x00, 0x78, 0x00, 0x07, 0x80, 0x00, 0x07, 0xFF, 0xF8, 0x01, 0xFA, 0xBE, 0x00, 0x78, 0x07, 0x80, 0x1E,
    0x01, 0xE0, 0x07, 0x80, 0x78, 0x01, 0xE0, 0x1E, 0x00, 0x74, 0x07, 0x80, 0x1D, 0x01, 0xE0, 0x07, 0x40, 0x78, 0x01,
    0xD0, 0x1E, 0x00, 0x74, 0x07, 0x80, 0x2D, 0x01, 0xE0, 0x0F, 0x00, 0x78, 0x03, 0xC0, 0x1E, 0x07, 0xFA, 0xAF, 0xE1,
    0xFF, 0xFF, 0xFC, 0x70, 0x00, 0x0B, 0x1C, 0x00, 0x02, 0xC7, 0x00, 0x00, 0xB0, 0x40, 0x00, 0x04, 0xFF, 0xFF, 0xFE,
    0xAA, 0xAF, 0x00, 0x03, 0xC0, 0x00, 0xF0, 0x00, 0x3C, 0x00, 0x0F, 0x00, 0x03, 0xFF, 0xFC, 0xFA, 0xAA, 0x3C, 0x00,
    0x0F, 0x00, 0x03, 0xC0, 0x00, 0xF0, 0x00, 0x3C, 0x00, 0x0F, 0xAA, 0xAB, 0xFF, 0xFF, 0x74, 0x2C, 0x0F, 0x0F, 0x0B,
    0x03, 0xC3, 0xC2, 0xC1, 0xD0, 0x74, 0xB0, 0xF0, 0x0E, 0x2C, 0x3C, 0x03, 0xCB, 0x1D, 0x00, 0xB6, 0xCB, 0x00, 0x0F,
    0xFF, 0xC0, 0x07, 0xFE, 0xF0, 0x02, 0xCB, 0x2C, 0x00, 0xF2, 0xC7, 0x80, 0x78, 0xB0, 0xF0, 0x2C, 0x2C, 0x2D, 0x0F,
    0x0B, 0x07, 0x87, 0x82, 0xC0, 0xF2, 0xC0, 0xB0, 0x2D, 0x02, 0xFD, 0x00, 0x7F, 0xFE, 0x03, 0xD0, 0x3D, 0x1E, 0x00,
    0x78, 0x64, 0x00, 0xE0, 0x00, 0x07, 0x40, 0x00, 0x7C, 0x00, 0xBF, 0x80, 0x01, 0xBF, 0x80, 0x00, 0x0B, 0x80, 0x00,
    0x0F, 0x14, 0x00, 0x3C, 0xF0, 0x00, 0xF1, 0xF0, 0x0B, 0xC2, 0xFF, 0xFC, 0x01, 0xFF, 0x80, 0x38, 0x03, 0xE3, 0x80,
    0x7E, 0x38, 0x0B, 0xE3, 0x80, 0xEE, 0x38, 0x1D, 0xE3, 0x82, 0xCE, 0x38, 0x38, 0xE3, 0x87, 0x4E, 0x38, 0xB0, 0xE3,
    0x8E, 0x0E, 0x39, 0xD0, 0xE3, 0xAC, 0x0E, 0x3B, 0x80, 0xE3, 0xF4, 0x0E, 0x3F, 0x00, 0xE3, 0xE0, 0x0E, 0x0E, 0x03,
    0x80, 0xBF, 0xF0, 0x02, 0xFD, 0x00, 0x00, 0x00, 0x38, 0x03, 0xE3, 0x80, 0x7E, 0x38, 0x0B, 0xE3, 0x80, 0xEE, 0x38,
    0x1D, 0xE3, 0x82, 0xCE, 0x38, 0x38, 0xE3, 0x87, 0x4E, 0x38, 0xB0, 0xE3, 0x8E, 0x0E, 0x39, 0xD0, 0xE3, 0xAC, 0x0E,
    0x3B, 0x80, 0xE3, 0xF4, 0x0E, 0x3F, 0x00, 0xE3, 0xE0, 0x0E, 0x3C, 0x00, 0xF4, 0xF0, 0x03, 0xC3, 0xC0, 0x2D, 0x0F,
    0x00, 0xF0, 0x3C, 0x0B, 0x40, 0xF0, 0x3C, 0x03, 0xC2, 0xD0, 0x0F, 0xFF, 0x00, 0x3E, 0xBC, 0x00, 0xF0, 0xB8, 0x03,
    0xC0, 0xF0, 0x0F, 0x02, 0xE0, 0x3C, 0x03, 0xC0, 0xF0, 0x0B, 0x83, 0xC0, 0x0F, 0x0F, 0x00, 0x2E, 0x07, 0xFF, 0xF8,
    0x1F, 0xAB, 0xE0, 0x78, 0x07, 0x81, 0xE0, 0x1E, 0x07, 0x80, 0x78, 0x1E, 0x01, 0xE0, 0x78, 0x07, 0x81, 0xD0, 0x1E,
    0x07, 0x40, 0x78, 0x1D, 0x01, 0xE0, 0x74, 0x07, 0x81, 0xD0, 0x1E, 0x0B, 0x40, 0x78, 0x3C, 0x01, 0xE7, 0xE0, 0x07,
    0xAE, 0x00, 0x1E, 0x7D, 0x03, 0xF1, 0xF8, 0x0F, 0xC7, 0xB0, 0x7B, 0x1D, 0xD2, 0xAC, 0x77, 0x8D, 0xB1, 0xDB, 0x72,
    0xC7, 0x5E, 0xCB, 0x1D, 0x3D, 0x2C, 0x74, 0xB0, 0xB1, 0xD0, 0x02, 0xC7, 0x40, 0x0B, 0x1D, 0x00, 0x2C, 0x74, 0x00,
    0xB1, 0xD0, 0x02, 0xC7, 0x40, 0x0B, 0x1D, 0x00, 0x2C, 0x3C, 0x01, 0xE3, 0xC0, 0x1E, 0x3C, 0x01, 0xE3, 0xC0, 0x1E,
    0x3C, 0x01, 0xE3, 0xC0, 0x1E, 0x3C, 0x01, 0xE3, 0xFF, 0xFE, 0x3E, 0xAB, 0xE3, 0xC0, 0x1E, 0x3C, 0x01, 0xE3, 0xC0,
    0x1E, 0x3C, 0x01, 0xE3, 0xC0, 0x1E, 0x3C, 0x01, 0xE3, 0xC0, 0x1E, 0x02, 0xFE, 0x00, 0xFF, 0xF8, 0x3D, 0x03, 0xD3,
    0xC0, 0x1E, 0x38, 0x00, 0xE3, 0x80, 0x0F, 0x38, 0x00, 0xF3, 0x80, 0x0F, 0x38, 0x00, 0xF3, 0x80, 0x0F, 0x38, 0x00,
    0xF3, 0x80, 0x0E, 0x3C, 0x01, 0xE3, 0xD0, 0x3D, 0x0F, 0xFF, 0x80, 0x2F, 0xE0, 0x3F, 0xFF, 0xE3, 0xEA, 0xBE, 0x3C,
    0x01, 0xE3, 0xC0, 0x1E, 0x3C, 0x01, 0xE3, 0xC0, 0x1E, 0x3C, 0x01, 0xE3, 0xC0, 0x1E, 0x3C, 0x01, 0xE3, 0xC0, 0x1E,
    0x3C, 0x01, 0xE3, 0xC0, 0x1E, 0x3C, 0x01, 0xE3, 0xC0, 0x1E, 0x3C, 0x01, 0xE3, 0xC0, 0x1E, 0x3F, 0xFE, 0x40, 0xFA,
    0xBF, 0x43, 0xC0, 0x1F, 0x0F, 0x00, 0x2D, 0x3C, 0x00, 0x78, 0xF0, 0x02, 0xD3, 0xC0, 0x0F, 0x4F, 0x00, 0xBC, 0x3F,
    0xFF, 0xC0, 0xFA, 0xA4, 0x03, 0xC0, 0x00, 0x0F, 0x00, 0x00, 0x3C, 0x00, 0x00, 0xF0, 0x00, 0x03, 0xC0, 0x00, 0x0F,
    0x00, 0x00, 0x02, 0xFE, 0x00, 0xFF, 0xFC, 0x2E, 0x02, 0xE3, 0xC0, 0x0F, 0x3C, 0x00, 0x53, 0xC0, 0x00, 0x3C, 0x00,
    0x03, 0xC0, 0x00, 0x3C, 0x00, 0x03, 0xC0, 0x00, 0x3C, 0x00, 0x03, 0xC0, 0x05, 0x3C, 0x00, 0xF2, 0xE0, 0x2E, 0x0F,
    0xFF, 0xC0, 0x2F, 0xE0, 0xFF, 0xFF, 0xF6, 0xAB, 0xFA, 0x90, 0x0B, 0x40, 0x00, 0x2D, 0x00, 0x00, 0xB4, 0x00, 0x02,
    0xD0, 0x00, 0x0B, 0x40, 0x00, 0x2D, 0x00, 0x00, 0xB4, 0x00, 0x02, 0xD0, 0x00, 0x0B, 0x40, 0x00, 0x2D, 0x00, 0x00,
    0xB4, 0x00, 0x02, 0xD0, 0x00, 0x0B, 0x40, 0x00, 0x2D, 0x00, 0xF4, 0x00, 0xB5, 0xE0, 0x03, 0xC3, 0xC0, 0x1E, 0x0B,
    0x40, 0xB4, 0x0E, 0x03, 0xC0, 0x3C, 0x0E, 0x00, 0x74, 0xB4, 0x00, 0xE3, 0xC0, 0x02, 0xCE, 0x00, 0x07, 0xB4, 0x00,
    0x0F, 0xC0, 0x00, 0x2E, 0x00, 0x00, 0xB0, 0x00, 0x03, 0xC0, 0x00, 0x1E, 0x00, 0x00, 0xF0, 0x00, 0x00, 0x18, 0x00,
    0x00, 0x2D, 0x00, 0x01, 0xBF, 0x80, 0x0B, 0xFF, 0xF4, 0x1F, 0x2C, 0x7C, 0x3C, 0x2C, 0x1D, 0x3C, 0x2C, 0x0E, 0x38,
    0x2C, 0x0E, 0x38, 0x2C, 0x0E, 0x38, 0x2C, 0x0E, 0x38, 0x2C, 0x0E, 0x3C, 0x2C, 0x0E, 0x3C, 0x2C, 0x1E, 0x2E, 0x2C,
    0x3C, 0x0F, 0xFF, 0xF8, 0x02, 0xFF, 0xD0, 0x00, 0x2D, 0x00, 0x00, 0x14, 0x00, 0x2D, 0x00, 0x3D, 0x0F, 0x00, 0x78,
    0x0B, 0x40, 0xF0, 0x03, 0xC1, 0xE0, 0x02, 0xD3, 0xC0, 0x00, 0xF7, 0x80, 0x00, 0xBF, 0x00, 0x00, 0x3E, 0x00, 0x00,
    0x3E, 0x00, 0x00, 0xBF, 0x00, 0x00, 0xF7, 0xC0, 0x02, 0xD3, 0xD0, 0x03, 0xC0, 0xF0, 0x0F, 0x00, 0xB4, 0x1E, 0x00,
    0x3C, 0x3C, 0x00, 0x2D, 0x3C, 0x02, 0xD0, 0xF0, 0x0B, 0x43, 0xC0, 0x2D, 0x0F, 0x00, 0xB4, 0x3C, 0x02, 0xD0, 0xF0,
    0x0B, 0x43, 0xC0, 0x2D, 0x0F, 0x00, 0xB4, 0x3C, 0x02, 0xD0, 0xF0, 0x0B, 0x43, 0xC0, 0x2D, 0x0F, 0x00, 0xB4, 0x3C,
    0x02, 0xD0, 0xF0, 0x0B, 0x43, 0xEA, 0xBF, 0x8F, 0xFF, 0xFF, 0x00, 0x00, 0x3C, 0x00, 0x00, 0xF0, 0x00, 0x03, 0xC0,
    0x00, 0x00, 0x74, 0x01, 0xE7, 0x40, 0x1E, 0x74, 0x01, 0xE7, 0x40, 0x1E, 0x74, 0x01, 0xE7, 0x40, 0x1E, 0x78, 0x01,
    0xE3, 0xC0, 0x1E, 0x2F, 0xEB, 0xE0, 0x7F, 0xFE, 0x00, 0x01, 0xE0, 0x00, 0x1E, 0x00, 0x01, 0xE0, 0x00, 0x1E, 0x00,
    0x01, 0xE0, 0x00, 0x1E, 0xB0, 0x70, 0x76, 0xC1, 0xC1, 0xDB, 0x07, 0x07, 0x6C, 0x1C, 0x1D, 0xB0, 0x70, 0x76, 0xC1,
    0xC1, 0xDB, 0x07, 0x07, 0x6C, 0x1C, 0x1D, 0xB0, 0x70, 0x76, 0xC1, 0xC1, 0xDB, 0x07, 0x07, 0x6C, 0x1C, 0x1D, 0xB0,
    0x70, 0x76, 0xC1, 0xC1, 0xDB, 0xAF, 0xAF, 0x6F, 0xFF, 0xFD, 0xB0, 0xB0, 0xB0, 0xB0, 0xB0, 0xB0, 0xB0, 0xB0, 0xB0,
    0xB0, 0xB0, 0xB0, 0xB0, 0xB0, 0xB0, 0xB0, 0xB0, 0xB0, 0xB0, 0xB0, 0xB0, 0xB0, 0xB0, 0xB0, 0xB0, 0xB0, 0xB0, 0xB0,
    0xB0, 0xB0, 0xB0, 0xB0, 0xB0, 0xB0, 0xB0, 0xB0, 0xB0, 0xB0, 0xB0, 0xB0, 0xB0, 0xB0, 0xBA, 0xFA, 0xF9, 0xBF, 0xFF,
    0xFE, 0x00, 0x00, 0x0E, 0x00, 0x00, 0x0E, 0x00, 0x00, 0x0E, 0x00, 0x00, 0x04, 0x3F, 0xE0, 0x00, 0x0A, 0xF8, 0x00,
    0x00, 0x0E, 0x00, 0x00, 0x03, 0x80, 0x00, 0x00, 0xE0, 0x00, 0x00, 0x38, 0x00, 0x00, 0x0E, 0x00, 0x00, 0x03, 0xFF,
    0x90, 0x00, 0xFA, 0xFD, 0x00, 0x38, 0x07, 0xC0, 0x0E, 0x00, 0xB4, 0x03, 0x80, 0x1E, 0x00, 0xE0, 0x0B, 0x40, 0x38,
    0x07, 0xC0, 0x0F, 0xAF, 0xD0, 0x03, 0xFF, 0xD0, 0xB0, 0x00, 0x76, 0xC0, 0x01, 0xDB, 0x00, 0x07, 0x6C, 0x00, 0x1D,
    0xB0, 0x00, 0x76, 0xC0, 0x01, 0xDB, 0x00, 0x07, 0x6F, 0xF4, 0x1D, 0xBB, 0xF4, 0x76, 0xC0, 0xF1, 0xDB, 0x02, 0xC7,
    0x6C, 0x0B, 0x1D, 0xB0, 0x2C, 0x76, 0xC0, 0xF1, 0xDB, 0xBF, 0x47, 0x6F, 0xF4, 0x1D, 0x3C, 0x00, 0x00, 0xF0, 0x00,
    0x03, 0xC0, 0x00, 0x0F, 0x00, 0x00, 0x3C, 0x00, 0x00, 0xF0, 0x00, 0x03, 0xC0, 0x00, 0x0F, 0xFF, 0x90, 0x3F, 0xFF,
    0xD0, 0xF0, 0x07, 0xC3, 0xC0, 0x0B, 0x4F, 0x00, 0x1E, 0x3C, 0x00, 0xB4, 0xF0, 0x07, 0xC3, 0xFF, 0xFD, 0x0F, 0xFF,
    0xD0, 0x06, 0xFD, 0x01, 0xFF, 0xF8, 0x3D, 0x03, 0xD7, 0x80, 0x1E, 0x24, 0x00, 0xE0, 0x00, 0x0E, 0x00, 0x00, 0xE0,
    0x3F, 0xFE, 0x02, 0xAB, 0xE0, 0x00, 0x0E, 0x00, 0x00, 0xE1, 0x00, 0x0E, 0x78, 0x01, 0xE3, 0xD0, 0x3D, 0x1F, 0xFF,
    0x80, 0x6F, 0xD0, 0xB0, 0x1F, 0xD2, 0xC1, 0xFF, 0xDB, 0x0F, 0x03, 0xAC, 0x38, 0x0F, 0xB0, 0xE0, 0x3E, 0xC3, 0x80,
    0xFB, 0x0E, 0x03, 0xEF, 0xF8, 0x0F, 0xBA, 0xE0, 0x3E, 0xC3, 0x80, 0xFB, 0x0E, 0x03, 0xEC, 0x38, 0x0F, 0xB0, 0xE0,
    0x3E, 0xC3, 0xC0, 0xEB, 0x07, 0xFF, 0x6C, 0x07, 0xF4, 0x07, 0xFF, 0xE1, 0xFE, 0xBE, 0x3C, 0x01, 0xE7, 0x80, 0x1E,
    0xB4, 0x01, 0xEB, 0x40, 0x1E, 0x78, 0x01, 0xE3, 0xD0, 0x1E, 0x1F, 0xFF, 0xE0, 0x3F, 0xBE, 0x03, 0xC1, 0xE0, 0xB4,
    0x1E, 0x0F, 0x01, 0xE2, 0xE0, 0x1E, 0x3C, 0x01, 0xEB, 0x80, 0x1E, 0x06, 0xFE, 0x01, 0xFE, 0xFC, 0x3C, 0x02, 0xD0,
    0x00, 0x0E, 0x06, 0xAB, 0xE2, 0xFF, 0xFE, 0x7C, 0x00, 0xEB, 0x40, 0x0E, 0xB4, 0x01, 0xE7, 0xC0, 0x3E, 0x3F, 0xFE,
    0xE0, 0xBF, 0x4E, 0x00, 0x5A, 0x80, 0x7F, 0xFC, 0x1F, 0x95, 0x03, 0xD0, 0x00, 0x38, 0x00, 0x03, 0x5F, 0xE0, 0x3B,
    0xFF, 0xC3, 0xD0, 0x3D, 0x3C, 0x01, 0xE3, 0x80, 0x0F, 0x38, 0x00, 0xF3, 0x80, 0x0F, 0x3C, 0x01, 0xE3, 0xD0, 0x3D,
    0x0F, 0xFF, 0xC0, 0x2F, 0xE0, 0x3F, 0xFF, 0x40, 0xFA, 0xBF, 0x43, 0xC0, 0x1E, 0x0F, 0x00, 0x38, 0x3C, 0x02, 0xC0,
    0xFF, 0xFD, 0x03, 0xEA, 0xFD, 0x0F, 0x00, 0x3C, 0x3C, 0x00, 0xF0, 0xF0, 0x03, 0xC3, 0xEA, 0xFD, 0x0F, 0xFF, 0xD0,
    0x3F, 0xFF, 0xC3, 0xEA, 0xA8, 0x38, 0x00, 0x03, 0x80, 0x00, 0x38, 0x00, 0x03, 0x80, 0x00, 0x38, 0x00, 0x03, 0x80,
    0x00, 0x38, 0x00, 0x03, 0x80, 0x00, 0x38, 0x00, 0x03, 0x80, 0x00, 0x07, 0xFF, 0xF4, 0x07, 0xEA, 0xF4, 0x07, 0x80,
    0xB4, 0x07, 0x40, 0xB4, 0x07, 0x40, 0xB4, 0x07, 0x40, 0xB4, 0x07, 0x40, 0xB4, 0x0B, 0x40, 0xB4, 0x0B, 0x00, 0xB4,
    0x0F, 0x00, 0xB4, 0x7F, 0xAA, 0xFE, 0x7F, 0xFF, 0xFF, 0x74, 0x00, 0x0B, 0x74, 0x00, 0x0B, 0x74, 0x00, 0x0B, 0x10,
    0x00, 0x01, 0x02, 0xFD, 0x00, 0xFF, 0xF8, 0x3D, 0x02, 0xD3, 0xC0, 0x0E, 0x38, 0x00, 0xF3, 0xFF, 0xFF, 0x3E, 0xAA,
    0xA3, 0x80, 0x00, 0x3C, 0x00, 0x03, 0xD0, 0x2E, 0x0F, 0xEF, 0xC0, 0x2F, 0xE0, 0x74, 0x1C, 0x0F, 0x0F, 0x07, 0x07,
    0x41, 0xD1, 0xC3, 0xC0, 0x3C, 0x70, 0xE0, 0x0B, 0x1C, 0xB0, 0x01, 0xFF, 0xFC, 0x00, 0x7F, 0xEF, 0x00, 0x3C, 0x71,
    0xD0, 0x0E, 0x1C, 0x3C, 0x0B, 0x07, 0x0B, 0x43, 0xC1, 0xC0, 0xE1, 0xD0, 0x70, 0x3C, 0x0B, 0xFE, 0x00, 0xFE, 0xBF,
    0x43, 0xC0, 0x2E, 0x00, 0x00, 0x78, 0x00, 0x02, 0xC0, 0x0F, 0xFD, 0x00, 0x2A, 0xFD, 0x00, 0x00, 0x7C, 0x10, 0x00,
    0xF1, 0xE0, 0x07, 0xC3, 0xFA, 0xFD, 0x02, 0xFF, 0x80, 0x38, 0x03, 0xE3, 0x80, 0x7E, 0x38, 0x0F, 0xE3, 0x81, 0xDE,
    0x38, 0x3C, 0xE3, 0x87, 0x4E, 0x38, 0xF0, 0xE3, 0x9D, 0x0E, 0x3B, 0xC0, 0xE3, 0xF4, 0x0E, 0x3F, 0x00, 0xE3, 0xE0,
    0x0E, 0x0E, 0x03, 0x80, 0xB0, 0xB0, 0x02, 0xFD, 0x00, 0x00, 0x00, 0x00, 0x00, 0x03, 0x80, 0x3E, 0x38, 0x07, 0xE3,
    0x80, 0xFE, 0x38, 0x1D, 0xE3, 0x83, 0xCE, 0x38, 0x74, 0xE3, 0x8F, 0x0E, 0x39, 0xD0, 0xE3, 0xBC, 0x0E, 0x3F, 0x40,
    0xE3, 0xF0, 0x0E, 0x3E, 0x00, 0xE0, 0xF0, 0x03, 0xDF, 0x00, 0x78, 0xF0, 0x0F, 0x0F, 0x02, 0xD0, 0xF0, 0x7C, 0x0F,
    0xFF, 0x00, 0xFA, 0xF4, 0x0F, 0x03, 0xC0, 0xF0, 0x2E, 0x0F, 0x00, 0xF4, 0xF0, 0x07, 0xCF, 0x00, 0x2E, 0x07, 0xFF,
    0xF8, 0x1F, 0xAB, 0xE0, 0x78, 0x03, 0x81, 0xE0, 0x0E, 0x07, 0x80, 0x38, 0x1E, 0x00, 0xE0, 0x78, 0x03, 0x81, 0xD0,
    0x0E, 0x0B, 0x40, 0x38, 0x3C, 0x00, 0xE7, 0xE0, 0x03, 0x9E, 0x00, 0x0E, 0x7C, 0x02, 0xF1, 0xF8, 0x0F, 0xC7, 0xB0,
    0x7B, 0x1D, 0xD3, 0xAC, 0x76, 0x8C, 0xB1, 0xD7, 0xB2, 0xC7, 0x4F, 0x4B, 0x1D, 0x04, 0x2C, 0x74, 0x00, 0xB1, 0xD0,
    0x02, 0xC7, 0x40, 0x0B, 0x1D, 0x00, 0x2C, 0x3C, 0x00, 0xE3, 0xC0, 0x0E, 0x3C, 0x00, 0xE3, 0xC0, 0x0E, 0x3C, 0x00,
    0xE3, 0xFF, 0xFE, 0x3E, 0xAB, 0xE3, 0xC0, 0x0E, 0x3C, 0x00, 0xE3, 0xC0, 0x0E, 0x3C, 0x00, 0xE3, 0xC0, 0x0E, 0x02,
    0xFE, 0x01, 0xFF, 0xFC, 0x3D, 0x02, 0xD3, 0xC0, 0x0E, 0x38, 0x00, 0xF3, 0x80, 0x0F, 0x38, 0x00, 0xF3, 0x80, 0x0F,
    0x3C, 0x00, 0xE3, 0xD0, 0x2D, 0x1F, 0xFF, 0xC0, 0x2F, 0xE0, 0x3F, 0xFF, 0xE3, 0xEA, 0xBE, 0x3C, 0x00, 0xE3, 0xC0,
    0x0E, 0x3C, 0x00, 0xE3, 0xC0, 0x0E, 0x3C, 0x00, 0xE3, 0xC0, 0x0E, 0x3C, 0x00, 0xE3, 0xC0, 0x0E, 0x3C, 0x00, 0xE3,
    0xC0, 0x0E, 0x3C, 0xBE, 0x03, 0xFF, 0xFC, 0x3E, 0x02, 0xD3, 0xC0, 0x0E, 0x3C, 0x00, 0xF3, 0xC0, 0x0F, 0x3C, 0x00,
    0xF3, 0xC0, 0x0F, 0x3C, 0x00, 0xE3, 0xE0, 0x2D, 0x3F, 0xFF, 0xC3, 0xCB, 0xE0, 0x3C, 0x00, 0x03, 0xC0, 0x00, 0x3C,
    0x00, 0x03, 0xC0, 0x00, 0x02, 0xFE, 0x00, 0xFF, 0xFC, 0x3E, 0x02, 0xE3, 0xC0, 0x0F, 0x38, 0x00, 0x03, 0x80, 0x00,
    0x38, 0x00, 0x03, 0x80, 0x00, 0x3C, 0x00, 0xF3, 0xE0, 0x2E, 0x0F, 0xFF, 0xC0, 0x2F, 0xE0, 0xFF, 0xFF, 0xF6, 0xAB,
    0xFA, 0x90, 0x0B, 0x40, 0x00, 0x2D, 0x00, 0x00, 0xB4, 0x00, 0x02, 0xD0, 0x00, 0x0B, 0x40, 0x00, 0x2D, 0x00, 0x00,
    0xB4, 0x00, 0x02, 0xD0, 0x00, 0x0B, 0x40, 0x00, 0x2D, 0x00, 0xB4, 0x00, 0xB5, 0xE0, 0x03, 0xC3, 0xC0, 0x1E, 0x0B,
    0x40, 0xB0, 0x0F, 0x03, 0xC0, 0x3C, 0x1D, 0x00, 0x78, 0xB0, 0x00, 0xF3, 0xC0, 0x02, 0xED, 0x00, 0x07, 0xF0, 0x00,
    0x0F, 0x80, 0x00, 0x2D, 0x00, 0x00, 0xF0, 0x00, 0x07, 0x80, 0x00, 0x2D, 0x00, 0x00, 0xF0, 0x00, 0x00, 0xB4, 0x00,
    0x02, 0xD0, 0x00, 0x0B, 0x40, 0x00, 0x2D, 0x00, 0x0B, 0xFF, 0x40, 0xFF, 0xFF, 0x8B, 0x8B, 0x0F, 0x3C, 0x2C, 0x1D,
    0xF0, 0xB0, 0x3B, 0xC2, 0xC0, 0xEF, 0x0B, 0x03, 0xBC, 0x2C, 0x0E, 0xF0, 0xB0, 0x76, 0xE2, 0xC3, 0xC3, 0xFF, 0xFE,
    0x02, 0xFF, 0xD0, 0x00, 0xB4, 0x00, 0x02, 0xD0, 0x00, 0x0B, 0x40, 0x00, 0x2D, 0x00, 0x7C, 0x00, 0xF0, 0xB4, 0x0F,
    0x40, 0xF0, 0x78, 0x01, 0xE3, 0xC0, 0x02, 0xED, 0x00, 0x03, 0xE0, 0x00, 0x1F, 0xC0, 0x00, 0xFB, 0x80, 0x0B, 0x4F,
    0x00, 0x7C, 0x1F, 0x03, 0xC0, 0x2E, 0x2E, 0x00, 0x3C, 0x3C, 0x02, 0xD0, 0xF0, 0x0B, 0x43, 0xC0, 0x2D, 0x0F, 0x00,
    0xB4, 0x3C, 0x02, 0xD0, 0xF0, 0x0B, 0x43, 0xC0, 0x2D, 0x0F, 0x00, 0xB4, 0x3C, 0x02, 0xD0, 0xF0, 0x0B, 0x43, 0xEA,
    0xBF, 0x8F, 0xFF, 0xFF, 0x00, 0x00, 0x2C, 0x00, 0x00, 0xB0, 0x00, 0x02, 0xC0, 0x00, 0x01, 0x78, 0x01, 0xE7, 0x80,
    0x1E, 0x78, 0x01, 0xE7, 0x80, 0x1E, 0x78, 0x01, 0xE3, 0xC0, 0x1E, 0x2F, 0xAB, 0xE0, 0x7F, 0xFE, 0x00, 0x01, 0xE0,
    0x00, 0x1E, 0x00, 0x01, 0xE0, 0x00, 0x1E, 0xB0, 0x70, 0x76, 0xC1, 0xC1, 0xDB, 0x07, 0x07, 0x6C, 0x1C, 0x1D, 0xB0,
    0x70, 0x76, 0xC1, 0xC1, 0xDB, 0x07, 0x07, 0x6C, 0x1C, 0x1D, 0xB0, 0x70, 0x76, 0xC1, 0xC1, 0xDB, 0xAF, 0xAF, 0x6F,
    0xFF, 0xFD, 0xB0, 0xB0, 0xB0, 0xB0, 0xB0, 0xB0, 0xB0, 0xB0, 0xB0, 0xB0, 0xB0, 0xB0, 0xB0, 0xB0, 0xB0, 0xB0, 0xB0,
    0xB0, 0xB0, 0xB0, 0xB0, 0xB0, 0xB0, 0xB0, 0xB0, 0xB0, 0xB0, 0xB0, 0xB0, 0xB0, 0xBA, 0xFA, 0xF9, 0xBF, 0xFF, 0xFE,
    0x00, 0x00, 0x0E, 0x00, 0x00, 0x0E, 0x00, 0x00, 0x0E, 0x00, 0x00, 0x04, 0x7F, 0xD0, 0x00, 0x6B, 0xD0, 0x00, 0x02,
    0xD0, 0x00, 0x02, 0xD0, 0x00, 0x02, 0xFA, 0x90, 0x02, 0xFF, 0xFC, 0x02, 0xD0, 0x2E, 0x02, 0xD0, 0x0F, 0x02, 0xD0,
    0x0F, 0x02, 0xD0, 0x1E, 0x02, 0xFA, 0xFC, 0x02, 0xFF, 0xE0, 0xB0, 0x00, 0x76, 0xC0, 0x01, 0xDB, 0x00, 0x07, 0x6C,
    0x00, 0x1D, 0xBA, 0x40, 0x76, 0xFF, 0xC1, 0xDB, 0x07, 0xC7, 0x6C, 0x0B, 0x1D, 0xB0, 0x2C, 0x76, 0xC0, 0xF1, 0xDB,
    0xAF, 0x87, 0x6F, 0xF4, 0x1D, 0xF0, 0x00, 0x0F, 0x00, 0x00, 0xF0, 0x00, 0x0F, 0x00, 0x00, 0xFF, 0xE9, 0x0F, 0xFF,
    0xF8, 0xF0, 0x03, 0xDF, 0x00, 0x1E, 0xF0, 0x01, 0xEF, 0x00, 0x3D, 0xFF, 0xFF, 0xCF, 0xFF, 0xE0, 0x06, 0xFD, 0x01,
    0xFF, 0xF8, 0x3C, 0x03, 0xD3, 0x80, 0x1E, 0x00, 0x00, 0xF0, 0x0F, 0xFF, 0x00, 0xAA, 0xF0, 0x00, 0x0F, 0x38, 0x01,
    0xE3, 0xD0, 0x3D, 0x1F, 0xFF, 0xC0, 0x7F, 0xD0, 0xB0, 0x1F, 0xD2, 0xC1, 0xFF, 0xCB, 0x0F, 0x07, 0xAC, 0x38, 0x0E,
    0xB0, 0xE0, 0x3E, 0xFF, 0x80, 0xFB, 0xAE, 0x03, 0xEC, 0x38, 0x0F, 0xB0, 0xE0, 0x3A, 0xC3, 0xC1, 0xEB, 0x07, 0xFF,
    0x2C, 0x07, 0xF4, 0x07, 0xFF, 0xE2, 0xFE, 0xBE, 0x3C, 0x00, 0xE7, 0x80, 0x0E, 0x78, 0x00, 0xE3, 0xD0, 0x0E, 0x1F,
    0xFF, 0xE0, 0x3F, 0xBE, 0x07, 0xC0, 0xE0, 0xF0, 0x0E, 0x2E, 0x00, 0xE7, 0xC0, 0x0E, 0x0A, 0x07, 0x41, 0xF4, 0xBC,
    0x0F, 0x07, 0x80, 0x00, 0x00, 0x00, 0x00, 0x00, 0x2F, 0xD0, 0x0F, 0xFF, 0x83, 0xD0, 0x2D, 0x3C, 0x00, 0xE3, 0x80,
    0x0F, 0x3F, 0xFF, 0xF3, 0xEA, 0xAA, 0x38, 0x00, 0x03, 0xC0, 0x00, 0x3D, 0x02, 0xE0, 0xFE, 0xFC, 0x02, 0xFE, 0x00,
    0x0F, 0x00, 0x00, 0x3C, 0x00, 0x0A, 0xFA, 0x80, 0x3F, 0xFF, 0x40, 0x0F, 0x00, 0x00, 0x3C, 0x69, 0x00, 0xFB, 0xFE,
    0x03, 0xF0, 0x7D, 0x0F, 0x00, 0x78, 0x3C, 0x01, 0xE0, 0xF0, 0x03, 0x83, 0xC0, 0x0E, 0x0F, 0x00, 0x38, 0x3C, 0x00,
    0xE0, 0xF0, 0x03, 0x83, 0xC0, 0x0E, 0x00, 0x00, 0x78, 0x00, 0x03, 0xC0, 0x02, 0xFE, 0x00, 0x0F, 0xD0, 0x00, 0x1E,
    0x00, 0x03, 0xC0, 0x00, 0xF0, 0x00, 0x00, 0x00, 0x00, 0x00, 0x03, 0xFF, 0xFC, 0x3E, 0xAA, 0x83, 0x80, 0x00, 0x38,
    0x00, 0x03, 0x80, 0x00, 0x38, 0x00, 0x03, 0x80, 0x00, 0x38, 0x00, 0x03, 0x80, 0x00, 0x38, 0x00, 0x03, 0x80, 0x00,
    0x38, 0x00, 0x00, 0x02, 0xFE, 0x00, 0xFF, 0xFC, 0x3D, 0x02, 0xE3, 0xC0, 0x0E, 0x38, 0x00, 0x03, 0xFF, 0x80, 0x3E,
    0xA4, 0x03, 0x80, 0x00, 0x3C, 0x00, 0xF3, 0xD0, 0x2E, 0x0F, 0xFF, 0xC0, 0x2F, 0xE0, 0x07, 0xFE, 0x02, 0xFE, 0xFC,
    0x3C, 0x02, 0xD3, 0xC0, 0x00, 0x3D, 0x00, 0x01, 0xFF, 0xE0, 0x01, 0xAF, 0xC0, 0x00, 0x1E, 0x14, 0x00, 0xF3, 0xC0,
    0x1E, 0x2F, 0xEF, 0xD0, 0x7F, 0xE0, 0x00, 0x78, 0x00, 0x03, 0xF0, 0x00, 0x07, 0x80, 0x00, 0x00, 0x00, 0x00, 0x00,
    0x00, 0xFF, 0xF0, 0x02, 0xAF, 0xC0, 0x00, 0x0F, 0x00, 0x00, 0x3C, 0x00, 0x00, 0xF0, 0x00, 0x03, 0xC0, 0x00, 0x0F,
    0x00, 0x00, 0x3C, 0x00, 0x00, 0xF0, 0x00, 0x03, 0xC0, 0x0A, 0xBF, 0xA9, 0x3F, 0xFF, 0xF8, 0x0B, 0x02, 0x80, 0x3E,
    0x1F, 0x40, 0xB4, 0x3C, 0x00, 0x00, 0x00, 0x00, 0x00, 0x00, 0xFF, 0xF0, 0x02, 0xAF, 0xC0, 0x00, 0x0F, 0x00, 0x00,
    0x3C, 0x00, 0x00, 0xF0, 0x00, 0x03, 0xC0, 0x00, 0x0F, 0x00, 0x00, 0x3C, 0x00, 0x00, 0xF0, 0x00, 0x03, 0xC0, 0x0A,
    0xBF, 0xA9, 0x3F, 0xFF, 0xF8, 0x00, 0x0A, 0x00, 0x07, 0xD0, 0x00, 0xF0, 0x00, 0x00, 0x00, 0x00, 0x0F, 0xFF, 0xC2,
    0xAA, 0xF0, 0x00, 0x3C, 0x00, 0x0F, 0x00, 0x03, 0xC0, 0x00, 0xF0, 0x00, 0x3C, 0x00, 0x0F, 0x00, 0x03, 0xC0, 0x00,
    0xF0, 0x00, 0x3C, 0x00, 0x0F, 0x00, 0x03, 0xC0, 0x02, 0xE0, 0xAB, 0xF0, 0x3F, 0xE0, 0x00, 0x1F, 0xFD, 0x00, 0x07,
    0xEF, 0x40, 0x01, 0xD0, 0xD0, 0x00, 0x74, 0x34, 0x00, 0x1D, 0x0F, 0xA4, 0x07, 0x43, 0xFF, 0x41, 0xD0, 0xD0, 0xF0,
    0x74, 0x34, 0x2C, 0x1D, 0x0D, 0x0B, 0x0B, 0x03, 0x43, 0xCB, 0x80, 0xFB, 0xE3, 0x80, 0x3F, 0xE0, 0xB0, 0x38, 0x00,
    0xB0, 0x38, 0x00, 0xB0, 0x38, 0x00, 0xB0, 0x38, 0x00, 0xBA, 0xBE, 0x40, 0xBF, 0xFF, 0xF4, 0xB0, 0x38, 0x3C, 0xB0,
    0x38, 0x2C, 0xB0, 0x38, 0x2C, 0xB0, 0x38, 0x3C, 0xB0, 0x3E, 0xF8, 0xB0, 0x3F, 0xE0, 0x0F, 0x00, 0x00, 0x3C, 0x00,
    0x0F, 0xFF, 0xD0, 0x2B, 0xEA, 0x00, 0x0F, 0x00, 0x00, 0x3C, 0x69, 0x00, 0xFB, 0xFE, 0x03, 0xF0, 0x7D, 0x0F, 0x00,
    0x78, 0x3C, 0x00, 0xE0, 0xF0, 0x03, 0x83, 0xC0, 0x0E, 0x0F, 0x00, 0x38, 0x3C, 0x00, 0xE0, 0xF0, 0x03, 0x83, 0xC0,
    0x0E, 0x00, 0x3C, 0x00, 0x0B, 0x40, 0x01, 0xD0, 0x00, 0x00, 0x00, 0x00, 0x00, 0x0F, 0x00, 0x3D, 0xF0, 0x07, 0x8F,
    0x00, 0xF0, 0xF0, 0x2D, 0x0F, 0x07, 0xC0, 0xFF, 0xF0, 0x0F, 0xAF, 0x40, 0xF0, 0x3C, 0x0F, 0x02, 0xE0, 0xF0, 0x0F,
    0x4F, 0x00, 0x7C, 0xF0, 0x02, 0xE0, 0x0E, 0x03, 0x80, 0x2C, 0x2C, 0x00, 0x2F, 0xD0, 0x00, 0x00, 0x00, 0x00, 0x00,
    0x02, 0xD0, 0x02, 0xD7, 0x80, 0x0F, 0x0F, 0x00, 0x78, 0x2D, 0x02, 0xC0, 0x3C, 0x0F, 0x00, 0xF0, 0x74, 0x01, 0xE2,
    0xC0, 0x03, 0xCF, 0x00, 0x0B, 0xB4, 0x00, 0x1F, 0xC0, 0x00, 0x3E, 0x00, 0x00, 0xB4, 0x00, 0x03, 0xC0, 0x00, 0x1E,
    0x00, 0x00, 0xB4, 0x00, 0x03, 0xC0, 0x00, 0x3C, 0x00, 0xE3, 0xC0, 0x0E, 0x3C, 0x00, 0xE3, 0xC0, 0x0E, 0x3C, 0x00,
    0xE3, 0xC0, 0x0E, 0x3C, 0x00, 0xE3, 0xC0, 0x0E, 0x3C, 0x00, 0xE3, 0xC0, 0x0E, 0x3F, 0xFF, 0xE3, 0xFF, 0xFE, 0x00,
    0xB4, 0x00, 0x0B, 0x40, 0x00, 0x50, 0x00, 0x00, 0x00, 0x90, 0x00, 0x0E, 0x7F, 0xFF, 0xE7, 0xEA, 0xA9, 0x78, 0x00,
    0x07, 0x80, 0x00, 0x78, 0x00, 0x07, 0x80, 0x00, 0x78, 0x00, 0x07, 0x80, 0x00, 0x78, 0x00, 0x07, 0x80, 0x00, 0x78,
    0x00, 0x07, 0x80, 0x00, 0x78, 0x00, 0x07, 0x80, 0x00, 0x78, 0x00, 0x07, 0x80, 0x00, 0x00, 0x03, 0xC0, 0x00, 0x3C,
    0x7F, 0xFF, 0xC7, 0xEA, 0xA8, 0x78, 0x00, 0x07, 0x80, 0x00, 0x78, 0x00, 0x07, 0x80, 0x00, 0x78, 0x00, 0x07, 0x80,
    0x00, 0x78, 0x00, 0x07, 0x80, 0x00, 0x78, 0x00, 0x07, 0x80, 0x00, 0x07, 0xFF, 0xFE, 0x07, 0xEA, 0xA9, 0x07, 0x80,
    0x00, 0x07, 0x80, 0x00, 0x07, 0x80, 0x00, 0x07, 0x80, 0x00, 0x07, 0x80, 0x00, 0x6F, 0xEA, 0x00, 0x7F, 0xFF, 0x00,
    0x07, 0x80, 0x00, 0x07, 0x80, 0x00, 0x07, 0x80, 0x00, 0x07, 0x80, 0x00, 0x07, 0x80, 0x00, 0x07, 0x80, 0x00, 0x07,
    0x80, 0x00, 0x0F, 0xFF, 0xF4, 0x3E, 0xAA, 0x90, 0xF0, 0x00, 0x03, 0xC0, 0x00, 0x0F, 0x00, 0x02, 0xBE, 0xA8, 0x0F,
    0xFF, 0xE0, 0x03, 0xC0, 0x00, 0x0F, 0x00, 0x00, 0x3C, 0x00, 0x00, 0xF0, 0x00, 0x03, 0xC0, 0x00, 0x78, 0x00, 0xF0,
    0x78, 0x01, 0xE0, 0x78, 0x03, 0xC0, 0x78, 0x07, 0x80, 0x78, 0x0F, 0x00, 0x78, 0x1E, 0x00, 0x78, 0x3C, 0x00, 0x7F,
    0xF8, 0x00, 0x7E, 0xFC, 0x00, 0x78, 0x3D, 0x00, 0x78, 0x1F, 0x00, 0x78, 0x0F, 0x40, 0x78, 0x07, 0xC0, 0x78, 0x03,
    0xD0, 0x78, 0x01, 0xFD, 0x78, 0x00, 0xFD, 0x00, 0x00, 0x1D, 0x00, 0x00, 0x1D, 0x00, 0x00, 0x1D, 0x3C, 0x00, 0xF0,
    0xF0, 0x0F, 0x43, 0xC0, 0x78, 0x0F, 0x03, 0xC0, 0x3C, 0x3D, 0x00, 0xFF, 0xE0, 0x03, 0xEB, 0xC0, 0x0F, 0x0B, 0x80,
    0x3C, 0x0F, 0x40, 0xF0, 0x1F, 0x03, 0xC0, 0x2F, 0xCF, 0x00, 0x3F, 0x00, 0x00, 0x2C, 0x00, 0x00, 0xB0, 0x00, 0x02,
    0xC0, 0x3C, 0x01, 0xE0, 0xF0, 0x07, 0x83, 0xC0, 0x1E, 0x0F, 0x00, 0x78, 0x3C, 0x01, 0xE0, 0xF0, 0x07, 0x83, 0xC0,
    0x1E, 0x0F, 0xFF, 0xF8, 0x3E, 0xAB, 0xE0, 0xF0, 0x07, 0x83, 0xC0, 0x1E, 0x0F, 0x00, 0x78, 0x3C, 0x01, 0xE0, 0xF0,
    0x07, 0x83, 0xC0, 0x1F, 0x8F, 0x00, 0x7E, 0x00, 0x00, 0x38, 0x00, 0x00, 0xE0, 0x00, 0x03, 0x80, 0x3C, 0x01, 0xE0,
    0xF0, 0x07, 0x83, 0xC0, 0x1E, 0x0F, 0x00, 0x78, 0x3C, 0x01, 0xE0, 0xFA, 0xAF, 0x83, 0xFF, 0xFE, 0x0F, 0x00, 0x78,
    0x3C, 0x01, 0xE0, 0xF0, 0x07, 0x83, 0xC0, 0x1F, 0x8F, 0x00, 0x7E, 0x00, 0x00, 0x38, 0x00, 0x00, 0xE0, 0x00, 0x03,
    0x80, 0x3C, 0x00, 0x1E, 0x2D, 0x00, 0x3C, 0x0F, 0x00, 0x38, 0x0B, 0x40, 0xB4, 0x03, 0xC0, 0xF0, 0x02, 0xC2, 0xD0,
    0x01, 0xE3, 0xC0, 0x00, 0xFB, 0x40, 0x00, 0x7F, 0x00, 0x00, 0x3E, 0x00, 0x00, 0x2D, 0x00, 0x00, 0x2D, 0x00, 0x00,
    0x2D, 0x00, 0x00, 0x2D, 0x00, 0x00, 0x2D, 0x00, 0x00, 0x2D, 0x00, 0xB4, 0x00, 0xF0, 0xE0, 0x03, 0xC3, 0xC0, 0x1D,
    0x0B, 0x40, 0xB0, 0x0E, 0x03, 0xC0, 0x3C, 0x1D, 0x00, 0xB4, 0xB0, 0x00, 0xE3, 0xC0, 0x03, 0xDD, 0x00, 0x0B, 0xB0,
    0x00, 0x0F, 0xC0, 0x00, 0x3D, 0x00, 0x00, 0xB4, 0x00, 0x02, 0xD0, 0x00, 0x0B, 0x40, 0x00, 0x2D, 0x00, 0x3C, 0x00,
    0x1E, 0x2D, 0x00, 0x3C, 0x0F, 0x00, 0x38, 0x0B, 0x40, 0xB0, 0x03, 0xC0, 0xF0, 0x02, 0xC2, 0xD0, 0x01, 0xE3, 0xC0,
    0x00, 0xFB, 0x40, 0x00, 0x7F, 0x00, 0x00, 0x3D, 0x00, 0x07, 0xFF, 0xF0, 0x02, 0xBE, 0xA0, 0x00, 0x2D, 0x00, 0x00,
    0x2D, 0x00, 0x00, 0x2D, 0x00, 0x00, 0x2D, 0x00, 0xB4, 0x00, 0xF0, 0xE0, 0x03, 0xC3, 0xC0, 0x1D, 0x0B, 0x40, 0xB0,
    0x0E, 0x03, 0xC0, 0x3C, 0x1D, 0x00, 0xB4, 0xB0, 0x00, 0xE3, 0xC0, 0x03, 0xDD, 0x00, 0x07, 0xB0, 0x00, 0x0F, 0xC0,
    0x00, 0x3D, 0x00, 0x1F, 0xFF, 0xC0, 0x2B, 0xEA, 0x00, 0x0B, 0x40, 0x00, 0x2D, 0x00, 0xB4, 0x02, 0xD2, 0xD0, 0x0B,
    0x4B, 0x40, 0x2D, 0x2D, 0x00, 0xB4, 0xB4, 0x02, 0xD2, 0xD0, 0x0B, 0x4B, 0x40, 0x2D, 0x1E, 0x00, 0xB4, 0x3F, 0xEB,
    0xD0, 0x2F, 0xFF, 0x40, 0x00, 0x2D, 0x00, 0x00, 0xB4, 0x00, 0x02, 0xD0, 0x00, 0x0B, 0x40, 0x00, 0x2F, 0x40, 0x00,
    0xBD, 0x00, 0x00, 0x74, 0x00, 0x01, 0xD0, 0x00, 0x07, 0x40, 0x74, 0x02, 0xD1, 0xD0, 0x0B, 0x47, 0x40, 0x2D, 0x1D,
    0x00, 0xB4, 0x74, 0x02, 0xD1, 0xF0, 0x0B, 0x43, 0xFA, 0xBD, 0x02, 0xFF, 0xF4, 0x00, 0x02, 0xD0, 0x00, 0x0B, 0x40,
    0x00, 0x2F, 0x40, 0x00, 0xBD, 0x00, 0x00, 0x74, 0x00, 0x01, 0xD0, 0x00, 0x07, 0x40, 0xF0, 0x00, 0x0F, 0x00, 0x00,
    0xF0, 0x00, 0x0F, 0x00, 0x00, 0xF0, 0x00, 0x0F, 0x00, 0x00, 0xFA, 0xA4, 0x0F, 0xFF, 0xF0, 0xF0, 0x0B, 0x8F, 0x00,
    0x3C, 0xF0, 0x03, 0xCF, 0x00, 0x3C, 0xF0, 0x03, 0xCF, 0x00, 0x3C, 0xF0, 0x03, 0xCF, 0x00, 0x3C, 0xF0, 0x00, 0x3C,
    0x00, 0x0F, 0x00, 0x03, 0xC0, 0x00, 0xFA, 0xA4, 0x3F, 0xFF, 0xCF, 0x00, 0xBB, 0xC0, 0x0F, 0xF0, 0x03, 0xFC, 0x00,
    0xFF, 0x00, 0x3F, 0xC0, 0x0F, 0x02, 0xFD, 0x01, 0xFF, 0xF8, 0x3D, 0x03, 0xD3, 0xC0, 0x1E, 0x14, 0x00, 0xE0, 0x00,
    0x0E, 0x00, 0x00, 0xE3, 0xFF, 0xFE, 0x3E, 0xAB, 0xE3, 0x80, 0x0E, 0x38, 0x00, 0xE3, 0x80, 0x0E, 0x3C, 0x01, 0xE3,
    0xD0, 0x3D, 0x1F, 0xFF, 0x80, 0x2F, 0xD0, 0x06, 0xFE, 0x01, 0xFF, 0xFC, 0x3C, 0x02, 0xD0, 0x00, 0x0E, 0x00, 0x00,
    0xF2, 0xAA, 0xAF, 0x3F, 0xFF, 0xF3, 0x80, 0x0F, 0x3C, 0x00, 0xE3, 0xD0, 0x2D, 0x0F, 0xFF, 0xC0, 0x2F, 0xE0, 0x02,
    0x81, 0xD0, 0x01, 0xF4, 0xBC, 0x00, 0x3C, 0x1E, 0x00, 0x00, 0x00, 0x00, 0x74, 0x2C, 0x0F, 0x0F, 0x0B, 0x03, 0xC3,
    0xC2, 0xC1, 0xD0, 0x74, 0xB0, 0xF0, 0x0E, 0x2C, 0x3C, 0x03, 0xCB, 0x1D, 0x00, 0xB6, 0xCB, 0x00, 0x0F, 0xFF, 0xC0,
    0x07, 0xFE, 0xF0, 0x02, 0xCB, 0x2C, 0x00, 0xF2, 0xC7, 0x80, 0x78, 0xB0, 0xF0, 0x2C, 0x2C, 0x2D, 0x0F, 0x0B, 0x07,
    0x87, 0x82, 0xC0, 0xF2, 0xC0, 0xB0, 0x2D, 0x02, 0x81, 0xD0, 0x01, 0xF4, 0xBC, 0x00, 0x3C, 0x1E, 0x00, 0x00, 0x00,
    0x00, 0x00, 0x00, 0x00, 0x1D, 0x07, 0x03, 0xC3, 0xC1, 0xC1, 0xD0, 0x74, 0x70, 0xF0, 0x0F, 0x1C, 0x38, 0x02, 0xC7,
    0x2C, 0x00, 0x7F, 0xFF, 0x00, 0x1F, 0xFB, 0xC0, 0x0F, 0x1C, 0x74, 0x03, 0x87, 0x0F, 0x02, 0xC1, 0xC2, 0xD0, 0xF0,
    0x70, 0x38, 0x74, 0x1C, 0x0F, 0x00, 0x0A, 0x07, 0x40, 0x7D, 0x2F, 0x00, 0xF0, 0x78, 0x00, 0x00, 0x00, 0x02, 0xFD,
    0x00, 0x7F, 0xFE, 0x03, 0xD0, 0x3D, 0x1E, 0x00, 0x78, 0x64, 0x00, 0xE0, 0x00, 0x07, 0x40, 0x00, 0x7C, 0x00, 0xBF,
    0x80, 0x01, 0xBF, 0x80, 0x00, 0x0B, 0x80, 0x00, 0x0F, 0x14, 0x00, 0x3C, 0xF0, 0x00, 0xF1, 0xF0, 0x0B, 0xC2, 0xFF,
    0xFC, 0x01, 0xFF, 0x80, 0x0A, 0x07, 0x40, 0x7D, 0x2F, 0x00, 0xF0, 0x78, 0x00, 0x00, 0x00, 0x00, 0x00, 0x00, 0x2F,
    0xF8, 0x03, 0xFA, 0xFD, 0x0F, 0x00, 0xB8, 0x00, 0x01, 0xE0, 0x00, 0x0B, 0x00, 0x3F, 0xF4, 0x00, 0xAB, 0xF4, 0x00,
    0x01, 0xF0, 0x40, 0x03, 0xC7, 0x80, 0x1F, 0x0F, 0xEB, 0xF4, 0x0B, 0xFE, 0x00, 0x0A, 0x07, 0x41, 0xF4, 0xBC, 0x0F,
    0x07, 0x80, 0x00, 0x00, 0x38, 0x03, 0xE3, 0x80, 0x7E, 0x38, 0x0B, 0xE3, 0x80, 0xEE, 0x38, 0x1D, 0xE3, 0x82, 0xCE,
    0x38, 0x38, 0xE3, 0x87, 0x4E, 0x38, 0xB0, 0xE3, 0x8E, 0x0E, 0x39, 0xD0, 0xE3, 0xAC, 0x0E, 0x3B, 0x80, 0xE3, 0xF4,
    0x0E, 0x3F, 0x00, 0xE3, 0xE0, 0x0E, 0x0A, 0x07, 0x41, 0xF4, 0xBC, 0x0F, 0x07, 0x80, 0x00, 0x00, 0x00, 0x00, 0x03,
    0x80, 0x3E, 0x38, 0x07, 0xE3, 0x80, 0xFE, 0x38, 0x1D, 0xE3, 0x83, 0xCE, 0x38, 0x74, 0xE3, 0x8F, 0x0E, 0x39, 0xD0,
    0xE3, 0xBC, 0x0E, 0x3F, 0x40, 0xE3, 0xF0, 0x0E, 0x3E, 0x00, 0xE0, 0x0A, 0x07, 0x41, 0xF4, 0xBC, 0x0F, 0x07, 0x80,
    0x00, 0x00, 0x02, 0xFE, 0x00, 0xFF, 0xF8, 0x3D, 0x03, 0xD3, 0xC0, 0x1E, 0x38, 0x00, 0xE3, 0x80, 0x0F, 0x38, 0x00,
    0xF3, 0x80, 0x0F, 0x38, 0x00, 0xF3, 0x80, 0x0F, 0x38, 0x00, 0xF3, 0x80, 0x0E, 0x3C, 0x01, 0xE3, 0xD0, 0x3D, 0x0F,
    0xFF, 0x80, 0x2F, 0xE0, 0x0A, 0x07, 0x41, 0xF4, 0xBC, 0x0F, 0x07, 0x80, 0x00, 0x00, 0x00, 0x00, 0x00, 0x2F, 0xE0,
    0x1F, 0xFF, 0xC3, 0xD0, 0x2D, 0x3C, 0x00, 0xE3, 0x80, 0x0F, 0x38, 0x00, 0xF3, 0x80, 0x0F, 0x38, 0x00, 0xF3, 0xC0,
    0x0E, 0x3D, 0x02, 0xD1, 0xFF, 0xFC, 0x02, 0xFE, 0x00, 0x02, 0xFE, 0x00, 0xFF, 0xF8, 0x2D, 0x03, 0xD3, 0xC0, 0x1E,
    0x3C, 0x00, 0xE3, 0xC0, 0x0E, 0x3C, 0x00, 0xE3, 0xFF, 0xFE, 0x3E, 0xAB, 0xE3, 0xC0, 0x0E, 0x3C, 0x00, 0xE3, 0xC0,
    0x0E, 0x3C, 0x01, 0xE2, 0xD0, 0x3D, 0x0F, 0xFF, 0x80, 0x2F, 0xE0, 0x02, 0xFD, 0x00, 0xFF, 0xF8, 0x3D, 0x03, 0xD3,
    0xC0, 0x1E, 0x38, 0x00, 0xE3, 0xFF, 0xFE, 0x3E, 0xAB, 0xE3, 0x80, 0x0E, 0x3C, 0x01, 0xE2, 0xD0, 0x3D, 0x0F, 0xFF,
    0x80, 0x2F, 0xD0, 0x0A, 0x07, 0x41, 0xF4, 0xBC, 0x0F, 0x07, 0x80, 0x00, 0x00, 0x74, 0x01, 0xE7, 0x40, 0x1E, 0x74,
    0x01, 0xE7, 0x40, 0x1E, 0x74, 0x01, 0xE7, 0x40, 0x1E, 0x78, 0x01, 0xE3, 0xC0, 0x1E, 0x2F, 0xEB, 0xE0, 0x7F, 0xFE,
    0x00, 0x01, 0xE0, 0x00, 0x1E, 0x00, 0x01, 0xE0, 0x00, 0x1E, 0x00, 0x01, 0xE0, 0x00, 0x1E, 0x0A, 0x07, 0x41, 0xF4,
    0xBC, 0x0F, 0x07, 0x80, 0x00, 0x00, 0x00, 0x00, 0x07, 0x80, 0x1E, 0x78, 0x01, 0xE7, 0x80, 0x1E, 0x78, 0x01, 0xE7,
    0x80, 0x1E, 0x3C, 0x01, 0xE2, 0xFA, 0xBE, 0x07, 0xFF, 0xE0, 0x00, 0x1E, 0x00, 0x01, 0xE0, 0x00, 0x1E, 0x00, 0x01,
    0xE0, 0x01, 0xE0, 0x00, 0x00, 0x2D, 0x00, 0x00, 0x03, 0xC0, 0x00, 0x00, 0x00, 0x00, 0xB0, 0x2D, 0x0B, 0x1D, 0x0F,
    0x82, 0xC7, 0x43, 0xE0, 0xF0, 0xE0, 0xEC, 0x3C, 0x38, 0x37, 0x0E, 0x0E, 0x1D, 0xC3, 0x83, 0xC7, 0x30, 0xD0, 0xB2,
    0x8D, 0x74, 0x2C, 0xE3, 0x5C, 0x07, 0x34, 0xEB, 0x01, 0xCD, 0x2A, 0xC0, 0x77, 0x0B, 0xB0, 0x0E, 0xC1, 0xF8, 0x03,
    0xF0, 0x7E, 0x00, 0xFC, 0x0F, 0x40, 0x3E, 0x03, 0xD0, 0x01, 0xE0, 0x00, 0x00, 0xB4, 0x00, 0x00, 0x3C, 0x00, 0x00,
    0x00, 0x00, 0x00, 0x00, 0x00, 0x74, 0x2D, 0x0B, 0x34, 0x3E, 0x0E, 0x38, 0x3E, 0x0E, 0x3C, 0x37, 0x0D, 0x2C, 0x77,
    0x1C, 0x1C, 0xA3, 0x1C, 0x1C, 0xE3, 0x6C, 0x0D, 0xD3, 0xA8, 0x0E, 0xC2, 0xB8, 0x0F, 0xC2, 0xF4, 0x0B, 0xC1, 0xF0,
    0x0B, 0x80, 0xF0, 0x00, 0x03, 0xC0, 0x00, 0x03, 0xC0, 0x00, 0x02, 0xD0, 0x00, 0x00, 0x00, 0x00, 0xB0, 0x2D, 0x0B,
    0x1D, 0x0F, 0x82, 0xC7, 0x43, 0xE0, 0xF0, 0xE0, 0xEC, 0x3C, 0x38, 0x37, 0x0E, 0x0E, 0x1D, 0xC3, 0x83, 0xC7, 0x30,
    0xD0, 0xB2, 0x8D, 0x74, 0x2C, 0xE3, 0x5C, 0x07, 0x34, 0xEB, 0x01, 0xCD, 0x2A, 0xC0, 0x77, 0x0B, 0xB0, 0x0E, 0xC1,
    0xF8, 0x03, 0xF0, 0x7E, 0x00, 0xFC, 0x0F, 0x40, 0x3E, 0x03, 0xD0, 0x00, 0x03, 0xC0, 0x00, 0x0F, 0x00, 0x00, 0x2D,
    0x00, 0x00, 0x00, 0x00, 0x00, 0x00, 0x00, 0x74, 0x2D, 0x0B, 0x34, 0x3E, 0x0E, 0x38, 0x3E, 0x0E, 0x3C, 0x37, 0x0D,
    0x2C, 0x77, 0x1C, 0x1C, 0xA3, 0x1C, 0x1C, 0xE3, 0x6C, 0x0D, 0xD3, 0xA8, 0x0E, 0xC2, 0xB8, 0x0F, 0xC2, 0xF4, 0x0B,
    0xC1, 0xF0, 0x0B, 0x80, 0xF0, 0x02, 0x81, 0xD0, 0x01, 0xF4, 0xBC, 0x00, 0x3C, 0x1E, 0x00, 0x00, 0x00, 0x00, 0xB0,
    0x2D, 0x0B, 0x1D, 0x0F, 0x82, 0xC7, 0x43, 0xE0, 0xF0, 0xE0, 0xEC, 0x3C, 0x38, 0x37, 0x0E, 0x0E, 0x1D, 0xC3, 0x83,
    0xC7, 0x30, 0xD0, 0xB2, 0x8D, 0x74, 0x2C, 0xE3, 0x5C, 0x07, 0x34, 0xEB, 0x01, 0xCD, 0x2A, 0xC0, 0x77, 0x0B, 0xB0,
    0x0E, 0xC1, 0xF8, 0x03, 0xF0, 0x7E, 0x00, 0xFC, 0x0F, 0x40, 0x3E, 0x03, 0xD0, 0x02, 0x81, 0xD0, 0x07, 0xD2, 0xF0,
    0x03, 0xC1, 0xE0, 0x00, 0x00, 0x00, 0x00, 0x00, 0x00, 0x74, 0x2D, 0x0B, 0x34, 0x3E, 0x0E, 0x38, 0x3E, 0x0E, 0x3C,
    0x37, 0x0D, 0x2C, 0x77, 0x1C, 0x1C, 0xA3, 0x1C, 0x1C, 0xE3, 0x6C, 0x0D, 0xD3, 0xA8, 0x0E, 0xC2, 0xB8, 0x0F, 0xC2,
    0xF4, 0x0B, 0xC1, 0xF0, 0x0B, 0x80, 0xF0, 0x02, 0xFF, 0xF0, 0x3F, 0xAB, 0xC2, 0xE0, 0x1E, 0x0F, 0x00, 0xF0, 0x3C,
    0x0B, 0x40, 0xF0, 0x78, 0x03, 0xC3, 0xC0, 0x0F, 0x1F, 0xD0, 0x3C, 0x2F, 0xD0, 0xF0, 0x07, 0xC3, 0xC0, 0x0F, 0x0F,
    0x00, 0x2D, 0x3C, 0x00, 0xF0, 0xF0, 0x07, 0xC3, 0xC6, 0xFD, 0x0F, 0x2F, 0x80, 0x00, 0xF8, 0x00, 0x07, 0xF0, 0x00,
    0x2E, 0xC0, 0x00, 0xF7, 0x40, 0x03, 0x8E, 0x00, 0x1E, 0x3C, 0x00, 0xB4, 0xB0, 0x03, 0xC1, 0xD0, 0x0F, 0x03, 0x80,
    0x78, 0x0F, 0x02, 0xFA, 0xBC, 0x0F, 0xFF, 0xF4, 0x3C, 0x01, 0xE1, 0xE0, 0x03, 0xCB, 0x40, 0x0B, 0x3C, 0x00, 0x1D,
    0x00, 0x00, 0x00, 0x00, 0x00, 0x00, 0x0B, 0x40, 0x00, 0x3E, 0x00, 0x00, 0xF4, 0x00, 0x06, 0xFE, 0x01, 0xFE, 0xFC,
    0x3C, 0x02, 0xD0, 0x00, 0x0E, 0x06, 0xAB, 0xE2, 0xFF, 0xFE, 0x7C, 0x00, 0xEB, 0x40, 0x0E, 0xB4, 0x01, 0xE7, 0xC0,
    0x3E, 0x3F, 0xFE, 0xE0, 0xBF, 0x4E, 0x00, 0x00, 0x00, 0x00, 0x00, 0x00, 0xB4, 0x00, 0x0F, 0xC0, 0x00, 0xB4, 0x00,
    0x01, 0xA4, 0x00, 0x0B, 0xF0, 0x00, 0x01, 0xC0, 0x00, 0x0F, 0x00, 0x00, 0x10, 0x00, 0x00, 0x00, 0x00, 0x0F, 0x80,
    0x00, 0x7F, 0x00, 0x02, 0xEC, 0x00, 0x0F, 0x74, 0x00, 0x38, 0xE0, 0x01, 0xE3, 0xC0, 0x0B, 0x4B, 0x00, 0x3C, 0x1D,
    0x00, 0xF0, 0x38, 0x07, 0x80, 0xF0, 0x2F, 0xAB, 0xC0, 0xFF, 0xFF, 0x43, 0xC0, 0x1E, 0x1E, 0x00, 0x3C, 0xB4, 0x00,
    0xB3, 0xC0, 0x01, 0xD0, 0x01, 0xA8, 0x00, 0x1F, 0xD0, 0x00, 0x1D, 0x00, 0x02, 0xC0, 0x00, 0x10, 0x00, 0x00, 0x00,
    0x06, 0xFE, 0x01, 0xFE, 0xFC, 0x3C, 0x02, 0xD0, 0x00, 0x0E, 0x06, 0xAB, 0xE2, 0xFF, 0xFE, 0x7C, 0x00, 0xEB, 0x40,
    0x0E, 0xB4, 0x01, 0xE7, 0xC0, 0x3E, 0x3F, 0xFE, 0xE0, 0xBF, 0x4E, 0x00, 0x00, 0x2D, 0x00, 0x00, 0xB8, 0x00, 0xF8,
    0x90, 0x03, 0xEE, 0x00, 0x0F, 0x0B, 0x80, 0x00, 0x00, 0x00, 0x00, 0xF8, 0x00, 0x01, 0xFC, 0x00, 0x02, 0xEC, 0x00,
    0x03, 0xDD, 0x00, 0x03, 0x8E, 0x00, 0x07, 0x8F, 0x00, 0x0B, 0x4B, 0x00, 0x0F, 0x07, 0x40, 0x0F, 0x03, 0x80, 0x1E,
    0x03, 0xC0, 0x2F, 0xAB, 0xC0, 0x3F, 0xFF, 0xD0, 0x3C, 0x01, 0xE0, 0x78, 0x00, 0xF0, 0xB4, 0x00, 0xB0, 0xF0, 0x00,
    0x74, 0x00, 0x00, 0x05, 0x00, 0x00, 0x0B, 0x40, 0x00, 0x07, 0x80, 0x03, 0xE1, 0x40, 0x03, 0xEE, 0x00, 0x03, 0xC1,
    0xE0, 0x00, 0x00, 0x00, 0x00, 0x00, 0x00, 0x00, 0x06, 0xFE, 0x00, 0x07, 0xFB, 0xF0, 0x03, 0xC0, 0x2D, 0x00, 0x00,
    0x03, 0x80, 0x06, 0xAB, 0xE0, 0x0B, 0xFF, 0xF8, 0x07, 0xC0, 0x0E, 0x02, 0xD0, 0x03, 0x80, 0xB4, 0x01, 0xE0, 0x1F,
    0x00, 0xF8, 0x03, 0xFF, 0xEE, 0x00, 0x2F, 0xD3, 0x80, 0x00, 0x0B, 0x40, 0x00, 0x0B, 0x40, 0x0F, 0x85, 0x00, 0xFB,
    0x80, 0x0F, 0x0B, 0x80, 0x00, 0x00, 0x00, 0x0F, 0x80, 0x00, 0x7F, 0x00, 0x02, 0xEC, 0x00, 0x0F, 0x74, 0x00, 0x38,
    0xE0, 0x01, 0xE3, 0xC0, 0x0B, 0x4B, 0x00, 0x3C, 0x1D, 0x00, 0xF0, 0x38, 0x07, 0x80, 0xF0, 0x2F, 0xAB, 0xC0, 0xFF,
    0xFF, 0x43, 0xC0, 0x1E, 0x1E, 0x00, 0x3C, 0xB4, 0x00, 0xB3, 0xC0, 0x01, 0xD0, 0x00, 0x0B, 0x40, 0x00, 0x0B, 0x40,
    0x0B, 0x8A, 0x00, 0xBB, 0x80, 0x0F, 0x47, 0x80, 0x00, 0x00, 0x00, 0x00, 0x00, 0x01, 0xBF, 0x80, 0x1F, 0xEF, 0xC0,
    0xF0, 0x0B, 0x40, 0x00, 0x0E, 0x01, 0xAA, 0xF8, 0x2F, 0xFF, 0xE1, 0xF0, 0x03, 0x8B, 0x40, 0x0E, 0x2D, 0x00, 0x78,
    0x7C, 0x03, 0xE0, 0xFF, 0xFB, 0x80, 0xBF, 0x4E, 0x00, 0x00, 0x02, 0xA0, 0x00, 0x0B, 0xD0, 0x00, 0x03, 0x40, 0x3E,
    0x28, 0x03, 0xEE, 0x00, 0x3C, 0x2E, 0x00, 0x00, 0x00, 0x00, 0x3E, 0x00, 0x01, 0xFC, 0x00, 0x0B, 0xB0, 0x00, 0x3D,
    0xD0, 0x00, 0xE3, 0x80, 0x07, 0x8F, 0x00, 0x2D, 0x2C, 0x00, 0xF0, 0x74, 0x03, 0xC0, 0xE0, 0x1E, 0x03, 0xC0, 0xBE,
    0xAF, 0x03, 0xFF, 0xFD, 0x0F, 0x00, 0x78, 0x78, 0x00, 0xF2, 0xD0, 0x02, 0xCF, 0x00, 0x07, 0x40, 0x00, 0x01, 0xA0,
    0x00, 0x0B, 0xE0, 0x00, 0x03, 0x80, 0x00, 0x1C, 0x00, 0xFC, 0x50, 0x0F, 0xBC, 0x00, 0xF0, 0x78, 0x00, 0x00, 0x00,
    0x00, 0x00, 0x00, 0x1B, 0xF8, 0x01, 0xFE, 0xFC, 0x0F, 0x00, 0xB4, 0x00, 0x00, 0xE0, 0x1A, 0xAF, 0x82, 0xFF, 0xFE,
    0x1F, 0x00, 0x38, 0xB4, 0x00, 0xE2, 0xD0, 0x07, 0x87, 0xC0, 0x3E, 0x0F, 0xFF, 0xB8, 0x0B, 0xF4, 0xE0, 0x0B, 0xE2,
    0x80, 0x34, 0xBD, 0x00, 0x05, 0x40, 0x00, 0xFB, 0x80, 0x0F, 0x0B, 0x80, 0x00, 0x00, 0x00, 0x0F, 0x80, 0x00, 0x7F,
    0x00, 0x02, 0xEC, 0x00, 0x0F, 0x74, 0x00, 0x38, 0xE0, 0x01, 0xE3, 0xC0, 0x0B, 0x4B, 0x00, 0x3C, 0x1D, 0x00, 0xF0,
    0x38, 0x07, 0x80, 0xF0, 0x2F, 0xAB, 0xC0, 0xFF, 0xFF, 0x43, 0xC0, 0x1E, 0x1E, 0x00, 0x3C, 0xB4, 0x00, 0xB3, 0xC0,
    0x01, 0xD0, 0x07, 0xE2, 0x80, 0xE3, 0xF4, 0x00, 0x14, 0x00, 0x1F, 0xC0, 0x07, 0xDF, 0x00, 0xA0, 0x28, 0x00, 0x00,
    0x00, 0x00, 0x00, 0x06, 0xFE, 0x01, 0xFE, 0xFC, 0x3C, 0x02, 0xD0, 0x00, 0x0E, 0x06, 0xAB, 0xE2, 0xFF, 0xFE, 0x7C,
    0x00, 0xEB, 0x40, 0x0E, 0xB4, 0x01, 0xE7, 0xC0, 0x3E, 0x3F, 0xFE, 0xE0, 0xBF, 0x4E, 0x00, 0xF8, 0x00, 0x0F, 0xB8,
    0x00, 0xF0, 0xB8, 0x00, 0x00, 0x00, 0x00, 0xF8, 0x00, 0x07, 0xF0, 0x00, 0x2E, 0xC0, 0x00, 0xF7, 0x40, 0x03, 0x8E,
    0x00, 0x1E, 0x3C, 0x00, 0xB4, 0xB0, 0x03, 0xC1, 0xD0, 0x0F, 0x03, 0x80, 0x78, 0x0F, 0x02, 0xFA, 0xBC, 0x0F, 0xFF,
    0xF4, 0x3C, 0x01, 0xE1, 0xE0, 0x03, 0xCB, 0x40, 0x0B, 0x3C, 0x00, 0x1D, 0x00, 0x00, 0x00, 0x00, 0x00, 0x00, 0x0B,
    0x40, 0x00, 0x3E, 0x00, 0x00, 0xF4, 0x00, 0x00, 0xF8, 0x00, 0x3E, 0xE0, 0x0F, 0x47, 0x80, 0x00, 0x00, 0x00, 0x00,
    0x00, 0x6F, 0xE0, 0x1F, 0xEF, 0xC3, 0xC0, 0x2D, 0x00, 0x00, 0xE0, 0x6A, 0xBE, 0x2F, 0xFF, 0xE7, 0xC0, 0x0E, 0xB4,
    0x00, 0xEB, 0x40, 0x1E, 0x7C, 0x03, 0xE3, 0xFF, 0xEE, 0x0B, 0xF4, 0xE0, 0x00, 0x00, 0x00, 0x00, 0x00, 0x0B, 0x40,
    0x00, 0xFC, 0x00, 0x0B, 0x40, 0x00, 0x0A, 0x00, 0x00, 0xF0, 0x00, 0xDA, 0x28, 0x03, 0x81, 0xD0, 0x07, 0xFE, 0x00,
    0x00, 0x00, 0x00, 0x0F, 0x80, 0x00, 0x7F, 0x00, 0x02, 0xEC, 0x00, 0x0F, 0x74, 0x00, 0x38, 0xE0, 0x01, 0xE3, 0xC0,
    0x0B, 0x4B, 0x00, 0x3C, 0x1D, 0x00, 0xF0, 0x38, 0x07, 0x80, 0xF0, 0x2F, 0xAB, 0xC0, 0xFF, 0xFF, 0x43, 0xC0, 0x1E,
    0x1E, 0x00, 0x3C, 0xB4, 0x00, 0xB3, 0xC0, 0x01, 0xD0, 0x00, 0x01, 0x00, 0x00, 0xF0, 0x00, 0x3C, 0x00, 0xD6, 0x18,
    0x0F, 0x07, 0x80, 0x3F, 0xE0, 0x00, 0x00, 0x00, 0x00, 0x00, 0x06, 0xFE, 0x01, 0xFE, 0xFC, 0x3C, 0x02, 0xD0, 0x00,
    0x0E, 0x06, 0xAB, 0xE2, 0xFF, 0xFE, 0x7C, 0x00, 0xEB, 0x40, 0x0E, 0xB4, 0x01, 0xE7, 0xC0, 0x3E, 0x3F, 0xFE, 0xE0,
    0xBF, 0x4E, 0x02, 0x80, 0x00, 0x07, 0x80, 0x00, 0xD6, 0x28, 0x03, 0x81, 0xD0, 0x07, 0xFE, 0x00, 0x00, 0x00, 0x00,
    0x0F, 0x80, 0x00, 0x7F, 0x00, 0x02, 0xEC, 0x00, 0x0F, 0x74, 0x00, 0x38, 0xE0, 0x01, 0xE3, 0xC0, 0x0B, 0x4B, 0x00,
    0x3C, 0x1D, 0x00, 0xF0, 0x38, 0x07, 0x80, 0xF0, 0x2F, 0xAB, 0xC0, 0xFF, 0xFF, 0x43, 0xC0, 0x1E, 0x1E, 0x00, 0x3C,
    0xB4, 0x00, 0xB3, 0xC0, 0x01, 0xD0, 0x01, 0x00, 0x00, 0x3C, 0x00, 0x00, 0xE0, 0x00, 0xD6, 0x58, 0x0F, 0x07, 0x80,
    0x3F, 0xE0, 0x00, 0x00, 0x00, 0x00, 0x00, 0x06, 0xFE, 0x01, 0xFE, 0xFC, 0x3C, 0x02, 0xD0, 0x00, 0x0E, 0x06, 0xAB,
    0xE2, 0xFF, 0xFE, 0x7C, 0x00, 0xEB, 0x40, 0x0E, 0xB4, 0x01, 0xE7, 0xC0, 0x3E, 0x3F, 0xFE, 0xE0, 0xBF, 0x4E, 0x01,
    0xF8, 0x00, 0x02, 0xF0, 0x00, 0x92, 0x24, 0x03, 0xFB, 0xD0, 0x03, 0xFE, 0x00, 0x00, 0x00, 0x00, 0x0F, 0x80, 0x00,
    0x7F, 0x00, 0x02, 0xEC, 0x00, 0x0F, 0x74, 0x00, 0x38, 0xE0, 0x01, 0xE3, 0xC0, 0x0B, 0x4B, 0x00, 0x3C, 0x1D, 0x00,
    0xF0, 0x38, 0x07, 0x80, 0xF0, 0x2F, 0xAB, 0xC0, 0xFF, 0xFF, 0x43, 0xC0, 0x1E, 0x1E, 0x00, 0x3C, 0xB4, 0x00, 0xB3,
    0xC0, 0x01, 0xD0, 0x00, 0xA4, 0x00, 0x0F, 0xC0, 0x00, 0x2C, 0x00, 0x03, 0x40, 0x0E, 0x02, 0xC0, 0xBE, 0xF4, 0x02,
    0xFD, 0x00, 0x00, 0x00, 0x00, 0x00, 0x00, 0x6F, 0xE0, 0x1F, 0xEF, 0xC3, 0xC0, 0x2D, 0x00, 0x00, 0xE0, 0x6A, 0xBE,
    0x2F, 0xFF, 0xE7, 0xC0, 0x0E, 0xB4, 0x00, 0xEB, 0x40, 0x1E, 0x7C, 0x03, 0xE3, 0xFF, 0xEE, 0x0B, 0xF4, 0xE0, 0x0B,
    0xE2, 0x80, 0x34, 0xBD, 0x00, 0x90, 0x24, 0x03, 0xEB, 0xD0, 0x03, 0xFE, 0x00, 0x00, 0x00, 0x00, 0x0F, 0x80, 0x00,
    0x7F, 0x00, 0x02, 0xEC, 0x00, 0x0F, 0x74, 0x00, 0x38, 0xE0, 0x01, 0xE3, 0xC0, 0x0B, 0x4B, 0x00, 0x3C, 0x1D, 0x00,
    0xF0, 0x38, 0x07, 0x80, 0xF0, 0x2F, 0xAB, 0xC0, 0xFF, 0xFF, 0x43, 0xC0, 0x1E, 0x1E, 0x00, 0x3C, 0xB4, 0x00, 0xB3,
    0xC0, 0x01, 0xD0, 0x07, 0xE2, 0x80, 0xE3, 0xF4, 0x04, 0x00, 0x00, 0xE0, 0x38, 0x07, 0xFF, 0x40, 0x1F, 0xD0, 0x00,
    0x00, 0x00, 0x00, 0x00, 0x06, 0xFE, 0x01, 0xFE, 0xFC, 0x3C, 0x02, 0xD0, 0x00, 0x0E, 0x06, 0xAB, 0xE2, 0xFF, 0xFE,
    0x7C, 0x00, 0xEB, 0x40, 0x0E, 0xB4, 0x01, 0xE7, 0xC0, 0x3E, 0x3F, 0xFE, 0xE0, 0xBF, 0x4E, 0x0E, 0x03, 0x80, 0x2F,
    0xFC, 0x00, 0x2F, 0xD0, 0x00, 0x00, 0x00, 0x00, 0xF8, 0x00, 0x07, 0xF0, 0x00, 0x2E, 0xC0, 0x00, 0xF7, 0x40, 0x03,
    0x8E, 0x00, 0x1E, 0x3C, 0x00, 0xB4, 0xB0, 0x03, 0xC1, 0xD0, 0x0F, 0x03, 0x80, 0x78, 0x0F, 0x02, 0xFA, 0xBC, 0x0F,
    0xFF, 0xF4, 0x3C, 0x01, 0xE1, 0xE0, 0x03, 0xCB, 0x40, 0x0B, 0x3C, 0x00, 0x1D, 0x00, 0x00, 0x00, 0x00, 0x00, 0x00,
    0x0B, 0x40, 0x00, 0x3E, 0x00, 0x00, 0xF4, 0x00, 0x0E, 0x03, 0x80, 0xB4, 0x74, 0x01, 0xFD, 0x00, 0x00, 0x00, 0x00,
    0x00, 0x00, 0x6F, 0xE0, 0x1F, 0xEF, 0xC3, 0xC0, 0x2D, 0x00, 0x00, 0xE0, 0x6A, 0xBE, 0x2F, 0xFF, 0xE7, 0xC0, 0x0E,
    0xB4, 0x00, 0xEB, 0x40, 0x1E, 0x7C, 0x03, 0xE3, 0xFF, 0xEE, 0x0B, 0xF4, 0xE0, 0x00, 0x00, 0x00, 0x00, 0x00, 0x0B,
    0x40, 0x00, 0xFC, 0x00, 0x0B, 0x40, 0xFF, 0xFF, 0xFE, 0xAA, 0xAF, 0x00, 0x03, 0xC0, 0x00, 0xF0, 0x00, 0x3C, 0x00,
    0x0F, 0x00, 0x03, 0xFF, 0xFC, 0xFA, 0xAA, 0x3C, 0x00, 0x0F, 0x00, 0x03, 0xC0, 0x00, 0xF0, 0x00, 0x3C, 0x00, 0x0F,
    0xAA, 0xAB, 0xFF, 0xFF, 0x00, 0x00, 0x00, 0x00, 0x00, 0x1D, 0x00, 0x0F, 0xC0, 0x02, 0xE0, 0x00, 0x02, 0xFD, 0x00,
    0xFF, 0xF8, 0x3D, 0x02, 0xD3, 0xC0, 0x0E, 0x38, 0x00, 0xF3, 0xFF, 0xFF, 0x3E, 0xAA, 0xA3, 0x80, 0x00, 0x3C, 0x00,
    0x03, 0xD0, 0x2E, 0x0F, 0xEF, 0xC0, 0x2F, 0xE0, 0x00, 0x00, 0x00, 0x00, 0x00, 0x00, 0xB4, 0x00, 0x0F, 0x80, 0x00,
    0xF4, 0x00, 0x06, 0x90, 0x01, 0xFD, 0x00, 0x03, 0x40, 0x02, 0xC0, 0x00, 0x50, 0x00, 0x00, 0x0F, 0xFF, 0xFF, 0xEA,
    0xAA, 0xF0, 0x00, 0x3C, 0x00, 0x0F, 0x00, 0x03, 0xC0, 0x00, 0xF0, 0x00, 0x3F, 0xFF, 0xCF, 0xAA, 0xA3, 0xC0, 0x00,
    0xF0, 0x00, 0x3C, 0x00, 0x0F, 0x00, 0x03, 0xC0, 0x00, 0xFA, 0xAA, 0xBF, 0xFF, 0xF0, 0x01, 0xA4, 0x00, 0x2F, 0xD0,
    0x00, 0x1D, 0x00, 0x03, 0xC0, 0x00, 0x10, 0x00, 0x00, 0x00, 0x02, 0xFD, 0x00, 0xFF, 0xF8, 0x3D, 0x02, 0xD3, 0xC0,
    0x0E, 0x38, 0x00, 0xF3, 0xFF, 0xFF, 0x3E, 0xAA, 0xA3, 0x80, 0x00, 0x3C, 0x00, 0x03, 0xD0, 0x2E, 0x0F, 0xEF, 0xC0,
    0x2F, 0xE0, 0x00, 0x00, 0x03, 0xD2, 0xC2, 0x9D, 0xB0, 0xE1, 0xF4, 0x00, 0x00, 0x00, 0x00, 0x0F, 0xFF, 0xFF, 0xEA,
    0xAA, 0xF0, 0x00, 0x3C, 0x00, 0x0F, 0x00, 0x03, 0xC0, 0x00, 0xF0, 0x00, 0x3F, 0xFF, 0xCF, 0xAA, 0xA3, 0xC0, 0x00,
    0xF0, 0x00, 0x3C, 0x00, 0x0F, 0x00, 0x03, 0xC0, 0x00, 0xFA, 0xAA, 0xBF, 0xFF, 0xF0, 0x00, 0x00, 0x00, 0x7C, 0x28,
    0x0E, 0xB3, 0x80, 0xD2, 0xF0, 0x00, 0x00, 0x00, 0x00, 0x00, 0x02, 0xFD, 0x00, 0xFF, 0xF8, 0x3D, 0x02, 0xD3, 0xC0,
    0x0E, 0x38, 0x00, 0xF3, 0xFF, 0xFF, 0x3E, 0xAA, 0xA3, 0x80, 0x00, 0x3C, 0x00, 0x03, 0xD0, 0x2E, 0x0F, 0xEF, 0xC0,
    0x2F, 0xE0, 0x00, 0x00, 0x78, 0x00, 0x01, 0xE0, 0x03, 0xF1, 0x40, 0x0F, 0xBC, 0x00, 0x2D, 0x1F, 0x00, 0x00, 0x00,
    0x00, 0xFF, 0xFF, 0xC0, 0xFA, 0xAA, 0x80, 0xF0, 0x00, 0x00, 0xF0, 0x00, 0x00, 0xF0, 0x00, 0x00, 0xF0, 0x00, 0x00,
    0xF0, 0x00, 0x00, 0xFF, 0xFF, 0x00, 0xFA, 0xAA, 0x00, 0xF0, 0x00, 0x00, 0xF0, 0x00, 0x00, 0xF0, 0x00, 0x00, 0xF0,
    0x00, 0x00, 0xF0, 0x00, 0x00, 0xFA, 0xAA, 0x80, 0xFF, 0xFF, 0xC0, 0x00, 0x00, 0x05, 0x00, 0x00, 0x0F, 0x40, 0x00,
    0x0B, 0x40, 0x03, 0xE1, 0x40, 0x03, 0xEE, 0x00, 0x03, 0xC2, 0xE0, 0x00, 0x00, 0x00, 0x00, 0x00, 0x00, 0x00, 0x02,
    0xFD, 0x00, 0x03, 0xFF, 0xE0, 0x03, 0xD0, 0x2D, 0x00, 0xF0, 0x03, 0x80, 0x38, 0x00, 0xF0, 0x0F, 0xFF, 0xFC, 0x03,
    0xEA, 0xAA, 0x00, 0xE0, 0x00, 0x00, 0x3C, 0x00, 0x00, 0x0F, 0x40, 0xB8, 0x00, 0xFE, 0xFC, 0x00, 0x0B, 0xF8, 0x00,
    0x00, 0x1E, 0x00, 0x00, 0x78, 0x02, 0xE1, 0x40, 0xBB, 0xC0, 0x2D, 0x1F, 0x00, 0x00, 0x00, 0xFF, 0xFF, 0xCF, 0xAA,
    0xA8, 0xF0, 0x00, 0x0F, 0x00, 0x00, 0xF0, 0x00, 0x0F, 0x00, 0x00, 0xF0, 0x00, 0x0F, 0xFF, 0xF0, 0xFA, 0xAA, 0x0F,
    0x00, 0x00, 0xF0, 0x00, 0x0F, 0x00, 0x00, 0xF0, 0x00, 0x0F, 0x00, 0x00, 0xFA, 0xAA, 0x8F, 0xFF, 0xFC, 0x00, 0x0B,
    0x40, 0x00, 0x0F, 0x40, 0x0B, 0x4A, 0x00, 0xFB, 0x40, 0x0F, 0x0B, 0x80, 0x00, 0x00, 0x00, 0x00, 0x00, 0x00, 0xBF,
    0x40, 0x0F, 0xFF, 0x80, 0xF4, 0x0B, 0x43, 0xC0, 0x0E, 0x0E, 0x00, 0x3C, 0x3F, 0xFF, 0xF0, 0xFA, 0xAA, 0x83, 0x80,
    0x00, 0x0F, 0x00, 0x00, 0x3D, 0x02, 0xE0, 0x3F, 0xBF, 0x00, 0x2F, 0xE0, 0x00, 0x00, 0x06, 0x80, 0x00, 0xBE, 0x00,
    0x00, 0xE0, 0x3F, 0x18, 0x0F, 0xBC, 0x02, 0xD1, 0xF0, 0x00, 0x00, 0x0F, 0xFF, 0xFC, 0xFA, 0xAA, 0x8F, 0x00, 0x00,
    0xF0, 0x00, 0x0F, 0x00, 0x00, 0xF0, 0x00, 0x0F, 0x00, 0x00, 0xFF, 0xFF, 0x0F, 0xAA, 0xA0, 0xF0, 0x00, 0x0F, 0x00,
    0x00, 0xF0, 0x00, 0x0F, 0x00, 0x00, 0xF0, 0x00, 0x0F, 0xAA, 0xA8, 0xFF, 0xFF, 0xC0, 0x00, 0x02, 0x90, 0x00, 0x0B,
    0xD0, 0x00, 0x03, 0x40, 0x00, 0x1C, 0x00, 0xF8, 0x50, 0x0F, 0xB8, 0x00, 0xF0, 0xB8, 0x00, 0x00, 0x00, 0x00, 0x00,
    0x00, 0x0B, 0xF4, 0x00, 0xFF, 0xF8, 0x0F, 0x40, 0xB4, 0x3C, 0x00, 0xE0, 0xE0, 0x03, 0xC3, 0xFF, 0xFF, 0x0F, 0xAA,
    0xA8, 0x38, 0x00, 0x00, 0xF0, 0x00, 0x03, 0xD0, 0x2E, 0x03, 0xFB, 0xF0, 0x02, 0xFE, 0x00, 0x1F, 0x86, 0x09, 0x2F,
    0x40, 0x15, 0x00, 0x2E, 0xE0, 0x2D, 0x1E, 0x00, 0x00, 0x0F, 0xFF, 0xFF, 0xEA, 0xAA, 0xF0, 0x00, 0x3C, 0x00, 0x0F,
    0x00, 0x03, 0xC0, 0x00, 0xF0, 0x00, 0x3F, 0xFF, 0xCF, 0xAA, 0xA3, 0xC0, 0x00, 0xF0, 0x00, 0x3C, 0x00, 0x0F, 0x00,
    0x03, 0xC0, 0x00, 0xFA, 0xAA, 0xBF, 0xFF, 0xF0, 0x07, 0xE3, 0x80, 0xD3, 0xF4, 0x00, 0x10, 0x00, 0x1F, 0xC0, 0x07,
    0xDF, 0x00, 0xA0, 0x24, 0x00, 0x00, 0x00, 0x00, 0x00, 0x02, 0xFD, 0x00, 0xFF, 0xF8, 0x3D, 0x02, 0xD3, 0xC0, 0x0E,
    0x38, 0x00, 0xF3, 0xFF, 0xFF, 0x3E, 0xAA, 0xA3, 0x80, 0x00, 0x3C, 0x00, 0x03, 0xD0, 0x2E, 0x0F, 0xEF, 0xC0, 0x2F,
    0xE0, 0x03, 0xF0, 0x03, 0xEF, 0x03, 0xD1, 0xF0, 0x00, 0x00, 0xFF, 0xFF, 0xFE, 0xAA, 0xAF, 0x00, 0x03, 0xC0, 0x00,
    0xF0, 0x00, 0x3C, 0x00, 0x0F, 0x00, 0x03, 0xFF, 0xFC, 0xFA, 0xAA, 0x3C, 0x00, 0x0F, 0x00, 0x03, 0xC0, 0x00, 0xF0,
    0x00, 0x3C, 0x00, 0x0F, 0xAA, 0xAB, 0xFF, 0xFF, 0x00, 0x00, 0x00, 0x00, 0x00, 0x1D, 0x00, 0x0F, 0xC0, 0x02, 0xE0,
    0x00, 0x00, 0xF8, 0x00, 0x3E, 0xE0, 0x0F, 0x0B, 0x80, 0x00, 0x00, 0x00, 0x00, 0x00, 0x2F, 0xD0, 0x0F, 0xFF, 0x83,
    0xD0, 0x2D, 0x3C, 0x00, 0xE3, 0x80, 0x0F, 0x3F, 0xFF, 0xF3, 0xEA, 0xAA, 0x38, 0x00, 0x03, 0xC0, 0x00, 0x3D, 0x02,
    0xE0, 0xFE, 0xFC, 0x02, 0xFE, 0x00, 0x00, 0x00, 0x00, 0x00, 0x00, 0x0B, 0x40, 0x00, 0xF8, 0x00, 0x0F, 0x40, 0x06,
    0x90, 0x02, 0xFC, 0x00, 0x07, 0x00, 0x03, 0xC0, 0x00, 0x40, 0x00, 0x00, 0x0F, 0xFF, 0xF6, 0xAF, 0xE9, 0x02, 0xD0,
    0x00, 0xB4, 0x00, 0x2D, 0x00, 0x0B, 0x40, 0x02, 0xD0, 0x00, 0xB4, 0x00, 0x2D, 0x00, 0x0B, 0x40, 0x02, 0xD0, 0x00,
    0xB4, 0x00, 0x2D, 0x00, 0x0B, 0x40, 0xAB, 0xFA, 0x7F, 0xFF, 0xD0, 0x00, 0xA8, 0x00, 0x07, 0xF8, 0x00, 0x00, 0xE0,
    0x00, 0x07, 0x00, 0x00, 0x14, 0x00, 0x00, 0x00, 0x03, 0xFF, 0xC0, 0x0A, 0xBF, 0x00, 0x00, 0x3C, 0x00, 0x00, 0xF0,
    0x00, 0x03, 0xC0, 0x00, 0x0F, 0x00, 0x00, 0x3C, 0x00, 0x00, 0xF0, 0x00, 0x03, 0xC0, 0x00, 0x0F, 0x00, 0x2A, 0xFE,
    0xA4, 0xFF, 0xFF, 0xE0, 0xFF, 0xFF, 0x6A, 0xFE, 0x90, 0x2D, 0x00, 0x0B, 0x40, 0x02, 0xD0, 0x00, 0xB4, 0x00, 0x2D,
    0x00, 0x0B, 0x40, 0x02, 0xD0, 0x00, 0xB4, 0x00, 0x2D, 0x00, 0x0B, 0x40, 0x02, 0xD0, 0x00, 0xB4, 0x0A, 0xBF, 0xA7,
    0xFF, 0xFD, 0x00, 0x00, 0x00, 0x00, 0x00, 0x2D, 0x00, 0x0F, 0x80, 0x03, 0xD0, 0x00, 0x00, 0x78, 0x00, 0x03, 0xF0,
    0x00, 0x07, 0x80, 0x00, 0x00, 0x00, 0x00, 0x00, 0x00, 0xFF, 0xF0, 0x02, 0xAF, 0xC0, 0x00, 0x0F, 0x00, 0x00, 0x3C,
    0x00, 0x00, 0xF0, 0x00, 0x03, 0xC0, 0x00, 0x0F, 0x00, 0x00, 0x3C, 0x00, 0x00, 0xF0, 0x00, 0x03, 0xC0, 0x0A, 0xBF,
    0xA9, 0x3F, 0xFF, 0xF8, 0x00, 0x00, 0x00, 0x00, 0x00, 0x00, 0x1E, 0x00, 0x00, 0xFC, 0x00, 0x01, 0xE0, 0x00, 0x02,
    0xFE, 0x00, 0xFF, 0xF8, 0x3D, 0x03, 0xD3, 0xC0, 0x1E, 0x38, 0x00, 0xE3, 0x80, 0x0F, 0x38, 0x00, 0xF3, 0x80, 0x0F,
    0x38, 0x00, 0xF3, 0x80, 0x0F, 0x38, 0x00, 0xF3, 0x80, 0x0E, 0x3C, 0x01, 0xE3, 0xD0, 0x3D, 0x0F, 0xFF, 0x80, 0x2F,
    0xE0, 0x00, 0x00, 0x00, 0x00, 0x00, 0x00, 0xB4, 0x00, 0x0F, 0x80, 0x00, 0xF4, 0x00, 0x02, 0xFE, 0x01, 0xFF, 0xFC,
    0x3D, 0x02, 0xD3, 0xC0, 0x0E, 0x38, 0x00, 0xF3, 0x80, 0x0F, 0x38, 0x00, 0xF3, 0x80, 0x0F, 0x3C, 0x00, 0xE3, 0xD0,
    0x2D, 0x1F, 0xFF, 0xC0, 0x2F, 0xE0, 0x00, 0x00, 0x00, 0x00, 0x00, 0x00, 0xB4, 0x00, 0x0F, 0x80, 0x00, 0xF4, 0x00,
    0x01, 0xA4, 0x00, 0x2F, 0xC0, 0x00, 0x1C, 0x00, 0x03, 0xC0, 0x00, 0x10, 0x00, 0x00, 0x00, 0x02, 0xFE, 0x00, 0xFF,
    0xF8, 0x3D, 0x03, 0xD3, 0xC0, 0x1E, 0x38, 0x00, 0xE3, 0x80, 0x0F, 0x38, 0x00, 0xF3, 0x80, 0x0F, 0x38, 0x00, 0xF3,
    0x80, 0x0F, 0x38, 0x00, 0xF3, 0x80, 0x0E, 0x3C, 0x01, 0xE3, 0xD0, 0x3D, 0x0F, 0xFF, 0x80, 0x2F, 0xE0, 0x01, 0xA4,
    0x00, 0x2F, 0xD0, 0x00, 0x1D, 0x00, 0x03, 0xC0, 0x00, 0x10, 0x00, 0x00, 0x00, 0x02, 0xFE, 0x01, 0xFF, 0xFC, 0x3D,
    0x02, 0xD3, 0xC0, 0x0E, 0x38, 0x00, 0xF3, 0x80, 0x0F, 0x38, 0x00, 0xF3, 0x80, 0x0F, 0x3C, 0x00, 0xE3, 0xD0, 0x2D,
    0x1F, 0xFF, 0xC0, 0x2F, 0xE0, 0x00, 0x00, 0x2D, 0x00, 0x00, 0xB8, 0x00, 0xF8, 0x90, 0x03, 0xEE, 0x00, 0x0F, 0x0B,
    0x80, 0x00, 0x00, 0x00, 0x02, 0xFE, 0x00, 0x0F, 0xFF, 0x80, 0x3D, 0x03, 0xD0, 0x3C, 0x01, 0xE0, 0x38, 0x00, 0xE0,
    0x38, 0x00, 0xF0, 0x38, 0x00, 0xF0, 0x38, 0x00, 0xF0, 0x38, 0x00, 0xF0, 0x38, 0x00, 0xF0, 0x38, 0x00, 0xF0, 0x38,
    0x00, 0xE0, 0x3C, 0x01, 0xE0, 0x3D, 0x03, 0xD0, 0x0F, 0xFF, 0x80, 0x02, 0xFE, 0x00, 0x00, 0x00, 0x05, 0x00, 0x00,
    0x0F, 0x40, 0x00, 0x0B, 0x40, 0x03, 0xE1, 0x40, 0x03, 0xEE, 0x00, 0x03, 0xC2, 0xE0, 0x00, 0x00, 0x00, 0x00, 0x00,
    0x00, 0x00, 0x02, 0xFE, 0x00, 0x07, 0xFF, 0xF0, 0x03, 0xD0, 0x2D, 0x00, 0xF0, 0x03, 0x80, 0x38, 0x00, 0xF0, 0x0E,
    0x00, 0x3C, 0x03, 0x80, 0x0F, 0x00, 0xE0, 0x03, 0xC0, 0x3C, 0x00, 0xE0, 0x0F, 0x40, 0xB4, 0x01, 0xFF, 0xFC, 0x00,
    0x0B, 0xF8, 0x00, 0x00, 0x0B, 0x40, 0x00, 0x0B, 0x40, 0x0F, 0x85, 0x00, 0xFB, 0x80, 0x0F, 0x0B, 0x80, 0x00, 0x00,
    0x00, 0x2F, 0xE0, 0x03, 0xFF, 0xE0, 0x3D, 0x03, 0xD0, 0xF0, 0x07, 0x83, 0x80, 0x0E, 0x0E, 0x00, 0x3C, 0x38, 0x00,
    0xF0, 0xE0, 0x03, 0xC3, 0x80, 0x0F, 0x0E, 0x00, 0x3C, 0x38, 0x00, 0xF0, 0xE0, 0x03, 0x83, 0xC0, 0x1E, 0x0F, 0x40,
    0xF4, 0x0F, 0xFF, 0x80, 0x0B, 0xF8, 0x00, 0x00, 0x0B, 0x40, 0x00, 0x0F, 0x40, 0x0B, 0x4A, 0x00, 0xFB, 0x40, 0x0F,
    0x0B, 0x80, 0x00, 0x00, 0x00, 0x00, 0x00, 0x00, 0xBF, 0x80, 0x1F, 0xFF, 0xC0, 0xF4, 0x0B, 0x43, 0xC0, 0x0E, 0x0E,
    0x00, 0x3C, 0x38, 0x00, 0xF0, 0xE0, 0x03, 0xC3, 0x80, 0x0F, 0x0F, 0x00, 0x38, 0x3D, 0x02, 0xD0, 0x7F, 0xFF, 0x00,
    0x2F, 0xE0, 0x00, 0x00, 0x02, 0xA0, 0x00, 0x0B, 0xD0, 0x00, 0x03, 0x40, 0x3E, 0x28, 0x03, 0xEE, 0x00, 0x3C, 0x2E,
    0x00, 0x00, 0x00, 0x00, 0xBF, 0x80, 0x0F, 0xFF, 0x80, 0xF4, 0x0F, 0x43, 0xC0, 0x1E, 0x0E, 0x00, 0x38, 0x38, 0x00,
    0xF0, 0xE0, 0x03, 0xC3, 0x80, 0x0F, 0x0E, 0x00, 0x3C, 0x38, 0x00, 0xF0, 0xE0, 0x03, 0xC3, 0x80, 0x0E, 0x0F, 0x00,
    0x78, 0x3D, 0x03, 0xD0, 0x3F, 0xFE, 0x00, 0x2F, 0xE0, 0x00, 0x00, 0x02, 0x90, 0x00, 0x0B, 0xD0, 0x00, 0x03, 0x40,
    0x00, 0x1C, 0x00, 0xF8, 0x50, 0x0F, 0xB8, 0x00, 0xF0, 0xB8, 0x00, 0x00, 0x00, 0x00, 0x00, 0x00, 0x0B, 0xF8, 0x01,
    0xFF, 0xFC, 0x0F, 0x40, 0xB4, 0x3C, 0x00, 0xE0, 0xE0, 0x03, 0xC3, 0x80, 0x0F, 0x0E, 0x00, 0x3C, 0x38, 0x00, 0xF0,
    0xF0, 0x03, 0x83, 0xD0, 0x2D, 0x07, 0xFF, 0xF0, 0x02, 0xFE, 0x00, 0x0B, 0xE2, 0x80, 0xD2, 0xF4, 0x00, 0x54, 0x00,
    0x3E, 0xE0, 0x0F, 0x0B, 0x80, 0x00, 0x00, 0x02, 0xFE, 0x00, 0xFF, 0xF8, 0x3D, 0x03, 0xD3, 0xC0, 0x1E, 0x38, 0x00,
    0xE3, 0x80, 0x0F, 0x38, 0x00, 0xF3, 0x80, 0x0F, 0x38, 0x00, 0xF3, 0x80, 0x0F, 0x38, 0x00, 0xF3, 0x80, 0x0E, 0x3C,
    0x01, 0xE3, 0xD0, 0x3D, 0x0F, 0xFF, 0x80, 0x2F, 0xE0, 0x07, 0xE3, 0x80, 0xD3, 0xF4, 0x00, 0x10, 0x00, 0x1F, 0xC0,
    0x07, 0xDF, 0x00, 0xA0, 0x24, 0x00, 0x00, 0x00, 0x00, 0x00, 0x02, 0xFE, 0x01, 0xFF, 0xFC, 0x3D, 0x02, 0xD3, 0xC0,
    0x0E, 0x38, 0x00, 0xF3, 0x80, 0x0F, 0x38, 0x00, 0xF3, 0x80, 0x0F, 0x3C, 0x00, 0xE3, 0xD0, 0x2D, 0x1F, 0xFF, 0xC0,
    0x2F, 0xE0, 0x00, 0xF8, 0x00, 0x3E, 0xE0, 0x0F, 0x0B, 0x80, 0x00, 0x00, 0x02, 0xFE, 0x00, 0xFF, 0xF8, 0x3D, 0x03,
    0xD3, 0xC0, 0x1E, 0x38, 0x00, 0xE3, 0x80, 0x0F, 0x38, 0x00, 0xF3, 0x80, 0x0F, 0x38, 0x00, 0xF3, 0x80, 0x0F, 0x38,
    0x00, 0xF3, 0x80, 0x0E, 0x3C, 0x01, 0xE3, 0xD0, 0x3D, 0x0F, 0xFF, 0x80, 0x2F, 0xE0, 0x00, 0x00, 0x00, 0x00, 0x00,
    0x00, 0xB4, 0x00, 0x0F, 0x80, 0x00, 0xF4, 0x00, 0x00, 0xF8, 0x00, 0x3E, 0xE0, 0x0F, 0x0B, 0x80, 0x00, 0x00, 0x00,
    0x00, 0x00, 0x2F, 0xE0, 0x1F, 0xFF, 0xC3, 0xD0, 0x2D, 0x3C, 0x00, 0xE3, 0x80, 0x0F, 0x38, 0x00, 0xF3, 0x80, 0x0F,
    0x38, 0x00, 0xF3, 0xC0, 0x0E, 0x3D, 0x02, 0xD1, 0xFF, 0xFC, 0x02, 0xFE, 0x00, 0x00, 0x00, 0x00, 0x00, 0x00, 0x0B,
    0x40, 0x00, 0xF8, 0x00, 0x0F, 0x40, 0x00, 0x1E, 0x00, 0x00, 0xF0, 0x00, 0x0F, 0x02, 0x00, 0x00, 0x1C, 0x02, 0xFD,
    0xB0, 0x3F, 0xFF, 0x83, 0xD0, 0x3D, 0x0F, 0x00, 0x78, 0x38, 0x00, 0xE0, 0xE0, 0x03, 0xC3, 0x80, 0x0F, 0x0E, 0x00,
    0x3C, 0x38, 0x00, 0xF0, 0xE0, 0x03, 0xC3, 0x80, 0x0F, 0x0E, 0x00, 0x38, 0x3C, 0x01, 0xE0, 0xF4, 0x0F, 0x40, 0xFF,
    0xFC, 0x00, 0xBF, 0x80, 0x00, 0x1E, 0x00, 0x00, 0xF0, 0x00, 0x0F, 0x00, 0x00, 0x00, 0x0D, 0x00, 0x00, 0x74, 0x0B,
    0xFF, 0xC1, 0xFF, 0xFE, 0x0F, 0x40, 0xB4, 0x3C, 0x00, 0xE0, 0xE0, 0x03, 0xC3, 0x80, 0x0F, 0x0E, 0x00, 0x3C, 0x38,
    0x00, 0xF0, 0xF0, 0x03, 0x83, 0xD0, 0x2D, 0x07, 0xFF, 0xF0, 0x02, 0xFE, 0x00, 0x0B, 0x40, 0x00, 0x0F, 0x40, 0x00,
    0x0F, 0x02, 0x00, 0x00, 0x1C, 0x02, 0xFD, 0xB0, 0x3F, 0xFF, 0x83, 0xD0, 0x3D, 0x0F, 0x00, 0x78, 0x38, 0x00, 0xE0,
    0xE0, 0x03, 0xC3, 0x80, 0x0F, 0x0E, 0x00, 0x3C, 0x38, 0x00, 0xF0, 0xE0, 0x03, 0xC3, 0x80, 0x0F, 0x0E, 0x00, 0x38,
    0x3C, 0x01, 0xE0, 0xF4, 0x0F, 0x40, 0xFF, 0xFC, 0x00, 0xBF, 0x80, 0x0B, 0x40, 0x00, 0x0F, 0x40, 0x00, 0x0F, 0x00,
    0x00, 0x00, 0x0D, 0x00, 0x00, 0x74, 0x0B, 0xFF, 0xC1, 0xFF, 0xFE, 0x0F, 0x40, 0xB4, 0x3C, 0x00, 0xE0, 0xE0, 0x03,
    0xC3, 0x80, 0x0F, 0x0E, 0x00, 0x3C, 0x38, 0x00, 0xF0, 0xF0, 0x03, 0x83, 0xD0, 0x2D, 0x07, 0xFF, 0xF0, 0x02, 0xFE,
    0x00, 0x02, 0xA0, 0x00, 0x0F, 0xF0, 0x00, 0x02, 0xC0, 0x00, 0x0E, 0x00, 0x00, 0x50, 0x20, 0x00, 0x01, 0xC0, 0x2F,
    0xDB, 0x03, 0xFF, 0xF8, 0x3D, 0x03, 0xD0, 0xF0, 0x07, 0x83, 0x80, 0x0E, 0x0E, 0x00, 0x3C, 0x38, 0x00, 0xF0, 0xE0,
    0x03, 0xC3, 0x80, 0x0F, 0x0E, 0x00, 0x3C, 0x38, 0x00, 0xF0, 0xE0, 0x03, 0x83, 0xC0, 0x1E, 0x0F, 0x40, 0xF4, 0x0F,
    0xFF, 0xC0, 0x0B, 0xF8, 0x00, 0x02, 0xA4, 0x00, 0x0F, 0xF0, 0x00, 0x02, 0xC0, 0x00, 0x0E, 0x00, 0x00, 0x50, 0x34,
    0x00, 0x01, 0xD0, 0x2F, 0xFF, 0x07, 0xFF, 0xF8, 0x3D, 0x02, 0xD0, 0xF0, 0x03, 0x83, 0x80, 0x0F, 0x0E, 0x00, 0x3C,
    0x38, 0x00, 0xF0, 0xE0, 0x03, 0xC3, 0xC0, 0x0E, 0x0F, 0x40, 0xB4, 0x1F, 0xFF, 0xC0, 0x0B, 0xF8, 0x00, 0x00, 0x00,
    0x00, 0x2F, 0x0D, 0x00, 0xDA, 0x34, 0x07, 0x0F, 0xC0, 0x00, 0x00, 0x20, 0x00, 0x01, 0xC0, 0x2F, 0xDB, 0x03, 0xFF,
    0xF8, 0x3D, 0x03, 0xD0, 0xF0, 0x07, 0x83, 0x80, 0x0E, 0x0E, 0x00, 0x3C, 0x38, 0x00, 0xF0, 0xE0, 0x03, 0xC3, 0x80,
    0x0F, 0x0E, 0x00, 0x3C, 0x38, 0x00, 0xF0, 0xE0, 0x03, 0x83, 0xC0, 0x1E, 0x0F, 0x40, 0xF4, 0x0F, 0xFF, 0xC0, 0x0B,
    0xF8, 0x00, 0x00, 0x00, 0x00, 0x2F, 0x0D, 0x00, 0xDA, 0x34, 0x07, 0x0F, 0xC0, 0x00, 0x00, 0x34, 0x00, 0x01, 0xD0,
    0x2F, 0xFF, 0x07, 0xFF, 0xF8, 0x3D, 0x02, 0xD0, 0xF0, 0x03, 0x83, 0x80, 0x0F, 0x0E, 0x00, 0x3C, 0x38, 0x00, 0xF0,
    0xE0, 0x03, 0xC3, 0xC0, 0x0E, 0x0F, 0x40, 0xB4, 0x1F, 0xFF, 0xC0, 0x0B, 0xF8, 0x00, 0x00, 0x00, 0x20, 0x00, 0x01,
    0xC0, 0x2F, 0xDB, 0x03, 0xFF, 0xF8, 0x3D, 0x03, 0xD0, 0xF0, 0x07, 0x83, 0x80, 0x0E, 0x0E, 0x00, 0x3C, 0x38, 0x00,
    0xF0, 0xE0, 0x03, 0xC3, 0x80, 0x0F, 0x0E, 0x00, 0x3C, 0x38, 0x00, 0xF0, 0xE0, 0x03, 0x83, 0xC0, 0x1E, 0x0F, 0x40,
    0xF4, 0x0F, 0xFF, 0xC0, 0x0B, 0xF8, 0x00, 0x00, 0x00, 0x00, 0x00, 0x00, 0x00, 0xB4, 0x00, 0x03, 0xE0, 0x00, 0x0F,
    0x40, 0x00, 0x00, 0x00, 0x34, 0x00, 0x01, 0xD0, 0x2F, 0xFF, 0x07, 0xFF, 0xF8, 0x3D, 0x02, 0xD0, 0xF0, 0x03, 0x83,
    0x80, 0x0F, 0x0E, 0x00, 0x3C, 0x38, 0x00, 0xF0, 0xE0, 0x03, 0xC3, 0xC0, 0x0E, 0x0F, 0x40, 0xB4, 0x1F, 0xFF, 0xC0,
    0x0B, 0xF8, 0x00, 0x00, 0x00, 0x00, 0x00, 0x00, 0x00, 0xB4, 0x00, 0x03, 0xE0, 0x00, 0x0F, 0x40, 0x00, 0x3C, 0x00,
    0xE3, 0xC0, 0x0E, 0x3C, 0x00, 0xE3, 0xC0, 0x0E, 0x3C, 0x00, 0xE3, 0xC0, 0x0E, 0x3C, 0x00, 0xE3, 0xC0, 0x0E, 0x3C,
    0x00, 0xE3, 0xC0, 0x0E, 0x3C, 0x00, 0xE3, 0xC0, 0x0E, 0x3C, 0x01, 0xE2, 0xD0, 0x3D, 0x0F, 0xFF, 0xC0, 0x2F, 0xE0,
    0x00, 0x00, 0x00, 0x00, 0x00, 0x00, 0xB4, 0x00, 0x0F, 0x80, 0x00, 0xF4, 0x00, 0x3C, 0x00, 0xE3, 0xC0, 0x0E, 0x3C,
    0x00, 0xE3, 0xC0, 0x0E, 0x3C, 0x00, 0xE3, 0xC0, 0x0E, 0x3C, 0x00, 0xE3, 0xC0, 0x0E, 0x3C, 0x01, 0xE2, 0xE0, 0x3D,
    0x0F, 0xFF, 0x80, 0x2F, 0xD0, 0x00, 0x00, 0x00, 0x00, 0x00, 0x00, 0xB4, 0x00, 0x0F, 0x80, 0x00, 0xF4, 0x00, 0x01,
    0xA4, 0x00, 0x2F, 0xC0, 0x00, 0x1C, 0x00, 0x03, 0xC0, 0x00, 0x10, 0x00, 0x00, 0x00, 0x3C, 0x00, 0xE3, 0xC0, 0x0E,
    0x3C, 0x00, 0xE3, 0xC0, 0x0E, 0x3C, 0x00, 0xE3, 0xC0, 0x0E, 0x3C, 0x00, 0xE3, 0xC0, 0x0E, 0x3C, 0x00, 0xE3, 0xC0,
    0x0E, 0x3C, 0x00, 0xE3, 0xC0, 0x0E, 0x3C, 0x01, 0xE2, 0xD0, 0x3D, 0x0F, 0xFF, 0xC0, 0x2F, 0xE0, 0x01, 0xA4, 0x00,
    0x2F, 0xD0, 0x00, 0x1D, 0x00, 0x03, 0xC0, 0x00, 0x10, 0x00, 0x00, 0x00, 0x3C, 0x00, 0xE3, 0xC0, 0x0E, 0x3C, 0x00,
    0xE3, 0xC0, 0x0E, 0x3C, 0x00, 0xE3, 0xC0, 0x0E, 0x3C, 0x00, 0xE3, 0xC0, 0x0E, 0x3C, 0x01, 0xE2, 0xE0, 0x3D, 0x0F,
    0xFF, 0x80, 0x2F, 0xD0, 0x00, 0x0F, 0x00, 0x00, 0x3C, 0x00, 0x00, 0xB4, 0x0E, 0x00, 0x00, 0x0D, 0x3C, 0x00, 0xFC,
    0x3C, 0x00, 0xF0, 0x3C, 0x00, 0xE0, 0x3C, 0x00, 0xE0, 0x3C, 0x00, 0xE0, 0x3C, 0x00, 0xE0, 0x3C, 0x00, 0xE0, 0x3C,
    0x00, 0xE0, 0x3C, 0x00, 0xE0, 0x3C, 0x00, 0xE0, 0x3C, 0x00, 0xE0, 0x3C, 0x00, 0xE0, 0x3C, 0x01, 0xE0, 0x2D, 0x03,
    0xD0, 0x0F, 0xFF, 0xC0, 0x02, 0xFE, 0x00, 0x00, 0x0F, 0x00, 0x00, 0x3C, 0x00, 0x00, 0xB4, 0x05, 0x00, 0x00, 0x0E,
    0x00, 0x00, 0x0E, 0x3C, 0x00, 0xFD, 0x3C, 0x00, 0xF8, 0x3C, 0x00, 0xE0, 0x3C, 0x00, 0xE0, 0x3C, 0x00, 0xE0, 0x3C,
    0x00, 0xE0, 0x3C, 0x00, 0xE0, 0x3C, 0x00, 0xE0, 0x3C, 0x01, 0xE0, 0x2E, 0x03, 0xD0, 0x0F, 0xFF, 0x80, 0x02, 0xFD,
    0x00, 0x07, 0x80, 0x00, 0x02, 0xD0, 0x00, 0x00, 0xF0, 0x0E, 0x00, 0x00, 0x0D, 0x3C, 0x00, 0xFC, 0x3C, 0x00, 0xF0,
    0x3C, 0x00, 0xE0, 0x3C, 0x00, 0xE0, 0x3C, 0x00, 0xE0, 0x3C, 0x00, 0xE0, 0x3C, 0x00, 0xE0, 0x3C, 0x00, 0xE0, 0x3C,
    0x00, 0xE0, 0x3C, 0x00, 0xE0, 0x3C, 0x00, 0xE0, 0x3C, 0x00, 0xE0, 0x3C, 0x01, 0xE0, 0x2D, 0x03, 0xD0, 0x0F, 0xFF,
    0xC0, 0x02, 0xFE, 0x00, 0x07, 0x80, 0x00, 0x02, 0xD0, 0x00, 0x00, 0xF0, 0x05, 0x00, 0x00, 0x0E, 0x00, 0x00, 0x0E,
    0x3C, 0x00, 0xFD, 0x3C, 0x00, 0xF8, 0x3C, 0x00, 0xE0, 0x3C, 0x00, 0xE0, 0x3C, 0x00, 0xE0, 0x3C, 0x00, 0xE0, 0x3C,
    0x00, 0xE0, 0x3C, 0x00, 0xE0, 0x3C, 0x01, 0xE0, 0x2E, 0x03, 0xD0, 0x0F, 0xFF, 0x80, 0x02, 0xFD, 0x00, 0x01, 0xA4,
    0x00, 0x02, 0xFC, 0x00, 0x00, 0x1C, 0x00, 0x00, 0x3C, 0x00, 0x00, 0x10, 0x0E, 0x00, 0x00, 0x0D, 0x3C, 0x00, 0xFC,
    0x3C, 0x00, 0xF0, 0x3C, 0x00, 0xE0, 0x3C, 0x00, 0xE0, 0x3C, 0x00, 0xE0, 0x3C, 0x00, 0xE0, 0x3C, 0x00, 0xE0, 0x3C,
    0x00, 0xE0, 0x3C, 0x00, 0xE0, 0x3C, 0x00, 0xE0, 0x3C, 0x00, 0xE0, 0x3C, 0x00, 0xE0, 0x3C, 0x01, 0xE0, 0x2D, 0x03,
    0xD0, 0x0F, 0xFF, 0xC0, 0x02, 0xFE, 0x00, 0x01, 0xA4, 0x00, 0x02, 0xFD, 0x00, 0x00, 0x1D, 0x00, 0x00, 0x3C, 0x05,
    0x00, 0x10, 0x0E, 0x00, 0x00, 0x0E, 0x3C, 0x00, 0xFD, 0x3C, 0x00, 0xF8, 0x3C, 0x00, 0xE0, 0x3C, 0x00, 0xE0, 0x3C,
    0x00, 0xE0, 0x3C, 0x00, 0xE0, 0x3C, 0x00, 0xE0, 0x3C, 0x00, 0xE0, 0x3C, 0x01, 0xE0, 0x2E, 0x03, 0xD0, 0x0F, 0xFF,
    0x80, 0x02, 0xFD, 0x00, 0x00, 0x00, 0x00, 0x07, 0xC2, 0x80, 0x0E, 0xB3, 0x80, 0x0D, 0x2F, 0x00, 0x00, 0x00, 0x0E,
    0x00, 0x00, 0x0D, 0x3C, 0x00, 0xFC, 0x3C, 0x00, 0xF0, 0x3C, 0x00, 0xE0, 0x3C, 0x00, 0xE0, 0x3C, 0x00, 0xE0, 0x3C,
    0x00, 0xE0, 0x3C, 0x00, 0xE0, 0x3C, 0x00, 0xE0, 0x3C, 0x00, 0xE0, 0x3C, 0x00, 0xE0, 0x3C, 0x00, 0xE0, 0x3C, 0x00,
    0xE0, 0x3C, 0x01, 0xE0, 0x2D, 0x03, 0xD0, 0x0F, 0xFF, 0xC0, 0x02, 0xFE, 0x00, 0x00, 0x00, 0x00, 0x07, 0xC2, 0x80,
    0x0E, 0xB3, 0x80, 0x0D, 0x2F, 0x05, 0x00, 0x00, 0x0E, 0x00, 0x00, 0x0E, 0x3C, 0x00, 0xFD, 0x3C, 0x00, 0xF8, 0x3C,
    0x00, 0xE0, 0x3C, 0x00, 0xE0, 0x3C, 0x00, 0xE0, 0x3C, 0x00, 0xE0, 0x3C, 0x00, 0xE0, 0x3C, 0x00, 0xE0, 0x3C, 0x01,
    0xE0, 0x2E, 0x03, 0xD0, 0x0F, 0xFF, 0x80, 0x02, 0xFD, 0x00, 0x00, 0x00, 0x0E, 0x00, 0x00, 0x0D, 0x3C, 0x00, 0xFC,
    0x3C, 0x00, 0xF0, 0x3C, 0x00, 0xE0, 0x3C, 0x00, 0xE0, 0x3C, 0x00, 0xE0, 0x3C, 0x00, 0xE0, 0x3C, 0x00, 0xE0, 0x3C,
    0x00, 0xE0, 0x3C, 0x00, 0xE0, 0x3C, 0x00, 0xE0, 0x3C, 0x00, 0xE0, 0x3C, 0x00, 0xE0, 0x3C, 0x01, 0xE0, 0x2D, 0x03,
    0xD0, 0x0F, 0xFF, 0xC0, 0x02, 0xFE, 0x00, 0x00, 0x00, 0x00, 0x00, 0x00, 0x00, 0x00, 0xB4, 0x00, 0x00, 0xF8, 0x00,
    0x00, 0xF4, 0x00, 0x00, 0x00, 0x05, 0x00, 0x00, 0x0E, 0x00, 0x00, 0x0E, 0x3C, 0x00, 0xFD, 0x3C, 0x00, 0xF8, 0x3C,
    0x00, 0xE0, 0x3C, 0x00, 0xE0, 0x3C, 0x00, 0xE0, 0x3C, 0x00, 0xE0, 0x3C, 0x00, 0xE0, 0x3C, 0x00, 0xE0, 0x3C, 0x01,
    0xE0, 0x2E, 0x03, 0xD0, 0x0F, 0xFF, 0x80, 0x02, 0xFD, 0x00, 0x00, 0x00, 0x00, 0x00, 0x00, 0x00, 0x00, 0xB4, 0x00,
    0x00, 0xF8, 0x00, 0x00, 0xF4, 0x00, 0x01, 0xE0, 0x00, 0x00, 0xB4, 0x00, 0x00, 0x3C, 0x00, 0x00, 0x00, 0x00, 0x3C,
    0x00, 0x1E, 0x2D, 0x00, 0x3C, 0x0F, 0x00, 0x38, 0x0B, 0x40, 0xB4, 0x03, 0xC0, 0xF0, 0x02, 0xC2, 0xD0, 0x01, 0xE3,
    0xC0, 0x00, 0xFB, 0x40, 0x00, 0x7F, 0x00, 0x00, 0x3E, 0x00, 0x00, 0x2D, 0x00, 0x00, 0x2D, 0x00, 0x00, 0x2D, 0x00,
    0x00, 0x2D, 0x00, 0x00, 0x2D, 0x00, 0x00, 0x2D, 0x00, 0x07, 0x80, 0x00, 0x0B, 0x40, 0x00, 0x0F, 0x00, 0x00, 0x00,
    0x00, 0x00, 0x00, 0x02, 0xD0, 0x02, 0xD7, 0x80, 0x0F, 0x0F, 0x00, 0x78, 0x2D, 0x02, 0xC0, 0x3C, 0x0F, 0x00, 0xF0,
    0x74, 0x01, 0xE2, 0xC0, 0x03, 0xCF, 0x00, 0x0B, 0xB4, 0x00, 0x1F, 0xC0, 0x00, 0x3E, 0x00, 0x00, 0xB4, 0x00, 0x03,
    0xC0, 0x00, 0x1E, 0x00, 0x00, 0xB4, 0x00, 0x03, 0xC0, 0x00, 0x3C, 0x00, 0x1E, 0x2D, 0x00, 0x3C, 0x0F, 0x00, 0x38,
    0x0B, 0x40, 0xB4, 0x03, 0xC0, 0xF0, 0x02, 0xC2, 0xD0, 0x01, 0xE3, 0xC0, 0x00, 0xFB, 0x40, 0x00, 0x7F, 0x00, 0x00,
    0x3E, 0x00, 0x00, 0x2D, 0x00, 0x00, 0x2D, 0x00, 0x00, 0x2D, 0x00, 0x00, 0x2D, 0x00, 0x00, 0x2D, 0x00, 0x00, 0x2D,
    0x00, 0x00, 0x00, 0x00, 0x00, 0x00, 0x00, 0x00, 0x2D, 0x00, 0x00, 0x3E, 0x00, 0x00, 0x3D, 0x00, 0xB4, 0x00, 0xB5,
    0xE0, 0x03, 0xC3, 0xC0, 0x1E, 0x0B, 0x40, 0xB0, 0x0F, 0x03, 0xC0, 0x3C, 0x1D, 0x00, 0x78, 0xB0, 0x00, 0xF3, 0xC0,
    0x02, 0xED, 0x00, 0x07, 0xF0, 0x00, 0x0F, 0x80, 0x00, 0x2D, 0x00, 0x00, 0xF0, 0x00, 0x07, 0x80, 0x00, 0x2D, 0x1E,
    0x00, 0xF0, 0xFC, 0x00, 0x01, 0xE0, 0x00, 0x69, 0x00, 0x00, 0xBF, 0x00, 0x00, 0x07, 0x00, 0x00, 0x0F, 0x00, 0x00,
    0x04, 0x00, 0x00, 0x00, 0x00, 0x3C, 0x00, 0x1E, 0x2D, 0x00, 0x3C, 0x0F, 0x00, 0x38, 0x0B, 0x40, 0xB4, 0x03, 0xC0,
    0xF0, 0x02, 0xC2, 0xD0, 0x01, 0xE3, 0xC0, 0x00, 0xFB, 0x40, 0x00, 0x7F, 0x00, 0x00, 0x3E, 0x00, 0x00, 0x2D, 0x00,
    0x00, 0x2D, 0x00, 0x00, 0x2D, 0x00, 0x00, 0x2D, 0x00, 0x00, 0x2D, 0x00, 0x00, 0x2D, 0x00, 0x01, 0xA4, 0x00, 0x0B,
    0xF4, 0x00, 0x01, 0xD0, 0x00, 0x0F, 0x00, 0x00, 0x10, 0x00, 0x00, 0x00, 0x0B, 0x40, 0x0B, 0x5E, 0x00, 0x3C, 0x3C,
    0x01, 0xE0, 0xB4, 0x0B, 0x00, 0xF0, 0x3C, 0x03, 0xC1, 0xD0, 0x07, 0x8B, 0x00, 0x0F, 0x3C, 0x00, 0x2E, 0xD0, 0x00,
    0x7F, 0x00, 0x00, 0xF8, 0x00, 0x02, 0xD0, 0x00, 0x0F, 0x00, 0x00, 0x78, 0x00, 0x02, 0xD0, 0x00, 0x0F, 0x00, 0x00,
    0x00, 0x00, 0x00, 0x01, 0xF0, 0xA0, 0x03, 0xAC, 0xE0, 0x03, 0x4B, 0xC0, 0x00, 0x00, 0x00, 0x00, 0x00, 0x00, 0x3C,
    0x00, 0x1E, 0x2D, 0x00, 0x3C, 0x0F, 0x00, 0x38, 0x0B, 0x40, 0xB4, 0x03, 0xC0, 0xF0, 0x02, 0xC2, 0xD0, 0x01, 0xE3,
    0xC0, 0x00, 0xFB, 0x40, 0x00, 0x7F, 0x00, 0x00, 0x3E, 0x00, 0x00, 0x2D, 0x00, 0x00, 0x2D, 0x00, 0x00, 0x2D, 0x00,
    0x00, 0x2D, 0x00, 0x00, 0x2D, 0x00, 0x00, 0x2D, 0x00, 0x00, 0x00, 0x00, 0x1F, 0x0A, 0x00, 0xEB, 0x38, 0x03, 0x4B,
    0xC0, 0x00, 0x00, 0x00, 0x00, 0x00, 0x0B, 0x40, 0x0B, 0x5E, 0x00, 0x3C, 0x3C, 0x01, 0xE0, 0xB4, 0x0B, 0x00, 0xF0,
    0x3C, 0x03, 0xC1, 0xD0, 0x07, 0x8B, 0x00, 0x0F, 0x3C, 0x00, 0x2E, 0xD0, 0x00, 0x7F, 0x00, 0x00, 0xF8, 0x00, 0x02,
    0xD0, 0x00, 0x0F, 0x00, 0x00, 0x78, 0x00, 0x02, 0xD0, 0x00, 0x0F, 0x00, 0x00, 0x2A, 0xA9, 0x3F, 0xFE, 0x2A, 0xAA,
    0xA7, 0xFF, 0xFF, 0xAA, 0xAA, 0xAA, 0x7F, 0xFF, 0xFF, 0xE0, 0x78, 0x0F, 0x78, 0x0F, 0x78, 0x0F, 0x78, 0x0F, 0x78,
    0x0F, 0x78, 0x0F, 0x78, 0x0F, 0x78, 0x0F, 0x78, 0x0F, 0x78, 0x0F, 0x78, 0x0F, 0x78, 0x0F, 0x78, 0x0F, 0x78, 0x0F,
    0x78, 0x0F, 0x78, 0x0F, 0x78, 0x0F, 0x78, 0x0F, 0x78, 0x0F, 0x78, 0x0F, 0x1F, 0x2D, 0x3C, 0x78, 0xB4, 0x78, 0x3C,
    0x2E, 0x03, 0xC0, 0xF0, 0x3C, 0x1E, 0x0F, 0x43, 0xC0, 0x2E, 0x03, 0xC0, 0xF0, 0x3C, 0x1E, 0x0F, 0x43, 0xC0, 0x3C,
    0x78, 0xB4, 0x78, 0x3C, 0x2D, 0x1F, 0x2E, 0x0F, 0x0F, 0x07, 0x87, 0x83, 0xD2, 0xD0, 0xF0, 0xF0, 0x3C, 0x2D, 0x0F,
    0x03, 0xC2, 0xE0, 0x3C, 0x1E, 0x07, 0x83, 0xC1, 0xE0, 0xB4, 0x78, 0x3C, 0x3D, 0x0F, 0x0F, 0x0B, 0x8B, 0x83, 0xC0,
    0x3C, 0x0F, 0x07, 0x81, 0xE1, 0xE0, 0x3C, 0x78, 0x1E, 0x3D, 0x0B, 0x4F, 0x03, 0xCB, 0x81, 0xE0, 0x3C, 0x2E, 0x2D,
    0x0F, 0x0F, 0x03, 0xC2, 0xD0, 0xF0, 0x78, 0x2D, 0x0F, 0x07, 0xC2, 0xE0, 0xF0, 0x00, 0x60, 0x00, 0x0B, 0x40, 0x00,
    0xB4, 0x00, 0x0B, 0x40, 0x00, 0xB4, 0x02, 0xAF, 0xEA, 0x7F, 0xFF, 0xF0, 0x0B, 0x40, 0x00, 0xB4, 0x00, 0x0B, 0x40,
    0x00, 0xB4, 0x00, 0x0B, 0x40, 0x00, 0xB4, 0x00, 0x0B, 0x40, 0x00, 0xB4, 0x00, 0x0B, 0x40, 0x00, 0xB4, 0x00, 0x0B,
    0x40, 0x00, 0xB4, 0x00, 0x0B, 0x40, 0x00, 0x50, 0x00, 0x00, 0xB4, 0x00, 0x0B, 0x40, 0x00, 0xB4, 0x00, 0x0B, 0x40,
    0x00, 0xB4, 0x02, 0xAF, 0xEA, 0x7F, 0xFF, 0xF0, 0x0B, 0x40, 0x00, 0xB4, 0x00, 0x0B, 0x40, 0x00, 0xB4, 0x00, 0x0B,
    0x40, 0x00, 0xB4, 0x02, 0xAF, 0xEA, 0x7F, 0xFF, 0xF0, 0x0B, 0x40, 0x00, 0xB4, 0x00, 0x0B, 0x40, 0x00, 0xB4, 0x00,
    0x0B, 0x40, 0x00, 0x50, 0x00, 0x1F, 0x83, 0xFE, 0x3F, 0xF3, 0xFE, 0x1F, 0x80, 0x3E, 0x1F, 0xC3, 0xE0, 0x70, 0x70,
    0x72, 0xD2, 0xD3, 0xDB, 0x4B, 0x4F, 0x5C, 0x1C, 0x2C, 0x0B, 0xC0, 0x0C, 0x00, 0xBF, 0xC0, 0xE0, 0x03, 0x87, 0x07,
    0x00, 0x0D, 0x0C, 0x34, 0x00, 0x38, 0x71, 0xC0, 0x00, 0xBF, 0xCD, 0x00, 0x00, 0x68, 0xB0, 0x00, 0x00, 0x03, 0x00,
    0x00, 0x00, 0x38, 0x00, 0x00, 0x01, 0xC0, 0x00, 0x00, 0x0D, 0x3D, 0x7D, 0x00, 0xB3, 0x8F, 0x6C, 0x03, 0x4D, 0x28,
    0x30, 0x28, 0x34, 0xA0, 0xC0, 0xC0, 0xE3, 0xC7, 0x0E, 0x01, 0xF9, 0xF4, 0x2E, 0x2E, 0x3D, 0x3C, 0x3C, 0x78, 0xB4,
    0x2E, 0x0F, 0x4F, 0x43, 0xC3, 0xC1, 0xF0, 0xF0, 0x78, 0x78, 0x2D, 0x2D, 0x0F, 0x0B, 0x43, 0xC0, 0x2E, 0x1F, 0x0F,
    0x0B, 0x8B, 0x87, 0xC3, 0xD2, 0xD2, 0xE0, 0xF0, 0xF4, 0xB4, 0x3C, 0x3C, 0x3C, 0x1E, 0x0F, 0x0F, 0x07, 0x47, 0x83,
    0xC0, 0x00, 0xF0, 0x0F, 0x00, 0xF4, 0x0B, 0x40, 0x78, 0x02, 0xE0, 0x02, 0xD0, 0x03, 0xD0, 0x03, 0xD0, 0x03, 0xC0,
    0x78, 0x00, 0xB8, 0x00, 0xB4, 0x00, 0xF4, 0x00, 0xF0, 0x03, 0xC0, 0x3D, 0x02, 0xD0, 0x2E, 0x01, 0xE0, 0x00, 0x7C,
    0x1F, 0x1F, 0x07, 0xC7, 0xC0, 0xF1, 0xF0, 0x3C, 0x3C, 0x0F, 0x0F, 0x03, 0xC3, 0x80, 0xF0, 0xE0, 0x3C, 0x38, 0x0E,
    0x0E, 0x03, 0x83, 0x80, 0xE0, 0x00, 0x00, 0x00, 0x00, 0x1E, 0x07, 0x8F, 0xD2, 0xF5, 0xF0, 0x7C, 0x3F, 0xE0, 0x0A,
    0xBF, 0x00, 0x01, 0xF0, 0x00, 0x3C, 0x0B, 0x4B, 0x42, 0xD3, 0xC0, 0xB5, 0xF0, 0x2F, 0xF0, 0x07, 0xE0, 0x01, 0xC0,
    0x00, 0x70, 0x00, 0x00, 0x00, 0x00, 0x00, 0x02, 0xD0, 0x00, 0xFC, 0x00, 0x3E, 0x00, 0x2A, 0xAA, 0xAA, 0xA3, 0xFF,
    0xFF, 0xFF, 0xB0, 0x00, 0x0B, 0x6E, 0x00, 0x03, 0xC3, 0xFA, 0xAB, 0xE0, 0x3F, 0xFF, 0xE0, 0x00, 0x00, 0x0B, 0x00,
    0x00, 0x07, 0x80, 0x00, 0x03, 0xC0, 0x00, 0x02, 0xC0, 0x00, 0x01, 0xE0, 0x00, 0x00, 0xF0, 0x00, 0x00, 0xB0, 0x00,
    0x00, 0x78, 0x00, 0x00, 0x3C, 0x00, 0x00, 0x2C, 0x00, 0x00, 0x1E, 0x00, 0x00, 0x0F, 0x00, 0x00, 0x0B, 0x00, 0x00,
    0x03, 0x80, 0x00, 0x03, 0xC0, 0x00, 0x02, 0xC0, 0x00, 0x00, 0xBF, 0xDB, 0xE9, 0xB0, 0x0B, 0x00, 0xB0, 0x0B, 0x00,
    0xB0, 0x0B, 0x00, 0xB0, 0x0B, 0xFD, 0xBE, 0x9B, 0x00, 0xB0, 0x0B, 0x00, 0xB0, 0x0B, 0x00, 0xB0, 0x0B, 0x00, 0xBE,
    0x8B, 0xFD, 0xFF, 0xDA, 0xBD, 0x02, 0xD0, 0x2D, 0x02, 0xD0, 0x2D, 0x02, 0xD0, 0x2D, 0x02, 0xDF, 0xFD, 0xAB, 0xD0,
    0x2D, 0x02, 0xD0, 0x2D, 0x02, 0xD0, 0x2D, 0x02, 0xD0, 0x2D, 0xAB, 0xDF, 0xFD, 0x0B, 0xF4, 0x2E, 0x7C, 0x38, 0x0E,
    0x34, 0x0E, 0x34, 0x0E, 0x34, 0x0E, 0x38, 0x0E, 0x2E, 0x7C, 0x0B, 0xF4, 0x02, 0xC0, 0x1D, 0x00, 0xE0, 0x0F, 0x0D,
    0xB0, 0x37, 0x80, 0xDF, 0xFF, 0x55, 0x5D, 0x00, 0x34, 0x2F, 0xFD, 0x2D, 0x54, 0x2C, 0x00, 0x2F, 0xF4, 0x05, 0x6D,
    0x00, 0x0E, 0x38, 0x0E, 0x2E, 0x6D, 0x0B, 0xF4, 0x00, 0xD0, 0x03, 0xC0, 0x0B, 0x00, 0x0F, 0xF4, 0x3D, 0x2D, 0x34,
    0x0E, 0x34, 0x0E, 0x2E, 0x6D, 0x0B, 0xF4, 0xFF, 0xFB, 0x95, 0xEE, 0x07, 0x40, 0x3C, 0x01, 0xD0, 0x0F, 0x00, 0x74,
    0x02, 0xC0, 0x0D, 0x00, 0x0B, 0xF8, 0x3D, 0x6D, 0x2C, 0x1D, 0x0B, 0xF4, 0x2D, 0x6D, 0x34, 0x0E, 0x34, 0x0E, 0x2E,
    0x6D, 0x0B, 0xF4, 0x0B, 0xF4, 0x2D, 0x6C, 0x38, 0x0E, 0x3C, 0x1E, 0x1F, 0xFD, 0x00, 0x7C, 0x00, 0xB0, 0x01, 0xD0,
    0x03, 0xC0, 0x0B, 0x00, 0x2C, 0x0B, 0xFF, 0x06, 0xD4, 0x0B, 0x00, 0x2C, 0x00, 0x00, 0x03, 0xFF, 0xD1, 0x55, 0x00,
    0x00, 0xFF, 0xF4, 0x55, 0x40, 0x0B, 0xF4, 0x2E, 0x7C, 0x38, 0x0E, 0x34, 0x0E, 0x34, 0x0E, 0x34, 0x0E, 0x38, 0x0E,
    0x2E, 0x7C, 0x0B, 0xF4, 0x1F, 0x80, 0xBB, 0x80, 0x83, 0x80, 0x03, 0x80, 0x03, 0x80, 0x03, 0x80, 0x03, 0x80, 0x57,
    0xD4, 0xFF, 0xFC, 0x1F, 0xD1, 0xE7, 0xCA, 0x03, 0x80, 0x0D, 0x00, 0xE0, 0x1E, 0x02, 0xD0, 0x2E, 0x54, 0xBF, 0xF8,
    0x2F, 0xFD, 0x05, 0x6C, 0x00, 0xB0, 0x02, 0xE0, 0x00, 0x7C, 0x00, 0x0E, 0x38, 0x0E, 0x2E, 0x6D, 0x0B, 0xF4, 0x02,
    0xC0, 0x1D, 0x00, 0xE0, 0x0F, 0x0D, 0xB0, 0x37, 0x80, 0xDF, 0xFF, 0x55, 0x5D, 0x00, 0x34, 0x2F, 0xFD, 0x2D, 0x54,
    0x2C, 0x00, 0x2F, 0xF4, 0x05, 0x6D, 0x00, 0x0E, 0x38, 0x0E, 0x2E, 0x6D, 0x0B, 0xF4, 0x00, 0xD0, 0x03, 0xC0, 0x0B,
    0x00, 0x0F, 0xF4, 0x3D, 0x2D, 0x34, 0x0E, 0x34, 0x0E, 0x2E, 0x6D, 0x0B, 0xF4, 0xFF, 0xFB, 0x95, 0xEE, 0x07, 0x40,
    0x3C, 0x01, 0xD0, 0x0F, 0x00, 0x74, 0x02, 0xC0, 0x0D, 0x00, 0x0B, 0xF8, 0x3D, 0x6D, 0x2C, 0x1D, 0x0B, 0xF4, 0x2D,
    0x6D, 0x34, 0x0E, 0x34, 0x0E, 0x2E, 0x6D, 0x0B, 0xF4, 0x0B, 0xF4, 0x2D, 0x6C, 0x38, 0x0E, 0x3C, 0x1E, 0x1F, 0xFD,
    0x00, 0x7C, 0x00, 0xB0, 0x01, 0xD0, 0x03, 0xC0, 0x00, 0x01, 0xE0, 0x00, 0x01, 0xE0, 0x00, 0x2F, 0xFE, 0x00, 0x2B,
    0xF9, 0x00, 0x01, 0xE0, 0x07, 0xF5, 0xE0, 0x0F, 0xFE, 0xE0, 0x3E, 0x03, 0xE0, 0x3C, 0x01, 0xE0, 0x3C, 0x01, 0xE0,
    0x3C, 0x01, 0xE0, 0x3C, 0x01, 0xE0, 0x3D, 0x03, 0xE0, 0x1F, 0xFE, 0xE0, 0x07, 0xF5, 0xE0, 0x2A, 0xAA, 0xA0, 0x3F,
    0xFF, 0xE0, 0x00, 0xBF, 0x80, 0x0F, 0xFF, 0xC0, 0xB8, 0x0B, 0x83, 0xC0, 0x0F, 0x0F, 0x00, 0x01, 0xBE, 0xA4, 0x0B,
    0xFF, 0xD0, 0x03, 0xC0, 0x00, 0x0F, 0x00, 0x02, 0xFF, 0xF4, 0x06, 0xFA, 0x90, 0x03, 0xC0, 0x05, 0x0F, 0x00, 0x3C,
    0x2E, 0x02, 0xE0, 0x3F, 0xFF, 0x00, 0x2F, 0xE0, 0x3F, 0xFF, 0xFE, 0x2A, 0xBF, 0xA9, 0x00, 0x2C, 0x00, 0x00, 0x2C,
    0x00, 0x00, 0x2C, 0x00, 0x00, 0x2D, 0x6C, 0x00, 0x3F, 0xF8, 0x0B, 0xFE, 0x40, 0x1E, 0x6C, 0x00, 0x00, 0x2D, 0x7C,
    0x00, 0x7F, 0xF8, 0x0F, 0xFE, 0x00, 0x1E, 0x6C, 0x00, 0x00, 0x2C, 0x00, 0x00, 0x2C, 0x00, 0x00, 0x2C, 0x00, 0x02,
    0xFE, 0x00, 0x3F, 0xFF, 0x02, 0xE0, 0x2D, 0x0F, 0x00, 0x78, 0x00, 0x02, 0xC0, 0x00, 0x2D, 0x0F, 0xFF, 0xFF, 0xAA,
    0xAA, 0xA9, 0x00, 0x00, 0x03, 0xFF, 0xFF, 0xEA, 0xFA, 0xAA, 0x4B, 0x40, 0x00, 0x3C, 0x01, 0xD0, 0xF4, 0x0F, 0x41,
    0xFF, 0xF8, 0x01, 0xBF, 0x40, 0x0B, 0xFF, 0xD0, 0x0B, 0xEB, 0xF4, 0x0B, 0x00, 0x3C, 0x0B, 0x00, 0x2D, 0x0B, 0x00,
    0x1E, 0x0B, 0x00, 0x2D, 0x0B, 0x00, 0x3C, 0x6F, 0xEB, 0xF4, 0x7F, 0xFF, 0xD0, 0x0B, 0x00, 0x00, 0x0B, 0x00, 0x00,
    0x7F, 0xFF, 0xC0, 0x6F, 0xEA, 0x80, 0x0B, 0x00, 0x00, 0x0B, 0x00, 0x00, 0x0B, 0x00, 0x00, 0x02, 0x14, 0x00, 0x0C,
    0xB0, 0x00, 0x32, 0xC0, 0x0F, 0xFF, 0x80, 0x3E, 0xBF, 0xC0, 0xF0, 0x0F, 0x43, 0xC0, 0x0E, 0x0F, 0x00, 0x38, 0x3C,
    0x01, 0xE0, 0xF0, 0x1F, 0x03, 0xFF, 0xF0, 0x0F, 0xAF, 0xE0, 0x3C, 0x02, 0xE0, 0xF0, 0x03, 0xC3, 0xC0, 0x0F, 0x0F,
    0x00, 0x3C, 0x3C, 0x02, 0xE0, 0xFA, 0xBF, 0x03, 0xFF, 0xE0, 0x00, 0xCB, 0x00, 0x03, 0x2C, 0x00, 0x0C, 0xA0, 0x00,
    0x00, 0x24, 0x00, 0x00, 0x3C, 0x00, 0x00, 0x3D, 0x00, 0x00, 0x2D, 0x00, 0x00, 0x2E, 0x00, 0x00, 0x1F, 0xFF, 0xFF,
    0xC7, 0xFF, 0xFF, 0xF0, 0xB4, 0x00, 0x00, 0x0F, 0x40, 0x00, 0x00, 0xF0, 0x00, 0x00, 0x1F, 0x00, 0x00, 0x02, 0xE0,
    0x00, 0x00, 0x04, 0x00, 0x00, 0x3D, 0x00, 0x00, 0xFF, 0x80, 0x07, 0xEE, 0xE0, 0x1F, 0x2C, 0xBC, 0x3C, 0x2C, 0x1E,
    0x30, 0x2C, 0x06, 0x00, 0x2C, 0x00, 0x00, 0x2C, 0x00, 0x00, 0x2C, 0x00, 0x00, 0x2C, 0x00, 0x00, 0x2C, 0x00, 0x00,
    0x2C, 0x00, 0x00, 0x2C, 0x00, 0x00, 0x2C, 0x00, 0x00, 0x2C, 0x00, 0x00, 0x05, 0x00, 0x00, 0x02, 0xE0, 0x00, 0x00,
    0x2D, 0x00, 0x00, 0x03, 0xD0, 0x00, 0x00, 0x3C, 0x1F, 0xFF, 0xFF, 0xCB, 0xFF, 0xFF, 0xF0, 0x00, 0x00, 0xB4, 0x00,
    0x00, 0xB4, 0x00, 0x00, 0x78, 0x00, 0x00, 0x3C, 0x00, 0x00, 0x3C, 0x00, 0x00, 0x2C, 0x00, 0x00, 0x2C, 0x00, 0x00,
    0x2C, 0x00, 0x00, 0x2C, 0x00, 0x00, 0x2C, 0x00, 0x00, 0x2C, 0x00, 0x00, 0x2C, 0x00, 0x00, 0x2C, 0x00, 0x00, 0x2C,
    0x00, 0x30, 0x2C, 0x06, 0x3C, 0x2C, 0x1E, 0x1F, 0x2C, 0xBC, 0x07, 0xEE, 0xE0, 0x00, 0xFF, 0x80, 0x00, 0x3D, 0x00,
    0x00, 0x04, 0x00, 0x00, 0x24, 0x09, 0x00, 0x00, 0x3D, 0x02, 0xE0, 0x00, 0x2D, 0x00, 0x3D, 0x00, 0x2E, 0x00, 0x03,
    0xC0, 0x1E, 0x00, 0x00, 0x3C, 0x0F, 0xFF, 0xFF, 0xFF, 0xC7, 0xFF, 0xFF, 0xFF, 0xF0, 0xB4, 0x00, 0x00, 0xF0, 0x0F,
    0x40, 0x00, 0xB4, 0x00, 0xF0, 0x00, 0xB8, 0x00, 0x0F, 0x00, 0x7C, 0x00, 0x01, 0xE0, 0x3C, 0x00, 0x00, 0x18, 0x00,
    0x00, 0x7F, 0x00, 0x01, 0xFF, 0xC0, 0x0B, 0xED, 0xF4, 0x2E, 0x2C, 0x3D, 0x38, 0x2C, 0x0F, 0x20, 0x2C, 0x02, 0x00,
    0x2C, 0x00, 0x00, 0x2C, 0x00, 0x00, 0x2C, 0x00, 0x00, 0x2C, 0x00, 0x00, 0x2C, 0x00, 0x00, 0x2C, 0x00, 0x00, 0x2C,
    0x00, 0x00, 0x2C, 0x00, 0x00, 0x2C, 0x00, 0x30, 0x2C, 0x06, 0x3C, 0x2C, 0x1F, 0x1F, 0x2C, 0x7C, 0x07, 0xEE, 0xF0,
    0x00, 0xFF, 0x80, 0x00, 0x3E, 0x00, 0x00, 0x04, 0x00, 0xBF, 0xFF, 0x82, 0xFF, 0xFF, 0x8B, 0xE0, 0x00, 0x2E, 0xE0,
    0x00, 0xB2, 0xE0, 0x02, 0xC2, 0xE0, 0x0B, 0x02, 0xE0, 0x2C, 0x02, 0xE0, 0xB0, 0x02, 0xE0, 0x80, 0x02, 0xD0, 0x00,
    0x01, 0x00, 0x03, 0xFF, 0xFD, 0x0F, 0xFF, 0xFD, 0x00, 0x00, 0xFD, 0x00, 0x03, 0xED, 0x00, 0x0F, 0x5D, 0x00, 0x3D,
    0x1D, 0x00, 0xF4, 0x1D, 0x03, 0xD0, 0x1D, 0x0F, 0x40, 0x1C, 0x3D, 0x00, 0x14, 0x04, 0x00, 0x00, 0x00, 0x00, 0x00,
    0x2C, 0x00, 0x10, 0x1F, 0x00, 0x1C, 0x07, 0xC0, 0x1D, 0x01, 0xF0, 0x1D, 0x00, 0x7C, 0x1D, 0x00, 0x1F, 0x1D, 0x00,
    0x07, 0xDD, 0x00, 0x01, 0xFD, 0x0A, 0xAA, 0xFD, 0x07, 0xFF, 0xFD, 0x00, 0x00, 0x00, 0x40, 0x01, 0xD7, 0x00, 0x1F,
    0x2C, 0x01, 0xF0, 0xB0, 0x1F, 0x02, 0xC1, 0xF0, 0x0B, 0x1F, 0x00, 0x2D, 0xF0, 0x00, 0xBF, 0x00, 0x02, 0xFA, 0xAA,
    0x4B, 0xFF, 0xFC, 0x00, 0x00, 0x07, 0xFD, 0x00, 0x01, 0xFF, 0xC2, 0xF8, 0x03, 0xF5, 0xFF, 0x87, 0xDD, 0xB0, 0xFF,
    0xD7, 0x6C, 0x0F, 0xD1, 0xD0, 0x02, 0x41, 0x80, 0x03, 0xC1, 0xE0, 0x03, 0xC1, 0xE0, 0x02, 0xFA, 0xFA, 0xA9, 0xFF,
    0xFF, 0xFF, 0x5E, 0x0B, 0x40, 0x01, 0xE0, 0xB4, 0x00, 0x1D, 0x0F, 0x00, 0x01, 0x40, 0x50, 0x00, 0x3C, 0x1E, 0x00,
    0x03, 0xC1, 0xE2, 0xAA, 0xFE, 0xBD, 0xFF, 0xFF, 0xFF, 0x40, 0x0B, 0x43, 0xC0, 0x0B, 0x43, 0xC0, 0x0B, 0x43, 0xC0,
    0x02, 0x40, 0x05, 0x03, 0xC0, 0x0B, 0x43, 0xC0, 0x0B, 0x82, 0xFA, 0xAF, 0x80, 0xFF, 0xFF, 0xD0, 0x1E, 0x00, 0x3D,
    0x01, 0xE0, 0x03, 0xC0, 0x1D, 0x00, 0x3C, 0x64, 0x00, 0x50, 0x0F, 0x40, 0x1E, 0x00, 0xF4, 0x01, 0xE0, 0x0F, 0xAA,
    0xBD, 0x03, 0xFF, 0xFF, 0x42, 0xE0, 0x03, 0xC2, 0xE0, 0x03, 0xC1, 0xF0, 0x03, 0xC0, 0x01, 0x80, 0x02, 0xFC, 0x02,
    0xFF, 0xD2, 0xEB, 0x7C, 0xA2, 0xC3, 0x40, 0xB0, 0x00, 0x2C, 0x00, 0x0B, 0x00, 0x02, 0xC0, 0x00, 0xB0, 0x06, 0xBF,
    0xA2, 0xFF, 0xFD, 0x50, 0x00, 0x50, 0x3C, 0x00, 0x1E, 0x0F, 0x00, 0x01, 0xE3, 0xEA, 0xAA, 0xBD, 0xFF, 0xFF, 0xFF,
    0x7C, 0x00, 0x03, 0xCF, 0x00, 0x03, 0xC3, 0xC0, 0x03, 0xC0, 0xBF, 0xFF, 0x6F, 0xFF, 0xD0, 0x2C, 0x00, 0x0B, 0x00,
    0x02, 0xC0, 0x00, 0xB0, 0x00, 0x2C, 0x02, 0x0B, 0x05, 0xB2, 0xC7, 0x5F, 0xFB, 0xC0, 0xFF, 0x80, 0x0F, 0x80, 0x00,
    0x06, 0x40, 0x00, 0x02, 0xFE, 0x00, 0x00, 0x07, 0xD0, 0x00, 0x00, 0x3C, 0x00, 0x00, 0x0B, 0x40, 0xF0, 0x02, 0xD0,
    0xB4, 0x00, 0xF0, 0x78, 0x00, 0xBC, 0x7E, 0xAB, 0xFC, 0x2F, 0xFF, 0xF8, 0x02, 0xD0, 0x00, 0x00, 0x3C, 0x00, 0x00,
    0x03, 0xC0, 0x00, 0x00, 0x50, 0x00, 0x00, 0x01, 0xA0, 0x00, 0x03, 0xFD, 0x00, 0x03, 0xE0, 0x00, 0x01, 0xE0, 0x00,
    0x00, 0xB0, 0x00, 0x00, 0x3C, 0x00, 0xB4, 0x0B, 0x40, 0x0F, 0x40, 0xF4, 0x00, 0xF0, 0x1F, 0xEA, 0xBF, 0x00, 0xBF,
    0xFF, 0xC0, 0x00, 0x02, 0xD0, 0x00, 0x01, 0xE0, 0x00, 0x01, 0xF0, 0x00, 0x00, 0x50, 0x00, 0x0B, 0x40, 0xF4, 0x0B,
    0x8F, 0x4F, 0x07, 0x8F, 0xF4, 0xF3, 0xEF, 0x0F, 0xBD, 0xBF, 0x00, 0xFF, 0x0F, 0x00, 0x07, 0x40, 0xF0, 0x07, 0x80,
    0x05, 0x01, 0x40, 0x00, 0x09, 0x00, 0xB4, 0x0A, 0xD0, 0x93, 0x49, 0x0D, 0x90, 0x19, 0x00, 0x90, 0x09, 0x00, 0x90,
    0x09, 0x00, 0x90, 0x09, 0x00, 0x90, 0x09, 0x00, 0x90, 0x09, 0x00, 0x90, 0x09, 0x00, 0x90, 0x09, 0x00, 0x00, 0x00,
    0x78, 0x00, 0x00, 0x0B, 0x40, 0x00, 0x00, 0xF3, 0xFF, 0xFF, 0xFD, 0xAA, 0xAA, 0xAF, 0x40, 0x00, 0x07, 0x80, 0x00,
    0x07, 0x80, 0x00, 0x01, 0xF0, 0x00, 0x00, 0x1E, 0x2A, 0xAA, 0xAB, 0xDF, 0xFF, 0xFF, 0xF4, 0x00, 0x00, 0x3C, 0x00,
    0x00, 0x3C, 0x00, 0x00, 0x05, 0x00, 0x00, 0x24, 0x00, 0x00, 0x3D, 0x00, 0x00, 0x2D, 0x00, 0x00, 0x2F, 0xFF, 0xFE,
    0x1F, 0xFF, 0xFF, 0x8F, 0x00, 0x00, 0x0F, 0x40, 0x00, 0x01, 0xF0, 0x00, 0x00, 0x2F, 0xFF, 0xFF, 0x83, 0xFF, 0xFF,
    0xE0, 0x3C, 0x00, 0x00, 0x07, 0xC0, 0x00, 0x00, 0xB8, 0x00, 0x00, 0x00, 0x00, 0x00, 0x00, 0x03, 0x06, 0x00, 0x00,
    0xF0, 0x78, 0x00, 0x3B, 0x07, 0xA0, 0x0D, 0x30, 0x62, 0x83, 0x43, 0x06, 0x0A, 0x10, 0x30, 0x60, 0x10, 0x03, 0x06,
    0x00, 0x00, 0x30, 0x60, 0x00, 0x03, 0x06, 0x00, 0x00, 0x30, 0x60, 0x00, 0x03, 0x06, 0x00, 0x00, 0x30, 0x60, 0x00,
    0x03, 0x06, 0x00, 0x00, 0x30, 0x60, 0x00, 0x03, 0x06, 0x00, 0x00, 0x30, 0x60, 0x00, 0x03, 0x06, 0x00, 0x00, 0x30,
    0x60, 0x00, 0x03, 0x06, 0x00, 0x00, 0x30, 0x60, 0x00, 0x03, 0x06, 0x00, 0x00, 0x09, 0x00, 0x00, 0x02, 0xE0, 0x00,
    0x00, 0x3D, 0x03, 0xFF, 0xFF, 0xC0, 0xFF, 0xFF, 0xFC, 0x00, 0x00, 0x0B, 0x80, 0x00, 0x00, 0xF4, 0x00, 0x00, 0x7C,
    0xFF, 0xFF, 0xFC, 0x3F, 0xFF, 0xFD, 0x00, 0x00, 0x2E, 0x00, 0x00, 0x1F, 0x00, 0x00, 0x0F, 0x00, 0x00, 0x00, 0x30,
    0x60, 0x00, 0x03, 0x06, 0x00, 0x00, 0x30, 0x60, 0x00, 0x03, 0x06, 0x00, 0x00, 0x30, 0x60, 0x00, 0x03, 0x06, 0x00,
    0x00, 0x30, 0x60, 0x00, 0x03, 0x06, 0x00, 0x00, 0x30, 0x60, 0x00, 0x03, 0x06, 0x00, 0x00, 0x30, 0x60, 0x00, 0x03,
    0x06, 0x00, 0x00, 0x30, 0x60, 0x00, 0x03, 0x06, 0x00, 0x00, 0x30, 0x60, 0x01, 0x03, 0x06, 0x01, 0x34, 0x30, 0x60,
    0xA0, 0xD3, 0x06, 0x28, 0x03, 0x70, 0x7A, 0x00, 0x0F, 0x07, 0x80, 0x00, 0x30, 0x60, 0x00, 0x00, 0x00, 0x00, 0x00,
    0x14, 0x19, 0x00, 0x00, 0x2E, 0x03, 0xC0, 0x00, 0x1E, 0x00, 0x3C, 0x00, 0x0F, 0xFF, 0xFF, 0xC0, 0x0F, 0xFF, 0xFF,
    0xF8, 0x0F, 0x40, 0x00, 0x0F, 0x47, 0x80, 0x00, 0x00, 0xF0, 0xF4, 0x00, 0x00, 0xB8, 0x0F, 0xFF, 0xFF, 0xFC, 0x01,
    0xFF, 0xFF, 0xFC, 0x00, 0x2E, 0x00, 0x3D, 0x00, 0x03, 0xD0, 0x2E, 0x00, 0x00, 0x3C, 0x1F, 0x00, 0x00, 0x00, 0x09,
    0x00, 0x00, 0x02, 0xD0, 0x0F, 0xFF, 0xFD, 0x03, 0xFF, 0xFF, 0xC0, 0x00, 0x00, 0x78, 0x00, 0x00, 0x0B, 0x8F, 0xFF,
    0xFF, 0xF7, 0xFF, 0xFF, 0xFC, 0x00, 0x00, 0x3D, 0x3F, 0xFF, 0xFE, 0x0F, 0xFF, 0xFE, 0x00, 0x00, 0x1F, 0x00, 0x00,
    0x0F, 0x00, 0x00, 0x00, 0x40, 0x00, 0xB8, 0x00, 0xBF, 0x40, 0xBF, 0xF0, 0x7F, 0xFF, 0x00, 0xB0, 0x00, 0x2C, 0x00,
    0x0B, 0x00, 0xBF, 0xFF, 0x6F, 0xFF, 0xD0, 0x2C, 0x02, 0xFF, 0xFD, 0xBF, 0xFF, 0x40, 0xB0, 0x00, 0x2C, 0x00, 0x0B,
    0x00, 0x01, 0x40, 0x00, 0x01, 0x80, 0x00, 0xB0, 0x00, 0x2C, 0x00, 0x0B, 0x00, 0xBF, 0xFF, 0x6F, 0xFF, 0xD0, 0x2C,
    0x02, 0xFF, 0xFD, 0xBF, 0xFF, 0x40, 0xB0, 0x00, 0x2C, 0x01, 0xAF, 0xA8, 0x3F, 0xFE, 0x03, 0xFF, 0x00, 0x3F, 0x00,
    0x07, 0x00, 0x00, 0x00, 0x00, 0x00, 0x78, 0x0B, 0x00, 0x07, 0x82, 0xC0, 0x00, 0xB4, 0xB2, 0xAA, 0xAF, 0x2C, 0xFF,
    0xFF, 0xDB, 0x00, 0x01, 0xE2, 0xC0, 0x00, 0xF0, 0xB0, 0x00, 0xF0, 0x2C, 0x00, 0x14, 0x05, 0x00, 0x00, 0x04, 0x00,
    0x00, 0x0B, 0x40, 0x00, 0x0A, 0x30, 0x00, 0x06, 0x03, 0x00, 0x06, 0x00, 0x30, 0x07, 0x00, 0x03, 0x03, 0xF8, 0x0F,
    0xE0, 0x06, 0x03, 0x00, 0x01, 0x80, 0xC0, 0x00, 0x60, 0x30, 0x00, 0x18, 0x0C, 0x00, 0x06, 0x03, 0x00, 0x01, 0x80,
    0xC0, 0x00, 0x60, 0x30, 0x00, 0x18, 0x0C, 0x00, 0x06, 0x03, 0x00, 0x00, 0xFF, 0x80, 0x00, 0x00, 0x00, 0x00, 0x00,
    0x02, 0x00, 0x00, 0x00, 0xF4, 0x00, 0x00, 0x37, 0x40, 0xBF, 0xFC, 0x34, 0x30, 0x00, 0x03, 0x4C, 0x00, 0x00, 0x37,
    0x00, 0x00, 0x28, 0xBF, 0xFC, 0x34, 0x00, 0x03, 0x34, 0x00, 0x00, 0xF4, 0x00, 0x00, 0x20, 0x00, 0x00, 0x00, 0x00,
    0x00, 0x00, 0x00, 0x00, 0x00, 0x0B, 0x40, 0x00, 0x0A, 0x30, 0x00, 0x06, 0x03, 0x00, 0x07, 0x00, 0x70, 0x07, 0x00,
    0x07, 0x03, 0xF8, 0x0F, 0xE0, 0x06, 0x03, 0x00, 0x01, 0x80, 0xC0, 0x00, 0x60, 0x30, 0x00, 0x1F, 0xFC, 0x00, 0x00,
    0x00, 0x00, 0x00, 0x00, 0x00, 0x00, 0x7F, 0xF0, 0x00, 0x18, 0x0C, 0x00, 0x06, 0x03, 0x00, 0x00, 0xFF, 0x80, 0x00,
    0xF0, 0x00, 0x76, 0xD0, 0x02, 0xC7, 0x80, 0x0F, 0x0F, 0x00, 0x38, 0x3E, 0xAB, 0xD0, 0xBF, 0xFF, 0x01, 0xE0, 0x3C,
    0x03, 0xC0, 0xE0, 0x0F, 0x07, 0x40, 0x2D, 0x2C, 0x00, 0x78, 0xF0, 0x00, 0xF3, 0x80, 0x03, 0xDD, 0x00, 0x07, 0xF0,
    0x00, 0x0F, 0xC0, 0x00, 0x15, 0x00, 0x1F, 0xD1, 0xFB, 0xCB, 0x47, 0x6C, 0x1E, 0xF0, 0x03, 0xC0, 0x0F, 0x00, 0x3C,
    0x00, 0xB0, 0x7A, 0xD1, 0xD7, 0xEF, 0x07, 0xF4, 0x00, 0x00, 0x00, 0x1F, 0x40, 0x00, 0x3D, 0x00, 0x00, 0xF4, 0x00,
    0x03, 0xC0, 0x00, 0x2D, 0x07, 0xF9, 0xE1, 0xF5, 0xBE, 0x3C, 0x02, 0xE3, 0xC0, 0x1E, 0x3C, 0x00, 0xE3, 0xC0, 0x0E,
    0x3C, 0x01, 0xE3, 0xC0, 0x2D, 0x1F, 0x47, 0xC0, 0x7F, 0xF0, 0x00, 0x50, 0x00, 0x7F, 0xFF, 0xE2, 0xAA, 0xBE, 0x00,
    0x01, 0xE0, 0x00, 0x1E, 0x00, 0x01, 0xE0, 0x00, 0x1E, 0x2F, 0xFF, 0xE1, 0xAA, 0xBE, 0x00, 0x01, 0xE0, 0x00, 0x1E,
    0x00, 0x01, 0xE0, 0x00, 0x1E, 0x00, 0x01, 0xE2, 0xAA, 0xBE, 0x7F, 0xFF, 0xE0, 0x00, 0x00, 0x40, 0x00, 0x2C, 0x00,
    0x03, 0x47, 0xFF, 0xFE, 0x7F, 0xFF, 0xE0, 0x00, 0xFE, 0x00, 0x1D, 0xE0, 0x03, 0x9E, 0x00, 0x71, 0xE2, 0xFF, 0xFE,
    0x1F, 0xFF, 0xE0, 0x1C, 0x1E, 0x03, 0x81, 0xE0, 0x34, 0x1E, 0x0B, 0x01, 0xE0, 0xE0, 0x1E, 0x7F, 0xFF, 0xE7, 0xFF,
    0xFE, 0x38, 0x00, 0x07, 0x00, 0x00, 0x10, 0x00, 0x00, 0x00, 0x00, 0x00, 0x40, 0x00, 0x00, 0x38, 0x00, 0x6F, 0xEB,
    0x00, 0x3F, 0xFF, 0xE0, 0x0F, 0xC0, 0x3F, 0x42, 0xE0, 0x07, 0x7C, 0x3C, 0x00, 0xD2, 0xD3, 0xC0, 0x38, 0x0E, 0x38,
    0x07, 0x00, 0xF3, 0xC0, 0xD0, 0x0E, 0x3C, 0x38, 0x02, 0xE1, 0xEB, 0x00, 0x3C, 0x0F, 0xD0, 0x1F, 0x40, 0x3F, 0xFF,
    0xE0, 0x0B, 0x6F, 0xE0, 0x01, 0xC0, 0x00, 0x00, 0x00, 0xF8, 0x00, 0x07, 0xF0, 0x00, 0x2E, 0xC0, 0x00, 0xF7, 0x40,
    0x03, 0x8E, 0x00, 0x1D, 0x3C, 0x00, 0xB0, 0xB0, 0x03, 0xC1, 0xD0, 0x0F, 0x03, 0x80, 0x78, 0x0F, 0x02, 0xD0, 0x2C,
    0x0F, 0x00, 0x74, 0x3C, 0x00, 0xE1, 0xE0, 0x03, 0xCB, 0xEA, 0xAF, 0x3F, 0xFF, 0xFD, 0xBF, 0xFF, 0xF6, 0xFF, 0xFF,
    0xC7, 0x80, 0x0F, 0x0F, 0x00, 0x38, 0x3C, 0x01, 0xD0, 0xB4, 0x0B, 0x01, 0xE0, 0x3C, 0x03, 0xC0, 0xE0, 0x0F, 0x07,
    0x40, 0x2D, 0x2C, 0x00, 0x78, 0xF0, 0x00, 0xF3, 0x80, 0x03, 0xDD, 0x00, 0x0B, 0xF0, 0x00, 0x1F, 0xC0, 0x00, 0x15,
    0x00, 0x00, 0x00, 0x00, 0x02, 0xFF, 0xFF, 0x0F, 0x95, 0x55, 0x3D, 0x00, 0x00, 0x3C, 0x00, 0x00, 0x38, 0x00, 0x00,
    0x78, 0x00, 0x00, 0x7F, 0xFF, 0xFF, 0x79, 0x55, 0x55, 0x38, 0x00, 0x00, 0x3C, 0x00, 0x00, 0x1F, 0x40, 0x00, 0x07,
    0xFF, 0xFF, 0x00, 0x15, 0x55, 0x00, 0x00, 0x70, 0x00, 0x00, 0xA0, 0x00, 0x00, 0xD0, 0x02, 0xFF, 0xFF, 0x0F, 0xEB,
    0xEA, 0x2E, 0x03, 0x00, 0x3C, 0x07, 0x00, 0x38, 0x0D, 0x00, 0x7F, 0xFF, 0xFF, 0x7E, 0xBE, 0xAA, 0x38, 0x34, 0x00,
    0x3C, 0x70, 0x00, 0x2E, 0xA0, 0x00, 0x0F, 0xFA, 0xAA, 0x02, 0xFF, 0xFF, 0x02, 0x80, 0x00, 0x03, 0x00, 0x00, 0x01,
    0x00, 0x00, 0x2F, 0xF5, 0x80, 0x0B, 0xFF, 0x68, 0x00, 0x70, 0x00, 0xBF, 0xD0, 0x00, 0x00, 0x00, 0x7F, 0xFF, 0xE0,
    0x15, 0x55, 0xF8, 0x00, 0x00, 0x3D, 0x00, 0x00, 0x0F, 0x00, 0x00, 0x0F, 0x00, 0x00, 0x0F, 0x7F, 0xFF, 0xFF, 0x15,
    0x55, 0x5F, 0x00, 0x00, 0x0F, 0x00, 0x00, 0x1E, 0x00, 0x00, 0xBC, 0x7F, 0xFF, 0xE0, 0x15, 0x55, 0x00, 0x00, 0x00,
    0x60, 0x00, 0x00, 0xA0, 0x00, 0x00, 0xC0, 0x7F, 0xFF, 0xE0, 0x15, 0x57, 0xF8, 0x00, 0x03, 0x3D, 0x00, 0x07, 0x0F,
    0x00, 0x0A, 0x0F, 0x00, 0x0D, 0x0F, 0x7F, 0xFF, 0xFF, 0x15, 0x79, 0x5F, 0x00, 0x30, 0x0F, 0x00, 0x70, 0x1E, 0x00,
    0xE0, 0xBC, 0x7F, 0xFF, 0xE0, 0x17, 0xD5, 0x00, 0x03, 0x40, 0x00, 0x07, 0x00, 0x00, 0x2A, 0xAA, 0x1F, 0xFF, 0xC7,
    0xFF, 0xF1, 0xFF, 0xFC, 0x7F, 0xFF, 0x1F, 0xFF, 0xC7, 0xFF, 0xF1, 0xFF, 0xFC, 0x7F, 0xFF, 0x1F, 0xFF, 0xC7, 0xFF,
    0xF0, 0x2A, 0xAA, 0xAA, 0x3F, 0xFF, 0xFF, 0x0B, 0x00, 0xB4, 0x0B, 0x00, 0xB4, 0x0B, 0x00, 0xB4, 0x0B, 0x00, 0xB4,
    0x0B, 0x00, 0xB4, 0x0B, 0x00, 0xB4, 0x0B, 0x00, 0xB4, 0x0B, 0x00, 0xB4, 0x0B, 0x00, 0xB4, 0x0B, 0x00, 0xB4, 0x0B,
    0x00, 0xB4, 0x0B, 0x00, 0xB4, 0x0B, 0x00, 0xB4, 0x0B, 0x00, 0xB4, 0x0B, 0x00, 0xB4, 0x0B, 0x00, 0xB4, 0x0B, 0x00,
    0xB4, 0x05, 0x00, 0x50, 0x0F, 0x00, 0xB4, 0x0F, 0x00, 0xB4, 0x0F, 0x00, 0xB4, 0x0F, 0x00, 0xB4, 0x0F, 0x00, 0xB4,
    0x0F, 0x00, 0xB4, 0x0F, 0x00, 0xB4, 0x0F, 0x00, 0xB4, 0x0F, 0x00, 0xB4, 0x0F, 0x00, 0xB4, 0x0F, 0x00, 0xB4, 0x0F,
    0x00, 0xB4, 0x0F, 0x00, 0xB4, 0x0F, 0x00, 0xB4, 0x0F, 0x00, 0xB4, 0x0F, 0x00, 0xB4, 0x0F, 0x00, 0xB4, 0x2F, 0xAA,
    0xFE, 0x3F, 0xFF, 0xFF, 0xFF, 0xFF, 0xF7, 0xFA, 0xAA, 0x87, 0xC0, 0x00, 0x0B, 0xC0, 0x00, 0x0F, 0x80, 0x00, 0x0F,
    0x00, 0x00, 0x1F, 0x00, 0x00, 0x2E, 0x00, 0x00, 0x3D, 0x00, 0x00, 0x7C, 0x00, 0x02, 0xE0, 0x00, 0x2F, 0x00, 0x01,
    0xF0, 0x00, 0x0F, 0x40, 0x00, 0xB8, 0x00, 0x0B, 0x80, 0x00, 0x7C, 0x00, 0x03, 0xFA, 0xAA, 0x8F, 0xFF, 0xFF, 0x40,
    0x2A, 0xA9, 0x3F, 0xFE, 0xBF, 0xFF, 0xF0, 0x02, 0xD0, 0x00, 0x0B, 0x00, 0x00, 0x2C, 0x00, 0x00, 0xB0, 0x00, 0x02,
    0xC0, 0x0B, 0xFF, 0xFF, 0x2F, 0xFF, 0xFC, 0x00, 0xB0, 0x00, 0x02, 0xC0, 0x00, 0x0B, 0x00, 0x00, 0x2C, 0x00, 0x00,
    0x00, 0x0B, 0x00, 0x00, 0x07, 0x80, 0x00, 0x03, 0xC0, 0x00, 0x02, 0xC0, 0x00, 0x01, 0xE0, 0x00, 0x00, 0xF0, 0x00,
    0x00, 0xB0, 0x00, 0x00, 0x78, 0x00, 0x00, 0x3C, 0x00, 0x00, 0x2C, 0x00, 0x00, 0x1E, 0x00, 0x00, 0x0F, 0x00, 0x00,
    0x0B, 0x00, 0x00, 0x03, 0x80, 0x00, 0x03, 0xC0, 0x00, 0x02, 0xC0, 0x00, 0x00, 0x1F, 0x83, 0x0A, 0x20, 0x33, 0x0A,
    0x1F, 0x80, 0x3E, 0x1F, 0xC3, 0xE0, 0x00, 0x00, 0x00, 0x00, 0x00, 0x02, 0xC0, 0x00, 0x00, 0xF0, 0x00, 0x00, 0x34,
    0x00, 0x00, 0x2C, 0x1F, 0xD0, 0x0F, 0x06, 0xB8, 0x03, 0x80, 0x0F, 0x01, 0xD0, 0x02, 0xC0, 0xB0, 0x00, 0x74, 0x3C,
    0x00, 0x0E, 0x0D, 0x00, 0x02, 0xC7, 0x00, 0x00, 0x76, 0xC0, 0x00, 0x0E, 0xE0, 0x00, 0x03, 0xF4, 0x00, 0x00, 0xBC,
    0x00, 0x00, 0x04, 0x00, 0x00, 0x0F, 0xD1, 0xF8, 0x38, 0xB7, 0x5E, 0x34, 0x3C, 0x0B, 0x70, 0x2C, 0x0B, 0x30, 0x1D,
    0x0B, 0x38, 0x3F, 0x0E, 0x1F, 0xC3, 0xFC, 0x00, 0x00, 0x00, 0x62, 0xDB, 0x6D, 0xB6, 0xDB, 0x6D, 0xB6, 0xDB, 0x6D,
    0xB6, 0xDB, 0x6D, 0x01, 0x80, 0x02, 0xD0, 0x02, 0xD0, 0x02, 0xD5, 0x02, 0xDD, 0x02, 0xF8, 0x02, 0xF0, 0x02, 0xE0,
    0x02, 0xD0, 0x03, 0xD0, 0x0F, 0xD0, 0x1E, 0xD0, 0x36, 0xD0, 0x02, 0xD0, 0x02, 0xD0, 0x02, 0xD0, 0x60, 0x63, 0xC2,
    0xDF, 0x0B, 0x7C, 0x2D, 0xF0, 0xB7, 0xC2, 0xDF, 0x0B, 0x7C, 0x2D, 0xF0, 0xB7, 0xC2, 0xDF, 0x0B, 0x7C, 0x2D, 0xF0,
    0xB7, 0xC2, 0xDF, 0x0B, 0x7C, 0x2D, 0x00, 0x64, 0x00, 0x07, 0xF0, 0x00, 0x2E, 0xD0, 0x00, 0xF7, 0x80, 0x07, 0x4F,
    0x00, 0x3C, 0x2D, 0x00, 0xF0, 0x38, 0x07, 0x40, 0xF0, 0x3C, 0x02, 0xD0, 0xE0, 0x03, 0xCB, 0x40, 0x0F, 0x00, 0x60,
    0x00, 0x61, 0xE0, 0x03, 0xC3, 0xC0, 0x1E, 0x0B, 0x40, 0xB4, 0x1E, 0x03, 0xC0, 0x3C, 0x1E, 0x00, 0xB4, 0xB0, 0x00,
    0xE3, 0xC0, 0x03, 0xDD, 0x00, 0x0B, 0xF0, 0x00, 0x0F, 0xC0, 0x00, 0x01, 0xAA, 0x40, 0x0F, 0xFF, 0xF4, 0x2F, 0x00,
    0x7C, 0x3C, 0x00, 0x2E, 0x3C, 0x00, 0x1E, 0x3C, 0x00, 0x0E, 0x3C, 0x00, 0x0E, 0x3C, 0x00, 0x0E, 0x3C, 0x00, 0x0E,
    0x3C, 0x00, 0x0E, 0x3C, 0x00, 0x0E, 0x3C, 0x00, 0x0E, 0x3C, 0x00, 0x0E, 0x3C, 0x00, 0x0E, 0x3C, 0x00, 0x0E, 0x14,
    0x00, 0x05, 0x24, 0x00, 0x09, 0x3C, 0x00, 0x0E, 0x3C, 0x00, 0x0E, 0x3C, 0x00, 0x0E, 0x3C, 0x00, 0x0E, 0x3C, 0x00,
    0x0E, 0x3C, 0x00, 0x0E, 0x3C, 0x00, 0x0E, 0x3C, 0x00, 0x0E, 0x3C, 0x00, 0x0E, 0x3C, 0x00, 0x0E, 0x3C, 0x00, 0x0E,
    0x3C, 0x00, 0x1E, 0x2E, 0x00, 0x3D, 0x0F, 0xEB, 0xF8, 0x02, 0xFF, 0xD0, 0x00, 0x0F, 0xFC, 0x00, 0x3F, 0xA8, 0x00,
    0x78, 0x00, 0x00, 0x78, 0x00, 0x00, 0x78, 0x00, 0x00, 0x78, 0x00, 0x00, 0x78, 0x00, 0x00, 0x78, 0x00, 0x00, 0x78,
    0x00, 0x00, 0x78, 0x00, 0x00, 0x78, 0x00, 0x00, 0x78, 0x00, 0x00, 0x78, 0x00, 0x00, 0x78, 0x00, 0x00, 0x78, 0x00,
    0x00, 0x74, 0x00, 0x00, 0xF0, 0x00, 0xAF, 0xE0, 0x00, 0xFF, 0x40, 0x00, 0x00, 0x3D, 0x00, 0x00, 0x3E, 0x00, 0x00,
    0x18, 0x00, 0x00, 0x00, 0x00, 0x00, 0x00, 0x00, 0x00, 0x00, 0x00, 0x00, 0x00, 0x00, 0x00, 0x00, 0x00, 0x00, 0x00,
    0x00, 0x28, 0x00, 0x19, 0x7E, 0x00, 0x3F, 0x3D, 0x00, 0x2E, 0x3D, 0x00, 0x2E, 0x7E, 0x00, 0x3F, 0x28, 0x00, 0x19,
    0x00, 0x00, 0x00, 0x00, 0x00, 0x00, 0x00, 0x00, 0x00, 0x00, 0x00, 0x00, 0x00, 0x00, 0x00, 0x00, 0x00, 0x00, 0x00,
    0x18, 0x00, 0x00, 0x3E, 0x00, 0x00, 0x3D, 0x00, 0x3E, 0x1F, 0xC3, 0xE0, 0x00, 0x00, 0x00, 0x00, 0x00, 0x00, 0x00,
    0x0F, 0x87, 0xF0, 0xF8, 0x7C, 0x01, 0xF3, 0xF8, 0x0F, 0xDB, 0xD0, 0x3F, 0x04, 0x00, 0x10, 0x00, 0x00, 0x00, 0x00,
    0x00, 0x00, 0x00, 0x00, 0x04, 0x00, 0x10, 0xBD, 0x03, 0xF3, 0xF8, 0x0F, 0xD7, 0xC0, 0x1F, 0x00, 0x03, 0xD0, 0x07,
    0xF0, 0x07, 0xF0, 0x01, 0x80, 0x00, 0x00, 0x3F, 0xFE, 0x3F, 0xFE, 0x00, 0x00, 0x1F, 0x00, 0x00, 0x0B, 0xE0, 0x00,
    0x01, 0xF3, 0xFF, 0xF4, 0x00, 0xFF, 0xFD, 0x00, 0x00, 0x00, 0x00, 0x00, 0x00, 0x01, 0xF0, 0x00, 0x00, 0xBE, 0x00,
    0x00, 0x1F, 0x00, 0x06, 0x40, 0x60, 0xFF, 0x42, 0xC7, 0x4F, 0x0B, 0x2D, 0x0F, 0xBC, 0xB4, 0x0F, 0x80, 0x0B, 0xD0,
    0x38, 0x3C, 0x74, 0x1D, 0x34, 0x3C, 0x0F, 0x34, 0x1C, 0x0F, 0x38, 0x0F, 0x0E, 0x1E, 0x03, 0xF8, 0x00, 0x00, 0x00,
    0x06, 0x00, 0x50, 0xFF, 0x42, 0xC7, 0x4F, 0x0B, 0x2D, 0x0F, 0xBC, 0x70, 0x0F, 0x80, 0x00, 0x00, 0x00, 0x00, 0x00,
    0x1F, 0xFF, 0xFC, 0xBF, 0xFF, 0xF0, 0x06, 0x00, 0x50, 0xFF, 0x42, 0xC7, 0x4F, 0x0B, 0x2D, 0x0F, 0xBC, 0x70, 0x0F,
    0x80, 0x00, 0x00, 0x00, 0x00, 0x00, 0x2F, 0xFF, 0xFC, 0x6A, 0xAA, 0xA0, 0x00, 0x00, 0x00, 0x00, 0x00, 0x1A, 0xAA,
    0xA8, 0xBF, 0xFF, 0xF0, 0x00, 0x01, 0xC0, 0x00, 0x0A, 0x00, 0x64, 0x39, 0x0F, 0xF5, 0xEC, 0x74, 0xFE, 0xB2, 0xD0,
    0xFF, 0xC7, 0x01, 0xF8, 0x00, 0x0A, 0x00, 0x00, 0x34, 0x02, 0xFF, 0xFF, 0xC6, 0xAF, 0xAA, 0x00, 0x34, 0x00, 0x01,
    0xC0, 0x01, 0xAF, 0xAA, 0x8B, 0xFF, 0xFF, 0x01, 0xC0, 0x00, 0x0E, 0x00, 0x00, 0x30, 0x00, 0x00, 0x40, 0x00, 0x00,
    0x06, 0x40, 0x60, 0xFF, 0x42, 0xC7, 0x4F, 0x0B, 0x2D, 0x0F, 0xBC, 0xB4, 0x0F, 0x80, 0x19, 0x01, 0x83, 0xFD, 0x0B,
    0x1D, 0x3C, 0x2C, 0xB4, 0x3E, 0xF2, 0xD0, 0x3E, 0x00, 0x00, 0x01, 0xC0, 0x00, 0x0E, 0x00, 0x00, 0x30, 0x00, 0x02,
    0xC0, 0x06, 0x4D, 0x50, 0xFF, 0xB2, 0xC7, 0x4F, 0x8B, 0x2D, 0x0F, 0xBC, 0x70, 0x7F, 0x80, 0x1B, 0x81, 0x43, 0xFD,
    0x0B, 0x1D, 0x7C, 0x2C, 0xB7, 0xFE, 0xF1, 0xDC, 0x7E, 0x00, 0x70, 0x00, 0x03, 0x80, 0x00, 0x0C, 0x00, 0x00, 0x10,
    0x00, 0x00, 0x06, 0x00, 0x50, 0xFF, 0x82, 0xC7, 0x4B, 0xEF, 0x2C, 0x07, 0xF0, 0x00, 0x00, 0x00, 0x19, 0x01, 0x43,
    0xFF, 0x4B, 0x2D, 0x1F, 0xF8, 0x50, 0x06, 0x40, 0x00, 0x00, 0x02, 0xF9, 0x0B, 0x1E, 0xBF, 0xBC, 0xB0, 0x1F, 0xD0,
    0x3C, 0x00, 0x1E, 0x3E, 0x00, 0x3D, 0x0F, 0xFF, 0xFC, 0x02, 0xFF, 0x90, 0x00, 0x00, 0x00, 0x02, 0xFF, 0x90, 0x0F,
    0xFF, 0xF8, 0x3E, 0x00, 0x3D, 0x3C, 0x00, 0x1E, 0x24, 0x00, 0x00, 0x3F, 0x00, 0x00, 0x0F, 0xD3, 0xFF, 0xF9, 0xF0,
    0xBF, 0xFE, 0x00, 0x00, 0x00, 0x00, 0x00, 0x00, 0x02, 0x40, 0x00, 0x03, 0xF0, 0xFF, 0xFE, 0xFD, 0x2F, 0xFF, 0x9E,
    0x00, 0x00, 0x00, 0x00, 0xF8, 0x00, 0x3E, 0xE0, 0x03, 0x0B, 0x00, 0x34, 0xA0, 0x02, 0xFD, 0x00, 0x06, 0x40, 0x00,
    0x00, 0x00, 0x00, 0x00, 0x3F, 0xFF, 0xF2, 0xAA, 0xA9, 0x00, 0x00, 0x00, 0x00, 0x00, 0x2A, 0xAA, 0x93, 0xFF, 0xFF,
    0x03, 0xFD, 0x00, 0x2A, 0xF0, 0x00, 0x03, 0x00, 0x0B, 0xF0, 0x00, 0xB4, 0x00, 0x00, 0x00, 0x00, 0xA0, 0x00, 0x05,
    0x00, 0x00, 0x00, 0x03, 0xFF, 0xFF, 0x2A, 0xAA, 0x90, 0x00, 0x00, 0x00, 0x00, 0x02, 0xAA, 0xA9, 0x3F, 0xFF, 0xF0,
    0x00, 0x01, 0xC0, 0x00, 0x38, 0x00, 0x03, 0x00, 0x00, 0x70, 0x00, 0x0E, 0x00, 0x00, 0xC0, 0x2A, 0xBE, 0xA3, 0xFF,
    0xFF, 0x00, 0x30, 0x00, 0x0B, 0x00, 0x00, 0xD0, 0x02, 0xAF, 0xAA, 0x3F, 0xFF, 0xF0, 0x34, 0x00, 0x07, 0x00, 0x00,
    0xA0, 0x00, 0x0D, 0x00, 0x01, 0xC0, 0x00, 0x2A, 0xAA, 0x93, 0xFF, 0xFF, 0x00, 0x00, 0x00, 0x00, 0x00, 0x00, 0x00,
    0x03, 0xFF, 0xFF, 0x2A, 0xAA, 0x90, 0x00, 0x00, 0x00, 0x00, 0x02, 0xAA, 0xA9, 0x3F, 0xFF, 0xF0, 0x00, 0x01, 0x40,
    0x00, 0x34, 0x00, 0x07, 0x02, 0xAA, 0xF9, 0x3F, 0xFF, 0xF0, 0x01, 0xC0, 0x00, 0x28, 0x00, 0x03, 0x40, 0x3F, 0xFF,
    0xF2, 0xAF, 0xA9, 0x00, 0xD0, 0x00, 0x1C, 0x00, 0x2B, 0xEA, 0x93, 0xFF, 0xFF, 0x07, 0x00, 0x00, 0xA0, 0x00, 0x0D,
    0x00, 0x00, 0x3F, 0xFF, 0xE3, 0xFF, 0xFF, 0x00, 0x00, 0x03, 0xFF, 0xFE, 0x3F, 0xFF, 0xF0, 0x00, 0x00, 0x3F, 0xFF,
    0xE3, 0xFF, 0xFF, 0x00, 0x00, 0x03, 0xFF, 0xFE, 0x3F, 0xFF, 0xF0, 0x00, 0x00, 0x00, 0x00, 0x06, 0x00, 0x07, 0xE0,
    0x07, 0xF4, 0x07, 0xF4, 0x03, 0xF4, 0x00, 0x38, 0x00, 0x03, 0xF8, 0x00, 0x07, 0xF8, 0x00, 0x07, 0xF8, 0x00, 0x07,
    0xF0, 0x00, 0x06, 0x00, 0x00, 0x00, 0x00, 0x00, 0x2A, 0xAA, 0xA3, 0xFF, 0xFF, 0x00, 0x00, 0x03, 0x40, 0x00, 0x3F,
    0x40, 0x00, 0xBF, 0x40, 0x00, 0xBF, 0x40, 0x00, 0xBE, 0x00, 0x00, 0xF0, 0x00, 0xBE, 0x00, 0xBE, 0x00, 0xBE, 0x00,
    0x3E, 0x00, 0x02, 0x00, 0x00, 0x00, 0x00, 0x00, 0x00, 0x00, 0x2A, 0xAA, 0xA3, 0xFF, 0xFF, 0x00, 0x00, 0x00, 0x00,
    0x0B, 0x00, 0xA0, 0x0F, 0x81, 0xF4, 0x1F, 0x42, 0xE0, 0x3E, 0x07, 0xD0, 0x3D, 0x07, 0x80, 0x0F, 0x41, 0xE0, 0x00,
    0xF8, 0x1F, 0x40, 0x0B, 0xC0, 0xF8, 0x00, 0x7D, 0x07, 0xC0, 0x02, 0xC0, 0x38, 0x00, 0x10, 0x01, 0x00, 0x00, 0x00,
    0x34, 0x07, 0x40, 0x0B, 0xC0, 0xF8, 0x00, 0x7D, 0x0B, 0xC0, 0x02, 0xF0, 0x3E, 0x00, 0x1F, 0x02, 0xE0, 0x07, 0xC0,
    0xB8, 0x0B, 0xC0, 0xF8, 0x0F, 0x81, 0xF4, 0x1F, 0x02, 0xE0, 0x0E, 0x01, 0xD0, 0x01, 0x00, 0x00, 0x00, 0x50, 0x20,
    0xBF, 0x40, 0xEC, 0x0D, 0x28, 0x70, 0x32, 0x80, 0x99, 0x02, 0x64, 0x0A, 0x90, 0x25, 0x80, 0xD3, 0x03, 0x0B, 0x34,
    0x0F, 0x81, 0xE6, 0xD0, 0x00, 0x00, 0x00, 0x00, 0x50, 0x00, 0x00, 0xD0, 0x00, 0x02, 0xC0, 0x3C, 0x03, 0x9E, 0x3E,
    0x07, 0x7D, 0x0F, 0xFF, 0xFC, 0x02, 0xFF, 0x90, 0x00, 0x1C, 0x00, 0x02, 0xFF, 0x90, 0x0F, 0xFF, 0xFC, 0x3E, 0xB0,
    0x3D, 0x3C, 0xE0, 0x1E, 0x01, 0xC0, 0x00, 0x02, 0xC0, 0x00, 0x01, 0x40, 0x00, 0x00, 0x03, 0x40, 0x00, 0x30, 0x00,
    0x07, 0x00, 0x00, 0xE6, 0x00, 0x0F, 0xF0, 0x07, 0xF8, 0x07, 0xF8, 0x03, 0xFB, 0x00, 0x38, 0xB0, 0x03, 0xFD, 0x00,
    0x0B, 0xF4, 0x00, 0x2F, 0xF4, 0x03, 0x4B, 0xE0, 0x70, 0x0B, 0x0A, 0x00, 0x00, 0xD0, 0x00, 0x1C, 0x00, 0x00, 0x00,
    0x03, 0x40, 0x00, 0x30, 0x00, 0x07, 0x02, 0x00, 0xD0, 0x3E, 0x0C, 0x01, 0xFF, 0xC0, 0x01, 0xFE, 0x00, 0x03, 0xFE,
    0x00, 0xB1, 0xF0, 0x0D, 0x7E, 0x00, 0xFF, 0x40, 0x7F, 0x40, 0x3F, 0x40, 0x03, 0xB0, 0x00, 0x0A, 0x00, 0x00, 0xD0,
    0x00, 0x1C, 0x00, 0x00, 0x00, 0x00, 0x40, 0x00, 0x2C, 0x00, 0x03, 0xE0, 0x00, 0xBE, 0x00, 0xBF, 0x40, 0x7F, 0xD0,
    0x3F, 0x4C, 0x03, 0x82, 0xC0, 0x3F, 0xB4, 0x00, 0x7F, 0x80, 0x00, 0xBF, 0x80, 0x0D, 0x7F, 0x00, 0xC0, 0x60, 0x2C,
    0x00, 0x03, 0x40, 0x02, 0xBE, 0xAA, 0x3F, 0xFF, 0xF0, 0xD0, 0x00, 0x0C, 0x00, 0x00, 0x40, 0x00, 0x00, 0x00, 0x40,
    0x00, 0x2C, 0x34, 0x03, 0x43, 0xF4, 0x30, 0x0B, 0xFB, 0x00, 0x0B, 0xF4, 0x00, 0x1F, 0xE0, 0x02, 0xCF, 0x00, 0x3F,
    0xE0, 0x0B, 0xE0, 0x0B, 0xF0, 0x03, 0xED, 0x00, 0x20, 0xC0, 0x00, 0x2C, 0x00, 0x03, 0x40, 0x02, 0xBE, 0xAA, 0x3F,
    0xFF, 0xF0, 0xD0, 0x00, 0x0C, 0x00, 0x00, 0x40, 0x00, 0x00, 0x00, 0x00, 0x00, 0x01, 0x80, 0x00, 0x7E, 0x00, 0x1F,
    0xD0, 0x07, 0xF4, 0x00, 0xFD, 0x00, 0x03, 0x80, 0x00, 0x0F, 0xD0, 0x00, 0x07, 0xF4, 0x00, 0x01, 0xFD, 0x00, 0x00,
    0x7F, 0x00, 0x00, 0x18, 0x00, 0x00, 0x00, 0xBE, 0x42, 0xC7, 0xEF, 0xEF, 0x2C, 0x0B, 0xF0, 0x20, 0x00, 0x03, 0xE0,
    0x00, 0x1F, 0xE0, 0x00, 0x1F, 0xE0, 0x00, 0x1B, 0xE0, 0x00, 0x1F, 0x00, 0x07, 0xE0, 0x07, 0xF4, 0x0B, 0xF4, 0x03,
    0xF4, 0x00, 0x34, 0x00, 0x00, 0x00, 0x00, 0x1F, 0xD0, 0xF3, 0xEF, 0xAE, 0x74, 0x2F, 0x80, 0x00, 0x00, 0x50, 0x00,
    0x1E, 0x00, 0x03, 0xC0, 0x01, 0xF8, 0x06, 0xFD, 0x0F, 0xF9, 0x00, 0xFF, 0xE4, 0x00, 0x1B, 0xE0, 0x00, 0x0F, 0x80,
    0x00, 0x3D, 0x00, 0x01, 0xE0, 0x00, 0x05, 0x24, 0x00, 0x00, 0xF0, 0x00, 0x02, 0xE0, 0x00, 0x03, 0xE0, 0x00, 0x02,
    0xF9, 0x00, 0x00, 0xAF, 0xD0, 0x07, 0xFF, 0x40, 0xFE, 0x40, 0x0F, 0x80, 0x00, 0xB4, 0x00, 0x03, 0xC0, 0x00, 0x05,
    0x00, 0x00, 0x00, 0x00, 0xF0, 0x00, 0x2D, 0x00, 0x0B, 0xC0, 0x1B, 0xE0, 0xFF, 0xE0, 0x0F, 0xFE, 0x00, 0x06, 0xFD,
    0x00, 0x01, 0xF4, 0x00, 0x03, 0xC0, 0x00, 0x2E, 0x00, 0x00, 0xF0, 0x00, 0x00, 0x00, 0x00, 0x0A, 0xAA, 0xAA, 0xFF,
    0xFF, 0xF0, 0x02, 0xFF, 0xFF, 0x0F, 0xFF, 0xFF, 0x3E, 0x00, 0x00, 0x3C, 0x00, 0x00, 0x38, 0x00, 0x00, 0x38, 0x00,
    0x00, 0x3C, 0x00, 0x00, 0x3E, 0x00, 0x00, 0x0F, 0xFF, 0xFF, 0x02, 0xFF, 0xFF, 0x7F, 0xFF, 0xD0, 0x7F, 0xFF, 0xF8,
    0x00, 0x00, 0x3D, 0x00, 0x00, 0x1E, 0x00, 0x00, 0x0F, 0x00, 0x00, 0x0F, 0x00, 0x00, 0x1E, 0x00, 0x00, 0x3D, 0x7F,
    0xFF, 0xF8, 0x7F, 0xFF, 0xD0, 0x00, 0x00, 0x70, 0x00, 0x00, 0xE0, 0x00, 0x00, 0xC0, 0x00, 0x01, 0xC0, 0x02, 0xFF,
    0xFF, 0x0F, 0xEF, 0xAA, 0x3D, 0x07, 0x00, 0x3C, 0x0D, 0x00, 0x38, 0x0C, 0x00, 0x38, 0x2C, 0x00, 0x3C, 0x34, 0x00,
    0x3D, 0x70, 0x00, 0x0F, 0xFA, 0xAA, 0x02, 0xFF, 0xFF, 0x01, 0xC0, 0x00, 0x02, 0x80, 0x00, 0x03, 0x40, 0x00, 0x07,
    0x00, 0x00, 0x00, 0x00, 0x70, 0x00, 0x00, 0xE0, 0x00, 0x00, 0xC0, 0x00, 0x01, 0xC0, 0x7F, 0xFF, 0xD0, 0x7F, 0xFF,
    0xF8, 0x00, 0x07, 0x3D, 0x00, 0x0E, 0x1E, 0x00, 0x0C, 0x0F, 0x00, 0x2C, 0x0F, 0x00, 0x34, 0x0E, 0x00, 0x70, 0x3D,
    0x7F, 0xFF, 0xF8, 0x7F, 0xFF, 0xD0, 0x01, 0xC0, 0x00, 0x02, 0x80, 0x00, 0x03, 0x40, 0x00, 0x07, 0x00, 0x00, 0x02,
    0xFF, 0xFF, 0x0F, 0xEA, 0xAA, 0x3D, 0x00, 0x00, 0x3C, 0x00, 0x00, 0x78, 0x00, 0x00, 0x38, 0x00, 0x00, 0x3C, 0x00,
    0x00, 0x2E, 0x00, 0x00, 0x0F, 0xFF, 0xFF, 0x01, 0xAA, 0xAA, 0x00, 0x00, 0x00, 0x00, 0x00, 0x00, 0x2A, 0xAA, 0xAA,
    0x3F, 0xFF, 0xFF, 0x7F, 0xFF, 0xD0, 0x6A, 0xAB, 0xF8, 0x00, 0x00, 0x3D, 0x00, 0x00, 0x0E, 0x00, 0x00, 0x0F, 0x00,
    0x00, 0x0F, 0x00, 0x00, 0x1E, 0x00, 0x00, 0x7D, 0x7F, 0xFF, 0xF4, 0x6A, 0xAA, 0x80, 0x00, 0x00, 0x00, 0x00, 0x00,
    0x00, 0x6A, 0xAA, 0xA9, 0x7F, 0xFF, 0xFE, 0x00, 0x00, 0x14, 0x00, 0x00, 0x38, 0x00, 0x00, 0x70, 0x00, 0x00, 0xB0,
    0x02, 0xFF, 0xFF, 0x0F, 0xEB, 0xEA, 0x3D, 0x02, 0xC0, 0x3C, 0x03, 0x40, 0x78, 0x07, 0x00, 0x38, 0x0E, 0x00, 0x3C,
    0x1C, 0x00, 0x2E, 0x2C, 0x00, 0x0F, 0xFF, 0xFF, 0x01, 0xFA, 0xAA, 0x00, 0xE0, 0x00, 0x00, 0xD0, 0x00, 0x2B, 0xFA,
    0xAA, 0x3F, 0xFF, 0xFF, 0x03, 0x40, 0x00, 0x0B, 0x00, 0x00, 0x05, 0x00, 0x00, 0x00, 0x00, 0x14, 0x00, 0x00, 0x38,
    0x00, 0x00, 0x70, 0x00, 0x00, 0xB0, 0x7F, 0xFF, 0xE0, 0x6A, 0xAB, 0xF8, 0x00, 0x02, 0xFD, 0x00, 0x03, 0x4E, 0x00,
    0x07, 0x0F, 0x00, 0x0E, 0x0F, 0x00, 0x1C, 0x1E, 0x00, 0x2C, 0x7D, 0x7F, 0xFF, 0xF4, 0x6A, 0xFA, 0x80, 0x00, 0xE0,
    0x00, 0x00, 0xD0, 0x00, 0x6B, 0xFA, 0xA9, 0x7F, 0xFF, 0xFE, 0x03, 0x40, 0x00, 0x0B, 0x00, 0x00, 0x05, 0x00, 0x00,
    0x50, 0x00, 0x12, 0x80, 0x00, 0xCA, 0x00, 0x03, 0x28, 0x00, 0x0C, 0xA0, 0x00, 0x32, 0x80, 0x00, 0xCA, 0x00, 0x03,
    0x28, 0x00, 0x0C, 0xA0, 0x10, 0x32, 0x80, 0x80, 0xCA, 0x02, 0x03, 0x2A, 0xFF, 0xCC, 0x60, 0x20, 0x31, 0xC0, 0x81,
    0xC2, 0xC0, 0x1D, 0x02, 0xFF, 0xD0, 0x7F, 0xFF, 0xFF, 0x7F, 0xFF, 0xFF, 0x78, 0x00, 0x00, 0x78, 0x00, 0x00, 0x78,
    0x00, 0x00, 0x78, 0x00, 0x00, 0x78, 0x00, 0x00, 0x78, 0x00, 0x00, 0x7F, 0xFF, 0xFF, 0x7F, 0xFF, 0xFF, 0x7F, 0xFF,
    0xFF, 0x7F, 0xFF, 0xFF, 0x00, 0x00, 0x0F, 0x00, 0x00, 0x0F, 0x00, 0x00, 0x0F, 0x00, 0x00, 0x0F, 0x00, 0x00, 0x0F,
    0x00, 0x00, 0x0F, 0x7F, 0xFF, 0xFF, 0x7F, 0xFF, 0xFF, 0x7F, 0xFF, 0xFF, 0x7E, 0xAA, 0xAA, 0x78, 0x00, 0x00, 0x78,
    0x00, 0x00, 0x78, 0x00, 0x00, 0x78, 0x00, 0x00, 0x78, 0x00, 0x00, 0x78, 0x00, 0x00, 0x7F, 0xFF, 0xFF, 0x2A, 0xAA,
    0xAA, 0x00, 0x00, 0x00, 0x00, 0x00, 0x00, 0x2A, 0xAA, 0xAA, 0x7F, 0xFF, 0xFF, 0x7F, 0xFF, 0xFF, 0x6A, 0xAA, 0xAF,
    0x00, 0x00, 0x0F, 0x00, 0x00, 0x0F, 0x00, 0x00, 0x0F, 0x00, 0x00, 0x0F, 0x00, 0x00, 0x0F, 0x00, 0x00, 0x0F, 0x7F,
    0xFF, 0xFF, 0x6A, 0xAA, 0xAA, 0x00, 0x00, 0x00, 0x00, 0x00, 0x00, 0x6A, 0xAA, 0xAA, 0x7F, 0xFF, 0xFF, 0xAA, 0xAA,
    0xA2, 0xFF, 0xFF, 0xDB, 0x00, 0x0B, 0x6C, 0x00, 0x2D, 0xB0, 0x00, 0xB6, 0xC0, 0x02, 0xDB, 0x00, 0x0B, 0x6C, 0x00,
    0x2D, 0xB0, 0x00, 0xB6, 0xC0, 0x02, 0xDB, 0x00, 0x0B, 0x54, 0x00, 0x14, 0xB0, 0x00, 0xB6, 0xC0, 0x02, 0xDB, 0x00,
    0x0B, 0x6C, 0x00, 0x2D, 0xB0, 0x00, 0xB6, 0xC0, 0x02, 0xDB, 0x00, 0x0B, 0x6C, 0x00, 0x2D, 0xB0, 0x00, 0xB6, 0xFA,
    0xAB, 0xDB, 0xFF, 0xFF, 0x40, 0x00, 0x05, 0x40, 0x00, 0x1F, 0xFF, 0x80, 0x07, 0x4B, 0x0B, 0x00, 0xC0, 0xB0, 0x2C,
    0x24, 0x0B, 0x00, 0xD3, 0x00, 0xB0, 0x06, 0x3F, 0xFF, 0xFF, 0xF3, 0xFF, 0xFF, 0xFE, 0x30, 0x0B, 0x00, 0x62, 0x40,
    0xB0, 0x0D, 0x0C, 0x0B, 0x01, 0xC0, 0x74, 0xB0, 0xB0, 0x01, 0xFF, 0xB8, 0x00, 0x00, 0x54, 0x00, 0x00, 0x6F, 0xE0,
    0x00, 0x3D, 0x01, 0xD0, 0x0E, 0x00, 0x03, 0x41, 0x80, 0x00, 0x0C, 0x30, 0x00, 0x00, 0x93, 0x00, 0x00, 0x06, 0x30,
    0xFF, 0xF8, 0x73, 0x0F, 0xFF, 0x86, 0x30, 0x00, 0x00, 0x91, 0x80, 0x00, 0x0C, 0x0E, 0x00, 0x03, 0x40, 0x3D, 0x01,
    0xD0, 0x00, 0x6F, 0xE0, 0x00, 0x00, 0x00, 0x00, 0x00, 0x07, 0xFE, 0x40, 0x03, 0xE5, 0x7E, 0x00, 0xF4, 0x00, 0xB4,
    0x1F, 0xC0, 0x1F, 0xC3, 0x4F, 0x0B, 0x8D, 0x30, 0x3E, 0xE0, 0x63, 0x00, 0xF8, 0x07, 0x30, 0x2F, 0xD0, 0x63, 0x0B,
    0x4F, 0x4A, 0x2A, 0xD0, 0x3D, 0xC0, 0xF4, 0x00, 0xF8, 0x07, 0xD0, 0x6E, 0x00, 0x0B, 0xFF, 0x40, 0x00, 0x01, 0x00,
    0x00, 0x00, 0x00, 0x00, 0x00, 0x07, 0xFE, 0x40, 0x03, 0xE5, 0xBE, 0x00, 0xF0, 0x02, 0xF4, 0x1C, 0x00, 0x71, 0xC3,
    0x40, 0x0D, 0x09, 0x30, 0x02, 0x80, 0x63, 0x00, 0x70, 0x07, 0x30, 0x0D, 0x00, 0x63, 0x03, 0x80, 0x0A, 0x28, 0xB0,
    0x00, 0xC0, 0xEC, 0x00, 0x38, 0x07, 0xD0, 0x6E, 0x00, 0x0B, 0xFF, 0x40, 0x00, 0x01, 0x00, 0x00, 0x00, 0x6F, 0xE0,
    0x00, 0x3D, 0x01, 0xD0, 0x0E, 0x00, 0x03, 0x41, 0x80, 0x00, 0x0C, 0x30, 0x00, 0x00, 0x93, 0x00, 0xB0, 0x06, 0x30,
    0x0B, 0x40, 0x73, 0x00, 0x00, 0x06, 0x30, 0x00, 0x00, 0x91, 0x80, 0x00, 0x0C, 0x0E, 0x00, 0x03, 0x40, 0x3D, 0x01,
    0xD0, 0x00, 0x6F, 0xE0, 0x00, 0x00, 0x1A, 0x90, 0x00, 0x1F, 0xFB, 0xC0, 0x0B, 0x0B, 0x07, 0x01, 0xC0, 0xB0, 0x1C,
    0x3E, 0x4B, 0x07, 0xD3, 0xFF, 0xBB, 0xFE, 0x30, 0x6F, 0xE4, 0x73, 0x01, 0xFC, 0x06, 0x30, 0x3C, 0xF0, 0xA2, 0x8F,
    0x0B, 0x8C, 0x0F, 0xD0, 0x3F, 0x80, 0x7D, 0x06, 0xF0, 0x00, 0xBF, 0xF8, 0x00, 0x00, 0x10, 0x00, 0x00, 0x00, 0x00,
    0x00, 0x07, 0xFE, 0x40, 0x03, 0xE5, 0x7E, 0x00, 0xE0, 0x00, 0x74, 0x1C, 0x00, 0x01, 0xC3, 0xFF, 0xFF, 0xFD, 0x35,
    0x55, 0x55, 0xA3, 0x00, 0x00, 0x07, 0x30, 0x00, 0x00, 0x63, 0xFF, 0xFF, 0xFE, 0x2D, 0x55, 0x55, 0xC0, 0xE0, 0x00,
    0x38, 0x07, 0xD0, 0x6E, 0x00, 0x0B, 0xFF, 0x40, 0x00, 0x01, 0x00, 0x00, 0x00, 0x00, 0x00, 0x00, 0x07, 0xFE, 0x40,
    0x03, 0xE5, 0x7E, 0x00, 0xF0, 0x00, 0x74, 0x1C, 0x00, 0x01, 0xC3, 0x40, 0x00, 0x09, 0x30, 0x00, 0x00, 0x63, 0xFF,
    0xFF, 0xFF, 0x35, 0x55, 0x55, 0xA3, 0x00, 0x00, 0x0A, 0x28, 0x00, 0x00, 0xC0, 0xE0, 0x00, 0x38, 0x07, 0xD0, 0x6E,
    0x00, 0x0B, 0xFF, 0x40, 0x00, 0x01, 0x00, 0x00, 0xFF, 0xFF, 0xFF, 0xBE, 0x00, 0x07, 0xEE, 0xE0, 0x07, 0xEB, 0x2F,
    0x07, 0xC6, 0xC2, 0xF7, 0xC1, 0xB0, 0x2F, 0xD0, 0x6C, 0x03, 0xE0, 0x1B, 0x03, 0xFD, 0x06, 0xC2, 0xE3, 0xD1, 0xB2,
    0xE0, 0x3C, 0x6E, 0xE0, 0x03, 0xEB, 0xE0, 0x00, 0x3E, 0xFF, 0xFF, 0xFF, 0x80, 0xFF, 0xFF, 0xFF, 0xB0, 0x00, 0x00,
    0xAC, 0x00, 0x00, 0x1B, 0x00, 0x00, 0x06, 0xC0, 0x00, 0x01, 0xB0, 0x00, 0x00, 0x6C, 0x3F, 0xFE, 0x1B, 0x0F, 0xFF,
    0x86, 0xC0, 0x00, 0x01, 0xB0, 0x00, 0x00, 0x6C, 0x00, 0x00, 0x1B, 0x00, 0x00, 0x06, 0xFF, 0xFF, 0xFF, 0x80, 0x00,
    0x00, 0x00, 0xFF, 0xFF, 0xFF, 0xB0, 0x0B, 0x40, 0xAC, 0x02, 0xC0, 0x1B, 0x00, 0xB0, 0x06, 0xC0, 0x2C, 0x01, 0xB0,
    0x0B, 0x00, 0x6F, 0xFF, 0xFF, 0xFB, 0xAA, 0xFE, 0xAE, 0xC0, 0x2C, 0x01, 0xB0, 0x0B, 0x00, 0x6C, 0x02, 0xC0, 0x1B,
    0x00, 0xB0, 0x06, 0xFF, 0xFF, 0xFF, 0x80, 0x00, 0x00, 0x00, 0xFF, 0xFF, 0xFF, 0xB0, 0x00, 0x00, 0xAC, 0x00, 0x00,
    0x1B, 0x00, 0x00, 0x06, 0xC0, 0x00, 0x01, 0xB0, 0x00, 0x00, 0x6C, 0x02, 0xD0, 0x1B, 0x00, 0xB0, 0x06, 0xC0, 0x00,
    0x01, 0xB0, 0x00, 0x00, 0x6C, 0x00, 0x00, 0x1B, 0x00, 0x00, 0x06, 0xFF, 0xFF, 0xFF, 0x80, 0x00, 0x00, 0x00, 0xF0,
    0x00, 0x00, 0x3C, 0x00, 0x00, 0x0F, 0x00, 0x00, 0x03, 0xC0, 0x00, 0x00, 0xF0, 0x00, 0x00, 0x3E, 0xAA, 0xAA, 0x9F,
    0xFF, 0xFF, 0xFB, 0xC0, 0x00, 0x00, 0xF0, 0x00, 0x00, 0x3C, 0x00, 0x00, 0x0F, 0x00, 0x00, 0x03, 0xC0, 0x00, 0x00,
    0x50, 0x00, 0x00, 0x00, 0x00, 0x00, 0x07, 0x80, 0x00, 0x01, 0xE0, 0x00, 0x00, 0x78, 0x00, 0x00, 0x1E, 0x00, 0x00,
    0x07, 0xBF, 0xFF, 0xFF, 0xEF, 0xFF, 0xFF, 0xF8, 0x00, 0x00, 0x1E, 0x00, 0x00, 0x07, 0x80, 0x00, 0x01, 0xE0, 0x00,
    0x00, 0x78, 0x00, 0x00, 0x1E, 0x00, 0x00, 0x01, 0x40, 0xAA, 0xAA, 0xAA, 0x7F, 0xFF, 0xFF, 0xE0, 0x02, 0xD0, 0x00,
    0x00, 0xB4, 0x00, 0x00, 0x2D, 0x00, 0x00, 0x0B, 0x40, 0x00, 0x02, 0xD0, 0x00, 0x00, 0xB4, 0x00, 0x00, 0x2D, 0x00,
    0x00, 0x0B, 0x40, 0x00, 0x02, 0xD0, 0x00, 0x00, 0xB4, 0x00, 0x00, 0x2C, 0x00, 0x00, 0x00, 0x18, 0x00, 0x00, 0x0B,
    0x40, 0x00, 0x02, 0xD0, 0x00, 0x00, 0xB4, 0x00, 0x00, 0x2D, 0x00, 0x00, 0x0B, 0x40, 0x00, 0x02, 0xD0, 0x00, 0x00,
    0xB4, 0x00, 0x00, 0x2D, 0x00, 0x00, 0x0B, 0x40, 0x00, 0x02, 0xD0, 0x02, 0xAA, 0xFE, 0xA9, 0xFF, 0xFF, 0xFF, 0x80,
    0x00, 0x00, 0x00, 0x00, 0x06, 0x00, 0x07, 0xF0, 0x07, 0xFF, 0x07, 0xF4, 0xF3, 0xF4, 0x0F, 0x38, 0x00, 0xF3, 0xF8,
    0x0F, 0x07, 0xF8, 0xF0, 0x07, 0xFF, 0x00, 0x07, 0xF0, 0x00, 0x06, 0x00, 0x00, 0x00, 0x00, 0x00, 0x2A, 0xAA, 0xA3,
    0xFF, 0xFF, 0x00, 0x00, 0x2E, 0x00, 0x00, 0x14, 0x9B, 0xFF, 0xFD, 0x24, 0x00, 0x00, 0xF8, 0x60, 0x00, 0x61, 0xE0,
    0x03, 0xC3, 0xC0, 0x1E, 0x0B, 0x40, 0xB4, 0x1E, 0x03, 0xC0, 0x3C, 0x1E, 0x00, 0xB4, 0xB0, 0x00, 0xE3, 0xC0, 0x03,
    0xDD, 0x00, 0x0B, 0xF0, 0x00, 0x0F, 0xC0, 0x00, 0x00, 0x00, 0x00, 0x00, 0x00, 0xAA, 0xAA, 0x83, 0xFF, 0xFF, 0x00,
    0x2A, 0xAA, 0xA9, 0x3F, 0xFF, 0xFE, 0x00, 0x00, 0x00, 0x00, 0x00, 0x00, 0x00, 0x3E, 0x00, 0x00, 0xBF, 0x00, 0x00,
    0xFB, 0x40, 0x00, 0xE3, 0xC0, 0x02, 0xD3, 0xC0, 0x03, 0xC1, 0xE0, 0x07, 0x80, 0xF0, 0x0B, 0x40, 0xB4, 0x0F, 0x00,
    0x78, 0x1E, 0x00, 0x3C, 0x14, 0x00, 0x14, 0x2A, 0xAA, 0xA9, 0x3F, 0xFF, 0xFE, 0x00, 0x00, 0x00, 0x00, 0x00, 0x00,
    0x2D, 0x00, 0x2C, 0x0E, 0x00, 0x3C, 0x0F, 0x00, 0x74, 0x07, 0x40, 0xF0, 0x03, 0xC0, 0xE0, 0x03, 0xC2, 0xD0, 0x01,
    0xE3, 0xC0, 0x00, 0xF3, 0x80, 0x00, 0xBB, 0x40, 0x00, 0x7F, 0x00, 0x00, 0x15, 0x00, 0x01, 0xAA, 0x40, 0x0F, 0xFF,
    0xF4, 0x2F, 0x00, 0x7C, 0x3C, 0x00, 0x2E, 0x3C, 0x00, 0x1E, 0x3C, 0x00, 0x0E, 0x3C, 0x00, 0x0E, 0x3C, 0x00, 0x0E,
    0x3C, 0x00, 0x0E, 0x3C, 0x00, 0x0E, 0x3C, 0x00, 0x0E, 0x3C, 0x00, 0x0E, 0x3C, 0x00, 0x0E, 0x3C, 0x00, 0x0E, 0x3C,
    0x00, 0x0E, 0x14, 0x00, 0x05, 0x24, 0x00, 0x09, 0x3C, 0x00, 0x0E, 0x3C, 0x00, 0x0E, 0x3C, 0x00, 0x0E, 0x3C, 0x00,
    0x0E, 0x3C, 0x00, 0x0E, 0x3C, 0x00, 0x0E, 0x3C, 0x00, 0x0E, 0x3C, 0x00, 0x0E, 0x3C, 0x00, 0x0E, 0x3C, 0x00, 0x0E,
    0x3C, 0x00, 0x0E, 0x3C, 0x00, 0x1E, 0x2E, 0x00, 0x3D, 0x0F, 0xEB, 0xF8, 0x02, 0xFF, 0xD0, 0x02, 0x00, 0x3A, 0x03,
    0x06, 0x0C, 0x1C, 0x1D, 0xC0, 0x18, 0x00, 0x00, 0x00, 0x01, 0x00, 0x30, 0x2F, 0xC0, 0xB4, 0x08, 0x40, 0x00, 0x80,
    0x00, 0x00, 0x78, 0x00, 0x00, 0xEF, 0x80, 0x00, 0xFB, 0x2C, 0x01, 0xD6, 0xC2, 0xC1, 0xC1, 0xB0, 0x2E, 0xC0, 0x6C,
    0x03, 0xD0, 0x1B, 0x02, 0xDD, 0x06, 0xC2, 0xC1, 0xD1, 0xB2, 0x80, 0x0D, 0x6F, 0x80, 0x00, 0xFB, 0x80, 0x00, 0x0E,
    0x40, 0x00, 0x00, 0x40, 0x80, 0x00, 0x00, 0x38, 0x00, 0x00, 0xDF, 0x80, 0x00, 0xD3, 0x2C, 0x01, 0xD0, 0xC2, 0xC1,
    0xD0, 0x30, 0x2E, 0xC0, 0x0C, 0x03, 0xD0, 0x03, 0x02, 0xDD, 0x00, 0xC2, 0xC1, 0xD0, 0x32, 0x80, 0x1D, 0x0F, 0x80,
    0x00, 0xD3, 0x80, 0x00, 0x0D, 0x40, 0x00, 0x00, 0x00, 0x00, 0x00, 0x00, 0x68, 0x00, 0x00, 0xE3, 0x80, 0x00, 0xF8,
    0x2C, 0x01, 0xD6, 0x02, 0xC1, 0xC1, 0x80, 0x2E, 0xC0, 0x60, 0x03, 0xD0, 0x18, 0x02, 0xDD, 0x06, 0x02, 0xC1, 0xD1,
    0x83, 0x80, 0x0D, 0x63, 0x80, 0x00, 0xFA, 0x80, 0x00, 0x0E, 0x00, 0x00, 0x00, 0x40, 0x50, 0x00, 0x02, 0x1F, 0x40,
    0x0B, 0xC2, 0xF4, 0x0F, 0xD0, 0x0F, 0x0B, 0x80, 0x00, 0xE3, 0x80, 0x00, 0x2D, 0xC0, 0x00, 0x07, 0xB0, 0x00, 0x00,
    0xF8, 0x00, 0x00, 0x3D, 0x00, 0x00, 0x0F, 0x40, 0x00, 0x03, 0xD0, 0x00, 0x00, 0xF4, 0x00, 0x01, 0xFF, 0xFF, 0x0F,
    0x40, 0x00, 0x2C, 0x00, 0x00, 0x38, 0x2F, 0xFF, 0x34, 0xB4, 0x00, 0x74, 0xB0, 0x00, 0x74, 0xF0, 0x00, 0x34, 0xB0,
    0x00, 0x38, 0x3F, 0xFF, 0x2C, 0x00, 0x00, 0x0F, 0x40, 0x00, 0x02, 0xFF, 0xFF, 0x00, 0x00, 0x00, 0x00, 0x00, 0x14,
    0x00, 0x00, 0x38, 0x00, 0x00, 0x70, 0x00, 0x00, 0xB0, 0x7F, 0xFF, 0xFF, 0x7E, 0xAB, 0xEA, 0x78, 0x02, 0x80, 0x78,
    0x03, 0x40, 0x78, 0x0B, 0x00, 0x78, 0x0E, 0x00, 0x78, 0x1C, 0x00, 0x78, 0x2C, 0x00, 0x7F, 0xFF, 0xFF, 0x2A, 0xFA,
    0xAA, 0x00, 0xE0, 0x00, 0x00, 0xD0, 0x00, 0x2B, 0xFA, 0xAA, 0x7F, 0xFF, 0xFF, 0x03, 0x40, 0x00, 0x0B, 0x00, 0x00,
    0x05, 0x00, 0x00, 0x2D, 0x3F, 0x2D, 0x00, 0x00, 0x2D, 0x3F, 0x2D, 0x00, 0x00, 0x2D, 0x3F, 0x2D, 0x2D, 0x0B, 0x42,
    0xD3, 0xE0, 0xFC, 0x3F, 0x2D, 0x0B, 0x42, 0xD0, 0x00, 0x00, 0x02, 0xD0, 0x00, 0x00, 0x3F, 0x00, 0x00, 0x02, 0xD0,
    0x00, 0x00, 0x00, 0x00, 0x00, 0x00, 0x00, 0x00, 0xB4, 0x00, 0x00, 0x0F, 0xC0, 0x00, 0x00, 0xB4, 0x00, 0x00, 0x00,
    0x00, 0x00, 0x00, 0x00, 0x00, 0x2D, 0x00, 0x00, 0x03, 0xE0, 0x00, 0x00, 0x2D, 0x00, 0x00, 0x00, 0x2D, 0x00, 0x00,
    0x03, 0xE0, 0x00, 0x00, 0x2D, 0x00, 0x00, 0x00, 0x00, 0x00, 0x00, 0x00, 0x00, 0x00, 0x00, 0x00, 0xB4, 0x00, 0x00,
    0x0F, 0xC0, 0x00, 0x00, 0xB4, 0x00, 0x00, 0x00, 0x00, 0x00, 0x00, 0x00, 0x00, 0x00, 0x00, 0x02, 0xD0, 0x00, 0x00,
    0x3F, 0x00, 0x00, 0x02, 0xD0, 0x00, 0x0B, 0x40, 0x00, 0x02, 0xFC, 0x00, 0x00, 0x7F, 0xF0, 0x00, 0x0F, 0xFF, 0xC0,
    0x03, 0xF0, 0x7E, 0x00, 0xFF, 0xF2, 0xF4, 0x2F, 0xFF, 0x5F, 0xC3, 0xFF, 0xF2, 0xFE, 0x3F, 0xF8, 0x7F, 0xE2, 0xFF,
    0x9F, 0xFD, 0x0F, 0xFF, 0xFF, 0x40, 0x3F, 0x4F, 0xE0, 0x01, 0xFE, 0xFC, 0x00, 0x07, 0xFF, 0x00, 0x00, 0x2F, 0xD0,
    0x00, 0x00, 0xB4, 0x00
};

static const EpdGlyph PROGMEM jetbrains_mono_10_2bGlyphs[] = {
    {0, 0, 13, 0, 0, 0, 0},  // U+000D
    {0, 0, 13, 0, 0, 0, 0},  //  
    {4, 16, 13, 4, 16, 16, 0},  // !
    {7, 6, 13, 3, 16, 11, 16},  // "
    {12, 16, 13, 0, 16, 48, 27},  // #
    {11, 22, 13, 1, 19, 61, 75},  // $
    {13, 16, 13, 0, 16, 52, 136},  // %
    {13, 16, 13, 0, 16, 52, 188},  // &
    {3, 6, 13, 5, 16, 5, 240},  // '
    {8, 21, 13, 3, 18, 42, 245},  // (
    {7, 21, 13, 2, 18, 37, 287},  // )
    {12, 12, 13, 0, 13, 36, 324},  // *
    {11, 10, 13, 1, 12, 28, 360},  // +
    {4, 7, 13, 4, 3, 7, 388},  // ,
    {8, 2, 13, 2, 8, 4, 395},  // -
    {5, 3, 13, 4, 3, 4, 399},  // .
    {11, 20, 13, 1, 18, 55, 403},  // /
    {10, 16, 13, 1, 16, 40, 458},  // 0
    {11, 16, 13, 1, 16, 44, 498},  // 1
    {11, 16, 13, 1, 16, 44, 542},  // 2
    {10, 16, 13, 1, 16, 40, 586},  // 3
    {10, 16, 13, 1, 16, 40, 626},  // 4
    {10, 16, 13, 1, 16, 40, 666},  // 5
    {11, 16, 13, 1, 16, 44, 706},  // 6
    {11, 16, 13, 1, 16, 44, 750},  // 7
    {11, 16, 13, 1, 16, 44, 794},  // 8
    {11, 16, 13, 1, 16, 44, 838},  // 9
    {5, 12, 13, 4, 12, 15, 882},  // :
    {5, 16, 13, 4, 12, 20, 897},  // ;
    {10, 12, 13, 1, 13, 30, 917},  // <
    {10, 7, 13, 1, 11, 18, 947},  // =
    {10, 12, 13, 1, 13, 30, 965},  // >
    {9, 16, 13, 2, 16, 36, 995},  // ?
    {12, 20, 13, 0, 16, 60, 1031},  // @
    {11, 16, 13, 1, 16, 44, 1091},  // A
    {11, 16, 13, 1, 16, 44, 1135},  // B
    {10, 16, 13, 1, 16, 40, 1179},  // C
    {10, 16, 13, 1, 16, 40, 1219},  // D
    {9, 16, 13, 2, 16, 36, 1259},  // E
    {10, 16, 13, 2, 16, 40, 1295},  // F
    {10, 16, 13, 1, 16, 40, 1335},  // G
    {10, 16, 13, 1, 16, 40, 1375},  // H
    {9, 16, 13, 2, 16, 36, 1415},  // I
    {11, 16, 13, 0, 16, 44, 1451},  // J
    {11, 16, 13, 1, 16, 44, 1495},  // K
    {10, 16, 13, 2, 16, 40, 1539},  // L
    {11, 16, 13, 1, 16, 44, 1579},  // M
    {10, 16, 13, 1, 16, 40, 1623},  // N
    {10, 16, 13, 1, 16, 40, 1663},  // O
    {11, 16, 13, 1, 16, 44, 1703},  // P
    {11, 20, 13, 1, 16, 55, 1747},  // Q
    {11, 16, 13, 1, 16, 44, 1802},  // R
    {11, 16, 13, 1, 16, 44, 1846},  // S
    {11, 16, 13, 1, 16, 44, 1890},  // T
    {10, 16, 13, 1, 16, 40, 1934},  // U
    {11, 16, 13, 1, 16, 44, 1974},  // V
    {13, 16, 13, 0, 16, 52, 2018},  // W
    {12, 16, 13, 0, 16, 48, 2070},  // X
    {12, 16, 13, 0, 16, 48, 2118},  // Y
    {10, 16, 13, 1, 16, 40, 2166},  // Z
    {6, 20, 13, 4, 18, 30, 2206},  // [
    {11, 20, 13, 1, 18, 55, 2236},  // \
    {6, 20, 13, 3, 18, 30, 2291},  // ]
    {10, 9, 13, 1, 16, 23, 2321},  // ^
    {11, 2, 13, 1, 0, 6, 2344},  // _
    {5, 3, 13, 3, 17, 4, 2350},  // `
    {10, 12, 13, 1, 12, 30, 2354},  // a
    {10, 16, 13, 1, 16, 40, 2384},  // b
    {10, 12, 13, 1, 12, 30, 2424},  // c
    {10, 16, 13, 1, 16, 40, 2454},  // d
    {10, 12, 13, 1, 12, 30, 2494},  // e
    {11, 16, 13, 1, 16, 44, 2524},  // f
    {10, 16, 13, 1, 12, 40, 2568},  // g
    {10, 16, 13, 1, 16, 40, 2608},  // h
    {11, 17, 13, 1, 17, 47, 2648},  // i
    {9, 21, 13, 1, 17, 48, 2695},  // j
    {10, 16, 13, 2, 16, 40, 2743},  // k
    {12, 16, 13, 0, 16, 48, 2783},  // l
    {11, 12, 13, 1, 12, 33, 2831},  // m
    {10, 12, 13, 1, 12, 30, 2864},  // n
    {10, 12, 13, 1, 12, 30, 2894},  // o
    {10, 16, 13, 1, 12, 40, 2924},  // p
    {10, 16, 13, 1, 12, 40, 2964},  // q
    {10, 12, 13, 2, 12, 30, 3004},  // r
    {10, 12, 13, 1, 12, 30, 3034},  // s
    {11, 15, 13, 0, 15, 42, 3064},  // t
    {10, 12, 13, 1, 12, 30, 3106},  // u
    {11, 12, 13, 1, 12, 33, 3136},  // v
    {12, 12, 13, 0, 12, 36, 3169},  // w
    {11, 12, 13, 1, 12, 33, 3205},  // x
    {11, 16, 13, 1, 12, 44, 3238},  // y
    {10, 12, 13, 1, 12, 30, 3282},  // z
    {10, 20, 13, 1, 18, 50, 3312},  // {
    {3, 20, 13, 5, 18, 15, 3362},  // |
    {10, 20, 13, 2, 18, 50, 3377},  // }
    {11, 5, 13, 1, 10, 14, 3427},  // ~
    {0, 0, 13, 0, 0, 0, 3441},  // U+00A0
    {4, 16, 13, 4, 12, 16, 3441},  // ¡
    {10, 18, 13, 1, 15, 45, 3457},  // ¢
    {11, 16, 13, 1, 16, 44, 3502},  // £
    {12, 13, 13, 0, 14, 39, 3546},  // ¤
    {12, 16, 13, 0, 16, 48, 3585},  // ¥
    {3, 20, 13, 5, 18, 15, 3633},  // ¦
    {10, 19, 13, 1, 16, 48, 3648},  // §
    {8, 3, 13, 2, 17, 6, 3696},  // ¨
    {12, 14, 13, 0, 15, 42, 3702},  // ©
    {6, 8, 13, 3, 16, 12, 3744},  // ª
    {12, 10, 13, 0, 11, 30, 3756},  // «
    {9, 5, 13, 2, 9, 12, 3786},  // ¬
    {8, 2, 13, 2, 8, 4, 3798},  // U+00AD
    {12, 13, 13, 0, 15, 39, 3802},  // ®
    {8, 2, 13, 2, 16, 4, 3841},  // ¯
    {7, 6, 13, 3, 16, 11, 3845},  // °
    {11, 12, 13, 1, 12, 33, 3856},  // ±
    {7, 9, 13, 3, 17, 16, 3889},  // ²
    {8, 9, 13, 2, 17, 18, 3905},  // ³
    {6, 3, 13, 4, 17, 5, 3923},  // ´
    {10, 16, 13, 1, 12, 40, 3928},  // µ
    {10, 20, 13, 1, 16, 50, 3968},  // ¶
    {5, 3, 13, 4, 9, 4, 4018},  // ·
    {5, 5, 13, 4, 1, 7, 4022},  // ¸
    {8, 9, 13, 3, 17, 18, 4029},  // ¹
    {6, 8, 13, 3, 16, 12, 4047},  // º
    {12, 10, 13, 0, 11, 30, 4059},  // »
    {13, 16, 13, 0, 16, 52, 4089},  // ¼
    {13, 17, 13, 0, 16, 56, 4141},  // ½
    {13, 16, 13, 0, 16, 52, 4197},  // ¾
    {8, 16, 13, 2, 12, 32, 4249},  // ¿
    {11, 20, 13, 1, 20, 55, 4281},  // À
    {11, 20, 13, 1, 20, 55, 4336},  // Á
    {11, 20, 13, 1, 20, 55, 4391},  // Â
    {11, 22, 13, 1, 22, 61, 4446},  // Ã
    {11, 20, 13, 1, 20, 55, 4507},  // Ä
    {11, 21, 13, 1, 21, 58, 4562},  // Å
    {12, 16, 13, 0, 16, 48, 4620},  // Æ
    {10, 21, 13, 1, 16, 53, 4668},  // Ç
    {9, 20, 13, 2, 20, 45, 4721},  // È
    {9, 20, 13, 2, 20, 45, 4766},  // É
    {9, 20, 13, 2, 20, 45, 4811},  // Ê
    {9, 20, 13, 2, 20, 45, 4856},  // Ë
    {9, 20, 13, 2, 20, 45, 4901},  // Ì
    {9, 20, 13, 2, 20, 45, 4946},  // Í
    {9, 20, 13, 2, 20, 45, 4991},  // Î
    {9, 20, 13, 2, 20, 45, 5036},  // Ï
    {11, 16, 13, 0, 16, 44, 5081},  // Ð
    {10, 22, 13, 1, 22, 55, 5125},  // Ñ
    {10, 20, 13, 1, 20, 50, 5180},  // Ò
    {10, 20, 13, 1, 20, 50, 5230},  // Ó
    {10, 20, 13, 1, 20, 50, 5280},  // Ô
    {10, 22, 13, 1, 22, 55, 5330},  // Õ
    {10, 20, 13, 1, 20, 50, 5385},  // Ö
    {9, 10, 13, 2, 12, 23, 5435},  // ×
    {12, 17, 13, 0, 16, 51, 5458},  // Ø
    {10, 20, 13, 1, 20, 50, 5509},  // Ù
    {10, 20, 13, 1, 20, 50, 5559},  // Ú
    {10, 20, 13, 1, 20, 50, 5609},  // Û
    {10, 20, 13, 1, 20, 50, 5659},  // Ü
    {12, 20, 13, 0, 20, 60, 5709},  // Ý
    {11, 16, 13, 1, 16, 44, 5769},  // Þ
    {11, 16, 13, 1, 16, 44, 5813},  // ß
    {10, 17, 13, 1, 17, 43, 5857},  // à
    {10, 17, 13, 1, 17, 43, 5900},  // á
    {10, 17, 13, 1, 17, 43, 5943},  // â
    {10, 18, 13, 1, 18, 45, 5986},  // ã
    {10, 17, 13, 1, 17, 43, 6031},  // ä
    {10, 18, 13, 1, 18, 45, 6074},  // å
    {12, 12, 13, 0, 12, 36, 6119},  // æ
    {10, 17, 13, 1, 12, 43, 6155},  // ç
    {10, 17, 13, 1, 17, 43, 6198},  // è
    {10, 17, 13, 1, 17, 43, 6241},  // é
    {10, 17, 13, 1, 17, 43, 6284},  // ê
    {10, 17, 13, 1, 17, 43, 6327},  // ë
    {11, 17, 13, 1, 17, 47, 6370},  // ì
    {11, 17, 13, 1, 17, 47, 6417},  // í
    {11, 17, 13, 1, 17, 47, 6464},  // î
    {11, 17, 13, 1, 17, 47, 6511},  // ï
    {11, 17, 13, 1, 17, 47, 6558},  // ð
    {10, 18, 13, 1, 18, 45, 6605},  // ñ
    {10, 17, 13, 1, 17, 43, 6650},  // ò
    {10, 17, 13, 1, 17, 43, 6693},  // ó
    {10, 17, 13, 1, 17, 43, 6736},  // ô
    {10, 18, 13, 1, 18, 45, 6779},  // õ
    {10, 17, 13, 1, 17, 43, 6824},  // ö
    {9, 12, 13, 2, 13, 27, 6867},  // ÷
    {12, 14, 13, 0, 13, 42, 6894},  // ø
    {10, 17, 13, 1, 17, 43, 6936},  // ù
    {10, 17, 13, 1, 17, 43, 6979},  // ú
    {10, 17, 13, 1, 17, 43, 7022},  // û
    {10, 17, 13, 1, 17, 43, 7065},  // ü
    {11, 21, 13, 1, 17, 58, 7108},  // ý
    {10, 20, 13, 1, 16, 50, 7166},  // þ
    {11, 21, 13, 1, 17, 58, 7216},  // ÿ
    {11, 20, 13, 1, 20, 55, 7274},  // Ā
    {10, 16, 13, 1, 16, 40, 7329},  // ā
    {11, 20, 13, 1, 20, 55, 7369},  // Ă
    {10, 17, 13, 1, 17, 43, 7424},  // ă
    {12, 21, 13, 1, 16, 63, 7467},  // Ą
    {11, 17, 13, 1, 12, 47, 7530},  // ą
    {10, 20, 13, 1, 20, 50, 7577},  // Ć
    {10, 17, 13, 1, 17, 43, 7627},  // ć
    {10, 20, 13, 1, 20, 50, 7670},  // Ĉ
    {10, 17, 13, 1, 17, 43, 7720},  // ĉ
    {10, 20, 13, 1, 20, 50, 7763},  // Ċ
    {10, 17, 13, 1, 17, 43, 7813},  // ċ
    {10, 20, 13, 1, 20, 50, 7856},  // Č
    {10, 17, 13, 1, 17, 43, 7906},  // č
    {10, 20, 13, 1, 20, 50, 7949},  // Ď
    {12, 16, 13, 1, 16, 48, 7999},  // ď
    {11, 16, 13, 0, 16, 44, 8047},  // Đ
    {12, 16, 13, 1, 16, 48, 8091},  // đ
    {9, 20, 13, 2, 20, 45, 8139},  // Ē
    {10, 16, 13, 1, 16, 40, 8184},  // ē
    {9, 20, 13, 2, 20, 45, 8224},  // Ĕ
    {10, 17, 13, 1, 17, 43, 8269},  // ĕ
    {9, 20, 13, 2, 20, 45, 8312},  // Ė
    {10, 17, 13, 1, 17, 43, 8357},  // ė
    {10, 21, 13, 2, 16, 53, 8400},  // Ę
    {10, 17, 13, 1, 12, 43, 8453},  // ę
    {9, 20, 13, 2, 20, 45, 8496},  // Ě
    {10, 17, 13, 1, 17, 43, 8541},  // ě
    {10, 20, 13, 1, 20, 50, 8584},  // Ĝ
    {10, 21, 13, 1, 17, 53, 8634},  // ĝ
    {10, 20, 13, 1, 20, 50, 8687},  // Ğ
    {10, 21, 13, 1, 17, 53, 8737},  // ğ
    {10, 20, 13, 1, 20, 50, 8790},  // Ġ
    {10, 21, 13, 1, 17, 53, 8840},  // ġ
    {10, 21, 13, 1, 16, 53, 8893},  // Ģ
    {10, 23, 13, 1, 19, 58, 8946},  // ģ
    {10, 20, 13, 1, 20, 50, 9004},  // Ĥ
    {12, 21, 13, -1, 21, 63, 9054},  // ĥ
    {13, 16, 13, 0, 16, 52, 9117},  // Ħ
    {11, 16, 13, 0, 16, 44, 9169},  // ħ
    {9, 22, 13, 2, 22, 50, 9213},  // Ĩ
    {11, 18, 13, 1, 18, 50, 9263},  // ĩ
    {9, 20, 13, 2, 20, 45, 9313},  // Ī
    {11, 16, 13, 1, 16, 44, 9358},  // ī
    {9, 20, 13, 2, 20, 45, 9402},  // Ĭ
    {11, 17, 13, 1, 17, 47, 9447},  // ĭ
    {9, 21, 13, 2, 16, 48, 9494},  // Į
    {11, 22, 13, 1, 17, 61, 9542},  // į
    {9, 20, 13, 2, 20, 45, 9603},  // İ
    {11, 12, 13, 1, 12, 33, 9648},  // ı
    {14, 20, 13, 0, 20, 70, 9681},  // Ĵ
    {11, 21, 13, 1, 17, 58, 9751},  // ĵ
    {11, 21, 13, 1, 16, 58, 9809},  // Ķ
    {10, 21, 13, 2, 16, 53, 9867},  // ķ
    {10, 12, 13, 2, 12, 30, 9920},  // ĸ
    {10, 20, 13, 2, 20, 50, 9950},  // Ĺ
    {12, 20, 13, 0, 20, 60, 10000},  // ĺ
    {10, 21, 13, 2, 16, 53, 10060},  // Ļ
    {12, 21, 13, 0, 16, 63, 10113},  // ļ
    {10, 16, 13, 2, 16, 40, 10176},  // Ľ
    {12, 16, 13, 0, 16, 48, 10216},  // ľ
    {10, 16, 13, 2, 16, 40, 10264},  // Ŀ
    {14, 16, 13, 0, 16, 56, 10304},  // ŀ
    {12, 16, 13, 0, 16, 48, 10360},  // Ł
    {12, 16, 13, 0, 16, 48, 10408},  // ł
    {10, 20, 13, 1, 20, 50, 10456},  // Ń
    {10, 17, 13, 1, 17, 43, 10506},  // ń
    {10, 21, 13, 1, 16, 53, 10549},  // Ņ
    {10, 17, 13, 1, 12, 43, 10602},  // ņ
    {10, 20, 13, 1, 20, 50, 10645},  // Ň
    {10, 17, 13, 1, 17, 43, 10695},  // ň
    {12, 17, 13, -1, 17, 51, 10738},  // ŉ
    {10, 20, 13, 1, 16, 50, 10789},  // Ŋ
    {10, 16, 13, 1, 12, 40, 10839},  // ŋ
    {10, 20, 13, 1, 20, 50, 10879},  // Ō
    {10, 16, 13, 1, 16, 40, 10929},  // ō
    {10, 20, 13, 1, 20, 50, 10969},  // Ŏ
    {10, 17, 13, 1, 17, 43, 11019},  // ŏ
    {11, 20, 13, 1, 20, 55, 11062},  // Ő
    {11, 17, 13, 1, 17, 47, 11117},  // ő
    {13, 16, 13, 0, 16, 52, 11164},  // Œ
    {12, 12, 13, 0, 12, 36, 11216},  // œ
    {11, 20, 13, 1, 20, 55, 11252},  // Ŕ
    {10, 17, 13, 2, 17, 43, 11307},  // ŕ
    {11, 21, 13, 1, 16, 58, 11350},  // Ŗ
    {12, 17, 13, 0, 12, 51, 11408},  // ŗ
    {11, 20, 13, 1, 20, 55, 11459},  // Ř
    {10, 17, 13, 2, 17, 43, 11514},  // ř
    {11, 20, 13, 1, 20, 55, 11557},  // Ś
    {10, 17, 13, 1, 17, 43, 11612},  // ś
    {11, 20, 13, 1, 20, 55, 11655},  // Ŝ
    {10, 17, 13, 1, 17, 43, 11710},  // ŝ
    {11, 21, 13, 1, 16, 58, 11753},  // Ş
    {10, 17, 13, 1, 12, 43, 11811},  // ş
    {11, 20, 13, 1, 20, 55, 11854},  // Š
    {10, 17, 13, 1, 17, 43, 11909},  // š
    {11, 21, 13, 1, 16, 58, 11952},  // Ţ
    {11, 20, 13, 0, 15, 55, 12010},  // ţ
    {11, 20, 13, 1, 20, 55, 12065},  // Ť
    {11, 17, 13, 0, 17, 47, 12120},  // ť
    {11, 16, 13, 1, 16, 44, 12167},  // Ŧ
    {11, 15, 13, 0, 15, 42, 12211},  // ŧ
    {10, 22, 13, 1, 22, 55, 12253},  // Ũ
    {10, 18, 13, 1, 18, 45, 12308},  // ũ
    {10, 20, 13, 1, 20, 50, 12353},  // Ū
    {10, 16, 13, 1, 16, 40, 12403},  // ū
    {10, 20, 13, 1, 20, 50, 12443},  // Ŭ
    {10, 17, 13, 1, 17, 43, 12493},  // ŭ
    {10, 21, 13, 1, 21, 53, 12536},  // Ů
    {10, 18, 13, 1, 18, 45, 12589},  // ů
    {11, 20, 13, 1, 20, 55, 12634},  // Ű
    {11, 17, 13, 1, 17, 47, 12689},  // ű
    {10, 21, 13, 1, 16, 53, 12736},  // Ų
    {10, 17, 13, 1, 12, 43, 12789},  // ų
    {13, 20, 13, 0, 20, 65, 12832},  // Ŵ
    {12, 17, 13, 0, 17, 51, 12897},  // ŵ
    {12, 20, 13, 0, 20, 60, 12948},  // Ŷ
    {11, 21, 13, 1, 17, 58, 13008},  // ŷ
    {12, 20, 13, 0, 20, 60, 13066},  // Ÿ
    {10, 20, 13, 1, 20, 50, 13126},  // Ź
    {10, 17, 13, 1, 17, 43, 13176},  // ź
    {10, 20, 13, 1, 20, 50, 13219},  // Ż
    {10, 17, 13, 1, 17, 43, 13269},  // ż
    {10, 20, 13, 1, 20, 50, 13312},  // Ž
    {10, 17, 13, 1, 17, 43, 13362},  // ž
    {8, 16, 13, 3, 16, 32, 13405},  // ſ
    {10, 16, 13, 1, 16, 40, 13437},  // Ə
    {11, 16, 13, 1, 16, 44, 13477},  // Ɛ
    {12, 20, 13, 0, 16, 60, 13521},  // ƒ
    {11, 17, 13, 1, 17, 47, 13581},  // ƛ
    {11, 18, 13, 1, 18, 50, 13628},  // Ơ
    {11, 14, 13, 1, 14, 39, 13678},  // ơ
    {12, 18, 13, 1, 18, 54, 13717},  // Ư
    {12, 15, 13, 1, 15, 45, 13771},  // ư
    {11, 20, 13, 1, 20, 55, 13816},  // Ǎ
    {10, 17, 13, 1, 17, 43, 13871},  // ǎ
    {11, 17, 13, 1, 17, 47, 13914},  // ǐ
    {10, 17, 13, 1, 17, 43, 13961},  // ǒ
    {10, 17, 13, 1, 17, 43, 14004},  // ǔ
    {10, 21, 13, 1, 21, 53, 14047},  // ǖ
    {10, 22, 13, 1, 22, 55, 14100},  // ǘ
    {10, 22, 13, 1, 22, 55, 14155},  // ǚ
    {10, 22, 13, 1, 22, 55, 14210},  // ǜ
    {10, 20, 13, 1, 20, 50, 14265},  // Ǧ
    {10, 21, 13, 1, 17, 53, 14315},  // ǧ
    {10, 21, 13, 1, 16, 53, 14368},  // Ǫ
    {10, 17, 13, 1, 12, 43, 14421},  // ǫ
    {10, 20, 13, 1, 20, 50, 14464},  // Ǵ
    {10, 21, 13, 1, 17, 53, 14514},  // ǵ
    {12, 20, 13, 0, 20, 60, 14567},  // Ǽ
    {12, 17, 13, 0, 17, 51, 14627},  // ǽ
    {12, 21, 13, 0, 20, 63, 14678},  // Ǿ
    {12, 18, 13, 0, 17, 54, 14741},  // ǿ
    {11, 21, 13, 1, 16, 58, 14795},  // Ș
    {10, 17, 13, 1, 12, 43, 14853},  // ș
    {11, 21, 13, 1, 16, 58, 14896},  // Ț
    {11, 20, 13, 0, 15, 55, 14954},  // ț
    {12, 20, 13, 0, 20, 60, 15009},  // Ȳ
    {11, 20, 13, 1, 16, 55, 15069},  // ȳ
    {9, 16, 13, 1, 12, 36, 15124},  // ȷ
    {10, 12, 13, 1, 12, 30, 15160},  // ə
    {6, 3, 0, -10, 17, 5, 15190},  // ̀
    {5, 3, 0, -8, 17, 4, 15195},  // ́
    {9, 3, 0, -11, 17, 7, 15199},  // ̂
    {8, 5, 0, -10, 18, 10, 15206},  // ̃
    {8, 2, 0, -10, 16, 4, 15216},  // ̄
    {8, 3, 0, -10, 17, 6, 15220},  // ̆
    {4, 3, 0, -8, 17, 3, 15226},  // ̇
    {8, 3, 0, -10, 17, 6, 15229},  // ̈
    {5, 5, 0, -9, 18, 7, 15235},  // ̉
    {6, 5, 0, -9, 18, 8, 15242},  // ̊
    {9, 3, 0, -10, 17, 7, 15250},  // ̋
    {9, 3, 0, -11, 17, 7, 15257},  // ̌
    {9, 3, 0, -12, 17, 7, 15264},  // ̏
    {6, 5, 0, -9, 19, 8, 15271},  // ̒
    {3, 5, 0, -5, 15, 4, 15279},  // ̛
    {4, 3, 0, -8, -2, 3, 15283},  // ̣
    {6, 4, 0, -9, -1, 6, 15286},  // ̥
    {5, 3, 0, -9, -2, 4, 15292},  // ̦
    {6, 5, 0, -9, 1, 8, 15296},  // ̧
    {5, 6, 0, -9, 1, 8, 15304},  // ̨
    {15, 2, 0, -14, 8, 8, 15312},  // ̶
    {12, 13, 0, -12, 12, 39, 15320},  // ̷
    {9, 17, 0, -11, 15, 39, 15359},  // ̸
    {5, 7, 13, 3, 16, 9, 15398},  // ʹ
    {4, 7, 13, 4, 3, 7, 15407},  // ͵
    {5, 16, 13, 4, 12, 20, 15414},  // ;
    {5, 3, 13, 4, 17, 4, 15434},  // ΄
    {8, 6, 13, 2, 20, 12, 15438},  // ΅
    {12, 16, 13, 0, 16, 48, 15450},  // Ά
    {5, 3, 13, 4, 9, 4, 15498},  // ·
    {14, 16, 13, -3, 16, 56, 15502},  // Έ
    {14, 16, 13, -3, 16, 56, 15558},  // Ή
    {14, 16, 13, -3, 16, 56, 15614},  // Ί
    {13, 16, 13, -2, 16, 52, 15670},  // Ό
    {15, 16, 13, -3, 16, 60, 15722},  // Ύ
    {14, 16, 13, -2, 16, 56, 15782},  // Ώ
    {11, 20, 13, 1, 20, 55, 15838},  // ΐ
    {11, 16, 13, 1, 16, 44, 15893},  // Α
    {11, 16, 13, 1, 16, 44, 15937},  // Β
    {10, 16, 13, 2, 16, 40, 15981},  // Γ
    {11, 16, 13, 1, 16, 44, 16021},  // Δ
    {9, 16, 13, 2, 16, 36, 16065},  // Ε
    {10, 16, 13, 1, 16, 40, 16101},  // Ζ
    {10, 16, 13, 1, 16, 40, 16141},  // Η
    {10, 16, 13, 1, 16, 40, 16181},  // Θ
    {9, 16, 13, 2, 16, 36, 16221},  // Ι
    {11, 16, 13, 1, 16, 44, 16257},  // Κ
    {11, 16, 13, 1, 16, 44, 16301},  // Λ
    {11, 16, 13, 1, 16, 44, 16345},  // Μ
    {10, 16, 13, 1, 16, 40, 16389},  // Ν
    {10, 16, 13, 1, 16, 40, 16429},  // Ξ
    {10, 16, 13, 1, 16, 40, 16469},  // Ο
    {10, 16, 13, 1, 16, 40, 16509},  // Π
    {11, 16, 13, 1, 16, 44, 16549},  // Ρ
    {11, 16, 13, 1, 16, 44, 16593},  // Σ
    {11, 16, 13, 1, 16, 44, 16637},  // Τ
    {12, 16, 13, 0, 16, 48, 16681},  // Υ
    {12, 18, 13, 0, 17, 54, 16729},  // Φ
    {12, 16, 13, 0, 16, 48, 16783},  // Χ
    {11, 16, 13, 1, 16, 44, 16831},  // Ψ
    {11, 16, 13, 1, 16, 44, 16875},  // Ω
    {9, 20, 13, 2, 20, 45, 16919},  // Ϊ
    {12, 20, 13, 0, 20, 60, 16964},  // Ϋ
    {10, 17, 13, 1, 17, 43, 17024},  // ά
    {11, 17, 13, 1, 17, 47, 17067},  // έ
    {10, 17, 13, 1, 17, 43, 17114},  // ή
    {11, 17, 13, 1, 17, 47, 17157},  // ί
    {10, 20, 13, 1, 20, 50, 17204},  // ΰ
    {10, 12, 13, 1, 12, 30, 17254},  // α
    {11, 20, 13, 1, 16, 55, 17284},  // β
    {11, 16, 13, 1, 12, 44, 17339},  // γ
    {10, 16, 13, 1, 16, 40, 17383},  // δ
    {11, 12, 13, 1, 12, 33, 17423},  // ε
    {10, 20, 13, 2, 16, 50, 17456},  // ζ
    {10, 12, 13, 1, 12, 30, 17506},  // η
    {10, 16, 13, 1, 16, 40, 17536},  // θ
    {11, 12, 13, 1, 12, 33, 17576},  // ι
    {10, 12, 13, 2, 12, 30, 17609},  // κ
    {11, 16, 13, 1, 16, 44, 17639},  // λ
    {10, 16, 13, 1, 12, 40, 17683},  // μ
    {11, 12, 13, 1, 12, 33, 17723},  // ν
    {11, 20, 13, 1, 16, 55, 17756},  // ξ
    {10, 12, 13, 1, 12, 30, 17811},  // ο
    {12, 12, 13, 0, 12, 36, 17841},  // π
    {10, 16, 13, 1, 12, 40, 17877},  // ρ
    {10, 17, 13, 1, 12, 43, 17917},  // ς
    {11, 12, 13, 1, 12, 33, 17960},  // σ
    {11, 12, 13, 0, 12, 33, 17993},  // τ
    {10, 12, 13, 1, 12, 30, 18026},  // υ
    {11, 17, 13, 1, 13, 47, 18056},  // φ
    {11, 12, 13, 1, 12, 33, 18103},  // χ
    {11, 16, 13, 1, 12, 44, 18136},  // ψ
    {11, 13, 13, 1, 13, 36, 18180},  // ω
    {11, 17, 13, 1, 17, 47, 18216},  // ϊ
    {10, 17, 13, 1, 17, 43, 18263},  // ϋ
    {10, 17, 13, 1, 17, 43, 18306},  // ό
    {10, 17, 13, 1, 17, 43, 18349},  // ύ
    {11, 17, 13, 1, 17, 47, 18392},  // ώ
    {12, 20, 13, 1, 16, 60, 18439},  // Ϗ
    {11, 20, 13, 1, 16, 55, 18499},  // ϕ
    {13, 12, 13, 0, 12, 39, 18554},  // ϖ
    {11, 16, 13, 1, 12, 44, 18593},  // ϗ
    {9, 20, 13, 2, 20, 45, 18637},  // Ё
    {12, 20, 13, 0, 16, 60, 18682},  // Ђ
    {10, 20, 13, 2, 20, 50, 18742},  // Ѓ
    {10, 16, 13, 1, 16, 40, 18792},  // Є
    {11, 16, 13, 1, 16, 44, 18832},  // Ѕ
    {9, 16, 13, 2, 16, 36, 18876},  // І
    {9, 20, 13, 2, 20, 45, 18912},  // Ї
    {11, 16, 13, 0, 16, 44, 18957},  // Ј
    {14, 16, 13, -1, 16, 56, 19001},  // Љ
    {12, 16, 13, 1, 16, 48, 19057},  // Њ
    {12, 16, 13, 0, 16, 48, 19105},  // Ћ
    {11, 20, 13, 1, 20, 55, 19153},  // Ќ
    {11, 20, 13, 1, 20, 55, 19208},  // Ў
    {10, 19, 13, 1, 16, 48, 19263},  // Џ
    {11, 16, 13, 1, 16, 44, 19311},  // А
    {11, 16, 13, 1, 16, 44, 19355},  // Б
    {11, 16, 13, 1, 16, 44, 19399},  // В
    {10, 16, 13, 2, 16, 40, 19443},  // Г
    {13, 20, 13, 0, 16, 65, 19483},  // Д
    {9, 16, 13, 2, 16, 36, 19548},  // Е
    {13, 16, 13, 0, 16, 52, 19584},  // Ж
    {11, 16, 13, 1, 16, 44, 19636},  // З
    {10, 16, 13, 1, 16, 40, 19680},  // И
    {10, 20, 13, 1, 20, 50, 19720},  // Й
    {11, 16, 13, 1, 16, 44, 19770},  // К
    {11, 16, 13, 0, 16, 44, 19814},  // Л
    {11, 16, 13, 1, 16, 44, 19858},  // М
    {10, 16, 13, 1, 16, 40, 19902},  // Н
    {10, 16, 13, 1, 16, 40, 19942},  // О
    {10, 16, 13, 1, 16, 40, 19982},  // П
    {11, 16, 13, 1, 16, 44, 20022},  // Р
    {10, 16, 13, 1, 16, 40, 20066},  // С
    {11, 16, 13, 1, 16, 44, 20106},  // Т
    {11, 16, 13, 1, 16, 44, 20150},  // У
    {12, 18, 13, 0, 17, 54, 20194},  // Ф
    {12, 16, 13, 0, 16, 48, 20248},  // Х
    {11, 20, 13, 1, 16, 55, 20296},  // Ц
    {10, 16, 13, 1, 16, 40, 20351},  // Ч
    {11, 16, 13, 1, 16, 44, 20391},  // Ш
    {12, 20, 13, 1, 16, 60, 20435},  // Щ
    {13, 16, 13, -1, 16, 52, 20495},  // Ъ
    {11, 16, 13, 1, 16, 44, 20547},  // Ы
    {11, 16, 13, 1, 16, 44, 20591},  // Ь
    {10, 16, 13, 1, 16, 40, 20635},  // Э
    {11, 16, 13, 1, 16, 44, 20675},  // Ю
    {10, 16, 13, 1, 16, 40, 20719},  // Я
    {10, 12, 13, 1, 12, 30, 20759},  // а
    {10, 16, 13, 1, 16, 40, 20789},  // б
    {11, 12, 13, 1, 12, 33, 20829},  // в
    {10, 12, 13, 2, 12, 30, 20862},  // г
    {12, 16, 13, 0, 12, 48, 20892},  // д
    {10, 12, 13, 1, 12, 30, 20940},  // е
    {13, 12, 13, 0, 12, 39, 20970},  // ж
    {11, 12, 13, 1, 12, 33, 21009},  // з
    {10, 12, 13, 1, 12, 30, 21042},  // и
    {10, 17, 13, 1, 17, 43, 21072},  // й
    {10, 12, 13, 2, 12, 30, 21115},  // к
    {11, 12, 13, 0, 12, 33, 21145},  // л
    {11, 12, 13, 1, 12, 33, 21178},  // м
    {10, 12, 13, 1, 12, 30, 21211},  // н
    {10, 12, 13, 1, 12, 30, 21241},  // о
    {10, 12, 13, 1, 12, 30, 21271},  // п
    {10, 16, 13, 1, 12, 40, 21301},  // р
    {10, 12, 13, 1, 12, 30, 21341},  // с
    {11, 12, 13, 1, 12, 33, 21371},  // т
    {11, 16, 13, 1, 12, 44, 21404},  // у
    {11, 20, 13, 1, 16, 55, 21448},  // ф
    {11, 12, 13, 1, 12, 33, 21503},  // х
    {11, 16, 13, 1, 12, 44, 21536},  // ц
    {10, 12, 13, 1, 12, 30, 21580},  // ч
    {11, 12, 13, 1, 12, 33, 21610},  // ш
    {12, 16, 13, 1, 12, 48, 21643},  // щ
    {12, 12, 13, 0, 12, 36, 21691},  // ъ
    {11, 12, 13, 1, 12, 33, 21727},  // ы
    {10, 12, 13, 2, 12, 30, 21760},  // ь
    {10, 12, 13, 1, 12, 30, 21790},  // э
    {11, 12, 13, 1, 12, 33, 21820},  // ю
    {10, 12, 13, 1, 12, 30, 21853},  // я
    {10, 17, 13, 1, 17, 43, 21883},  // ё
    {11, 20, 13, 0, 16, 55, 21926},  // ђ
    {10, 17, 13, 2, 17, 43, 21981},  // ѓ
    {10, 12, 13, 1, 12, 30, 22024},  // є
    {10, 12, 13, 1, 12, 30, 22054},  // ѕ
    {11, 17, 13, 1, 17, 47, 22084},  // і
    {11, 17, 13, 1, 17, 47, 22131},  // ї
    {9, 21, 13, 1, 17, 48, 22178},  // ј
    {13, 12, 13, 0, 12, 39, 22226},  // љ
    {12, 12, 13, 1, 12, 36, 22265},  // њ
    {11, 16, 13, 0, 16, 44, 22301},  // ћ
    {10, 17, 13, 2, 17, 43, 22345},  // ќ
    {11, 21, 13, 1, 17, 58, 22388},  // ў
    {10, 15, 13, 1, 12, 38, 22446},  // џ
    {10, 18, 13, 2, 18, 45, 22484},  // Ґ
    {10, 14, 13, 2, 14, 35, 22529},  // ґ
    {12, 16, 13, 0, 16, 48, 22564},  // Ғ
    {11, 12, 13, 1, 12, 33, 22612},  // ғ
    {12, 19, 13, 1, 16, 57, 22645},  // Қ
    {11, 15, 13, 1, 12, 42, 22702},  // қ
    {11, 19, 13, 1, 16, 53, 22744},  // Ң
    {11, 15, 13, 1, 12, 42, 22797},  // ң
    {12, 16, 13, 0, 16, 48, 22839},  // Ү
    {11, 16, 13, 1, 12, 44, 22887},  // ү
    {12, 16, 13, 0, 16, 48, 22931},  // Ұ
    {11, 16, 13, 1, 12, 44, 22979},  // ұ
    {11, 19, 13, 1, 16, 53, 23023},  // Ҷ
    {11, 15, 13, 1, 12, 42, 23076},  // ҷ
    {10, 16, 13, 2, 16, 40, 23118},  // Һ
    {9, 12, 13, 2, 12, 27, 23158},  // һ
    {10, 16, 13, 1, 16, 40, 23185},  // Ә
    {10, 12, 13, 1, 12, 30, 23225},  // ә
    {13, 20, 13, 0, 20, 65, 23255},  // Ӝ
    {13, 17, 13, 0, 17, 56, 23320},  // ӝ
    {11, 20, 13, 1, 20, 55, 23376},  // Ӟ
    {11, 17, 13, 1, 17, 47, 23431},  // ӟ
    {10, 20, 13, 1, 20, 50, 23478},  // Ӥ
    {10, 17, 13, 1, 17, 43, 23528},  // ӥ
    {10, 20, 13, 1, 20, 50, 23571},  // Ӧ
    {10, 17, 13, 1, 17, 43, 23621},  // ӧ
    {10, 16, 13, 1, 16, 40, 23664},  // Ө
    {10, 12, 13, 1, 12, 30, 23704},  // ө
    {10, 20, 13, 1, 20, 50, 23734},  // Ӵ
    {10, 17, 13, 1, 17, 43, 23784},  // ӵ
    {13, 20, 13, 0, 20, 65, 23827},  // Ẁ
    {12, 17, 13, 0, 17, 51, 23892},  // ẁ
    {13, 20, 13, 0, 20, 65, 23943},  // Ẃ
    {12, 17, 13, 0, 17, 51, 24008},  // ẃ
    {13, 20, 13, 0, 20, 65, 24059},  // Ẅ
    {12, 17, 13, 0, 17, 51, 24124},  // ẅ
    {11, 16, 13, 1, 16, 44, 24175},  // ẞ
    {11, 21, 13, 1, 16, 58, 24219},  // Ạ
    {10, 17, 13, 1, 12, 43, 24277},  // ạ
    {11, 22, 13, 1, 22, 61, 24320},  // Ả
    {10, 18, 13, 1, 18, 45, 24381},  // ả
    {12, 22, 13, 1, 22, 66, 24426},  // Ấ
    {13, 20, 13, 1, 20, 65, 24492},  // ấ
    {11, 22, 13, 1, 22, 61, 24557},  // Ầ
    {11, 19, 13, 1, 19, 53, 24618},  // ầ
    {11, 23, 13, 1, 23, 64, 24671},  // Ẩ
    {11, 21, 13, 1, 21, 58, 24735},  // ẩ
    {11, 22, 13, 1, 22, 61, 24793},  // Ẫ
    {10, 20, 13, 1, 20, 50, 24854},  // ẫ
    {11, 25, 13, 1, 20, 69, 24904},  // Ậ
    {10, 22, 13, 1, 17, 55, 24973},  // ậ
    {11, 22, 13, 1, 22, 61, 25028},  // Ắ
    {10, 20, 13, 1, 20, 50, 25089},  // ắ
    {11, 22, 13, 1, 22, 61, 25139},  // Ằ
    {10, 20, 13, 1, 20, 50, 25200},  // ằ
    {11, 22, 13, 1, 22, 61, 25250},  // Ẳ
    {10, 21, 13, 1, 21, 53, 25311},  // ẳ
    {11, 22, 13, 1, 22, 61, 25364},  // Ẵ
    {10, 20, 13, 1, 20, 50, 25425},  // ẵ
    {11, 25, 13, 1, 20, 69, 25475},  // Ặ
    {10, 22, 13, 1, 17, 55, 25544},  // ặ
    {9, 21, 13, 2, 16, 48, 25599},  // Ẹ
    {10, 17, 13, 1, 12, 43, 25647},  // ẹ
    {9, 22, 13, 2, 22, 50, 25690},  // Ẻ
    {10, 18, 13, 1, 18, 45, 25740},  // ẻ
    {9, 22, 13, 2, 22, 50, 25785},  // Ẽ
    {10, 18, 13, 1, 18, 45, 25835},  // ẽ
    {12, 22, 13, 2, 22, 66, 25880},  // Ế
    {13, 20, 13, 1, 20, 65, 25946},  // ế
    {10, 22, 13, 2, 22, 55, 26011},  // Ề
    {11, 19, 13, 1, 19, 53, 26066},  // ề
    {10, 23, 13, 2, 23, 58, 26119},  // Ể
    {11, 21, 13, 1, 21, 58, 26177},  // ể
    {9, 22, 13, 2, 22, 50, 26235},  // Ễ
    {10, 20, 13, 1, 20, 50, 26285},  // ễ
    {9, 25, 13, 2, 20, 57, 26335},  // Ệ
    {10, 22, 13, 1, 17, 55, 26392},  // ệ
    {9, 22, 13, 2, 22, 50, 26447},  // Ỉ
    {11, 18, 13, 1, 18, 50, 26497},  // ỉ
    {9, 21, 13, 2, 16, 48, 26547},  // Ị
    {11, 22, 13, 1, 17, 61, 26595},  // ị
    {10, 21, 13, 1, 16, 53, 26656},  // Ọ
    {10, 17, 13, 1, 12, 43, 26709},  // ọ
    {10, 22, 13, 1, 22, 55, 26752},  // Ỏ
    {10, 18, 13, 1, 18, 45, 26807},  // ỏ
    {12, 22, 13, 1, 22, 66, 26852},  // Ố
    {13, 20, 13, 1, 20, 65, 26918},  // ố
    {11, 22, 13, 1, 22, 61, 26983},  // Ồ
    {11, 19, 13, 1, 19, 53, 27044},  // ồ
    {11, 23, 13, 1, 23, 64, 27097},  // Ổ
    {11, 21, 13, 1, 21, 58, 27161},  // ổ
    {10, 22, 13, 1, 22, 55, 27219},  // Ỗ
    {10, 20, 13, 1, 20, 50, 27274},  // ỗ
    {10, 25, 13, 1, 20, 63, 27324},  // Ộ
    {10, 22, 13, 1, 17, 55, 27387},  // ộ
    {11, 20, 13, 1, 20, 55, 27442},  // Ớ
    {11, 17, 13, 1, 17, 47, 27497},  // ớ
    {11, 20, 13, 1, 20, 55, 27544},  // Ờ
    {11, 17, 13, 1, 17, 47, 27599},  // ờ
    {11, 22, 13, 1, 22, 61, 27646},  // Ở
    {11, 18, 13, 1, 18, 50, 27707},  // ở
    {11, 22, 13, 1, 22, 61, 27757},  // Ỡ
    {11, 18, 13, 1, 18, 50, 27818},  // ỡ
    {11, 23, 13, 1, 18, 64, 27868},  // Ợ
    {11, 19, 13, 1, 14, 53, 27932},  // ợ
    {10, 21, 13, 1, 16, 53, 27985},  // Ụ
    {10, 17, 13, 1, 12, 43, 28038},  // ụ
    {10, 22, 13, 1, 22, 55, 28081},  // Ủ
    {10, 18, 13, 1, 18, 45, 28136},  // ủ
    {12, 20, 13, 1, 20, 60, 28181},  // Ứ
    {12, 17, 13, 1, 17, 51, 28241},  // ứ
    {12, 20, 13, 1, 20, 60, 28292},  // Ừ
    {12, 17, 13, 1, 17, 51, 28352},  // ừ
    {12, 22, 13, 1, 22, 66, 28403},  // Ử
    {12, 18, 13, 1, 18, 54, 28469},  // ử
    {12, 22, 13, 1, 22, 66, 28523},  // Ữ
    {12, 18, 13, 1, 18, 54, 28589},  // ữ
    {12, 23, 13, 1, 18, 69, 28643},  // Ự
    {12, 20, 13, 1, 15, 60, 28712},  // ự
    {12, 20, 13, 0, 20, 60, 28772},  // Ỳ
    {11, 21, 13, 1, 17, 58, 28832},  // ỳ
    {12, 21, 13, 0, 16, 63, 28890},  // Ỵ
    {11, 17, 13, 1, 12, 47, 28953},  // ỵ
    {12, 22, 13, 0, 22, 66, 29000},  // Ỷ
    {11, 22, 13, 1, 18, 61, 29066},  // ỷ
    {12, 22, 13, 0, 22, 66, 29127},  // Ỹ
    {11, 22, 13, 1, 18, 61, 29193},  // ỹ
    {0, 0, 13, 0, 0, 0, 29254},  // U+2001
    {0, 0, 13, 0, 0, 0, 29254},  // U+200B
    {8, 2, 13, 2, 8, 4, 29254},  // ‐
    {10, 2, 13, 1, 8, 5, 29258},  // –
    {13, 2, 13, 0, 8, 7, 29263},  // —
    {8, 20, 13, 2, 18, 40, 29270},  // ‖
    {4, 7, 13, 4, 16, 7, 29310},  // ‘
    {5, 7, 13, 4, 15, 9, 29317},  // ’
    {5, 7, 13, 4, 3, 9, 29326},  // ‚
    {4, 7, 13, 4, 16, 7, 29335},  // ‛
    {9, 7, 13, 2, 16, 16, 29342},  // “
    {9, 7, 13, 2, 15, 16, 29358},  // ”
    {9, 7, 13, 2, 3, 16, 29374},  // „
    {9, 7, 13, 2, 16, 16, 29390},  // ‟
    {10, 21, 13, 1, 18, 53, 29406},  // †
    {10, 21, 13, 1, 18, 53, 29459},  // ‡
    {6, 5, 13, 3, 10, 8, 29512},  // •
    {5, 3, 13, 4, 3, 4, 29520},  // ․
    {11, 4, 13, 1, 4, 11, 29524},  // …
    {15, 16, 13, -1, 16, 60, 29535},  // ‰
    {4, 7, 13, 4, 15, 7, 29595},  // ′
    {9, 7, 13, 2, 15, 16, 29602},  // ″
    {13, 7, 13, 0, 15, 23, 29618},  // ‴
    {7, 10, 13, 3, 11, 18, 29641},  // ‹
    {7, 10, 13, 3, 11, 18, 29659},  // ›
    {9, 16, 13, 2, 16, 36, 29677},  // ‼
    {9, 16, 13, 2, 16, 36, 29713},  // ‽
    {14, 2, 13, -1, 18, 7, 29749},  // ‾
    {13, 4, 13, 0, 0, 13, 29756},  // ‿
    {13, 16, 13, 0, 16, 52, 29769},  // ⁄
    {6, 20, 13, 4, 18, 30, 29821},  // ⁅
    {6, 20, 13, 3, 18, 30, 29851},  // ⁆
    {8, 9, 13, 2, 17, 18, 29881},  // ⁰
    {7, 9, 13, 3, 17, 16, 29899},  // ⁴
    {8, 9, 13, 2, 17, 18, 29915},  // ⁵
    {8, 9, 13, 2, 17, 18, 29933},  // ⁶
    {7, 9, 13, 3, 17, 16, 29951},  // ⁷
    {8, 9, 13, 2, 17, 18, 29967},  // ⁸
    {8, 9, 13, 2, 17, 18, 29985},  // ⁹
    {7, 6, 13, 3, 12, 11, 30003},  // ⁺
    {7, 6, 13, 3, 15, 11, 30014},  // ⁼
    {8, 9, 13, 2, 6, 18, 30025},  // ₀
    {8, 9, 13, 3, 6, 18, 30043},  // ₁
    {7, 9, 13, 3, 6, 16, 30061},  // ₂
    {8, 9, 13, 2, 6, 18, 30077},  // ₃
    {7, 9, 13, 3, 6, 16, 30095},  // ₄
    {8, 9, 13, 2, 6, 18, 30111},  // ₅
    {8, 9, 13, 2, 6, 18, 30129},  // ₆
    {7, 9, 13, 3, 6, 16, 30147},  // ₇
    {8, 9, 13, 2, 6, 18, 30163},  // ₈
    {8, 9, 13, 2, 6, 18, 30181},  // ₉
    {12, 17, 13, 1, 16, 51, 30199},  // ₫
    {11, 16, 13, 0, 16, 44, 30250},  // €
    {12, 16, 13, 0, 16, 48, 30294},  // ₮
    {11, 16, 13, 1, 16, 44, 30342},  // ₴
    {12, 16, 13, 0, 16, 48, 30386},  // ₽
    {11, 22, 13, 1, 19, 61, 30434},  // ₿
    {13, 12, 13, 0, 13, 39, 30495},  // ←
    {12, 16, 13, 0, 16, 48, 30534},  // ↑
    {13, 12, 13, 0, 13, 39, 30582},  // →
    {12, 16, 13, 0, 15, 48, 30621},  // ↓
    {17, 12, 13, -2, 13, 51, 30669},  // ↔
    {12, 23, 13, 0, 19, 69, 30720},  // ↕
    {11, 11, 13, 1, 16, 31, 30789},  // ↖
    {12, 11, 13, 0, 16, 33, 30820},  // ↗
    {12, 11, 13, 0, 11, 33, 30853},  // ↘
    {11, 11, 13, 1, 11, 31, 30886},  // ↙
    {13, 6, 13, 0, 9, 20, 30917},  // ↝
    {13, 8, 13, 0, 10, 26, 30937},  // ↞
    {13, 8, 13, 0, 10, 26, 30963},  // ↠
    {13, 8, 13, 0, 10, 26, 30989},  // ↢
    {13, 8, 13, 0, 10, 26, 31015},  // ↣
    {9, 12, 13, 2, 12, 27, 31041},  // ↥
    {13, 8, 13, 0, 10, 26, 31068},  // ↦
    {9, 12, 13, 2, 12, 27, 31094},  // ↧
    {13, 14, 13, 0, 16, 46, 31121},  // ↩
    {13, 14, 13, 0, 16, 46, 31167},  // ↪
    {13, 8, 13, 0, 9, 26, 31213},  // ↭
    {6, 22, 13, 5, 18, 33, 31239},  // ↾
    {13, 14, 13, 0, 13, 46, 31272},  // ⇉
    {13, 13, 13, 0, 14, 43, 31318},  // ⇐
    {14, 22, 13, -1, 18, 77, 31361},  // ⇑
    {13, 13, 13, 0, 14, 43, 31438},  // ⇒
    {14, 22, 13, -1, 17, 77, 31481},  // ⇓
    {17, 13, 13, -2, 14, 56, 31558},  // ⇔
    {13, 13, 13, 0, 14, 43, 31614},  // ⇛
    {9, 17, 13, 2, 16, 39, 31657},  // ⇞
    {9, 17, 13, 2, 16, 39, 31696},  // ⇟
    {13, 9, 13, 0, 11, 30, 31735},  // ⇥
    {13, 17, 13, 0, 17, 56, 31765},  // ⇧
    {13, 13, 13, 0, 13, 43, 31821},  // ⇨
    {13, 17, 13, 0, 17, 56, 31864},  // ⇪
    {11, 16, 13, 1, 15, 44, 31920},  // ∀
    {7, 12, 13, 3, 12, 21, 31964},  // ∁
    {10, 17, 13, 1, 16, 43, 31985},  // ∂
    {10, 15, 13, 1, 15, 38, 32028},  // ∃
    {10, 21, 13, 1, 18, 53, 32066},  // ∄
    {14, 16, 13, -1, 16, 56, 32119},  // ∅
    {11, 16, 13, 1, 16, 44, 32175},  // ∆
    {11, 16, 13, 1, 16, 44, 32219},  // ∇
    {12, 14, 13, 0, 15, 42, 32263},  // ∈
    {12, 18, 13, 0, 16, 54, 32305},  // ∉
    {7, 6, 13, 3, 10, 11, 32359},  // ∊
    {12, 14, 13, 0, 15, 42, 32370},  // ∋
    {12, 18, 13, 0, 17, 54, 32412},  // ∌
    {9, 11, 13, 2, 11, 25, 32466},  // ∎
    {12, 20, 13, 0, 16, 60, 32491},  // ∏
    {12, 19, 13, 0, 15, 57, 32551},  // ∐
    {11, 19, 13, 1, 15, 53, 32608},  // ∑
    {8, 2, 13, 2, 8, 4, 32661},  // −
    {11, 12, 13, 1, 12, 33, 32665},  // ∓
    {13, 16, 13, 0, 16, 52, 32698},  // ∕
    {6, 5, 13, 3, 9, 8, 32750},  // ∘
    {5, 3, 13, 4, 8, 4, 32758},  // ∙
    {13, 17, 13, 0, 16, 56, 32762},  // √
    {12, 8, 13, 0, 11, 24, 32818},  // ∞
    {3, 16, 13, 5, 16, 12, 32842},  // ∣
    {8, 16, 13, 2, 16, 32, 32854},  // ∤
    {7, 16, 13, 3, 16, 28, 32886},  // ∥
    {11, 11, 13, 1, 12, 31, 32914},  // ∧
    {11, 11, 13, 1, 12, 31, 32945},  // ∨
    {12, 16, 13, 0, 16, 48, 32976},  // ∩
    {12, 16, 13, 0, 16, 48, 33024},  // ∪
    {12, 19, 13, 0, 15, 57, 33072},  // ∫
    {12, 12, 13, 0, 12, 36, 33129},  // ∴
    {12, 12, 13, 0, 12, 36, 33165},  // ∵
    {5, 12, 13, 4, 12, 15, 33201},  // ∶
    {11, 11, 13, 1, 11, 31, 33216},  // ∷
    {8, 7, 13, 2, 11, 14, 33247},  // ∸
    {13, 9, 13, 0, 11, 30, 33261},  // ∹
    {11, 5, 13, 1, 10, 14, 33291},  // ∼
    {12, 7, 13, 0, 10, 21, 33305},  // ∾
    {11, 9, 13, 1, 13, 25, 33326},  // ≃
    {11, 13, 13, 1, 15, 36, 33351},  // ≅
    {11, 19, 13, 1, 17, 53, 33387},  // ≇
    {11, 10, 13, 1, 12, 28, 33440},  // ≈
    {11, 18, 13, 1, 16, 50, 33468},  // ≉
    {11, 13, 13, 1, 14, 36, 33518},  // ≋
    {12, 9, 13, 0, 11, 27, 33554},  // ≍
    {13, 10, 13, 0, 12, 33, 33581},  // ≔
    {10, 14, 13, 1, 16, 35, 33614},  // ≗
    {10, 15, 13, 1, 17, 38, 33649},  // ≟
    {10, 18, 13, 1, 17, 45, 33687},  // ≠
    {10, 11, 13, 1, 13, 28, 33732},  // ≡
    {10, 17, 13, 1, 16, 43, 33760},  // ≢
    {10, 11, 13, 1, 13, 28, 33803},  // ≣
    {10, 16, 13, 1, 16, 40, 33831},  // ≤
    {10, 16, 13, 1, 16, 40, 33871},  // ≥
    {13, 12, 13, 0, 13, 39, 33911},  // ≪
    {13, 12, 13, 0, 13, 39, 33950},  // ≫
    {7, 15, 13, 3, 13, 27, 33989},  // ≬
    {12, 15, 13, 0, 14, 45, 34016},  // ≭
    {10, 17, 13, 1, 16, 43, 34061},  // ≮
    {10, 17, 13, 1, 16, 43, 34104},  // ≯
    {10, 20, 13, 1, 17, 50, 34147},  // ≰
    {10, 20, 13, 1, 17, 50, 34197},  // ≱
    {11, 16, 13, 1, 16, 44, 34247},  // ≲
    {10, 15, 13, 1, 15, 38, 34291},  // ≳
    {10, 12, 13, 1, 13, 30, 34329},  // ≺
    {11, 12, 13, 1, 13, 33, 34359},  // ≻
    {10, 15, 13, 1, 15, 38, 34392},  // ≼
    {12, 10, 13, 0, 13, 30, 34430},  // ⊂
    {12, 10, 13, 0, 13, 30, 34460},  // ⊃
    {12, 18, 13, 0, 17, 54, 34490},  // ⊄
    {12, 18, 13, 0, 17, 54, 34544},  // ⊅
    {12, 14, 13, 0, 14, 42, 34598},  // ⊆
    {12, 14, 13, 0, 14, 42, 34640},  // ⊇
    {12, 21, 13, 0, 18, 63, 34682},  // ⊈
    {12, 21, 13, 0, 18, 63, 34745},  // ⊉
    {11, 16, 13, 1, 16, 44, 34808},  // ⊎
    {12, 10, 13, 0, 12, 30, 34852},  // ⊏
    {12, 10, 13, 0, 12, 30, 34882},  // ⊐
    {12, 14, 13, 0, 14, 42, 34912},  // ⊑
    {12, 14, 13, 0, 14, 42, 34954},  // ⊒
    {11, 12, 13, 1, 12, 33, 34996},  // ⊓
    {11, 11, 13, 1, 11, 31, 35029},  // ⊔
    {14, 14, 13, -1, 14, 49, 35060},  // ⊕
    {14, 13, 13, -1, 13, 46, 35109},  // ⊖
    {14, 15, 13, -1, 15, 53, 35155},  // ⊗
    {14, 15, 13, -1, 15, 53, 35208},  // ⊘
    {14, 13, 13, -1, 13, 46, 35261},  // ⊙
    {14, 14, 13, -1, 14, 49, 35307},  // ⊛
    {14, 15, 13, -1, 15, 53, 35356},  // ⊜
    {14, 15, 13, -1, 15, 53, 35409},  // ⊝
    {13, 13, 13, 0, 14, 43, 35462},  // ⊞
    {13, 14, 13, 0, 14, 46, 35505},  // ⊟
    {13, 14, 13, 0, 14, 46, 35551},  // ⊠
    {13, 14, 13, 0, 14, 46, 35597},  // ⊡
    {13, 13, 13, 0, 13, 43, 35643},  // ⊢
    {13, 13, 13, 0, 13, 43, 35686},  // ⊣
    {13, 13, 13, 0, 13, 43, 35729},  // ⊤
    {13, 13, 13, 0, 13, 43, 35772},  // ⊥
    {10, 16, 13, 1, 16, 40, 35815},  // ⊴
    {13, 4, 13, 0, 9, 13, 35855},  // ⊸
    {11, 15, 13, 1, 15, 42, 35868},  // ⊻
    {12, 15, 13, 0, 16, 45, 35910},  // ⊼
    {12, 15, 13, 0, 16, 45, 35955},  // ⊽
    {12, 16, 13, 0, 16, 48, 36000},  // ⋂
    {12, 16, 13, 0, 16, 48, 36048},  // ⋃
    {7, 7, 13, 3, 10, 13, 36096},  // ⋄
    {6, 6, 13, 3, 10, 9, 36109},  // ⋆
    {13, 13, 13, 0, 14, 43, 36118},  // ⋈
    {13, 13, 13, 0, 14, 43, 36161},  // ⋉
    {13, 13, 13, 0, 14, 43, 36204},  // ⋊
    {13, 12, 13, 0, 12, 39, 36247},  // ⋎
    {12, 13, 13, 0, 14, 39, 36286},  // ⋐
    {12, 21, 13, 0, 18, 63, 36325},  // ⋢
    {4, 13, 13, 4, 14, 13, 36388},  // ⋮
    {14, 3, 13, -1, 9, 11, 36401},  // ⋯
    {14, 13, 13, -1, 14, 46, 36412},  // ⋰
    {14, 13, 13, -1, 14, 46, 36458},  // ⋱
    {14, 16, 13, -1, 16, 56, 36504},  // REPLACEMENT
};

static const EpdUnicodeInterval PROGMEM jetbrains_mono_10_2bIntervals[] = {
    {0xD, 0xD, 0x0},     {0x20, 0x7E, 0x1},     {0xA0, 0x131, 0x60},     {0x134, 0x17F, 0xF2},
    {0x18F, 0x190, 0x13E},     {0x192, 0x192, 0x140},     {0x19B, 0x19B, 0x141},     {0x1A0, 0x1A1, 0x142},
    {0x1AF, 0x1B0, 0x144},     {0x1CD, 0x1CE, 0x146},     {0x1D0, 0x1D0, 0x148},     {0x1D2, 0x1D2, 0x149},
    {0x1D4, 0x1D4, 0x14A},     {0x1D6, 0x1D6, 0x14B},     {0x1D8, 0x1D8, 0x14C},     {0x1DA, 0x1DA, 0x14D},
    {0x1DC, 0x1DC, 0x14E},     {0x1E6, 0x1E7, 0x14F},     {0x1EA, 0x1EB, 0x151},     {0x1F4, 0x1F5, 0x153},
    {0x1FC, 0x1FF, 0x155},     {0x218, 0x21B, 0x159},     {0x232, 0x233, 0x15D},     {0x237, 0x237, 0x15F},
    {0x259, 0x259, 0x160},     {0x300, 0x304, 0x161},     {0x306, 0x30C, 0x166},     {0x30F, 0x30F, 0x16D},
    {0x312, 0x312, 0x16E},     {0x31B, 0x31B, 0x16F},     {0x323, 0x323, 0x170},     {0x325, 0x328, 0x171},
    {0x336, 0x338, 0x175},     {0x374, 0x375, 0x178},     {0x37E, 0x37E, 0x17A},     {0x384, 0x38A, 0x17B},
    {0x38C, 0x38C, 0x182},     {0x38E, 0x3A1, 0x183},     {0x3A3, 0x3CF, 0x197},     {0x3D5, 0x3D7, 0x1C4},
    {0x401, 0x40C, 0x1C7},     {0x40E, 0x44F, 0x1D3},     {0x451, 0x45C, 0x215},     {0x45E, 0x45F, 0x221},
    {0x490, 0x493, 0x223},     {0x49A, 0x49B, 0x227},     {0x4A2, 0x4A3, 0x229},     {0x4AE, 0x4B1, 0x22B},
    {0x4B6, 0x4B7, 0x22F},     {0x4BA, 0x4BB, 0x231},     {0x4D8, 0x4D9, 0x233},     {0x4DC, 0x4DF, 0x235},
    {0x4E4, 0x4E9, 0x239},     {0x4F4, 0x4F5, 0x23F},     {0x1E80, 0x1E85, 0x241},     {0x1E9E, 0x1E9E, 0x247},
    {0x1EA0, 0x1EF9, 0x248},     {0x2001, 0x2001, 0x2A2},     {0x200B, 0x200B, 0x2A3},     {0x2010, 0x2010, 0x2A4},
    {0x2013, 0x2014, 0x2A5},     {0x2016, 0x2016, 0x2A7},     {0x2018, 0x2022, 0x2A8},     {0x2024, 0x2024, 0x2B3},
    {0x2026, 0x2026, 0x2B4},     {0x2030, 0x2030, 0x2B5},     {0x2032, 0x2034, 0x2B6},     {0x2039, 0x203A, 0x2B9},
    {0x203C, 0x203F, 0x2BB},     {0x2044, 0x2046, 0x2BF},     {0x2070, 0x2070, 0x2C2},     {0x2074, 0x207A, 0x2C3},
    {0x207C, 0x207C, 0x2CA},     {0x2080, 0x2089, 0x2CB},     {0x20AB, 0x20AC, 0x2D5},     {0x20AE, 0x20AE, 0x2D7},
    {0x20B4, 0x20B4, 0x2D8},     {0x20BD, 0x20BD, 0x2D9},     {0x20BF, 0x20BF, 0x2DA},     {0x2190, 0x2199, 0x2DB},
    {0x219D, 0x219E, 0x2E5},     {0x21A0, 0x21A0, 0x2E7},     {0x21A2, 0x21A3, 0x2E8},     {0x21A5, 0x21A7, 0x2EA},
    {0x21A9, 0x21AA, 0x2ED},     {0x21AD, 0x21AD, 0x2EF},     {0x21BE, 0x21BE, 0x2F0},     {0x21C9, 0x21C9, 0x2F1},
    {0x21D0, 0x21D4, 0x2F2},     {0x21DB, 0x21DB, 0x2F7},     {0x21DE, 0x21DF, 0x2F8},     {0x21E5, 0x21E5, 0x2FA},
    {0x21E7, 0x21E8, 0x2FB},     {0x21EA, 0x21EA, 0x2FD},     {0x2200, 0x220C, 0x2FE},     {0x220E, 0x2213, 0x30B},
    {0x2215, 0x2215, 0x311},     {0x2218, 0x221A, 0x312},     {0x221E, 0x221E, 0x315},     {0x2223, 0x2225, 0x316},
    {0x2227, 0x222B, 0x319},     {0x2234, 0x2239, 0x31E},     {0x223C, 0x223C, 0x324},     {0x223E, 0x223E, 0x325},
    {0x2243, 0x2243, 0x326},     {0x2245, 0x2245, 0x327},     {0x2247, 0x2249, 0x328},     {0x224B, 0x224B, 0x32B},
    {0x224D, 0x224D, 0x32C},     {0x2254, 0x2254, 0x32D},     {0x2257, 0x2257, 0x32E},     {0x225F, 0x2265, 0x32F},
    {0x226A, 0x2273, 0x336},     {0x227A, 0x227C, 0x340},     {0x2282, 0x2289, 0x343},     {0x228E, 0x2299, 0x34B},
    {0x229B, 0x22A5, 0x357},     {0x22B4, 0x22B4, 0x362},     {0x22B8, 0x22B8, 0x363},     {0x22BB, 0x22BD, 0x364},
    {0x22C2, 0x22C4, 0x367},     {0x22C6, 0x22C6, 0x36A},     {0x22C8, 0x22CA, 0x36B},     {0x22CE, 0x22CE, 0x36E},
    {0x22D0, 0x22D0, 0x36F},     {0x22E2, 0x22E2, 0x370},     {0x22EE, 0x22F1, 0x371},     {0xFFFD, 0xFFFD, 0x375},
};

static const EpdFontData jetbrains_mono_10_2b = {
    jetbrains_mono_10_2bBitmaps, jetbrains_mono_10_2bGlyphs, jetbrains_mono_10_2bIntervals, 128, 28, 22, -7, true,
};
