/*
 * SIL OPEN FONT LICENSE 1.1 — bundled font notice (required by §56-61).
 *
 * Based on JetBrains Mono NL by JetBrains s.r.o.
 * Copyright 2020 The JetBrains Mono Project Authors
 *   (https://github.com/JetBrains/JetBrainsMono)
 *
 * This font is licensed under the SIL Open Font License, Version 1.1.
 * Full license text: scripts/jetbrains/OFL.txt (also bundled with each
 * snapix release archive).  License URL: https://openfontlicense.org
 *
 * Embedded in the snapix firmware as a derivative work — format conversion
 * (TTF → .epdfont → C array) is permitted under OFL §39-42.
 */
/**
 * generated by epdfont_to_header.py
 * name: jetbrains_mono_11_2b
 * mode: 2-bit
 */
#pragma once
#include "EpdFontData.h"

static const uint8_t PROGMEM jetbrains_mono_11_2bBitmaps[42456] = {
    0x7C, 0x7C, 0x7C, 0x3C, 0x3C, 0x3C, 0x3C, 0x3C, 0x3C, 0x3C, 0x3C, 0x3C, 0x00, 0x00, 0x7C, 0xFE, 0x7D, 0xB8, 0x3E,
    0xB8, 0x3D, 0xB8, 0x3D, 0xB8, 0x2D, 0xB8, 0x2D, 0xB8, 0x2D, 0xB4, 0x2D, 0x00, 0x38, 0x0F, 0x00, 0x1D, 0x03, 0x80,
    0x07, 0x00, 0xD0, 0x02, 0xC0, 0x74, 0x00, 0xF0, 0x2C, 0x07, 0xFF, 0xFF, 0xF1, 0xFF, 0xFF, 0xFC, 0x07, 0x40, 0xE0,
    0x02, 0xC0, 0x74, 0x00, 0xF0, 0x2C, 0x03, 0xFF, 0xFF, 0xF0, 0xFF, 0xFF, 0xFC, 0x07, 0x40, 0xE0, 0x01, 0xC0, 0x34,
    0x00, 0xB0, 0x1D, 0x00, 0x3C, 0x0B, 0x00, 0x0E, 0x02, 0xC0, 0x00, 0x00, 0x14, 0x00, 0x00, 0x28, 0x00, 0x00, 0x28,
    0x00, 0x00, 0x7C, 0x00, 0x07, 0xFF, 0xC0, 0x0F, 0xBE, 0xF0, 0x2E, 0x28, 0xB8, 0x3C, 0x28, 0x3C, 0x3D, 0x28, 0x00,
    0x2E, 0x28, 0x00, 0x0F, 0xB8, 0x00, 0x07, 0xFD, 0x00, 0x01, 0xFF, 0xD0, 0x00, 0x2F, 0xF4, 0x00, 0x28, 0xBC, 0x00,
    0x28, 0x3C, 0x24, 0x28, 0x3C, 0x3C, 0x28, 0x3C, 0x3E, 0x28, 0xB8, 0x1F, 0xFF, 0xF0, 0x02, 0xFF, 0x80, 0x00, 0x28,
    0x00, 0x00, 0x28, 0x00, 0x00, 0x28, 0x00, 0x1F, 0xD0, 0x02, 0xC3, 0xFF, 0x40, 0x34, 0xB4, 0x38, 0x0F, 0x0B, 0x03,
    0x82, 0xC0, 0xB0, 0x38, 0x74, 0x0B, 0x47, 0x8F, 0x00, 0x3F, 0xF2, 0xC0, 0x00, 0xB8, 0x74, 0x00, 0x00, 0x0E, 0x00,
    0x00, 0x02, 0xC6, 0xE0, 0x00, 0x75, 0xFF, 0xC0, 0x0E, 0x3C, 0x2D, 0x02, 0xC3, 0xC1, 0xD0, 0x74, 0x3C, 0x1D, 0x0E,
    0x03, 0xC2, 0xD2, 0xC0, 0x1F, 0xFC, 0x74, 0x00, 0xBF, 0x00, 0x00, 0xBF, 0x80, 0x00, 0x0F, 0xFF, 0xC0, 0x00, 0x7C,
    0x0F, 0x40, 0x01, 0xE0, 0x1E, 0x00, 0x07, 0x80, 0x00, 0x00, 0x0F, 0x40, 0x00, 0x00, 0x0F, 0x00, 0x00, 0x02, 0xFF,
    0x00, 0x00, 0x2F, 0xFE, 0x02, 0xE0, 0xF4, 0x3D, 0x0F, 0x07, 0x80, 0x3D, 0xF4, 0x1E, 0x00, 0x7F, 0x80, 0x78, 0x00,
    0xBC, 0x01, 0xF0, 0x07, 0xF8, 0x03, 0xD0, 0x7D, 0xF4, 0x07, 0xFF, 0xD0, 0xF0, 0x07, 0xF8, 0x01, 0xF0, 0x7C, 0x3C,
    0x3C, 0x3C, 0x3C, 0x3C, 0x3C, 0x00, 0x00, 0x00, 0x7C, 0x02, 0xFC, 0x0B, 0xD0, 0x1F, 0x00, 0x3D, 0x00, 0x7C, 0x00,
    0xB8, 0x00, 0xB4, 0x00, 0xB4, 0x00, 0xF4, 0x00, 0xF4, 0x00, 0xF4, 0x00, 0xB4, 0x00, 0xB4, 0x00, 0xB4, 0x00, 0x7C,
    0x00, 0x3C, 0x00, 0x2E, 0x00, 0x0F, 0x80, 0x03, 0xF4, 0x00, 0xFC, 0x00, 0x08, 0x00, 0x00, 0x78, 0x00, 0x7F, 0x40,
    0x0B, 0xD0, 0x01, 0xF0, 0x00, 0xB8, 0x00, 0x3C, 0x00, 0x3D, 0x00, 0x2D, 0x00, 0x2E, 0x00, 0x2E, 0x00, 0x2E, 0x00,
    0x2E, 0x00, 0x2E, 0x00, 0x2D, 0x00, 0x2D, 0x00, 0x3C, 0x00, 0x7C, 0x00, 0xF4, 0x03, 0xF0, 0x2F, 0xC0, 0x7E, 0x00,
    0x60, 0x00, 0x00, 0x0F, 0x00, 0x00, 0x03, 0xC0, 0x00, 0x00, 0xF0, 0x00, 0x50, 0x3C, 0x05, 0x3F, 0x8E, 0x2F, 0xC6,
    0xFF, 0xFF, 0x80, 0x06, 0xF9, 0x00, 0x00, 0xFF, 0x00, 0x00, 0xF6, 0xE0, 0x00, 0xBC, 0x3D, 0x00, 0x3C, 0x07, 0xC0,
    0x09, 0x00, 0x90, 0x00, 0x3C, 0x00, 0x00, 0x3C, 0x00, 0x00, 0x3C, 0x00, 0x00, 0x3C, 0x00, 0x00, 0x3C, 0x00, 0xBF,
    0xFF, 0xFD, 0x7F, 0xFF, 0xFD, 0x00, 0x3C, 0x00, 0x00, 0x3C, 0x00, 0x00, 0x3C, 0x00, 0x00, 0x3C, 0x00, 0x0F, 0x43,
    0xC1, 0xF0, 0xBC, 0x2E, 0x0F, 0x43, 0xC0, 0xBF, 0xFD, 0xFF, 0xFE, 0x7C, 0xFE, 0xFE, 0x7C, 0x00, 0x00, 0x7C, 0x00,
    0x00, 0xB8, 0x00, 0x00, 0xF0, 0x00, 0x01, 0xF0, 0x00, 0x03, 0xD0, 0x00, 0x03, 0xC0, 0x00, 0x0B, 0x80, 0x00, 0x0F,
    0x40, 0x00, 0x1F, 0x00, 0x00, 0x2E, 0x00, 0x00, 0x3C, 0x00, 0x00, 0x7C, 0x00, 0x00, 0xF4, 0x00, 0x00, 0xF0, 0x00,
    0x01, 0xE0, 0x00, 0x03, 0xD0, 0x00, 0x03, 0xC0, 0x00, 0x0B, 0x80, 0x00, 0x0F, 0x00, 0x00, 0x1F, 0x00, 0x00, 0x2D,
    0x00, 0x00, 0x3C, 0x00, 0x00, 0x02, 0xFF, 0x40, 0x3F, 0xFF, 0x82, 0xF0, 0x1F, 0x4F, 0x00, 0x1F, 0x3C, 0x00, 0x3C,
    0xF0, 0x00, 0xF3, 0xC0, 0x03, 0xCF, 0x0F, 0x0F, 0x3C, 0x7C, 0x3C, 0xF0, 0xA0, 0xF3, 0xC0, 0x03, 0xCF, 0x00, 0x0F,
    0x3C, 0x00, 0x3C, 0xF0, 0x01, 0xF2, 0xF0, 0x1F, 0x43, 0xFF, 0xF8, 0x02, 0xFF, 0x40, 0x02, 0xF8, 0x00, 0x3F, 0xE0,
    0x07, 0xE7, 0x80, 0x3D, 0x1E, 0x00, 0xC0, 0x78, 0x00, 0x01, 0xE0, 0x00, 0x07, 0x80, 0x00, 0x1E, 0x00, 0x00, 0x78,
    0x00, 0x01, 0xE0, 0x00, 0x07, 0x80, 0x00, 0x1E, 0x00, 0x00, 0x78, 0x00, 0x01, 0xE0, 0x00, 0x07, 0x80, 0x3F, 0xFF,
    0xFD, 0xFF, 0xFF, 0xF4, 0x02, 0xFF, 0x40, 0x0F, 0xFF, 0xE0, 0x2F, 0x01, 0xF4, 0x3C, 0x00, 0xB8, 0x3C, 0x00, 0x7C,
    0x00, 0x00, 0x7C, 0x00, 0x00, 0xB8, 0x00, 0x00, 0xF0, 0x00, 0x03, 0xE0, 0x00, 0x0B, 0xC0, 0x00, 0x2F, 0x00, 0x00,
    0xBC, 0x00, 0x02, 0xF0, 0x00, 0x0B, 0xC0, 0x00, 0x1F, 0x00, 0x00, 0x3F, 0xFF, 0xFC, 0x3F, 0xFF, 0xFC, 0x3F, 0xFF,
    0xF4, 0xFF, 0xFF, 0xD0, 0x00, 0x2E, 0x00, 0x02, 0xF0, 0x00, 0x2F, 0x00, 0x01, 0xF0, 0x00, 0x0F, 0xE0, 0x00, 0x3F,
    0xF4, 0x00, 0x02, 0xF0, 0x00, 0x02, 0xE0, 0x00, 0x07, 0x80, 0x00, 0x1E, 0x78, 0x00, 0x78, 0xF0, 0x02, 0xE3, 0xE0,
    0x1F, 0x03, 0xFF, 0xF8, 0x02, 0xFE, 0x40, 0x00, 0x0B, 0xC0, 0x00, 0x3C, 0x00, 0x03, 0xE0, 0x00, 0x1F, 0x00, 0x00,
    0xF4, 0x00, 0x0B, 0x80, 0x00, 0x7C, 0x00, 0x03, 0xD0, 0x3D, 0x2E, 0x00, 0xF4, 0xF0, 0x03, 0xD7, 0x80, 0x0F, 0x5F,
    0xFF, 0xFD, 0x7F, 0xFF, 0xF4, 0x00, 0x03, 0xD0, 0x00, 0x0F, 0x40, 0x00, 0x3D, 0x00, 0x00, 0xF4, 0x2F, 0xFF, 0xF4,
    0xBF, 0xFF, 0xC2, 0xC0, 0x00, 0x0B, 0x40, 0x00, 0x2D, 0x00, 0x00, 0xB4, 0x00, 0x02, 0xFF, 0xE4, 0x0B, 0xFF, 0xF8,
    0x00, 0x01, 0xF4, 0x00, 0x02, 0xE0, 0x00, 0x07, 0xC0, 0x00, 0x0F, 0x3C, 0x00, 0x7C, 0xF0, 0x02, 0xE3, 0xF0, 0x1F,
    0x43, 0xFF, 0xF8, 0x02, 0xFF, 0x40, 0x00, 0x1F, 0x00, 0x00, 0x3D, 0x00, 0x00, 0x7C, 0x00, 0x00, 0xF0, 0x00, 0x02,
    0xE0, 0x00, 0x03, 0xC0, 0x00, 0x0B, 0x99, 0x00, 0x1F, 0xFF, 0xE0, 0x3F, 0x41, 0xF4, 0x3C, 0x00, 0x7C, 0x78, 0x00,
    0x3C, 0xB8, 0x00, 0x3D, 0x78, 0x00, 0x3C, 0x3C, 0x00, 0x7C, 0x3F, 0x01, 0xF8, 0x0F, 0xFF, 0xE0, 0x01, 0xFF, 0x40,
    0x3F, 0xFF, 0xFE, 0x3F, 0xFF, 0xFE, 0x3C, 0x00, 0x3D, 0x3C, 0x00, 0x7C, 0x28, 0x00, 0xB8, 0x00, 0x00, 0xF0, 0x00,
    0x01, 0xF0, 0x00, 0x03, 0xD0, 0x00, 0x07, 0xC0, 0x00, 0x0B, 0x80, 0x00, 0x0F, 0x00, 0x00, 0x1F, 0x00, 0x00, 0x3D,
    0x00, 0x00, 0x3C, 0x00, 0x00, 0xB8, 0x00, 0x00, 0xF0, 0x00, 0x01, 0xF0, 0x00, 0x01, 0xFF, 0x40, 0x0F, 0xFF, 0xE0,
    0x2F, 0x01, 0xF4, 0x3D, 0x00, 0x78, 0x3C, 0x00, 0x7C, 0x3D, 0x00, 0xB8, 0x0F, 0x41, 0xF0, 0x02, 0xFF, 0x80, 0x0B,
    0xFF, 0xD0, 0x2F, 0x01, 0xF4, 0x3C, 0x00, 0x3C, 0x78, 0x00, 0x3C, 0x78, 0x00, 0x3C, 0x7C, 0x00, 0x3C, 0x3F, 0x00,
    0xF8, 0x0F, 0xFF, 0xF0, 0x02, 0xFF, 0x40, 0x01, 0xFF, 0x40, 0x0F, 0xFF, 0xE0, 0x2F, 0x01, 0xF8, 0x3C, 0x00, 0x7C,
    0x78, 0x00, 0x3C, 0xB8, 0x00, 0x3D, 0x78, 0x00, 0x3C, 0x3C, 0x00, 0x7C, 0x3F, 0x41, 0xF8, 0x0F, 0xFF, 0xF0, 0x01,
    0xFB, 0xE0, 0x00, 0x07, 0xC0, 0x00, 0x0F, 0x40, 0x00, 0x1F, 0x00, 0x00, 0x3D, 0x00, 0x00, 0xB8, 0x00, 0x00, 0xF0,
    0x00, 0x2F, 0x4F, 0xF2, 0xF4, 0x00, 0x00, 0x00, 0x00, 0x00, 0x00, 0x00, 0x00, 0x02, 0xF4, 0xFF, 0x2F, 0x40, 0x2F,
    0x4F, 0xF2, 0xF4, 0x00, 0x00, 0x00, 0x00, 0x00, 0x00, 0x00, 0x00, 0x00, 0xF4, 0x7C, 0x1F, 0x0B, 0x83, 0xD0, 0xF0,
    0x3C, 0x00, 0x00, 0x00, 0x04, 0x00, 0x02, 0xF0, 0x00, 0xBF, 0x40, 0x2F, 0xD0, 0x0B, 0xF4, 0x00, 0xFD, 0x00, 0x03,
    0xC0, 0x00, 0x0F, 0xE0, 0x00, 0x07, 0xF8, 0x00, 0x01, 0xFE, 0x00, 0x00, 0x7F, 0x80, 0x00, 0x1F, 0x00, 0x00, 0x00,
    0x3F, 0xFF, 0xF8, 0xFF, 0xFF, 0xF0, 0x00, 0x00, 0x00, 0x00, 0x00, 0x00, 0x00, 0x00, 0x00, 0x00, 0x03, 0xFF, 0xFF,
    0x8F, 0xFF, 0xFF, 0x10, 0x00, 0x00, 0xF4, 0x00, 0x02, 0xFD, 0x00, 0x00, 0xBF, 0x40, 0x00, 0x2F, 0xD0, 0x00, 0x0B,
    0xF0, 0x00, 0x07, 0xC0, 0x00, 0xBE, 0x00, 0x2F, 0x80, 0x1B, 0xE0, 0x03, 0xF8, 0x00, 0x0E, 0x00, 0x00, 0x00, 0x00,
    0x00, 0x3F, 0xF4, 0x03, 0xFF, 0xE0, 0x00, 0x1F, 0x80, 0x00, 0x7C, 0x00, 0x03, 0xC0, 0x00, 0x3C, 0x00, 0x07, 0xC0,
    0x01, 0xF8, 0x07, 0xFF, 0x00, 0x7F, 0x40, 0x07, 0xC0, 0x00, 0x7C, 0x00, 0x00, 0x00, 0x00, 0x00, 0x00, 0x07, 0x80,
    0x00, 0xFD, 0x00, 0x0B, 0xC0, 0x00, 0x01, 0xFF, 0x80, 0x0F, 0xFF, 0xF4, 0x3E, 0x00, 0x7C, 0x7C, 0x00, 0x1E, 0xB4,
    0x00, 0x0F, 0xF0, 0x0B, 0x8F, 0xF0, 0x3F, 0xFF, 0xF0, 0x7C, 0x2F, 0xF0, 0x74, 0x0F, 0xF0, 0x74, 0x0F, 0xF0, 0x74,
    0x0F, 0xF0, 0x74, 0x0F, 0xF0, 0x74, 0x0F, 0xF0, 0x3C, 0x2E, 0xF0, 0x2F, 0xFC, 0xF0, 0x07, 0xE0, 0xB4, 0x00, 0x00,
    0x7C, 0x00, 0x00, 0x2F, 0x00, 0x00, 0x0B, 0xFF, 0xC0, 0x01, 0xBF, 0xC0, 0x00, 0xBD, 0x00, 0x00, 0xFE, 0x00, 0x00,
    0xFF, 0x00, 0x01, 0xEF, 0x00, 0x02, 0xDB, 0x40, 0x03, 0xC7, 0x80, 0x03, 0xC3, 0xC0, 0x07, 0x83, 0xC0, 0x0B, 0x42,
    0xD0, 0x0F, 0x01, 0xE0, 0x0F, 0x00, 0xF0, 0x1F, 0xFF, 0xF0, 0x2F, 0xFF, 0xF8, 0x3C, 0x00, 0x7C, 0x3C, 0x00, 0x3C,
    0x78, 0x00, 0x3D, 0xB4, 0x00, 0x2E, 0xFF, 0xFD, 0x03, 0xFF, 0xFF, 0x0F, 0x00, 0x7D, 0x3C, 0x00, 0x78, 0xF0, 0x01,
    0xF3, 0xC0, 0x07, 0x8F, 0x00, 0x7C, 0x3F, 0xFF, 0x80, 0xFF, 0xFF, 0x43, 0xC0, 0x1F, 0x4F, 0x00, 0x1F, 0x3C, 0x00,
    0x3C, 0xF0, 0x00, 0xF3, 0xC0, 0x03, 0xCF, 0x00, 0x3E, 0x3F, 0xFF, 0xF0, 0xFF, 0xFE, 0x00, 0x07, 0xFD, 0x02, 0xFF,
    0xFC, 0x7D, 0x03, 0xEB, 0x40, 0x1F, 0xF0, 0x00, 0xEF, 0x00, 0x00, 0xF0, 0x00, 0x0F, 0x00, 0x00, 0xF0, 0x00, 0x0F,
    0x00, 0x00, 0xF0, 0x00, 0x0F, 0x00, 0x00, 0xF0, 0x00, 0xEB, 0x40, 0x1F, 0x7D, 0x03, 0xE2, 0xFF, 0xFC, 0x07, 0xFD,
    0x00, 0xFF, 0xF8, 0x0F, 0xFF, 0xF4, 0xF0, 0x0B, 0xCF, 0x00, 0x2E, 0xF0, 0x01, 0xEF, 0x00, 0x1F, 0xF0, 0x01, 0xFF,
    0x00, 0x1F, 0xF0, 0x01, 0xFF, 0x00, 0x1F, 0xF0, 0x01, 0xFF, 0x00, 0x1F, 0xF0, 0x01, 0xEF, 0x00, 0x2E, 0xF0, 0x0B,
    0xCF, 0xFF, 0xF4, 0xFF, 0xF8, 0x00, 0xBF, 0xFF, 0xFB, 0xFF, 0xFF, 0xB4, 0x00, 0x0B, 0x40, 0x00, 0xB4, 0x00, 0x0B,
    0x40, 0x00, 0xB4, 0x00, 0x0B, 0xFF, 0xFC, 0xBF, 0xFF, 0xCB, 0x40, 0x00, 0xB4, 0x00, 0x0B, 0x40, 0x00, 0xB4, 0x00,
    0x0B, 0x40, 0x00, 0xB4, 0x00, 0x0B, 0xFF, 0xFF, 0xBF, 0xFF, 0xF0, 0xFF, 0xFF, 0xF3, 0xFF, 0xFF, 0xCF, 0x00, 0x00,
    0x3C, 0x00, 0x00, 0xF0, 0x00, 0x03, 0xC0, 0x00, 0x0F, 0x00, 0x00, 0x3C, 0x00, 0x00, 0xFF, 0xFF, 0xD3, 0xFF, 0xFF,
    0x4F, 0x40, 0x00, 0x3D, 0x00, 0x00, 0xF4, 0x00, 0x03, 0xD0, 0x00, 0x0F, 0x40, 0x00, 0x3D, 0x00, 0x00, 0xF4, 0x00,
    0x00, 0x07, 0xFD, 0x03, 0xFF, 0xF8, 0x7C, 0x03, 0xDF, 0x40, 0x1F, 0xF0, 0x00, 0xAF, 0x00, 0x00, 0xF0, 0x00, 0x0F,
    0x00, 0x00, 0xF0, 0xBF, 0xFF, 0x07, 0xFF, 0xF0, 0x00, 0xFF, 0x00, 0x0F, 0xF0, 0x00, 0xFF, 0x40, 0x1E, 0x7C, 0x07,
    0xD3, 0xFF, 0xF8, 0x07, 0xFD, 0x00, 0xF0, 0x01, 0xEF, 0x00, 0x1E, 0xF0, 0x01, 0xEF, 0x00, 0x1E, 0xF0, 0x01, 0xEF,
    0x00, 0x1E, 0xF0, 0x01, 0xEF, 0xFF, 0xFE, 0xFF, 0xFF, 0xEF, 0x00, 0x1E, 0xF0, 0x01, 0xEF, 0x00, 0x1E, 0xF0, 0x01,
    0xEF, 0x00, 0x1E, 0xF0, 0x01, 0xEF, 0x00, 0x1E, 0xF0, 0x01, 0xE0, 0xBF, 0xFF, 0xD7, 0xFF, 0xFD, 0x00, 0xF0, 0x00,
    0x0F, 0x00, 0x00, 0xF0, 0x00, 0x0F, 0x00, 0x00, 0xF0, 0x00, 0x0F, 0x00, 0x00, 0xF0, 0x00, 0x0F, 0x00, 0x00, 0xF0,
    0x00, 0x0F, 0x00, 0x00, 0xF0, 0x00, 0x0F, 0x00, 0x00, 0xF0, 0x07, 0xFF, 0xFD, 0xBF, 0xFF, 0xD0, 0x00, 0x00, 0xB4,
    0x00, 0x02, 0xD0, 0x00, 0x0B, 0x40, 0x00, 0x2D, 0x00, 0x00, 0xB4, 0x00, 0x02, 0xD0, 0x00, 0x0B, 0x40, 0x00, 0x2D,
    0x00, 0x00, 0xB4, 0x00, 0x02, 0xD0, 0x00, 0x0B, 0x40, 0x00, 0x2D, 0xF0, 0x00, 0xF7, 0xD0, 0x03, 0xC7, 0xD0, 0x2F,
    0x0B, 0xFF, 0xF0, 0x07, 0xFE, 0x00, 0xF0, 0x00, 0xF7, 0xC0, 0x07, 0xCF, 0x00, 0x3D, 0x3C, 0x01, 0xF0, 0xF0, 0x0F,
    0x43, 0xC0, 0x7C, 0x0F, 0x03, 0xD0, 0x3F, 0xFF, 0x00, 0xFF, 0xF8, 0x03, 0xC0, 0xF0, 0x0F, 0x02, 0xE0, 0x3C, 0x03,
    0xC0, 0xF0, 0x0B, 0x83, 0xC0, 0x0F, 0x0F, 0x00, 0x2E, 0x3C, 0x00, 0x3C, 0xF0, 0x00, 0xB8, 0x3C, 0x00, 0x00, 0xF0,
    0x00, 0x03, 0xC0, 0x00, 0x0F, 0x00, 0x00, 0x3C, 0x00, 0x00, 0xF0, 0x00, 0x03, 0xC0, 0x00, 0x0F, 0x00, 0x00, 0x3C,
    0x00, 0x00, 0xF0, 0x00, 0x03, 0xC0, 0x00, 0x0F, 0x00, 0x00, 0x3C, 0x00, 0x00, 0xF0, 0x00, 0x03, 0xC0, 0x00, 0x0F,
    0xFF, 0xFE, 0x3F, 0xFF, 0xF8, 0x7F, 0x00, 0xFC, 0x7F, 0x01, 0xFC, 0x7B, 0x42, 0xEC, 0x7B, 0x83, 0xAC, 0x7A, 0xC7,
    0x7C, 0x79, 0xDB, 0x3C, 0x78, 0xEE, 0x3C, 0x78, 0xBD, 0x3C, 0x78, 0x7C, 0x3C, 0x78, 0x14, 0x3C, 0x78, 0x00, 0x3C,
    0x78, 0x00, 0x3C, 0x78, 0x00, 0x3C, 0x78, 0x00, 0x3C, 0x78, 0x00, 0x3C, 0x78, 0x00, 0x3C, 0x78, 0x00, 0x3C, 0xFC,
    0x01, 0xEF, 0xD0, 0x1E, 0xFE, 0x01, 0xEF, 0xF0, 0x1E, 0xF7, 0x41, 0xEF, 0x3C, 0x1E, 0xF2, 0xC1, 0xEF, 0x1D, 0x1E,
    0xF0, 0xF1, 0xEF, 0x0B, 0x1E, 0xF0, 0x79, 0xEF, 0x03, 0xCE, 0xF0, 0x2D, 0xEF, 0x01, 0xEE, 0xF0, 0x0F, 0xEF, 0x00,
    0xBE, 0xF0, 0x03, 0xE0, 0x07, 0xFD, 0x03, 0xFF, 0xF8, 0x7C, 0x07, 0xDF, 0x40, 0x2E, 0xF0, 0x01, 0xEF, 0x00, 0x1F,
    0xF0, 0x01, 0xFF, 0x00, 0x1F, 0xF0, 0x01, 0xFF, 0x00, 0x1F, 0xF0, 0x01, 0xFF, 0x00, 0x1F, 0xF0, 0x01, 0xEF, 0x40,
    0x2E, 0x7C, 0x07, 0xD3, 0xFF, 0xF8, 0x07, 0xFD, 0x00, 0xFF, 0xFE, 0x03, 0xFF, 0xFF, 0x4F, 0x00, 0x2F, 0x3C, 0x00,
    0x3D, 0xF0, 0x00, 0xBB, 0xC0, 0x02, 0xEF, 0x00, 0x0F, 0x7C, 0x00, 0xBC, 0xFF, 0xFF, 0xD3, 0xFF, 0xF8, 0x0F, 0x00,
    0x00, 0x3C, 0x00, 0x00, 0xF0, 0x00, 0x03, 0xC0, 0x00, 0x0F, 0x00, 0x00, 0x3C, 0x00, 0x00, 0xF0, 0x00, 0x00, 0x02,
    0xFF, 0x40, 0x0F, 0xFF, 0xE0, 0x2F, 0x01, 0xF4, 0x3C, 0x00, 0x7C, 0x3C, 0x00, 0x3C, 0x3C, 0x00, 0x3C, 0x3C, 0x00,
    0x3C, 0x3C, 0x00, 0x3C, 0x3C, 0x00, 0x3C, 0x3C, 0x00, 0x3C, 0x3C, 0x00, 0x3C, 0x3C, 0x00, 0x3C, 0x3C, 0x00, 0x3C,
    0x3C, 0x00, 0x7C, 0x2F, 0x01, 0xF4, 0x0F, 0xFF, 0xE0, 0x02, 0xFF, 0x80, 0x00, 0x07, 0xC0, 0x00, 0x03, 0xE0, 0x00,
    0x00, 0xF0, 0x00, 0x00, 0xBC, 0xFF, 0xFE, 0x03, 0xFF, 0xFF, 0x0F, 0x00, 0x3E, 0x3C, 0x00, 0x3C, 0xF0, 0x00, 0xF7,
    0xC0, 0x03, 0xCF, 0x00, 0x0F, 0x3C, 0x01, 0xF8, 0xFF, 0xFF, 0xC3, 0xFF, 0xF8, 0x0F, 0x02, 0xE0, 0x3C, 0x07, 0xC0,
    0xF0, 0x0F, 0x43, 0xC0, 0x1F, 0x0F, 0x00, 0x3D, 0x3C, 0x00, 0x7C, 0xF0, 0x00, 0xF4, 0x01, 0xFE, 0x40, 0x0F, 0xFF,
    0xE0, 0x2F, 0x01, 0xF0, 0x3D, 0x00, 0xB8, 0x3C, 0x00, 0x14, 0x3D, 0x00, 0x00, 0x1F, 0x40, 0x00, 0x0B, 0xF9, 0x00,
    0x01, 0xFF, 0xD0, 0x00, 0x06, 0xF4, 0x00, 0x00, 0x7C, 0x00, 0x00, 0x3C, 0x38, 0x00, 0x3C, 0x3C, 0x00, 0x3C, 0x3F,
    0x00, 0xF8, 0x0F, 0xFF, 0xF0, 0x02, 0xFF, 0x40, 0xBF, 0xFF, 0xFE, 0xBF, 0xFF, 0xFD, 0x00, 0x3C, 0x00, 0x00, 0x3C,
    0x00, 0x00, 0x3C, 0x00, 0x00, 0x3C, 0x00, 0x00, 0x3C, 0x00, 0x00, 0x3C, 0x00, 0x00, 0x3C, 0x00, 0x00, 0x3C, 0x00,
    0x00, 0x3C, 0x00, 0x00, 0x3C, 0x00, 0x00, 0x3C, 0x00, 0x00, 0x3C, 0x00, 0x00, 0x3C, 0x00, 0x00, 0x3C, 0x00, 0x00,
    0x3C, 0x00, 0xF0, 0x01, 0xEF, 0x00, 0x1E, 0xF0, 0x01, 0xEF, 0x00, 0x1E, 0xF0, 0x01, 0xEF, 0x00, 0x1E, 0xF0, 0x01,
    0xEF, 0x00, 0x1E, 0xF0, 0x01, 0xEF, 0x00, 0x1E, 0xF0, 0x01, 0xEF, 0x00, 0x1E, 0xF0, 0x01, 0xEF, 0x40, 0x2E, 0x7C,
    0x07, 0xD3, 0xFF, 0xF8, 0x0B, 0xFD, 0x00, 0xB4, 0x00, 0x2E, 0x78, 0x00, 0x3D, 0x3C, 0x00, 0x3C, 0x3C, 0x00, 0x7C,
    0x2D, 0x00, 0xB8, 0x1E, 0x00, 0xF0, 0x0F, 0x00, 0xF0, 0x0F, 0x01, 0xE0, 0x0B, 0x42, 0xD0, 0x07, 0x83, 0xC0, 0x03,
    0xC3, 0xC0, 0x03, 0xC3, 0x80, 0x02, 0xD7, 0x40, 0x01, 0xEB, 0x00, 0x00, 0xFF, 0x00, 0x00, 0xFE, 0x00, 0x00, 0xBD,
    0x00, 0x74, 0x0F, 0x02, 0xD7, 0x81, 0xF4, 0x2C, 0x78, 0x1F, 0x43, 0xC3, 0x82, 0xF8, 0x3C, 0x3C, 0x3B, 0x83, 0xC3,
    0xC3, 0xA8, 0x38, 0x3C, 0x36, 0xC3, 0x82, 0xC3, 0x5C, 0x74, 0x2D, 0x71, 0xC7, 0x41, 0xD7, 0x0C, 0xB0, 0x1D, 0xB0,
    0xDB, 0x00, 0xEB, 0x0D, 0xB0, 0x0E, 0xE0, 0xEF, 0x00, 0xFE, 0x0A, 0xE0, 0x0F, 0xD0, 0xBE, 0x00, 0xBD, 0x07, 0xD0,
    0x0B, 0xC0, 0x7D, 0x00, 0x2F, 0x00, 0x0F, 0x43, 0xD0, 0x07, 0xC0, 0x7C, 0x03, 0xC0, 0x0F, 0x41, 0xE0, 0x01, 0xF0,
    0xF0, 0x00, 0x3D, 0xB8, 0x00, 0x07, 0xFC, 0x00, 0x00, 0xBD, 0x00, 0x00, 0x1F, 0x00, 0x00, 0x0F, 0xE0, 0x00, 0x07,
    0xBD, 0x00, 0x03, 0xC7, 0xC0, 0x02, 0xE0, 0xF4, 0x00, 0xF0, 0x1F, 0x00, 0xB8, 0x03, 0xD0, 0x3C, 0x00, 0x7C, 0x3D,
    0x00, 0x0F, 0x80, 0x3C, 0x00, 0x07, 0xC7, 0x80, 0x03, 0xD0, 0xF0, 0x01, 0xF0, 0x2E, 0x00, 0xF4, 0x03, 0xC0, 0x3C,
    0x00, 0xB8, 0x2D, 0x00, 0x0F, 0x0F, 0x00, 0x02, 0xDB, 0x40, 0x00, 0x3F, 0xC0, 0x00, 0x0B, 0xD0, 0x00, 0x00, 0xF0,
    0x00, 0x00, 0x3C, 0x00, 0x00, 0x0F, 0x00, 0x00, 0x03, 0xC0, 0x00, 0x00, 0xF0, 0x00, 0x00, 0x3C, 0x00, 0x00, 0x0F,
    0x00, 0x00, 0x3F, 0xFF, 0xF8, 0xFF, 0xFF, 0xE0, 0x00, 0x0F, 0x40, 0x00, 0x7C, 0x00, 0x03, 0xD0, 0x00, 0x2E, 0x00,
    0x00, 0xF0, 0x00, 0x0B, 0x80, 0x00, 0x7C, 0x00, 0x03, 0xD0, 0x00, 0x1F, 0x00, 0x00, 0xF0, 0x00, 0x0B, 0x80, 0x00,
    0x3C, 0x00, 0x03, 0xD0, 0x00, 0x0F, 0xFF, 0xFE, 0x3F, 0xFF, 0xFC, 0x3F, 0xF5, 0xFF, 0xD7, 0xC0, 0x1F, 0x00, 0x7C,
    0x01, 0xF0, 0x07, 0xC0, 0x1F, 0x00, 0x7C, 0x01, 0xF0, 0x07, 0xC0, 0x1F, 0x00, 0x7C, 0x01, 0xF0, 0x07, 0xC0, 0x1F,
    0x00, 0x7C, 0x01, 0xF0, 0x07, 0xC0, 0x1F, 0x00, 0x7F, 0xF5, 0xFF, 0xD0, 0x3C, 0x00, 0x00, 0x2D, 0x00, 0x00, 0x1F,
    0x00, 0x00, 0x0F, 0x00, 0x00, 0x0B, 0x80, 0x00, 0x03, 0xC0, 0x00, 0x03, 0xD0, 0x00, 0x01, 0xE0, 0x00, 0x00, 0xF0,
    0x00, 0x00, 0xF4, 0x00, 0x00, 0x7C, 0x00, 0x00, 0x3C, 0x00, 0x00, 0x2E, 0x00, 0x00, 0x1F, 0x00, 0x00, 0x0F, 0x40,
    0x00, 0x0B, 0x80, 0x00, 0x03, 0xC0, 0x00, 0x03, 0xD0, 0x00, 0x01, 0xF0, 0x00, 0x00, 0xF0, 0x00, 0x00, 0xB8, 0x00,
    0x00, 0x7C, 0x7F, 0xF2, 0xFF, 0xC0, 0x0F, 0x00, 0x3C, 0x00, 0xF0, 0x03, 0xC0, 0x0F, 0x00, 0x3C, 0x00, 0xF0, 0x03,
    0xC0, 0x0F, 0x00, 0x3C, 0x00, 0xF0, 0x03, 0xC0, 0x0F, 0x00, 0x3C, 0x00, 0xF0, 0x03, 0xC0, 0x0F, 0x00, 0x3C, 0x7F,
    0xF2, 0xFF, 0xC0, 0x00, 0x7C, 0x00, 0x02, 0xF8, 0x00, 0x0E, 0xB0, 0x00, 0xB1, 0xD0, 0x03, 0x83, 0xC0, 0x2D, 0x07,
    0x40, 0xF0, 0x0F, 0x07, 0x40, 0x2D, 0x3C, 0x00, 0x38, 0xBF, 0xFF, 0xFD, 0xBF, 0xFF, 0xFD, 0x18, 0x02, 0xE0, 0x0F,
    0x40, 0x3C, 0x02, 0xFF, 0x40, 0x3F, 0xFF, 0xC2, 0xE0, 0x0F, 0x45, 0x00, 0x1E, 0x00, 0x00, 0x78, 0x1F, 0xFF, 0xE2,
    0xFF, 0xFF, 0x8F, 0x40, 0x1E, 0x78, 0x00, 0x79, 0xF0, 0x02, 0xE3, 0xD0, 0x1F, 0x8B, 0xFF, 0xEE, 0x07, 0xF8, 0x78,
    0xF0, 0x00, 0x0F, 0x00, 0x00, 0xF0, 0x00, 0x0F, 0x00, 0x00, 0xF1, 0xFE, 0x0F, 0x7F, 0xFC, 0xFD, 0x07, 0xDF, 0x40,
    0x1E, 0xF0, 0x01, 0xFF, 0x00, 0x1F, 0xF0, 0x01, 0xFF, 0x00, 0x1F, 0xF0, 0x01, 0xFF, 0x40, 0x1E, 0xFD, 0x07, 0xDF,
    0xBF, 0xFC, 0xF1, 0xFE, 0x00, 0x07, 0xFE, 0x00, 0xBF, 0xFF, 0x07, 0xD0, 0x3E, 0x3D, 0x00, 0x7C, 0xF0, 0x00, 0x53,
    0xC0, 0x00, 0x0F, 0x00, 0x00, 0x3C, 0x00, 0x00, 0xF0, 0x00, 0x53, 0xD0, 0x07, 0xC7, 0xD0, 0x3E, 0x0F, 0xFF, 0xF0,
    0x07, 0xFE, 0x00, 0x00, 0x01, 0xE0, 0x00, 0x1E, 0x00, 0x01, 0xE0, 0x00, 0x1E, 0x0B, 0xF1, 0xE3, 0xFF, 0xEE, 0xBC,
    0x07, 0xEF, 0x40, 0x2E, 0xF0, 0x01, 0xEF, 0x00, 0x1E, 0xF0, 0x01, 0xEF, 0x00, 0x1E, 0xF0, 0x01, 0xEF, 0x40, 0x2E,
    0xBC, 0x07, 0xE3, 0xFF, 0xEE, 0x0B, 0xF5, 0xE0, 0x01, 0xFF, 0x40, 0x3F, 0xFF, 0x82, 0xF0, 0x1F, 0x4F, 0x00, 0x1E,
    0x3C, 0x00, 0x3C, 0xFF, 0xFF, 0xF3, 0xFF, 0xFF, 0xCF, 0x00, 0x00, 0x3C, 0x00, 0x00, 0xF4, 0x00, 0x52, 0xF0, 0x0F,
    0x43, 0xFF, 0xFC, 0x01, 0xFF, 0x40, 0x00, 0x1F, 0xFC, 0x00, 0xBF, 0xFC, 0x00, 0xF4, 0x00, 0x00, 0xF0, 0x00, 0x00,
    0xF0, 0x00, 0x00, 0xF0, 0x00, 0xBF, 0xFF, 0xFC, 0xBF, 0xFF, 0xFC, 0x00, 0xF0, 0x00, 0x00, 0xF0, 0x00, 0x00, 0xF0,
    0x00, 0x00, 0xF0, 0x00, 0x00, 0xF0, 0x00, 0x00, 0xF0, 0x00, 0x00, 0xF0, 0x00, 0x00, 0xF0, 0x00, 0x00, 0xF0, 0x00,
    0x0B, 0xF5, 0xE3, 0xFF, 0xEE, 0xBC, 0x07, 0xEF, 0x40, 0x2E, 0xF0, 0x01, 0xEF, 0x00, 0x1E, 0xF0, 0x01, 0xEF, 0x00,
    0x1E, 0xF4, 0x02, 0xEB, 0xC0, 0x7E, 0x3F, 0xFE, 0xE0, 0xBF, 0x5E, 0x00, 0x01, 0xE0, 0x00, 0x2E, 0x00, 0x03, 0xD1,
    0xFF, 0xFC, 0x1F, 0xFE, 0x00, 0xF0, 0x00, 0x0F, 0x00, 0x00, 0xF0, 0x00, 0x0F, 0x00, 0x00, 0xF1, 0xFE, 0x0F, 0xBF,
    0xFC, 0xFD, 0x07, 0xDF, 0x40, 0x2E, 0xF0, 0x01, 0xEF, 0x00, 0x1E, 0xF0, 0x01, 0xEF, 0x00, 0x1E, 0xF0, 0x01, 0xEF,
    0x00, 0x1E, 0xF0, 0x01, 0xEF, 0x00, 0x1E, 0xF0, 0x01, 0xE0, 0x00, 0x3D, 0x00, 0x00, 0x7F, 0x00, 0x00, 0x3D, 0x00,
    0x00, 0x00, 0x00, 0x00, 0x00, 0x00, 0x2F, 0xFE, 0x00, 0x1F, 0xFE, 0x00, 0x00, 0x2E, 0x00, 0x00, 0x2E, 0x00, 0x00,
    0x2E, 0x00, 0x00, 0x2E, 0x00, 0x00, 0x2E, 0x00, 0x00, 0x2E, 0x00, 0x00, 0x2E, 0x00, 0x00, 0x2E, 0x00, 0x00, 0x2E,
    0x00, 0x3F, 0xFF, 0xFE, 0x3F, 0xFF, 0xFF, 0x00, 0x07, 0xC0, 0x00, 0xFD, 0x00, 0x07, 0xC0, 0x00, 0x00, 0x00, 0x00,
    0x03, 0xFF, 0xFC, 0x3F, 0xFF, 0xC0, 0x00, 0x3C, 0x00, 0x03, 0xC0, 0x00, 0x3C, 0x00, 0x03, 0xC0, 0x00, 0x3C, 0x00,
    0x03, 0xC0, 0x00, 0x3C, 0x00, 0x03, 0xC0, 0x00, 0x3C, 0x00, 0x03, 0xC0, 0x00, 0x3C, 0x00, 0x07, 0xC0, 0x01, 0xF4,
    0x3F, 0xFE, 0x03, 0xFF, 0x40, 0xF4, 0x00, 0x03, 0xD0, 0x00, 0x0F, 0x40, 0x00, 0x3D, 0x00, 0x00, 0xF4, 0x00, 0xF7,
    0xD0, 0x0F, 0x8F, 0x40, 0x7C, 0x3D, 0x03, 0xD0, 0xF4, 0x3E, 0x03, 0xFF, 0xF0, 0x0F, 0xFF, 0xC0, 0x3D, 0x0F, 0x40,
    0xF4, 0x1F, 0x03, 0xD0, 0x2E, 0x0F, 0x40, 0x3D, 0x3D, 0x00, 0x7C, 0xF4, 0x00, 0xF8, 0x7F, 0xFC, 0x00, 0x1F, 0xFF,
    0x00, 0x00, 0x03, 0xC0, 0x00, 0x00, 0xF0, 0x00, 0x00, 0x3C, 0x00, 0x00, 0x0F, 0x00, 0x00, 0x03, 0xC0, 0x00, 0x00,
    0xF0, 0x00, 0x00, 0x3C, 0x00, 0x00, 0x0F, 0x00, 0x00, 0x03, 0xC0, 0x00, 0x00, 0xF0, 0x00, 0x00, 0x3C, 0x00, 0x00,
    0x0F, 0x00, 0x00, 0x02, 0xD0, 0x00, 0x00, 0x7F, 0xFE, 0x00, 0x07, 0xFF, 0x80, 0xB7, 0xE2, 0xF0, 0xBB, 0xFB, 0xFC,
    0xB8, 0x7C, 0x3D, 0xB4, 0x3C, 0x2D, 0xB4, 0x3C, 0x2D, 0xB4, 0x3C, 0x2D, 0xB4, 0x3C, 0x2D, 0xB4, 0x3C, 0x2D, 0xB4,
    0x3C, 0x2D, 0xB4, 0x3C, 0x2D, 0xB4, 0x3C, 0x2D, 0xB4, 0x3C, 0x2D, 0xB4, 0x3C, 0x2D, 0xF1, 0xFE, 0x0F, 0xBF, 0xFC,
    0xFD, 0x07, 0xDF, 0x40, 0x2E, 0xF0, 0x01, 0xEF, 0x00, 0x1E, 0xF0, 0x01, 0xEF, 0x00, 0x1E, 0xF0, 0x01, 0xEF, 0x00,
    0x1E, 0xF0, 0x01, 0xEF, 0x00, 0x1E, 0xF0, 0x01, 0xE0, 0x01, 0xFF, 0x40, 0x3F, 0xFF, 0x82, 0xF0, 0x1F, 0x4F, 0x40,
    0x1E, 0x3C, 0x00, 0x7C, 0xF0, 0x00, 0xF3, 0xC0, 0x03, 0xCF, 0x00, 0x0F, 0x3C, 0x00, 0x7C, 0xF4, 0x01, 0xE2, 0xF0,
    0x1F, 0x43, 0xFF, 0xF8, 0x01, 0xFF, 0x40, 0xF1, 0xFE, 0x0F, 0x7F, 0xFC, 0xFD, 0x07, 0xDF, 0x40, 0x1E, 0xF0, 0x01,
    0xFF, 0x00, 0x1F, 0xF0, 0x01, 0xFF, 0x00, 0x1F, 0xF0, 0x01, 0xFF, 0x40, 0x1E, 0xFD, 0x07, 0xDF, 0x7F, 0xFC, 0xF1,
    0xFE, 0x0F, 0x00, 0x00, 0xF0, 0x00, 0x0F, 0x00, 0x00, 0xF0, 0x00, 0x00, 0x0B, 0xF1, 0xE3, 0xFF, 0xEE, 0xBC, 0x07,
    0xEF, 0x40, 0x2E, 0xF0, 0x01, 0xEF, 0x00, 0x1E, 0xF0, 0x01, 0xEF, 0x00, 0x1E, 0xF0, 0x01, 0xEF, 0x40, 0x2E, 0xBC,
    0x07, 0xE3, 0xFF, 0xEE, 0x0B, 0xF1, 0xE0, 0x00, 0x1E, 0x00, 0x01, 0xE0, 0x00, 0x1E, 0x00, 0x01, 0xE0, 0x78, 0xBF,
    0x41, 0xEF, 0xFF, 0x47, 0xE0, 0x2F, 0x1F, 0x00, 0x3C, 0x78, 0x00, 0xF1, 0xE0, 0x02, 0x87, 0x80, 0x00, 0x1E, 0x00,
    0x00, 0x78, 0x00, 0x01, 0xE0, 0x00, 0x07, 0x80, 0x00, 0x1E, 0x00, 0x00, 0x78, 0x00, 0x00, 0x02, 0xFF, 0x80, 0x7F,
    0xFF, 0xC2, 0xE0, 0x0F, 0x4F, 0x00, 0x04, 0x2D, 0x00, 0x00, 0x7F, 0xA4, 0x00, 0x7F, 0xFE, 0x00, 0x01, 0x7D, 0x00,
    0x00, 0x78, 0xA0, 0x00, 0xF3, 0xE0, 0x0B, 0x87, 0xFF, 0xFC, 0x02, 0xFF, 0x80, 0x00, 0x90, 0x00, 0x07, 0xC0, 0x00,
    0x1F, 0x00, 0x00, 0x7C, 0x00, 0xFF, 0xFF, 0xFF, 0xFF, 0xFF, 0xF0, 0x1F, 0x00, 0x00, 0x7C, 0x00, 0x01, 0xF0, 0x00,
    0x07, 0xC0, 0x00, 0x1F, 0x00, 0x00, 0x7C, 0x00, 0x01, 0xF0, 0x00, 0x07, 0xC0, 0x00, 0x0F, 0x00, 0x00, 0x2F, 0xFF,
    0x00, 0x2F, 0xFC, 0xF0, 0x01, 0xEF, 0x00, 0x1E, 0xF0, 0x01, 0xEF, 0x00, 0x1E, 0xF0, 0x01, 0xEF, 0x00, 0x1E, 0xF0,
    0x01, 0xEF, 0x00, 0x1E, 0xF0, 0x01, 0xEF, 0x40, 0x2E, 0x7C, 0x07, 0xC2, 0xFF, 0xF8, 0x07, 0xFD, 0x00, 0xB8, 0x00,
    0x3D, 0x7C, 0x00, 0x3C, 0x3D, 0x00, 0x78, 0x2E, 0x00, 0xB4, 0x1F, 0x00, 0xF0, 0x0F, 0x01, 0xE0, 0x0B, 0x82, 0xD0,
    0x07, 0xC3, 0xC0, 0x03, 0xC7, 0x80, 0x02, 0xDB, 0x40, 0x01, 0xEF, 0x00, 0x00, 0xFE, 0x00, 0x00, 0xBD, 0x00, 0x38,
    0x0F, 0x02, 0xC3, 0x81, 0xF0, 0x3C, 0x3C, 0x2F, 0x43, 0x82, 0xC2, 0xB8, 0x38, 0x2C, 0x3A, 0x87, 0x41, 0xD3, 0x6C,
    0x70, 0x1D, 0x71, 0xCB, 0x00, 0xE7, 0x0C, 0xB0, 0x0E, 0xB0, 0xDE, 0x00, 0xFE, 0x0E, 0xE0, 0x0B, 0xD0, 0xFD, 0x00,
    0x7D, 0x0B, 0xC0, 0x07, 0xC0, 0x7C, 0x00, 0x7C, 0x00, 0x7C, 0x2F, 0x00, 0xF4, 0x0F, 0x42, 0xE0, 0x03, 0xC3, 0xC0,
    0x02, 0xEF, 0x40, 0x00, 0xFE, 0x00, 0x00, 0xBD, 0x00, 0x00, 0xFF, 0x00, 0x03, 0xDB, 0x80, 0x0B, 0xC3, 0xD0, 0x0F,
    0x01, 0xF0, 0x3E, 0x00, 0xB8, 0xBC, 0x00, 0x3D, 0xB8, 0x00, 0x3D, 0x3C, 0x00, 0x3C, 0x3D, 0x00, 0xB8, 0x1F, 0x00,
    0xF4, 0x0F, 0x00, 0xF0, 0x0B, 0x82, 0xE0, 0x03, 0xC3, 0xC0, 0x03, 0xD3, 0xC0, 0x01, 0xEB, 0x40, 0x00, 0xFF, 0x00,
    0x00, 0xBE, 0x00, 0x00, 0x7D, 0x00, 0x00, 0x3C, 0x00, 0x00, 0xB8, 0x00, 0x00, 0xF0, 0x00, 0x01, 0xF0, 0x00, 0x02,
    0xD0, 0x00, 0xFF, 0xFF, 0xDB, 0xFF, 0xFD, 0x00, 0x07, 0xC0, 0x00, 0xF4, 0x00, 0x3E, 0x00, 0x0B, 0x80, 0x01, 0xF0,
    0x00, 0x7C, 0x00, 0x0F, 0x40, 0x03, 0xE0, 0x00, 0xB8, 0x00, 0x0F, 0xFF, 0xFE, 0xFF, 0xFF, 0xE0, 0x00, 0x01, 0xF8,
    0x00, 0x3F, 0xE0, 0x02, 0xF0, 0x00, 0x0B, 0x40, 0x00, 0x2D, 0x00, 0x00, 0xB8, 0x00, 0x01, 0xE0, 0x00, 0x07, 0x80,
    0x00, 0x1E, 0x00, 0x00, 0xB4, 0x03, 0xFF, 0x40, 0x1F, 0xFD, 0x00, 0x00, 0x3D, 0x00, 0x00, 0x78, 0x00, 0x01, 0xE0,
    0x00, 0x07, 0x80, 0x00, 0x2E, 0x00, 0x00, 0xB4, 0x00, 0x02, 0xD0, 0x00, 0x0B, 0xC0, 0x00, 0x0F, 0xF8, 0x00, 0x0B,
    0xE0, 0x3C, 0xF3, 0xCF, 0x3C, 0xF3, 0xCF, 0x3C, 0xF3, 0xCF, 0x3C, 0xF3, 0xCF, 0x3C, 0xF3, 0xCF, 0x3C, 0xF0, 0xB9,
    0x00, 0x03, 0xFF, 0x00, 0x00, 0x7D, 0x00, 0x00, 0xB4, 0x00, 0x02, 0xD0, 0x00, 0x0F, 0x00, 0x00, 0x3C, 0x00, 0x00,
    0xF0, 0x00, 0x03, 0xC0, 0x00, 0x0F, 0x40, 0x00, 0x0B, 0xFF, 0x00, 0x3F, 0xFC, 0x03, 0xD0, 0x00, 0x0F, 0x00, 0x00,
    0x3C, 0x00, 0x00, 0xF0, 0x00, 0x03, 0xC0, 0x00, 0x0B, 0x40, 0x00, 0x2D, 0x00, 0x00, 0xF4, 0x00, 0xBF, 0xC0, 0x03,
    0xF8, 0x00, 0x00, 0x0A, 0x80, 0x28, 0x3F, 0xF0, 0x3C, 0x7C, 0x7C, 0x3C, 0x78, 0x2F, 0xFC, 0x78, 0x07, 0xE0, 0x7D,
    0xFE, 0x7C, 0x00, 0x00, 0x3C, 0x3C, 0x3C, 0x3C, 0x3C, 0x3C, 0x3C, 0x3C, 0x3C, 0x7C, 0x7C, 0x7C, 0x00, 0xA0, 0x00,
    0x02, 0x80, 0x00, 0x0A, 0x00, 0x01, 0xFF, 0x80, 0x2F, 0xFF, 0xC1, 0xF2, 0x8F, 0x8F, 0x4A, 0x0F, 0x3C, 0x28, 0x14,
    0xF0, 0xA0, 0x03, 0xC2, 0x80, 0x0F, 0x0A, 0x00, 0x3C, 0x28, 0x14, 0xF4, 0xA0, 0xF1, 0xF2, 0x8F, 0x83, 0xFF, 0xFC,
    0x01, 0xFF, 0x80, 0x00, 0xA0, 0x00, 0x02, 0x80, 0x00, 0x0A, 0x00, 0x00, 0x02, 0xFF, 0x40, 0x0F, 0xFF, 0xF0, 0x2F,
    0x01, 0xF4, 0x3C, 0x00, 0xBC, 0x3C, 0x00, 0x14, 0x3D, 0x00, 0x00, 0x1F, 0x00, 0x00, 0x0F, 0x40, 0x00, 0x7F, 0xFF,
    0xC0, 0x3F, 0xFF, 0xC0, 0x03, 0xD0, 0x00, 0x03, 0xD0, 0x00, 0x07, 0xC0, 0x00, 0x0F, 0x40, 0x00, 0x3E, 0x00, 0x00,
    0x7F, 0xFF, 0xFD, 0x7F, 0xFF, 0xFD, 0x00, 0x00, 0x00, 0x07, 0x40, 0x01, 0xC2, 0xF6, 0xF9, 0xF8, 0x3F, 0xFF, 0xF8,
    0x03, 0xC0, 0x7C, 0x02, 0xC0, 0x07, 0x40, 0xB0, 0x00, 0xE0, 0x2C, 0x00, 0x38, 0x0B, 0x40, 0x2D, 0x00, 0xF4, 0x1F,
    0x00, 0xFF, 0xFF, 0xE0, 0xBD, 0xBE, 0x7E, 0x0C, 0x00, 0x07, 0x00, 0x00, 0x00, 0x00, 0x3C, 0x00, 0x07, 0xC7, 0x80,
    0x03, 0xD0, 0xF0, 0x01, 0xF0, 0x2E, 0x00, 0xF4, 0x03, 0xC0, 0x3C, 0x00, 0xB8, 0x2D, 0x00, 0x0F, 0x0F, 0x00, 0x02,
    0xDB, 0x40, 0x00, 0x3F, 0xC0, 0x0B, 0xFF, 0xFF, 0xD2, 0xFF, 0xFF, 0xF4, 0x00, 0x3C, 0x00, 0x2F, 0xFF, 0xFF, 0x4B,
    0xFF, 0xFF, 0xD0, 0x00, 0xF0, 0x00, 0x00, 0x3C, 0x00, 0x00, 0x0F, 0x00, 0x00, 0x3C, 0xF3, 0xCF, 0x3C, 0xF3, 0xCF,
    0x3C, 0x00, 0x00, 0x00, 0xF3, 0xCF, 0x3C, 0xF3, 0xCF, 0x3C, 0xF0, 0x02, 0xFF, 0x80, 0x0F, 0xFF, 0xF0, 0x2E, 0x00,
    0xB8, 0x3C, 0x00, 0x14, 0x3D, 0x00, 0x00, 0x2F, 0x40, 0x00, 0x0B, 0xFE, 0x40, 0x07, 0xAF, 0xE0, 0x1E, 0x00, 0xF4,
    0x3C, 0x00, 0x3C, 0x3C, 0x00, 0x3C, 0x3E, 0x00, 0x78, 0x1F, 0x95, 0xF0, 0x07, 0xFF, 0xC0, 0x00, 0x6F, 0xF0, 0x00,
    0x00, 0xFC, 0x00, 0x00, 0x3C, 0x28, 0x00, 0x3C, 0x3E, 0x00, 0xF8, 0x1F, 0xFF, 0xF0, 0x02, 0xFF, 0x80, 0x2D, 0x0B,
    0x4F, 0xC3, 0xF2, 0xD0, 0xB8, 0x02, 0xFF, 0x40, 0x1E, 0x41, 0xF0, 0x34, 0x7D, 0x2C, 0xB1, 0xFF, 0x4D, 0xD3, 0xC3,
    0x8A, 0xD3, 0x80, 0x0B, 0xD3, 0x80, 0x0B, 0xD3, 0x80, 0x0B, 0xD3, 0xC3, 0xCB, 0xD2, 0xFF, 0x4A, 0xA0, 0xBE, 0x0D,
    0x74, 0x00, 0x1C, 0x1E, 0x00, 0xB4, 0x06, 0xFF, 0x80, 0x00, 0x00, 0x00, 0x00, 0x03, 0xFC, 0x00, 0xA7, 0xFE, 0xE5,
    0xAE, 0x1E, 0x7F, 0xA0, 0x40, 0x00, 0x7C, 0x0F, 0x80, 0x3D, 0x0B, 0x80, 0x3D, 0x07, 0xC0, 0x2E, 0x03, 0xC0, 0x1F,
    0x03, 0xD0, 0x0F, 0x02, 0xE0, 0x02, 0xF0, 0x3D, 0x00, 0x2E, 0x07, 0xC0, 0x03, 0xD0, 0x7C, 0x00, 0x3D, 0x0B, 0x80,
    0x07, 0xC0, 0xF8, 0xBF, 0xFF, 0xDB, 0xFF, 0xFE, 0x00, 0x01, 0xE0, 0x00, 0x1E, 0x00, 0x01, 0xD0, 0xBF, 0xFD, 0xFF,
    0xFE, 0x02, 0xFF, 0x40, 0x1E, 0x01, 0xB0, 0x34, 0x00, 0x2C, 0xB0, 0x00, 0x0D, 0xD2, 0xFE, 0x0A, 0xD2, 0xC3, 0x8A,
    0xD2, 0xC3, 0x8B, 0xD2, 0xFE, 0x0B, 0xD2, 0xCE, 0x0B, 0xD2, 0xC7, 0x0A, 0xD2, 0xC3, 0x4A, 0xB1, 0x82, 0x4D, 0x34,
    0x00, 0x2C, 0x1E, 0x01, 0xB0, 0x02, 0xFF, 0x40, 0xBF, 0xFD, 0xFF, 0xFE, 0x0B, 0xE0, 0x3F, 0xF8, 0x74, 0x2C, 0xB0,
    0x0D, 0x74, 0x2C, 0x3F, 0xF8, 0x0B, 0xE0, 0x00, 0x3C, 0x00, 0x00, 0x3C, 0x00, 0x00, 0x3C, 0x00, 0x00, 0x3C, 0x00,
    0x7F, 0xFF, 0xFD, 0xBF, 0xFF, 0xFD, 0x00, 0x3C, 0x00, 0x00, 0x3C, 0x00, 0x00, 0x3C, 0x00, 0x00, 0x3C, 0x00, 0x00,
    0x3C, 0x00, 0x2A, 0xBE, 0xA8, 0x7F, 0xFF, 0xFC, 0x0B, 0xE0, 0x3E, 0xBC, 0x70, 0x1D, 0x00, 0x1D, 0x00, 0x3C, 0x00,
    0xF0, 0x07, 0xC0, 0x1E, 0x00, 0x7D, 0x54, 0x7F, 0xFE, 0x7F, 0xFD, 0x15, 0x7C, 0x00, 0xB0, 0x03, 0xC0, 0x03, 0xF8,
    0x00, 0x2D, 0x10, 0x0E, 0xB0, 0x1E, 0x7E, 0xBC, 0x0B, 0xE0, 0x02, 0x43, 0xD2, 0xE1, 0xF0, 0xF0, 0x01, 0xEF, 0x00,
    0x1E, 0xF0, 0x01, 0xEF, 0x00, 0x1E, 0xF0, 0x01, 0xEF, 0x00, 0x1E, 0xF0, 0x01, 0xEF, 0x00, 0x1E, 0xF4, 0x01, 0xEF,
    0x40, 0x2E, 0xFC, 0x07, 0xEF, 0xBF, 0xEE, 0xF6, 0xF9, 0xEF, 0x00, 0x00, 0xF0, 0x00, 0x0F, 0x00, 0x00, 0xF0, 0x00,
    0x00, 0x07, 0xF8, 0x38, 0xBF, 0xE0, 0xE3, 0xFF, 0x83, 0x9F, 0xFE, 0x0E, 0x7F, 0xF8, 0x39, 0xFF, 0xE0, 0xE7, 0xFF,
    0x83, 0x8F, 0xFE, 0x0E, 0x2F, 0xF8, 0x38, 0x1F, 0xE0, 0xE0, 0x03, 0x83, 0x80, 0x0E, 0x0E, 0x00, 0x38, 0x38, 0x00,
    0xE0, 0xE0, 0x03, 0x83, 0x80, 0x0E, 0x0E, 0x00, 0x38, 0x38, 0x00, 0xE0, 0xE0, 0x03, 0x83, 0x80, 0x0E, 0x0E, 0x00,
    0x38, 0x38, 0x7C, 0xFE, 0xFE, 0x7C, 0x1C, 0x02, 0xE0, 0x02, 0xC3, 0xFD, 0x7F, 0x40, 0x0B, 0xD0, 0x0F, 0xB4, 0x06,
    0x0D, 0x00, 0x03, 0x40, 0x00, 0xD0, 0x00, 0x34, 0x00, 0x0D, 0x00, 0x03, 0x40, 0x6A, 0xEA, 0x2F, 0xFF, 0xC0, 0x00,
    0x03, 0xF8, 0xB5, 0xD9, 0x0A, 0xD0, 0xAB, 0x1D, 0x3F, 0xC0, 0x40, 0x2E, 0x07, 0xC0, 0x00, 0xF4, 0x2F, 0x00, 0x03,
    0xC0, 0xB8, 0x00, 0x1F, 0x03, 0xD0, 0x00, 0xBC, 0x0F, 0x40, 0x03, 0xD0, 0x7C, 0x00, 0xBC, 0x0F, 0x40, 0x1F, 0x03,
    0xE0, 0x03, 0xD0, 0xB8, 0x00, 0xF4, 0x2F, 0x00, 0x2E, 0x07, 0xC0, 0x00, 0x0B, 0xC0, 0x02, 0xD2, 0xEC, 0x00, 0x78,
    0x12, 0xC0, 0x0F, 0x00, 0x2C, 0x03, 0xD0, 0x02, 0xC0, 0xB8, 0x00, 0x2C, 0x1F, 0x00, 0x7F, 0xFF, 0xC0, 0x00, 0x00,
    0xF8, 0x00, 0x00, 0x1F, 0x00, 0x00, 0x03, 0xC1, 0xC0, 0x00, 0xB8, 0x38, 0x00, 0x1F, 0x0B, 0x00, 0x03, 0xC1, 0xC3,
    0x40, 0xB4, 0x38, 0x34, 0x1F, 0x03, 0xFF, 0x43, 0xC0, 0x00, 0x34, 0xB4, 0x00, 0x03, 0x40, 0x07, 0x80, 0x01, 0xD2,
    0xFC, 0x00, 0x3C, 0x26, 0xC0, 0x0F, 0x00, 0x2C, 0x01, 0xD0, 0x02, 0xC0, 0x38, 0x00, 0x2C, 0x0B, 0x00, 0x02, 0xC1,
    0xD0, 0x07, 0xFF, 0xF8, 0x00, 0x00, 0x0F, 0x00, 0x00, 0x01, 0xD0, 0x00, 0x00, 0x38, 0xBE, 0x00, 0x0F, 0x1D, 0x7C,
    0x02, 0xD1, 0x41, 0xC0, 0x78, 0x00, 0x38, 0x0F, 0x00, 0x1E, 0x02, 0xC0, 0x1E, 0x00, 0x78, 0x03, 0xFF, 0xC0, 0x00,
    0x00, 0x00, 0x3F, 0xF0, 0x02, 0xD0, 0x0E, 0x00, 0x78, 0x03, 0x80, 0x0F, 0x00, 0x3E, 0x02, 0xD0, 0x00, 0x34, 0x78,
    0x07, 0x03, 0x4F, 0x00, 0x38, 0x72, 0xD0, 0x01, 0xFD, 0x78, 0x00, 0x00, 0x0F, 0x00, 0x00, 0x03, 0xC0, 0x40, 0x00,
    0x78, 0x2C, 0x00, 0x0F, 0x0B, 0x00, 0x03, 0xC1, 0xD3, 0x40, 0x74, 0x38, 0x34, 0x0F, 0x03, 0xFF, 0x43, 0xC0, 0x00,
    0x34, 0xB4, 0x00, 0x03, 0x40, 0x00, 0x7D, 0x00, 0x2F, 0x80, 0x03, 0xD0, 0x00, 0x00, 0x00, 0x00, 0x00, 0x0F, 0x00,
    0x03, 0xC0, 0x06, 0xF0, 0x0F, 0xFC, 0x0B, 0xD0, 0x03, 0xC0, 0x01, 0xF0, 0x00, 0x7C, 0x00, 0x0F, 0x00, 0x02, 0xF0,
    0x00, 0x3F, 0xFE, 0x02, 0xFF, 0xC0, 0x02, 0x40, 0x00, 0x02, 0xE0, 0x00, 0x00, 0xF0, 0x00, 0x00, 0x7C, 0x00, 0x00,
    0x00, 0x00, 0x00, 0x00, 0x00, 0x00, 0xBD, 0x00, 0x00, 0xFE, 0x00, 0x00, 0xFF, 0x00, 0x01, 0xEF, 0x00, 0x02, 0xDB,
    0x40, 0x03, 0xC7, 0x80, 0x03, 0xC3, 0xC0, 0x07, 0x83, 0xC0, 0x0B, 0x42, 0xD0, 0x0F, 0x01, 0xE0, 0x0F, 0x00, 0xF0,
    0x1F, 0xFF, 0xF0, 0x2F, 0xFF, 0xF8, 0x3C, 0x00, 0x7C, 0x3C, 0x00, 0x3C, 0x78, 0x00, 0x3D, 0xB4, 0x00, 0x2E, 0x00,
    0x02, 0x40, 0x00, 0x0B, 0x80, 0x00, 0x1F, 0x00, 0x00, 0x3C, 0x00, 0x00, 0x00, 0x00, 0x00, 0x00, 0x00, 0x00, 0xBD,
    0x00, 0x00, 0xFE, 0x00, 0x00, 0xFF, 0x00, 0x01, 0xEF, 0x00, 0x02, 0xDB, 0x40, 0x03, 0xC7, 0x80, 0x03, 0xC3, 0xC0,
    0x07, 0x83, 0xC0, 0x0B, 0x42, 0xD0, 0x0F, 0x01, 0xE0, 0x0F, 0x00, 0xF0, 0x1F, 0xFF, 0xF0, 0x2F, 0xFF, 0xF8, 0x3C,
    0x00, 0x7C, 0x3C, 0x00, 0x3C, 0x78, 0x00, 0x3D, 0xB4, 0x00, 0x2E, 0x00, 0x24, 0x00, 0x00, 0xFE, 0x00, 0x03, 0xEB,
    0x80, 0x0F, 0x82, 0xE0, 0x00, 0x00, 0x00, 0x00, 0x00, 0x00, 0x00, 0xBD, 0x00, 0x00, 0xFE, 0x00, 0x00, 0xFF, 0x00,
    0x01, 0xEF, 0x00, 0x02, 0xDB, 0x40, 0x03, 0xC7, 0x80, 0x03, 0xC3, 0xC0, 0x07, 0x83, 0xC0, 0x0B, 0x42, 0xD0, 0x0F,
    0x01, 0xE0, 0x0F, 0x00, 0xF0, 0x1F, 0xFF, 0xF0, 0x2F, 0xFF, 0xF8, 0x3C, 0x00, 0x7C, 0x3C, 0x00, 0x3C, 0x78, 0x00,
    0x3D, 0xB4, 0x00, 0x2E, 0x00, 0x00, 0x00, 0x03, 0xE0, 0xE0, 0x0B, 0x78, 0xD0, 0x0E, 0x0F, 0xC0, 0x00, 0x00, 0x00,
    0x00, 0x00, 0x00, 0x00, 0xBD, 0x00, 0x00, 0xFE, 0x00, 0x00, 0xFF, 0x00, 0x01, 0xEF, 0x00, 0x02, 0xDB, 0x40, 0x03,
    0xC7, 0x80, 0x03, 0xC3, 0xC0, 0x07, 0x83, 0xC0, 0x0B, 0x42, 0xD0, 0x0F, 0x01, 0xE0, 0x0F, 0x00, 0xF0, 0x1F, 0xFF,
    0xF0, 0x2F, 0xFF, 0xF8, 0x3C, 0x00, 0x7C, 0x3C, 0x00, 0x3C, 0x78, 0x00, 0x3D, 0xB4, 0x00, 0x2E, 0x0B, 0x42, 0xD0,
    0x0F, 0xC3, 0xF0, 0x0B, 0x42, 0xE0, 0x00, 0x00, 0x00, 0x00, 0x00, 0x00, 0x00, 0xBD, 0x00, 0x00, 0xFE, 0x00, 0x00,
    0xFF, 0x00, 0x01, 0xEF, 0x00, 0x02, 0xDB, 0x40, 0x03, 0xC7, 0x80, 0x03, 0xC3, 0xC0, 0x07, 0x83, 0xC0, 0x0B, 0x42,
    0xD0, 0x0F, 0x01, 0xE0, 0x0F, 0x00, 0xF0, 0x1F, 0xFF, 0xF0, 0x2F, 0xFF, 0xF8, 0x3C, 0x00, 0x7C, 0x3C, 0x00, 0x3C,
    0x78, 0x00, 0x3D, 0xB4, 0x00, 0x2E, 0x00, 0xBE, 0x00, 0x02, 0xC3, 0x40, 0x03, 0x83, 0x80, 0x02, 0xC3, 0x40, 0x00,
    0xBE, 0x00, 0x00, 0x00, 0x00, 0x00, 0xBD, 0x00, 0x00, 0xFE, 0x00, 0x00, 0xFF, 0x00, 0x01, 0xEF, 0x00, 0x02, 0xDB,
    0x40, 0x03, 0xC7, 0x80, 0x03, 0xC3, 0xC0, 0x07, 0x83, 0xC0, 0x0B, 0x42, 0xD0, 0x0F, 0x01, 0xE0, 0x0F, 0x00, 0xF0,
    0x1F, 0xFF, 0xF0, 0x2F, 0xFF, 0xF8, 0x3C, 0x00, 0x7C, 0x3C, 0x00, 0x3C, 0x78, 0x00, 0x3D, 0xB4, 0x00, 0x2E, 0x00,
    0xFF, 0xFF, 0xC0, 0x1F, 0xFF, 0xFC, 0x01, 0xE3, 0xC0, 0x00, 0x2D, 0x3C, 0x00, 0x03, 0xC3, 0xC0, 0x00, 0x3C, 0x3C,
    0x00, 0x07, 0x83, 0xC0, 0x00, 0x78, 0x3F, 0xF4, 0x0B, 0x43, 0xFF, 0x80, 0xF0, 0x3C, 0x00, 0x0F, 0xFF, 0xC0, 0x00,
    0xFF, 0xFC, 0x00, 0x1E, 0x03, 0xC0, 0x02, 0xD0, 0x3C, 0x00, 0x3C, 0x03, 0xC0, 0x03, 0xC0, 0x3F, 0xFC, 0x3C, 0x03,
    0xFF, 0xC0, 0x07, 0xFD, 0x02, 0xFF, 0xFC, 0x7D, 0x03, 0xEB, 0x40, 0x1F, 0xF0, 0x00, 0xEF, 0x00, 0x00, 0xF0, 0x00,
    0x0F, 0x00, 0x00, 0xF0, 0x00, 0x0F, 0x00, 0x00, 0xF0, 0x00, 0x0F, 0x00, 0x00, 0xF0, 0x00, 0xEB, 0x40, 0x1F, 0x7D,
    0x03, 0xE2, 0xFF, 0xFC, 0x07, 0xFD, 0x00, 0x2C, 0x00, 0x00, 0x7C, 0x00, 0x02, 0xD0, 0x03, 0xFD, 0x00, 0x3F, 0x40,
    0x06, 0x00, 0x00, 0xB8, 0x00, 0x03, 0xD0, 0x00, 0x0F, 0x00, 0x00, 0x00, 0x00, 0x00, 0x00, 0xBF, 0xFF, 0xFB, 0xFF,
    0xFF, 0xB4, 0x00, 0x0B, 0x40, 0x00, 0xB4, 0x00, 0x0B, 0x40, 0x00, 0xB4, 0x00, 0x0B, 0xFF, 0xFC, 0xBF, 0xFF, 0xCB,
    0x40, 0x00, 0xB4, 0x00, 0x0B, 0x40, 0x00, 0xB4, 0x00, 0x0B, 0x40, 0x00, 0xB4, 0x00, 0x0B, 0xFF, 0xFF, 0xBF, 0xFF,
    0xF0, 0x00, 0x06, 0x00, 0x01, 0xE0, 0x00, 0x3C, 0x00, 0x0F, 0x40, 0x00, 0x00, 0x00, 0x00, 0x00, 0xBF, 0xFF, 0xFB,
    0xFF, 0xFF, 0xB4, 0x00, 0x0B, 0x40, 0x00, 0xB4, 0x00, 0x0B, 0x40, 0x00, 0xB4, 0x00, 0x0B, 0xFF, 0xFC, 0xBF, 0xFF,
    0xCB, 0x40, 0x00, 0xB4, 0x00, 0x0B, 0x40, 0x00, 0xB4, 0x00, 0x0B, 0x40, 0x00, 0xB4, 0x00, 0x0B, 0xFF, 0xFF, 0xBF,
    0xFF, 0xF0, 0x00, 0x60, 0x00, 0x2F, 0xC0, 0x0B, 0x9F, 0x02, 0xE0, 0x7C, 0x00, 0x00, 0x00, 0x00, 0x00, 0xBF, 0xFF,
    0xFB, 0xFF, 0xFF, 0xB4, 0x00, 0x0B, 0x40, 0x00, 0xB4, 0x00, 0x0B, 0x40, 0x00, 0xB4, 0x00, 0x0B, 0xFF, 0xFC, 0xBF,
    0xFF, 0xCB, 0x40, 0x00, 0xB4, 0x00, 0x0B, 0x40, 0x00, 0xB4, 0x00, 0x0B, 0x40, 0x00, 0xB4, 0x00, 0x0B, 0xFF, 0xFF,
    0xBF, 0xFF, 0xF0, 0x1E, 0x07, 0x83, 0xF0, 0xBC, 0x1E, 0x07, 0x80, 0x00, 0x00, 0x00, 0x00, 0x0B, 0xFF, 0xFF, 0xBF,
    0xFF, 0xFB, 0x40, 0x00, 0xB4, 0x00, 0x0B, 0x40, 0x00, 0xB4, 0x00, 0x0B, 0x40, 0x00, 0xBF, 0xFF, 0xCB, 0xFF, 0xFC,
    0xB4, 0x00, 0x0B, 0x40, 0x00, 0xB4, 0x00, 0x0B, 0x40, 0x00, 0xB4, 0x00, 0x0B, 0x40, 0x00, 0xBF, 0xFF, 0xFB, 0xFF,
    0xFF, 0x09, 0x00, 0x00, 0xB8, 0x00, 0x03, 0xC0, 0x00, 0x1F, 0x00, 0x00, 0x00, 0x00, 0x00, 0x00, 0xBF, 0xFF, 0xD7,
    0xFF, 0xFD, 0x00, 0xF0, 0x00, 0x0F, 0x00, 0x00, 0xF0, 0x00, 0x0F, 0x00, 0x00, 0xF0, 0x00, 0x0F, 0x00, 0x00, 0xF0,
    0x00, 0x0F, 0x00, 0x00, 0xF0, 0x00, 0x0F, 0x00, 0x00, 0xF0, 0x00, 0x0F, 0x00, 0x00, 0xF0, 0x07, 0xFF, 0xFD, 0xBF,
    0xFF, 0xD0, 0x00, 0x09, 0x00, 0x02, 0xE0, 0x00, 0x7C, 0x00, 0x0F, 0x00, 0x00, 0x00, 0x00, 0x00, 0x00, 0xBF, 0xFF,
    0xD7, 0xFF, 0xFD, 0x00, 0xF0, 0x00, 0x0F, 0x00, 0x00, 0xF0, 0x00, 0x0F, 0x00, 0x00, 0xF0, 0x00, 0x0F, 0x00, 0x00,
    0xF0, 0x00, 0x0F, 0x00, 0x00, 0xF0, 0x00, 0x0F, 0x00, 0x00, 0xF0, 0x00, 0x0F, 0x00, 0x00, 0xF0, 0x07, 0xFF, 0xFD,
    0xBF, 0xFF, 0xD0, 0x00, 0x90, 0x00, 0x3F, 0x80, 0x0F, 0xAE, 0x03, 0xE0, 0xB8, 0x00, 0x00, 0x00, 0x00, 0x00, 0xBF,
    0xFF, 0xD7, 0xFF, 0xFD, 0x00, 0xF0, 0x00, 0x0F, 0x00, 0x00, 0xF0, 0x00, 0x0F, 0x00, 0x00, 0xF0, 0x00, 0x0F, 0x00,
    0x00, 0xF0, 0x00, 0x0F, 0x00, 0x00, 0xF0, 0x00, 0x0F, 0x00, 0x00, 0xF0, 0x00, 0x0F, 0x00, 0x00, 0xF0, 0x07, 0xFF,
    0xFD, 0xBF, 0xFF, 0xD0, 0x2D, 0x0B, 0x43, 0xF0, 0xFC, 0x2D, 0x0B, 0x80, 0x00, 0x00, 0x00, 0x00, 0x0B, 0xFF, 0xFD,
    0x7F, 0xFF, 0xD0, 0x0F, 0x00, 0x00, 0xF0, 0x00, 0x0F, 0x00, 0x00, 0xF0, 0x00, 0x0F, 0x00, 0x00, 0xF0, 0x00, 0x0F,
    0x00, 0x00, 0xF0, 0x00, 0x0F, 0x00, 0x00, 0xF0, 0x00, 0x0F, 0x00, 0x00, 0xF0, 0x00, 0x0F, 0x00, 0x7F, 0xFF, 0xDB,
    0xFF, 0xFD, 0x0F, 0xFF, 0x80, 0x0F, 0xFF, 0xF4, 0x0F, 0x00, 0xBC, 0x0F, 0x00, 0x2E, 0x0F, 0x00, 0x1E, 0x0F, 0x00,
    0x1F, 0x0F, 0x00, 0x1F, 0xBF, 0xF8, 0x1F, 0xFF, 0xF8, 0x1F, 0x0F, 0x00, 0x1F, 0x0F, 0x00, 0x1F, 0x0F, 0x00, 0x1F,
    0x0F, 0x00, 0x1E, 0x0F, 0x00, 0x2E, 0x0F, 0x00, 0xBC, 0x0F, 0xFF, 0xF4, 0x0F, 0xFF, 0x80, 0x00, 0x00, 0x00, 0xF8,
    0x38, 0x2D, 0xE3, 0x43, 0x83, 0xF0, 0x00, 0x00, 0x00, 0x00, 0x00, 0xFC, 0x01, 0xEF, 0xD0, 0x1E, 0xFE, 0x01, 0xEF,
    0xF0, 0x1E, 0xF7, 0x41, 0xEF, 0x3C, 0x1E, 0xF2, 0xC1, 0xEF, 0x1D, 0x1E, 0xF0, 0xF1, 0xEF, 0x0B, 0x1E, 0xF0, 0x79,
    0xEF, 0x03, 0xCE, 0xF0, 0x2D, 0xEF, 0x01, 0xEE, 0xF0, 0x0F, 0xEF, 0x00, 0xBE, 0xF0, 0x03, 0xE0, 0x09, 0x00, 0x00,
    0xB8, 0x00, 0x03, 0xC0, 0x00, 0x1F, 0x00, 0x00, 0x00, 0x00, 0x00, 0x00, 0x07, 0xFD, 0x03, 0xFF, 0xF8, 0x7C, 0x07,
    0xDF, 0x40, 0x2E, 0xF0, 0x01, 0xEF, 0x00, 0x1F, 0xF0, 0x01, 0xFF, 0x00, 0x1F, 0xF0, 0x01, 0xFF, 0x00, 0x1F, 0xF0,
    0x01, 0xFF, 0x00, 0x1F, 0xF0, 0x01, 0xEF, 0x40, 0x2E, 0x7C, 0x07, 0xD3, 0xFF, 0xF8, 0x07, 0xFD, 0x00, 0x00, 0x09,
    0x00, 0x02, 0xE0, 0x00, 0x7C, 0x00, 0x0F, 0x00, 0x00, 0x00, 0x00, 0x00, 0x00, 0x07, 0xFD, 0x03, 0xFF, 0xF8, 0x7C,
    0x07, 0xDF, 0x40, 0x2E, 0xF0, 0x01, 0xEF, 0x00, 0x1F, 0xF0, 0x01, 0xFF, 0x00, 0x1F, 0xF0, 0x01, 0xFF, 0x00, 0x1F,
    0xF0, 0x01, 0xFF, 0x00, 0x1F, 0xF0, 0x01, 0xEF, 0x40, 0x2E, 0x7C, 0x07, 0xD3, 0xFF, 0xF8, 0x07, 0xFD, 0x00, 0x00,
    0x90, 0x00, 0x3F, 0x80, 0x0F, 0xAE, 0x03, 0xE0, 0xB8, 0x00, 0x00, 0x00, 0x00, 0x00, 0x07, 0xFD, 0x03, 0xFF, 0xF8,
    0x7C, 0x07, 0xDF, 0x40, 0x2E, 0xF0, 0x01, 0xEF, 0x00, 0x1F, 0xF0, 0x01, 0xFF, 0x00, 0x1F, 0xF0, 0x01, 0xFF, 0x00,
    0x1F, 0xF0, 0x01, 0xFF, 0x00, 0x1F, 0xF0, 0x01, 0xEF, 0x40, 0x2E, 0x7C, 0x07, 0xD3, 0xFF, 0xF8, 0x07, 0xFD, 0x00,
    0x00, 0x00, 0x00, 0xF8, 0x38, 0x2D, 0xE3, 0x43, 0x83, 0xF0, 0x00, 0x00, 0x00, 0x00, 0x00, 0x07, 0xFD, 0x03, 0xFF,
    0xF8, 0x7C, 0x07, 0xDF, 0x40, 0x2E, 0xF0, 0x01, 0xEF, 0x00, 0x1F, 0xF0, 0x01, 0xFF, 0x00, 0x1F, 0xF0, 0x01, 0xFF,
    0x00, 0x1F, 0xF0, 0x01, 0xFF, 0x00, 0x1F, 0xF0, 0x01, 0xEF, 0x40, 0x2E, 0x7C, 0x07, 0xD3, 0xFF, 0xF8, 0x07, 0xFD,
    0x00, 0x2D, 0x0B, 0x43, 0xF0, 0xFC, 0x2D, 0x0B, 0x80, 0x00, 0x00, 0x00, 0x00, 0x00, 0x7F, 0xD0, 0x3F, 0xFF, 0x87,
    0xC0, 0x7D, 0xF4, 0x02, 0xEF, 0x00, 0x1E, 0xF0, 0x01, 0xFF, 0x00, 0x1F, 0xF0, 0x01, 0xFF, 0x00, 0x1F, 0xF0, 0x01,
    0xFF, 0x00, 0x1F, 0xF0, 0x01, 0xFF, 0x00, 0x1E, 0xF4, 0x02, 0xE7, 0xC0, 0x7D, 0x3F, 0xFF, 0x80, 0x7F, 0xD0, 0x00,
    0x00, 0x02, 0x00, 0x18, 0x7C, 0x07, 0xC1, 0xF1, 0xF0, 0x07, 0xFC, 0x00, 0x2F, 0x40, 0x07, 0xFC, 0x01, 0xF1, 0xF0,
    0x7C, 0x07, 0xC2, 0x00, 0x14, 0x00, 0xBF, 0xD7, 0x80, 0xFF, 0xFF, 0xC0, 0xBC, 0x07, 0xE0, 0x3D, 0x00, 0xF8, 0x0F,
    0x00, 0xBF, 0x03, 0xC0, 0x3F, 0xC0, 0xF0, 0x3D, 0xF0, 0x3C, 0x1E, 0x7C, 0x0F, 0x0F, 0x1F, 0x03, 0xC7, 0x47, 0xC0,
    0xF3, 0xC1, 0xF0, 0x3E, 0xD0, 0x7C, 0x0F, 0xE0, 0x1F, 0x03, 0xF0, 0x0B, 0x80, 0xBC, 0x07, 0xD0, 0x3F, 0xFF, 0xE0,
    0x2D, 0x7F, 0xD0, 0x05, 0x00, 0x00, 0x00, 0x09, 0x00, 0x00, 0xB8, 0x00, 0x03, 0xC0, 0x00, 0x1F, 0x00, 0x00, 0x00,
    0x00, 0x00, 0x00, 0xF0, 0x01, 0xEF, 0x00, 0x1E, 0xF0, 0x01, 0xEF, 0x00, 0x1E, 0xF0, 0x01, 0xEF, 0x00, 0x1E, 0xF0,
    0x01, 0xEF, 0x00, 0x1E, 0xF0, 0x01, 0xEF, 0x00, 0x1E, 0xF0, 0x01, 0xEF, 0x00, 0x1E, 0xF0, 0x01, 0xEF, 0x40, 0x2E,
    0x7C, 0x07, 0xD3, 0xFF, 0xF8, 0x0B, 0xFD, 0x00, 0x00, 0x09, 0x00, 0x02, 0xE0, 0x00, 0x7C, 0x00, 0x0F, 0x00, 0x00,
    0x00, 0x00, 0x00, 0x00, 0xF0, 0x01, 0xEF, 0x00, 0x1E, 0xF0, 0x01, 0xEF, 0x00, 0x1E, 0xF0, 0x01, 0xEF, 0x00, 0x1E,
    0xF0, 0x01, 0xEF, 0x00, 0x1E, 0xF0, 0x01, 0xEF, 0x00, 0x1E, 0xF0, 0x01, 0xEF, 0x00, 0x1E, 0xF0, 0x01, 0xEF, 0x40,
    0x2E, 0x7C, 0x07, 0xD3, 0xFF, 0xF8, 0x0B, 0xFD, 0x00, 0x00, 0x90, 0x00, 0x3F, 0x80, 0x0F, 0xAE, 0x03, 0xE0, 0xB8,
    0x00, 0x00, 0x00, 0x00, 0x00, 0xF0, 0x01, 0xEF, 0x00, 0x1E, 0xF0, 0x01, 0xEF, 0x00, 0x1E, 0xF0, 0x01, 0xEF, 0x00,
    0x1E, 0xF0, 0x01, 0xEF, 0x00, 0x1E, 0xF0, 0x01, 0xEF, 0x00, 0x1E, 0xF0, 0x01, 0xEF, 0x00, 0x1E, 0xF0, 0x01, 0xEF,
    0x40, 0x2E, 0x7C, 0x07, 0xD3, 0xFF, 0xF8, 0x0B, 0xFD, 0x00, 0x2D, 0x0B, 0x43, 0xF0, 0xFC, 0x2D, 0x0B, 0x80, 0x00,
    0x00, 0x00, 0x00, 0x0F, 0x00, 0x1E, 0xF0, 0x01, 0xEF, 0x00, 0x1E, 0xF0, 0x01, 0xEF, 0x00, 0x1E, 0xF0, 0x01, 0xEF,
    0x00, 0x1E, 0xF0, 0x01, 0xEF, 0x00, 0x1E, 0xF0, 0x01, 0xEF, 0x00, 0x1E, 0xF0, 0x01, 0xEF, 0x00, 0x1E, 0xF4, 0x02,
    0xE7, 0xC0, 0x7D, 0x3F, 0xFF, 0x80, 0xBF, 0xD0, 0x00, 0x00, 0x90, 0x00, 0x00, 0xB8, 0x00, 0x00, 0x7C, 0x00, 0x00,
    0x3C, 0x00, 0x00, 0x00, 0x00, 0x00, 0x00, 0x00, 0x03, 0xC0, 0x00, 0x7C, 0x78, 0x00, 0x3D, 0x0F, 0x00, 0x1F, 0x02,
    0xE0, 0x0F, 0x40, 0x3C, 0x03, 0xC0, 0x0B, 0x82, 0xD0, 0x00, 0xF0, 0xF0, 0x00, 0x2D, 0xB4, 0x00, 0x03, 0xFC, 0x00,
    0x00, 0xBD, 0x00, 0x00, 0x0F, 0x00, 0x00, 0x03, 0xC0, 0x00, 0x00, 0xF0, 0x00, 0x00, 0x3C, 0x00, 0x00, 0x0F, 0x00,
    0x00, 0x03, 0xC0, 0x00, 0x00, 0xF0, 0x00, 0xF0, 0x00, 0x03, 0xC0, 0x00, 0x0F, 0x00, 0x00, 0x3F, 0xFF, 0x80, 0xFF,
    0xFF, 0xD3, 0xC0, 0x0B, 0xCF, 0x00, 0x0F, 0x7C, 0x00, 0x2E, 0xF0, 0x00, 0xBB, 0xC0, 0x03, 0xDF, 0x00, 0x2F, 0x3F,
    0xFF, 0xF4, 0xFF, 0xFE, 0x03, 0xC0, 0x00, 0x0F, 0x00, 0x00, 0x3C, 0x00, 0x00, 0xF0, 0x00, 0x00, 0x07, 0xFD, 0x00,
    0xBF, 0xFE, 0x07, 0xD0, 0x7D, 0x2D, 0x00, 0x78, 0xF0, 0x01, 0xE3, 0xC0, 0x07, 0x8F, 0x00, 0x7C, 0x3C, 0x3F, 0x80,
    0xF0, 0xFF, 0x43, 0xC0, 0x1F, 0x4F, 0x00, 0x0F, 0x3C, 0x00, 0x3C, 0xF0, 0x00, 0xF7, 0xC0, 0x03, 0xCF, 0x00, 0x3F,
    0x3C, 0x3F, 0xF0, 0xF0, 0xFE, 0x00, 0x02, 0x40, 0x00, 0x0B, 0x80, 0x00, 0x0F, 0x40, 0x00, 0x0F, 0x00, 0x00, 0x00,
    0x00, 0x00, 0x00, 0x00, 0x2F, 0xF4, 0x03, 0xFF, 0xFC, 0x2E, 0x00, 0xF4, 0x50, 0x01, 0xE0, 0x00, 0x07, 0x81, 0xFF,
    0xFE, 0x2F, 0xFF, 0xF8, 0xF4, 0x01, 0xE7, 0x80, 0x07, 0x9F, 0x00, 0x2E, 0x3D, 0x01, 0xF8, 0xBF, 0xFE, 0xE0, 0x7F,
    0x87, 0x80, 0x00, 0x01, 0x40, 0x00, 0x2E, 0x00, 0x01, 0xF0, 0x00, 0x0F, 0x00, 0x00, 0x00, 0x00, 0x00, 0x00, 0x00,
    0x2F, 0xF4, 0x03, 0xFF, 0xFC, 0x2E, 0x00, 0xF4, 0x50, 0x01, 0xE0, 0x00, 0x07, 0x81, 0xFF, 0xFE, 0x2F, 0xFF, 0xF8,
    0xF4, 0x01, 0xE7, 0x80, 0x07, 0x9F, 0x00, 0x2E, 0x3D, 0x01, 0xF8, 0xBF, 0xFE, 0xE0, 0x7F, 0x87, 0x80, 0x00, 0x14,
    0x00, 0x03, 0xFC, 0x00, 0x2E, 0xBC, 0x02, 0xE0, 0xB8, 0x00, 0x00, 0x00, 0x00, 0x00, 0x00, 0x2F, 0xF4, 0x03, 0xFF,
    0xFC, 0x2E, 0x00, 0xF4, 0x50, 0x01, 0xE0, 0x00, 0x07, 0x81, 0xFF, 0xFE, 0x2F, 0xFF, 0xF8, 0xF4, 0x01, 0xE7, 0x80,
    0x07, 0x9F, 0x00, 0x2E, 0x3D, 0x01, 0xF8, 0xBF, 0xFE, 0xE0, 0x7F, 0x87, 0x80, 0x00, 0x00, 0x00, 0x0F, 0xC3, 0x80,
    0xB7, 0xCE, 0x02, 0xC3, 0xF0, 0x00, 0x00, 0x00, 0x00, 0x00, 0x00, 0x2F, 0xF4, 0x03, 0xFF, 0xFC, 0x2E, 0x00, 0xF4,
    0x50, 0x01, 0xE0, 0x00, 0x07, 0x81, 0xFF, 0xFE, 0x2F, 0xFF, 0xF8, 0xF4, 0x01, 0xE7, 0x80, 0x07, 0x9F, 0x00, 0x2E,
    0x3D, 0x01, 0xF8, 0xBF, 0xFE, 0xE0, 0x7F, 0x87, 0x80, 0x0B, 0x81, 0xE0, 0x3F, 0x0F, 0xC0, 0xB8, 0x1E, 0x00, 0x00,
    0x00, 0x00, 0x00, 0x00, 0x0B, 0xFD, 0x00, 0xFF, 0xFF, 0x0B, 0x80, 0x3D, 0x14, 0x00, 0x78, 0x00, 0x01, 0xE0, 0x7F,
    0xFF, 0x8B, 0xFF, 0xFE, 0x3D, 0x00, 0x79, 0xE0, 0x01, 0xE7, 0xC0, 0x0B, 0x8F, 0x40, 0x7E, 0x2F, 0xFF, 0xB8, 0x1F,
    0xE1, 0xE0, 0x00, 0xBE, 0x00, 0x07, 0x0E, 0x00, 0x28, 0x28, 0x00, 0x70, 0xE0, 0x00, 0xBE, 0x00, 0x00, 0x00, 0x00,
    0x2F, 0xF4, 0x03, 0xFF, 0xFC, 0x2E, 0x00, 0xF4, 0x50, 0x01, 0xE0, 0x00, 0x07, 0x81, 0xFF, 0xFE, 0x2F, 0xFF, 0xF8,
    0xF4, 0x01, 0xE7, 0x80, 0x07, 0x9F, 0x00, 0x2E, 0x3D, 0x01, 0xF8, 0xBF, 0xFE, 0xE0, 0x7F, 0x87, 0x80, 0x07, 0xE0,
    0xBD, 0x07, 0xFF, 0xFF, 0xD3, 0xC0, 0xF0, 0x3C, 0x00, 0x3C, 0x0F, 0x00, 0x0F, 0x03, 0xC1, 0xFF, 0xFF, 0xF1, 0xFF,
    0xFF, 0xFC, 0xF4, 0x3C, 0x00, 0x38, 0x0F, 0x00, 0x0E, 0x03, 0xC0, 0x53, 0xC1, 0xF0, 0x3C, 0xBF, 0xEF, 0xFD, 0x0B,
    0xE0, 0xBD, 0x00, 0x07, 0xFE, 0x00, 0xBF, 0xFF, 0x07, 0xD0, 0x3E, 0x3D, 0x00, 0x7C, 0xF0, 0x00, 0x53, 0xC0, 0x00,
    0x0F, 0x00, 0x00, 0x3C, 0x00, 0x00, 0xF0, 0x00, 0x53, 0xD0, 0x07, 0xC7, 0xD0, 0x3E, 0x0B, 0xFF, 0xF0, 0x07, 0xFE,
    0x00, 0x0B, 0x00, 0x00, 0x07, 0xC0, 0x00, 0x0B, 0x40, 0x03, 0xFD, 0x00, 0x0F, 0xD0, 0x00, 0x02, 0x40, 0x00, 0x0B,
    0x80, 0x00, 0x0F, 0x00, 0x00, 0x1F, 0x00, 0x00, 0x00, 0x00, 0x00, 0x00, 0x00, 0x1F, 0xF4, 0x03, 0xFF, 0xF8, 0x2F,
    0x01, 0xF4, 0xF0, 0x01, 0xE3, 0xC0, 0x03, 0xCF, 0xFF, 0xFF, 0x3F, 0xFF, 0xFC, 0xF0, 0x00, 0x03, 0xC0, 0x00, 0x0F,
    0x40, 0x05, 0x2F, 0x00, 0xF4, 0x3F, 0xFF, 0xC0, 0x1F, 0xF4, 0x00, 0x00, 0x02, 0x40, 0x00, 0x2E, 0x00, 0x01, 0xF0,
    0x00, 0x0F, 0x00, 0x00, 0x00, 0x00, 0x00, 0x00, 0x00, 0x1F, 0xF4, 0x03, 0xFF, 0xF8, 0x2F, 0x01, 0xF4, 0xF0, 0x01,
    0xE3, 0xC0, 0x03, 0xCF, 0xFF, 0xFF, 0x3F, 0xFF, 0xFC, 0xF0, 0x00, 0x03, 0xC0, 0x00, 0x0F, 0x40, 0x05, 0x2F, 0x00,
    0xF4, 0x3F, 0xFF, 0xC0, 0x1F, 0xF4, 0x00, 0x00, 0x24, 0x00, 0x03, 0xF8, 0x00, 0x3E, 0xB8, 0x03, 0xE0, 0xB8, 0x00,
    0x00, 0x00, 0x00, 0x00, 0x00, 0x1F, 0xF4, 0x03, 0xFF, 0xF8, 0x2F, 0x01, 0xF4, 0xF0, 0x01, 0xE3, 0xC0, 0x03, 0xCF,
    0xFF, 0xFF, 0x3F, 0xFF, 0xFC, 0xF0, 0x00, 0x03, 0xC0, 0x00, 0x0F, 0x40, 0x05, 0x2F, 0x00, 0xF4, 0x3F, 0xFF, 0xC0,
    0x1F, 0xF4, 0x00, 0x0B, 0x42, 0xD0, 0x3F, 0x0F, 0xC0, 0xB4, 0x2E, 0x00, 0x00, 0x00, 0x00, 0x00, 0x00, 0x07, 0xFD,
    0x00, 0xFF, 0xFE, 0x0B, 0xC0, 0x7D, 0x3C, 0x00, 0x78, 0xF0, 0x00, 0xF3, 0xFF, 0xFF, 0xCF, 0xFF, 0xFF, 0x3C, 0x00,
    0x00, 0xF0, 0x00, 0x03, 0xD0, 0x01, 0x4B, 0xC0, 0x3D, 0x0F, 0xFF, 0xF0, 0x07, 0xFD, 0x00, 0x01, 0x80, 0x00, 0x01,
    0xF0, 0x00, 0x00, 0xB8, 0x00, 0x00, 0x3D, 0x00, 0x00, 0x00, 0x00, 0x00, 0x00, 0x00, 0x2F, 0xFE, 0x00, 0x1F, 0xFE,
    0x00, 0x00, 0x2E, 0x00, 0x00, 0x2E, 0x00, 0x00, 0x2E, 0x00, 0x00, 0x2E, 0x00, 0x00, 0x2E, 0x00, 0x00, 0x2E, 0x00,
    0x00, 0x2E, 0x00, 0x00, 0x2E, 0x00, 0x00, 0x2E, 0x00, 0x3F, 0xFF, 0xFE, 0x3F, 0xFF, 0xFF, 0x00, 0x01, 0x80, 0x00,
    0x07, 0xC0, 0x00, 0x0F, 0x00, 0x00, 0x2D, 0x00, 0x00, 0x00, 0x00, 0x00, 0x00, 0x00, 0x2F, 0xFE, 0x00, 0x1F, 0xFE,
    0x00, 0x00, 0x2E, 0x00, 0x00, 0x2E, 0x00, 0x00, 0x2E, 0x00, 0x00, 0x2E, 0x00, 0x00, 0x2E, 0x00, 0x00, 0x2E, 0x00,
    0x00, 0x2E, 0x00, 0x00, 0x2E, 0x00, 0x00, 0x2E, 0x00, 0x3F, 0xFF, 0xFE, 0x3F, 0xFF, 0xFF, 0x00, 0x18, 0x00, 0x00,
    0xBF, 0x00, 0x02, 0xF7, 0xC0, 0x07, 0xC1, 0xF0, 0x00, 0x00, 0x00, 0x00, 0x00, 0x00, 0x2F, 0xFE, 0x00, 0x1F, 0xFE,
    0x00, 0x00, 0x2E, 0x00, 0x00, 0x2E, 0x00, 0x00, 0x2E, 0x00, 0x00, 0x2E, 0x00, 0x00, 0x2E, 0x00, 0x00, 0x2E, 0x00,
    0x00, 0x2E, 0x00, 0x00, 0x2E, 0x00, 0x00, 0x2E, 0x00, 0x3F, 0xFF, 0xFE, 0x3F, 0xFF, 0xFF, 0x07, 0x81, 0xF0, 0x0B,
    0xC2, 0xF0, 0x07, 0x81, 0xF0, 0x00, 0x00, 0x00, 0x00, 0x00, 0x00, 0x2F, 0xFE, 0x00, 0x1F, 0xFE, 0x00, 0x00, 0x2E,
    0x00, 0x00, 0x2E, 0x00, 0x00, 0x2E, 0x00, 0x00, 0x2E, 0x00, 0x00, 0x2E, 0x00, 0x00, 0x2E, 0x00, 0x00, 0x2E, 0x00,
    0x00, 0x2E, 0x00, 0x00, 0x2E, 0x00, 0x3F, 0xFF, 0xFE, 0x3F, 0xFF, 0xFF, 0x00, 0x00, 0x00, 0x03, 0xE0, 0xA0, 0x00,
    0xFB, 0xE0, 0x00, 0xFF, 0x40, 0x0B, 0xFE, 0x00, 0x1E, 0x4F, 0x00, 0x00, 0x07, 0xC0, 0x00, 0x02, 0xE0, 0x02, 0xFD,
    0xF0, 0x0F, 0xFF, 0xF8, 0x3E, 0x00, 0xFC, 0x3C, 0x00, 0x3C, 0x7C, 0x00, 0x3C, 0x7C, 0x00, 0x3C, 0x3C, 0x00, 0x7C,
    0x2F, 0x01, 0xF4, 0x0F, 0xFF, 0xE0, 0x02, 0xFF, 0x40, 0x00, 0x00, 0x00, 0xFC, 0x38, 0x2D, 0xF3, 0x82, 0xC3, 0xF0,
    0x00, 0x00, 0x00, 0x00, 0x00, 0xF1, 0xFE, 0x0F, 0xBF, 0xFC, 0xFD, 0x07, 0xDF, 0x40, 0x2E, 0xF0, 0x01, 0xEF, 0x00,
    0x1E, 0xF0, 0x01, 0xEF, 0x00, 0x1E, 0xF0, 0x01, 0xEF, 0x00, 0x1E, 0xF0, 0x01, 0xEF, 0x00, 0x1E, 0xF0, 0x01, 0xE0,
    0x02, 0x40, 0x00, 0x0B, 0x80, 0x00, 0x0F, 0x00, 0x00, 0x1F, 0x00, 0x00, 0x00, 0x00, 0x00, 0x00, 0x00, 0x1F, 0xF4,
    0x03, 0xFF, 0xF8, 0x2F, 0x01, 0xF4, 0xF4, 0x01, 0xE3, 0xC0, 0x07, 0xCF, 0x00, 0x0F, 0x3C, 0x00, 0x3C, 0xF0, 0x00,
    0xF3, 0xC0, 0x07, 0xCF, 0x40, 0x1E, 0x2F, 0x01, 0xF4, 0x3F, 0xFF, 0x80, 0x1F, 0xF4, 0x00, 0x00, 0x02, 0x40, 0x00,
    0x2E, 0x00, 0x01, 0xF0, 0x00, 0x0F, 0x00, 0x00, 0x00, 0x00, 0x00, 0x00, 0x00, 0x1F, 0xF4, 0x03, 0xFF, 0xF8, 0x2F,
    0x01, 0xF4, 0xF4, 0x01, 0xE3, 0xC0, 0x07, 0xCF, 0x00, 0x0F, 0x3C, 0x00, 0x3C, 0xF0, 0x00, 0xF3, 0xC0, 0x07, 0xCF,
    0x40, 0x1E, 0x2F, 0x01, 0xF4, 0x3F, 0xFF, 0x80, 0x1F, 0xF4, 0x00, 0x00, 0x24, 0x00, 0x03, 0xF8, 0x00, 0x3E, 0xB8,
    0x03, 0xE0, 0xB8, 0x00, 0x00, 0x00, 0x00, 0x00, 0x00, 0x1F, 0xF4, 0x03, 0xFF, 0xF8, 0x2F, 0x01, 0xF4, 0xF4, 0x01,
    0xE3, 0xC0, 0x07, 0xCF, 0x00, 0x0F, 0x3C, 0x00, 0x3C, 0xF0, 0x00, 0xF3, 0xC0, 0x07, 0xCF, 0x40, 0x1E, 0x2F, 0x01,
    0xF4, 0x3F, 0xFF, 0x80, 0x1F, 0xF4, 0x00, 0x00, 0x00, 0x00, 0x0F, 0x83, 0x80, 0xB7, 0x8D, 0x03, 0x83, 0xF0, 0x00,
    0x00, 0x00, 0x00, 0x00, 0x00, 0x1F, 0xF4, 0x03, 0xFF, 0xF8, 0x2F, 0x01, 0xF4, 0xF4, 0x01, 0xE3, 0xC0, 0x07, 0xCF,
    0x00, 0x0F, 0x3C, 0x00, 0x3C, 0xF0, 0x00, 0xF3, 0xC0, 0x07, 0xCF, 0x40, 0x1E, 0x2F, 0x01, 0xF4, 0x3F, 0xFF, 0x80,
    0x1F, 0xF4, 0x00, 0x0B, 0x42, 0xD0, 0x3F, 0x0F, 0xC0, 0xB4, 0x2E, 0x00, 0x00, 0x00, 0x00, 0x00, 0x00, 0x07, 0xFD,
    0x00, 0xFF, 0xFE, 0x0B, 0xC0, 0x7D, 0x3D, 0x00, 0x78, 0xF0, 0x01, 0xF3, 0xC0, 0x03, 0xCF, 0x00, 0x0F, 0x3C, 0x00,
    0x3C, 0xF0, 0x01, 0xF3, 0xD0, 0x07, 0x8B, 0xC0, 0x7D, 0x0F, 0xFF, 0xE0, 0x07, 0xFD, 0x00, 0x01, 0xF4, 0x00, 0x3F,
    0xC0, 0x01, 0xF4, 0x00, 0x00, 0x00, 0x00, 0x00, 0x00, 0x00, 0x00, 0xBF, 0xFF, 0xEB, 0xFF, 0xFD, 0x00, 0x00, 0x00,
    0x00, 0x00, 0x01, 0xF4, 0x00, 0x3F, 0xC0, 0x01, 0xF4, 0x00, 0x00, 0x00, 0x07, 0x80, 0x1F, 0xF7, 0xC0, 0x3F, 0xFF,
    0xD0, 0x1F, 0x02, 0xF0, 0x0F, 0x40, 0xFE, 0x03, 0xC0, 0xBB, 0x80, 0xF0, 0x78, 0xF0, 0x3C, 0x3C, 0x3C, 0x0F, 0x3C,
    0x0F, 0x03, 0xED, 0x03, 0xC0, 0xFE, 0x01, 0xE0, 0x1F, 0x41, 0xF4, 0x0F, 0xFF, 0xF8, 0x0B, 0x9F, 0xF4, 0x01, 0x40,
    0x00, 0x00, 0x09, 0x00, 0x00, 0xB8, 0x00, 0x03, 0xC0, 0x00, 0x1F, 0x00, 0x00, 0x00, 0x00, 0x00, 0x00, 0xF0, 0x01,
    0xEF, 0x00, 0x1E, 0xF0, 0x01, 0xEF, 0x00, 0x1E, 0xF0, 0x01, 0xEF, 0x00, 0x1E, 0xF0, 0x01, 0xEF, 0x00, 0x1E, 0xF0,
    0x01, 0xEF, 0x40, 0x2E, 0x7C, 0x07, 0xC2, 0xFF, 0xF8, 0x07, 0xFD, 0x00, 0x00, 0x09, 0x00, 0x02, 0xE0, 0x00, 0x7C,
    0x00, 0x0F, 0x00, 0x00, 0x00, 0x00, 0x00, 0x00, 0xF0, 0x01, 0xEF, 0x00, 0x1E, 0xF0, 0x01, 0xEF, 0x00, 0x1E, 0xF0,
    0x01, 0xEF, 0x00, 0x1E, 0xF0, 0x01, 0xEF, 0x00, 0x1E, 0xF0, 0x01, 0xEF, 0x40, 0x2E, 0x7C, 0x07, 0xC2, 0xFF, 0xF8,
    0x07, 0xFD, 0x00, 0x00, 0x90, 0x00, 0x3F, 0x80, 0x0F, 0xAE, 0x03, 0xE0, 0xB8, 0x00, 0x00, 0x00, 0x00, 0x00, 0xF0,
    0x01, 0xEF, 0x00, 0x1E, 0xF0, 0x01, 0xEF, 0x00, 0x1E, 0xF0, 0x01, 0xEF, 0x00, 0x1E, 0xF0, 0x01, 0xEF, 0x00, 0x1E,
    0xF0, 0x01, 0xEF, 0x40, 0x2E, 0x7C, 0x07, 0xC2, 0xFF, 0xF8, 0x07, 0xFD, 0x00, 0x2D, 0x0B, 0x43, 0xF0, 0xFC, 0x2D,
    0x0B, 0x80, 0x00, 0x00, 0x00, 0x00, 0x0F, 0x00, 0x1E, 0xF0, 0x01, 0xEF, 0x00, 0x1E, 0xF0, 0x01, 0xEF, 0x00, 0x1E,
    0xF0, 0x01, 0xEF, 0x00, 0x1E, 0xF0, 0x01, 0xEF, 0x00, 0x1E, 0xF4, 0x02, 0xE7, 0xC0, 0x7C, 0x2F, 0xFF, 0x80, 0x7F,
    0xD0, 0x00, 0x02, 0x40, 0x00, 0x0B, 0x80, 0x00, 0x1F, 0x00, 0x00, 0x3C, 0x00, 0x00, 0x00, 0x00, 0x00, 0x00, 0x00,
    0xB8, 0x00, 0x3D, 0x3C, 0x00, 0x3C, 0x3D, 0x00, 0xB8, 0x1F, 0x00, 0xF4, 0x0F, 0x00, 0xF0, 0x0B, 0x82, 0xE0, 0x03,
    0xC3, 0xC0, 0x03, 0xD3, 0xC0, 0x01, 0xEB, 0x40, 0x00, 0xFF, 0x00, 0x00, 0xBE, 0x00, 0x00, 0x7D, 0x00, 0x00, 0x3C,
    0x00, 0x00, 0xB8, 0x00, 0x00, 0xF0, 0x00, 0x01, 0xF0, 0x00, 0x02, 0xD0, 0x00, 0xF0, 0x00, 0x0F, 0x00, 0x00, 0xF0,
    0x00, 0x0F, 0x00, 0x00, 0xF1, 0xFE, 0x0F, 0x7F, 0xF8, 0xFC, 0x07, 0xDF, 0x40, 0x2E, 0xF0, 0x01, 0xEF, 0x00, 0x1E,
    0xF0, 0x01, 0xEF, 0x00, 0x1E, 0xF0, 0x01, 0xEF, 0x40, 0x2E, 0xFC, 0x07, 0xDF, 0xBF, 0xF8, 0xF1, 0xFE, 0x0F, 0x00,
    0x00, 0xF0, 0x00, 0x0F, 0x00, 0x00, 0xF0, 0x00, 0x00, 0x0B, 0x42, 0xD0, 0x0F, 0xC3, 0xF0, 0x0B, 0x42, 0xE0, 0x00,
    0x00, 0x00, 0x00, 0x00, 0x00, 0xB8, 0x00, 0x3D, 0x3C, 0x00, 0x3C, 0x3D, 0x00, 0xB8, 0x1F, 0x00, 0xF4, 0x0F, 0x00,
    0xF0, 0x0B, 0x82, 0xE0, 0x03, 0xC3, 0xC0, 0x03, 0xD3, 0xC0, 0x01, 0xEB, 0x40, 0x00, 0xFF, 0x00, 0x00, 0xBE, 0x00,
    0x00, 0x7D, 0x00, 0x00, 0x3C, 0x00, 0x00, 0xB8, 0x00, 0x00, 0xF0, 0x00, 0x01, 0xF0, 0x00, 0x02, 0xD0, 0x00, 0x0B,
    0xFF, 0xD0, 0x0F, 0xFF, 0xE0, 0x00, 0x00, 0x00, 0x00, 0x00, 0x00, 0x00, 0xBD, 0x00, 0x00, 0xFE, 0x00, 0x00, 0xFF,
    0x00, 0x01, 0xEF, 0x00, 0x02, 0xDB, 0x40, 0x03, 0xC7, 0x80, 0x03, 0xC3, 0xC0, 0x07, 0x83, 0xC0, 0x0B, 0x42, 0xD0,
    0x0F, 0x01, 0xE0, 0x0F, 0x00, 0xF0, 0x1F, 0xFF, 0xF0, 0x2F, 0xFF, 0xF8, 0x3C, 0x00, 0x7C, 0x3C, 0x00, 0x3C, 0x78,
    0x00, 0x3D, 0xB4, 0x00, 0x2E, 0x0B, 0xFF, 0xE0, 0x2F, 0xFF, 0x80, 0x00, 0x00, 0x00, 0x00, 0x00, 0x00, 0x00, 0x00,
    0x0B, 0xFD, 0x00, 0xFF, 0xFF, 0x0B, 0x80, 0x3D, 0x14, 0x00, 0x78, 0x00, 0x01, 0xE0, 0x7F, 0xFF, 0x8B, 0xFF, 0xFE,
    0x3D, 0x00, 0x79, 0xE0, 0x01, 0xE7, 0xC0, 0x0B, 0x8F, 0x40, 0x7E, 0x2F, 0xFF, 0xB8, 0x1F, 0xE1, 0xE0, 0x05, 0x00,
    0x90, 0x0B, 0x42, 0xD0, 0x03, 0xFF, 0xC0, 0x00, 0xBE, 0x00, 0x00, 0x00, 0x00, 0x00, 0x00, 0x00, 0x00, 0xBD, 0x00,
    0x00, 0xFE, 0x00, 0x00, 0xFF, 0x00, 0x01, 0xEF, 0x00, 0x02, 0xDB, 0x40, 0x03, 0xC7, 0x80, 0x03, 0xC3, 0xC0, 0x07,
    0x83, 0xC0, 0x0B, 0x42, 0xD0, 0x0F, 0x01, 0xE0, 0x0F, 0x00, 0xF0, 0x1F, 0xFF, 0xF0, 0x2F, 0xFF, 0xF8, 0x3C, 0x00,
    0x7C, 0x3C, 0x00, 0x3C, 0x78, 0x00, 0x3D, 0xB4, 0x00, 0x2E, 0x05, 0x00, 0x50, 0x1D, 0x07, 0x80, 0x3F, 0xFC, 0x00,
    0x2F, 0x80, 0x00, 0x00, 0x00, 0x00, 0x00, 0x00, 0x2F, 0xF4, 0x03, 0xFF, 0xFC, 0x2E, 0x00, 0xF4, 0x50, 0x01, 0xE0,
    0x00, 0x07, 0x81, 0xFF, 0xFE, 0x2F, 0xFF, 0xF8, 0xF4, 0x01, 0xE7, 0x80, 0x07, 0x9F, 0x00, 0x2E, 0x3D, 0x01, 0xF8,
    0xBF, 0xFE, 0xE0, 0x7F, 0x87, 0x80, 0x00, 0xBD, 0x00, 0x00, 0x3F, 0x80, 0x00, 0x0F, 0xF0, 0x00, 0x07, 0xBC, 0x00,
    0x02, 0xDB, 0x40, 0x00, 0xF1, 0xE0, 0x00, 0x3C, 0x3C, 0x00, 0x1E, 0x0F, 0x00, 0x0B, 0x42, 0xD0, 0x03, 0xC0, 0x78,
    0x00, 0xF0, 0x0F, 0x00, 0x7F, 0xFF, 0xC0, 0x2F, 0xFF, 0xF8, 0x0F, 0x00, 0x1F, 0x03, 0xC0, 0x03, 0xC1, 0xE0, 0x00,
    0xF4, 0xB4, 0x00, 0x2E, 0x00, 0x00, 0x0E, 0x00, 0x00, 0x0F, 0x00, 0x00, 0x03, 0xC0, 0x00, 0x00, 0xFF, 0x40, 0x00,
    0x0B, 0xD0, 0x02, 0xFF, 0x40, 0x0F, 0xFF, 0xF0, 0x2E, 0x00, 0xF4, 0x14, 0x00, 0x78, 0x00, 0x00, 0x78, 0x07, 0xFF,
    0xF8, 0x2F, 0xFF, 0xF8, 0x3D, 0x00, 0x78, 0x78, 0x00, 0x78, 0x7C, 0x00, 0xB8, 0x3D, 0x01, 0xF8, 0x2F, 0xFF, 0xB8,
    0x07, 0xF8, 0x78, 0x00, 0x00, 0xB0, 0x00, 0x01, 0xD0, 0x00, 0x02, 0xE0, 0x00, 0x01, 0xFF, 0x00, 0x00, 0x7F, 0x00,
    0x05, 0x00, 0x02, 0xE0, 0x00, 0x7C, 0x00, 0x0F, 0x00, 0x00, 0x00, 0x00, 0x00, 0x00, 0x07, 0xFD, 0x02, 0xFF, 0xFC,
    0x7D, 0x03, 0xEB, 0x40, 0x1F, 0xF0, 0x00, 0xEF, 0x00, 0x00, 0xF0, 0x00, 0x0F, 0x00, 0x00, 0xF0, 0x00, 0x0F, 0x00,
    0x00, 0xF0, 0x00, 0x0F, 0x00, 0x00, 0xF0, 0x00, 0xEB, 0x40, 0x1F, 0x7D, 0x03, 0xE2, 0xFF, 0xFC, 0x07, 0xFD, 0x00,
    0x00, 0x06, 0x00, 0x00, 0xB8, 0x00, 0x03, 0xC0, 0x00, 0x3D, 0x00, 0x00, 0x00, 0x00, 0x00, 0x00, 0x00, 0x7F, 0xE0,
    0x0B, 0xFF, 0xF0, 0x7D, 0x03, 0xE3, 0xD0, 0x07, 0xCF, 0x00, 0x05, 0x3C, 0x00, 0x00, 0xF0, 0x00, 0x03, 0xC0, 0x00,
    0x0F, 0x00, 0x05, 0x3D, 0x00, 0x7C, 0x7D, 0x03, 0xE0, 0xFF, 0xFF, 0x00, 0x7F, 0xE0, 0x00, 0x00, 0x50, 0x00, 0x3F,
    0xC0, 0x0B, 0xAF, 0x02, 0xE0, 0xB8, 0x00, 0x00, 0x00, 0x00, 0x00, 0x07, 0xFD, 0x02, 0xFF, 0xFC, 0x7D, 0x03, 0xEB,
    0x40, 0x1F, 0xF0, 0x00, 0xEF, 0x00, 0x00, 0xF0, 0x00, 0x0F, 0x00, 0x00, 0xF0, 0x00, 0x0F, 0x00, 0x00, 0xF0, 0x00,
    0x0F, 0x00, 0x00, 0xF0, 0x00, 0xEB, 0x40, 0x1F, 0x7D, 0x03, 0xE2, 0xFF, 0xFC, 0x07, 0xFD, 0x00, 0x00, 0x60, 0x00,
    0x0F, 0xF0, 0x00, 0xBA, 0xF0, 0x0B, 0x82, 0xF0, 0x00, 0x00, 0x00, 0x00, 0x00, 0x00, 0x7F, 0xE0, 0x0B, 0xFF, 0xF0,
    0x7D, 0x03, 0xE3, 0xD0, 0x07, 0xCF, 0x00, 0x05, 0x3C, 0x00, 0x00, 0xF0, 0x00, 0x03, 0xC0, 0x00, 0x0F, 0x00, 0x05,
    0x3D, 0x00, 0x7C, 0x7D, 0x03, 0xE0, 0xFF, 0xFF, 0x00, 0x7F, 0xE0, 0x00, 0x00, 0xF4, 0x00, 0x2F, 0x80, 0x00, 0xF4,
    0x00, 0x00, 0x00, 0x00, 0x00, 0x00, 0x7F, 0xD0, 0x2F, 0xFF, 0xC7, 0xD0, 0x3E, 0xB4, 0x01, 0xFF, 0x00, 0x0E, 0xF0,
    0x00, 0x0F, 0x00, 0x00, 0xF0, 0x00, 0x0F, 0x00, 0x00, 0xF0, 0x00, 0x0F, 0x00, 0x00, 0xF0, 0x00, 0x0F, 0x00, 0x0E,
    0xB4, 0x01, 0xF7, 0xD0, 0x3E, 0x2F, 0xFF, 0xC0, 0x7F, 0xD0, 0x00, 0xF4, 0x00, 0x0B, 0xE0, 0x00, 0x0F, 0x40, 0x00,
    0x00, 0x00, 0x00, 0x00, 0x00, 0x1F, 0xF8, 0x02, 0xFF, 0xFC, 0x1F, 0x40, 0xF8, 0xF4, 0x01, 0xF3, 0xC0, 0x01, 0x4F,
    0x00, 0x00, 0x3C, 0x00, 0x00, 0xF0, 0x00, 0x03, 0xC0, 0x01, 0x4F, 0x40, 0x1F, 0x1F, 0x40, 0xF8, 0x3F, 0xFF, 0xC0,
    0x1F, 0xF8, 0x00, 0x18, 0x02, 0x41, 0xF0, 0xF4, 0x07, 0xFD, 0x00, 0x1F, 0x40, 0x00, 0x00, 0x00, 0x00, 0x00, 0x07,
    0xFD, 0x02, 0xFF, 0xFC, 0x7D, 0x03, 0xEB, 0x40, 0x1F, 0xF0, 0x00, 0xEF, 0x00, 0x00, 0xF0, 0x00, 0x0F, 0x00, 0x00,
    0xF0, 0x00, 0x0F, 0x00, 0x00, 0xF0, 0x00, 0x0F, 0x00, 0x00, 0xF0, 0x00, 0xEB, 0x40, 0x1F, 0x7D, 0x03, 0xE2, 0xFF,
    0xFC, 0x07, 0xFD, 0x00, 0x18, 0x02, 0x40, 0x3C, 0x3D, 0x00, 0x7F, 0xD0, 0x00, 0x7E, 0x00, 0x00, 0x00, 0x00, 0x00,
    0x00, 0x00, 0x7F, 0xE0, 0x0B, 0xFF, 0xF0, 0x7D, 0x03, 0xE3, 0xD0, 0x07, 0xCF, 0x00, 0x05, 0x3C, 0x00, 0x00, 0xF0,
    0x00, 0x03, 0xC0, 0x00, 0x0F, 0x00, 0x05, 0x3D, 0x00, 0x7C, 0x7D, 0x03, 0xE0, 0xFF, 0xFF, 0x00, 0x7F, 0xE0, 0x00,
    0x18, 0x06, 0x41, 0xF0, 0xF0, 0x07, 0xFD, 0x00, 0x2F, 0x40, 0x00, 0x00, 0x00, 0x00, 0x00, 0xFF, 0xF8, 0x0F, 0xFF,
    0xF4, 0xF0, 0x0B, 0xCF, 0x00, 0x2E, 0xF0, 0x01, 0xEF, 0x00, 0x1F, 0xF0, 0x01, 0xFF, 0x00, 0x1F, 0xF0, 0x01, 0xFF,
    0x00, 0x1F, 0xF0, 0x01, 0xFF, 0x00, 0x1F, 0xF0, 0x01, 0xEF, 0x00, 0x2E, 0xF0, 0x0B, 0xCF, 0xFF, 0xF4, 0xFF, 0xF8,
    0x00, 0x00, 0x02, 0xD3, 0xC0, 0x00, 0xB4, 0xE0, 0x00, 0x2D, 0x78, 0x00, 0x0B, 0x5D, 0x0B, 0xE2, 0xD0, 0x0B, 0xFF,
    0xB4, 0x03, 0xD0, 0xBD, 0x01, 0xE0, 0x0F, 0x40, 0xB8, 0x02, 0xD0, 0x2E, 0x00, 0xB4, 0x0B, 0x80, 0x2D, 0x02, 0xE0,
    0x0B, 0x40, 0xB8, 0x02, 0xD0, 0x1E, 0x00, 0xF4, 0x03, 0xD0, 0x7D, 0x00, 0xBF, 0xFB, 0x40, 0x0B, 0xE2, 0xD0, 0x00,
    0x0F, 0xFF, 0x80, 0x0F, 0xFF, 0xF4, 0x0F, 0x00, 0xBC, 0x0F, 0x00, 0x2E, 0x0F, 0x00, 0x1E, 0x0F, 0x00, 0x1F, 0x0F,
    0x00, 0x1F, 0xBF, 0xF8, 0x1F, 0xFF, 0xF8, 0x1F, 0x0F, 0x00, 0x1F, 0x0F, 0x00, 0x1F, 0x0F, 0x00, 0x1F, 0x0F, 0x00,
    0x1E, 0x0F, 0x00, 0x2E, 0x0F, 0x00, 0xBC, 0x0F, 0xFF, 0xF4, 0x0F, 0xFF, 0x80, 0x00, 0x01, 0xE0, 0x00, 0x01, 0xE0,
    0x01, 0xFF, 0xFF, 0x00, 0xFF, 0xFE, 0x00, 0x01, 0xE0, 0x0B, 0xE1, 0xE0, 0x3F, 0xFE, 0xE0, 0x7D, 0x0B, 0xE0, 0xF4,
    0x03, 0xE0, 0xF0, 0x02, 0xE0, 0xF0, 0x01, 0xE0, 0xF0, 0x01, 0xE0, 0xF0, 0x01, 0xE0, 0xF4, 0x02, 0xE0, 0xBC, 0x07,
    0xE0, 0x3F, 0xFE, 0xE0, 0x0B, 0xF1, 0xE0, 0x1F, 0xFF, 0x82, 0xFF, 0xFC, 0x00, 0x00, 0x00, 0x00, 0x00, 0xBF, 0xFF,
    0xFB, 0xFF, 0xFF, 0xB4, 0x00, 0x0B, 0x40, 0x00, 0xB4, 0x00, 0x0B, 0x40, 0x00, 0xB4, 0x00, 0x0B, 0xFF, 0xFC, 0xBF,
    0xFF, 0xCB, 0x40, 0x00, 0xB4, 0x00, 0x0B, 0x40, 0x00, 0xB4, 0x00, 0x0B, 0x40, 0x00, 0xB4, 0x00, 0x0B, 0xFF, 0xFF,
    0xBF, 0xFF, 0xF0, 0x0B, 0xFF, 0xD0, 0x3F, 0xFF, 0x80, 0x00, 0x00, 0x00, 0x00, 0x00, 0x00, 0x00, 0x00, 0x07, 0xFD,
    0x00, 0xFF, 0xFE, 0x0B, 0xC0, 0x7D, 0x3C, 0x00, 0x78, 0xF0, 0x00, 0xF3, 0xFF, 0xFF, 0xCF, 0xFF, 0xFF, 0x3C, 0x00,
    0x00, 0xF0, 0x00, 0x03, 0xD0, 0x01, 0x4B, 0xC0, 0x3D, 0x0F, 0xFF, 0xF0, 0x07, 0xFD, 0x00, 0x18, 0x01, 0x41, 0xE0,
    0x78, 0x0F, 0xFF, 0x00, 0x2F, 0x80, 0x00, 0x00, 0x00, 0x00, 0x00, 0xBF, 0xFF, 0xFB, 0xFF, 0xFF, 0xB4, 0x00, 0x0B,
    0x40, 0x00, 0xB4, 0x00, 0x0B, 0x40, 0x00, 0xB4, 0x00, 0x0B, 0xFF, 0xFC, 0xBF, 0xFF, 0xCB, 0x40, 0x00, 0xB4, 0x00,
    0x0B, 0x40, 0x00, 0xB4, 0x00, 0x0B, 0x40, 0x00, 0xB4, 0x00, 0x0B, 0xFF, 0xFF, 0xBF, 0xFF, 0xF0, 0x05, 0x00, 0x90,
    0x2D, 0x0B, 0x40, 0x3F, 0xFC, 0x00, 0x2F, 0x80, 0x00, 0x00, 0x00, 0x00, 0x00, 0x00, 0x1F, 0xF4, 0x03, 0xFF, 0xF8,
    0x2F, 0x01, 0xF4, 0xF0, 0x01, 0xE3, 0xC0, 0x03, 0xCF, 0xFF, 0xFF, 0x3F, 0xFF, 0xFC, 0xF0, 0x00, 0x03, 0xC0, 0x00,
    0x0F, 0x40, 0x05, 0x2F, 0x00, 0xF4, 0x3F, 0xFF, 0xC0, 0x1F, 0xF4, 0x00, 0x00, 0xF4, 0x00, 0x1F, 0x80, 0x00, 0xF4,
    0x00, 0x00, 0x00, 0x00, 0x00, 0x0B, 0xFF, 0xFF, 0xBF, 0xFF, 0xFB, 0x40, 0x00, 0xB4, 0x00, 0x0B, 0x40, 0x00, 0xB4,
    0x00, 0x0B, 0x40, 0x00, 0xBF, 0xFF, 0xCB, 0xFF, 0xFC, 0xB4, 0x00, 0x0B, 0x40, 0x00, 0xB4, 0x00, 0x0B, 0x40, 0x00,
    0xB4, 0x00, 0x0B, 0x40, 0x00, 0xBF, 0xFF, 0xFB, 0xFF, 0xFF, 0x00, 0x7C, 0x00, 0x02, 0xF4, 0x00, 0x07, 0xC0, 0x00,
    0x00, 0x00, 0x00, 0x00, 0x00, 0x07, 0xFD, 0x00, 0xFF, 0xFE, 0x0B, 0xC0, 0x7D, 0x3C, 0x00, 0x78, 0xF0, 0x00, 0xF3,
    0xFF, 0xFF, 0xCF, 0xFF, 0xFF, 0x3C, 0x00, 0x00, 0xF0, 0x00, 0x03, 0xD0, 0x01, 0x4B, 0xC0, 0x3D, 0x0F, 0xFF, 0xF0,
    0x07, 0xFD, 0x00, 0xBF, 0xFF, 0xF2, 0xFF, 0xFF, 0xCB, 0x40, 0x00, 0x2D, 0x00, 0x00, 0xB4, 0x00, 0x02, 0xD0, 0x00,
    0x0B, 0x40, 0x00, 0x2F, 0xFF, 0xF0, 0xBF, 0xFF, 0xC2, 0xD0, 0x00, 0x0B, 0x40, 0x00, 0x2D, 0x00, 0x00, 0xB4, 0x00,
    0x02, 0xD0, 0x00, 0x0B, 0x40, 0x00, 0x2F, 0xFF, 0xFC, 0xBF, 0xFF, 0xF0, 0x00, 0x1D, 0x00, 0x00, 0xE0, 0x00, 0x07,
    0x80, 0x00, 0x1F, 0xF0, 0x00, 0x1F, 0xC0, 0x07, 0xFD, 0x03, 0xFF, 0xF8, 0x7C, 0x07, 0xDF, 0x40, 0x1E, 0xF0, 0x01,
    0xFF, 0xFF, 0xFF, 0xFF, 0xFF, 0xFF, 0x00, 0x00, 0xF0, 0x00, 0x0F, 0x40, 0x09, 0x7C, 0x03, 0xD3, 0xFF, 0xF8, 0x07,
    0xFD, 0x00, 0x07, 0x40, 0x00, 0xF0, 0x00, 0x0F, 0x00, 0x00, 0xBF, 0x40, 0x00, 0x50, 0x18, 0x02, 0x40, 0xF0, 0xF4,
    0x03, 0xFD, 0x00, 0x1F, 0x80, 0x00, 0x00, 0x00, 0x00, 0x00, 0xBF, 0xFF, 0xFB, 0xFF, 0xFF, 0xB4, 0x00, 0x0B, 0x40,
    0x00, 0xB4, 0x00, 0x0B, 0x40, 0x00, 0xB4, 0x00, 0x0B, 0xFF, 0xFC, 0xBF, 0xFF, 0xCB, 0x40, 0x00, 0xB4, 0x00, 0x0B,
    0x40, 0x00, 0xB4, 0x00, 0x0B, 0x40, 0x00, 0xB4, 0x00, 0x0B, 0xFF, 0xFF, 0xBF, 0xFF, 0xF0, 0x06, 0x01, 0x90, 0x1F,
    0x0F, 0x00, 0x1F, 0xF4, 0x00, 0x2F, 0x40, 0x00, 0x00, 0x00, 0x00, 0x00, 0x00, 0x1F, 0xF4, 0x03, 0xFF, 0xF8, 0x2F,
    0x01, 0xF4, 0xF0, 0x01, 0xE3, 0xC0, 0x03, 0xCF, 0xFF, 0xFF, 0x3F, 0xFF, 0xFC, 0xF0, 0x00, 0x03, 0xC0, 0x00, 0x0F,
    0x40, 0x05, 0x2F, 0x00, 0xF4, 0x3F, 0xFF, 0xC0, 0x1F, 0xF4, 0x00, 0x00, 0x90, 0x00, 0x3F, 0x80, 0x0F, 0xAE, 0x03,
    0xE0, 0xB8, 0x00, 0x00, 0x00, 0x00, 0x00, 0x07, 0xFD, 0x03, 0xFF, 0xF8, 0x7C, 0x03, 0xDF, 0x40, 0x1F, 0xF0, 0x00,
    0xAF, 0x00, 0x00, 0xF0, 0x00, 0x0F, 0x00, 0x00, 0xF0, 0xBF, 0xFF, 0x07, 0xFF, 0xF0, 0x00, 0xFF, 0x00, 0x0F, 0xF0,
    0x00, 0xFF, 0x40, 0x1E, 0x7C, 0x07, 0xD3, 0xFF, 0xF8, 0x07, 0xFD, 0x00, 0x00, 0x90, 0x00, 0x3F, 0x80, 0x0F, 0x6E,
    0x03, 0xD0, 0xB8, 0x00, 0x00, 0x00, 0x00, 0x00, 0x0B, 0xF5, 0xE3, 0xFF, 0xEE, 0xBC, 0x07, 0xEF, 0x40, 0x2E, 0xF0,
    0x01, 0xEF, 0x00, 0x1E, 0xF0, 0x01, 0xEF, 0x00, 0x1E, 0xF4, 0x02, 0xEB, 0xC0, 0x7E, 0x3F, 0xFE, 0xE0, 0xBF, 0x5E,
    0x00, 0x01, 0xE0, 0x00, 0x2E, 0x00, 0x03, 0xD1, 0xFF, 0xFC, 0x1F, 0xFE, 0x00, 0x14, 0x02, 0x42, 0xD0, 0xB4, 0x0F,
    0xFF, 0x00, 0x2F, 0x80, 0x00, 0x00, 0x00, 0x00, 0x00, 0x07, 0xFD, 0x03, 0xFF, 0xF8, 0x7C, 0x03, 0xDF, 0x40, 0x1F,
    0xF0, 0x00, 0xAF, 0x00, 0x00, 0xF0, 0x00, 0x0F, 0x00, 0x00, 0xF0, 0xBF, 0xFF, 0x07, 0xFF, 0xF0, 0x00, 0xFF, 0x00,
    0x0F, 0xF0, 0x00, 0xFF, 0x40, 0x1E, 0x7C, 0x07, 0xD3, 0xFF, 0xF8, 0x07, 0xFD, 0x00, 0x14, 0x02, 0x02, 0xD0, 0xB4,
    0x0F, 0xFF, 0x00, 0x3F, 0x80, 0x00, 0x00, 0x00, 0x00, 0x00, 0x0B, 0xF5, 0xE3, 0xFF, 0xEE, 0xBC, 0x07, 0xEF, 0x40,
    0x2E, 0xF0, 0x01, 0xEF, 0x00, 0x1E, 0xF0, 0x01, 0xEF, 0x00, 0x1E, 0xF4, 0x02, 0xEB, 0xC0, 0x7E, 0x3F, 0xFE, 0xE0,
    0xBF, 0x5E, 0x00, 0x01, 0xE0, 0x00, 0x2E, 0x00, 0x03, 0xD1, 0xFF, 0xFC, 0x1F, 0xFE, 0x00, 0x01, 0xF0, 0x00, 0x2F,
    0x40, 0x01, 0xF0, 0x00, 0x00, 0x00, 0x00, 0x00, 0x00, 0x7F, 0xD0, 0x3F, 0xFF, 0x87, 0xC0, 0x3D, 0xF4, 0x01, 0xFF,
    0x00, 0x0A, 0xF0, 0x00, 0x0F, 0x00, 0x00, 0xF0, 0x00, 0x0F, 0x0B, 0xFF, 0xF0, 0x7F, 0xFF, 0x00, 0x0F, 0xF0, 0x00,
    0xFF, 0x00, 0x0F, 0xF4, 0x01, 0xE7, 0xC0, 0x7D, 0x3F, 0xFF, 0x80, 0x7F, 0xD0, 0x01, 0xF0, 0x00, 0x3F, 0x40, 0x01,
    0xF0, 0x00, 0x00, 0x00, 0x00, 0x00, 0x00, 0xBF, 0x5E, 0x3F, 0xFE, 0xEB, 0xC0, 0x7E, 0xF4, 0x02, 0xEF, 0x00, 0x1E,
    0xF0, 0x01, 0xEF, 0x00, 0x1E, 0xF0, 0x01, 0xEF, 0x40, 0x2E, 0xBC, 0x07, 0xE3, 0xFF, 0xEE, 0x0B, 0xF5, 0xE0, 0x00,
    0x1E, 0x00, 0x02, 0xE0, 0x00, 0x3D, 0x1F, 0xFF, 0xC1, 0xFF, 0xE0, 0x07, 0xFD, 0x03, 0xFF, 0xF8, 0x7C, 0x03, 0xDF,
    0x40, 0x1F, 0xF0, 0x00, 0xAF, 0x00, 0x00, 0xF0, 0x00, 0x0F, 0x00, 0x00, 0xF0, 0xBF, 0xFF, 0x07, 0xFF, 0xF0, 0x00,
    0xFF, 0x00, 0x0F, 0xF0, 0x00, 0xFF, 0x40, 0x1E, 0x7C, 0x07, 0xD3, 0xFF, 0xF8, 0x07, 0xFD, 0x00, 0x00, 0x00, 0x00,
    0x00, 0x00, 0x06, 0x40, 0x00, 0xF4, 0x00, 0x2E, 0x00, 0x03, 0xC0, 0x00, 0x00, 0x08, 0x00, 0x03, 0xC0, 0x00, 0x7C,
    0x00, 0x0F, 0x40, 0x01, 0xF0, 0x00, 0x3F, 0x00, 0x00, 0x00, 0x00, 0x00, 0x00, 0x0B, 0xF5, 0xE3, 0xFF, 0xEE, 0xBC,
    0x07, 0xEF, 0x40, 0x2E, 0xF0, 0x01, 0xEF, 0x00, 0x1E, 0xF0, 0x01, 0xEF, 0x00, 0x1E, 0xF4, 0x02, 0xEB, 0xC0, 0x7E,
    0x3F, 0xFE, 0xE0, 0xBF, 0x5E, 0x00, 0x01, 0xE0, 0x00, 0x2E, 0x00, 0x03, 0xD1, 0xFF, 0xFC, 0x1F, 0xFE, 0x00, 0x00,
    0x90, 0x00, 0x3F, 0x80, 0x0F, 0xAE, 0x03, 0xE0, 0xB8, 0x00, 0x00, 0x00, 0x00, 0x00, 0xF0, 0x01, 0xEF, 0x00, 0x1E,
    0xF0, 0x01, 0xEF, 0x00, 0x1E, 0xF0, 0x01, 0xEF, 0x00, 0x1E, 0xF0, 0x01, 0xEF, 0xFF, 0xFE, 0xFF, 0xFF, 0xEF, 0x00,
    0x1E, 0xF0, 0x01, 0xEF, 0x00, 0x1E, 0xF0, 0x01, 0xEF, 0x00, 0x1E, 0xF0, 0x01, 0xEF, 0x00, 0x1E, 0xF0, 0x01, 0xE0,
    0x00, 0x60, 0x00, 0x00, 0x2F, 0xC0, 0x00, 0x0B, 0x9F, 0x00, 0x02, 0xF0, 0x7C, 0x00, 0x00, 0x00, 0x00, 0x00, 0x00,
    0x00, 0x00, 0x00, 0xF0, 0x00, 0x00, 0x0F, 0x00, 0x00, 0x00, 0xF0, 0x00, 0x00, 0x0F, 0x00, 0x00, 0x00, 0xF1, 0xFE,
    0x00, 0x0F, 0xBF, 0xFC, 0x00, 0xFD, 0x07, 0xD0, 0x0F, 0x40, 0x2E, 0x00, 0xF0, 0x01, 0xE0, 0x0F, 0x00, 0x1E, 0x00,
    0xF0, 0x01, 0xE0, 0x0F, 0x00, 0x1E, 0x00, 0xF0, 0x01, 0xE0, 0x0F, 0x00, 0x1E, 0x00, 0xF0, 0x01, 0xE0, 0x0F, 0x00,
    0x1E, 0x00, 0xF0, 0x01, 0xE0, 0x0F, 0x00, 0x1E, 0x00, 0xF0, 0x01, 0xE0, 0x0F, 0x00, 0x1E, 0x0F, 0xFF, 0xFF, 0xFE,
    0xBF, 0xFF, 0xFF, 0xD0, 0xF0, 0x01, 0xE0, 0x0F, 0x00, 0x1E, 0x00, 0xFF, 0xFF, 0xE0, 0x0F, 0xFF, 0xFE, 0x00, 0xF0,
    0x01, 0xE0, 0x0F, 0x00, 0x1E, 0x00, 0xF0, 0x01, 0xE0, 0x0F, 0x00, 0x1E, 0x00, 0xF0, 0x01, 0xE0, 0x0F, 0x00, 0x1E,
    0x00, 0xF0, 0x01, 0xE0, 0x0F, 0x00, 0x1E, 0x00, 0x0F, 0x00, 0x00, 0x0F, 0x00, 0x00, 0xFF, 0xFF, 0x00, 0xFF, 0xFF,
    0x00, 0x0F, 0x00, 0x00, 0x0F, 0x1B, 0x90, 0x0F, 0x7F, 0xF8, 0x0F, 0xD0, 0x7D, 0x0F, 0x80, 0x2E, 0x0F, 0x40, 0x1E,
    0x0F, 0x00, 0x1E, 0x0F, 0x00, 0x1E, 0x0F, 0x00, 0x1E, 0x0F, 0x00, 0x1E, 0x0F, 0x00, 0x1E, 0x0F, 0x00, 0x1E, 0x0F,
    0x00, 0x1E, 0x00, 0x00, 0x00, 0xF8, 0x38, 0x2D, 0xE3, 0x43, 0x83, 0xF0, 0x00, 0x00, 0x00, 0x00, 0x00, 0xBF, 0xFF,
    0xD7, 0xFF, 0xFD, 0x00, 0xF0, 0x00, 0x0F, 0x00, 0x00, 0xF0, 0x00, 0x0F, 0x00, 0x00, 0xF0, 0x00, 0x0F, 0x00, 0x00,
    0xF0, 0x00, 0x0F, 0x00, 0x00, 0xF0, 0x00, 0x0F, 0x00, 0x00, 0xF0, 0x00, 0x0F, 0x00, 0x00, 0xF0, 0x07, 0xFF, 0xFD,
    0xBF, 0xFF, 0xD0, 0x00, 0x00, 0x00, 0x02, 0xF0, 0xB0, 0x07, 0x6C, 0xF0, 0x07, 0x0B, 0xD0, 0x01, 0x00, 0x00, 0x00,
    0x00, 0x00, 0x2F, 0xFE, 0x00, 0x1F, 0xFE, 0x00, 0x00, 0x2E, 0x00, 0x00, 0x2E, 0x00, 0x00, 0x2E, 0x00, 0x00, 0x2E,
    0x00, 0x00, 0x2E, 0x00, 0x00, 0x2E, 0x00, 0x00, 0x2E, 0x00, 0x00, 0x2E, 0x00, 0x00, 0x2E, 0x00, 0x3F, 0xFF, 0xFE,
    0x3F, 0xFF, 0xFF, 0x2F, 0xFF, 0x43, 0xFF, 0xF8, 0x00, 0x00, 0x00, 0x00, 0x00, 0xBF, 0xFF, 0xD7, 0xFF, 0xFD, 0x00,
    0xF0, 0x00, 0x0F, 0x00, 0x00, 0xF0, 0x00, 0x0F, 0x00, 0x00, 0xF0, 0x00, 0x0F, 0x00, 0x00, 0xF0, 0x00, 0x0F, 0x00,
    0x00, 0xF0, 0x00, 0x0F, 0x00, 0x00, 0xF0, 0x00, 0x0F, 0x00, 0x00, 0xF0, 0x07, 0xFF, 0xFD, 0xBF, 0xFF, 0xD0, 0x07,
    0xFF, 0xF0, 0x07, 0xFF, 0xF0, 0x00, 0x00, 0x00, 0x00, 0x00, 0x00, 0x00, 0x00, 0x00, 0x2F, 0xFE, 0x00, 0x1F, 0xFE,
    0x00, 0x00, 0x2E, 0x00, 0x00, 0x2E, 0x00, 0x00, 0x2E, 0x00, 0x00, 0x2E, 0x00, 0x00, 0x2E, 0x00, 0x00, 0x2E, 0x00,
    0x00, 0x2E, 0x00, 0x00, 0x2E, 0x00, 0x00, 0x2E, 0x00, 0x3F, 0xFF, 0xFE, 0x3F, 0xFF, 0xFF, 0x14, 0x02, 0x42, 0xD0,
    0xB4, 0x0F, 0xFF, 0x00, 0x2F, 0x80, 0x00, 0x00, 0x00, 0x00, 0x00, 0xBF, 0xFF, 0xD7, 0xFF, 0xFD, 0x00, 0xF0, 0x00,
    0x0F, 0x00, 0x00, 0xF0, 0x00, 0x0F, 0x00, 0x00, 0xF0, 0x00, 0x0F, 0x00, 0x00, 0xF0, 0x00, 0x0F, 0x00, 0x00, 0xF0,
    0x00, 0x0F, 0x00, 0x00, 0xF0, 0x00, 0x0F, 0x00, 0x00, 0xF0, 0x07, 0xFF, 0xFD, 0xBF, 0xFF, 0xD0, 0x02, 0x00, 0x50,
    0x07, 0x80, 0xF0, 0x03, 0xFF, 0xD0, 0x00, 0xBF, 0x40, 0x00, 0x00, 0x00, 0x00, 0x00, 0x00, 0x2F, 0xFE, 0x00, 0x1F,
    0xFE, 0x00, 0x00, 0x2E, 0x00, 0x00, 0x2E, 0x00, 0x00, 0x2E, 0x00, 0x00, 0x2E, 0x00, 0x00, 0x2E, 0x00, 0x00, 0x2E,
    0x00, 0x00, 0x2E, 0x00, 0x00, 0x2E, 0x00, 0x00, 0x2E, 0x00, 0x3F, 0xFF, 0xFE, 0x3F, 0xFF, 0xFF, 0xBF, 0xFF, 0xD7,
    0xFF, 0xFD, 0x00, 0xF0, 0x00, 0x0F, 0x00, 0x00, 0xF0, 0x00, 0x0F, 0x00, 0x00, 0xF0, 0x00, 0x0F, 0x00, 0x00, 0xF0,
    0x00, 0x0F, 0x00, 0x00, 0xF0, 0x00, 0x0F, 0x00, 0x00, 0xF0, 0x00, 0x0F, 0x00, 0x00, 0xF0, 0x07, 0xFF, 0xFD, 0xBF,
    0xFF, 0xD0, 0x2C, 0x00, 0x07, 0x40, 0x00, 0xB4, 0x00, 0x07, 0xFC, 0x00, 0x1F, 0x80, 0x00, 0x3D, 0x00, 0x00, 0x7F,
    0x00, 0x00, 0x3D, 0x00, 0x00, 0x00, 0x00, 0x00, 0x00, 0x00, 0x2F, 0xFE, 0x00, 0x1F, 0xFE, 0x00, 0x00, 0x2E, 0x00,
    0x00, 0x2E, 0x00, 0x00, 0x2E, 0x00, 0x00, 0x2E, 0x00, 0x00, 0x2E, 0x00, 0x00, 0x2E, 0x00, 0x00, 0x2E, 0x00, 0x00,
    0x2E, 0x00, 0x00, 0x2E, 0x00, 0x3F, 0xFF, 0xFE, 0x3F, 0xFF, 0xFF, 0x00, 0x74, 0x00, 0x00, 0xE0, 0x00, 0x01, 0xF0,
    0x00, 0x00, 0xFF, 0x00, 0x00, 0x6F, 0x00, 0x01, 0xF0, 0x00, 0x2F, 0x40, 0x01, 0xF0, 0x00, 0x00, 0x00, 0x00, 0x00,
    0x0B, 0xFF, 0xFD, 0x7F, 0xFF, 0xD0, 0x0F, 0x00, 0x00, 0xF0, 0x00, 0x0F, 0x00, 0x00, 0xF0, 0x00, 0x0F, 0x00, 0x00,
    0xF0, 0x00, 0x0F, 0x00, 0x00, 0xF0, 0x00, 0x0F, 0x00, 0x00, 0xF0, 0x00, 0x0F, 0x00, 0x00, 0xF0, 0x00, 0x0F, 0x00,
    0x7F, 0xFF, 0xDB, 0xFF, 0xFD, 0x2F, 0xFE, 0x00, 0x1F, 0xFE, 0x00, 0x00, 0x2E, 0x00, 0x00, 0x2E, 0x00, 0x00, 0x2E,
    0x00, 0x00, 0x2E, 0x00, 0x00, 0x2E, 0x00, 0x00, 0x2E, 0x00, 0x00, 0x2E, 0x00, 0x00, 0x2E, 0x00, 0x00, 0x2E, 0x00,
    0x3F, 0xFF, 0xFE, 0x3F, 0xFF, 0xFF, 0x00, 0x00, 0x64, 0x00, 0x00, 0x2F, 0xC0, 0x00, 0x07, 0xDF, 0x00, 0x01, 0xF0,
    0x7C, 0x00, 0x00, 0x00, 0x00, 0x00, 0x00, 0x00, 0x00, 0x00, 0xB4, 0x00, 0x00, 0x0B, 0x40, 0x00, 0x00, 0xB4, 0x00,
    0x00, 0x0B, 0x40, 0x00, 0x00, 0xB4, 0x00, 0x00, 0x0B, 0x40, 0x00, 0x00, 0xB4, 0x00, 0x00, 0x0B, 0x40, 0x00, 0x00,
    0xB4, 0x00, 0x00, 0x0B, 0x40, 0x00, 0x00, 0xB4, 0x00, 0x00, 0x0B, 0x40, 0xF0, 0x00, 0xF4, 0x0F, 0x40, 0x0F, 0x00,
    0x7D, 0x02, 0xF0, 0x02, 0xFF, 0xFC, 0x00, 0x07, 0xFE, 0x00, 0x00, 0x00, 0x02, 0x40, 0x00, 0x0F, 0xE0, 0x00, 0x3D,
    0xF8, 0x00, 0xF4, 0x3D, 0x00, 0x00, 0x00, 0x00, 0x00, 0x00, 0x3F, 0xFF, 0xC0, 0x3F, 0xFF, 0xC0, 0x00, 0x03, 0xC0,
    0x00, 0x03, 0xC0, 0x00, 0x03, 0xC0, 0x00, 0x03, 0xC0, 0x00, 0x03, 0xC0, 0x00, 0x03, 0xC0, 0x00, 0x03, 0xC0, 0x00,
    0x03, 0xC0, 0x00, 0x03, 0xC0, 0x00, 0x03, 0xC0, 0x00, 0x03, 0xC0, 0x00, 0x07, 0xC0, 0x00, 0x1F, 0x40, 0x3F, 0xFE,
    0x00, 0x3F, 0xF4, 0x00, 0xF0, 0x00, 0xF7, 0xC0, 0x07, 0xCF, 0x00, 0x3D, 0x3C, 0x01, 0xF0, 0xF0, 0x0F, 0x43, 0xC0,
    0x7C, 0x0F, 0x03, 0xD0, 0x3F, 0xFF, 0x00, 0xFF, 0xF8, 0x03, 0xC0, 0xF0, 0x0F, 0x02, 0xE0, 0x3C, 0x03, 0xC0, 0xF0,
    0x0B, 0x83, 0xC0, 0x0F, 0x0F, 0x00, 0x2E, 0x3C, 0x00, 0x3C, 0xF0, 0x00, 0xB8, 0x00, 0x00, 0x00, 0x00, 0x00, 0x00,
    0x19, 0x00, 0x00, 0xF4, 0x00, 0x0B, 0x80, 0x00, 0x7C, 0x00, 0x00, 0xF4, 0x00, 0x03, 0xD0, 0x00, 0x0F, 0x40, 0x00,
    0x3D, 0x00, 0x00, 0xF4, 0x00, 0xF7, 0xD0, 0x0F, 0x8F, 0x40, 0x7C, 0x3D, 0x03, 0xD0, 0xF4, 0x3E, 0x03, 0xFF, 0xF0,
    0x0F, 0xFF, 0xC0, 0x3D, 0x0F, 0x40, 0xF4, 0x1F, 0x03, 0xD0, 0x2E, 0x0F, 0x40, 0x3D, 0x3D, 0x00, 0x7C, 0xF4, 0x00,
    0xF8, 0x00, 0x00, 0x00, 0x00, 0x00, 0x00, 0x19, 0x00, 0x00, 0xF4, 0x00, 0x0B, 0x80, 0x00, 0x7C, 0x00, 0x00, 0xB4,
    0x00, 0xF6, 0xD0, 0x0B, 0x8B, 0x40, 0x7C, 0x2D, 0x03, 0xD0, 0xB4, 0x2E, 0x02, 0xFF, 0xF0, 0x0B, 0xFF, 0xC0, 0x2D,
    0x0F, 0x80, 0xB4, 0x0F, 0x02, 0xD0, 0x2F, 0x0B, 0x40, 0x3D, 0x2D, 0x00, 0x7C, 0xB4, 0x00, 0xB8, 0x01, 0x40, 0x00,
    0x2E, 0x00, 0x01, 0xF0, 0x00, 0x0F, 0x00, 0x00, 0x00, 0x00, 0x00, 0x00, 0x00, 0x03, 0xC0, 0x00, 0x0F, 0x00, 0x00,
    0x3C, 0x00, 0x00, 0xF0, 0x00, 0x03, 0xC0, 0x00, 0x0F, 0x00, 0x00, 0x3C, 0x00, 0x00, 0xF0, 0x00, 0x03, 0xC0, 0x00,
    0x0F, 0x00, 0x00, 0x3C, 0x00, 0x00, 0xF0, 0x00, 0x03, 0xC0, 0x00, 0x0F, 0x00, 0x00, 0x3C, 0x00, 0x00, 0xFF, 0xFF,
    0xE3, 0xFF, 0xFF, 0x80, 0x00, 0x06, 0x40, 0x00, 0x03, 0xC0, 0x00, 0x03, 0xD0, 0x00, 0x01, 0xE0, 0x00, 0x00, 0x00,
    0x00, 0x00, 0x00, 0x00, 0x07, 0xFF, 0xC0, 0x01, 0xFF, 0xF0, 0x00, 0x00, 0x3C, 0x00, 0x00, 0x0F, 0x00, 0x00, 0x03,
    0xC0, 0x00, 0x00, 0xF0, 0x00, 0x00, 0x3C, 0x00, 0x00, 0x0F, 0x00, 0x00, 0x03, 0xC0, 0x00, 0x00, 0xF0, 0x00, 0x00,
    0x3C, 0x00, 0x00, 0x0F, 0x00, 0x00, 0x03, 0xC0, 0x00, 0x00, 0xF0, 0x00, 0x00, 0x2D, 0x00, 0x00, 0x07, 0xFF, 0xE0,
    0x00, 0x7F, 0xF8, 0x3C, 0x00, 0x00, 0xF0, 0x00, 0x03, 0xC0, 0x00, 0x0F, 0x00, 0x00, 0x3C, 0x00, 0x00, 0xF0, 0x00,
    0x03, 0xC0, 0x00, 0x0F, 0x00, 0x00, 0x3C, 0x00, 0x00, 0xF0, 0x00, 0x03, 0xC0, 0x00, 0x0F, 0x00, 0x00, 0x3C, 0x00,
    0x00, 0xF0, 0x00, 0x03, 0xC0, 0x00, 0x0F, 0xFF, 0xFE, 0x3F, 0xFF, 0xF8, 0x00, 0x00, 0x00, 0x00, 0x00, 0x00, 0x06,
    0x40, 0x00, 0x3C, 0x00, 0x03, 0xE0, 0x00, 0x1F, 0x00, 0x00, 0x7F, 0xFC, 0x00, 0x1F, 0xFF, 0x00, 0x00, 0x03, 0xC0,
    0x00, 0x00, 0xF0, 0x00, 0x00, 0x3C, 0x00, 0x00, 0x0F, 0x00, 0x00, 0x03, 0xC0, 0x00, 0x00, 0xF0, 0x00, 0x00, 0x3C,
    0x00, 0x00, 0x0F, 0x00, 0x00, 0x03, 0xC0, 0x00, 0x00, 0xF0, 0x00, 0x00, 0x3C, 0x00, 0x00, 0x0F, 0x00, 0x00, 0x02,
    0xD0, 0x00, 0x00, 0x7F, 0xFE, 0x00, 0x07, 0xFF, 0x80, 0x00, 0x00, 0x00, 0x00, 0x00, 0x00, 0x00, 0x06, 0x00, 0x00,
    0x0B, 0x80, 0x00, 0x03, 0xC0, 0x00, 0x03, 0xD0, 0x00, 0x3C, 0x0F, 0x00, 0xF0, 0x3C, 0x03, 0xC0, 0xF0, 0x0F, 0x03,
    0x80, 0x3C, 0x00, 0x00, 0xF0, 0x00, 0x03, 0xC0, 0x00, 0x0F, 0x00, 0x00, 0x3C, 0x00, 0x00, 0xF0, 0x00, 0x03, 0xC0,
    0x00, 0x0F, 0x00, 0x00, 0x3C, 0x00, 0x00, 0xF0, 0x00, 0x03, 0xC0, 0x00, 0x0F, 0xFF, 0xFE, 0x3F, 0xFF, 0xF8, 0x7F,
    0xFC, 0x1E, 0x1F, 0xFF, 0x07, 0x40, 0x03, 0xC1, 0xD0, 0x00, 0xF0, 0xB0, 0x00, 0x3C, 0x00, 0x00, 0x0F, 0x00, 0x00,
    0x03, 0xC0, 0x00, 0x00, 0xF0, 0x00, 0x00, 0x3C, 0x00, 0x00, 0x0F, 0x00, 0x00, 0x03, 0xC0, 0x00, 0x00, 0xF0, 0x00,
    0x00, 0x3C, 0x00, 0x00, 0x0F, 0x00, 0x00, 0x02, 0xD0, 0x00, 0x00, 0x7F, 0xFE, 0x00, 0x07, 0xFF, 0x80, 0x3C, 0x00,
    0x00, 0xF0, 0x00, 0x03, 0xC0, 0x00, 0x0F, 0x00, 0x00, 0x3C, 0x00, 0x00, 0xF0, 0x00, 0x03, 0xC0, 0x00, 0x0F, 0x00,
    0x7C, 0x3C, 0x03, 0xF4, 0xF0, 0x0F, 0xD3, 0xC0, 0x2F, 0x0F, 0x00, 0x00, 0x3C, 0x00, 0x00, 0xF0, 0x00, 0x03, 0xC0,
    0x00, 0x0F, 0xFF, 0xFE, 0x3F, 0xFF, 0xF8, 0xFF, 0xF8, 0x00, 0x02, 0xFF, 0xE0, 0x00, 0x00, 0x07, 0x80, 0x00, 0x00,
    0x1E, 0x00, 0x00, 0x00, 0x78, 0x00, 0x00, 0x01, 0xE0, 0x00, 0x00, 0x07, 0x80, 0x00, 0x00, 0x1E, 0x00, 0xB8, 0x00,
    0x78, 0x03, 0xF4, 0x01, 0xE0, 0x0F, 0xD0, 0x07, 0x80, 0x2E, 0x00, 0x1E, 0x00, 0x00, 0x00, 0x78, 0x00, 0x00, 0x01,
    0xE0, 0x00, 0x00, 0x03, 0xC0, 0x00, 0x00, 0x0B, 0xFF, 0xC0, 0x00, 0x0B, 0xFF, 0x00, 0x03, 0xC0, 0x00, 0x00, 0xF0,
    0x00, 0x00, 0x3C, 0x00, 0x00, 0x0F, 0x00, 0x00, 0x03, 0xC0, 0x80, 0x00, 0xF1, 0xF0, 0x00, 0x3E, 0xF0, 0x00, 0x0F,
    0xE0, 0x00, 0x0B, 0xD0, 0x00, 0x0F, 0xF0, 0x00, 0x0B, 0x7C, 0x00, 0x01, 0x0F, 0x00, 0x00, 0x03, 0xC0, 0x00, 0x00,
    0xF0, 0x00, 0x00, 0x3C, 0x00, 0x00, 0x0F, 0xFF, 0xFE, 0x03, 0xFF, 0xFF, 0x80, 0x7F, 0xFC, 0x00, 0x1F, 0xFF, 0x00,
    0x00, 0x03, 0xC0, 0x00, 0x00, 0xF0, 0x00, 0x00, 0x3C, 0x08, 0x00, 0x0F, 0x1F, 0x00, 0x03, 0xFF, 0x00, 0x00, 0xFD,
    0x00, 0x00, 0xBC, 0x00, 0x01, 0xFF, 0x00, 0x00, 0xB3, 0xC0, 0x00, 0x10, 0xF0, 0x00, 0x00, 0x3C, 0x00, 0x00, 0x0F,
    0x00, 0x00, 0x03, 0xD0, 0x00, 0x00, 0x7F, 0xFE, 0x00, 0x07, 0xFF, 0x80, 0x00, 0x09, 0x00, 0x02, 0xE0, 0x00, 0x7C,
    0x00, 0x0F, 0x00, 0x00, 0x00, 0x00, 0x00, 0x00, 0xFC, 0x01, 0xEF, 0xD0, 0x1E, 0xFE, 0x01, 0xEF, 0xF0, 0x1E, 0xF7,
    0x41, 0xEF, 0x3C, 0x1E, 0xF2, 0xC1, 0xEF, 0x1D, 0x1E, 0xF0, 0xF1, 0xEF, 0x0B, 0x1E, 0xF0, 0x79, 0xEF, 0x03, 0xCE,
    0xF0, 0x2D, 0xEF, 0x01, 0xEE, 0xF0, 0x0F, 0xEF, 0x00, 0xBE, 0xF0, 0x03, 0xE0, 0x00, 0x05, 0x00, 0x02, 0xE0, 0x00,
    0x7C, 0x00, 0x0F, 0x00, 0x00, 0x00, 0x00, 0x00, 0x00, 0xF1, 0xFE, 0x0F, 0xBF, 0xFC, 0xFD, 0x07, 0xDF, 0x40, 0x2E,
    0xF0, 0x01, 0xEF, 0x00, 0x1E, 0xF0, 0x01, 0xEF, 0x00, 0x1E, 0xF0, 0x01, 0xEF, 0x00, 0x1E, 0xF0, 0x01, 0xEF, 0x00,
    0x1E, 0xF0, 0x01, 0xE0, 0xFC, 0x01, 0xEF, 0xD0, 0x1E, 0xFE, 0x01, 0xEF, 0xF0, 0x1E, 0xF7, 0x41, 0xEF, 0x3C, 0x1E,
    0xF2, 0xC1, 0xEF, 0x1D, 0x1E, 0xF0, 0xF1, 0xEF, 0x0B, 0x1E, 0xF0, 0x79, 0xEF, 0x03, 0xCE, 0xF0, 0x2D, 0xEF, 0x01,
    0xEE, 0xF0, 0x0F, 0xEF, 0x00, 0xBE, 0xF0, 0x03, 0xE0, 0x00, 0x00, 0x00, 0x00, 0x00, 0x06, 0x40, 0x00, 0xF4, 0x00,
    0x2E, 0x00, 0x07, 0xC0, 0x00, 0xF1, 0xFE, 0x0F, 0xBF, 0xFC, 0xFD, 0x07, 0xDF, 0x40, 0x2E, 0xF0, 0x01, 0xEF, 0x00,
    0x1E, 0xF0, 0x01, 0xEF, 0x00, 0x1E, 0xF0, 0x01, 0xEF, 0x00, 0x1E, 0xF0, 0x01, 0xEF, 0x00, 0x1E, 0xF0, 0x01, 0xE0,
    0x00, 0x00, 0x00, 0x00, 0x00, 0x06, 0x40, 0x00, 0xF4, 0x00, 0x2E, 0x00, 0x07, 0xC0, 0x00, 0x18, 0x06, 0x41, 0xF0,
    0xF0, 0x07, 0xFD, 0x00, 0x2F, 0x40, 0x00, 0x00, 0x00, 0x00, 0x00, 0xFC, 0x01, 0xEF, 0xD0, 0x1E, 0xFE, 0x01, 0xEF,
    0xF0, 0x1E, 0xF7, 0x41, 0xEF, 0x3C, 0x1E, 0xF2, 0xC1, 0xEF, 0x1D, 0x1E, 0xF0, 0xF1, 0xEF, 0x0B, 0x1E, 0xF0, 0x79,
    0xEF, 0x03, 0xCE, 0xF0, 0x2D, 0xEF, 0x01, 0xEE, 0xF0, 0x0F, 0xEF, 0x00, 0xBE, 0xF0, 0x03, 0xE0, 0x18, 0x02, 0x41,
    0xF0, 0xF4, 0x07, 0xFD, 0x00, 0x1F, 0x40, 0x00, 0x00, 0x00, 0x00, 0x00, 0xF1, 0xFE, 0x0F, 0xBF, 0xFC, 0xFD, 0x07,
    0xDF, 0x40, 0x2E, 0xF0, 0x01, 0xEF, 0x00, 0x1E, 0xF0, 0x01, 0xEF, 0x00, 0x1E, 0xF0, 0x01, 0xEF, 0x00, 0x1E, 0xF0,
    0x01, 0xEF, 0x00, 0x1E, 0xF0, 0x01, 0xE0, 0x02, 0x80, 0x00, 0x02, 0xE0, 0x00, 0x01, 0xF0, 0x00, 0x00, 0xF4, 0x00,
    0x00, 0x00, 0x00, 0x00, 0x00, 0xF1, 0xFE, 0x00, 0x3E, 0xFF, 0xF0, 0x0F, 0xD0, 0x7D, 0x03, 0xD0, 0x0B, 0x80, 0xF0,
    0x01, 0xE0, 0x3C, 0x00, 0x78, 0x0F, 0x00, 0x1E, 0x03, 0xC0, 0x07, 0x80, 0xF0, 0x01, 0xE0, 0x3C, 0x00, 0x78, 0x0F,
    0x00, 0x1E, 0x03, 0xC0, 0x07, 0x80, 0xF0, 0x01, 0xE0, 0xFC, 0x01, 0xEF, 0xD0, 0x1E, 0xFF, 0x01, 0xEF, 0xB0, 0x1E,
    0xF7, 0x81, 0xEF, 0x3C, 0x1E, 0xF2, 0xD1, 0xEF, 0x0F, 0x1E, 0xF0, 0xB1, 0xEF, 0x07, 0x8E, 0xF0, 0x3D, 0xEF, 0x01,
    0xEE, 0xF0, 0x0F, 0xEF, 0x00, 0xBE, 0xF0, 0x03, 0xEF, 0x00, 0x3E, 0xF0, 0x01, 0xE0, 0x00, 0x2E, 0x00, 0x07, 0xD0,
    0x1F, 0xF8, 0x01, 0xFD, 0x00, 0xF1, 0xFE, 0x0F, 0xBF, 0xFC, 0xFD, 0x07, 0xDF, 0x80, 0x2E, 0xF4, 0x01, 0xEF, 0x00,
    0x1E, 0xF0, 0x01, 0xEF, 0x00, 0x1E, 0xF0, 0x01, 0xEF, 0x00, 0x1E, 0xF0, 0x01, 0xEF, 0x00, 0x1E, 0xF0, 0x01, 0xE0,
    0x00, 0x2E, 0x00, 0x07, 0xD0, 0x1F, 0xF8, 0x01, 0xFD, 0x00, 0x2F, 0xFF, 0x43, 0xFF, 0xF8, 0x00, 0x00, 0x00, 0x00,
    0x00, 0x07, 0xFD, 0x03, 0xFF, 0xF8, 0x7C, 0x07, 0xDF, 0x40, 0x2E, 0xF0, 0x01, 0xEF, 0x00, 0x1F, 0xF0, 0x01, 0xFF,
    0x00, 0x1F, 0xF0, 0x01, 0xFF, 0x00, 0x1F, 0xF0, 0x01, 0xFF, 0x00, 0x1F, 0xF0, 0x01, 0xEF, 0x40, 0x2E, 0x7C, 0x07,
    0xD3, 0xFF, 0xF8, 0x07, 0xFD, 0x00, 0x0B, 0xFF, 0xD0, 0x3F, 0xFF, 0x80, 0x00, 0x00, 0x00, 0x00, 0x00, 0x00, 0x00,
    0x00, 0x07, 0xFD, 0x00, 0xFF, 0xFE, 0x0B, 0xC0, 0x7D, 0x3D, 0x00, 0x78, 0xF0, 0x01, 0xF3, 0xC0, 0x03, 0xCF, 0x00,
    0x0F, 0x3C, 0x00, 0x3C, 0xF0, 0x01, 0xF3, 0xD0, 0x07, 0x8B, 0xC0, 0x7D, 0x0F, 0xFF, 0xE0, 0x07, 0xFD, 0x00, 0x14,
    0x02, 0x42, 0xD0, 0xB4, 0x0F, 0xFF, 0x00, 0x2F, 0x80, 0x00, 0x00, 0x00, 0x00, 0x00, 0x07, 0xFD, 0x03, 0xFF, 0xF8,
    0x7C, 0x07, 0xDF, 0x40, 0x2E, 0xF0, 0x01, 0xEF, 0x00, 0x1F, 0xF0, 0x01, 0xFF, 0x00, 0x1F, 0xF0, 0x01, 0xFF, 0x00,
    0x1F, 0xF0, 0x01, 0xFF, 0x00, 0x1F, 0xF0, 0x01, 0xEF, 0x40, 0x2E, 0x7C, 0x07, 0xD3, 0xFF, 0xF8, 0x07, 0xFD, 0x00,
    0x05, 0x00, 0x90, 0x2D, 0x0B, 0x40, 0x3F, 0xFC, 0x00, 0x2F, 0x80, 0x00, 0x00, 0x00, 0x00, 0x00, 0x00, 0x1F, 0xF4,
    0x03, 0xFF, 0xF8, 0x2F, 0x01, 0xF4, 0xF4, 0x01, 0xE3, 0xC0, 0x07, 0xCF, 0x00, 0x0F, 0x3C, 0x00, 0x3C, 0xF0, 0x00,
    0xF3, 0xC0, 0x07, 0xCF, 0x40, 0x1E, 0x2F, 0x01, 0xF4, 0x3F, 0xFF, 0x80, 0x1F, 0xF4, 0x00, 0x02, 0xE1, 0xE0, 0x1E,
    0x1F, 0x00, 0xF0, 0xF0, 0x00, 0x00, 0x00, 0x00, 0x00, 0x00, 0x1F, 0xF4, 0x03, 0xFF, 0xF8, 0x1F, 0x01, 0xF4, 0xF4,
    0x02, 0xE3, 0xC0, 0x07, 0x8F, 0x00, 0x1F, 0x3C, 0x00, 0x7C, 0xF0, 0x01, 0xF3, 0xC0, 0x07, 0xCF, 0x00, 0x1F, 0x3C,
    0x00, 0x7C, 0xF0, 0x01, 0xF3, 0xC0, 0x07, 0x8F, 0x40, 0x2E, 0x1F, 0x01, 0xF4, 0x3F, 0xFF, 0x80, 0x1F, 0xF4, 0x00,
    0x00, 0xB8, 0x78, 0x01, 0xE1, 0xF0, 0x03, 0xC3, 0xC0, 0x00, 0x00, 0x00, 0x00, 0x00, 0x00, 0x01, 0xFF, 0x40, 0x0F,
    0xFF, 0xE0, 0x2F, 0x01, 0xF4, 0x3D, 0x00, 0x78, 0x3C, 0x00, 0x7C, 0x3C, 0x00, 0x3C, 0x3C, 0x00, 0x3C, 0x3C, 0x00,
    0x3C, 0x3C, 0x00, 0x7C, 0x3D, 0x00, 0x78, 0x2F, 0x01, 0xF4, 0x0F, 0xFF, 0xE0, 0x01, 0xFF, 0x40, 0x07, 0xF3, 0xFF,
    0xC1, 0xFF, 0xFF, 0xFC, 0x3E, 0x0B, 0xC0, 0x03, 0xC0, 0x3C, 0x00, 0x3C, 0x03, 0xC0, 0x03, 0xC0, 0x3C, 0x00, 0x3C,
    0x03, 0xC0, 0x03, 0xC0, 0x3F, 0xF8, 0x3C, 0x03, 0xFF, 0x83, 0xC0, 0x3C, 0x00, 0x3C, 0x03, 0xC0, 0x03, 0xC0, 0x3C,
    0x00, 0x3C, 0x03, 0xC0, 0x03, 0xC0, 0x3C, 0x00, 0x3E, 0x0B, 0xC0, 0x01, 0xFF, 0xFF, 0xFC, 0x07, 0xF3, 0xFF, 0xC0,
    0x0B, 0xE0, 0xFD, 0x0B, 0xFE, 0xFF, 0xD3, 0xC1, 0xF4, 0x7C, 0xF0, 0x3C, 0x0F, 0x3C, 0x0F, 0x03, 0xCF, 0x03, 0xFF,
    0xF3, 0xC0, 0xFF, 0xFC, 0xF0, 0x3C, 0x00, 0x3C, 0x0F, 0x00, 0x0F, 0x03, 0xC0, 0x03, 0xC1, 0xF4, 0x78, 0xBF, 0xEF,
    0xFD, 0x0B, 0xE0, 0xFD, 0x00, 0x00, 0x09, 0x00, 0x00, 0xB8, 0x00, 0x07, 0xC0, 0x00, 0x3C, 0x00, 0x00, 0x00, 0x00,
    0x00, 0x00, 0x0F, 0xFF, 0xE0, 0x3F, 0xFF, 0xF0, 0xF0, 0x03, 0xE3, 0xC0, 0x03, 0xCF, 0x00, 0x0F, 0x7C, 0x00, 0x3C,
    0xF0, 0x00, 0xF3, 0xC0, 0x1F, 0x8F, 0xFF, 0xFC, 0x3F, 0xFF, 0x80, 0xF0, 0x2E, 0x03, 0xC0, 0x7C, 0x0F, 0x00, 0xF4,
    0x3C, 0x01, 0xF0, 0xF0, 0x03, 0xD3, 0xC0, 0x07, 0xCF, 0x00, 0x0F, 0x40, 0x00, 0x06, 0x40, 0x00, 0x7C, 0x00, 0x03,
    0xC0, 0x00, 0x2E, 0x00, 0x00, 0x00, 0x00, 0x00, 0x00, 0x07, 0x8B, 0xF4, 0x1E, 0xFF, 0xF4, 0x7E, 0x02, 0xF1, 0xF0,
    0x03, 0xC7, 0x80, 0x0F, 0x1E, 0x00, 0x28, 0x78, 0x00, 0x01, 0xE0, 0x00, 0x07, 0x80, 0x00, 0x1E, 0x00, 0x00, 0x78,
    0x00, 0x01, 0xE0, 0x00, 0x07, 0x80, 0x00, 0x00, 0xFF, 0xFE, 0x03, 0xFF, 0xFF, 0x0F, 0x00, 0x3E, 0x3C, 0x00, 0x3C,
    0xF0, 0x00, 0xF7, 0xC0, 0x03, 0xCF, 0x00, 0x0F, 0x3C, 0x01, 0xF8, 0xFF, 0xFF, 0xC3, 0xFF, 0xF8, 0x0F, 0x02, 0xE0,
    0x3C, 0x07, 0xC0, 0xF0, 0x0F, 0x43, 0xC0, 0x1F, 0x0F, 0x00, 0x3D, 0x3C, 0x00, 0x7C, 0xF0, 0x00, 0xF4, 0x00, 0x00,
    0x00, 0x00, 0x00, 0x00, 0x19, 0x00, 0x00, 0xF4, 0x00, 0x0B, 0x80, 0x00, 0x7C, 0x00, 0x00, 0x07, 0x8B, 0xF4, 0x01,
    0xEF, 0xFF, 0x40, 0x7E, 0x02, 0xF0, 0x1F, 0x00, 0x3C, 0x07, 0x80, 0x0F, 0x01, 0xE0, 0x02, 0x80, 0x78, 0x00, 0x00,
    0x1E, 0x00, 0x00, 0x07, 0x80, 0x00, 0x01, 0xE0, 0x00, 0x00, 0x78, 0x00, 0x00, 0x1E, 0x00, 0x00, 0x07, 0x80, 0x00,
    0x00, 0x00, 0x00, 0x00, 0x00, 0x00, 0x00, 0x0A, 0x00, 0x00, 0x0B, 0x80, 0x00, 0x07, 0xC0, 0x00, 0x03, 0xD0, 0x00,
    0x00, 0x18, 0x06, 0x40, 0x7C, 0x3C, 0x00, 0x7F, 0xD0, 0x00, 0xBD, 0x00, 0x00, 0x00, 0x00, 0x00, 0x00, 0x0F, 0xFF,
    0xE0, 0x3F, 0xFF, 0xF0, 0xF0, 0x03, 0xE3, 0xC0, 0x03, 0xCF, 0x00, 0x0F, 0x7C, 0x00, 0x3C, 0xF0, 0x00, 0xF3, 0xC0,
    0x1F, 0x8F, 0xFF, 0xFC, 0x3F, 0xFF, 0x80, 0xF0, 0x2E, 0x03, 0xC0, 0x7C, 0x0F, 0x00, 0xF4, 0x3C, 0x01, 0xF0, 0xF0,
    0x03, 0xD3, 0xC0, 0x07, 0xCF, 0x00, 0x0F, 0x40, 0x19, 0x01, 0x80, 0x3D, 0x2E, 0x00, 0x3F, 0xE0, 0x00, 0x3F, 0x00,
    0x00, 0x00, 0x00, 0x00, 0x00, 0x07, 0x8B, 0xF4, 0x1E, 0xFF, 0xF4, 0x7E, 0x02, 0xF1, 0xF0, 0x03, 0xC7, 0x80, 0x0F,
    0x1E, 0x00, 0x28, 0x78, 0x00, 0x01, 0xE0, 0x00, 0x07, 0x80, 0x00, 0x1E, 0x00, 0x00, 0x78, 0x00, 0x01, 0xE0, 0x00,
    0x07, 0x80, 0x00, 0x00, 0x00, 0x02, 0x40, 0x00, 0x0B, 0x80, 0x00, 0x1F, 0x00, 0x00, 0x3C, 0x00, 0x00, 0x00, 0x00,
    0x00, 0x00, 0x00, 0x01, 0xFE, 0x40, 0x0F, 0xFF, 0xE0, 0x2F, 0x01, 0xF0, 0x3D, 0x00, 0xB8, 0x3C, 0x00, 0x14, 0x3D,
    0x00, 0x00, 0x1F, 0x40, 0x00, 0x0B, 0xF9, 0x00, 0x01, 0xFF, 0xD0, 0x00, 0x06, 0xF4, 0x00, 0x00, 0x7C, 0x00, 0x00,
    0x3C, 0x38, 0x00, 0x3C, 0x3C, 0x00, 0x3C, 0x3F, 0x00, 0xF8, 0x0F, 0xFF, 0xF0, 0x02, 0xFF, 0x40, 0x00, 0x02, 0x40,
    0x00, 0x2E, 0x00, 0x01, 0xF0, 0x00, 0x0F, 0x00, 0x00, 0x00, 0x00, 0x00, 0x00, 0x00, 0x2F, 0xF8, 0x07, 0xFF, 0xFC,
    0x2E, 0x00, 0xF4, 0xF0, 0x00, 0x42, 0xD0, 0x00, 0x07, 0xFA, 0x40, 0x07, 0xFF, 0xE0, 0x00, 0x17, 0xD0, 0x00, 0x07,
    0x8A, 0x00, 0x0F, 0x3E, 0x00, 0xB8, 0x7F, 0xFF, 0xC0, 0x2F, 0xF8, 0x00, 0x00, 0x24, 0x00, 0x00, 0xFE, 0x00, 0x03,
    0xEB, 0x80, 0x0F, 0x82, 0xE0, 0x00, 0x00, 0x00, 0x00, 0x00, 0x00, 0x01, 0xFE, 0x40, 0x0F, 0xFF, 0xE0, 0x2F, 0x01,
    0xF0, 0x3D, 0x00, 0xB8, 0x3C, 0x00, 0x14, 0x3D, 0x00, 0x00, 0x1F, 0x40, 0x00, 0x0B, 0xF9, 0x00, 0x01, 0xFF, 0xD0,
    0x00, 0x06, 0xF4, 0x00, 0x00, 0x7C, 0x00, 0x00, 0x3C, 0x38, 0x00, 0x3C, 0x3C, 0x00, 0x3C, 0x3F, 0x00, 0xF8, 0x0F,
    0xFF, 0xF0, 0x02, 0xFF, 0x40, 0x00, 0x24, 0x00, 0x03, 0xF8, 0x00, 0x3E, 0xB8, 0x03, 0xE0, 0xB8, 0x00, 0x00, 0x00,
    0x00, 0x00, 0x00, 0x2F, 0xF8, 0x07, 0xFF, 0xFC, 0x2E, 0x00, 0xF4, 0xF0, 0x00, 0x42, 0xD0, 0x00, 0x07, 0xFA, 0x40,
    0x07, 0xFF, 0xE0, 0x00, 0x17, 0xD0, 0x00, 0x07, 0x8A, 0x00, 0x0F, 0x3E, 0x00, 0xB8, 0x7F, 0xFF, 0xC0, 0x2F, 0xF8,
    0x00, 0x01, 0xFE, 0x40, 0x0F, 0xFF, 0xE0, 0x2F, 0x01, 0xF0, 0x3D, 0x00, 0xB8, 0x3C, 0x00, 0x14, 0x3D, 0x00, 0x00,
    0x1F, 0x40, 0x00, 0x0B, 0xF9, 0x00, 0x01, 0xFF, 0xD0, 0x00, 0x06, 0xF4, 0x00, 0x00, 0x7C, 0x00, 0x00, 0x3C, 0x38,
    0x00, 0x3C, 0x3C, 0x00, 0x3C, 0x3F, 0x00, 0xF8, 0x0F, 0xFF, 0xF0, 0x02, 0xFF, 0x40, 0x00, 0xB0, 0x00, 0x00, 0x5E,
    0x00, 0x00, 0x0B, 0x40, 0x01, 0xFF, 0x00, 0x00, 0xF9, 0x00, 0x02, 0xFF, 0x80, 0x7F, 0xFF, 0xC2, 0xE0, 0x0F, 0x4F,
    0x00, 0x04, 0x2D, 0x00, 0x00, 0x7F, 0xA4, 0x00, 0x7F, 0xFE, 0x00, 0x01, 0x7D, 0x00, 0x00, 0x78, 0xA0, 0x00, 0xF3,
    0xE0, 0x0B, 0x87, 0xFF, 0xFC, 0x02, 0xFF, 0x80, 0x01, 0xD0, 0x00, 0x01, 0xF0, 0x00, 0x02, 0xE0, 0x00, 0xFF, 0x40,
    0x03, 0xF4, 0x00, 0x06, 0x01, 0x90, 0x07, 0xC3, 0xC0, 0x01, 0xFF, 0x40, 0x00, 0xBD, 0x00, 0x00, 0x00, 0x00, 0x00,
    0x00, 0x00, 0x01, 0xFE, 0x40, 0x0F, 0xFF, 0xE0, 0x2F, 0x01, 0xF0, 0x3D, 0x00, 0xB8, 0x3C, 0x00, 0x14, 0x3D, 0x00,
    0x00, 0x1F, 0x40, 0x00, 0x0B, 0xF9, 0x00, 0x01, 0xFF, 0xD0, 0x00, 0x06, 0xF4, 0x00, 0x00, 0x7C, 0x00, 0x00, 0x3C,
    0x38, 0x00, 0x3C, 0x3C, 0x00, 0x3C, 0x3F, 0x00, 0xF8, 0x0F, 0xFF, 0xF0, 0x02, 0xFF, 0x40, 0x06, 0x01, 0x90, 0x1F,
    0x0F, 0x00, 0x1F, 0xF4, 0x00, 0x2F, 0x40, 0x00, 0x00, 0x00, 0x00, 0x00, 0x00, 0x2F, 0xF8, 0x07, 0xFF, 0xFC, 0x2E,
    0x00, 0xF4, 0xF0, 0x00, 0x42, 0xD0, 0x00, 0x07, 0xFA, 0x40, 0x07, 0xFF, 0xE0, 0x00, 0x17, 0xD0, 0x00, 0x07, 0x8A,
    0x00, 0x0F, 0x3E, 0x00, 0xB8, 0x7F, 0xFF, 0xC0, 0x2F, 0xF8, 0x00, 0xBF, 0xFF, 0xFE, 0xBF, 0xFF, 0xFD, 0x00, 0x3C,
    0x00, 0x00, 0x3C, 0x00, 0x00, 0x3C, 0x00, 0x00, 0x3C, 0x00, 0x00, 0x3C, 0x00, 0x00, 0x3C, 0x00, 0x00, 0x3C, 0x00,
    0x00, 0x3C, 0x00, 0x00, 0x3C, 0x00, 0x00, 0x3C, 0x00, 0x00, 0x3C, 0x00, 0x00, 0x3C, 0x00, 0x00, 0x3C, 0x00, 0x00,
    0x3C, 0x00, 0x00, 0x3C, 0x00, 0x00, 0x2C, 0x00, 0x00, 0x1B, 0x80, 0x00, 0x02, 0xD0, 0x00, 0x7F, 0xD0, 0x00, 0x7F,
    0x40, 0x00, 0x90, 0x00, 0x07, 0xC0, 0x00, 0x1F, 0x00, 0x00, 0x7C, 0x00, 0xFF, 0xFF, 0xFF, 0xFF, 0xFF, 0xF0, 0x1F,
    0x00, 0x00, 0x7C, 0x00, 0x01, 0xF0, 0x00, 0x07, 0xC0, 0x00, 0x1F, 0x00, 0x00, 0x7C, 0x00, 0x01, 0xF0, 0x00, 0x07,
    0xC0, 0x00, 0x0F, 0x00, 0x00, 0x2F, 0xFE, 0x00, 0x2F, 0xFC, 0x00, 0x34, 0x00, 0x00, 0xBC, 0x00, 0x00, 0x78, 0x00,
    0x3F, 0xE0, 0x00, 0xFE, 0x00, 0x06, 0x01, 0x90, 0x07, 0xC3, 0xC0, 0x01, 0xFF, 0x40, 0x00, 0xBD, 0x00, 0x00, 0x00,
    0x00, 0x00, 0x00, 0x00, 0xBF, 0xFF, 0xFE, 0xBF, 0xFF, 0xFD, 0x00, 0x3C, 0x00, 0x00, 0x3C, 0x00, 0x00, 0x3C, 0x00,
    0x00, 0x3C, 0x00, 0x00, 0x3C, 0x00, 0x00, 0x3C, 0x00, 0x00, 0x3C, 0x00, 0x00, 0x3C, 0x00, 0x00, 0x3C, 0x00, 0x00,
    0x3C, 0x00, 0x00, 0x3C, 0x00, 0x00, 0x3C, 0x00, 0x00, 0x3C, 0x00, 0x00, 0x3C, 0x00, 0x00, 0x3C, 0x00, 0x00, 0x00,
    0xE0, 0x00, 0x07, 0x80, 0x09, 0x1D, 0x00, 0x7C, 0x74, 0x01, 0xF0, 0x00, 0x07, 0xC0, 0x0F, 0xFF, 0xFF, 0xFF, 0xFF,
    0xFF, 0x01, 0xF0, 0x00, 0x07, 0xC0, 0x00, 0x1F, 0x00, 0x00, 0x7C, 0x00, 0x01, 0xF0, 0x00, 0x07, 0xC0, 0x00, 0x1F,
    0x00, 0x00, 0x7C, 0x00, 0x00, 0xF0, 0x00, 0x02, 0xFF, 0xF0, 0x02, 0xFF, 0xC0, 0xBF, 0xFF, 0xFE, 0xBF, 0xFF, 0xFD,
    0x00, 0x3C, 0x00, 0x00, 0x3C, 0x00, 0x00, 0x3C, 0x00, 0x00, 0x3C, 0x00, 0x00, 0x3C, 0x00, 0x00, 0x3C, 0x00, 0x1F,
    0xFF, 0xF0, 0x1F, 0xFF, 0xF4, 0x00, 0x3C, 0x00, 0x00, 0x3C, 0x00, 0x00, 0x3C, 0x00, 0x00, 0x3C, 0x00, 0x00, 0x3C,
    0x00, 0x00, 0x3C, 0x00, 0x00, 0x3C, 0x00, 0x00, 0x90, 0x00, 0x07, 0xC0, 0x00, 0x1F, 0x00, 0x00, 0x7C, 0x00, 0xFF,
    0xFF, 0xFF, 0xFF, 0xFF, 0xF0, 0x1F, 0x00, 0x00, 0x7C, 0x00, 0x01, 0xF0, 0x00, 0x07, 0xC0, 0x03, 0xFF, 0xFF, 0x0F,
    0xFF, 0xFC, 0x01, 0xF0, 0x00, 0x07, 0xC0, 0x00, 0x0F, 0x00, 0x00, 0x3F, 0xFF, 0x00, 0x2F, 0xFC, 0x00, 0x00, 0x00,
    0xF8, 0x38, 0x2D, 0xE3, 0x43, 0x83, 0xF0, 0x00, 0x00, 0x00, 0x00, 0x00, 0xF0, 0x01, 0xEF, 0x00, 0x1E, 0xF0, 0x01,
    0xEF, 0x00, 0x1E, 0xF0, 0x01, 0xEF, 0x00, 0x1E, 0xF0, 0x01, 0xEF, 0x00, 0x1E, 0xF0, 0x01, 0xEF, 0x00, 0x1E, 0xF0,
    0x01, 0xEF, 0x00, 0x1E, 0xF0, 0x01, 0xEF, 0x40, 0x2E, 0x7C, 0x07, 0xD3, 0xFF, 0xF8, 0x0B, 0xFD, 0x00, 0x00, 0x00,
    0x00, 0xF8, 0x38, 0x2D, 0xE3, 0x43, 0x83, 0xF0, 0x00, 0x00, 0x00, 0x00, 0x00, 0xF0, 0x01, 0xEF, 0x00, 0x1E, 0xF0,
    0x01, 0xEF, 0x00, 0x1E, 0xF0, 0x01, 0xEF, 0x00, 0x1E, 0xF0, 0x01, 0xEF, 0x00, 0x1E, 0xF0, 0x01, 0xEF, 0x40, 0x2E,
    0x7C, 0x07, 0xC2, 0xFF, 0xF8, 0x07, 0xFD, 0x00, 0x2F, 0xFF, 0x43, 0xFF, 0xF8, 0x00, 0x00, 0x00, 0x00, 0x00, 0xF0,
    0x01, 0xEF, 0x00, 0x1E, 0xF0, 0x01, 0xEF, 0x00, 0x1E, 0xF0, 0x01, 0xEF, 0x00, 0x1E, 0xF0, 0x01, 0xEF, 0x00, 0x1E,
    0xF0, 0x01, 0xEF, 0x00, 0x1E, 0xF0, 0x01, 0xEF, 0x00, 0x1E, 0xF0, 0x01, 0xEF, 0x40, 0x2E, 0x7C, 0x07, 0xD3, 0xFF,
    0xF8, 0x0B, 0xFD, 0x00, 0x2F, 0xFF, 0x43, 0xFF, 0xF8, 0x00, 0x00, 0x00, 0x00, 0x00, 0x00, 0x00, 0x0F, 0x00, 0x1E,
    0xF0, 0x01, 0xEF, 0x00, 0x1E, 0xF0, 0x01, 0xEF, 0x00, 0x1E, 0xF0, 0x01, 0xEF, 0x00, 0x1E, 0xF0, 0x01, 0xEF, 0x00,
    0x1E, 0xF4, 0x02, 0xE7, 0xC0, 0x7C, 0x2F, 0xFF, 0x80, 0x7F, 0xD0, 0x14, 0x02, 0x42, 0xD0, 0xB4, 0x0F, 0xFF, 0x00,
    0x2F, 0x80, 0x00, 0x00, 0x00, 0x00, 0x00, 0xF0, 0x01, 0xEF, 0x00, 0x1E, 0xF0, 0x01, 0xEF, 0x00, 0x1E, 0xF0, 0x01,
    0xEF, 0x00, 0x1E, 0xF0, 0x01, 0xEF, 0x00, 0x1E, 0xF0, 0x01, 0xEF, 0x00, 0x1E, 0xF0, 0x01, 0xEF, 0x00, 0x1E, 0xF0,
    0x01, 0xEF, 0x40, 0x2E, 0x7C, 0x07, 0xD3, 0xFF, 0xF8, 0x0B, 0xFD, 0x00, 0x14, 0x02, 0x42, 0xD0, 0xB4, 0x0F, 0xFF,
    0x00, 0x2F, 0x80, 0x00, 0x00, 0x00, 0x00, 0x00, 0xF0, 0x01, 0xEF, 0x00, 0x1E, 0xF0, 0x01, 0xEF, 0x00, 0x1E, 0xF0,
    0x01, 0xEF, 0x00, 0x1E, 0xF0, 0x01, 0xEF, 0x00, 0x1E, 0xF0, 0x01, 0xEF, 0x40, 0x2E, 0x7C, 0x07, 0xC2, 0xFF, 0xF8,
    0x07, 0xFD, 0x00, 0x02, 0xF8, 0x00, 0xB0, 0xD0, 0x0E, 0x0E, 0x00, 0xB0, 0xD0, 0x02, 0xF8, 0x00, 0x00, 0x00, 0xF0,
    0x01, 0xEF, 0x00, 0x1E, 0xF0, 0x01, 0xEF, 0x00, 0x1E, 0xF0, 0x01, 0xEF, 0x00, 0x1E, 0xF0, 0x01, 0xEF, 0x00, 0x1E,
    0xF0, 0x01, 0xEF, 0x00, 0x1E, 0xF0, 0x01, 0xEF, 0x00, 0x1E, 0xF0, 0x01, 0xEF, 0x40, 0x2E, 0x7C, 0x07, 0xD3, 0xFF,
    0xF8, 0x0B, 0xFD, 0x00, 0x02, 0xF8, 0x00, 0xB0, 0xD0, 0x0E, 0x0E, 0x00, 0xB0, 0xD0, 0x02, 0xF8, 0x00, 0x00, 0x00,
    0xF0, 0x01, 0xEF, 0x00, 0x1E, 0xF0, 0x01, 0xEF, 0x00, 0x1E, 0xF0, 0x01, 0xEF, 0x00, 0x1E, 0xF0, 0x01, 0xEF, 0x00,
    0x1E, 0xF0, 0x01, 0xEF, 0x40, 0x2E, 0x7C, 0x07, 0xC2, 0xFF, 0xF8, 0x07, 0xFD, 0x00, 0x02, 0xE1, 0xE0, 0x1E, 0x1F,
    0x00, 0xF0, 0xF0, 0x00, 0x00, 0x00, 0x00, 0x00, 0x03, 0xC0, 0x07, 0x8F, 0x00, 0x1E, 0x3C, 0x00, 0x78, 0xF0, 0x01,
    0xE3, 0xC0, 0x07, 0x8F, 0x00, 0x1E, 0x3C, 0x00, 0x78, 0xF0, 0x01, 0xE3, 0xC0, 0x07, 0x8F, 0x00, 0x1E, 0x3C, 0x00,
    0x78, 0xF0, 0x01, 0xE3, 0xC0, 0x07, 0x8F, 0x40, 0x2E, 0x1F, 0x01, 0xF4, 0x3F, 0xFF, 0x80, 0x2F, 0xF4, 0x00, 0x02,
    0xE1, 0xE0, 0x1E, 0x1F, 0x00, 0xF0, 0xF0, 0x00, 0x00, 0x00, 0x00, 0x00, 0x03, 0xC0, 0x07, 0x8F, 0x00, 0x1E, 0x3C,
    0x00, 0x78, 0xF0, 0x01, 0xE3, 0xC0, 0x07, 0x8F, 0x00, 0x1E, 0x3C, 0x00, 0x78, 0xF0, 0x01, 0xE3, 0xC0, 0x07, 0x8F,
    0x40, 0x2E, 0x1F, 0x01, 0xF0, 0x2F, 0xFF, 0x80, 0x1F, 0xF4, 0x00, 0xF0, 0x01, 0xEF, 0x00, 0x1E, 0xF0, 0x01, 0xEF,
    0x00, 0x1E, 0xF0, 0x01, 0xEF, 0x00, 0x1E, 0xF0, 0x01, 0xEF, 0x00, 0x1E, 0xF0, 0x01, 0xEF, 0x00, 0x1E, 0xF0, 0x01,
    0xEF, 0x00, 0x1E, 0xF0, 0x01, 0xEF, 0x40, 0x2E, 0x7C, 0x07, 0xC3, 0xFF, 0xF8, 0x07, 0xFD, 0x00, 0x03, 0x40, 0x00,
    0xF0, 0x00, 0x0F, 0x00, 0x00, 0xFF, 0x80, 0x02, 0xF4, 0xF0, 0x01, 0xEF, 0x00, 0x1E, 0xF0, 0x01, 0xEF, 0x00, 0x1E,
    0xF0, 0x01, 0xEF, 0x00, 0x1E, 0xF0, 0x01, 0xEF, 0x00, 0x1E, 0xF0, 0x01, 0xEF, 0x40, 0x2E, 0x7C, 0x07, 0xC3, 0xFF,
    0xF4, 0x07, 0xFD, 0x00, 0x07, 0x40, 0x00, 0xF0, 0x00, 0x0F, 0x00, 0x00, 0xBF, 0x40, 0x00, 0x50, 0x00, 0x09, 0x00,
    0x00, 0x03, 0xF8, 0x00, 0x00, 0xFA, 0xE0, 0x00, 0x3E, 0x0B, 0x80, 0x00, 0x00, 0x00, 0x00, 0x00, 0x00, 0x00, 0x74,
    0x0F, 0x02, 0xD7, 0x81, 0xF4, 0x2C, 0x78, 0x1F, 0x43, 0xC3, 0x82, 0xF8, 0x3C, 0x3C, 0x3B, 0x83, 0xC3, 0xC3, 0xA8,
    0x38, 0x3C, 0x36, 0xC3, 0x82, 0xC3, 0x5C, 0x74, 0x2D, 0x71, 0xC7, 0x41, 0xD7, 0x0C, 0xB0, 0x1D, 0xB0, 0xDB, 0x00,
    0xEB, 0x0D, 0xB0, 0x0E, 0xE0, 0xEF, 0x00, 0xFE, 0x0A, 0xE0, 0x0F, 0xD0, 0xBE, 0x00, 0xBD, 0x07, 0xD0, 0x0B, 0xC0,
    0x7D, 0x00, 0x00, 0x09, 0x00, 0x00, 0x03, 0xF8, 0x00, 0x00, 0xFA, 0xE0, 0x00, 0x3E, 0x0B, 0x80, 0x00, 0x00, 0x00,
    0x00, 0x00, 0x00, 0x00, 0x38, 0x0F, 0x02, 0xC3, 0x81, 0xF0, 0x3C, 0x3C, 0x2F, 0x43, 0x82, 0xC2, 0xB8, 0x38, 0x2C,
    0x3A, 0x87, 0x41, 0xD3, 0x6C, 0x70, 0x1D, 0x71, 0xCB, 0x00, 0xE7, 0x0C, 0xB0, 0x0E, 0xB0, 0xDE, 0x00, 0xFE, 0x0E,
    0xE0, 0x0B, 0xD0, 0xFD, 0x00, 0x7D, 0x0B, 0xC0, 0x07, 0xC0, 0x7C, 0x00, 0x00, 0x09, 0x00, 0x00, 0x0F, 0xE0, 0x00,
    0x0F, 0xAE, 0x00, 0x0F, 0x82, 0xE0, 0x00, 0x00, 0x00, 0x00, 0x00, 0x00, 0x03, 0xC0, 0x00, 0x7C, 0x78, 0x00, 0x3D,
    0x0F, 0x00, 0x1F, 0x02, 0xE0, 0x0F, 0x40, 0x3C, 0x03, 0xC0, 0x0B, 0x82, 0xD0, 0x00, 0xF0, 0xF0, 0x00, 0x2D, 0xB4,
    0x00, 0x03, 0xFC, 0x00, 0x00, 0xBD, 0x00, 0x00, 0x0F, 0x00, 0x00, 0x03, 0xC0, 0x00, 0x00, 0xF0, 0x00, 0x00, 0x3C,
    0x00, 0x00, 0x0F, 0x00, 0x00, 0x03, 0xC0, 0x00, 0x00, 0xF0, 0x00, 0x00, 0x24, 0x00, 0x00, 0xFE, 0x00, 0x03, 0xEB,
    0x80, 0x0F, 0x82, 0xE0, 0x00, 0x00, 0x00, 0x00, 0x00, 0x00, 0xB8, 0x00, 0x3D, 0x3C, 0x00, 0x3C, 0x3D, 0x00, 0xB8,
    0x1F, 0x00, 0xF4, 0x0F, 0x00, 0xF0, 0x0B, 0x82, 0xE0, 0x03, 0xC3, 0xC0, 0x03, 0xD3, 0xC0, 0x01, 0xEB, 0x40, 0x00,
    0xFF, 0x00, 0x00, 0xBE, 0x00, 0x00, 0x7D, 0x00, 0x00, 0x3C, 0x00, 0x00, 0xB8, 0x00, 0x00, 0xF0, 0x00, 0x01, 0xF0,
    0x00, 0x02, 0xD0, 0x00, 0x02, 0xD0, 0xB4, 0x00, 0xFC, 0x3F, 0x00, 0x2D, 0x0B, 0x80, 0x00, 0x00, 0x00, 0x00, 0x00,
    0x00, 0x0F, 0x00, 0x01, 0xF1, 0xE0, 0x00, 0xF4, 0x3C, 0x00, 0x7C, 0x0B, 0x80, 0x3D, 0x00, 0xF0, 0x0F, 0x00, 0x2E,
    0x0B, 0x40, 0x03, 0xC3, 0xC0, 0x00, 0xB6, 0xD0, 0x00, 0x0F, 0xF0, 0x00, 0x02, 0xF4, 0x00, 0x00, 0x3C, 0x00, 0x00,
    0x0F, 0x00, 0x00, 0x03, 0xC0, 0x00, 0x00, 0xF0, 0x00, 0x00, 0x3C, 0x00, 0x00, 0x0F, 0x00, 0x00, 0x03, 0xC0, 0x00,
    0x00, 0x02, 0x40, 0x00, 0x2E, 0x00, 0x01, 0xF0, 0x00, 0x0F, 0x00, 0x00, 0x00, 0x00, 0x00, 0x00, 0x03, 0xFF, 0xFF,
    0x8F, 0xFF, 0xFE, 0x00, 0x00, 0xF4, 0x00, 0x07, 0xC0, 0x00, 0x3D, 0x00, 0x02, 0xE0, 0x00, 0x0F, 0x00, 0x00, 0xB8,
    0x00, 0x07, 0xC0, 0x00, 0x3D, 0x00, 0x01, 0xF0, 0x00, 0x0F, 0x00, 0x00, 0xB8, 0x00, 0x03, 0xC0, 0x00, 0x3D, 0x00,
    0x00, 0xFF, 0xFF, 0xE3, 0xFF, 0xFF, 0xC0, 0x00, 0x09, 0x00, 0x02, 0xE0, 0x00, 0x7C, 0x00, 0x0F, 0x00, 0x00, 0x00,
    0x00, 0x00, 0x00, 0xFF, 0xFF, 0xDB, 0xFF, 0xFD, 0x00, 0x07, 0xC0, 0x00, 0xF4, 0x00, 0x3E, 0x00, 0x0B, 0x80, 0x01,
    0xF0, 0x00, 0x7C, 0x00, 0x0F, 0x40, 0x03, 0xE0, 0x00, 0xB8, 0x00, 0x0F, 0xFF, 0xFE, 0xFF, 0xFF, 0xE0, 0x00, 0x7C,
    0x00, 0x02, 0xF4, 0x00, 0x07, 0xC0, 0x00, 0x00, 0x00, 0x00, 0x00, 0x00, 0xFF, 0xFF, 0xE3, 0xFF, 0xFF, 0x80, 0x00,
    0x3D, 0x00, 0x01, 0xF0, 0x00, 0x0F, 0x40, 0x00, 0xB8, 0x00, 0x03, 0xC0, 0x00, 0x2E, 0x00, 0x01, 0xF0, 0x00, 0x0F,
    0x40, 0x00, 0x7C, 0x00, 0x03, 0xC0, 0x00, 0x2E, 0x00, 0x00, 0xF0, 0x00, 0x0F, 0x40, 0x00, 0x3F, 0xFF, 0xF8, 0xFF,
    0xFF, 0xF0, 0x01, 0xF0, 0x00, 0x2F, 0x40, 0x01, 0xF0, 0x00, 0x00, 0x00, 0x00, 0x00, 0x0F, 0xFF, 0xFD, 0xBF, 0xFF,
    0xD0, 0x00, 0x7C, 0x00, 0x0F, 0x40, 0x03, 0xE0, 0x00, 0xB8, 0x00, 0x1F, 0x00, 0x07, 0xC0, 0x00, 0xF4, 0x00, 0x3E,
    0x00, 0x0B, 0x80, 0x00, 0xFF, 0xFF, 0xEF, 0xFF, 0xFE, 0x06, 0x01, 0x90, 0x1F, 0x0F, 0x00, 0x1F, 0xF4, 0x00, 0x2F,
    0x40, 0x00, 0x00, 0x00, 0x00, 0x00, 0x03, 0xFF, 0xFF, 0x8F, 0xFF, 0xFE, 0x00, 0x00, 0xF4, 0x00, 0x07, 0xC0, 0x00,
    0x3D, 0x00, 0x02, 0xE0, 0x00, 0x0F, 0x00, 0x00, 0xB8, 0x00, 0x07, 0xC0, 0x00, 0x3D, 0x00, 0x01, 0xF0, 0x00, 0x0F,
    0x00, 0x00, 0xB8, 0x00, 0x03, 0xC0, 0x00, 0x3D, 0x00, 0x00, 0xFF, 0xFF, 0xE3, 0xFF, 0xFF, 0xC0, 0x18, 0x06, 0x41,
    0xF0, 0xF0, 0x07, 0xFD, 0x00, 0x2F, 0x40, 0x00, 0x00, 0x00, 0x00, 0x00, 0xFF, 0xFF, 0xDB, 0xFF, 0xFD, 0x00, 0x07,
    0xC0, 0x00, 0xF4, 0x00, 0x3E, 0x00, 0x0B, 0x80, 0x01, 0xF0, 0x00, 0x7C, 0x00, 0x0F, 0x40, 0x03, 0xE0, 0x00, 0xB8,
    0x00, 0x0F, 0xFF, 0xFE, 0xFF, 0xFF, 0xE0, 0x07, 0xFF, 0x8B, 0xFF, 0xE3, 0xD0, 0x00, 0xF0, 0x00, 0x3C, 0x00, 0x0F,
    0x00, 0x03, 0xC0, 0x00, 0xF0, 0x00, 0x3C, 0x00, 0x0F, 0x00, 0x03, 0xC0, 0x00, 0xF0, 0x00, 0x3C, 0x00, 0x0F, 0x00,
    0x03, 0xC0, 0x00, 0xF0, 0x00, 0x3C, 0x00, 0x00, 0x0B, 0xFD, 0x03, 0xFF, 0xF8, 0xBC, 0x07, 0xDF, 0x40, 0x2E, 0x60,
    0x01, 0xE0, 0x00, 0x1E, 0x00, 0x01, 0xEF, 0xFF, 0xFE, 0xFF, 0xFF, 0xEF, 0x00, 0x1E, 0xF0, 0x01, 0xEF, 0x00, 0x1E,
    0xF0, 0x01, 0xEB, 0x40, 0x2E, 0x7C, 0x07, 0xC2, 0xFF, 0xF8, 0x07, 0xFD, 0x00, 0x01, 0xFF, 0x40, 0x0F, 0xFF, 0xF0,
    0x2F, 0x00, 0xF8, 0x3D, 0x00, 0x3C, 0x3C, 0x00, 0x28, 0x2D, 0x00, 0x00, 0x0F, 0x40, 0x00, 0x02, 0xFF, 0x00, 0x0B,
    0xFF, 0x00, 0x2F, 0x00, 0x00, 0x3C, 0x00, 0x00, 0x78, 0x00, 0x00, 0x78, 0x00, 0x1D, 0x7C, 0x00, 0x3D, 0x3F, 0x00,
    0xBC, 0x0F, 0xFF, 0xF0, 0x01, 0xFF, 0x80, 0x00, 0x07, 0xFF, 0x40, 0x07, 0xFF, 0xD0, 0x03, 0xD0, 0x00, 0x00, 0xF0,
    0x00, 0x00, 0x3C, 0x00, 0x00, 0x0F, 0x00, 0x00, 0x03, 0xC0, 0x00, 0x00, 0xF0, 0x00, 0x2F, 0xFF, 0xFF, 0x4B, 0xFF,
    0xFF, 0xD0, 0x03, 0xC0, 0x00, 0x00, 0xF0, 0x00, 0x00, 0x3C, 0x00, 0x00, 0x0F, 0x00, 0x00, 0x03, 0xC0, 0x00, 0x00,
    0xF0, 0x00, 0x00, 0x3C, 0x00, 0x00, 0x0F, 0x00, 0x00, 0x0B, 0x80, 0x03, 0xFF, 0xC0, 0x00, 0xFF, 0x80, 0x00, 0x00,
    0x00, 0x00, 0x00, 0x02, 0xE0, 0xB0, 0x01, 0xFB, 0xE0, 0x00, 0xFF, 0x40, 0x07, 0xF8, 0x00, 0x3F, 0xBC, 0x00, 0x34,
    0xBD, 0x00, 0x00, 0xFE, 0x00, 0x01, 0xEF, 0x00, 0x02, 0xDB, 0x40, 0x03, 0xC7, 0xC0, 0x07, 0x83, 0xC0, 0x0F, 0x42,
    0xE0, 0x0F, 0x00, 0xF0, 0x2E, 0x00, 0xF4, 0x3D, 0x00, 0x78, 0x7C, 0x00, 0x3C, 0xB8, 0x00, 0x2D, 0x00, 0x00, 0xB0,
    0x00, 0x02, 0xC0, 0x7F, 0xDB, 0x0F, 0xFF, 0xFC, 0x7C, 0x07, 0xC3, 0xD0, 0x0B, 0x8F, 0x00, 0x1E, 0x3C, 0x00, 0x7C,
    0xF0, 0x01, 0xF3, 0xC0, 0x07, 0xCF, 0x00, 0x1F, 0x3C, 0x00, 0x7C, 0xF0, 0x01, 0xF3, 0xC0, 0x07, 0xCF, 0x00, 0x1E,
    0x3D, 0x00, 0xB8, 0x7C, 0x07, 0xD0, 0xFF, 0xFE, 0x00, 0x7F, 0xD0, 0x00, 0x00, 0x00, 0x1D, 0x00, 0x00, 0x1D, 0x01,
    0xFF, 0xFD, 0x0F, 0xFF, 0xF8, 0x2F, 0x01, 0xF4, 0x3D, 0x00, 0x78, 0x3C, 0x00, 0x7C, 0x3C, 0x00, 0x3C, 0x3C, 0x00,
    0x3C, 0x3C, 0x00, 0x3C, 0x3C, 0x00, 0x7C, 0x3D, 0x00, 0x78, 0x2F, 0x01, 0xF4, 0x0F, 0xFF, 0xE0, 0x01, 0xFF, 0x40,
    0x00, 0x00, 0x09, 0x00, 0x00, 0x0E, 0x00, 0x00, 0x0E, 0xF0, 0x01, 0xFD, 0xF0, 0x01, 0xF4, 0xF0, 0x01, 0xE0, 0xF0,
    0x01, 0xE0, 0xF0, 0x01, 0xE0, 0xF0, 0x01, 0xE0, 0xF0, 0x01, 0xE0, 0xF0, 0x01, 0xE0, 0xF0, 0x01, 0xE0, 0xF0, 0x01,
    0xE0, 0xF0, 0x01, 0xE0, 0xF0, 0x01, 0xE0, 0xF0, 0x01, 0xE0, 0xF4, 0x02, 0xE0, 0x7C, 0x07, 0xD0, 0x3F, 0xFF, 0x80,
    0x0B, 0xFD, 0x00, 0x00, 0x00, 0x05, 0x00, 0x00, 0x0F, 0x00, 0x00, 0x0F, 0xF0, 0x01, 0xFE, 0xF0, 0x01, 0xF8, 0xF0,
    0x01, 0xE0, 0xF0, 0x01, 0xE0, 0xF0, 0x01, 0xE0, 0xF0, 0x01, 0xE0, 0xF0, 0x01, 0xE0, 0xF0, 0x01, 0xE0, 0xF0, 0x01,
    0xE0, 0xF4, 0x02, 0xE0, 0x7C, 0x07, 0xD0, 0x2F, 0xFF, 0x80, 0x07, 0xFD, 0x00, 0x06, 0x01, 0x90, 0x07, 0xC3, 0xC0,
    0x01, 0xFF, 0x40, 0x00, 0xBD, 0x00, 0x00, 0x00, 0x00, 0x00, 0x00, 0x00, 0x00, 0xBD, 0x00, 0x00, 0xFE, 0x00, 0x00,
    0xFF, 0x00, 0x01, 0xEF, 0x00, 0x02, 0xDB, 0x40, 0x03, 0xC7, 0x80, 0x03, 0xC3, 0xC0, 0x07, 0x83, 0xC0, 0x0B, 0x42,
    0xD0, 0x0F, 0x01, 0xE0, 0x0F, 0x00, 0xF0, 0x1F, 0xFF, 0xF0, 0x2F, 0xFF, 0xF8, 0x3C, 0x00, 0x7C, 0x3C, 0x00, 0x3C,
    0x78, 0x00, 0x3D, 0xB4, 0x00, 0x2E, 0x06, 0x00, 0x90, 0x1F, 0x0F, 0x40, 0x1F, 0xF4, 0x00, 0x1F, 0x40, 0x00, 0x00,
    0x00, 0x00, 0x00, 0x00, 0x2F, 0xF4, 0x03, 0xFF, 0xFC, 0x2E, 0x00, 0xF4, 0x50, 0x01, 0xE0, 0x00, 0x07, 0x81, 0xFF,
    0xFE, 0x2F, 0xFF, 0xF8, 0xF4, 0x01, 0xE7, 0x80, 0x07, 0x9F, 0x00, 0x2E, 0x3D, 0x01, 0xF8, 0xBF, 0xFE, 0xE0, 0x7F,
    0x87, 0x80, 0x06, 0x40, 0x50, 0x03, 0xD3, 0xD0, 0x00, 0xFF, 0x80, 0x00, 0x3E, 0x00, 0x00, 0x00, 0x00, 0x00, 0x00,
    0x00, 0x2F, 0xFE, 0x00, 0x1F, 0xFE, 0x00, 0x00, 0x2E, 0x00, 0x00, 0x2E, 0x00, 0x00, 0x2E, 0x00, 0x00, 0x2E, 0x00,
    0x00, 0x2E, 0x00, 0x00, 0x2E, 0x00, 0x00, 0x2E, 0x00, 0x00, 0x2E, 0x00, 0x00, 0x2E, 0x00, 0x3F, 0xFF, 0xFE, 0x3F,
    0xFF, 0xFF, 0x06, 0x01, 0x90, 0x1F, 0x0F, 0x00, 0x1F, 0xF4, 0x00, 0x2F, 0x40, 0x00, 0x00, 0x00, 0x00, 0x00, 0x00,
    0x1F, 0xF4, 0x03, 0xFF, 0xF8, 0x2F, 0x01, 0xF4, 0xF4, 0x01, 0xE3, 0xC0, 0x07, 0xCF, 0x00, 0x0F, 0x3C, 0x00, 0x3C,
    0xF0, 0x00, 0xF3, 0xC0, 0x07, 0xCF, 0x40, 0x1E, 0x2F, 0x01, 0xF4, 0x3F, 0xFF, 0x80, 0x1F, 0xF4, 0x00, 0x18, 0x06,
    0x41, 0xF0, 0xF0, 0x07, 0xFD, 0x00, 0x2F, 0x40, 0x00, 0x00, 0x00, 0x00, 0x00, 0xF0, 0x01, 0xEF, 0x00, 0x1E, 0xF0,
    0x01, 0xEF, 0x00, 0x1E, 0xF0, 0x01, 0xEF, 0x00, 0x1E, 0xF0, 0x01, 0xEF, 0x00, 0x1E, 0xF0, 0x01, 0xEF, 0x40, 0x2E,
    0x7C, 0x07, 0xC2, 0xFF, 0xF8, 0x07, 0xFD, 0x00, 0x2F, 0xFF, 0x43, 0xFF, 0xF8, 0x00, 0x00, 0x00, 0x00, 0x00, 0x00,
    0x00, 0x02, 0xD0, 0xB4, 0x3F, 0x0F, 0xC2, 0xD0, 0xB8, 0x00, 0x00, 0x00, 0x00, 0x00, 0xF0, 0x01, 0xEF, 0x00, 0x1E,
    0xF0, 0x01, 0xEF, 0x00, 0x1E, 0xF0, 0x01, 0xEF, 0x00, 0x1E, 0xF0, 0x01, 0xEF, 0x00, 0x1E, 0xF0, 0x01, 0xEF, 0x40,
    0x2E, 0x7C, 0x07, 0xC2, 0xFF, 0xF8, 0x07, 0xFD, 0x00, 0x00, 0x09, 0x00, 0x02, 0xE0, 0x00, 0x7C, 0x00, 0x0F, 0x00,
    0x00, 0x00, 0x00, 0x00, 0x00, 0x2D, 0x0B, 0x43, 0xF0, 0xFC, 0x2D, 0x0B, 0x80, 0x00, 0x00, 0x00, 0x00, 0x0F, 0x00,
    0x1E, 0xF0, 0x01, 0xEF, 0x00, 0x1E, 0xF0, 0x01, 0xEF, 0x00, 0x1E, 0xF0, 0x01, 0xEF, 0x00, 0x1E, 0xF0, 0x01, 0xEF,
    0x00, 0x1E, 0xF4, 0x02, 0xE7, 0xC0, 0x7C, 0x2F, 0xFF, 0x80, 0x7F, 0xD0, 0x18, 0x06, 0x41, 0xF0, 0xF0, 0x07, 0xFD,
    0x00, 0x2F, 0x40, 0x00, 0x00, 0x00, 0x00, 0x00, 0x2D, 0x0B, 0x43, 0xF0, 0xFC, 0x2D, 0x0B, 0x80, 0x00, 0x00, 0x00,
    0x00, 0x0F, 0x00, 0x1E, 0xF0, 0x01, 0xEF, 0x00, 0x1E, 0xF0, 0x01, 0xEF, 0x00, 0x1E, 0xF0, 0x01, 0xEF, 0x00, 0x1E,
    0xF0, 0x01, 0xEF, 0x00, 0x1E, 0xF4, 0x02, 0xE7, 0xC0, 0x7C, 0x2F, 0xFF, 0x80, 0x7F, 0xD0, 0x09, 0x00, 0x00, 0xB8,
    0x00, 0x03, 0xC0, 0x00, 0x1F, 0x00, 0x00, 0x00, 0x00, 0x00, 0x00, 0x2D, 0x0B, 0x43, 0xF0, 0xFC, 0x2D, 0x0B, 0x80,
    0x00, 0x00, 0x00, 0x00, 0x0F, 0x00, 0x1E, 0xF0, 0x01, 0xEF, 0x00, 0x1E, 0xF0, 0x01, 0xEF, 0x00, 0x1E, 0xF0, 0x01,
    0xEF, 0x00, 0x1E, 0xF0, 0x01, 0xEF, 0x00, 0x1E, 0xF4, 0x02, 0xE7, 0xC0, 0x7C, 0x2F, 0xFF, 0x80, 0x7F, 0xD0, 0x18,
    0x06, 0x41, 0xF0, 0xF0, 0x07, 0xFD, 0x00, 0x2F, 0x40, 0x00, 0x00, 0x00, 0x00, 0x00, 0x07, 0xFD, 0x03, 0xFF, 0xF8,
    0x7C, 0x03, 0xDF, 0x40, 0x1F, 0xF0, 0x00, 0xAF, 0x00, 0x00, 0xF0, 0x00, 0x0F, 0x00, 0x00, 0xF0, 0xBF, 0xFF, 0x07,
    0xFF, 0xF0, 0x00, 0xFF, 0x00, 0x0F, 0xF0, 0x00, 0xFF, 0x40, 0x1E, 0x7C, 0x07, 0xD3, 0xFF, 0xF8, 0x07, 0xFD, 0x00,
    0x14, 0x06, 0x41, 0xF1, 0xF0, 0x07, 0xFC, 0x00, 0x2F, 0x40, 0x00, 0x00, 0x00, 0x00, 0x00, 0x0B, 0xF5, 0xE3, 0xFF,
    0xEE, 0xBC, 0x07, 0xEF, 0x40, 0x2E, 0xF0, 0x01, 0xEF, 0x00, 0x1E, 0xF0, 0x01, 0xEF, 0x00, 0x1E, 0xF4, 0x02, 0xEB,
    0xC0, 0x7E, 0x3F, 0xFE, 0xE0, 0xBF, 0x5E, 0x00, 0x01, 0xE0, 0x00, 0x2E, 0x00, 0x03, 0xD1, 0xFF, 0xFC, 0x1F, 0xFE,
    0x00, 0x0B, 0xFD, 0x03, 0xFF, 0xF8, 0xBC, 0x07, 0xDF, 0x40, 0x2E, 0xF0, 0x01, 0xFF, 0x00, 0x1F, 0xF0, 0x01, 0xFF,
    0x00, 0x1F, 0xF0, 0x01, 0xFF, 0x00, 0x1F, 0xF0, 0x01, 0xFF, 0x00, 0x1F, 0xF0, 0x01, 0xFF, 0x40, 0x2E, 0xBC, 0x07,
    0xD3, 0xFF, 0xF8, 0x0B, 0xFE, 0x00, 0x03, 0x40, 0x00, 0xF0, 0x00, 0x0F, 0x00, 0x00, 0xFF, 0x80, 0x02, 0xF4, 0x07,
    0xFD, 0x03, 0xFF, 0xF8, 0x7C, 0x07, 0xDF, 0x40, 0x2E, 0xF0, 0x01, 0xFF, 0x00, 0x1F, 0xF0, 0x01, 0xFF, 0x00, 0x1F,
    0xF0, 0x01, 0xEF, 0x40, 0x2E, 0x7C, 0x07, 0xD3, 0xFF, 0xF8, 0x0B, 0xFD, 0x00, 0x07, 0x40, 0x00, 0xF0, 0x00, 0x0F,
    0x00, 0x00, 0xFF, 0x40, 0x02, 0xF4, 0x00, 0x09, 0x00, 0x02, 0xE0, 0x00, 0x7C, 0x00, 0x0F, 0x00, 0x00, 0x00, 0x00,
    0x00, 0x00, 0x07, 0xFD, 0x03, 0xFF, 0xF8, 0x7C, 0x03, 0xDF, 0x40, 0x1F, 0xF0, 0x00, 0xAF, 0x00, 0x00, 0xF0, 0x00,
    0x0F, 0x00, 0x00, 0xF0, 0xBF, 0xFF, 0x07, 0xFF, 0xF0, 0x00, 0xFF, 0x00, 0x0F, 0xF0, 0x00, 0xFF, 0x40, 0x1E, 0x7C,
    0x07, 0xD3, 0xFF, 0xF8, 0x07, 0xFD, 0x00, 0x00, 0x09, 0x00, 0x03, 0xD0, 0x00, 0x78, 0x00, 0x0F, 0x00, 0x00, 0x00,
    0x00, 0x00, 0x00, 0x0B, 0xF5, 0xE3, 0xFF, 0xEE, 0xBC, 0x07, 0xEF, 0x40, 0x2E, 0xF0, 0x01, 0xEF, 0x00, 0x1E, 0xF0,
    0x01, 0xEF, 0x00, 0x1E, 0xF4, 0x02, 0xEB, 0xC0, 0x7E, 0x3F, 0xFE, 0xE0, 0xBF, 0x5E, 0x00, 0x01, 0xE0, 0x00, 0x2E,
    0x00, 0x03, 0xD1, 0xFF, 0xFC, 0x1F, 0xFE, 0x00, 0x00, 0x00, 0x90, 0x00, 0x00, 0x2E, 0x00, 0x00, 0x07, 0xC0, 0x00,
    0x00, 0xF0, 0x00, 0x00, 0x00, 0x00, 0x00, 0x00, 0x00, 0x00, 0x00, 0xFF, 0xFF, 0xC0, 0x1F, 0xFF, 0xFC, 0x01, 0xE3,
    0xC0, 0x00, 0x2D, 0x3C, 0x00, 0x03, 0xC3, 0xC0, 0x00, 0x3C, 0x3C, 0x00, 0x07, 0x83, 0xC0, 0x00, 0x78, 0x3F, 0xF4,
    0x0B, 0x43, 0xFF, 0x80, 0xF0, 0x3C, 0x00, 0x0F, 0xFF, 0xC0, 0x00, 0xFF, 0xFC, 0x00, 0x1E, 0x03, 0xC0, 0x02, 0xD0,
    0x3C, 0x00, 0x3C, 0x03, 0xC0, 0x03, 0xC0, 0x3F, 0xFC, 0x3C, 0x03, 0xFF, 0xC0, 0x00, 0x00, 0x90, 0x00, 0x00, 0xB8,
    0x00, 0x00, 0x7C, 0x00, 0x00, 0x3C, 0x00, 0x00, 0x00, 0x00, 0x00, 0x00, 0x00, 0x00, 0x7E, 0x0B, 0xD0, 0x7F, 0xFF,
    0xFD, 0x3C, 0x0F, 0x03, 0xC0, 0x03, 0xC0, 0xF0, 0x00, 0xF0, 0x3C, 0x1F, 0xFF, 0xFF, 0x1F, 0xFF, 0xFF, 0xCF, 0x43,
    0xC0, 0x03, 0x80, 0xF0, 0x00, 0xE0, 0x3C, 0x05, 0x3C, 0x1F, 0x03, 0xCB, 0xFE, 0xFF, 0xD0, 0xBE, 0x0B, 0xD0, 0x00,
    0x00, 0x90, 0x00, 0x00, 0xB8, 0x00, 0x00, 0x7C, 0x00, 0x00, 0x3C, 0x00, 0x00, 0x00, 0x00, 0x00, 0x00, 0x00, 0x00,
    0x0B, 0xFD, 0x78, 0x0F, 0xFF, 0xFC, 0x0B, 0xC0, 0x7E, 0x03, 0xD0, 0x0F, 0x80, 0xF0, 0x0B, 0xF0, 0x3C, 0x03, 0xFC,
    0x0F, 0x03, 0xDF, 0x03, 0xC1, 0xE7, 0xC0, 0xF0, 0xF1, 0xF0, 0x3C, 0x74, 0x7C, 0x0F, 0x3C, 0x1F, 0x03, 0xED, 0x07,
    0xC0, 0xFE, 0x01, 0xF0, 0x3F, 0x00, 0xB8, 0x0B, 0xC0, 0x7D, 0x03, 0xFF, 0xFE, 0x02, 0xD7, 0xFD, 0x00, 0x50, 0x00,
    0x00, 0x00, 0x00, 0x90, 0x00, 0x00, 0xB8, 0x00, 0x00, 0x7C, 0x00, 0x00, 0x3C, 0x00, 0x00, 0x00, 0x00, 0x00, 0x00,
    0x01, 0xE0, 0x07, 0xFD, 0xF0, 0x0F, 0xFF, 0xF4, 0x07, 0xC0, 0xBC, 0x03, 0xD0, 0x3F, 0x80, 0xF0, 0x2E, 0xE0, 0x3C,
    0x1E, 0x3C, 0x0F, 0x0F, 0x0F, 0x03, 0xCF, 0x03, 0xC0, 0xFB, 0x40, 0xF0, 0x3F, 0x80, 0x78, 0x07, 0xD0, 0x7D, 0x03,
    0xFF, 0xFE, 0x02, 0xE7, 0xFD, 0x00, 0x50, 0x00, 0x00, 0x01, 0xFE, 0x40, 0x0F, 0xFF, 0xE0, 0x2F, 0x01, 0xF0, 0x3D,
    0x00, 0xB8, 0x3C, 0x00, 0x14, 0x3D, 0x00, 0x00, 0x1F, 0x40, 0x00, 0x0B, 0xF9, 0x00, 0x01, 0xFF, 0xD0, 0x00, 0x06,
    0xF4, 0x00, 0x00, 0x7C, 0x00, 0x00, 0x3C, 0x38, 0x00, 0x3C, 0x3C, 0x00, 0x3C, 0x3F, 0x00, 0xF8, 0x0F, 0xFF, 0xF0,
    0x02, 0xFF, 0x40, 0x00, 0x00, 0x00, 0x00, 0x00, 0x00, 0x00, 0x19, 0x00, 0x00, 0x3D, 0x00, 0x00, 0xB8, 0x00, 0x01,
    0xF0, 0x00, 0x02, 0xFF, 0x80, 0x7F, 0xFF, 0xC2, 0xE0, 0x0F, 0x4F, 0x00, 0x04, 0x2D, 0x00, 0x00, 0x7F, 0xA4, 0x00,
    0x7F, 0xFE, 0x00, 0x01, 0x7D, 0x00, 0x00, 0x78, 0xA0, 0x00, 0xF3, 0xE0, 0x0B, 0x87, 0xFF, 0xFC, 0x02, 0xFF, 0x80,
    0x00, 0x00, 0x00, 0x00, 0x00, 0x00, 0x06, 0x40, 0x00, 0x3D, 0x00, 0x02, 0xE0, 0x00, 0x1F, 0x00, 0x00, 0xBF, 0xFF,
    0xFE, 0xBF, 0xFF, 0xFD, 0x00, 0x3C, 0x00, 0x00, 0x3C, 0x00, 0x00, 0x3C, 0x00, 0x00, 0x3C, 0x00, 0x00, 0x3C, 0x00,
    0x00, 0x3C, 0x00, 0x00, 0x3C, 0x00, 0x00, 0x3C, 0x00, 0x00, 0x3C, 0x00, 0x00, 0x3C, 0x00, 0x00, 0x3C, 0x00, 0x00,
    0x3C, 0x00, 0x00, 0x3C, 0x00, 0x00, 0x3C, 0x00, 0x00, 0x3C, 0x00, 0x00, 0x00, 0x00, 0x00, 0x00, 0x00, 0x00, 0x19,
    0x00, 0x00, 0x3D, 0x00, 0x00, 0xB8, 0x00, 0x01, 0xF0, 0x00, 0x00, 0x90, 0x00, 0x07, 0xC0, 0x00, 0x1F, 0x00, 0x00,
    0x7C, 0x00, 0xFF, 0xFF, 0xFF, 0xFF, 0xFF, 0xF0, 0x1F, 0x00, 0x00, 0x7C, 0x00, 0x01, 0xF0, 0x00, 0x07, 0xC0, 0x00,
    0x1F, 0x00, 0x00, 0x7C, 0x00, 0x01, 0xF0, 0x00, 0x07, 0xC0, 0x00, 0x0F, 0x00, 0x00, 0x2F, 0xFF, 0x00, 0x2F, 0xFC,
    0x00, 0x00, 0x00, 0x00, 0x00, 0x00, 0x00, 0xA0, 0x00, 0x0B, 0x80, 0x00, 0x7C, 0x00, 0x03, 0xD0, 0x00, 0x02, 0xFF,
    0xF4, 0x00, 0xFF, 0xFE, 0x00, 0x00, 0x00, 0x00, 0x00, 0x00, 0x00, 0x3C, 0x00, 0x07, 0xC7, 0x80, 0x03, 0xD0, 0xF0,
    0x01, 0xF0, 0x2E, 0x00, 0xF4, 0x03, 0xC0, 0x3C, 0x00, 0xB8, 0x2D, 0x00, 0x0F, 0x0F, 0x00, 0x02, 0xDB, 0x40, 0x00,
    0x3F, 0xC0, 0x00, 0x0B, 0xD0, 0x00, 0x00, 0xF0, 0x00, 0x00, 0x3C, 0x00, 0x00, 0x0F, 0x00, 0x00, 0x03, 0xC0, 0x00,
    0x00, 0xF0, 0x00, 0x00, 0x3C, 0x00, 0x00, 0x0F, 0x00, 0x00, 0x0B, 0xFF, 0xD0, 0x0F, 0xFF, 0xE0, 0x00, 0x00, 0x00,
    0x00, 0x00, 0x00, 0x00, 0x00, 0x00, 0xB8, 0x00, 0x3D, 0x3C, 0x00, 0x3C, 0x3D, 0x00, 0xB8, 0x1F, 0x00, 0xF4, 0x0F,
    0x00, 0xF0, 0x0B, 0x82, 0xE0, 0x03, 0xC3, 0xC0, 0x03, 0xD3, 0xC0, 0x01, 0xEB, 0x40, 0x00, 0xFF, 0x00, 0x00, 0xBE,
    0x00, 0x00, 0x7D, 0x00, 0x00, 0x3C, 0x00, 0x00, 0xB8, 0x00, 0x00, 0xF0, 0x00, 0x01, 0xF0, 0x00, 0x02, 0xD0, 0x00,
    0x3F, 0xFF, 0xCF, 0xFF, 0xF0, 0x00, 0x3C, 0x00, 0x0F, 0x00, 0x03, 0xC0, 0x00, 0xF0, 0x00, 0x3C, 0x00, 0x0F, 0x00,
    0x03, 0xC0, 0x00, 0xF0, 0x00, 0x3C, 0x00, 0x0F, 0x00, 0x03, 0xC0, 0x01, 0xF0, 0x01, 0xF4, 0xFF, 0xF8, 0x3F, 0xF4,
    0x00, 0x07, 0xFD, 0x03, 0xFF, 0xF8, 0xBC, 0x07, 0xC5, 0x00, 0x2E, 0x00, 0x01, 0xE0, 0x00, 0x1E, 0xFF, 0xFF, 0xEF,
    0xFF, 0xFE, 0xF0, 0x01, 0xEF, 0x40, 0x1E, 0x7C, 0x07, 0xC2, 0xFF, 0xF8, 0x07, 0xFD, 0x00, 0x18, 0x01, 0xF0, 0x0B,
    0x80, 0x3D, 0x02, 0x40, 0xB4, 0x1E, 0x03, 0xC0, 0x00, 0x60, 0x00, 0x2F, 0xC0, 0x0B, 0xAF, 0x02, 0xE0, 0xBC, 0x00,
    0x00, 0x3F, 0x0B, 0x77, 0xCE, 0xB0, 0xFC, 0x10, 0x00, 0x7F, 0xFE, 0xBF, 0xFF, 0x60, 0x05, 0x74, 0x1E, 0x3F, 0xFC,
    0x0B, 0xE0, 0x3D, 0x7E, 0x3D, 0x78, 0x1E, 0x3F, 0x0F, 0xCB, 0x81, 0xE0, 0xFE, 0x3F, 0xD0, 0xB4, 0x3C, 0x14, 0x00,
    0x2F, 0x87, 0x0E, 0xB0, 0xB7, 0x0E, 0x2F, 0x80, 0x07, 0xC3, 0xC0, 0xF0, 0xF0, 0x3C, 0x3C, 0x00, 0x18, 0x02, 0x40,
    0xF0, 0xF4, 0x07, 0xFD, 0x00, 0x1F, 0x80, 0x2D, 0x2E, 0x00, 0xF4, 0xB4, 0x03, 0xC3, 0xC0, 0x01, 0x42, 0xD0, 0xF0,
    0xB8, 0x3D, 0x2F, 0x00, 0x0F, 0x0F, 0x2E, 0x78, 0x3D, 0x7E, 0x3D, 0x2F, 0x87, 0x0E, 0xB0, 0xB7, 0x0E, 0x2F, 0x80,
    0x02, 0x40, 0xF4, 0x2F, 0x03, 0xC0, 0x0C, 0x02, 0xE4, 0x02, 0xD3, 0xFE, 0x3F, 0x80, 0x0A, 0x03, 0xC0, 0x74, 0x07,
    0x80, 0x3F, 0xC0, 0x14, 0x7F, 0xFF, 0xFF, 0xFE, 0x7F, 0xFF, 0xFF, 0xFE, 0x00, 0x00, 0x05, 0x00, 0x00, 0x0B, 0x40,
    0x00, 0x07, 0xC0, 0x00, 0x03, 0xC0, 0x00, 0x02, 0xD0, 0x00, 0x01, 0xE0, 0x00, 0x00, 0xF0, 0x00, 0x00, 0xF4, 0x00,
    0x00, 0x78, 0x00, 0x00, 0x3C, 0x00, 0x00, 0x3C, 0x00, 0x00, 0x2E, 0x00, 0x00, 0x1F, 0x00, 0x00, 0x0F, 0x00, 0x00,
    0x0B, 0x40, 0x00, 0x00, 0x00, 0x00, 0xD0, 0x00, 0x2C, 0x00, 0x03, 0x40, 0x00, 0x70, 0x00, 0x0E, 0x00, 0x00, 0xC0,
    0x00, 0x2C, 0x00, 0x03, 0x40, 0x00, 0x70, 0x00, 0x0E, 0x00, 0x00, 0xC0, 0x00, 0x2C, 0x00, 0x03, 0x40, 0x00, 0x70,
    0x00, 0x0E, 0x00, 0x01, 0xC0, 0x00, 0x2C, 0x00, 0x03, 0x40, 0x00, 0x07, 0xD0, 0xFC, 0x0F, 0x81, 0xF0, 0x2E, 0x03,
    0xD0, 0x3C, 0x00, 0x0F, 0x43, 0xC1, 0xF0, 0xBC, 0x2E, 0x0F, 0x43, 0xC0, 0x2F, 0x4F, 0xF2, 0xF4, 0x00, 0x00, 0x00,
    0x00, 0x00, 0x00, 0x00, 0x00, 0x00, 0xF4, 0x7C, 0x1F, 0x0B, 0x83, 0xD0, 0xF0, 0x3C, 0x00, 0x01, 0x80, 0x7C, 0x0F,
    0x03, 0xD0, 0x00, 0x2D, 0x00, 0x0E, 0x00, 0x0B, 0x00, 0xB4, 0x2E, 0x3F, 0x0F, 0xCB, 0x42, 0xE0, 0x2E, 0x2F, 0x40,
    0x0F, 0x0F, 0xE0, 0x07, 0xC3, 0xFC, 0x02, 0xD1, 0xEF, 0x00, 0x00, 0xB6, 0xD0, 0x00, 0x3C, 0x78, 0x00, 0x0F, 0x0F,
    0x00, 0x07, 0x83, 0xC0, 0x02, 0xD0, 0xB4, 0x00, 0xF0, 0x1E, 0x00, 0x3C, 0x03, 0xC0, 0x1F, 0xFF, 0xF0, 0x0B, 0xFF,
    0xFE, 0x03, 0xC0, 0x07, 0xC0, 0xF0, 0x00, 0xF0, 0x78, 0x00, 0x3D, 0x2D, 0x00, 0x0B, 0x80, 0x7C, 0xFE, 0xFE, 0x7C,
    0x2E, 0x2F, 0xFF, 0xFC, 0xF4, 0xBF, 0xFF, 0xF3, 0xC2, 0xD0, 0x00, 0x1E, 0x0B, 0x40, 0x00, 0x00, 0x2D, 0x00, 0x00,
    0x00, 0xB4, 0x00, 0x00, 0x02, 0xD0, 0x00, 0x00, 0x0B, 0xFF, 0xFC, 0x00, 0x2F, 0xFF, 0xF0, 0x00, 0xB4, 0x00, 0x00,
    0x02, 0xD0, 0x00, 0x00, 0x0B, 0x40, 0x00, 0x00, 0x2D, 0x00, 0x00, 0x00, 0xB4, 0x00, 0x00, 0x02, 0xD0, 0x00, 0x00,
    0x0B, 0xFF, 0xFF, 0x00, 0x2F, 0xFF, 0xFC, 0x2E, 0x3C, 0x00, 0x78, 0xF4, 0xF0, 0x01, 0xE3, 0xC3, 0xC0, 0x07, 0x9E,
    0x0F, 0x00, 0x1E, 0x00, 0x3C, 0x00, 0x78, 0x00, 0xF0, 0x01, 0xE0, 0x03, 0xC0, 0x07, 0x80, 0x0F, 0xFF, 0xFE, 0x00,
    0x3F, 0xFF, 0xF8, 0x00, 0xF0, 0x01, 0xE0, 0x03, 0xC0, 0x07, 0x80, 0x0F, 0x00, 0x1E, 0x00, 0x3C, 0x00, 0x78, 0x00,
    0xF0, 0x01, 0xE0, 0x03, 0xC0, 0x07, 0x80, 0x0F, 0x00, 0x1E, 0x00, 0x3C, 0x00, 0x78, 0x2E, 0x2F, 0xFF, 0xF4, 0xF4,
    0x7F, 0xFF, 0xD3, 0xC0, 0x03, 0xC0, 0x1E, 0x00, 0x0F, 0x00, 0x00, 0x00, 0x3C, 0x00, 0x00, 0x00, 0xF0, 0x00, 0x00,
    0x03, 0xC0, 0x00, 0x00, 0x0F, 0x00, 0x00, 0x00, 0x3C, 0x00, 0x00, 0x00, 0xF0, 0x00, 0x00, 0x03, 0xC0, 0x00, 0x00,
    0x0F, 0x00, 0x00, 0x00, 0x3C, 0x00, 0x00, 0x00, 0xF0, 0x00, 0x00, 0x03, 0xC0, 0x00, 0x07, 0xFF, 0xFD, 0x00, 0x2F,
    0xFF, 0xF4, 0x2D, 0x07, 0xFD, 0x03, 0xC3, 0xFF, 0xF8, 0x78, 0x7C, 0x07, 0xDB, 0x4F, 0x40, 0x2E, 0x00, 0xF0, 0x01,
    0xE0, 0x0F, 0x00, 0x1F, 0x00, 0xF0, 0x01, 0xF0, 0x0F, 0x00, 0x1F, 0x00, 0xF0, 0x01, 0xF0, 0x0F, 0x00, 0x1F, 0x00,
    0xF0, 0x01, 0xF0, 0x0F, 0x00, 0x1F, 0x00, 0xF0, 0x01, 0xE0, 0x0F, 0x40, 0x2E, 0x00, 0x7C, 0x07, 0xD0, 0x03, 0xFF,
    0xF8, 0x00, 0x07, 0xFD, 0x00, 0x2D, 0xF0, 0x00, 0x1F, 0x3C, 0x78, 0x00, 0x3D, 0x78, 0x3C, 0x00, 0x7C, 0xB4, 0x2E,
    0x00, 0xF4, 0x00, 0x0F, 0x00, 0xF0, 0x00, 0x0B, 0x82, 0xD0, 0x00, 0x03, 0xC3, 0xC0, 0x00, 0x02, 0xDB, 0x40, 0x00,
    0x00, 0xFF, 0x00, 0x00, 0x00, 0xBD, 0x00, 0x00, 0x00, 0x3C, 0x00, 0x00, 0x00, 0x3C, 0x00, 0x00, 0x00, 0x3C, 0x00,
    0x00, 0x00, 0x3C, 0x00, 0x00, 0x00, 0x3C, 0x00, 0x00, 0x00, 0x3C, 0x00, 0x00, 0x00, 0x3C, 0x00, 0x2D, 0x0B, 0xFD,
    0x00, 0xF0, 0xFF, 0xFE, 0x07, 0x8B, 0xC0, 0x7D, 0x2D, 0x3C, 0x00, 0x7C, 0x00, 0xF0, 0x00, 0xF0, 0x03, 0xC0, 0x03,
    0xC0, 0x0F, 0x00, 0x0F, 0x00, 0x3C, 0x00, 0x3C, 0x00, 0xF0, 0x00, 0xF0, 0x03, 0xC0, 0x03, 0xC0, 0x0F, 0x00, 0x0F,
    0x00, 0x3C, 0x00, 0x3C, 0x00, 0xF0, 0x01, 0xF0, 0x02, 0xD0, 0x0B, 0x40, 0x02, 0xE0, 0xF8, 0x00, 0xBF, 0xC3, 0xFE,
    0x03, 0xFF, 0x0F, 0xF8, 0x00, 0x0B, 0x40, 0x00, 0x0E, 0x00, 0x00, 0x2C, 0x00, 0x0B, 0x42, 0xE0, 0x0F, 0xC3, 0xF0,
    0x0B, 0x42, 0xE0, 0x00, 0x00, 0x00, 0x00, 0x00, 0x00, 0xBF, 0xFC, 0x00, 0xBF, 0xFC, 0x00, 0x00, 0x7C, 0x00, 0x00,
    0x7C, 0x00, 0x00, 0x7C, 0x00, 0x00, 0x7C, 0x00, 0x00, 0x7C, 0x00, 0x00, 0x7C, 0x00, 0x00, 0x7C, 0x00, 0x00, 0x3C,
    0x00, 0x00, 0x3C, 0x00, 0x00, 0x2F, 0xFE, 0x00, 0x07, 0xFE, 0x00, 0xBD, 0x00, 0x00, 0xFE, 0x00, 0x00, 0xFF, 0x00,
    0x01, 0xEF, 0x00, 0x02, 0xDB, 0x40, 0x03, 0xC7, 0x80, 0x03, 0xC3, 0xC0, 0x07, 0x83, 0xC0, 0x0B, 0x42, 0xD0, 0x0F,
    0x01, 0xE0, 0x0F, 0x00, 0xF0, 0x1F, 0xFF, 0xF0, 0x2F, 0xFF, 0xF8, 0x3C, 0x00, 0x7C, 0x3C, 0x00, 0x3C, 0x78, 0x00,
    0x3D, 0xB4, 0x00, 0x2E, 0xFF, 0xFD, 0x03, 0xFF, 0xFF, 0x0F, 0x00, 0x7D, 0x3C, 0x00, 0x78, 0xF0, 0x01, 0xF3, 0xC0,
    0x07, 0x8F, 0x00, 0x7C, 0x3F, 0xFF, 0x80, 0xFF, 0xFF, 0x43, 0xC0, 0x1F, 0x4F, 0x00, 0x1F, 0x3C, 0x00, 0x3C, 0xF0,
    0x00, 0xF3, 0xC0, 0x03, 0xCF, 0x00, 0x3E, 0x3F, 0xFF, 0xF0, 0xFF, 0xFE, 0x00, 0x3F, 0xFF, 0xFC, 0xFF, 0xFF, 0xE3,
    0xC0, 0x00, 0x0F, 0x00, 0x00, 0x3C, 0x00, 0x00, 0xF0, 0x00, 0x03, 0xC0, 0x00, 0x0F, 0x00, 0x00, 0x3C, 0x00, 0x00,
    0xF0, 0x00, 0x03, 0xC0, 0x00, 0x0F, 0x00, 0x00, 0x3C, 0x00, 0x00, 0xF0, 0x00, 0x03, 0xC0, 0x00, 0x0F, 0x00, 0x00,
    0x3C, 0x00, 0x00, 0x00, 0xBD, 0x00, 0x00, 0xFE, 0x00, 0x00, 0xFF, 0x00, 0x01, 0xEF, 0x00, 0x02, 0xDB, 0x40, 0x03,
    0xC7, 0x80, 0x03, 0xC3, 0xC0, 0x07, 0x83, 0xC0, 0x0B, 0x42, 0xD0, 0x0F, 0x01, 0xE0, 0x0F, 0x00, 0xF0, 0x1E, 0x00,
    0xF0, 0x2D, 0x00, 0xB8, 0x3C, 0x00, 0x7C, 0x3C, 0x00, 0x3C, 0x7F, 0xFF, 0xFD, 0xBF, 0xFF, 0xFE, 0xBF, 0xFF, 0xFB,
    0xFF, 0xFF, 0xB4, 0x00, 0x0B, 0x40, 0x00, 0xB4, 0x00, 0x0B, 0x40, 0x00, 0xB4, 0x00, 0x0B, 0xFF, 0xFC, 0xBF, 0xFF,
    0xCB, 0x40, 0x00, 0xB4, 0x00, 0x0B, 0x40, 0x00, 0xB4, 0x00, 0x0B, 0x40, 0x00, 0xB4, 0x00, 0x0B, 0xFF, 0xFF, 0xBF,
    0xFF, 0xF0, 0x3F, 0xFF, 0xF8, 0xFF, 0xFF, 0xE0, 0x00, 0x0F, 0x40, 0x00, 0x7C, 0x00, 0x03, 0xD0, 0x00, 0x2E, 0x00,
    0x00, 0xF0, 0x00, 0x0B, 0x80, 0x00, 0x7C, 0x00, 0x03, 0xD0, 0x00, 0x1F, 0x00, 0x00, 0xF0, 0x00, 0x0B, 0x80, 0x00,
    0x3C, 0x00, 0x03, 0xD0, 0x00, 0x0F, 0xFF, 0xFE, 0x3F, 0xFF, 0xFC, 0xF0, 0x01, 0xEF, 0x00, 0x1E, 0xF0, 0x01, 0xEF,
    0x00, 0x1E, 0xF0, 0x01, 0xEF, 0x00, 0x1E, 0xF0, 0x01, 0xEF, 0xFF, 0xFE, 0xFF, 0xFF, 0xEF, 0x00, 0x1E, 0xF0, 0x01,
    0xEF, 0x00, 0x1E, 0xF0, 0x01, 0xEF, 0x00, 0x1E, 0xF0, 0x01, 0xEF, 0x00, 0x1E, 0xF0, 0x01, 0xE0, 0x0B, 0xFD, 0x03,
    0xFF, 0xF8, 0xBC, 0x07, 0xDF, 0x40, 0x2E, 0xF0, 0x01, 0xFF, 0x00, 0x1F, 0xF0, 0x01, 0xFF, 0x3F, 0xDF, 0xF7, 0xFD,
    0xFF, 0x00, 0x1F, 0xF0, 0x01, 0xFF, 0x00, 0x1F, 0xF0, 0x01, 0xFF, 0x40, 0x2E, 0xBC, 0x07, 0xD3, 0xFF, 0xF8, 0x0B,
    0xFD, 0x00, 0xBF, 0xFF, 0xD7, 0xFF, 0xFD, 0x00, 0xF0, 0x00, 0x0F, 0x00, 0x00, 0xF0, 0x00, 0x0F, 0x00, 0x00, 0xF0,
    0x00, 0x0F, 0x00, 0x00, 0xF0, 0x00, 0x0F, 0x00, 0x00, 0xF0, 0x00, 0x0F, 0x00, 0x00, 0xF0, 0x00, 0x0F, 0x00, 0x00,
    0xF0, 0x07, 0xFF, 0xFD, 0xBF, 0xFF, 0xD0, 0xF0, 0x00, 0xF7, 0xC0, 0x07, 0xCF, 0x00, 0x3D, 0x3C, 0x01, 0xF0, 0xF0,
    0x0F, 0x43, 0xC0, 0x7C, 0x0F, 0x03, 0xD0, 0x3F, 0xFF, 0x00, 0xFF, 0xF8, 0x03, 0xC0, 0xF0, 0x0F, 0x02, 0xE0, 0x3C,
    0x03, 0xC0, 0xF0, 0x0B, 0x83, 0xC0, 0x0F, 0x0F, 0x00, 0x2E, 0x3C, 0x00, 0x3C, 0xF0, 0x00, 0xB8, 0x00, 0xBD, 0x00,
    0x00, 0xFE, 0x00, 0x00, 0xFF, 0x00, 0x01, 0xEB, 0x00, 0x02, 0xDB, 0x40, 0x03, 0xC7, 0x80, 0x03, 0xC3, 0xC0, 0x07,
    0x83, 0xC0, 0x0B, 0x42, 0xD0, 0x0F, 0x01, 0xE0, 0x0F, 0x00, 0xF0, 0x1E, 0x00, 0xF0, 0x2D, 0x00, 0xB8, 0x3C, 0x00,
    0x7C, 0x3C, 0x00, 0x3C, 0x78, 0x00, 0x3D, 0xB4, 0x00, 0x2E, 0x7F, 0x00, 0xFC, 0x7F, 0x01, 0xFC, 0x7B, 0x42, 0xEC,
    0x7B, 0x83, 0xAC, 0x7A, 0xC7, 0x7C, 0x79, 0xDB, 0x3C, 0x78, 0xEE, 0x3C, 0x78, 0xBD, 0x3C, 0x78, 0x7C, 0x3C, 0x78,
    0x14, 0x3C, 0x78, 0x00, 0x3C, 0x78, 0x00, 0x3C, 0x78, 0x00, 0x3C, 0x78, 0x00, 0x3C, 0x78, 0x00, 0x3C, 0x78, 0x00,
    0x3C, 0x78, 0x00, 0x3C, 0xFC, 0x01, 0xEF, 0xD0, 0x1E, 0xFE, 0x01, 0xEF, 0xF0, 0x1E, 0xF7, 0x41, 0xEF, 0x3C, 0x1E,
    0xF2, 0xC1, 0xEF, 0x1D, 0x1E, 0xF0, 0xF1, 0xEF, 0x0B, 0x1E, 0xF0, 0x79, 0xEF, 0x03, 0xCE, 0xF0, 0x2D, 0xEF, 0x01,
    0xEE, 0xF0, 0x0F, 0xEF, 0x00, 0xBE, 0xF0, 0x03, 0xE0, 0x3F, 0xFF, 0xFC, 0xFF, 0xFF, 0xF0, 0x00, 0x00, 0x00, 0x00,
    0x00, 0x00, 0x00, 0x00, 0x00, 0x00, 0x00, 0x00, 0x00, 0x07, 0xFF, 0xFC, 0x1F, 0xFF, 0xF4, 0x00, 0x00, 0x00, 0x00,
    0x00, 0x00, 0x00, 0x00, 0x00, 0x00, 0x00, 0x00, 0x00, 0x00, 0x00, 0x00, 0x0F, 0xFF, 0xFF, 0x3F, 0xFF, 0xFC, 0x07,
    0xFD, 0x03, 0xFF, 0xF8, 0x7C, 0x07, 0xDF, 0x40, 0x2E, 0xF0, 0x01, 0xEF, 0x00, 0x1F, 0xF0, 0x01, 0xFF, 0x00, 0x1F,
    0xF0, 0x01, 0xFF, 0x00, 0x1F, 0xF0, 0x01, 0xFF, 0x00, 0x1F, 0xF0, 0x01, 0xEF, 0x40, 0x2E, 0x7C, 0x07, 0xD3, 0xFF,
    0xF8, 0x07, 0xFD, 0x00, 0xFF, 0xFF, 0xEF, 0xFF, 0xFE, 0xF0, 0x01, 0xEF, 0x00, 0x1E, 0xF0, 0x01, 0xEF, 0x00, 0x1E,
    0xF0, 0x01, 0xEF, 0x00, 0x1E, 0xF0, 0x01, 0xEF, 0x00, 0x1E, 0xF0, 0x01, 0xEF, 0x00, 0x1E, 0xF0, 0x01, 0xEF, 0x00,
    0x1E, 0xF0, 0x01, 0xEF, 0x00, 0x1E, 0xF0, 0x01, 0xE0, 0xFF, 0xFE, 0x03, 0xFF, 0xFF, 0x4F, 0x00, 0x2F, 0x3C, 0x00,
    0x3D, 0xF0, 0x00, 0xBB, 0xC0, 0x02, 0xEF, 0x00, 0x0F, 0x7C, 0x00, 0xBC, 0xFF, 0xFF, 0xD3, 0xFF, 0xF8, 0x0F, 0x00,
    0x00, 0x3C, 0x00, 0x00, 0xF0, 0x00, 0x03, 0xC0, 0x00, 0x0F, 0x00, 0x00, 0x3C, 0x00, 0x00, 0xF0, 0x00, 0x00, 0x7F,
    0xFF, 0xFE, 0x7F, 0xFF, 0xFE, 0x2E, 0x00, 0x00, 0x0F, 0x80, 0x00, 0x03, 0xD0, 0x00, 0x01, 0xF0, 0x00, 0x00, 0x7C,
    0x00, 0x00, 0x2F, 0x00, 0x00, 0x0F, 0x40, 0x00, 0x3E, 0x00, 0x00, 0xBC, 0x00, 0x01, 0xF0, 0x00, 0x03, 0xC0, 0x00,
    0x0F, 0x40, 0x00, 0x3E, 0x00, 0x00, 0x7F, 0xFF, 0xFE, 0x7F, 0xFF, 0xFE, 0xBF, 0xFF, 0xFE, 0xBF, 0xFF, 0xFD, 0x00,
    0x3C, 0x00, 0x00, 0x3C, 0x00, 0x00, 0x3C, 0x00, 0x00, 0x3C, 0x00, 0x00, 0x3C, 0x00, 0x00, 0x3C, 0x00, 0x00, 0x3C,
    0x00, 0x00, 0x3C, 0x00, 0x00, 0x3C, 0x00, 0x00, 0x3C, 0x00, 0x00, 0x3C, 0x00, 0x00, 0x3C, 0x00, 0x00, 0x3C, 0x00,
    0x00, 0x3C, 0x00, 0x00, 0x3C, 0x00, 0x3C, 0x00, 0x07, 0xC7, 0x80, 0x03, 0xD0, 0xF0, 0x01, 0xF0, 0x2E, 0x00, 0xF4,
    0x03, 0xC0, 0x3C, 0x00, 0xB8, 0x2D, 0x00, 0x0F, 0x0F, 0x00, 0x02, 0xDB, 0x40, 0x00, 0x3F, 0xC0, 0x00, 0x0B, 0xD0,
    0x00, 0x00, 0xF0, 0x00, 0x00, 0x3C, 0x00, 0x00, 0x0F, 0x00, 0x00, 0x03, 0xC0, 0x00, 0x00, 0xF0, 0x00, 0x00, 0x3C,
    0x00, 0x00, 0x0F, 0x00, 0x00, 0x00, 0x24, 0x00, 0x00, 0x3C, 0x00, 0x06, 0xFF, 0x80, 0x2F, 0xFF, 0xF4, 0x7D, 0x3C,
    0xBC, 0xB4, 0x3C, 0x2D, 0xF0, 0x3C, 0x1E, 0xF0, 0x3C, 0x0E, 0xF0, 0x3C, 0x0E, 0xF0, 0x3C, 0x0E, 0xF0, 0x3C, 0x0E,
    0xF0, 0x3C, 0x0E, 0xF0, 0x3C, 0x1E, 0xF4, 0x3C, 0x2E, 0x7D, 0x3C, 0x7C, 0x2F, 0xFF, 0xF4, 0x07, 0xFF, 0x90, 0x00,
    0x3C, 0x00, 0x00, 0x3C, 0x00, 0x2F, 0x00, 0x0F, 0x43, 0xD0, 0x07, 0xC0, 0x7C, 0x03, 0xC0, 0x0F, 0x41, 0xE0, 0x01,
    0xF0, 0xF0, 0x00, 0x3D, 0xB8, 0x00, 0x07, 0xFC, 0x00, 0x00, 0xBD, 0x00, 0x00, 0x1F, 0x00, 0x00, 0x0F, 0xE0, 0x00,
    0x07, 0xBD, 0x00, 0x03, 0xC7, 0xC0, 0x02, 0xE0, 0xF4, 0x00, 0xF0, 0x1F, 0x00, 0xB8, 0x03, 0xD0, 0x3C, 0x00, 0x7C,
    0x3D, 0x00, 0x0F, 0x80, 0xF0, 0x3C, 0x1E, 0xF0, 0x3C, 0x1E, 0xF0, 0x3C, 0x1E, 0xF0, 0x3C, 0x1E, 0xF0, 0x3C, 0x1E,
    0xF0, 0x3C, 0x1E, 0xF0, 0x3C, 0x1E, 0xF0, 0x3C, 0x1E, 0xB0, 0x3C, 0x1E, 0xB4, 0x3C, 0x2D, 0x3C, 0x3C, 0x7C, 0x2F,
    0xFF, 0xF4, 0x07, 0xFF, 0x90, 0x00, 0x3C, 0x00, 0x00, 0x3C, 0x00, 0x00, 0x3C, 0x00, 0x00, 0x3C, 0x00, 0x02, 0xFF,
    0x40, 0x0F, 0xFF, 0xE0, 0x2F, 0x01, 0xF4, 0x3C, 0x00, 0x7C, 0x3C, 0x00, 0x3C, 0x3C, 0x00, 0x3C, 0x3C, 0x00, 0x3C,
    0x3C, 0x00, 0x3C, 0x3C, 0x00, 0x3C, 0x3C, 0x00, 0x3C, 0x3C, 0x00, 0x3C, 0x3C, 0x00, 0x3C, 0x3C, 0x00, 0x7C, 0x2D,
    0x00, 0xB4, 0x0B, 0x83, 0xE0, 0xBF, 0xC3, 0xFE, 0xFF, 0xC3, 0xFE, 0x2D, 0x0B, 0x43, 0xF0, 0xFC, 0x2D, 0x0B, 0x80,
    0x00, 0x00, 0x00, 0x00, 0x0B, 0xFF, 0xFD, 0x7F, 0xFF, 0xD0, 0x0F, 0x00, 0x00, 0xF0, 0x00, 0x0F, 0x00, 0x00, 0xF0,
    0x00, 0x0F, 0x00, 0x00, 0xF0, 0x00, 0x0F, 0x00, 0x00, 0xF0, 0x00, 0x0F, 0x00, 0x00, 0xF0, 0x00, 0x0F, 0x00, 0x00,
    0xF0, 0x00, 0x0F, 0x00, 0x7F, 0xFF, 0xDB, 0xFF, 0xFD, 0x02, 0xD0, 0xB4, 0x00, 0xFC, 0x3F, 0x00, 0x2D, 0x0B, 0x80,
    0x00, 0x00, 0x00, 0x00, 0x00, 0x00, 0x0F, 0x00, 0x01, 0xF1, 0xE0, 0x00, 0xF4, 0x3C, 0x00, 0x7C, 0x0B, 0x80, 0x3D,
    0x00, 0xF0, 0x0F, 0x00, 0x2E, 0x0B, 0x40, 0x03, 0xC3, 0xC0, 0x00, 0xB6, 0xD0, 0x00, 0x0F, 0xF0, 0x00, 0x02, 0xF4,
    0x00, 0x00, 0x3C, 0x00, 0x00, 0x0F, 0x00, 0x00, 0x03, 0xC0, 0x00, 0x00, 0xF0, 0x00, 0x00, 0x3C, 0x00, 0x00, 0x0F,
    0x00, 0x00, 0x03, 0xC0, 0x00, 0x00, 0x02, 0x40, 0x00, 0x3D, 0x00, 0x02, 0xE0, 0x00, 0x1F, 0x00, 0x00, 0x00, 0x00,
    0x00, 0x00, 0x00, 0x2F, 0xC7, 0x83, 0xFF, 0xEE, 0x2F, 0x01, 0xF8, 0xF4, 0x02, 0xE3, 0xC0, 0x07, 0x8F, 0x00, 0x1E,
    0x3C, 0x00, 0x78, 0xF0, 0x01, 0xE3, 0xC0, 0x07, 0x8F, 0x40, 0x2E, 0x2F, 0x01, 0xF8, 0x3F, 0xFE, 0xE0, 0x2F, 0xD7,
    0x80, 0x00, 0x02, 0x40, 0x00, 0x0B, 0x80, 0x00, 0x1F, 0x00, 0x00, 0x3C, 0x00, 0x00, 0x00, 0x00, 0x00, 0x00, 0x00,
    0x06, 0xFF, 0x80, 0x1F, 0xFF, 0xF4, 0x3E, 0x00, 0xBC, 0x3C, 0x00, 0x00, 0x2E, 0x00, 0x00, 0x07, 0xFF, 0x00, 0x0F,
    0xFF, 0x00, 0x3E, 0x00, 0x00, 0x3C, 0x00, 0x00, 0x3C, 0x00, 0x28, 0x3E, 0x00, 0x7C, 0x1F, 0xFF, 0xF4, 0x06, 0xFF,
    0x80, 0x00, 0x06, 0x00, 0x02, 0xE0, 0x00, 0x7C, 0x00, 0x0F, 0x00, 0x00, 0x00, 0x00, 0x00, 0x00, 0xF1, 0xFE, 0x0F,
    0xBF, 0xFC, 0xFD, 0x07, 0xDF, 0x40, 0x2E, 0xF0, 0x01, 0xEF, 0x00, 0x1E, 0xF0, 0x01, 0xEF, 0x00, 0x1E, 0xF0, 0x01,
    0xEF, 0x00, 0x1E, 0xF0, 0x01, 0xEF, 0x00, 0x1E, 0xF0, 0x01, 0xE0, 0x00, 0x02, 0x40, 0x00, 0x0F, 0x40, 0x00, 0x2E,
    0x00, 0x00, 0x7C, 0x00, 0x00, 0x00, 0x00, 0x00, 0x00, 0x00, 0xBF, 0xFC, 0x00, 0xBF, 0xFC, 0x00, 0x00, 0x7C, 0x00,
    0x00, 0x7C, 0x00, 0x00, 0x7C, 0x00, 0x00, 0x7C, 0x00, 0x00, 0x7C, 0x00, 0x00, 0x7C, 0x00, 0x00, 0x7C, 0x00, 0x00,
    0x3C, 0x00, 0x00, 0x3C, 0x00, 0x00, 0x2F, 0xFE, 0x00, 0x07, 0xFE, 0x00, 0x2D, 0x00, 0x03, 0x80, 0x00, 0xB0, 0x02,
    0xD0, 0xB8, 0x3F, 0x0F, 0xC2, 0xD0, 0xB8, 0x00, 0x00, 0x00, 0x00, 0x00, 0xF0, 0x01, 0xEF, 0x00, 0x1E, 0xF0, 0x01,
    0xEF, 0x00, 0x1E, 0xF0, 0x01, 0xEF, 0x00, 0x1E, 0xF0, 0x01, 0xEF, 0x00, 0x1E, 0xF0, 0x01, 0xEF, 0x40, 0x2E, 0x7C,
    0x07, 0xC2, 0xFF, 0xF8, 0x07, 0xFD, 0x00, 0x02, 0xFC, 0x78, 0x3F, 0xFE, 0xE2, 0xF0, 0x1F, 0x8F, 0x40, 0x2E, 0x3C,
    0x00, 0x78, 0xF0, 0x01, 0xE3, 0xC0, 0x07, 0x8F, 0x00, 0x1E, 0x3C, 0x00, 0x78, 0xF4, 0x02, 0xE2, 0xF0, 0x1F, 0x83,
    0xFF, 0xEE, 0x02, 0xFD, 0x78, 0x07, 0xFD, 0x00, 0xBF, 0xFE, 0x07, 0xD0, 0x7C, 0x2D, 0x00, 0xB4, 0xF0, 0x01, 0xD3,
    0xC0, 0x0B, 0x4F, 0x00, 0xB8, 0x3C, 0x3F, 0x80, 0xF0, 0xFF, 0x83, 0xC0, 0x0F, 0x8F, 0x00, 0x0F, 0x3C, 0x00, 0x3D,
    0xF4, 0x00, 0xF7, 0xE0, 0x03, 0xCF, 0xD0, 0x3F, 0x3E, 0xFF, 0xF0, 0xF1, 0xFE, 0x03, 0xC0, 0x00, 0x0F, 0x00, 0x00,
    0x3C, 0x00, 0x00, 0xF0, 0x00, 0x00, 0x78, 0x00, 0x3C, 0x3C, 0x00, 0x3C, 0x3D, 0x00, 0xB8, 0x1E, 0x00, 0xF0, 0x0F,
    0x00, 0xF0, 0x0B, 0x41, 0xD0, 0x07, 0x83, 0xC0, 0x03, 0xC3, 0xC0, 0x02, 0xD7, 0x40, 0x01, 0xEB, 0x00, 0x00, 0xFF,
    0x00, 0x00, 0xBD, 0x00, 0x00, 0x7C, 0x00, 0x00, 0x3C, 0x00, 0x00, 0x3C, 0x00, 0x00, 0x3C, 0x00, 0x00, 0x3C, 0x00,
    0x2F, 0xFF, 0xF8, 0xBF, 0xFF, 0xD0, 0xF8, 0x00, 0x00, 0x7C, 0x00, 0x00, 0x3D, 0x00, 0x0B, 0xFD, 0x00, 0xFF, 0xFD,
    0x0B, 0xC0, 0x3C, 0x3D, 0x00, 0xB4, 0xF0, 0x01, 0xE3, 0xC0, 0x07, 0xCF, 0x00, 0x1F, 0x3C, 0x00, 0x7C, 0xF4, 0x02,
    0xE2, 0xF0, 0x1F, 0x03, 0xFF, 0xF8, 0x01, 0xFF, 0x40, 0x06, 0xFF, 0x80, 0x1F, 0xFF, 0xF4, 0x3E, 0x00, 0xBC, 0x3C,
    0x00, 0x00, 0x2E, 0x00, 0x00, 0x07, 0xFF, 0x00, 0x0F, 0xFF, 0x00, 0x3E, 0x00, 0x00, 0x3C, 0x00, 0x00, 0x3C, 0x00,
    0x28, 0x3E, 0x00, 0x7C, 0x1F, 0xFF, 0xF4, 0x06, 0xFF, 0x80, 0x3F, 0xFF, 0xFC, 0xFF, 0xFF, 0xF0, 0x00, 0x1F, 0x40,
    0x02, 0xF0, 0x00, 0x3F, 0x00, 0x03, 0xF0, 0x00, 0x3F, 0x00, 0x03, 0xF0, 0x00, 0x2F, 0x00, 0x00, 0xF0, 0x00, 0x07,
    0x80, 0x00, 0x2E, 0x00, 0x00, 0x7C, 0x00, 0x00, 0xFD, 0x00, 0x01, 0xFF, 0x90, 0x00, 0xBF, 0xF8, 0x00, 0x1B, 0xF8,
    0x00, 0x01, 0xF0, 0x00, 0x07, 0x80, 0x00, 0x3C, 0x00, 0x00, 0xE0, 0x00, 0x00, 0x00, 0xF1, 0xFE, 0x0F, 0xBF, 0xFC,
    0xFD, 0x07, 0xDF, 0x40, 0x2E, 0xF0, 0x01, 0xEF, 0x00, 0x1E, 0xF0, 0x01, 0xEF, 0x00, 0x1E, 0xF0, 0x01, 0xEF, 0x00,
    0x1E, 0xF0, 0x01, 0xEF, 0x00, 0x1E, 0xF0, 0x01, 0xE0, 0x07, 0xFD, 0x03, 0xFF, 0xF8, 0x7C, 0x07, 0xDF, 0x40, 0x2E,
    0xF0, 0x01, 0xFF, 0x00, 0x1F, 0xF0, 0x01, 0xFF, 0xFF, 0xFF, 0xFF, 0xFF, 0xFF, 0x00, 0x1F, 0xF0, 0x01, 0xFF, 0x00,
    0x1F, 0xF0, 0x01, 0xFF, 0x40, 0x2E, 0x7C, 0x07, 0xD3, 0xFF, 0xF8, 0x07, 0xFD, 0x00, 0xBF, 0xFC, 0x00, 0xBF, 0xFC,
    0x00, 0x00, 0x7C, 0x00, 0x00, 0x7C, 0x00, 0x00, 0x7C, 0x00, 0x00, 0x7C, 0x00, 0x00, 0x7C, 0x00, 0x00, 0x7C, 0x00,
    0x00, 0x7C, 0x00, 0x00, 0x3C, 0x00, 0x00, 0x3C, 0x00, 0x00, 0x2F, 0xFE, 0x00, 0x07, 0xFE, 0xB4, 0x00, 0xF6, 0xD0,
    0x0B, 0x8B, 0x40, 0x7C, 0x2D, 0x03, 0xD0, 0xB4, 0x2E, 0x02, 0xFF, 0xF0, 0x0B, 0xFF, 0xC0, 0x2D, 0x0F, 0x80, 0xB4,
    0x0F, 0x02, 0xD0, 0x2F, 0x0B, 0x40, 0x3D, 0x2D, 0x00, 0x7C, 0xB4, 0x00, 0xB8, 0x02, 0xE0, 0x00, 0x01, 0xF0, 0x00,
    0x00, 0xF4, 0x00, 0x00, 0xB8, 0x00, 0x00, 0x7C, 0x00, 0x00, 0x7D, 0x00, 0x00, 0xFF, 0x00, 0x01, 0xEF, 0x00, 0x02,
    0xDB, 0x40, 0x03, 0xC7, 0xC0, 0x07, 0x83, 0xC0, 0x0F, 0x42, 0xE0, 0x0F, 0x00, 0xF0, 0x2E, 0x00, 0xF4, 0x3D, 0x00,
    0x78, 0x7C, 0x00, 0x3C, 0xB8, 0x00, 0x2D, 0xF0, 0x01, 0xEF, 0x00, 0x1E, 0xF0, 0x01, 0xEF, 0x00, 0x1E, 0xF0, 0x01,
    0xEF, 0x00, 0x1E, 0xF0, 0x01, 0xEF, 0x00, 0x1E, 0xF4, 0x01, 0xEF, 0x40, 0x2E, 0xFC, 0x07, 0xEF, 0xBF, 0xEE, 0xF6,
    0xF9, 0xEF, 0x00, 0x00, 0xF0, 0x00, 0x0F, 0x00, 0x00, 0xF0, 0x00, 0x00, 0xB8, 0x00, 0x3D, 0x7C, 0x00, 0x3C, 0x3D,
    0x00, 0x78, 0x2E, 0x00, 0xB4, 0x1F, 0x00, 0xF0, 0x0F, 0x01, 0xE0, 0x0B, 0x82, 0xD0, 0x07, 0xC3, 0xC0, 0x03, 0xC7,
    0x80, 0x02, 0xDB, 0x40, 0x01, 0xEF, 0x00, 0x00, 0xFE, 0x00, 0x00, 0xBD, 0x00, 0x00, 0xBF, 0x80, 0x07, 0xFF, 0xF4,
    0x0F, 0x80, 0xBC, 0x1F, 0x00, 0x3D, 0x1E, 0x00, 0x00, 0x1F, 0x00, 0x00, 0x0B, 0x80, 0x00, 0x01, 0xFF, 0xF0, 0x07,
    0xFF, 0xE0, 0x1F, 0x40, 0x00, 0x3E, 0x00, 0x00, 0x3C, 0x00, 0x00, 0x3D, 0x00, 0x00, 0x2F, 0x00, 0x00, 0x0F, 0xE4,
    0x00, 0x02, 0xFF, 0x90, 0x00, 0x1B, 0xF8, 0x00, 0x00, 0x7C, 0x00, 0x00, 0x3C, 0x00, 0x00, 0x78, 0x00, 0x00, 0xF0,
    0x00, 0x00, 0x00, 0x01, 0xFF, 0x40, 0x3F, 0xFF, 0x82, 0xF0, 0x1F, 0x4F, 0x40, 0x1E, 0x3C, 0x00, 0x7C, 0xF0, 0x00,
    0xF3, 0xC0, 0x03, 0xCF, 0x00, 0x0F, 0x3C, 0x00, 0x7C, 0xF4, 0x01, 0xE2, 0xF0, 0x1F, 0x43, 0xFF, 0xF8, 0x01, 0xFF,
    0x40, 0x7F, 0xFF, 0xFF, 0x9F, 0xFF, 0xFF, 0xE0, 0xB8, 0x0B, 0x40, 0x2E, 0x02, 0xD0, 0x0B, 0x80, 0xB4, 0x02, 0xE0,
    0x2D, 0x00, 0xB8, 0x0B, 0x40, 0x2E, 0x02, 0xD0, 0x0B, 0x80, 0xB4, 0x02, 0xE0, 0x1E, 0x00, 0xB8, 0x07, 0xC0, 0x2E,
    0x00, 0xBE, 0x0B, 0x80, 0x0B, 0xC0, 0x07, 0xFD, 0x02, 0xFF, 0xF8, 0x7D, 0x07, 0xDB, 0x40, 0x2E, 0xF4, 0x01, 0xEF,
    0x00, 0x1E, 0xF0, 0x01, 0xEF, 0x00, 0x1E, 0xF4, 0x01, 0xEF, 0x40, 0x2E, 0xFD, 0x07, 0xDF, 0x7F, 0xFC, 0xF1, 0xFE,
    0x0F, 0x00, 0x00, 0xF0, 0x00, 0x0F, 0x00, 0x00, 0xF0, 0x00, 0x00, 0x07, 0xFE, 0x00, 0xBF, 0xFF, 0x07, 0xD0, 0x3E,
    0x3D, 0x00, 0x7C, 0xF0, 0x00, 0x53, 0xC0, 0x00, 0x0F, 0x00, 0x00, 0x3C, 0x00, 0x00, 0xF4, 0x00, 0x02, 0xF0, 0x00,
    0x03, 0xF8, 0x00, 0x03, 0xFF, 0x80, 0x00, 0xBF, 0xC0, 0x00, 0x0F, 0x00, 0x00, 0x3C, 0x00, 0x02, 0xE0, 0x00, 0x0B,
    0x00, 0x00, 0x00, 0x00, 0x01, 0xFF, 0xFF, 0x03, 0xFF, 0xFF, 0xC1, 0xF0, 0x1E, 0x00, 0xF4, 0x02, 0xD0, 0x3C, 0x00,
    0x78, 0x0F, 0x00, 0x1E, 0x03, 0xC0, 0x07, 0x80, 0xF0, 0x01, 0xE0, 0x3C, 0x00, 0x78, 0x0F, 0x40, 0x2E, 0x01, 0xF0,
    0x1F, 0x00, 0x3F, 0xFF, 0x40, 0x01, 0xFE, 0x40, 0x00, 0xFF, 0xFF, 0xFF, 0xFF, 0xFF, 0xF0, 0x0F, 0x00, 0x00, 0x3C,
    0x00, 0x00, 0xF0, 0x00, 0x03, 0xC0, 0x00, 0x0F, 0x00, 0x00, 0x3C, 0x00, 0x00, 0xF0, 0x00, 0x03, 0xC0, 0x00, 0x0F,
    0x40, 0x00, 0x1F, 0xFE, 0x00, 0x1F, 0xFC, 0xF0, 0x01, 0xEF, 0x00, 0x1E, 0xF0, 0x01, 0xEF, 0x00, 0x1E, 0xF0, 0x01,
    0xEF, 0x00, 0x1E, 0xF0, 0x01, 0xEF, 0x00, 0x1E, 0xF0, 0x01, 0xEF, 0x40, 0x2E, 0x7C, 0x07, 0xC2, 0xFF, 0xF8, 0x07,
    0xFD, 0x00, 0x00, 0x00, 0x00, 0x0D, 0x3F, 0x90, 0x3D, 0x3F, 0xF4, 0x7C, 0x3C, 0x7C, 0xB4, 0x3C, 0x2D, 0xB0, 0x3C,
    0x1E, 0xF0, 0x3C, 0x1E, 0xF0, 0x3C, 0x1E, 0xF0, 0x3C, 0x1E, 0xB0, 0x3C, 0x1E, 0xB4, 0x3C, 0x2D, 0x3D, 0x3C, 0x7C,
    0x2F, 0xFF, 0xF4, 0x07, 0xFF, 0x90, 0x00, 0x3C, 0x00, 0x00, 0x3C, 0x00, 0x00, 0x3C, 0x00, 0x00, 0x3C, 0x00, 0x7C,
    0x00, 0x7C, 0x2F, 0x00, 0xF4, 0x0F, 0x42, 0xE0, 0x03, 0xC3, 0xC0, 0x02, 0xEF, 0x40, 0x00, 0xFE, 0x00, 0x00, 0xBD,
    0x00, 0x00, 0xFF, 0x00, 0x03, 0xDB, 0x80, 0x0B, 0xC3, 0xD0, 0x0F, 0x01, 0xF0, 0x3E, 0x00, 0xB8, 0xBC, 0x00, 0x3D,
    0xF0, 0x3C, 0x1E, 0xF0, 0x3C, 0x1E, 0xF0, 0x3C, 0x1E, 0xF0, 0x3C, 0x1E, 0xF0, 0x3C, 0x1E, 0xF0, 0x3C, 0x1E, 0xF0,
    0x3C, 0x1E, 0xF0, 0x3C, 0x1E, 0xB0, 0x3C, 0x1E, 0xB4, 0x3C, 0x2D, 0x7C, 0x3C, 0x3C, 0x2F, 0xFF, 0xF4, 0x07, 0xFF,
    0xD0, 0x00, 0x3C, 0x00, 0x00, 0x3C, 0x00, 0x00, 0x3C, 0x00, 0x00, 0x3C, 0x00, 0x00, 0x00, 0x00, 0x1D, 0x00, 0xF0,
    0x3D, 0x00, 0xFC, 0x78, 0x00, 0x3C, 0xB4, 0x00, 0x1D, 0xF0, 0x24, 0x1E, 0xF0, 0x3C, 0x1E, 0xF0, 0x3C, 0x1E, 0xF0,
    0x3C, 0x1E, 0xF0, 0x3C, 0x1E, 0xB4, 0x3C, 0x1D, 0xB8, 0x7C, 0x3D, 0x3F, 0xDB, 0xFC, 0x1F, 0x82, 0xF0, 0x0F, 0x42,
    0xD0, 0x0F, 0x83, 0xF0, 0x0F, 0x42, 0xD0, 0x00, 0x00, 0x00, 0x00, 0x00, 0x00, 0xBF, 0xFC, 0x00, 0xBF, 0xFC, 0x00,
    0x00, 0x7C, 0x00, 0x00, 0x7C, 0x00, 0x00, 0x7C, 0x00, 0x00, 0x7C, 0x00, 0x00, 0x7C, 0x00, 0x00, 0x7C, 0x00, 0x00,
    0x7C, 0x00, 0x00, 0x3C, 0x00, 0x00, 0x3C, 0x00, 0x00, 0x2F, 0xFE, 0x00, 0x07, 0xFE, 0x2D, 0x0B, 0x43, 0xF0, 0xFC,
    0x2D, 0x0B, 0x80, 0x00, 0x00, 0x00, 0x00, 0x0F, 0x00, 0x1E, 0xF0, 0x01, 0xEF, 0x00, 0x1E, 0xF0, 0x01, 0xEF, 0x00,
    0x1E, 0xF0, 0x01, 0xEF, 0x00, 0x1E, 0xF0, 0x01, 0xEF, 0x00, 0x1E, 0xF4, 0x02, 0xE7, 0xC0, 0x7C, 0x2F, 0xFF, 0x80,
    0x7F, 0xD0, 0x00, 0x02, 0x40, 0x00, 0x2E, 0x00, 0x01, 0xF0, 0x00, 0x0F, 0x00, 0x00, 0x00, 0x00, 0x00, 0x00, 0x00,
    0x1F, 0xF4, 0x03, 0xFF, 0xF8, 0x2F, 0x01, 0xF4, 0xF4, 0x01, 0xE3, 0xC0, 0x07, 0xCF, 0x00, 0x0F, 0x3C, 0x00, 0x3C,
    0xF0, 0x00, 0xF3, 0xC0, 0x07, 0xCF, 0x40, 0x1E, 0x2F, 0x01, 0xF4, 0x3F, 0xFF, 0x80, 0x1F, 0xF4, 0x00, 0x00, 0x09,
    0x00, 0x02, 0xE0, 0x00, 0x7C, 0x00, 0x0F, 0x00, 0x00, 0x00, 0x00, 0x00, 0x00, 0xF0, 0x01, 0xEF, 0x00, 0x1E, 0xF0,
    0x01, 0xEF, 0x00, 0x1E, 0xF0, 0x01, 0xEF, 0x00, 0x1E, 0xF0, 0x01, 0xEF, 0x00, 0x1E, 0xF0, 0x01, 0xEF, 0x40, 0x2E,
    0x7C, 0x07, 0xC2, 0xFF, 0xF8, 0x07, 0xFD, 0x00, 0x00, 0x02, 0x40, 0x00, 0x0F, 0x40, 0x00, 0x2E, 0x00, 0x00, 0x7C,
    0x00, 0x00, 0x00, 0x00, 0x00, 0x00, 0x00, 0x1D, 0x00, 0xF0, 0x3D, 0x00, 0xFC, 0x78, 0x00, 0x3C, 0xB4, 0x00, 0x1D,
    0xF0, 0x24, 0x1E, 0xF0, 0x3C, 0x1E, 0xF0, 0x3C, 0x1E, 0xF0, 0x3C, 0x1E, 0xF0, 0x3C, 0x1E, 0xB4, 0x3C, 0x1D, 0xB8,
    0x7C, 0x3D, 0x3F, 0xDB, 0xFC, 0x1F, 0x82, 0xF0, 0xF0, 0x00, 0xF4, 0xF0, 0x01, 0xF0, 0xF0, 0x03, 0xD0, 0xF0, 0x07,
    0xC0, 0xF0, 0x0F, 0x40, 0xF0, 0x1F, 0x00, 0xF0, 0x3D, 0x00, 0xFF, 0xFC, 0x00, 0xFF, 0xF8, 0x00, 0xF0, 0x3C, 0x00,
    0xF0, 0x2E, 0x00, 0xF0, 0x0F, 0x00, 0xF0, 0x0B, 0x80, 0xF0, 0x03, 0xC0, 0xF0, 0x02, 0xE0, 0xF0, 0x00, 0xF8, 0xF0,
    0x00, 0xBD, 0x00, 0x00, 0x2D, 0x00, 0x00, 0x7C, 0x00, 0x0B, 0xF8, 0x00, 0x0B, 0xD0, 0x00, 0x3C, 0x00, 0x00, 0x3C,
    0x00, 0x00, 0x3C, 0x00, 0x00, 0x3C, 0x00, 0x07, 0xFF, 0x90, 0x2F, 0xFF, 0xF4, 0x7D, 0x3C, 0x7C, 0xB4, 0x3C, 0x2D,
    0xF0, 0x3C, 0x1E, 0xF0, 0x3C, 0x1E, 0xF0, 0x3C, 0x1E, 0xF0, 0x3C, 0x1E, 0xF0, 0x3C, 0x1E, 0xB4, 0x3C, 0x2D, 0x7D,
    0x3C, 0x7C, 0x2F, 0xFF, 0xF4, 0x07, 0xFF, 0x90, 0x00, 0x3C, 0x00, 0x00, 0x3C, 0x00, 0x00, 0x3C, 0x00, 0x00, 0x3C,
    0x00, 0xBF, 0xFF, 0xFF, 0xDB, 0xFF, 0xFF, 0xFD, 0x0E, 0x00, 0x0A, 0x01, 0xC0, 0x00, 0x74, 0x2C, 0x04, 0x07, 0x42,
    0xC0, 0xF0, 0x78, 0x2C, 0x0F, 0x07, 0x82, 0xC0, 0xF0, 0x78, 0x2C, 0x0F, 0x07, 0x82, 0xC0, 0xF0, 0x74, 0x2E, 0x1F,
    0x0B, 0x40, 0xFF, 0xAF, 0xF0, 0x07, 0xE0, 0xBC, 0x00, 0xF0, 0x03, 0xE3, 0xC0, 0x2F, 0x8F, 0x00, 0xFE, 0x3C, 0x0B,
    0xB8, 0xF0, 0x3D, 0xE3, 0xC2, 0xD7, 0x8F, 0x0F, 0x1E, 0x3C, 0xB4, 0x78, 0xF3, 0xC1, 0xE3, 0xED, 0x07, 0x8F, 0xF0,
    0x1E, 0x3F, 0x40, 0x7D, 0xFC, 0x01, 0xF8, 0x00, 0x01, 0xE0, 0x00, 0x0F, 0x40, 0x07, 0xFC, 0x00, 0x1F, 0x80, 0x1E,
    0x07, 0x83, 0xF0, 0xBC, 0x1E, 0x07, 0x80, 0x00, 0x00, 0x00, 0x00, 0x0B, 0xFF, 0xFF, 0xBF, 0xFF, 0xFB, 0x40, 0x00,
    0xB4, 0x00, 0x0B, 0x40, 0x00, 0xB4, 0x00, 0x0B, 0x40, 0x00, 0xBF, 0xFF, 0xCB, 0xFF, 0xFC, 0xB4, 0x00, 0x0B, 0x40,
    0x00, 0xB4, 0x00, 0x0B, 0x40, 0x00, 0xB4, 0x00, 0x0B, 0x40, 0x00, 0xBF, 0xFF, 0xFB, 0xFF, 0xFF, 0xFF, 0xFD, 0x00,
    0x3F, 0xFF, 0x40, 0x00, 0x78, 0x00, 0x00, 0x1E, 0x00, 0x00, 0x07, 0x80, 0x00, 0x01, 0xE0, 0xBD, 0x00, 0x79, 0xFF,
    0xD0, 0x1F, 0xF0, 0xBC, 0x07, 0xE0, 0x0F, 0x01, 0xF0, 0x03, 0xD0, 0x78, 0x00, 0xF4, 0x1E, 0x00, 0x3D, 0x07, 0x80,
    0x0F, 0x41, 0xE0, 0x03, 0xD0, 0x78, 0x00, 0xF4, 0x1E, 0x00, 0x3D, 0x07, 0x80, 0x0F, 0x40, 0x00, 0x03, 0xC0, 0x00,
    0x02, 0xF0, 0x00, 0x3F, 0xF0, 0x00, 0x0F, 0xE0, 0x00, 0x00, 0x06, 0x40, 0x00, 0x7C, 0x00, 0x03, 0xC0, 0x00, 0x2E,
    0x00, 0x00, 0x00, 0x00, 0x00, 0x00, 0x03, 0xFF, 0xFF, 0xCF, 0xFF, 0xFE, 0x3C, 0x00, 0x00, 0xF0, 0x00, 0x03, 0xC0,
    0x00, 0x0F, 0x00, 0x00, 0x3C, 0x00, 0x00, 0xF0, 0x00, 0x03, 0xC0, 0x00, 0x0F, 0x00, 0x00, 0x3C, 0x00, 0x00, 0xF0,
    0x00, 0x03, 0xC0, 0x00, 0x0F, 0x00, 0x00, 0x3C, 0x00, 0x00, 0xF0, 0x00, 0x03, 0xC0, 0x00, 0x00, 0x07, 0xFD, 0x02,
    0xFF, 0xFC, 0x7D, 0x03, 0xEB, 0x40, 0x1F, 0xF0, 0x00, 0xAF, 0x00, 0x00, 0xF0, 0x00, 0x0F, 0xFF, 0xD0, 0xFF, 0xFD,
    0x0F, 0x00, 0x00, 0xF0, 0x00, 0x0F, 0x00, 0x00, 0xF0, 0x00, 0xFB, 0x40, 0x1F, 0x7D, 0x03, 0xD2, 0xFF, 0xFC, 0x07,
    0xFD, 0x00, 0x01, 0xFE, 0x40, 0x0F, 0xFF, 0xE0, 0x2F, 0x01, 0xF0, 0x3D, 0x00, 0xB8, 0x3C, 0x00, 0x14, 0x3D, 0x00,
    0x00, 0x1F, 0x40, 0x00, 0x0B, 0xF9, 0x00, 0x01, 0xFF, 0xD0, 0x00, 0x06, 0xF4, 0x00, 0x00, 0x7C, 0x00, 0x00, 0x3C,
    0x38, 0x00, 0x3C, 0x3C, 0x00, 0x3C, 0x3F, 0x00, 0xF8, 0x0F, 0xFF, 0xF0, 0x02, 0xFF, 0x40, 0xBF, 0xFF, 0xD7, 0xFF,
    0xFD, 0x00, 0xF0, 0x00, 0x0F, 0x00, 0x00, 0xF0, 0x00, 0x0F, 0x00, 0x00, 0xF0, 0x00, 0x0F, 0x00, 0x00, 0xF0, 0x00,
    0x0F, 0x00, 0x00, 0xF0, 0x00, 0x0F, 0x00, 0x00, 0xF0, 0x00, 0x0F, 0x00, 0x00, 0xF0, 0x07, 0xFF, 0xFD, 0xBF, 0xFF,
    0xD0, 0x2D, 0x0B, 0x43, 0xF0, 0xFC, 0x2D, 0x0B, 0x80, 0x00, 0x00, 0x00, 0x00, 0x0B, 0xFF, 0xFD, 0x7F, 0xFF, 0xD0,
    0x0F, 0x00, 0x00, 0xF0, 0x00, 0x0F, 0x00, 0x00, 0xF0, 0x00, 0x0F, 0x00, 0x00, 0xF0, 0x00, 0x0F, 0x00, 0x00, 0xF0,
    0x00, 0x0F, 0x00, 0x00, 0xF0, 0x00, 0x0F, 0x00, 0x00, 0xF0, 0x00, 0x0F, 0x00, 0x7F, 0xFF, 0xDB, 0xFF, 0xFD, 0x00,
    0x00, 0xB4, 0x00, 0x02, 0xD0, 0x00, 0x0B, 0x40, 0x00, 0x2D, 0x00, 0x00, 0xB4, 0x00, 0x02, 0xD0, 0x00, 0x0B, 0x40,
    0x00, 0x2D, 0x00, 0x00, 0xB4, 0x00, 0x02, 0xD0, 0x00, 0x0B, 0x40, 0x00, 0x2D, 0xF0, 0x00, 0xF7, 0xD0, 0x03, 0xC7,
    0xD0, 0x2F, 0x0B, 0xFF, 0xF0, 0x07, 0xFE, 0x00, 0x07, 0xFF, 0xD0, 0x00, 0x1F, 0xFF, 0x40, 0x00, 0x78, 0x2D, 0x00,
    0x01, 0xE0, 0xB4, 0x00, 0x07, 0x82, 0xD0, 0x00, 0x1E, 0x0B, 0x40, 0x00, 0x78, 0x2D, 0x00, 0x01, 0xE0, 0xBF, 0xE0,
    0x07, 0x82, 0xFF, 0xE0, 0x1E, 0x0B, 0x43, 0xC0, 0x78, 0x2D, 0x0B, 0x41, 0xE0, 0xB4, 0x2D, 0x07, 0x82, 0xD0, 0xB4,
    0x2D, 0x0B, 0x42, 0xD0, 0xF4, 0x2D, 0x0F, 0x0F, 0xC0, 0xBF, 0xF8, 0x3C, 0x02, 0xFF, 0x80, 0xF0, 0x2D, 0x00, 0x3C,
    0x0B, 0x40, 0x0F, 0x02, 0xD0, 0x03, 0xC0, 0xB4, 0x00, 0xF0, 0x2D, 0x00, 0x3C, 0x0B, 0x40, 0x0F, 0x02, 0xD0, 0x03,
    0xFF, 0xFF, 0xE0, 0xFE, 0xBF, 0xBE, 0x3C, 0x0B, 0x43, 0xCF, 0x02, 0xD0, 0xB7, 0xC0, 0xB4, 0x2D, 0xF0, 0x2D, 0x0B,
    0x7C, 0x0B, 0x42, 0xDF, 0x02, 0xD0, 0xF3, 0xC0, 0xBE, 0xF8, 0xF0, 0x2F, 0xF8, 0x00, 0xFF, 0xFD, 0x00, 0x3F, 0xFF,
    0x40, 0x00, 0x78, 0x00, 0x00, 0x1E, 0x00, 0x00, 0x07, 0x80, 0x00, 0x01, 0xE0, 0xBD, 0x00, 0x79, 0xFF, 0xD0, 0x1F,
    0xF0, 0xBC, 0x07, 0xE0, 0x0F, 0x01, 0xF0, 0x03, 0xD0, 0x78, 0x00, 0xF4, 0x1E, 0x00, 0x3D, 0x07, 0x80, 0x0F, 0x41,
    0xE0, 0x03, 0xD0, 0x78, 0x00, 0xF4, 0x1E, 0x00, 0x3D, 0x07, 0x80, 0x0F, 0x40, 0x00, 0x09, 0x00, 0x00, 0xB8, 0x00,
    0x07, 0xC0, 0x00, 0x3C, 0x00, 0x00, 0x00, 0x00, 0x00, 0x00, 0x0F, 0x00, 0x0F, 0x7C, 0x00, 0x7C, 0xF0, 0x03, 0xD3,
    0xC0, 0x1F, 0x0F, 0x00, 0xF4, 0x3C, 0x07, 0xC0, 0xF0, 0x3D, 0x03, 0xFF, 0xF0, 0x0F, 0xFF, 0x80, 0x3C, 0x0F, 0x00,
    0xF0, 0x2E, 0x03, 0xC0, 0x3C, 0x0F, 0x00, 0xB8, 0x3C, 0x00, 0xF0, 0xF0, 0x02, 0xE3, 0xC0, 0x03, 0xCF, 0x00, 0x0B,
    0x80, 0x05, 0x00, 0x90, 0x0B, 0x42, 0xD0, 0x03, 0xFF, 0xC0, 0x00, 0xBE, 0x00, 0x00, 0x00, 0x00, 0x00, 0x00, 0x00,
    0xB8, 0x00, 0x3D, 0x7C, 0x00, 0x3C, 0x3D, 0x00, 0x7C, 0x1E, 0x00, 0xB4, 0x0F, 0x00, 0xF0, 0x0B, 0x41, 0xE0, 0x07,
    0xC2, 0xD0, 0x03, 0xC3, 0xC0, 0x02, 0xD7, 0x80, 0x00, 0xFB, 0x40, 0x00, 0xBF, 0x00, 0x00, 0x7E, 0x00, 0x00, 0x3C,
    0x00, 0x00, 0x7C, 0x00, 0x00, 0xB4, 0x00, 0x00, 0xF0, 0x00, 0x01, 0xF0, 0x00, 0xF0, 0x01, 0xEF, 0x00, 0x1E, 0xF0,
    0x01, 0xEF, 0x00, 0x1E, 0xF0, 0x01, 0xEF, 0x00, 0x1E, 0xF0, 0x01, 0xEF, 0x00, 0x1E, 0xF0, 0x01, 0xEF, 0x00, 0x1E,
    0xF0, 0x01, 0xEF, 0x00, 0x1E, 0xF0, 0x01, 0xEF, 0x00, 0x1E, 0xF0, 0x01, 0xEF, 0xFF, 0xFE, 0xFF, 0xFF, 0xE0, 0x0F,
    0x00, 0x00, 0xF0, 0x00, 0x0F, 0x00, 0x00, 0xBD, 0x00, 0x00, 0xFE, 0x00, 0x00, 0xFF, 0x00, 0x01, 0xEF, 0x00, 0x02,
    0xDB, 0x40, 0x03, 0xC7, 0x80, 0x03, 0xC3, 0xC0, 0x07, 0x83, 0xC0, 0x0B, 0x42, 0xD0, 0x0F, 0x01, 0xE0, 0x0F, 0x00,
    0xF0, 0x1F, 0xFF, 0xF0, 0x2F, 0xFF, 0xF8, 0x3C, 0x00, 0x7C, 0x3C, 0x00, 0x3C, 0x78, 0x00, 0x3D, 0xB4, 0x00, 0x2E,
    0xFF, 0xFF, 0xE3, 0xFF, 0xFF, 0x4F, 0x00, 0x00, 0x3C, 0x00, 0x00, 0xF0, 0x00, 0x03, 0xC0, 0x00, 0x0F, 0x00, 0x00,
    0x3F, 0xFF, 0x40, 0xFF, 0xFF, 0xC3, 0xC0, 0x0F, 0x8F, 0x00, 0x1F, 0x3C, 0x00, 0x3C, 0xF0, 0x00, 0xF3, 0xC0, 0x07,
    0xCF, 0x00, 0x3E, 0x3F, 0xFF, 0xF0, 0xFF, 0xFD, 0x00, 0xFF, 0xFD, 0x03, 0xFF, 0xFF, 0x0F, 0x00, 0x7D, 0x3C, 0x00,
    0x78, 0xF0, 0x01, 0xF3, 0xC0, 0x07, 0x8F, 0x00, 0x7C, 0x3F, 0xFF, 0x80, 0xFF, 0xFF, 0x43, 0xC0, 0x1F, 0x4F, 0x00,
    0x1F, 0x3C, 0x00, 0x3C, 0xF0, 0x00, 0xF3, 0xC0, 0x03, 0xCF, 0x00, 0x3E, 0x3F, 0xFF, 0xF0, 0xFF, 0xFE, 0x00, 0x3F,
    0xFF, 0xFC, 0xFF, 0xFF, 0xE3, 0xC0, 0x00, 0x0F, 0x00, 0x00, 0x3C, 0x00, 0x00, 0xF0, 0x00, 0x03, 0xC0, 0x00, 0x0F,
    0x00, 0x00, 0x3C, 0x00, 0x00, 0xF0, 0x00, 0x03, 0xC0, 0x00, 0x0F, 0x00, 0x00, 0x3C, 0x00, 0x00, 0xF0, 0x00, 0x03,
    0xC0, 0x00, 0x0F, 0x00, 0x00, 0x3C, 0x00, 0x00, 0x03, 0xFF, 0xFE, 0x00, 0x3F, 0xFF, 0xE0, 0x03, 0xC0, 0x1E, 0x00,
    0x3C, 0x01, 0xE0, 0x03, 0xC0, 0x1E, 0x00, 0x3C, 0x01, 0xE0, 0x03, 0xC0, 0x1E, 0x00, 0x3C, 0x01, 0xE0, 0x03, 0xC0,
    0x1E, 0x00, 0x3C, 0x01, 0xE0, 0x03, 0xC0, 0x1E, 0x00, 0x7C, 0x01, 0xE0, 0x07, 0x80, 0x1E, 0x00, 0xB4, 0x01, 0xE0,
    0x0F, 0x00, 0x1E, 0x07, 0xFF, 0xFF, 0xFC, 0x7F, 0xFF, 0xFF, 0xC7, 0x40, 0x00, 0x2C, 0x74, 0x00, 0x02, 0xC7, 0x40,
    0x00, 0x2C, 0x00, 0x00, 0x00, 0x00, 0xBF, 0xFF, 0xFB, 0xFF, 0xFF, 0xB4, 0x00, 0x0B, 0x40, 0x00, 0xB4, 0x00, 0x0B,
    0x40, 0x00, 0xB4, 0x00, 0x0B, 0xFF, 0xFC, 0xBF, 0xFF, 0xCB, 0x40, 0x00, 0xB4, 0x00, 0x0B, 0x40, 0x00, 0xB4, 0x00,
    0x0B, 0x40, 0x00, 0xB4, 0x00, 0x0B, 0xFF, 0xFF, 0xBF, 0xFF, 0xF0, 0x78, 0x0F, 0x03, 0xD3, 0xC0, 0xF0, 0x3C, 0x2D,
    0x0F, 0x0B, 0x81, 0xE0, 0xF0, 0xF0, 0x0F, 0x0F, 0x0F, 0x00, 0xB4, 0xF2, 0xD0, 0x07, 0x8F, 0x3C, 0x00, 0x3F, 0xFF,
    0xC0, 0x03, 0xFF, 0xF8, 0x00, 0x7C, 0xF3, 0xC0, 0x0B, 0x4F, 0x2D, 0x00, 0xF0, 0xF1, 0xF0, 0x1F, 0x0F, 0x0F, 0x02,
    0xD0, 0xF0, 0xB4, 0x3C, 0x0F, 0x07, 0xC7, 0x80, 0xF0, 0x3C, 0xB4, 0x0F, 0x02, 0xD0, 0x02, 0xFF, 0x40, 0x0F, 0xFF,
    0xE0, 0x3E, 0x01, 0xF4, 0x3C, 0x00, 0xB8, 0x24, 0x00, 0x78, 0x00, 0x00, 0xB4, 0x00, 0x02, 0xF0, 0x01, 0xFF, 0x80,
    0x00, 0xFF, 0xE0, 0x00, 0x01, 0xF4, 0x00, 0x00, 0x7C, 0x00, 0x00, 0x3C, 0xB4, 0x00, 0x3C, 0xB8, 0x00, 0x7C, 0x3E,
    0x01, 0xF8, 0x1F, 0xFF, 0xF0, 0x02, 0xFF, 0x40, 0xF0, 0x03, 0xEF, 0x00, 0xBE, 0xF0, 0x0F, 0xEF, 0x01, 0xEE, 0xF0,
    0x2D, 0xEF, 0x03, 0xCE, 0xF0, 0x79, 0xEF, 0x0B, 0x1E, 0xF0, 0xF1, 0xEF, 0x1D, 0x1E, 0xF2, 0xC1, 0xEF, 0x3C, 0x1E,
    0xF7, 0x41, 0xEF, 0xF0, 0x1E, 0xFE, 0x01, 0xEF, 0xD0, 0x1E, 0xFC, 0x01, 0xE0, 0x14, 0x02, 0x42, 0xD0, 0xB4, 0x0F,
    0xFF, 0x00, 0x2F, 0x80, 0x00, 0x00, 0x00, 0x00, 0x00, 0xF0, 0x03, 0xEF, 0x00, 0xBE, 0xF0, 0x0F, 0xEF, 0x01, 0xEE,
    0xF0, 0x2D, 0xEF, 0x03, 0xCE, 0xF0, 0x79, 0xEF, 0x0B, 0x1E, 0xF0, 0xF1, 0xEF, 0x1D, 0x1E, 0xF2, 0xC1, 0xEF, 0x3C,
    0x1E, 0xF7, 0x41, 0xEF, 0xF0, 0x1E, 0xFE, 0x01, 0xEF, 0xD0, 0x1E, 0xFC, 0x01, 0xE0, 0xF0, 0x00, 0xF7, 0xC0, 0x07,
    0xCF, 0x00, 0x3D, 0x3C, 0x01, 0xF0, 0xF0, 0x0F, 0x43, 0xC0, 0x7C, 0x0F, 0x03, 0xD0, 0x3F, 0xFF, 0x00, 0xFF, 0xF8,
    0x03, 0xC0, 0xF0, 0x0F, 0x02, 0xE0, 0x3C, 0x03, 0xC0, 0xF0, 0x0B, 0x83, 0xC0, 0x0F, 0x0F, 0x00, 0x2E, 0x3C, 0x00,
    0x3C, 0xF0, 0x00, 0xB8, 0x03, 0xFF, 0xFE, 0x03, 0xFF, 0xFE, 0x03, 0xC0, 0x1E, 0x03, 0xC0, 0x1E, 0x03, 0xC0, 0x1E,
    0x03, 0xC0, 0x1E, 0x03, 0xC0, 0x1E, 0x03, 0xC0, 0x1E, 0x03, 0xC0, 0x1E, 0x03, 0xC0, 0x1E, 0x03, 0xC0, 0x1E, 0x03,
    0xC0, 0x1E, 0x07, 0xC0, 0x1E, 0x07, 0x80, 0x1E, 0x0F, 0x40, 0x1E, 0x7F, 0x00, 0x1E, 0xB8, 0x00, 0x1E, 0x7F, 0x00,
    0xFC, 0x7F, 0x01, 0xFC, 0x7B, 0x42, 0xEC, 0x7B, 0x83, 0xAC, 0x7A, 0xC7, 0x7C, 0x79, 0xDB, 0x3C, 0x78, 0xEE, 0x3C,
    0x78, 0xBD, 0x3C, 0x78, 0x7C, 0x3C, 0x78, 0x14, 0x3C, 0x78, 0x00, 0x3C, 0x78, 0x00, 0x3C, 0x78, 0x00, 0x3C, 0x78,
    0x00, 0x3C, 0x78, 0x00, 0x3C, 0x78, 0x00, 0x3C, 0x78, 0x00, 0x3C, 0xF0, 0x01, 0xEF, 0x00, 0x1E, 0xF0, 0x01, 0xEF,
    0x00, 0x1E, 0xF0, 0x01, 0xEF, 0x00, 0x1E, 0xF0, 0x01, 0xEF, 0xFF, 0xFE, 0xFF, 0xFF, 0xEF, 0x00, 0x1E, 0xF0, 0x01,
    0xEF, 0x00, 0x1E, 0xF0, 0x01, 0xEF, 0x00, 0x1E, 0xF0, 0x01, 0xEF, 0x00, 0x1E, 0xF0, 0x01, 0xE0, 0x07, 0xFD, 0x03,
    0xFF, 0xF8, 0x7C, 0x07, 0xDF, 0x40, 0x2E, 0xF0, 0x01, 0xEF, 0x00, 0x1F, 0xF0, 0x01, 0xFF, 0x00, 0x1F, 0xF0, 0x01,
    0xFF, 0x00, 0x1F, 0xF0, 0x01, 0xFF, 0x00, 0x1F, 0xF0, 0x01, 0xEF, 0x40, 0x2E, 0x7C, 0x07, 0xD3, 0xFF, 0xF8, 0x07,
    0xFD, 0x00, 0xFF, 0xFF, 0xEF, 0xFF, 0xFE, 0xF0, 0x01, 0xEF, 0x00, 0x1E, 0xF0, 0x01, 0xEF, 0x00, 0x1E, 0xF0, 0x01,
    0xEF, 0x00, 0x1E, 0xF0, 0x01, 0xEF, 0x00, 0x1E, 0xF0, 0x01, 0xEF, 0x00, 0x1E, 0xF0, 0x01, 0xEF, 0x00, 0x1E, 0xF0,
    0x01, 0xEF, 0x00, 0x1E, 0xF0, 0x01, 0xE0, 0xFF, 0xFE, 0x03, 0xFF, 0xFF, 0x4F, 0x00, 0x2F, 0x3C, 0x00, 0x3D, 0xF0,
    0x00, 0xBB, 0xC0, 0x02, 0xEF, 0x00, 0x0F, 0x7C, 0x00, 0xBC, 0xFF, 0xFF, 0xD3, 0xFF, 0xF8, 0x0F, 0x00, 0x00, 0x3C,
    0x00, 0x00, 0xF0, 0x00, 0x03, 0xC0, 0x00, 0x0F, 0x00, 0x00, 0x3C, 0x00, 0x00, 0xF0, 0x00, 0x00, 0x07, 0xFD, 0x02,
    0xFF, 0xFC, 0x7D, 0x03, 0xEB, 0x40, 0x1F, 0xF0, 0x00, 0xEF, 0x00, 0x00, 0xF0, 0x00, 0x0F, 0x00, 0x00, 0xF0, 0x00,
    0x0F, 0x00, 0x00, 0xF0, 0x00, 0x0F, 0x00, 0x00, 0xF0, 0x00, 0xEB, 0x40, 0x1F, 0x7D, 0x03, 0xE2, 0xFF, 0xFC, 0x07,
    0xFD, 0x00, 0xBF, 0xFF, 0xFE, 0xBF, 0xFF, 0xFD, 0x00, 0x3C, 0x00, 0x00, 0x3C, 0x00, 0x00, 0x3C, 0x00, 0x00, 0x3C,
    0x00, 0x00, 0x3C, 0x00, 0x00, 0x3C, 0x00, 0x00, 0x3C, 0x00, 0x00, 0x3C, 0x00, 0x00, 0x3C, 0x00, 0x00, 0x3C, 0x00,
    0x00, 0x3C, 0x00, 0x00, 0x3C, 0x00, 0x00, 0x3C, 0x00, 0x00, 0x3C, 0x00, 0x00, 0x3C, 0x00, 0xB8, 0x00, 0x3D, 0x7C,
    0x00, 0x3C, 0x3D, 0x00, 0x7C, 0x1E, 0x00, 0xB4, 0x0F, 0x00, 0xF0, 0x0B, 0x41, 0xE0, 0x07, 0xC2, 0xD0, 0x03, 0xC3,
    0xC0, 0x02, 0xD7, 0x80, 0x00, 0xFB, 0x40, 0x00, 0xBF, 0x00, 0x00, 0x7E, 0x00, 0x00, 0x3C, 0x00, 0x00, 0x7C, 0x00,
    0x00, 0xB4, 0x00, 0x00, 0xF0, 0x00, 0x01, 0xF0, 0x00, 0x00, 0x24, 0x00, 0x00, 0x3C, 0x00, 0x06, 0xFF, 0x80, 0x2F,
    0xFF, 0xF4, 0x7D, 0x3C, 0xBC, 0xB4, 0x3C, 0x2D, 0xF0, 0x3C, 0x1E, 0xF0, 0x3C, 0x0E, 0xF0, 0x3C, 0x0E, 0xF0, 0x3C,
    0x0E, 0xF0, 0x3C, 0x0E, 0xF0, 0x3C, 0x0E, 0xF0, 0x3C, 0x1E, 0xF4, 0x3C, 0x2E, 0x7D, 0x3C, 0x7C, 0x2F, 0xFF, 0xF4,
    0x07, 0xFF, 0x90, 0x00, 0x3C, 0x00, 0x00, 0x3C, 0x00, 0x2F, 0x00, 0x0F, 0x43, 0xD0, 0x07, 0xC0, 0x7C, 0x03, 0xC0,
    0x0F, 0x41, 0xE0, 0x01, 0xF0, 0xF0, 0x00, 0x3D, 0xB8, 0x00, 0x07, 0xFC, 0x00, 0x00, 0xBD, 0x00, 0x00, 0x1F, 0x00,
    0x00, 0x0F, 0xE0, 0x00, 0x07, 0xBD, 0x00, 0x03, 0xC7, 0xC0, 0x02, 0xE0, 0xF4, 0x00, 0xF0, 0x1F, 0x00, 0xB8, 0x03,
    0xD0, 0x3C, 0x00, 0x7C, 0x3D, 0x00, 0x0F, 0x80, 0xF0, 0x03, 0xD3, 0xC0, 0x0F, 0x4F, 0x00, 0x3D, 0x3C, 0x00, 0xF4,
    0xF0, 0x03, 0xD3, 0xC0, 0x0F, 0x4F, 0x00, 0x3D, 0x3C, 0x00, 0xF4, 0xF0, 0x03, 0xD3, 0xC0, 0x0F, 0x4F, 0x00, 0x3D,
    0x3C, 0x00, 0xF4, 0xF0, 0x03, 0xD3, 0xC0, 0x0F, 0x4F, 0x00, 0x3D, 0x3F, 0xFF, 0xFF, 0xFF, 0xFF, 0xFC, 0x00, 0x00,
    0xF0, 0x00, 0x03, 0xC0, 0x00, 0x0F, 0x00, 0x00, 0x00, 0x7C, 0x00, 0x79, 0xF0, 0x01, 0xE7, 0xC0, 0x07, 0x9F, 0x00,
    0x1E, 0x7C, 0x00, 0x79, 0xF0, 0x01, 0xE7, 0xC0, 0x07, 0x8F, 0x00, 0x1E, 0x3E, 0x00, 0x78, 0x7F, 0xFF, 0xE0, 0x2F,
    0xFF, 0x80, 0x00, 0x1E, 0x00, 0x00, 0x78, 0x00, 0x01, 0xE0, 0x00, 0x07, 0x80, 0x00, 0x1E, 0x00, 0x00, 0x78, 0xB4,
    0x3C, 0x2D, 0xB4, 0x3C, 0x2D, 0xB4, 0x3C, 0x2D, 0xB4, 0x3C, 0x2D, 0xB4, 0x3C, 0x2D, 0xB4, 0x3C, 0x2D, 0xB4, 0x3C,
    0x2D, 0xB4, 0x3C, 0x2D, 0xB4, 0x3C, 0x2D, 0xB4, 0x3C, 0x2D, 0xB4, 0x3C, 0x2D, 0xB4, 0x3C, 0x2D, 0xB4, 0x3C, 0x2D,
    0xB4, 0x3C, 0x2D, 0xB4, 0x3C, 0x2D, 0xBF, 0xFF, 0xFD, 0xBF, 0xFF, 0xFD, 0xB4, 0x38, 0x2C, 0x2D, 0x0E, 0x0B, 0x0B,
    0x43, 0x82, 0xC2, 0xD0, 0xE0, 0xB0, 0xB4, 0x38, 0x2C, 0x2D, 0x0E, 0x0B, 0x0B, 0x43, 0x82, 0xC2, 0xD0, 0xE0, 0xB0,
    0xB4, 0x38, 0x2C, 0x2D, 0x0E, 0x0B, 0x0B, 0x43, 0x82, 0xC2, 0xD0, 0xE0, 0xB0, 0xB4, 0x38, 0x2C, 0x2D, 0x0E, 0x0B,
    0x0B, 0x43, 0x82, 0xC2, 0xFF, 0xFF, 0xFE, 0xBF, 0xFF, 0xFF, 0x80, 0x00, 0x00, 0xE0, 0x00, 0x00, 0x38, 0x00, 0x00,
    0x0E, 0x00, 0x00, 0x00, 0x00, 0x3F, 0xF0, 0x00, 0x03, 0xFF, 0x00, 0x00, 0x00, 0xF0, 0x00, 0x00, 0x0F, 0x00, 0x00,
    0x00, 0xF0, 0x00, 0x00, 0x0F, 0x00, 0x00, 0x00, 0xF0, 0x00, 0x00, 0x0F, 0xFF, 0x80, 0x00, 0xFF, 0xFF, 0x40, 0x0F,
    0x00, 0xBC, 0x00, 0xF0, 0x03, 0xD0, 0x0F, 0x00, 0x2E, 0x00, 0xF0, 0x02, 0xE0, 0x0F, 0x00, 0x3D, 0x00, 0xF0, 0x0B,
    0xC0, 0x0F, 0xFF, 0xF4, 0x00, 0xFF, 0xF8, 0x00, 0xB4, 0x00, 0x2D, 0xB4, 0x00, 0x2D, 0xB4, 0x00, 0x2D, 0xB4, 0x00,
    0x2D, 0xB4, 0x00, 0x2D, 0xB4, 0x00, 0x2D, 0xB4, 0x00, 0x2D, 0xBF, 0xE0, 0x2D, 0xBF, 0xFC, 0x2D, 0xB4, 0x3E, 0x2D,
    0xB4, 0x0F, 0x2D, 0xB4, 0x0F, 0x2D, 0xB4, 0x0F, 0x2D, 0xB4, 0x0F, 0x2D, 0xB4, 0x3E, 0x2D, 0xBF, 0xFC, 0x2D, 0xBF,
    0xE0, 0x2D, 0xF0, 0x00, 0x03, 0xC0, 0x00, 0x0F, 0x00, 0x00, 0x3C, 0x00, 0x00, 0xF0, 0x00, 0x03, 0xC0, 0x00, 0x0F,
    0x00, 0x00, 0x3F, 0xFF, 0x80, 0xFF, 0xFF, 0xD3, 0xC0, 0x0B, 0xCF, 0x00, 0x0F, 0x7C, 0x00, 0x2E, 0xF0, 0x00, 0xBB,
    0xC0, 0x03, 0xDF, 0x00, 0x2F, 0x3F, 0xFF, 0xF4, 0xFF, 0xFE, 0x00, 0x02, 0xFE, 0x40, 0x3F, 0xFF, 0x82, 0xE0, 0x1F,
    0x0F, 0x00, 0x2E, 0x28, 0x00, 0x78, 0x00, 0x01, 0xE0, 0x00, 0x07, 0x80, 0x7F, 0xFE, 0x02, 0xFF, 0xF8, 0x00, 0x01,
    0xE0, 0x00, 0x07, 0x80, 0x00, 0x1E, 0x3C, 0x00, 0x78, 0xF0, 0x02, 0xE2, 0xF0, 0x1F, 0x03, 0xFF, 0xF8, 0x02, 0xFE,
    0x40, 0xB4, 0x0B, 0xF4, 0x2D, 0x0F, 0xFF, 0x4B, 0x47, 0xC1, 0xF2, 0xD1, 0xD0, 0x3C, 0xB4, 0xB0, 0x0F, 0x2D, 0x2C,
    0x03, 0xCB, 0x4B, 0x00, 0xF2, 0xFF, 0xC0, 0x3C, 0xBF, 0xF0, 0x0F, 0x2D, 0x2C, 0x03, 0xCB, 0x4B, 0x00, 0xF2, 0xD2,
    0xC0, 0x3C, 0xB4, 0xB0, 0x0F, 0x2D, 0x1D, 0x03, 0xCB, 0x43, 0xC1, 0xF2, 0xD0, 0xBF, 0xF4, 0xB4, 0x0B, 0xF4, 0x00,
    0x02, 0xFF, 0xF8, 0x7F, 0xFF, 0xE3, 0xE0, 0x07, 0x9F, 0x00, 0x1E, 0x78, 0x00, 0x79, 0xE0, 0x01, 0xE7, 0xC0, 0x07,
    0x8F, 0xC0, 0x1E, 0x0F, 0xFF, 0xF8, 0x0B, 0xFF, 0xE0, 0x2E, 0x07, 0x80, 0xF0, 0x1E, 0x0B, 0x80, 0x78, 0x3C, 0x01,
    0xE2, 0xF0, 0x07, 0x8F, 0x40, 0x1E, 0x7C, 0x00, 0x78, 0x02, 0xFF, 0x40, 0x3F, 0xFF, 0xC2, 0xE0, 0x0F, 0x45, 0x00,
    0x1E, 0x00, 0x00, 0x78, 0x1F, 0xFF, 0xE2, 0xFF, 0xFF, 0x8F, 0x40, 0x1E, 0x78, 0x00, 0x79, 0xF0, 0x02, 0xE3, 0xD0,
    0x1F, 0x8B, 0xFF, 0xEE, 0x07, 0xF8, 0x78, 0x00, 0x00, 0x00, 0x01, 0xBF, 0xC0, 0x7F, 0xFF, 0x03, 0xF4, 0x00, 0x2E,
    0x00, 0x00, 0xF0, 0x00, 0x03, 0xCB, 0xF8, 0x0E, 0xFF, 0xF8, 0x3F, 0x01, 0xF4, 0xF4, 0x02, 0xE3, 0xC0, 0x07, 0xCF,
    0x00, 0x1F, 0x3C, 0x00, 0x7C, 0xF0, 0x01, 0xF3, 0xD0, 0x0B, 0x87, 0xC0, 0x7D, 0x0F, 0xFF, 0xE0, 0x07, 0xFD, 0x00,
    0xFF, 0xFE, 0x03, 0xFF, 0xFF, 0x4F, 0x00, 0x2E, 0x3C, 0x00, 0x78, 0xF0, 0x02, 0xD3, 0xFF, 0xFC, 0x0F, 0xFF, 0xFC,
    0x3C, 0x00, 0xB8, 0xF0, 0x00, 0xF3, 0xC0, 0x03, 0xCF, 0x00, 0x2F, 0x3F, 0xFF, 0xF4, 0xFF, 0xFE, 0x40, 0xFF, 0xFF,
    0xCF, 0xFF, 0xFC, 0xF0, 0x00, 0x0F, 0x00, 0x00, 0xF0, 0x00, 0x0F, 0x00, 0x00, 0xF0, 0x00, 0x0F, 0x00, 0x00, 0xF0,
    0x00, 0x0F, 0x00, 0x00, 0xF0, 0x00, 0x0F, 0x00, 0x00, 0xF0, 0x00, 0x00, 0x03, 0xFF, 0xFD, 0x00, 0x3F, 0xFF, 0xD0,
    0x03, 0xC0, 0x2D, 0x00, 0x3C, 0x02, 0xD0, 0x03, 0xC0, 0x2D, 0x00, 0x3C, 0x02, 0xD0, 0x03, 0xC0, 0x2D, 0x00, 0x3C,
    0x02, 0xD0, 0x07, 0x80, 0x2D, 0x00, 0xB8, 0x02, 0xD0, 0x0F, 0x00, 0x2D, 0x07, 0xFF, 0xFF, 0xFC, 0x7F, 0xFF, 0xFF,
    0xC7, 0x40, 0x00, 0x2C, 0x74, 0x00, 0x02, 0xC7, 0x40, 0x00, 0x2C, 0x00, 0x00, 0x00, 0x00, 0x01, 0xFF, 0x40, 0x3F,
    0xFF, 0x82, 0xF0, 0x1F, 0x4F, 0x00, 0x1E, 0x3C, 0x00, 0x3C, 0xFF, 0xFF, 0xF3, 0xFF, 0xFF, 0xCF, 0x00, 0x00, 0x3C,
    0x00, 0x00, 0xF4, 0x00, 0x52, 0xF0, 0x0F, 0x43, 0xFF, 0xFC, 0x01, 0xFF, 0x40, 0x78, 0x0F, 0x03, 0xC3, 0xC0, 0xF0,
    0x78, 0x1E, 0x0F, 0x0F, 0x00, 0xF0, 0xF1, 0xE0, 0x07, 0x8F, 0x3D, 0x00, 0x3F, 0xFF, 0xC0, 0x03, 0xFF, 0xFC, 0x00,
    0x78, 0xF3, 0xC0, 0x0F, 0x0F, 0x1E, 0x00, 0xF0, 0xF0, 0xF0, 0x2D, 0x0F, 0x0B, 0x43, 0xC0, 0xF0, 0x3C, 0x78, 0x0F,
    0x03, 0xD0, 0x07, 0xFF, 0x80, 0x2F, 0xFF, 0xF0, 0x3D, 0x00, 0xF8, 0x00, 0x00, 0x78, 0x00, 0x00, 0xF4, 0x01, 0xFF,
    0xD0, 0x01, 0xFF, 0xF0, 0x00, 0x00, 0xF8, 0x00, 0x00, 0x3C, 0x68, 0x00, 0x3C, 0x3D, 0x00, 0xBC, 0x2F, 0xFF, 0xF0,
    0x07, 0xFF, 0x80, 0xF0, 0x03, 0xEF, 0x00, 0xBE, 0xF0, 0x0F, 0xEF, 0x02, 0xEE, 0xF0, 0x3D, 0xEF, 0x0B, 0x5E, 0xF0,
    0xF1, 0xEF, 0x2D, 0x1E, 0xF3, 0xC1, 0xEF, 0xB4, 0x1E, 0xFF, 0x01, 0xEF, 0xD0, 0x1E, 0xFC, 0x01, 0xE0, 0x14, 0x02,
    0x42, 0xD0, 0xB4, 0x0F, 0xFF, 0x00, 0x2F, 0x80, 0x00, 0x00, 0x00, 0x00, 0x00, 0xF0, 0x03, 0xEF, 0x00, 0xBE, 0xF0,
    0x0F, 0xEF, 0x02, 0xEE, 0xF0, 0x3D, 0xEF, 0x0B, 0x5E, 0xF0, 0xF1, 0xEF, 0x2D, 0x1E, 0xF3, 0xC1, 0xEF, 0xB4, 0x1E,
    0xFF, 0x01, 0xEF, 0xD0, 0x1E, 0xFC, 0x01, 0xE0, 0xB4, 0x00, 0xF6, 0xD0, 0x0B, 0x8B, 0x40, 0x7C, 0x2D, 0x03, 0xD0,
    0xB4, 0x2E, 0x02, 0xFF, 0xF0, 0x0B, 0xFF, 0xC0, 0x2D, 0x0F, 0x80, 0xB4, 0x0F, 0x02, 0xD0, 0x2F, 0x0B, 0x40, 0x3D,
    0x2D, 0x00, 0x7C, 0xB4, 0x00, 0xB8, 0x03, 0xFF, 0xFE, 0x03, 0xFF, 0xFE, 0x03, 0xC0, 0x1E, 0x03, 0xC0, 0x1E, 0x03,
    0xC0, 0x1E, 0x03, 0xC0, 0x1E, 0x03, 0xC0, 0x1E, 0x03, 0xC0, 0x1E, 0x03, 0xC0, 0x1E, 0x07, 0x80, 0x1E, 0x0F, 0x40,
    0x1E, 0x7F, 0x00, 0x1E, 0x78, 0x00, 0x1E, 0x7E, 0x00, 0xFC, 0x7F, 0x00, 0xFC, 0x7B, 0x42, 0xEC, 0x7B, 0x83, 0xAC,
    0x79, 0xC7, 0x3C, 0x78, 0xEE, 0x3C, 0x78, 0xBD, 0x3C, 0x78, 0x7C, 0x3C, 0x78, 0x00, 0x3C, 0x78, 0x00, 0x3C, 0x78,
    0x00, 0x3C, 0x78, 0x00, 0x3C, 0x78, 0x00, 0x3C, 0xF0, 0x01, 0xEF, 0x00, 0x1E, 0xF0, 0x01, 0xEF, 0x00, 0x1E, 0xF0,
    0x01, 0xEF, 0xFF, 0xFE, 0xFF, 0xFF, 0xEF, 0x00, 0x1E, 0xF0, 0x01, 0xEF, 0x00, 0x1E, 0xF0, 0x01, 0xEF, 0x00, 0x1E,
    0xF0, 0x01, 0xE0, 0x01, 0xFF, 0x40, 0x3F, 0xFF, 0x82, 0xF0, 0x1F, 0x4F, 0x40, 0x1E, 0x3C, 0x00, 0x7C, 0xF0, 0x00,
    0xF3, 0xC0, 0x03, 0xCF, 0x00, 0x0F, 0x3C, 0x00, 0x7C, 0xF4, 0x01, 0xE2, 0xF0, 0x1F, 0x43, 0xFF, 0xF8, 0x01, 0xFF,
    0x40, 0xFF, 0xFF, 0xEF, 0xFF, 0xFE, 0xF0, 0x01, 0xEF, 0x00, 0x1E, 0xF0, 0x01, 0xEF, 0x00, 0x1E, 0xF0, 0x01, 0xEF,
    0x00, 0x1E, 0xF0, 0x01, 0xEF, 0x00, 0x1E, 0xF0, 0x01, 0xEF, 0x00, 0x1E, 0xF0, 0x01, 0xE0, 0xF1, 0xFE, 0x0F, 0x7F,
    0xFC, 0xFD, 0x07, 0xDF, 0x40, 0x1E, 0xF0, 0x01, 0xFF, 0x00, 0x1F, 0xF0, 0x01, 0xFF, 0x00, 0x1F, 0xF0, 0x01, 0xFF,
    0x40, 0x1E, 0xFD, 0x07, 0xDF, 0x7F, 0xFC, 0xF1, 0xFE, 0x0F, 0x00, 0x00, 0xF0, 0x00, 0x0F, 0x00, 0x00, 0xF0, 0x00,
    0x00, 0x07, 0xFE, 0x00, 0xBF, 0xFF, 0x07, 0xD0, 0x3E, 0x3D, 0x00, 0x7C, 0xF0, 0x00, 0x53, 0xC0, 0x00, 0x0F, 0x00,
    0x00, 0x3C, 0x00, 0x00, 0xF0, 0x00, 0x53, 0xD0, 0x07, 0xC7, 0xD0, 0x3E, 0x0F, 0xFF, 0xF0, 0x07, 0xFE, 0x00, 0xBF,
    0xFF, 0xFE, 0xBF, 0xFF, 0xFD, 0x00, 0x3C, 0x00, 0x00, 0x3C, 0x00, 0x00, 0x3C, 0x00, 0x00, 0x3C, 0x00, 0x00, 0x3C,
    0x00, 0x00, 0x3C, 0x00, 0x00, 0x3C, 0x00, 0x00, 0x3C, 0x00, 0x00, 0x3C, 0x00, 0x00, 0x3C, 0x00, 0x00, 0x3C, 0x00,
    0xB8, 0x00, 0x3D, 0x3C, 0x00, 0x3C, 0x3D, 0x00, 0xB8, 0x1F, 0x00, 0xF4, 0x0F, 0x00, 0xF0, 0x0B, 0x82, 0xE0, 0x03,
    0xC3, 0xC0, 0x03, 0xD3, 0xC0, 0x01, 0xEB, 0x40, 0x00, 0xFF, 0x00, 0x00, 0xBE, 0x00, 0x00, 0x7D, 0x00, 0x00, 0x3C,
    0x00, 0x00, 0xB8, 0x00, 0x00, 0xF0, 0x00, 0x01, 0xF0, 0x00, 0x02, 0xD0, 0x00, 0x00, 0x3C, 0x00, 0x00, 0x3C, 0x00,
    0x00, 0x3C, 0x00, 0x00, 0x3C, 0x00, 0x07, 0xFF, 0x90, 0x2F, 0xFF, 0xF4, 0x7D, 0x3C, 0x7C, 0xB4, 0x3C, 0x2D, 0xF0,
    0x3C, 0x1E, 0xF0, 0x3C, 0x1E, 0xF0, 0x3C, 0x1E, 0xF0, 0x3C, 0x1E, 0xF0, 0x3C, 0x1E, 0xB4, 0x3C, 0x2D, 0x7D, 0x3C,
    0x7C, 0x2F, 0xFF, 0xF4, 0x07, 0xFF, 0x90, 0x00, 0x3C, 0x00, 0x00, 0x3C, 0x00, 0x00, 0x3C, 0x00, 0x00, 0x3C, 0x00,
    0x7C, 0x00, 0x7C, 0x2F, 0x00, 0xF4, 0x0F, 0x42, 0xE0, 0x03, 0xC3, 0xC0, 0x02, 0xEF, 0x40, 0x00, 0xFE, 0x00, 0x00,
    0xBD, 0x00, 0x00, 0xFF, 0x00, 0x03, 0xDB, 0x80, 0x0B, 0xC3, 0xD0, 0x0F, 0x01, 0xF0, 0x3E, 0x00, 0xB8, 0xBC, 0x00,
    0x3D, 0xF0, 0x02, 0xD0, 0xF0, 0x02, 0xD0, 0xF0, 0x02, 0xD0, 0xF0, 0x02, 0xD0, 0xF0, 0x02, 0xD0, 0xF0, 0x02, 0xD0,
    0xF0, 0x02, 0xD0, 0xF0, 0x02, 0xD0, 0xF0, 0x02, 0xD0, 0xF0, 0x02, 0xD0, 0xF0, 0x02, 0xD0, 0xFF, 0xFF, 0xFC, 0xFF,
    0xFF, 0xFC, 0x00, 0x00, 0x2C, 0x00, 0x00, 0x2C, 0x00, 0x00, 0x2C, 0x00, 0x00, 0x00, 0x3C, 0x00, 0xB8, 0xF0, 0x02,
    0xE3, 0xC0, 0x0B, 0x8F, 0x00, 0x2E, 0x3C, 0x00, 0xB8, 0xF0, 0x02, 0xE3, 0xE0, 0x0B, 0x87, 0xFF, 0xFE, 0x02, 0xFF,
    0xF8, 0x00, 0x02, 0xE0, 0x00, 0x0B, 0x80, 0x00, 0x2E, 0x00, 0x00, 0xB8, 0xB4, 0x3C, 0x2D, 0xB4, 0x3C, 0x2D, 0xB4,
    0x3C, 0x2D, 0xB4, 0x3C, 0x2D, 0xB4, 0x3C, 0x2D, 0xB4, 0x3C, 0x2D, 0xB4, 0x3C, 0x2D, 0xB4, 0x3C, 0x2D, 0xB4, 0x3C,
    0x2D, 0xB4, 0x3C, 0x2D, 0xB4, 0x3C, 0x2D, 0xBF, 0xFF, 0xFD, 0xBF, 0xFF, 0xFD, 0xB4, 0x38, 0x2C, 0x2D, 0x0E, 0x0B,
    0x0B, 0x43, 0x82, 0xC2, 0xD0, 0xE0, 0xB0, 0xB4, 0x38, 0x2C, 0x2D, 0x0E, 0x0B, 0x0B, 0x43, 0x82, 0xC2, 0xD0, 0xE0,
    0xB0, 0xB4, 0x38, 0x2C, 0x2D, 0x0E, 0x0B, 0x0B, 0x43, 0x82, 0xC2, 0xFF, 0xFF, 0xFE, 0xBF, 0xFF, 0xFF, 0x80, 0x00,
    0x00, 0xE0, 0x00, 0x00, 0x38, 0x00, 0x00, 0x0E, 0x00, 0x00, 0x00, 0x00, 0x7F, 0xF0, 0x00, 0x07, 0xFF, 0x00, 0x00,
    0x00, 0xF0, 0x00, 0x00, 0x0F, 0x00, 0x00, 0x00, 0xF0, 0x00, 0x00, 0x0F, 0xFF, 0x80, 0x00, 0xFF, 0xFF, 0x40, 0x0F,
    0x00, 0xBC, 0x00, 0xF0, 0x03, 0xC0, 0x0F, 0x00, 0x3C, 0x00, 0xF0, 0x0B, 0xC0, 0x0F, 0xFF, 0xF4, 0x00, 0xFF, 0xF8,
    0x00, 0xB4, 0x00, 0x2D, 0xB4, 0x00, 0x2D, 0xB4, 0x00, 0x2D, 0xB4, 0x00, 0x2D, 0xB4, 0x00, 0x2D, 0xBF, 0xE0, 0x2D,
    0xBE, 0xFC, 0x2D, 0xB4, 0x1E, 0x2D, 0xB4, 0x0F, 0x2D, 0xB4, 0x0F, 0x2D, 0xB4, 0x1E, 0x2D, 0xBE, 0xFC, 0x2D, 0xBF,
    0xE0, 0x2D, 0xB4, 0x00, 0x02, 0xD0, 0x00, 0x0B, 0x40, 0x00, 0x2D, 0x00, 0x00, 0xB4, 0x00, 0x02, 0xFF, 0xFE, 0x0B,
    0xFF, 0xFF, 0x2D, 0x00, 0x3D, 0xB4, 0x00, 0xBA, 0xD0, 0x02, 0xEB, 0x40, 0x0F, 0x6F, 0xFF, 0xFC, 0xBF, 0xFF, 0x80,
    0x02, 0xFF, 0x40, 0x3F, 0xFF, 0x83, 0xE0, 0x1F, 0x4F, 0x00, 0x1E, 0x00, 0x00, 0x7C, 0x01, 0xFF, 0xF0, 0x07, 0xFF,
    0xC0, 0x00, 0x1F, 0x14, 0x00, 0x7C, 0xF0, 0x02, 0xE2, 0xF0, 0x1F, 0x43, 0xFF, 0xF8, 0x02, 0xFF, 0x40, 0xB4, 0x0B,
    0xF0, 0xB4, 0x3F, 0xFC, 0xB4, 0x7C, 0x2E, 0xB4, 0x74, 0x0F, 0xB4, 0x74, 0x0F, 0xBF, 0xF4, 0x0F, 0xBF, 0xF4, 0x0F,
    0xB4, 0x74, 0x0F, 0xB4, 0x74, 0x0F, 0xB4, 0x74, 0x0F, 0xB4, 0x3C, 0x2E, 0xB4, 0x2F, 0xFC, 0xB4, 0x0B, 0xF0, 0x06,
    0xFF, 0xF8, 0x7F, 0xFF, 0xE3, 0xE0, 0x07, 0x8F, 0x00, 0x1E, 0x3C, 0x00, 0x78, 0xF8, 0x01, 0xE1, 0xFF, 0xFF, 0x81,
    0xFF, 0xFE, 0x02, 0xE0, 0x78, 0x1F, 0x01, 0xE0, 0xF4, 0x07, 0x8B, 0xC0, 0x1E, 0x3D, 0x00, 0x78, 0x0B, 0x42, 0xD0,
    0x3F, 0x0F, 0xC0, 0xB4, 0x2E, 0x00, 0x00, 0x00, 0x00, 0x00, 0x00, 0x07, 0xFD, 0x00, 0xFF, 0xFE, 0x0B, 0xC0, 0x7D,
    0x3C, 0x00, 0x78, 0xF0, 0x00, 0xF3, 0xFF, 0xFF, 0xCF, 0xFF, 0xFF, 0x3C, 0x00, 0x00, 0xF0, 0x00, 0x03, 0xD0, 0x01,
    0x4B, 0xC0, 0x3D, 0x0F, 0xFF, 0xF0, 0x07, 0xFD, 0x00, 0x0F, 0x00, 0x00, 0x0F, 0x00, 0x00, 0xFF, 0xFF, 0x00, 0xFF,
    0xFF, 0x00, 0x0F, 0x00, 0x00, 0x0F, 0x1B, 0xD0, 0x0F, 0x7F, 0xF8, 0x0F, 0xD0, 0x7D, 0x0F, 0x80, 0x2E, 0x0F, 0x40,
    0x1E, 0x0F, 0x00, 0x1E, 0x0F, 0x00, 0x1E, 0x0F, 0x00, 0x1E, 0x0F, 0x00, 0x1E, 0x0F, 0x00, 0x1E, 0x0F, 0x00, 0x1E,
    0x0F, 0x00, 0x1E, 0x00, 0x00, 0x2E, 0x00, 0x00, 0x7C, 0x00, 0x0F, 0xF4, 0x00, 0x1F, 0x90, 0x00, 0x09, 0x00, 0x03,
    0xC0, 0x00, 0xB4, 0x00, 0x1E, 0x00, 0x00, 0x00, 0x00, 0x00, 0x00, 0xFF, 0xFF, 0xCF, 0xFF, 0xFC, 0xF0, 0x00, 0x0F,
    0x00, 0x00, 0xF0, 0x00, 0x0F, 0x00, 0x00, 0xF0, 0x00, 0x0F, 0x00, 0x00, 0xF0, 0x00, 0x0F, 0x00, 0x00, 0xF0, 0x00,
    0x0F, 0x00, 0x00, 0xF0, 0x00, 0x00, 0x07, 0xFE, 0x03, 0xFF, 0xFC, 0xBC, 0x03, 0xEF, 0x40, 0x0F, 0xF0, 0x00, 0x0F,
    0xFF, 0x00, 0xFF, 0xF4, 0x0F, 0x00, 0x00, 0xF0, 0x00, 0x5F, 0x40, 0x1F, 0xBD, 0x03, 0xD3, 0xFF, 0xFC, 0x07, 0xFD,
    0x00, 0x02, 0xFF, 0x80, 0x7F, 0xFF, 0xC2, 0xE0, 0x0F, 0x4F, 0x00, 0x04, 0x2D, 0x00, 0x00, 0x7F, 0xA4, 0x00, 0x7F,
    0xFE, 0x00, 0x01, 0x7D, 0x00, 0x00, 0x78, 0xA0, 0x00, 0xF3, 0xE0, 0x0B, 0x87, 0xFF, 0xFC, 0x02, 0xFF, 0x80, 0x00,
    0x3D, 0x00, 0x00, 0x7F, 0x00, 0x00, 0x3D, 0x00, 0x00, 0x00, 0x00, 0x00, 0x00, 0x00, 0x2F, 0xFE, 0x00, 0x1F, 0xFE,
    0x00, 0x00, 0x2E, 0x00, 0x00, 0x2E, 0x00, 0x00, 0x2E, 0x00, 0x00, 0x2E, 0x00, 0x00, 0x2E, 0x00, 0x00, 0x2E, 0x00,
    0x00, 0x2E, 0x00, 0x00, 0x2E, 0x00, 0x00, 0x2E, 0x00, 0x3F, 0xFF, 0xFE, 0x3F, 0xFF, 0xFF, 0x07, 0x81, 0xF0, 0x0B,
    0xC2, 0xF0, 0x07, 0x81, 0xF0, 0x00, 0x00, 0x00, 0x00, 0x00, 0x00, 0x2F, 0xFE, 0x00, 0x1F, 0xFE, 0x00, 0x00, 0x2E,
    0x00, 0x00, 0x2E, 0x00, 0x00, 0x2E, 0x00, 0x00, 0x2E, 0x00, 0x00, 0x2E, 0x00, 0x00, 0x2E, 0x00, 0x00, 0x2E, 0x00,
    0x00, 0x2E, 0x00, 0x00, 0x2E, 0x00, 0x3F, 0xFF, 0xFE, 0x3F, 0xFF, 0xFF, 0x00, 0x07, 0xC0, 0x00, 0xFD, 0x00, 0x07,
    0xC0, 0x00, 0x00, 0x00, 0x00, 0x03, 0xFF, 0xFC, 0x3F, 0xFF, 0xC0, 0x00, 0x3C, 0x00, 0x03, 0xC0, 0x00, 0x3C, 0x00,
    0x03, 0xC0, 0x00, 0x3C, 0x00, 0x03, 0xC0, 0x00, 0x3C, 0x00, 0x03, 0xC0, 0x00, 0x3C, 0x00, 0x03, 0xC0, 0x00, 0x3C,
    0x00, 0x07, 0xC0, 0x01, 0xF4, 0x3F, 0xFE, 0x03, 0xFF, 0x40, 0x0F, 0xFF, 0x00, 0x00, 0xFF, 0xF0, 0x00, 0x0F, 0x0B,
    0x00, 0x00, 0xF0, 0xB0, 0x00, 0x0F, 0x0B, 0x00, 0x00, 0xF0, 0xBF, 0xE0, 0x0F, 0x0B, 0xFF, 0x80, 0xF0, 0xB0, 0x3C,
    0x0E, 0x0B, 0x02, 0xD1, 0xE0, 0xB0, 0x2D, 0x2D, 0x0B, 0x03, 0xCF, 0xC0, 0xBF, 0xF8, 0xF0, 0x0B, 0xFE, 0x00, 0xB4,
    0x1C, 0x00, 0x2D, 0x07, 0x00, 0x0B, 0x41, 0xC0, 0x02, 0xD0, 0x70, 0x00, 0xB4, 0x1C, 0x00, 0x2F, 0xFF, 0xFE, 0x0B,
    0xEB, 0xFB, 0xE2, 0xD0, 0x70, 0x3C, 0xB4, 0x1C, 0x0B, 0x6D, 0x07, 0x02, 0xDB, 0x41, 0xC0, 0xF2, 0xD0, 0x7E, 0xF8,
    0xB4, 0x1F, 0xF8, 0x00, 0x0F, 0x00, 0x00, 0x0F, 0x00, 0x00, 0xFF, 0xFF, 0x00, 0xFF, 0xFF, 0x00, 0x0F, 0x00, 0x00,
    0x0F, 0x1B, 0x90, 0x0F, 0x7F, 0xF8, 0x0F, 0xD0, 0x7D, 0x0F, 0x80, 0x2E, 0x0F, 0x40, 0x1E, 0x0F, 0x00, 0x1E, 0x0F,
    0x00, 0x1E, 0x0F, 0x00, 0x1E, 0x0F, 0x00, 0x1E, 0x0F, 0x00, 0x1E, 0x0F, 0x00, 0x1E, 0x0F, 0x00, 0x1E, 0x00, 0x05,
    0x00, 0x00, 0xB8, 0x00, 0x07, 0xC0, 0x00, 0x3C, 0x00, 0x00, 0x00, 0x00, 0x00, 0x00, 0x0B, 0x40, 0x0F, 0x6D, 0x00,
    0xB8, 0xB4, 0x07, 0xC2, 0xD0, 0x3D, 0x0B, 0x42, 0xE0, 0x2F, 0xFF, 0x00, 0xBF, 0xFC, 0x02, 0xD0, 0xF8, 0x0B, 0x40,
    0xF0, 0x2D, 0x02, 0xF0, 0xB4, 0x03, 0xD2, 0xD0, 0x07, 0xCB, 0x40, 0x0B, 0x80, 0x05, 0x00, 0x90, 0x0B, 0x42, 0xD0,
    0x03, 0xFF, 0xC0, 0x00, 0xBE, 0x00, 0x00, 0x00, 0x00, 0x00, 0x00, 0x00, 0xB8, 0x00, 0x3D, 0x3C, 0x00, 0x3C, 0x3D,
    0x00, 0xB8, 0x1F, 0x00, 0xF4, 0x0F, 0x00, 0xF0, 0x0B, 0x82, 0xE0, 0x03, 0xC3, 0xC0, 0x03, 0xD3, 0xC0, 0x01, 0xEB,
    0x40, 0x00, 0xFF, 0x00, 0x00, 0xBE, 0x00, 0x00, 0x7D, 0x00, 0x00, 0x3C, 0x00, 0x00, 0xB8, 0x00, 0x00, 0xF0, 0x00,
    0x01, 0xF0, 0x00, 0x02, 0xD0, 0x00, 0xF0, 0x01, 0xEF, 0x00, 0x1E, 0xF0, 0x01, 0xEF, 0x00, 0x1E, 0xF0, 0x01, 0xEF,
    0x00, 0x1E, 0xF0, 0x01, 0xEF, 0x00, 0x1E, 0xF0, 0x01, 0xEF, 0x00, 0x1E, 0xF0, 0x01, 0xEF, 0xFF, 0xFE, 0xFF, 0xFF,
    0xE0, 0x0F, 0x00, 0x00, 0xF0, 0x00, 0x0F, 0x00, 0x00, 0x00, 0x3C, 0x00, 0x00, 0xF3, 0xFF, 0xFF, 0xCF, 0xFF, 0xFE,
    0x3C, 0x00, 0x00, 0xF0, 0x00, 0x03, 0xC0, 0x00, 0x0F, 0x00, 0x00, 0x3C, 0x00, 0x00, 0xF0, 0x00, 0x03, 0xC0, 0x00,
    0x0F, 0x00, 0x00, 0x3C, 0x00, 0x00, 0xF0, 0x00, 0x03, 0xC0, 0x00, 0x0F, 0x00, 0x00, 0x3C, 0x00, 0x00, 0xF0, 0x00,
    0x03, 0xC0, 0x00, 0x00, 0x00, 0x00, 0xF0, 0x00, 0x03, 0xC3, 0xFF, 0xFF, 0x0F, 0xFF, 0xFC, 0x3C, 0x00, 0x00, 0xF0,
    0x00, 0x03, 0xC0, 0x00, 0x0F, 0x00, 0x00, 0x3C, 0x00, 0x00, 0xF0, 0x00, 0x03, 0xC0, 0x00, 0x0F, 0x00, 0x00, 0x3C,
    0x00, 0x00, 0xF0, 0x00, 0x03, 0xC0, 0x00, 0x00, 0x03, 0xFF, 0xFF, 0xC0, 0xFF, 0xFF, 0xE0, 0x3C, 0x00, 0x00, 0x0F,
    0x00, 0x00, 0x03, 0xC0, 0x00, 0x00, 0xF0, 0x00, 0x00, 0x3C, 0x00, 0x00, 0x0F, 0x00, 0x00, 0x7F, 0xFF, 0x80, 0x1F,
    0xFF, 0xE0, 0x00, 0x3C, 0x00, 0x00, 0x0F, 0x00, 0x00, 0x03, 0xC0, 0x00, 0x00, 0xF0, 0x00, 0x00, 0x3C, 0x00, 0x00,
    0x0F, 0x00, 0x00, 0x03, 0xC0, 0x00, 0x00, 0x0B, 0xFF, 0xFE, 0x0B, 0xFF, 0xFD, 0x0B, 0x80, 0x00, 0x0B, 0x80, 0x00,
    0x0B, 0x80, 0x00, 0x0B, 0x80, 0x00, 0xFF, 0xFF, 0x80, 0xBF, 0xFF, 0x40, 0x0B, 0x80, 0x00, 0x0B, 0x80, 0x00, 0x0B,
    0x80, 0x00, 0x0B, 0x80, 0x00, 0x0B, 0x80, 0x00, 0x3C, 0x00, 0x3C, 0x0F, 0x00, 0x2E, 0x03, 0xC0, 0x0F, 0x00, 0xF0,
    0x0B, 0x80, 0x3C, 0x03, 0xC0, 0x0F, 0x02, 0xE0, 0x03, 0xC0, 0xF0, 0x00, 0xFF, 0xF8, 0x00, 0x3F, 0xFD, 0x00, 0x0F,
    0x07, 0xC0, 0x03, 0xC0, 0xF4, 0x00, 0xF0, 0x1F, 0x00, 0x3C, 0x03, 0xD0, 0x0F, 0x00, 0x7C, 0x03, 0xC0, 0x0F, 0x40,
    0xF0, 0x01, 0xFD, 0x3C, 0x00, 0x3F, 0x40, 0x00, 0x01, 0xD0, 0x00, 0x00, 0x74, 0x00, 0x00, 0x1D, 0xF0, 0x00, 0xF0,
    0xF0, 0x03, 0xD0, 0xF0, 0x0B, 0x80, 0xF0, 0x1F, 0x00, 0xF0, 0x3D, 0x00, 0xFF, 0xF8, 0x00, 0xFF, 0xF8, 0x00, 0xF0,
    0x3C, 0x00, 0xF0, 0x2F, 0x00, 0xF0, 0x0F, 0x40, 0xF0, 0x07, 0xC0, 0xF0, 0x03, 0xFC, 0xF0, 0x00, 0xFC, 0x00, 0x00,
    0x2C, 0x00, 0x00, 0x2C, 0x00, 0x00, 0x2C, 0xF0, 0x02, 0xE3, 0xC0, 0x0B, 0x8F, 0x00, 0x2E, 0x3C, 0x00, 0xB8, 0xF0,
    0x02, 0xE3, 0xC0, 0x0B, 0x8F, 0x00, 0x2E, 0x3F, 0xFF, 0xF8, 0xFF, 0xFF, 0xE3, 0xC0, 0x0B, 0x8F, 0x00, 0x2E, 0x3C,
    0x00, 0xB8, 0xF0, 0x02, 0xE3, 0xC0, 0x0B, 0x8F, 0x00, 0x2E, 0x3C, 0x00, 0xBE, 0xF0, 0x02, 0xF8, 0x00, 0x00, 0xE0,
    0x00, 0x03, 0x80, 0x00, 0x0E, 0xF0, 0x02, 0xE3, 0xC0, 0x0B, 0x8F, 0x00, 0x2E, 0x3C, 0x00, 0xB8, 0xF0, 0x02, 0xE3,
    0xFF, 0xFF, 0x8F, 0xFF, 0xFE, 0x3C, 0x00, 0xB8, 0xF0, 0x02, 0xE3, 0xC0, 0x0B, 0x8F, 0x00, 0x2E, 0x3C, 0x00, 0xBE,
    0xF0, 0x02, 0xF8, 0x00, 0x00, 0xE0, 0x00, 0x03, 0x80, 0x00, 0x0E, 0x3C, 0x00, 0x07, 0xC7, 0x80, 0x03, 0xD0, 0xF0,
    0x01, 0xF0, 0x2E, 0x00, 0xF4, 0x03, 0xC0, 0x3C, 0x00, 0xB8, 0x2D, 0x00, 0x0F, 0x0F, 0x00, 0x02, 0xDB, 0x40, 0x00,
    0x3F, 0xC0, 0x00, 0x0B, 0xD0, 0x00, 0x00, 0xF0, 0x00, 0x00, 0x3C, 0x00, 0x00, 0x0F, 0x00, 0x00, 0x03, 0xC0, 0x00,
    0x00, 0xF0, 0x00, 0x00, 0x3C, 0x00, 0x00, 0x0F, 0x00, 0x00, 0x78, 0x00, 0x3C, 0x3C, 0x00, 0x3C, 0x3D, 0x00, 0xB8,
    0x1E, 0x00, 0xF0, 0x0F, 0x00, 0xF0, 0x0B, 0x41, 0xD0, 0x07, 0x83, 0xC0, 0x03, 0xC3, 0xC0, 0x02, 0xD7, 0x40, 0x01,
    0xEB, 0x00, 0x00, 0xFF, 0x00, 0x00, 0xBD, 0x00, 0x00, 0x7C, 0x00, 0x00, 0x3C, 0x00, 0x00, 0x3C, 0x00, 0x00, 0x3C,
    0x00, 0x00, 0x3C, 0x00, 0x3C, 0x00, 0x07, 0xCB, 0x80, 0x03, 0xD0, 0xF0, 0x01, 0xF0, 0x2E, 0x00, 0xB4, 0x03, 0xC0,
    0x3C, 0x00, 0xB8, 0x2D, 0x00, 0x0F, 0x0F, 0x00, 0x02, 0xDB, 0x80, 0x00, 0x7F, 0xC0, 0x00, 0x0F, 0xE0, 0x00, 0x01,
    0xF0, 0x00, 0x0F, 0xFF, 0xF0, 0x03, 0xFF, 0xF8, 0x00, 0x03, 0xC0, 0x00, 0x00, 0xF0, 0x00, 0x00, 0x3C, 0x00, 0x00,
    0x0F, 0x00, 0x00, 0x78, 0x00, 0x3C, 0x3C, 0x00, 0x3C, 0x3D, 0x00, 0xB8, 0x1E, 0x00, 0xF0, 0x0F, 0x00, 0xF0, 0x0B,
    0x41, 0xE0, 0x07, 0x83, 0xC0, 0x03, 0xC3, 0xC0, 0x02, 0xD7, 0x40, 0x01, 0xEB, 0x00, 0x00, 0xFF, 0x00, 0x00, 0xBD,
    0x00, 0x00, 0x7C, 0x00, 0x0F, 0xFF, 0xF0, 0x0A, 0xFE, 0xA0, 0x00, 0x3C, 0x00, 0x00, 0x3C, 0x00, 0xB8, 0x00, 0xB4,
    0xB8, 0x00, 0xB4, 0xB8, 0x00, 0xB4, 0xB8, 0x00, 0xB4, 0xB8, 0x00, 0xB4, 0xB8, 0x00, 0xB4, 0x78, 0x00, 0xB4, 0x7C,
    0x00, 0xB4, 0x3E, 0x00, 0xB4, 0x1F, 0xFF, 0xF4, 0x06, 0xFF, 0xF4, 0x00, 0x00, 0xB4, 0x00, 0x00, 0xB4, 0x00, 0x00,
    0xB4, 0x00, 0x00, 0xB4, 0x00, 0x00, 0xBD, 0x00, 0x00, 0xBD, 0x00, 0x00, 0x1D, 0x00, 0x00, 0x1D, 0x00, 0x00, 0x1D,
    0x7C, 0x00, 0xB4, 0x7C, 0x00, 0xB4, 0x7C, 0x00, 0xB4, 0x7C, 0x00, 0xB4, 0x7C, 0x00, 0xB4, 0x7C, 0x00, 0xB4, 0x3E,
    0x00, 0xB4, 0x1F, 0xFF, 0xF4, 0x02, 0xFF, 0xF4, 0x00, 0x00, 0xB4, 0x00, 0x00, 0xB4, 0x00, 0x00, 0xBD, 0x00, 0x00,
    0xBD, 0x00, 0x00, 0x1D, 0x00, 0x00, 0x1D, 0x00, 0x00, 0x1D, 0xF4, 0x00, 0x03, 0xD0, 0x00, 0x0F, 0x40, 0x00, 0x3D,
    0x00, 0x00, 0xF4, 0x00, 0x03, 0xD0, 0x00, 0x0F, 0xFF, 0xE0, 0x3F, 0xFF, 0xF0, 0xF4, 0x03, 0xE3, 0xD0, 0x03, 0xCF,
    0x40, 0x0F, 0x3D, 0x00, 0x3C, 0xF4, 0x00, 0xF3, 0xD0, 0x03, 0xCF, 0x40, 0x0F, 0x3D, 0x00, 0x3C, 0xF4, 0x00, 0xF0,
    0xB4, 0x00, 0x0B, 0x40, 0x00, 0xB4, 0x00, 0x0B, 0x40, 0x00, 0xB4, 0x00, 0x0B, 0xFF, 0xE0, 0xBF, 0xFF, 0xDB, 0x40,
    0x2F, 0xB4, 0x00, 0xFB, 0x40, 0x0F, 0xB4, 0x00, 0xFB, 0x40, 0x0F, 0xB4, 0x00, 0xF0, 0x02, 0xFF, 0x40, 0x3F, 0xFF,
    0x82, 0xF0, 0x1F, 0x0F, 0x00, 0x2E, 0x28, 0x00, 0x78, 0x00, 0x01, 0xE0, 0x00, 0x07, 0x8F, 0xFF, 0xFE, 0x3F, 0xFF,
    0xF8, 0xF0, 0x01, 0xE3, 0xC0, 0x07, 0x8F, 0x00, 0x1E, 0x3C, 0x00, 0x78, 0xF4, 0x02, 0xE2, 0xF0, 0x1F, 0x03, 0xFF,
    0xF8, 0x02, 0xFF, 0x40, 0x01, 0xFF, 0x40, 0x3F, 0xFF, 0x82, 0xE0, 0x1F, 0x45, 0x00, 0x1E, 0x00, 0x00, 0x3C, 0x00,
    0x00, 0xF3, 0xFF, 0xFF, 0xCF, 0xFF, 0xFF, 0x3C, 0x00, 0x3C, 0xF0, 0x01, 0xE2, 0xF0, 0x0F, 0x43, 0xFF, 0xF8, 0x01,
    0xFF, 0x40, 0x02, 0xD0, 0xB4, 0x00, 0x3F, 0x0F, 0xC0, 0x02, 0xD0, 0xB8, 0x00, 0x00, 0x00, 0x00, 0x00, 0x00, 0x00,
    0x07, 0x80, 0xF0, 0x3D, 0x3C, 0x0F, 0x03, 0xC2, 0xD0, 0xF0, 0xB8, 0x1E, 0x0F, 0x0F, 0x00, 0xF0, 0xF0, 0xF0, 0x0B,
    0x4F, 0x2D, 0x00, 0x78, 0xF3, 0xC0, 0x03, 0xFF, 0xFC, 0x00, 0x3F, 0xFF, 0x80, 0x07, 0xCF, 0x3C, 0x00, 0xB4, 0xF2,
    0xD0, 0x0F, 0x0F, 0x1F, 0x01, 0xF0, 0xF0, 0xF0, 0x2D, 0x0F, 0x0B, 0x43, 0xC0, 0xF0, 0x7C, 0x78, 0x0F, 0x03, 0xCB,
    0x40, 0xF0, 0x2D, 0x02, 0xD0, 0xB4, 0x00, 0x3F, 0x0F, 0xC0, 0x02, 0xD0, 0xB8, 0x00, 0x00, 0x00, 0x00, 0x00, 0x00,
    0x00, 0x07, 0x80, 0xF0, 0x3C, 0x3C, 0x0F, 0x07, 0x81, 0xE0, 0xF0, 0xF0, 0x0F, 0x0F, 0x1E, 0x00, 0x78, 0xF3, 0xD0,
    0x03, 0xFF, 0xFC, 0x00, 0x3F, 0xFF, 0xC0, 0x07, 0x8F, 0x3C, 0x00, 0xF0, 0xF1, 0xE0, 0x0F, 0x0F, 0x0F, 0x02, 0xD0,
    0xF0, 0xB4, 0x3C, 0x0F, 0x03, 0xC7, 0x80, 0xF0, 0x3D, 0x0B, 0x42, 0xD0, 0x0F, 0xC3, 0xF0, 0x0B, 0x42, 0xE0, 0x00,
    0x00, 0x00, 0x00, 0x00, 0x00, 0x02, 0xFF, 0x40, 0x0F, 0xFF, 0xE0, 0x3E, 0x01, 0xF4, 0x3C, 0x00, 0xB8, 0x24, 0x00,
    0x78, 0x00, 0x00, 0xB4, 0x00, 0x02, 0xF0, 0x01, 0xFF, 0x80, 0x00, 0xFF, 0xE0, 0x00, 0x01, 0xF4, 0x00, 0x00, 0x7C,
    0x00, 0x00, 0x3C, 0xB4, 0x00, 0x3C, 0xB8, 0x00, 0x7C, 0x3E, 0x01, 0xF8, 0x1F, 0xFF, 0xF0, 0x02, 0xFF, 0x40, 0x0B,
    0x42, 0xD0, 0x0F, 0xC3, 0xF0, 0x0B, 0x42, 0xE0, 0x00, 0x00, 0x00, 0x00, 0x00, 0x00, 0x07, 0xFF, 0x80, 0x2F, 0xFF,
    0xF0, 0x3D, 0x00, 0xF8, 0x00, 0x00, 0x78, 0x00, 0x00, 0xF4, 0x01, 0xFF, 0xD0, 0x01, 0xFF, 0xF0, 0x00, 0x00, 0xF8,
    0x00, 0x00, 0x3C, 0x68, 0x00, 0x3C, 0x3D, 0x00, 0xBC, 0x2F, 0xFF, 0xF0, 0x07, 0xFF, 0x80, 0x2D, 0x0B, 0x43, 0xF0,
    0xFC, 0x2D, 0x0B, 0x80, 0x00, 0x00, 0x00, 0x00, 0x0F, 0x00, 0x3E, 0xF0, 0x0B, 0xEF, 0x00, 0xFE, 0xF0, 0x1E, 0xEF,
    0x02, 0xDE, 0xF0, 0x3C, 0xEF, 0x07, 0x9E, 0xF0, 0xB1, 0xEF, 0x0F, 0x1E, 0xF1, 0xD1, 0xEF, 0x2C, 0x1E, 0xF3, 0xC1,
    0xEF, 0x74, 0x1E, 0xFF, 0x01, 0xEF, 0xE0, 0x1E, 0xFD, 0x01, 0xEF, 0xC0, 0x1E, 0x2D, 0x0B, 0x43, 0xF0, 0xFC, 0x2D,
    0x0B, 0x80, 0x00, 0x00, 0x00, 0x00, 0x0F, 0x00, 0x3E, 0xF0, 0x0B, 0xEF, 0x00, 0xFE, 0xF0, 0x2E, 0xEF, 0x03, 0xDE,
    0xF0, 0xB5, 0xEF, 0x0F, 0x1E, 0xF2, 0xD1, 0xEF, 0x3C, 0x1E, 0xFB, 0x41, 0xEF, 0xF0, 0x1E, 0xFD, 0x01, 0xEF, 0xC0,
    0x1E, 0x2D, 0x0B, 0x43, 0xF0, 0xFC, 0x2D, 0x0B, 0x80, 0x00, 0x00, 0x00, 0x00, 0x00, 0x7F, 0xD0, 0x3F, 0xFF, 0x87,
    0xC0, 0x7D, 0xF4, 0x02, 0xEF, 0x00, 0x1E, 0xF0, 0x01, 0xFF, 0x00, 0x1F, 0xF0, 0x01, 0xFF, 0x00, 0x1F, 0xF0, 0x01,
    0xFF, 0x00, 0x1F, 0xF0, 0x01, 0xFF, 0x00, 0x1E, 0xF4, 0x02, 0xE7, 0xC0, 0x7D, 0x3F, 0xFF, 0x80, 0x7F, 0xD0, 0x0B,
    0x42, 0xD0, 0x3F, 0x0F, 0xC0, 0xB4, 0x2E, 0x00, 0x00, 0x00, 0x00, 0x00, 0x00, 0x07, 0xFD, 0x00, 0xFF, 0xFE, 0x0B,
    0xC0, 0x7D, 0x3D, 0x00, 0x78, 0xF0, 0x01, 0xF3, 0xC0, 0x03, 0xCF, 0x00, 0x0F, 0x3C, 0x00, 0x3C, 0xF0, 0x01, 0xF3,
    0xD0, 0x07, 0x8B, 0xC0, 0x7D, 0x0F, 0xFF, 0xE0, 0x07, 0xFD, 0x00, 0x07, 0xFD, 0x03, 0xFF, 0xF8, 0x7C, 0x07, 0xDF,
    0x40, 0x2E, 0xF0, 0x01, 0xEF, 0x00, 0x1E, 0xF0, 0x01, 0xEF, 0xFF, 0xFE, 0xFF, 0xFF, 0xEF, 0x00, 0x1E, 0xF0, 0x01,
    0xEF, 0x00, 0x1E, 0xF0, 0x01, 0xEF, 0x40, 0x2E, 0x7C, 0x07, 0xD3, 0xFF, 0xF8, 0x07, 0xFD, 0x00, 0x07, 0xFD, 0x03,
    0xFF, 0xF8, 0x7C, 0x07, 0xCF, 0x40, 0x1E, 0xF0, 0x01, 0xEF, 0xFF, 0xFE, 0xFF, 0xFF, 0xEF, 0x00, 0x1E, 0xF0, 0x01,
    0xEF, 0x40, 0x2E, 0x7C, 0x07, 0xC3, 0xFF, 0xF8, 0x07, 0xFD, 0x00, 0x0B, 0x42, 0xD0, 0x3F, 0x0F, 0xC0, 0xB4, 0x2E,
    0x00, 0x00, 0x00, 0x00, 0x00, 0x01, 0xF0, 0x01, 0xE7, 0xC0, 0x07, 0x9F, 0x00, 0x1E, 0x7C, 0x00, 0x79, 0xF0, 0x01,
    0xE7, 0xC0, 0x07, 0x9F, 0x00, 0x1E, 0x3C, 0x00, 0x78, 0xF8, 0x01, 0xE1, 0xFF, 0xFF, 0x80, 0xBF, 0xFE, 0x00, 0x00,
    0x78, 0x00, 0x01, 0xE0, 0x00, 0x07, 0x80, 0x00, 0x1E, 0x00, 0x00, 0x78, 0x00, 0x01, 0xE0, 0x0B, 0x42, 0xD0, 0x3F,
    0x0F, 0xC0, 0xB4, 0x2E, 0x00, 0x00, 0x00, 0x00, 0x00, 0x00, 0xF0, 0x02, 0xE3, 0xC0, 0x0B, 0x8F, 0x00, 0x2E, 0x3C,
    0x00, 0xB8, 0xF0, 0x02, 0xE3, 0xC0, 0x0B, 0x8F, 0x80, 0x2E, 0x1F, 0xFF, 0xF8, 0x0B, 0xFF, 0xE0, 0x00, 0x0B, 0x80,
    0x00, 0x2E, 0x00, 0x00, 0xB8, 0x00, 0x02, 0xE0, 0x00, 0x90, 0x00, 0x00, 0x0B, 0x80, 0x00, 0x00, 0x3C, 0x00, 0x00,
    0x01, 0xF0, 0x00, 0x00, 0x00, 0x00, 0x00, 0x00, 0x00, 0x00, 0x74, 0x0F, 0x02, 0xD7, 0x81, 0xF4, 0x2C, 0x78, 0x1F,
    0x43, 0xC3, 0x82, 0xF8, 0x3C, 0x3C, 0x3B, 0x83, 0xC3, 0xC3, 0xA8, 0x38, 0x3C, 0x36, 0xC3, 0x82, 0xC3, 0x5C, 0x74,
    0x2D, 0x71, 0xC7, 0x41, 0xD7, 0x0C, 0xB0, 0x1D, 0xB0, 0xDB, 0x00, 0xEB, 0x0D, 0xB0, 0x0E, 0xE0, 0xEF, 0x00, 0xFE,
    0x0A, 0xE0, 0x0F, 0xD0, 0xBE, 0x00, 0xBD, 0x07, 0xD0, 0x0B, 0xC0, 0x7D, 0x00, 0x00, 0x90, 0x00, 0x00, 0x0B, 0x80,
    0x00, 0x00, 0x3C, 0x00, 0x00, 0x01, 0xF0, 0x00, 0x00, 0x00, 0x00, 0x00, 0x00, 0x00, 0x00, 0x38, 0x0F, 0x02, 0xC3,
    0x81, 0xF0, 0x3C, 0x3C, 0x2F, 0x43, 0x82, 0xC2, 0xB8, 0x38, 0x2C, 0x3A, 0x87, 0x41, 0xD3, 0x6C, 0x70, 0x1D, 0x71,
    0xCB, 0x00, 0xE7, 0x0C, 0xB0, 0x0E, 0xB0, 0xDE, 0x00, 0xFE, 0x0E, 0xE0, 0x0B, 0xD0, 0xFD, 0x00, 0x7D, 0x0B, 0xC0,
    0x07, 0xC0, 0x7C, 0x00, 0x00, 0x00, 0x90, 0x00, 0x00, 0x2E, 0x00, 0x00, 0x07, 0xC0, 0x00, 0x00, 0xF0, 0x00, 0x00,
    0x00, 0x00, 0x00, 0x00, 0x00, 0x00, 0x74, 0x0F, 0x02, 0xD7, 0x81, 0xF4, 0x2C, 0x78, 0x1F, 0x43, 0xC3, 0x82, 0xF8,
    0x3C, 0x3C, 0x3B, 0x83, 0xC3, 0xC3, 0xA8, 0x38, 0x3C, 0x36, 0xC3, 0x82, 0xC3, 0x5C, 0x74, 0x2D, 0x71, 0xC7, 0x41,
    0xD7, 0x0C, 0xB0, 0x1D, 0xB0, 0xDB, 0x00, 0xEB, 0x0D, 0xB0, 0x0E, 0xE0, 0xEF, 0x00, 0xFE, 0x0A, 0xE0, 0x0F, 0xD0,
    0xBE, 0x00, 0xBD, 0x07, 0xD0, 0x0B, 0xC0, 0x7D, 0x00, 0x00, 0x00, 0x90, 0x00, 0x00, 0x2E, 0x00, 0x00, 0x07, 0xC0,
    0x00, 0x00, 0xF0, 0x00, 0x00, 0x00, 0x00, 0x00, 0x00, 0x00, 0x00, 0x38, 0x0F, 0x02, 0xC3, 0x81, 0xF0, 0x3C, 0x3C,
    0x2F, 0x43, 0x82, 0xC2, 0xB8, 0x38, 0x2C, 0x3A, 0x87, 0x41, 0xD3, 0x6C, 0x70, 0x1D, 0x71, 0xCB, 0x00, 0xE7, 0x0C,
    0xB0, 0x0E, 0xB0, 0xDE, 0x00, 0xFE, 0x0E, 0xE0, 0x0B, 0xD0, 0xFD, 0x00, 0x7D, 0x0B, 0xC0, 0x07, 0xC0, 0x7C, 0x00,
    0x02, 0xD0, 0xB4, 0x00, 0x3F, 0x0F, 0xC0, 0x02, 0xD0, 0xB8, 0x00, 0x00, 0x00, 0x00, 0x00, 0x00, 0x00, 0x07, 0x40,
    0xF0, 0x2D, 0x78, 0x1F, 0x42, 0xC7, 0x81, 0xF4, 0x3C, 0x38, 0x2F, 0x83, 0xC3, 0xC3, 0xB8, 0x3C, 0x3C, 0x3A, 0x83,
    0x83, 0xC3, 0x6C, 0x38, 0x2C, 0x35, 0xC7, 0x42, 0xD7, 0x1C, 0x74, 0x1D, 0x70, 0xCB, 0x01, 0xDB, 0x0D, 0xB0, 0x0E,
    0xB0, 0xDB, 0x00, 0xEE, 0x0E, 0xF0, 0x0F, 0xE0, 0xAE, 0x00, 0xFD, 0x0B, 0xE0, 0x0B, 0xD0, 0x7D, 0x00, 0xBC, 0x07,
    0xD0, 0x02, 0xD0, 0xB4, 0x00, 0x3F, 0x0F, 0xC0, 0x02, 0xD0, 0xB8, 0x00, 0x00, 0x00, 0x00, 0x00, 0x00, 0x00, 0x03,
    0x80, 0xF0, 0x2C, 0x38, 0x1F, 0x03, 0xC3, 0xC2, 0xF4, 0x38, 0x2C, 0x2B, 0x83, 0x82, 0xC3, 0xA8, 0x74, 0x1D, 0x36,
    0xC7, 0x01, 0xD7, 0x1C, 0xB0, 0x0E, 0x70, 0xCB, 0x00, 0xEB, 0x0D, 0xE0, 0x0F, 0xE0, 0xEE, 0x00, 0xBD, 0x0F, 0xD0,
    0x07, 0xD0, 0xBC, 0x00, 0x7C, 0x07, 0xC0, 0x07, 0xFF, 0xF0, 0xBF, 0xFF, 0xC7, 0xD0, 0x1F, 0x2D, 0x00, 0xF0, 0xF0,
    0x0F, 0x43, 0xC0, 0xB8, 0x0F, 0x07, 0xC0, 0x3C, 0x3F, 0x90, 0xF0, 0xFF, 0xD3, 0xC0, 0x1F, 0xCF, 0x00, 0x0F, 0x7C,
    0x00, 0x3D, 0xF0, 0x00, 0xF7, 0xC0, 0x03, 0xCF, 0x00, 0x3F, 0x3C, 0x3F, 0xF0, 0xF0, 0xFE, 0x00, 0x00, 0xBD, 0x00,
    0x00, 0xFE, 0x00, 0x00, 0xFF, 0x00, 0x01, 0xEF, 0x00, 0x02, 0xDB, 0x40, 0x03, 0xC7, 0x80, 0x03, 0xC3, 0xC0, 0x07,
    0x83, 0xC0, 0x0B, 0x42, 0xD0, 0x0F, 0x01, 0xE0, 0x0F, 0x00, 0xF0, 0x1F, 0xFF, 0xF0, 0x2F, 0xFF, 0xF8, 0x3C, 0x00,
    0x7C, 0x3C, 0x00, 0x3C, 0x78, 0x00, 0x3D, 0xB4, 0x00, 0x2E, 0x00, 0x00, 0x00, 0x00, 0x00, 0x00, 0x00, 0x7C, 0x00,
    0x00, 0xBD, 0x00, 0x00, 0x7C, 0x00, 0x02, 0xFF, 0x40, 0x3F, 0xFF, 0xC2, 0xE0, 0x0F, 0x45, 0x00, 0x1E, 0x00, 0x00,
    0x78, 0x1F, 0xFF, 0xE2, 0xFF, 0xFF, 0x8F, 0x40, 0x1E, 0x78, 0x00, 0x79, 0xF0, 0x02, 0xE3, 0xD0, 0x1F, 0x8B, 0xFF,
    0xEE, 0x07, 0xF8, 0x78, 0x00, 0x00, 0x00, 0x00, 0x00, 0x00, 0x0F, 0x40, 0x00, 0xBE, 0x00, 0x00, 0xF4, 0x00, 0x00,
    0xF8, 0x00, 0x00, 0xFF, 0x00, 0x00, 0x0F, 0x00, 0x00, 0x1E, 0x00, 0x00, 0x14, 0x00, 0x00, 0x00, 0x00, 0x00, 0xBD,
    0x00, 0x00, 0xFE, 0x00, 0x00, 0xFF, 0x00, 0x01, 0xEF, 0x00, 0x02, 0xDB, 0x40, 0x03, 0xC7, 0x80, 0x03, 0xC3, 0xC0,
    0x07, 0x83, 0xC0, 0x0B, 0x42, 0xD0, 0x0F, 0x01, 0xE0, 0x0F, 0x00, 0xF0, 0x1F, 0xFF, 0xF0, 0x2F, 0xFF, 0xF8, 0x3C,
    0x00, 0x7C, 0x3C, 0x00, 0x3C, 0x78, 0x00, 0x3D, 0xB4, 0x00, 0x2E, 0x00, 0xFE, 0x00, 0x03, 0xFC, 0x00, 0x00, 0xB0,
    0x00, 0x03, 0x80, 0x00, 0x14, 0x00, 0x00, 0x00, 0x00, 0x00, 0x00, 0x00, 0xBF, 0xD0, 0x0F, 0xFF, 0xF0, 0xB8, 0x03,
    0xD1, 0x40, 0x07, 0x80, 0x00, 0x1E, 0x07, 0xFF, 0xF8, 0xBF, 0xFF, 0xE3, 0xD0, 0x07, 0x9E, 0x00, 0x1E, 0x7C, 0x00,
    0xB8, 0xF4, 0x07, 0xE2, 0xFF, 0xFB, 0x81, 0xFE, 0x1E, 0x00, 0x00, 0x02, 0x40, 0x00, 0x00, 0xF0, 0x00, 0x24, 0x3C,
    0x00, 0x0F, 0xE0, 0x00, 0x03, 0xDB, 0x80, 0x00, 0xF8, 0x2E, 0x00, 0x00, 0x00, 0x00, 0x00, 0x0B, 0xD0, 0x00, 0x00,
    0xFE, 0x00, 0x00, 0x0F, 0xF0, 0x00, 0x01, 0xEF, 0x00, 0x00, 0x2D, 0xB4, 0x00, 0x03, 0xC7, 0x80, 0x00, 0x3C, 0x3C,
    0x00, 0x07, 0x83, 0xC0, 0x00, 0xB4, 0x2D, 0x00, 0x0F, 0x01, 0xE0, 0x00, 0xF0, 0x0F, 0x00, 0x1F, 0xFF, 0xF0, 0x02,
    0xFF, 0xFF, 0x80, 0x3C, 0x00, 0x7C, 0x03, 0xC0, 0x03, 0xC0, 0x78, 0x00, 0x3D, 0x0B, 0x40, 0x02, 0xE0, 0x00, 0x00,
    0x03, 0xC0, 0x00, 0x00, 0xF4, 0x00, 0x14, 0x2E, 0x00, 0x0F, 0xF2, 0x40, 0x02, 0xFB, 0xC0, 0x00, 0xB8, 0x2E, 0x00,
    0x00, 0x00, 0x00, 0x00, 0x00, 0x00, 0x00, 0x02, 0xFF, 0x40, 0x00, 0xFF, 0xFF, 0x00, 0x2E, 0x00, 0xF4, 0x01, 0x40,
    0x07, 0x80, 0x00, 0x00, 0x78, 0x00, 0x7F, 0xFF, 0x80, 0x2F, 0xFF, 0xF8, 0x03, 0xD0, 0x07, 0x80, 0x78, 0x00, 0x78,
    0x07, 0xC0, 0x0B, 0x80, 0x3D, 0x01, 0xF8, 0x02, 0xFF, 0xFB, 0x80, 0x07, 0xF8, 0x78, 0x00, 0x00, 0x03, 0xC0, 0x00,
    0x00, 0xF0, 0x00, 0x14, 0x7C, 0x00, 0xFE, 0x00, 0x03, 0xDB, 0x80, 0x0F, 0x82, 0xE0, 0x00, 0x00, 0x00, 0x00, 0xBD,
    0x00, 0x00, 0xFE, 0x00, 0x00, 0xFF, 0x00, 0x01, 0xEF, 0x00, 0x02, 0xDB, 0x40, 0x03, 0xC7, 0x80, 0x03, 0xC3, 0xC0,
    0x07, 0x83, 0xC0, 0x0B, 0x42, 0xD0, 0x0F, 0x01, 0xE0, 0x0F, 0x00, 0xF0, 0x1F, 0xFF, 0xF0, 0x2F, 0xFF, 0xF8, 0x3C,
    0x00, 0x7C, 0x3C, 0x00, 0x3C, 0x78, 0x00, 0x3D, 0xB4, 0x00, 0x2E, 0x00, 0x03, 0xC0, 0x00, 0x00, 0xF0, 0x00, 0x14,
    0x7C, 0x00, 0xBE, 0x04, 0x02, 0xEB, 0x80, 0x0B, 0x82, 0xE0, 0x00, 0x00, 0x00, 0x00, 0x00, 0x00, 0x02, 0xFF, 0x40,
    0x0F, 0xFF, 0xF0, 0x2E, 0x00, 0xF4, 0x14, 0x00, 0x78, 0x00, 0x00, 0x78, 0x07, 0xFF, 0xF8, 0x2F, 0xFF, 0xF8, 0x3D,
    0x00, 0x78, 0x78, 0x00, 0x78, 0x7C, 0x00, 0xB8, 0x3D, 0x01, 0xF8, 0x2F, 0xFF, 0xB8, 0x07, 0xF8, 0x78, 0x00, 0x00,
    0xFC, 0x00, 0x00, 0xFE, 0x00, 0x00, 0x0D, 0x00, 0xBD, 0x28, 0x02, 0xEF, 0x80, 0x0B, 0x82, 0xE0, 0x00, 0x00, 0x00,
    0x00, 0xBD, 0x00, 0x00, 0xFE, 0x00, 0x00, 0xFF, 0x00, 0x01, 0xEF, 0x00, 0x02, 0xDB, 0x40, 0x03, 0xC7, 0x80, 0x03,
    0xC3, 0xC0, 0x07, 0x83, 0xC0, 0x0B, 0x42, 0xD0, 0x0F, 0x01, 0xE0, 0x0F, 0x00, 0xF0, 0x1F, 0xFF, 0xF0, 0x2F, 0xFF,
    0xF8, 0x3C, 0x00, 0x7C, 0x3C, 0x00, 0x3C, 0x78, 0x00, 0x3D, 0xB4, 0x00, 0x2E, 0x00, 0x00, 0xB8, 0x00, 0x00, 0xFE,
    0x00, 0x00, 0x0E, 0x00, 0x00, 0x1C, 0x00, 0xBE, 0x14, 0x02, 0xEB, 0x80, 0x0B, 0x82, 0xE0, 0x00, 0x00, 0x00, 0x00,
    0x00, 0x00, 0x02, 0xFF, 0x40, 0x0F, 0xFF, 0xF0, 0x2E, 0x00, 0xF4, 0x14, 0x00, 0x78, 0x00, 0x00, 0x78, 0x07, 0xFF,
    0xF8, 0x2F, 0xFF, 0xF8, 0x3D, 0x00, 0x78, 0x78, 0x00, 0x78, 0x7C, 0x00, 0xB8, 0x3D, 0x01, 0xF8, 0x2F, 0xFF, 0xB8,
    0x07, 0xF8, 0x78, 0x07, 0xF4, 0xA0, 0x0A, 0x1F, 0xC0, 0x00, 0x54, 0x00, 0x02, 0xFF, 0x40, 0x0B, 0x83, 0xD0, 0x00,
    0x00, 0x00, 0x00, 0xBD, 0x00, 0x00, 0xFE, 0x00, 0x00, 0xFF, 0x00, 0x01, 0xEF, 0x00, 0x02, 0xDB, 0x40, 0x03, 0xC7,
    0x80, 0x03, 0xC3, 0xC0, 0x07, 0x83, 0xC0, 0x0B, 0x42, 0xD0, 0x0F, 0x01, 0xE0, 0x0F, 0x00, 0xF0, 0x1F, 0xFF, 0xF0,
    0x2F, 0xFF, 0xF8, 0x3C, 0x00, 0x7C, 0x3C, 0x00, 0x3C, 0x78, 0x00, 0x3D, 0xB4, 0x00, 0x2E, 0x00, 0x00, 0x00, 0x0F,
    0xD3, 0x80, 0xB1, 0xFD, 0x00, 0x00, 0x00, 0x00, 0xBE, 0x00, 0x0B, 0xFE, 0x00, 0x7C, 0x3E, 0x00, 0x00, 0x00, 0x00,
    0x00, 0x00, 0x0B, 0xFD, 0x00, 0xFF, 0xFF, 0x0B, 0x80, 0x3D, 0x14, 0x00, 0x78, 0x00, 0x01, 0xE0, 0x7F, 0xFF, 0x8B,
    0xFF, 0xFE, 0x3D, 0x00, 0x79, 0xE0, 0x01, 0xE7, 0xC0, 0x0B, 0x8F, 0x40, 0x7E, 0x2F, 0xFF, 0xB8, 0x1F, 0xE1, 0xE0,
    0x00, 0x24, 0x00, 0x00, 0xFE, 0x00, 0x03, 0xEB, 0x80, 0x0F, 0x82, 0xE0, 0x00, 0x00, 0x00, 0x00, 0x00, 0x00, 0x00,
    0xBD, 0x00, 0x00, 0xFE, 0x00, 0x00, 0xFF, 0x00, 0x01, 0xEF, 0x00, 0x02, 0xDB, 0x40, 0x03, 0xC7, 0x80, 0x03, 0xC3,
    0xC0, 0x07, 0x83, 0xC0, 0x0B, 0x42, 0xD0, 0x0F, 0x01, 0xE0, 0x0F, 0x00, 0xF0, 0x1F, 0xFF, 0xF0, 0x2F, 0xFF, 0xF8,
    0x3C, 0x00, 0x7C, 0x3C, 0x00, 0x3C, 0x78, 0x00, 0x3D, 0xB4, 0x00, 0x2E, 0x00, 0x00, 0x00, 0x00, 0x00, 0x00, 0x00,
    0x7C, 0x00, 0x00, 0xBD, 0x00, 0x00, 0x7C, 0x00, 0x00, 0x14, 0x00, 0x03, 0xFC, 0x00, 0x2E, 0xBC, 0x02, 0xE0, 0xB8,
    0x00, 0x00, 0x00, 0x00, 0x00, 0x00, 0x2F, 0xF4, 0x03, 0xFF, 0xFC, 0x2E, 0x00, 0xF4, 0x50, 0x01, 0xE0, 0x00, 0x07,
    0x81, 0xFF, 0xFE, 0x2F, 0xFF, 0xF8, 0xF4, 0x01, 0xE7, 0x80, 0x07, 0x9F, 0x00, 0x2E, 0x3D, 0x01, 0xF8, 0xBF, 0xFE,
    0xE0, 0x7F, 0x87, 0x80, 0x00, 0x00, 0x00, 0x00, 0x00, 0x00, 0xF4, 0x00, 0x0B, 0xE0, 0x00, 0x0F, 0x40, 0x00, 0x00,
    0x00, 0x00, 0x0F, 0x40, 0x00, 0x3D, 0x00, 0x0A, 0x10, 0x90, 0x0B, 0x42, 0xD0, 0x03, 0xFF, 0x80, 0x00, 0x14, 0x00,
    0x00, 0xBD, 0x00, 0x00, 0xFE, 0x00, 0x00, 0xFF, 0x00, 0x01, 0xEF, 0x00, 0x02, 0xDB, 0x40, 0x03, 0xC7, 0x80, 0x03,
    0xC3, 0xC0, 0x07, 0x83, 0xC0, 0x0B, 0x42, 0xD0, 0x0F, 0x01, 0xE0, 0x0F, 0x00, 0xF0, 0x1F, 0xFF, 0xF0, 0x2F, 0xFF,
    0xF8, 0x3C, 0x00, 0x7C, 0x3C, 0x00, 0x3C, 0x78, 0x00, 0x3D, 0xB4, 0x00, 0x2E, 0x00, 0x02, 0x80, 0x00, 0x3D, 0x00,
    0x02, 0xD0, 0x02, 0x84, 0x28, 0x0B, 0x81, 0xE0, 0x0B, 0xFE, 0x00, 0x00, 0x00, 0x00, 0x00, 0x00, 0x02, 0xFF, 0x40,
    0x3F, 0xFF, 0xC2, 0xE0, 0x0F, 0x45, 0x00, 0x1E, 0x00, 0x00, 0x78, 0x1F, 0xFF, 0xE2, 0xFF, 0xFF, 0x8F, 0x40, 0x1E,
    0x78, 0x00, 0x79, 0xF0, 0x02, 0xE3, 0xD0, 0x1F, 0x8B, 0xFF, 0xEE, 0x07, 0xF8, 0x78, 0x00, 0x00, 0x00, 0x01, 0xF0,
    0x00, 0x00, 0x78, 0x00, 0x0A, 0x04, 0x90, 0x0B, 0x42, 0xD0, 0x03, 0xFF, 0x80, 0x00, 0x14, 0x00, 0x00, 0xBD, 0x00,
    0x00, 0xFE, 0x00, 0x00, 0xFF, 0x00, 0x01, 0xEF, 0x00, 0x02, 0xDB, 0x40, 0x03, 0xC7, 0x80, 0x03, 0xC3, 0xC0, 0x07,
    0x83, 0xC0, 0x0B, 0x42, 0xD0, 0x0F, 0x01, 0xE0, 0x0F, 0x00, 0xF0, 0x1F, 0xFF, 0xF0, 0x2F, 0xFF, 0xF8, 0x3C, 0x00,
    0x7C, 0x3C, 0x00, 0x3C, 0x78, 0x00, 0x3D, 0xB4, 0x00, 0x2E, 0x02, 0x80, 0x00, 0x07, 0xC0, 0x00, 0x07, 0xC0, 0x02,
    0x81, 0x28, 0x0B, 0x81, 0xE0, 0x0B, 0xFE, 0x00, 0x00, 0x00, 0x00, 0x00, 0x00, 0x02, 0xFF, 0x40, 0x3F, 0xFF, 0xC2,
    0xE0, 0x0F, 0x45, 0x00, 0x1E, 0x00, 0x00, 0x78, 0x1F, 0xFF, 0xE2, 0xFF, 0xFF, 0x8F, 0x40, 0x1E, 0x78, 0x00, 0x79,
    0xF0, 0x02, 0xE3, 0xD0, 0x1F, 0x8B, 0xFF, 0xEE, 0x07, 0xF8, 0x78, 0x00, 0xBD, 0x00, 0x00, 0xFE, 0x00, 0x00, 0x0D,
    0x00, 0x0F, 0x14, 0xE0, 0x07, 0xFF, 0xC0, 0x01, 0xFF, 0x40, 0x00, 0x00, 0x00, 0x00, 0xBD, 0x00, 0x00, 0xFE, 0x00,
    0x00, 0xFF, 0x00, 0x01, 0xEF, 0x00, 0x02, 0xDB, 0x40, 0x03, 0xC7, 0x80, 0x03, 0xC3, 0xC0, 0x07, 0x83, 0xC0, 0x0B,
    0x42, 0xD0, 0x0F, 0x01, 0xE0, 0x0F, 0x00, 0xF0, 0x1F, 0xFF, 0xF0, 0x2F, 0xFF, 0xF8, 0x3C, 0x00, 0x7C, 0x3C, 0x00,
    0x3C, 0x78, 0x00, 0x3D, 0xB4, 0x00, 0x2E, 0x00, 0xBD, 0x00, 0x02, 0xFC, 0x00, 0x00, 0xE0, 0x00, 0x0B, 0x00, 0x0F,
    0x00, 0xF0, 0x1F, 0xFF, 0x40, 0x1B, 0xF4, 0x00, 0x00, 0x00, 0x00, 0x00, 0x00, 0x0B, 0xFD, 0x00, 0xFF, 0xFF, 0x0B,
    0x80, 0x3D, 0x14, 0x00, 0x78, 0x00, 0x01, 0xE0, 0x7F, 0xFF, 0x8B, 0xFF, 0xFE, 0x3D, 0x00, 0x79, 0xE0, 0x01, 0xE7,
    0xC0, 0x0B, 0x8F, 0x40, 0x7E, 0x2F, 0xFF, 0xB8, 0x1F, 0xE1, 0xE0, 0x07, 0xF4, 0xA0, 0x0A, 0x1F, 0xC0, 0x0A, 0x00,
    0x90, 0x0B, 0xFF, 0xD0, 0x02, 0xFF, 0x40, 0x00, 0x00, 0x00, 0x00, 0xBD, 0x00, 0x00, 0xFE, 0x00, 0x00, 0xFF, 0x00,
    0x01, 0xEF, 0x00, 0x02, 0xDB, 0x40, 0x03, 0xC7, 0x80, 0x03, 0xC3, 0xC0, 0x07, 0x83, 0xC0, 0x0B, 0x42, 0xD0, 0x0F,
    0x01, 0xE0, 0x0F, 0x00, 0xF0, 0x1F, 0xFF, 0xF0, 0x2F, 0xFF, 0xF8, 0x3C, 0x00, 0x7C, 0x3C, 0x00, 0x3C, 0x78, 0x00,
    0x3D, 0xB4, 0x00, 0x2E, 0x00, 0x00, 0x00, 0x0B, 0xC3, 0x80, 0x77, 0x8E, 0x02, 0xC3, 0xF0, 0x01, 0x00, 0x00, 0x2C,
    0x03, 0x80, 0x3F, 0xFC, 0x00, 0x2F, 0x80, 0x00, 0x00, 0x00, 0x00, 0x00, 0x00, 0x2F, 0xF4, 0x03, 0xFF, 0xFC, 0x2E,
    0x00, 0xF4, 0x50, 0x01, 0xE0, 0x00, 0x07, 0x81, 0xFF, 0xFE, 0x2F, 0xFF, 0xF8, 0xF4, 0x01, 0xE7, 0x80, 0x07, 0x9F,
    0x00, 0x2E, 0x3D, 0x01, 0xF8, 0xBF, 0xFE, 0xE0, 0x7F, 0x87, 0x80, 0x05, 0x00, 0x90, 0x0B, 0x42, 0xD0, 0x03, 0xFF,
    0xC0, 0x00, 0xBE, 0x00, 0x00, 0x00, 0x00, 0x00, 0x00, 0x00, 0x00, 0xBD, 0x00, 0x00, 0xFE, 0x00, 0x00, 0xFF, 0x00,
    0x01, 0xEF, 0x00, 0x02, 0xDB, 0x40, 0x03, 0xC7, 0x80, 0x03, 0xC3, 0xC0, 0x07, 0x83, 0xC0, 0x0B, 0x42, 0xD0, 0x0F,
    0x01, 0xE0, 0x0F, 0x00, 0xF0, 0x1F, 0xFF, 0xF0, 0x2F, 0xFF, 0xF8, 0x3C, 0x00, 0x7C, 0x3C, 0x00, 0x3C, 0x78, 0x00,
    0x3D, 0xB4, 0x00, 0x2E, 0x00, 0x00, 0x00, 0x00, 0x00, 0x00, 0x00, 0x7C, 0x00, 0x00, 0xBD, 0x00, 0x00, 0x7C, 0x00,
    0x05, 0x00, 0x50, 0x1D, 0x07, 0x80, 0x3F, 0xFC, 0x00, 0x2F, 0x80, 0x00, 0x00, 0x00, 0x00, 0x00, 0x00, 0x2F, 0xF4,
    0x03, 0xFF, 0xFC, 0x2E, 0x00, 0xF4, 0x50, 0x01, 0xE0, 0x00, 0x07, 0x81, 0xFF, 0xFE, 0x2F, 0xFF, 0xF8, 0xF4, 0x01,
    0xE7, 0x80, 0x07, 0x9F, 0x00, 0x2E, 0x3D, 0x01, 0xF8, 0xBF, 0xFE, 0xE0, 0x7F, 0x87, 0x80, 0x00, 0x00, 0x00, 0x00,
    0x00, 0x00, 0xF4, 0x00, 0x0B, 0xE0, 0x00, 0x0F, 0x40, 0xBF, 0xFF, 0xFB, 0xFF, 0xFF, 0xB4, 0x00, 0x0B, 0x40, 0x00,
    0xB4, 0x00, 0x0B, 0x40, 0x00, 0xB4, 0x00, 0x0B, 0xFF, 0xFC, 0xBF, 0xFF, 0xCB, 0x40, 0x00, 0xB4, 0x00, 0x0B, 0x40,
    0x00, 0xB4, 0x00, 0x0B, 0x40, 0x00, 0xB4, 0x00, 0x0B, 0xFF, 0xFF, 0xBF, 0xFF, 0xF0, 0x00, 0x00, 0x00, 0x00, 0x00,
    0x0F, 0x40, 0x01, 0xF8, 0x00, 0x0F, 0x40, 0x01, 0xFF, 0x40, 0x3F, 0xFF, 0x82, 0xF0, 0x1F, 0x4F, 0x00, 0x1E, 0x3C,
    0x00, 0x3C, 0xFF, 0xFF, 0xF3, 0xFF, 0xFF, 0xCF, 0x00, 0x00, 0x3C, 0x00, 0x00, 0xF4, 0x00, 0x52, 0xF0, 0x0F, 0x43,
    0xFF, 0xFC, 0x01, 0xFF, 0x40, 0x00, 0x00, 0x00, 0x00, 0x00, 0x00, 0x1F, 0x00, 0x00, 0xBD, 0x00, 0x01, 0xF0, 0x00,
    0x03, 0xF4, 0x00, 0x3F, 0xC0, 0x00, 0x2C, 0x00, 0x03, 0x80, 0x00, 0x50, 0x00, 0x00, 0x00, 0xBF, 0xFF, 0xFB, 0xFF,
    0xFF, 0xB4, 0x00, 0x0B, 0x40, 0x00, 0xB4, 0x00, 0x0B, 0x40, 0x00, 0xB4, 0x00, 0x0B, 0xFF, 0xFC, 0xBF, 0xFF, 0xCB,
    0x40, 0x00, 0xB4, 0x00, 0x0B, 0x40, 0x00, 0xB4, 0x00, 0x0B, 0x40, 0x00, 0xB4, 0x00, 0x0B, 0xFF, 0xFF, 0xBF, 0xFF,
    0xF0, 0x00, 0xFD, 0x00, 0x03, 0xFC, 0x00, 0x00, 0xB0, 0x00, 0x07, 0x80, 0x00, 0x14, 0x00, 0x00, 0x00, 0x00, 0x00,
    0x00, 0x00, 0x7F, 0xD0, 0x0F, 0xFF, 0xE0, 0xBC, 0x07, 0xD3, 0xC0, 0x07, 0x8F, 0x00, 0x0F, 0x3F, 0xFF, 0xFC, 0xFF,
    0xFF, 0xF3, 0xC0, 0x00, 0x0F, 0x00, 0x00, 0x3D, 0x00, 0x14, 0xBC, 0x03, 0xD0, 0xFF, 0xFF, 0x00, 0x7F, 0xD0, 0x00,
    0x00, 0x00, 0xFC, 0x2C, 0x1D, 0xF3, 0x82, 0xC3, 0xF4, 0x04, 0x00, 0x00, 0x00, 0x00, 0xBF, 0xFF, 0xFB, 0xFF, 0xFF,
    0xB4, 0x00, 0x0B, 0x40, 0x00, 0xB4, 0x00, 0x0B, 0x40, 0x00, 0xB4, 0x00, 0x0B, 0xFF, 0xFC, 0xBF, 0xFF, 0xCB, 0x40,
    0x00, 0xB4, 0x00, 0x0B, 0x40, 0x00, 0xB4, 0x00, 0x0B, 0x40, 0x00, 0xB4, 0x00, 0x0B, 0xFF, 0xFF, 0xBF, 0xFF, 0xF0,
    0x00, 0x00, 0x00, 0x0F, 0x83, 0x80, 0xB7, 0x8D, 0x03, 0x83, 0xF0, 0x00, 0x00, 0x00, 0x00, 0x00, 0x00, 0x1F, 0xF4,
    0x03, 0xFF, 0xF8, 0x2F, 0x01, 0xF4, 0xF0, 0x01, 0xE3, 0xC0, 0x03, 0xCF, 0xFF, 0xFF, 0x3F, 0xFF, 0xFC, 0xF0, 0x00,
    0x03, 0xC0, 0x00, 0x0F, 0x40, 0x05, 0x2F, 0x00, 0xF4, 0x3F, 0xFF, 0xC0, 0x1F, 0xF4, 0x00, 0x00, 0x00, 0x05, 0x00,
    0x00, 0x0F, 0x40, 0x06, 0x0F, 0x40, 0x0B, 0xF0, 0x00, 0x0B, 0x9F, 0x00, 0x0B, 0x82, 0xF0, 0x00, 0x00, 0x00, 0x02,
    0xFF, 0xFF, 0xC0, 0xBF, 0xFF, 0xF0, 0x2D, 0x00, 0x00, 0x0B, 0x40, 0x00, 0x02, 0xD0, 0x00, 0x00, 0xB4, 0x00, 0x00,
    0x2D, 0x00, 0x00, 0x0B, 0xFF, 0xFC, 0x02, 0xFF, 0xFF, 0x00, 0xB4, 0x00, 0x00, 0x2D, 0x00, 0x00, 0x0B, 0x40, 0x00,
    0x02, 0xD0, 0x00, 0x00, 0xB4, 0x00, 0x00, 0x2D, 0x00, 0x00, 0x0B, 0xFF, 0xFF, 0x02, 0xFF, 0xFF, 0xC0, 0x00, 0x00,
    0x07, 0xC0, 0x00, 0x00, 0xF0, 0x00, 0x24, 0x3D, 0x00, 0x0F, 0xE2, 0x40, 0x03, 0xEF, 0x80, 0x00, 0xF8, 0x3E, 0x00,
    0x00, 0x00, 0x00, 0x00, 0x00, 0x00, 0x00, 0x01, 0xFF, 0x40, 0x00, 0xFF, 0xFE, 0x00, 0x2F, 0x01, 0xF4, 0x03, 0xC0,
    0x07, 0x80, 0x3C, 0x00, 0x3C, 0x03, 0xFF, 0xFF, 0xC0, 0x3F, 0xFF, 0xFC, 0x03, 0xC0, 0x00, 0x00, 0x3C, 0x00, 0x00,
    0x03, 0xD0, 0x01, 0x40, 0x2F, 0x00, 0xF4, 0x00, 0xFF, 0xFF, 0x00, 0x01, 0xFF, 0x40, 0x00, 0x00, 0x0F, 0x40, 0x00,
    0x0F, 0x40, 0x05, 0x0F, 0x00, 0xBF, 0x00, 0x0B, 0x9F, 0x00, 0xB8, 0x2F, 0x00, 0x00, 0x00, 0x2F, 0xFF, 0xFC, 0xBF,
    0xFF, 0xF2, 0xD0, 0x00, 0x0B, 0x40, 0x00, 0x2D, 0x00, 0x00, 0xB4, 0x00, 0x02, 0xD0, 0x00, 0x0B, 0xFF, 0xFC, 0x2F,
    0xFF, 0xF0, 0xB4, 0x00, 0x02, 0xD0, 0x00, 0x0B, 0x40, 0x00, 0x2D, 0x00, 0x00, 0xB4, 0x00, 0x02, 0xD0, 0x00, 0x0B,
    0xFF, 0xFF, 0x2F, 0xFF, 0xFC, 0x00, 0x03, 0xC0, 0x00, 0x01, 0xF0, 0x00, 0x14, 0x7C, 0x00, 0xFE, 0x04, 0x03, 0xEB,
    0x80, 0x0B, 0x82, 0xE0, 0x00, 0x00, 0x00, 0x00, 0x00, 0x00, 0x01, 0xFF, 0x40, 0x0F, 0xFF, 0xE0, 0x2F, 0x01, 0xF4,
    0x3C, 0x00, 0x78, 0x3C, 0x00, 0x3C, 0x3F, 0xFF, 0xFC, 0x3F, 0xFF, 0xFC, 0x3C, 0x00, 0x00, 0x3C, 0x00, 0x00, 0x3D,
    0x00, 0x14, 0x2F, 0x00, 0xF4, 0x0F, 0xFF, 0xF0, 0x01, 0xFF, 0x40, 0x00, 0x02, 0xF4, 0x00, 0x0B, 0xF0, 0x00, 0x03,
    0x80, 0x7E, 0x28, 0x07, 0xEE, 0x00, 0x78, 0x2E, 0x00, 0x00, 0x00, 0x2F, 0xFF, 0xFC, 0xBF, 0xFF, 0xF2, 0xD0, 0x00,
    0x0B, 0x40, 0x00, 0x2D, 0x00, 0x00, 0xB4, 0x00, 0x02, 0xD0, 0x00, 0x0B, 0xFF, 0xFC, 0x2F, 0xFF, 0xF0, 0xB4, 0x00,
    0x02, 0xD0, 0x00, 0x0B, 0x40, 0x00, 0x2D, 0x00, 0x00, 0xB4, 0x00, 0x02, 0xD0, 0x00, 0x0B, 0xFF, 0xFF, 0x2F, 0xFF,
    0xFC, 0x00, 0x00, 0xF8, 0x00, 0x00, 0xFE, 0x00, 0x00, 0x0E, 0x00, 0x00, 0x2C, 0x00, 0xBE, 0x14, 0x02, 0xEF, 0x80,
    0x0B, 0x82, 0xE0, 0x00, 0x00, 0x00, 0x00, 0x00, 0x00, 0x01, 0xFF, 0x40, 0x0F, 0xFF, 0xE0, 0x2F, 0x01, 0xF4, 0x3C,
    0x00, 0x78, 0x3C, 0x00, 0x3C, 0x3F, 0xFF, 0xFC, 0x3F, 0xFF, 0xFC, 0x3C, 0x00, 0x00, 0x3C, 0x00, 0x00, 0x3D, 0x00,
    0x14, 0x2F, 0x00, 0xF4, 0x0F, 0xFF, 0xF0, 0x01, 0xFF, 0x40, 0x0F, 0xD2, 0x81, 0x87, 0xF4, 0x00, 0x54, 0x00, 0x7E,
    0xE0, 0x1F, 0x0B, 0x80, 0x00, 0x00, 0xBF, 0xFF, 0xFB, 0xFF, 0xFF, 0xB4, 0x00, 0x0B, 0x40, 0x00, 0xB4, 0x00, 0x0B,
    0x40, 0x00, 0xB4, 0x00, 0x0B, 0xFF, 0xFC, 0xBF, 0xFF, 0xCB, 0x40, 0x00, 0xB4, 0x00, 0x0B, 0x40, 0x00, 0xB4, 0x00,
    0x0B, 0x40, 0x00, 0xB4, 0x00, 0x0B, 0xFF, 0xFF, 0xBF, 0xFF, 0xF0, 0x00, 0x00, 0x00, 0x0F, 0xD3, 0x80, 0xB2, 0xFC,
    0x00, 0x00, 0x00, 0x00, 0xBD, 0x00, 0x0B, 0xBD, 0x00, 0xB8, 0x3D, 0x00, 0x00, 0x00, 0x00, 0x00, 0x00, 0x07, 0xFD,
    0x00, 0xFF, 0xFE, 0x0B, 0xC0, 0x7D, 0x3C, 0x00, 0x78, 0xF0, 0x00, 0xF3, 0xFF, 0xFF, 0xCF, 0xFF, 0xFF, 0x3C, 0x00,
    0x00, 0xF0, 0x00, 0x03, 0xD0, 0x01, 0x4B, 0xC0, 0x3D, 0x0F, 0xFF, 0xF0, 0x07, 0xFD, 0x00, 0x00, 0x60, 0x00, 0x2F,
    0xC0, 0x0B, 0x9F, 0x02, 0xE0, 0x7C, 0x00, 0x00, 0x00, 0x00, 0x00, 0xBF, 0xFF, 0xFB, 0xFF, 0xFF, 0xB4, 0x00, 0x0B,
    0x40, 0x00, 0xB4, 0x00, 0x0B, 0x40, 0x00, 0xB4, 0x00, 0x0B, 0xFF, 0xFC, 0xBF, 0xFF, 0xCB, 0x40, 0x00, 0xB4, 0x00,
    0x0B, 0x40, 0x00, 0xB4, 0x00, 0x0B, 0x40, 0x00, 0xB4, 0x00, 0x0B, 0xFF, 0xFF, 0xBF, 0xFF, 0xF0, 0x00, 0x00, 0x00,
    0x00, 0x00, 0x0F, 0x40, 0x01, 0xF8, 0x00, 0x0F, 0x40, 0x00, 0x24, 0x00, 0x03, 0xF8, 0x00, 0x3E, 0xB8, 0x03, 0xE0,
    0xB8, 0x00, 0x00, 0x00, 0x00, 0x00, 0x00, 0x1F, 0xF4, 0x03, 0xFF, 0xF8, 0x2F, 0x01, 0xF4, 0xF0, 0x01, 0xE3, 0xC0,
    0x03, 0xCF, 0xFF, 0xFF, 0x3F, 0xFF, 0xFC, 0xF0, 0x00, 0x03, 0xC0, 0x00, 0x0F, 0x40, 0x05, 0x2F, 0x00, 0xF4, 0x3F,
    0xFF, 0xC0, 0x1F, 0xF4, 0x00, 0x00, 0x00, 0x00, 0x00, 0x00, 0x01, 0xF0, 0x00, 0x0B, 0xD0, 0x00, 0x1F, 0x00, 0x03,
    0xE0, 0x00, 0x3F, 0xC0, 0x00, 0x3C, 0x00, 0x07, 0x80, 0x00, 0x50, 0x00, 0x00, 0x00, 0xBF, 0xFF, 0xD7, 0xFF, 0xFD,
    0x00, 0xF0, 0x00, 0x0F, 0x00, 0x00, 0xF0, 0x00, 0x0F, 0x00, 0x00, 0xF0, 0x00, 0x0F, 0x00, 0x00, 0xF0, 0x00, 0x0F,
    0x00, 0x00, 0xF0, 0x00, 0x0F, 0x00, 0x00, 0xF0, 0x00, 0x0F, 0x00, 0x00, 0xF0, 0x07, 0xFF, 0xFD, 0xBF, 0xFF, 0xD0,
    0x00, 0xBE, 0x00, 0x00, 0xFF, 0x40, 0x00, 0x07, 0x40, 0x00, 0x0F, 0x00, 0x00, 0x04, 0x00, 0x00, 0x00, 0x00, 0x00,
    0x00, 0x00, 0x2F, 0xFE, 0x00, 0x1F, 0xFE, 0x00, 0x00, 0x2E, 0x00, 0x00, 0x2E, 0x00, 0x00, 0x2E, 0x00, 0x00, 0x2E,
    0x00, 0x00, 0x2E, 0x00, 0x00, 0x2E, 0x00, 0x00, 0x2E, 0x00, 0x00, 0x2E, 0x00, 0x00, 0x2E, 0x00, 0x3F, 0xFF, 0xFE,
    0x3F, 0xFF, 0xFF, 0xBF, 0xFF, 0xD7, 0xFF, 0xFD, 0x00, 0xF0, 0x00, 0x0F, 0x00, 0x00, 0xF0, 0x00, 0x0F, 0x00, 0x00,
    0xF0, 0x00, 0x0F, 0x00, 0x00, 0xF0, 0x00, 0x0F, 0x00, 0x00, 0xF0, 0x00, 0x0F, 0x00, 0x00, 0xF0, 0x00, 0x0F, 0x00,
    0x00, 0xF0, 0x07, 0xFF, 0xFD, 0xBF, 0xFF, 0xD0, 0x00, 0x00, 0x00, 0x00, 0x00, 0x1F, 0x00, 0x02, 0xF4, 0x00, 0x1F,
    0x00, 0x00, 0x3D, 0x00, 0x00, 0x7F, 0x00, 0x00, 0x3D, 0x00, 0x00, 0x00, 0x00, 0x00, 0x00, 0x00, 0x2F, 0xFE, 0x00,
    0x1F, 0xFE, 0x00, 0x00, 0x2E, 0x00, 0x00, 0x2E, 0x00, 0x00, 0x2E, 0x00, 0x00, 0x2E, 0x00, 0x00, 0x2E, 0x00, 0x00,
    0x2E, 0x00, 0x00, 0x2E, 0x00, 0x00, 0x2E, 0x00, 0x00, 0x2E, 0x00, 0x3F, 0xFF, 0xFE, 0x3F, 0xFF, 0xFF, 0x00, 0x00,
    0x00, 0x00, 0x00, 0x00, 0x00, 0x3D, 0x00, 0x00, 0x7F, 0x00, 0x00, 0x3D, 0x00, 0x07, 0xFD, 0x03, 0xFF, 0xF8, 0x7C,
    0x07, 0xDF, 0x40, 0x2E, 0xF0, 0x01, 0xEF, 0x00, 0x1F, 0xF0, 0x01, 0xFF, 0x00, 0x1F, 0xF0, 0x01, 0xFF, 0x00, 0x1F,
    0xF0, 0x01, 0xFF, 0x00, 0x1F, 0xF0, 0x01, 0xEF, 0x40, 0x2E, 0x7C, 0x07, 0xD3, 0xFF, 0xF8, 0x07, 0xFD, 0x00, 0x00,
    0x00, 0x00, 0x00, 0x00, 0x1F, 0x00, 0x02, 0xF4, 0x00, 0x1F, 0x00, 0x01, 0xFF, 0x40, 0x3F, 0xFF, 0x82, 0xF0, 0x1F,
    0x4F, 0x40, 0x1E, 0x3C, 0x00, 0x7C, 0xF0, 0x00, 0xF3, 0xC0, 0x03, 0xCF, 0x00, 0x0F, 0x3C, 0x00, 0x7C, 0xF4, 0x01,
    0xE2, 0xF0, 0x1F, 0x43, 0xFF, 0xF8, 0x01, 0xFF, 0x40, 0x00, 0x00, 0x00, 0x00, 0x00, 0x00, 0x1F, 0x00, 0x00, 0xBD,
    0x00, 0x01, 0xF0, 0x00, 0x03, 0xE0, 0x00, 0x3F, 0xC0, 0x00, 0x3C, 0x00, 0x07, 0x80, 0x00, 0x50, 0x00, 0x00, 0x00,
    0x07, 0xFD, 0x03, 0xFF, 0xF8, 0x7C, 0x07, 0xDF, 0x40, 0x2E, 0xF0, 0x01, 0xEF, 0x00, 0x1F, 0xF0, 0x01, 0xFF, 0x00,
    0x1F, 0xF0, 0x01, 0xFF, 0x00, 0x1F, 0xF0, 0x01, 0xFF, 0x00, 0x1F, 0xF0, 0x01, 0xEF, 0x40, 0x2E, 0x7C, 0x07, 0xD3,
    0xFF, 0xF8, 0x07, 0xFD, 0x00, 0x00, 0xFD, 0x00, 0x03, 0xFC, 0x00, 0x00, 0xB0, 0x00, 0x07, 0x80, 0x00, 0x14, 0x00,
    0x00, 0x00, 0x00, 0x00, 0x00, 0x00, 0x7F, 0xD0, 0x0F, 0xFF, 0xE0, 0xBC, 0x07, 0xD3, 0xD0, 0x07, 0x8F, 0x00, 0x1F,
    0x3C, 0x00, 0x3C, 0xF0, 0x00, 0xF3, 0xC0, 0x03, 0xCF, 0x00, 0x1F, 0x3D, 0x00, 0x78, 0xBC, 0x07, 0xD0, 0xFF, 0xFE,
    0x00, 0x7F, 0xD0, 0x00, 0x00, 0x09, 0x00, 0x00, 0x0F, 0x00, 0x09, 0x0F, 0x00, 0x0F, 0xE0, 0x00, 0x0F, 0x6E, 0x00,
    0x0F, 0x82, 0xE0, 0x00, 0x00, 0x00, 0x00, 0x1F, 0xF4, 0x00, 0x3F, 0xFF, 0x80, 0x1F, 0x01, 0xF4, 0x0F, 0x40, 0x2E,
    0x03, 0xC0, 0x07, 0x80, 0xF0, 0x01, 0xF0, 0x3C, 0x00, 0x7C, 0x0F, 0x00, 0x1F, 0x03, 0xC0, 0x07, 0xC0, 0xF0, 0x01,
    0xF0, 0x3C, 0x00, 0x7C, 0x0F, 0x00, 0x1F, 0x03, 0xC0, 0x07, 0x80, 0xF4, 0x02, 0xE0, 0x1F, 0x01, 0xF4, 0x03, 0xFF,
    0xF8, 0x00, 0x1F, 0xF4, 0x00, 0x00, 0x00, 0x07, 0xC0, 0x00, 0x00, 0xF0, 0x00, 0x24, 0x3D, 0x00, 0x0F, 0xE2, 0x40,
    0x03, 0xEF, 0x80, 0x00, 0xF8, 0x3E, 0x00, 0x00, 0x00, 0x00, 0x00, 0x00, 0x00, 0x00, 0x01, 0xFF, 0x40, 0x00, 0xFF,
    0xFE, 0x00, 0x2F, 0x01, 0xF4, 0x03, 0xD0, 0x07, 0x80, 0x3C, 0x00, 0x7C, 0x03, 0xC0, 0x03, 0xC0, 0x3C, 0x00, 0x3C,
    0x03, 0xC0, 0x03, 0xC0, 0x3C, 0x00, 0x7C, 0x03, 0xD0, 0x07, 0x80, 0x2F, 0x01, 0xF4, 0x00, 0xFF, 0xFE, 0x00, 0x01,
    0xFF, 0x40, 0x00, 0x00, 0x0F, 0x00, 0x00, 0x0F, 0x00, 0x05, 0x1F, 0x00, 0xFE, 0x00, 0x0F, 0x6E, 0x00, 0xF8, 0x2E,
    0x00, 0x00, 0x00, 0x01, 0xFF, 0x40, 0x3F, 0xFF, 0x81, 0xF0, 0x1F, 0x4F, 0x40, 0x2E, 0x3C, 0x00, 0x78, 0xF0, 0x01,
    0xF3, 0xC0, 0x07, 0xCF, 0x00, 0x1F, 0x3C, 0x00, 0x7C, 0xF0, 0x01, 0xF3, 0xC0, 0x07, 0xCF, 0x00, 0x1F, 0x3C, 0x00,
    0x78, 0xF4, 0x02, 0xE1, 0xF0, 0x1F, 0x43, 0xFF, 0xF8, 0x01, 0xFF, 0x40, 0x00, 0x03, 0xC0, 0x00, 0x01, 0xF0, 0x00,
    0x14, 0x7C, 0x00, 0xFE, 0x04, 0x03, 0xEB, 0x80, 0x0B, 0x82, 0xE0, 0x00, 0x00, 0x00, 0x00, 0x00, 0x00, 0x01, 0xFF,
    0x40, 0x0F, 0xFF, 0xE0, 0x2F, 0x01, 0xF4, 0x3D, 0x00, 0x78, 0x3C, 0x00, 0x7C, 0x3C, 0x00, 0x3C, 0x3C, 0x00, 0x3C,
    0x3C, 0x00, 0x3C, 0x3C, 0x00, 0x7C, 0x3D, 0x00, 0x78, 0x2F, 0x01, 0xF4, 0x0F, 0xFF, 0xE0, 0x01, 0xFF, 0x40, 0x00,
    0x03, 0xF0, 0x00, 0x0F, 0xE0, 0x00, 0x03, 0x40, 0xBD, 0x28, 0x0B, 0xBE, 0x00, 0xB8, 0x2E, 0x00, 0x00, 0x00, 0x01,
    0xFF, 0x40, 0x3F, 0xFF, 0x81, 0xF0, 0x1F, 0x4F, 0x40, 0x2E, 0x3C, 0x00, 0x78, 0xF0, 0x01, 0xF3, 0xC0, 0x07, 0xCF,
    0x00, 0x1F, 0x3C, 0x00, 0x7C, 0xF0, 0x01, 0xF3, 0xC0, 0x07, 0xCF, 0x00, 0x1F, 0x3C, 0x00, 0x78, 0xF4, 0x02, 0xE1,
    0xF0, 0x1F, 0x43, 0xFF, 0xF8, 0x01, 0xFF, 0x40, 0x00, 0x00, 0xF8, 0x00, 0x00, 0xFE, 0x00, 0x00, 0x0E, 0x00, 0x00,
    0x2C, 0x00, 0xBE, 0x14, 0x02, 0xEF, 0x80, 0x0B, 0x82, 0xE0, 0x00, 0x00, 0x00, 0x00, 0x00, 0x00, 0x01, 0xFF, 0x40,
    0x0F, 0xFF, 0xE0, 0x2F, 0x01, 0xF4, 0x3D, 0x00, 0x78, 0x3C, 0x00, 0x7C, 0x3C, 0x00, 0x3C, 0x3C, 0x00, 0x3C, 0x3C,
    0x00, 0x3C, 0x3C, 0x00, 0x7C, 0x3D, 0x00, 0x78, 0x2F, 0x01, 0xF4, 0x0F, 0xFF, 0xE0, 0x01, 0xFF, 0x40, 0x1F, 0xD2,
    0x82, 0x87, 0xF0, 0x01, 0x50, 0x00, 0xBF, 0xD0, 0x2E, 0x0F, 0x40, 0x00, 0x00, 0x07, 0xFD, 0x03, 0xFF, 0xF8, 0x7C,
    0x07, 0xDF, 0x40, 0x2E, 0xF0, 0x01, 0xEF, 0x00, 0x1F, 0xF0, 0x01, 0xFF, 0x00, 0x1F, 0xF0, 0x01, 0xFF, 0x00, 0x1F,
    0xF0, 0x01, 0xFF, 0x00, 0x1F, 0xF0, 0x01, 0xEF, 0x40, 0x2E, 0x7C, 0x07, 0xD3, 0xFF, 0xF8, 0x07, 0xFD, 0x00, 0x00,
    0x00, 0x00, 0x0F, 0xD3, 0x80, 0xB2, 0xFC, 0x00, 0x00, 0x00, 0x00, 0xBD, 0x00, 0x0B, 0xBD, 0x00, 0xB8, 0x3D, 0x00,
    0x00, 0x00, 0x00, 0x00, 0x00, 0x07, 0xFD, 0x00, 0xFF, 0xFE, 0x0B, 0xC0, 0x7D, 0x3D, 0x00, 0x78, 0xF0, 0x01, 0xF3,
    0xC0, 0x03, 0xCF, 0x00, 0x0F, 0x3C, 0x00, 0x3C, 0xF0, 0x01, 0xF3, 0xD0, 0x07, 0x8B, 0xC0, 0x7D, 0x0F, 0xFF, 0xE0,
    0x07, 0xFD, 0x00, 0x00, 0x90, 0x00, 0x3F, 0x80, 0x0F, 0xAE, 0x03, 0xE0, 0xB8, 0x00, 0x00, 0x00, 0x00, 0x00, 0x07,
    0xFD, 0x03, 0xFF, 0xF8, 0x7C, 0x07, 0xDF, 0x40, 0x2E, 0xF0, 0x01, 0xEF, 0x00, 0x1F, 0xF0, 0x01, 0xFF, 0x00, 0x1F,
    0xF0, 0x01, 0xFF, 0x00, 0x1F, 0xF0, 0x01, 0xFF, 0x00, 0x1F, 0xF0, 0x01, 0xEF, 0x40, 0x2E, 0x7C, 0x07, 0xD3, 0xFF,
    0xF8, 0x07, 0xFD, 0x00, 0x00, 0x00, 0x00, 0x00, 0x00, 0x1F, 0x00, 0x02, 0xF4, 0x00, 0x1F, 0x00, 0x00, 0x24, 0x00,
    0x03, 0xF8, 0x00, 0x3E, 0xB8, 0x03, 0xE0, 0xB8, 0x00, 0x00, 0x00, 0x00, 0x00, 0x00, 0x1F, 0xF4, 0x03, 0xFF, 0xF8,
    0x2F, 0x01, 0xF4, 0xF4, 0x01, 0xE3, 0xC0, 0x07, 0xCF, 0x00, 0x0F, 0x3C, 0x00, 0x3C, 0xF0, 0x00, 0xF3, 0xC0, 0x07,
    0xCF, 0x40, 0x1E, 0x2F, 0x01, 0xF4, 0x3F, 0xFF, 0x80, 0x1F, 0xF4, 0x00, 0x00, 0x00, 0x00, 0x00, 0x00, 0x01, 0xF0,
    0x00, 0x0B, 0xD0, 0x00, 0x1F, 0x00, 0x00, 0x09, 0x00, 0x00, 0xF4, 0x00, 0x0B, 0x80, 0x00, 0x7C, 0x00, 0x00, 0x00,
    0xB0, 0x00, 0x02, 0xC0, 0x7F, 0xDB, 0x0F, 0xFF, 0xFC, 0x7C, 0x07, 0xC3, 0xD0, 0x0B, 0x8F, 0x00, 0x1E, 0x3C, 0x00,
    0x7C, 0xF0, 0x01, 0xF3, 0xC0, 0x07, 0xCF, 0x00, 0x1F, 0x3C, 0x00, 0x7C, 0xF0, 0x01, 0xF3, 0xC0, 0x07, 0xCF, 0x00,
    0x1E, 0x3D, 0x00, 0xB8, 0x7C, 0x07, 0xD0, 0xFF, 0xFE, 0x00, 0x7F, 0xD0, 0x00, 0x00, 0x02, 0x40, 0x00, 0x0F, 0x40,
    0x00, 0x2E, 0x00, 0x00, 0x7C, 0x00, 0x00, 0x00, 0x1D, 0x00, 0x00, 0x1D, 0x01, 0xFF, 0xFD, 0x0F, 0xFF, 0xF8, 0x2F,
    0x01, 0xF4, 0x3D, 0x00, 0x78, 0x3C, 0x00, 0x7C, 0x3C, 0x00, 0x3C, 0x3C, 0x00, 0x3C, 0x3C, 0x00, 0x3C, 0x3C, 0x00,
    0x7C, 0x3D, 0x00, 0x78, 0x2F, 0x01, 0xF4, 0x0F, 0xFF, 0xE0, 0x01, 0xFF, 0x40, 0x19, 0x00, 0x00, 0x3D, 0x00, 0x00,
    0x3C, 0x00, 0x00, 0x78, 0x00, 0x00, 0x00, 0xB0, 0x00, 0x02, 0xC0, 0x7F, 0xDB, 0x0F, 0xFF, 0xFC, 0x7C, 0x07, 0xC3,
    0xD0, 0x0B, 0x8F, 0x00, 0x1E, 0x3C, 0x00, 0x7C, 0xF0, 0x01, 0xF3, 0xC0, 0x07, 0xCF, 0x00, 0x1F, 0x3C, 0x00, 0x7C,
    0xF0, 0x01, 0xF3, 0xC0, 0x07, 0xCF, 0x00, 0x1E, 0x3D, 0x00, 0xB8, 0x7C, 0x07, 0xD0, 0xFF, 0xFE, 0x00, 0x7F, 0xD0,
    0x00, 0x06, 0x40, 0x00, 0x03, 0xD0, 0x00, 0x00, 0xF0, 0x00, 0x00, 0x78, 0x00, 0x00, 0x00, 0x1D, 0x00, 0x00, 0x1D,
    0x01, 0xFF, 0xFD, 0x0F, 0xFF, 0xF8, 0x2F, 0x01, 0xF4, 0x3D, 0x00, 0x78, 0x3C, 0x00, 0x7C, 0x3C, 0x00, 0x3C, 0x3C,
    0x00, 0x3C, 0x3C, 0x00, 0x3C, 0x3C, 0x00, 0x7C, 0x3D, 0x00, 0x78, 0x2F, 0x01, 0xF4, 0x0F, 0xFF, 0xE0, 0x01, 0xFF,
    0x40, 0x07, 0xE0, 0x00, 0x1F, 0xE0, 0x00, 0x03, 0x80, 0x00, 0x2D, 0x00, 0x00, 0x50, 0xB0, 0x00, 0x02, 0xC0, 0x7F,
    0xDB, 0x0F, 0xFF, 0xFC, 0x7C, 0x07, 0xC3, 0xD0, 0x0B, 0x8F, 0x00, 0x1E, 0x3C, 0x00, 0x7C, 0xF0, 0x01, 0xF3, 0xC0,
    0x07, 0xCF, 0x00, 0x1F, 0x3C, 0x00, 0x7C, 0xF0, 0x01, 0xF3, 0xC0, 0x07, 0xCF, 0x00, 0x1E, 0x3D, 0x00, 0xB8, 0x7C,
    0x07, 0xD0, 0xFF, 0xFE, 0x00, 0x7F, 0xD0, 0x00, 0x01, 0xFD, 0x00, 0x01, 0xFF, 0x00, 0x00, 0x0F, 0x00, 0x00, 0x1D,
    0x00, 0x00, 0x14, 0x00, 0x00, 0x00, 0x1D, 0x00, 0x00, 0x1D, 0x01, 0xFF, 0xFD, 0x0F, 0xFF, 0xF8, 0x2F, 0x01, 0xF4,
    0x3D, 0x00, 0x78, 0x3C, 0x00, 0x7C, 0x3C, 0x00, 0x3C, 0x3C, 0x00, 0x3C, 0x3C, 0x00, 0x3C, 0x3C, 0x00, 0x7C, 0x3D,
    0x00, 0x78, 0x2F, 0x01, 0xF4, 0x0F, 0xFF, 0xE0, 0x01, 0xFF, 0x40, 0x00, 0x00, 0x00, 0x7D, 0x0D, 0x03, 0xDD, 0x70,
    0x0D, 0x1F, 0xC0, 0x10, 0x00, 0xB0, 0x00, 0x02, 0xC0, 0x7F, 0xDB, 0x0F, 0xFF, 0xFC, 0x7C, 0x07, 0xC3, 0xD0, 0x0B,
    0x8F, 0x00, 0x1E, 0x3C, 0x00, 0x7C, 0xF0, 0x01, 0xF3, 0xC0, 0x07, 0xCF, 0x00, 0x1F, 0x3C, 0x00, 0x7C, 0xF0, 0x01,
    0xF3, 0xC0, 0x07, 0xCF, 0x00, 0x1E, 0x3D, 0x00, 0xB8, 0x7C, 0x07, 0xD0, 0xFF, 0xFE, 0x00, 0x7F, 0xD0, 0x00, 0x00,
    0x00, 0x00, 0x07, 0xD0, 0xD0, 0x0F, 0x75, 0xC0, 0x0D, 0x1F, 0xC0, 0x04, 0x00, 0x1D, 0x00, 0x00, 0x1D, 0x01, 0xFF,
    0xFD, 0x0F, 0xFF, 0xF8, 0x2F, 0x01, 0xF4, 0x3D, 0x00, 0x78, 0x3C, 0x00, 0x7C, 0x3C, 0x00, 0x3C, 0x3C, 0x00, 0x3C,
    0x3C, 0x00, 0x3C, 0x3C, 0x00, 0x7C, 0x3D, 0x00, 0x78, 0x2F, 0x01, 0xF4, 0x0F, 0xFF, 0xE0, 0x01, 0xFF, 0x40, 0x00,
    0x00, 0xB0, 0x00, 0x02, 0xC0, 0x7F, 0xDB, 0x0F, 0xFF, 0xFC, 0x7C, 0x07, 0xC3, 0xD0, 0x0B, 0x8F, 0x00, 0x1E, 0x3C,
    0x00, 0x7C, 0xF0, 0x01, 0xF3, 0xC0, 0x07, 0xCF, 0x00, 0x1F, 0x3C, 0x00, 0x7C, 0xF0, 0x01, 0xF3, 0xC0, 0x07, 0xCF,
    0x00, 0x1E, 0x3D, 0x00, 0xB8, 0x7C, 0x07, 0xD0, 0xFF, 0xFE, 0x00, 0x7F, 0xD0, 0x00, 0x00, 0x00, 0x00, 0x00, 0x00,
    0x07, 0xC0, 0x00, 0x2F, 0x40, 0x00, 0x7C, 0x00, 0x00, 0x00, 0x1D, 0x00, 0x00, 0x1D, 0x01, 0xFF, 0xFD, 0x0F, 0xFF,
    0xF8, 0x2F, 0x01, 0xF4, 0x3D, 0x00, 0x78, 0x3C, 0x00, 0x7C, 0x3C, 0x00, 0x3C, 0x3C, 0x00, 0x3C, 0x3C, 0x00, 0x3C,
    0x3C, 0x00, 0x7C, 0x3D, 0x00, 0x78, 0x2F, 0x01, 0xF4, 0x0F, 0xFF, 0xE0, 0x01, 0xFF, 0x40, 0x00, 0x00, 0x00, 0x00,
    0x00, 0x00, 0x00, 0x7C, 0x00, 0x00, 0xBD, 0x00, 0x00, 0x7C, 0x00, 0xF0, 0x01, 0xEF, 0x00, 0x1E, 0xF0, 0x01, 0xEF,
    0x00, 0x1E, 0xF0, 0x01, 0xEF, 0x00, 0x1E, 0xF0, 0x01, 0xEF, 0x00, 0x1E, 0xF0, 0x01, 0xEF, 0x00, 0x1E, 0xF0, 0x01,
    0xEF, 0x00, 0x1E, 0xF0, 0x01, 0xEF, 0x40, 0x2E, 0x7C, 0x07, 0xD3, 0xFF, 0xF8, 0x0B, 0xFD, 0x00, 0x00, 0x00, 0x00,
    0x00, 0x00, 0x1F, 0x00, 0x02, 0xF4, 0x00, 0x1F, 0x00, 0xF0, 0x01, 0xEF, 0x00, 0x1E, 0xF0, 0x01, 0xEF, 0x00, 0x1E,
    0xF0, 0x01, 0xEF, 0x00, 0x1E, 0xF0, 0x01, 0xEF, 0x00, 0x1E, 0xF0, 0x01, 0xEF, 0x40, 0x2E, 0x7C, 0x07, 0xC2, 0xFF,
    0xF8, 0x07, 0xFD, 0x00, 0x00, 0x00, 0x00, 0x00, 0x00, 0x1F, 0x00, 0x02, 0xF4, 0x00, 0x1F, 0x00, 0x03, 0xE0, 0x00,
    0x3F, 0xC0, 0x00, 0x3C, 0x00, 0x07, 0x80, 0x00, 0x50, 0x00, 0x00, 0x00, 0xF0, 0x01, 0xEF, 0x00, 0x1E, 0xF0, 0x01,
    0xEF, 0x00, 0x1E, 0xF0, 0x01, 0xEF, 0x00, 0x1E, 0xF0, 0x01, 0xEF, 0x00, 0x1E, 0xF0, 0x01, 0xEF, 0x00, 0x1E, 0xF0,
    0x01, 0xEF, 0x00, 0x1E, 0xF0, 0x01, 0xEF, 0x40, 0x2E, 0x7C, 0x07, 0xD3, 0xFF, 0xF8, 0x0B, 0xFD, 0x00, 0x03, 0xF4,
    0x00, 0x3F, 0xC0, 0x00, 0x2C, 0x00, 0x07, 0x80, 0x00, 0x50, 0x00, 0x00, 0x00, 0x00, 0x00, 0x0F, 0x00, 0x1E, 0xF0,
    0x01, 0xEF, 0x00, 0x1E, 0xF0, 0x01, 0xEF, 0x00, 0x1E, 0xF0, 0x01, 0xEF, 0x00, 0x1E, 0xF0, 0x01, 0xEF, 0x00, 0x1E,
    0xF4, 0x02, 0xE7, 0xC0, 0x7C, 0x2F, 0xFF, 0x80, 0x7F, 0xD0, 0x00, 0x09, 0x00, 0x00, 0x2E, 0x00, 0x00, 0x7C, 0x00,
    0x00, 0xF0, 0x09, 0x00, 0x00, 0x0E, 0x00, 0x00, 0x0E, 0xF0, 0x01, 0xFD, 0xF0, 0x01, 0xF4, 0xF0, 0x01, 0xE0, 0xF0,
    0x01, 0xE0, 0xF0, 0x01, 0xE0, 0xF0, 0x01, 0xE0, 0xF0, 0x01, 0xE0, 0xF0, 0x01, 0xE0, 0xF0, 0x01, 0xE0, 0xF0, 0x01,
    0xE0, 0xF0, 0x01, 0xE0, 0xF0, 0x01, 0xE0, 0xF0, 0x01, 0xE0, 0xF4, 0x02, 0xE0, 0x7C, 0x07, 0xD0, 0x3F, 0xFF, 0x80,
    0x0B, 0xFD, 0x00, 0x00, 0x09, 0x00, 0x00, 0x2E, 0x00, 0x00, 0x7C, 0x00, 0x00, 0xF0, 0x05, 0x00, 0x00, 0x0F, 0x00,
    0x00, 0x0F, 0xF0, 0x01, 0xFE, 0xF0, 0x01, 0xF8, 0xF0, 0x01, 0xE0, 0xF0, 0x01, 0xE0, 0xF0, 0x01, 0xE0, 0xF0, 0x01,
    0xE0, 0xF0, 0x01, 0xE0, 0xF0, 0x01, 0xE0, 0xF0, 0x01, 0xE0, 0xF4, 0x02, 0xE0, 0x7C, 0x07, 0xD0, 0x2F, 0xFF, 0x80,
    0x07, 0xFD, 0x00, 0x09, 0x00, 0x00, 0x0B, 0x80, 0x00, 0x03, 0xC0, 0x00, 0x01, 0xF0, 0x09, 0x00, 0x00, 0x0E, 0x00,
    0x00, 0x0E, 0xF0, 0x01, 0xFD, 0xF0, 0x01, 0xF4, 0xF0, 0x01, 0xE0, 0xF0, 0x01, 0xE0, 0xF0, 0x01, 0xE0, 0xF0, 0x01,
    0xE0, 0xF0, 0x01, 0xE0, 0xF0, 0x01, 0xE0, 0xF0, 0x01, 0xE0, 0xF0, 0x01, 0xE0, 0xF0, 0x01, 0xE0, 0xF0, 0x01, 0xE0,
    0xF0, 0x01, 0xE0, 0xF4, 0x02, 0xE0, 0x7C, 0x07, 0xD0, 0x3F, 0xFF, 0x80, 0x0B, 0xFD, 0x00, 0x09, 0x00, 0x00, 0x0B,
    0x80, 0x00, 0x03, 0xC0, 0x00, 0x01, 0xF0, 0x05, 0x00, 0x00, 0x0F, 0x00, 0x00, 0x0F, 0xF0, 0x01, 0xFE, 0xF0, 0x01,
    0xF8, 0xF0, 0x01, 0xE0, 0xF0, 0x01, 0xE0, 0xF0, 0x01, 0xE0, 0xF0, 0x01, 0xE0, 0xF0, 0x01, 0xE0, 0xF0, 0x01, 0xE0,
    0xF0, 0x01, 0xE0, 0xF4, 0x02, 0xE0, 0x7C, 0x07, 0xD0, 0x2F, 0xFF, 0x80, 0x07, 0xFD, 0x00, 0x03, 0xE0, 0x00, 0x03,
    0xFC, 0x00, 0x00, 0x3C, 0x00, 0x00, 0x78, 0x09, 0x00, 0x50, 0x0E, 0x00, 0x00, 0x0E, 0xF0, 0x01, 0xFD, 0xF0, 0x01,
    0xF4, 0xF0, 0x01, 0xE0, 0xF0, 0x01, 0xE0, 0xF0, 0x01, 0xE0, 0xF0, 0x01, 0xE0, 0xF0, 0x01, 0xE0, 0xF0, 0x01, 0xE0,
    0xF0, 0x01, 0xE0, 0xF0, 0x01, 0xE0, 0xF0, 0x01, 0xE0, 0xF0, 0x01, 0xE0, 0xF0, 0x01, 0xE0, 0xF4, 0x02, 0xE0, 0x7C,
    0x07, 0xD0, 0x3F, 0xFF, 0x80, 0x0B, 0xFD, 0x00, 0x03, 0xF4, 0x00, 0x03, 0xFC, 0x00, 0x00, 0x2C, 0x00, 0x00, 0x78,
    0x00, 0x00, 0x50, 0x05, 0x00, 0x00, 0x0F, 0x00, 0x00, 0x0F, 0xF0, 0x01, 0xFE, 0xF0, 0x01, 0xF8, 0xF0, 0x01, 0xE0,
    0xF0, 0x01, 0xE0, 0xF0, 0x01, 0xE0, 0xF0, 0x01, 0xE0, 0xF0, 0x01, 0xE0, 0xF0, 0x01, 0xE0, 0xF0, 0x01, 0xE0, 0xF4,
    0x02, 0xE0, 0x7C, 0x07, 0xD0, 0x2F, 0xFF, 0x80, 0x07, 0xFD, 0x00, 0x00, 0x00, 0x00, 0x0F, 0x83, 0x80, 0x2D, 0xE3,
    0x40, 0x38, 0x3F, 0x09, 0x00, 0x00, 0x0E, 0x00, 0x00, 0x0E, 0xF0, 0x01, 0xFD, 0xF0, 0x01, 0xF4, 0xF0, 0x01, 0xE0,
    0xF0, 0x01, 0xE0, 0xF0, 0x01, 0xE0, 0xF0, 0x01, 0xE0, 0xF0, 0x01, 0xE0, 0xF0, 0x01, 0xE0, 0xF0, 0x01, 0xE0, 0xF0,
    0x01, 0xE0, 0xF0, 0x01, 0xE0, 0xF0, 0x01, 0xE0, 0xF0, 0x01, 0xE0, 0xF4, 0x02, 0xE0, 0x7C, 0x07, 0xD0, 0x3F, 0xFF,
    0x80, 0x0B, 0xFD, 0x00, 0x00, 0x00, 0x00, 0x0F, 0x83, 0x80, 0x2D, 0xE3, 0x40, 0x38, 0x3F, 0x05, 0x00, 0x00, 0x0F,
    0x00, 0x00, 0x0F, 0xF0, 0x01, 0xFE, 0xF0, 0x01, 0xF8, 0xF0, 0x01, 0xE0, 0xF0, 0x01, 0xE0, 0xF0, 0x01, 0xE0, 0xF0,
    0x01, 0xE0, 0xF0, 0x01, 0xE0, 0xF0, 0x01, 0xE0, 0xF0, 0x01, 0xE0, 0xF4, 0x02, 0xE0, 0x7C, 0x07, 0xD0, 0x2F, 0xFF,
    0x80, 0x07, 0xFD, 0x00, 0x00, 0x00, 0x09, 0x00, 0x00, 0x0E, 0x00, 0x00, 0x0E, 0xF0, 0x01, 0xFD, 0xF0, 0x01, 0xF4,
    0xF0, 0x01, 0xE0, 0xF0, 0x01, 0xE0, 0xF0, 0x01, 0xE0, 0xF0, 0x01, 0xE0, 0xF0, 0x01, 0xE0, 0xF0, 0x01, 0xE0, 0xF0,
    0x01, 0xE0, 0xF0, 0x01, 0xE0, 0xF0, 0x01, 0xE0, 0xF0, 0x01, 0xE0, 0xF0, 0x01, 0xE0, 0xF4, 0x02, 0xE0, 0x7C, 0x07,
    0xD0, 0x3F, 0xFF, 0x80, 0x0B, 0xFD, 0x00, 0x00, 0x00, 0x00, 0x00, 0x00, 0x00, 0x01, 0xF0, 0x00, 0x02, 0xF4, 0x00,
    0x01, 0xF0, 0x00, 0x00, 0x00, 0x05, 0x00, 0x00, 0x0F, 0x00, 0x00, 0x0F, 0xF0, 0x01, 0xFE, 0xF0, 0x01, 0xF8, 0xF0,
    0x01, 0xE0, 0xF0, 0x01, 0xE0, 0xF0, 0x01, 0xE0, 0xF0, 0x01, 0xE0, 0xF0, 0x01, 0xE0, 0xF0, 0x01, 0xE0, 0xF0, 0x01,
    0xE0, 0xF4, 0x02, 0xE0, 0x7C, 0x07, 0xD0, 0x2F, 0xFF, 0x80, 0x07, 0xFD, 0x00, 0x00, 0x00, 0x00, 0x00, 0x00, 0x00,
    0x01, 0xF0, 0x00, 0x02, 0xF4, 0x00, 0x01, 0xF0, 0x00, 0x00, 0x90, 0x00, 0x00, 0x2E, 0x00, 0x00, 0x03, 0xC0, 0x00,
    0x00, 0x7C, 0x00, 0x00, 0x00, 0x00, 0x00, 0x00, 0x00, 0x03, 0xC0, 0x00, 0x7C, 0x78, 0x00, 0x3D, 0x0F, 0x00, 0x1F,
    0x02, 0xE0, 0x0F, 0x40, 0x3C, 0x03, 0xC0, 0x0B, 0x82, 0xD0, 0x00, 0xF0, 0xF0, 0x00, 0x2D, 0xB4, 0x00, 0x03, 0xFC,
    0x00, 0x00, 0xBD, 0x00, 0x00, 0x0F, 0x00, 0x00, 0x03, 0xC0, 0x00, 0x00, 0xF0, 0x00, 0x00, 0x3C, 0x00, 0x00, 0x0F,
    0x00, 0x00, 0x03, 0xC0, 0x00, 0x00, 0xF0, 0x00, 0x02, 0x40, 0x00, 0x02, 0xE0, 0x00, 0x00, 0xF0, 0x00, 0x00, 0x7C,
    0x00, 0x00, 0x00, 0x00, 0x00, 0x00, 0x00, 0xB8, 0x00, 0x3D, 0x3C, 0x00, 0x3C, 0x3D, 0x00, 0xB8, 0x1F, 0x00, 0xF4,
    0x0F, 0x00, 0xF0, 0x0B, 0x82, 0xE0, 0x03, 0xC3, 0xC0, 0x03, 0xD3, 0xC0, 0x01, 0xEB, 0x40, 0x00, 0xFF, 0x00, 0x00,
    0xBE, 0x00, 0x00, 0x7D, 0x00, 0x00, 0x3C, 0x00, 0x00, 0xB8, 0x00, 0x00, 0xF0, 0x00, 0x01, 0xF0, 0x00, 0x02, 0xD0,
    0x00, 0x3C, 0x00, 0x07, 0xC7, 0x80, 0x03, 0xD0, 0xF0, 0x01, 0xF0, 0x2E, 0x00, 0xF4, 0x03, 0xC0, 0x3C, 0x00, 0xB8,
    0x2D, 0x00, 0x0F, 0x0F, 0x00, 0x02, 0xDB, 0x40, 0x00, 0x3F, 0xC0, 0x00, 0x0B, 0xD0, 0x00, 0x00, 0xF0, 0x00, 0x00,
    0x3C, 0x00, 0x00, 0x0F, 0x00, 0x00, 0x03, 0xC0, 0x00, 0x00, 0xF0, 0x00, 0x00, 0x3C, 0x00, 0x00, 0x0F, 0x00, 0x00,
    0x00, 0x00, 0x00, 0x00, 0x00, 0x00, 0x00, 0x7C, 0x00, 0x00, 0x2F, 0x40, 0x00, 0x07, 0xC0, 0x00, 0xB8, 0x00, 0x3D,
    0x3C, 0x00, 0x3C, 0x3D, 0x00, 0xB8, 0x1F, 0x00, 0xF4, 0x0F, 0x00, 0xF0, 0x0B, 0x82, 0xE0, 0x03, 0xC3, 0xC0, 0x03,
    0xD3, 0xC0, 0x01, 0xEB, 0x40, 0x00, 0xFF, 0x00, 0x00, 0xBE, 0x00, 0x00, 0x7D, 0x00, 0x00, 0x3C, 0x00, 0x00, 0xB8,
    0x00, 0x00, 0xF0, 0x00, 0x01, 0xF0, 0xB8, 0x02, 0xD0, 0xFC, 0x00, 0x00, 0xB8, 0x00, 0x3E, 0x00, 0x00, 0x0F, 0xF0,
    0x00, 0x00, 0x3C, 0x00, 0x00, 0x1E, 0x00, 0x00, 0x05, 0x00, 0x00, 0x00, 0x00, 0x03, 0xC0, 0x00, 0x7C, 0x78, 0x00,
    0x3D, 0x0F, 0x00, 0x1F, 0x02, 0xE0, 0x0F, 0x40, 0x3C, 0x03, 0xC0, 0x0B, 0x82, 0xD0, 0x00, 0xF0, 0xF0, 0x00, 0x2D,
    0xB4, 0x00, 0x03, 0xFC, 0x00, 0x00, 0xBD, 0x00, 0x00, 0x0F, 0x00, 0x00, 0x03, 0xC0, 0x00, 0x00, 0xF0, 0x00, 0x00,
    0x3C, 0x00, 0x00, 0x0F, 0x00, 0x00, 0x03, 0xC0, 0x00, 0x00, 0xF0, 0x00, 0x00, 0xFD, 0x00, 0x00, 0xFF, 0x00, 0x00,
    0x0B, 0x00, 0x00, 0x1E, 0x00, 0x00, 0x14, 0x00, 0x00, 0x00, 0x00, 0x00, 0x00, 0x00, 0xB8, 0x00, 0x3D, 0x3C, 0x00,
    0x3C, 0x3D, 0x00, 0xB8, 0x1F, 0x00, 0xF4, 0x0F, 0x00, 0xF0, 0x0B, 0x82, 0xE0, 0x03, 0xC3, 0xC0, 0x03, 0xD3, 0xC0,
    0x01, 0xEB, 0x40, 0x00, 0xFF, 0x00, 0x00, 0xBE, 0x00, 0x00, 0x7D, 0x00, 0x00, 0x3C, 0x00, 0x00, 0xB8, 0x00, 0x00,
    0xF0, 0x00, 0x01, 0xF0, 0x00, 0x02, 0xD0, 0x00, 0x00, 0x00, 0x00, 0x00, 0x3E, 0x0E, 0x00, 0x2D, 0xE3, 0x40, 0x0E,
    0x0F, 0xC0, 0x00, 0x00, 0x00, 0x00, 0x00, 0x00, 0x03, 0xC0, 0x00, 0x7C, 0x78, 0x00, 0x3D, 0x0F, 0x00, 0x1F, 0x02,
    0xE0, 0x0F, 0x40, 0x3C, 0x03, 0xC0, 0x0B, 0x82, 0xD0, 0x00, 0xF0, 0xF0, 0x00, 0x2D, 0xB4, 0x00, 0x03, 0xFC, 0x00,
    0x00, 0xBD, 0x00, 0x00, 0x0F, 0x00, 0x00, 0x03, 0xC0, 0x00, 0x00, 0xF0, 0x00, 0x00, 0x3C, 0x00, 0x00, 0x0F, 0x00,
    0x00, 0x03, 0xC0, 0x00, 0x00, 0xF0, 0x00, 0x00, 0x00, 0x00, 0x03, 0xE0, 0xE0, 0x0B, 0x78, 0xD0, 0x0E, 0x0F, 0xC0,
    0x00, 0x00, 0x00, 0x00, 0x00, 0x00, 0xB8, 0x00, 0x3D, 0x3C, 0x00, 0x3C, 0x3D, 0x00, 0xB8, 0x1F, 0x00, 0xF4, 0x0F,
    0x00, 0xF0, 0x0B, 0x82, 0xE0, 0x03, 0xC3, 0xC0, 0x03, 0xD3, 0xC0, 0x01, 0xEB, 0x40, 0x00, 0xFF, 0x00, 0x00, 0xBE,
    0x00, 0x00, 0x7D, 0x00, 0x00, 0x3C, 0x00, 0x00, 0xB8, 0x00, 0x00, 0xF0, 0x00, 0x01, 0xF0, 0x00, 0x02, 0xD0, 0x00,
    0xBF, 0xFD, 0xFF, 0xFE, 0x3F, 0xFF, 0xFC, 0xFF, 0xFF, 0xF0, 0xFF, 0xFF, 0xFF, 0xEF, 0xFF, 0xFF, 0xFF, 0x3C, 0x03,
    0xCF, 0x00, 0xF3, 0xC0, 0x3C, 0xF0, 0x0F, 0x3C, 0x03, 0xCF, 0x00, 0xF3, 0xC0, 0x3C, 0xF0, 0x0F, 0x3C, 0x03, 0xCF,
    0x00, 0xF3, 0xC0, 0x3C, 0xF0, 0x0F, 0x3C, 0x03, 0xCF, 0x00, 0xF3, 0xC0, 0x3C, 0xF0, 0x0F, 0x3C, 0x03, 0xCF, 0x00,
    0xF3, 0xC0, 0x3C, 0xF0, 0x0F, 0x3C, 0x03, 0xCF, 0x00, 0xF0, 0x0F, 0x83, 0xC2, 0xE0, 0xF0, 0x3C, 0x0F, 0x01, 0xF0,
    0x3D, 0x1F, 0x1F, 0x1F, 0x3D, 0x7C, 0xB8, 0x3D, 0x1F, 0x1F, 0x1F, 0x3D, 0x7C, 0xB8, 0x1F, 0x0F, 0x03, 0xC0, 0xF0,
    0x2E, 0x03, 0xC0, 0xF8, 0x0F, 0x03, 0xC2, 0xE0, 0xB8, 0x3C, 0x0F, 0x07, 0xC1, 0xF0, 0xB8, 0x2E, 0x07, 0xC1, 0xF0,
    0x3D, 0x0F, 0x40, 0x2E, 0x0B, 0x80, 0xF0, 0x3C, 0x0F, 0x43, 0xD0, 0xF0, 0x3C, 0x1F, 0x07, 0xC3, 0xD0, 0xF4, 0x7C,
    0x1F, 0x00, 0x2E, 0x03, 0xC0, 0xF0, 0x1E, 0x0F, 0x41, 0xF0, 0xF0, 0x2E, 0x1F, 0x03, 0xD3, 0xD0, 0x7C, 0x7C, 0x0F,
    0x80, 0x3D, 0x0F, 0x47, 0xC1, 0xF0, 0xB8, 0x1E, 0x07, 0xC1, 0xF0, 0x3C, 0x0F, 0x02, 0xE0, 0xB8, 0x0F, 0x03, 0xC0,
    0x00, 0x3C, 0x00, 0x00, 0xF0, 0x00, 0x03, 0xC0, 0x00, 0x0F, 0x00, 0x00, 0x3C, 0x00, 0xFF, 0xFF, 0xF3, 0xFF, 0xFF,
    0xC0, 0x0F, 0x00, 0x00, 0x3C, 0x00, 0x00, 0xF0, 0x00, 0x03, 0xC0, 0x00, 0x0F, 0x00, 0x00, 0x3C, 0x00, 0x00, 0xF0,
    0x00, 0x03, 0xC0, 0x00, 0x0F, 0x00, 0x00, 0x3C, 0x00, 0x00, 0xF0, 0x00, 0x03, 0xC0, 0x00, 0x0F, 0x00, 0x00, 0x3C,
    0x00, 0x00, 0x50, 0x00, 0x00, 0x3C, 0x00, 0x00, 0xF0, 0x00, 0x03, 0xC0, 0x00, 0x0F, 0x00, 0x00, 0x3C, 0x00, 0xFF,
    0xFF, 0xF3, 0xFF, 0xFF, 0xC0, 0x0F, 0x00, 0x00, 0x3C, 0x00, 0x00, 0xF0, 0x00, 0x03, 0xC0, 0x00, 0x0F, 0x00, 0x00,
    0x3C, 0x00, 0x00, 0xF0, 0x03, 0xFF, 0xFF, 0xCF, 0xFF, 0xFF, 0x00, 0x3C, 0x00, 0x00, 0xF0, 0x00, 0x03, 0xC0, 0x00,
    0x0F, 0x00, 0x00, 0x3C, 0x00, 0x00, 0xF0, 0x00, 0x2F, 0x47, 0xFD, 0xFF, 0xEF, 0xFE, 0x7F, 0xD2, 0xF4, 0x7C, 0xFE,
    0xFE, 0x7C, 0x74, 0x3C, 0x2C, 0xB8, 0x3C, 0x3D, 0xB8, 0x3C, 0x3D, 0x74, 0x3C, 0x2C, 0x0B, 0xD0, 0x07, 0x00, 0x2F,
    0xF4, 0x0E, 0x00, 0x38, 0x38, 0x2C, 0x00, 0x38, 0x38, 0x34, 0x00, 0x38, 0x38, 0xB0, 0x00, 0x2F, 0xF5, 0xC0, 0x00,
    0x0B, 0xE3, 0x80, 0x00, 0x00, 0x07, 0x00, 0x00, 0x00, 0x0D, 0x00, 0x00, 0x00, 0x2C, 0x00, 0x00, 0x00, 0x76, 0xF5,
    0xF4, 0x00, 0xE7, 0x5F, 0x6C, 0x01, 0xC7, 0x0E, 0x0D, 0x03, 0x4B, 0x0E, 0x0D, 0x0B, 0x0B, 0x0E, 0x0D, 0x0D, 0x07,
    0x0F, 0x1C, 0x38, 0x02, 0xF6, 0xF4, 0x0F, 0x43, 0xC1, 0xF0, 0xBC, 0x2E, 0x0F, 0x43, 0xC0, 0x1F, 0x03, 0xD2, 0xF0,
    0x7C, 0x3E, 0x0B, 0xC3, 0xD0, 0xB8, 0x3C, 0x0F, 0x47, 0xC0, 0xF0, 0xB8, 0x1F, 0x00, 0x1F, 0x0F, 0x83, 0xC2, 0xF0,
    0xF4, 0x7C, 0x2E, 0x0F, 0x0B, 0xC3, 0xD1, 0xF0, 0xF8, 0x3C, 0x2E, 0x0F, 0x47, 0xC2, 0xE0, 0xF0, 0x78, 0x3D, 0x1F,
    0x00, 0x00, 0x7C, 0x01, 0xF0, 0x03, 0xD0, 0x0F, 0x40, 0x2E, 0x00, 0x7C, 0x00, 0x3E, 0x00, 0x0F, 0x40, 0x03, 0xD0,
    0x01, 0xF0, 0x00, 0x7C, 0x3C, 0x00, 0x1F, 0x00, 0x07, 0xC0, 0x02, 0xE0, 0x00, 0xF8, 0x00, 0x3C, 0x00, 0xB8, 0x02,
    0xE0, 0x07, 0xC0, 0x1F, 0x00, 0x3C, 0x00, 0x3D, 0x0B, 0xC3, 0xD0, 0xBC, 0x3D, 0x07, 0xC3, 0xD0, 0x7C, 0x3D, 0x07,
    0xC3, 0xC0, 0x7C, 0x3C, 0x07, 0x83, 0xC0, 0x78, 0x3C, 0x07, 0x83, 0xC0, 0x78, 0x3C, 0x07, 0x83, 0xC0, 0x78, 0x00,
    0x00, 0x00, 0x00, 0x00, 0x3D, 0x07, 0x8B, 0xF0, 0xFD, 0x3D, 0x0B, 0xC0, 0xFF, 0xD0, 0x3F, 0xFF, 0x00, 0x03, 0xE0,
    0x00, 0x3C, 0x0F, 0x0F, 0x03, 0xC3, 0xC0, 0xF1, 0xF0, 0x3D, 0xF8, 0x0F, 0xF8, 0x03, 0xD0, 0x00, 0xE0, 0x00, 0x38,
    0x00, 0x00, 0x00, 0x00, 0x00, 0x01, 0xF0, 0x00, 0xFE, 0x00, 0x1F, 0x00, 0x00, 0x3F, 0xFF, 0xFF, 0xFC, 0x3F, 0xFF,
    0xFF, 0xFC, 0xB4, 0x00, 0x02, 0xEB, 0xC0, 0x00, 0x3D, 0x3F, 0xFF, 0xFF, 0xC0, 0xBF, 0xFF, 0xE0, 0x00, 0x00, 0x02,
    0xD0, 0x00, 0x00, 0x78, 0x00, 0x00, 0x0F, 0x00, 0x00, 0x02, 0xD0, 0x00, 0x00, 0x78, 0x00, 0x00, 0x0F, 0x00, 0x00,
    0x02, 0xC0, 0x00, 0x00, 0x78, 0x00, 0x00, 0x0F, 0x00, 0x00, 0x03, 0xC0, 0x00, 0x00, 0x78, 0x00, 0x00, 0x0F, 0x00,
    0x00, 0x03, 0xC0, 0x00, 0x00, 0x74, 0x00, 0x00, 0x0F, 0x00, 0x00, 0x03, 0xC0, 0x00, 0x00, 0xB4, 0x00, 0x00, 0x00,
    0x3F, 0xF5, 0xFF, 0xD7, 0xC0, 0x1F, 0x00, 0x7C, 0x01, 0xF0, 0x07, 0xC0, 0x1F, 0x00, 0x7C, 0x01, 0xF0, 0x07, 0xFF,
    0x5F, 0xFD, 0x7C, 0x01, 0xF0, 0x07, 0xC0, 0x1F, 0x00, 0x7C, 0x01, 0xF0, 0x07, 0xC0, 0x1F, 0x00, 0x7F, 0xF1, 0xFF,
    0xC0, 0x7F, 0xF2, 0xFF, 0xC0, 0x0F, 0x00, 0x3C, 0x00, 0xF0, 0x03, 0xC0, 0x0F, 0x00, 0x3C, 0x00, 0xF0, 0x03, 0xCB,
    0xFF, 0x1F, 0xFC, 0x00, 0xF0, 0x03, 0xC0, 0x0F, 0x00, 0x3C, 0x00, 0xF0, 0x03, 0xC0, 0x0F, 0x00, 0x3C, 0x7F, 0xF1,
    0xFF, 0xC0, 0x0B, 0xE0, 0x3E, 0xBC, 0xB0, 0x1D, 0xF0, 0x0E, 0xF0, 0x0E, 0xF0, 0x0E, 0xF0, 0x0E, 0xB0, 0x1D, 0x3E,
    0xBC, 0x0B, 0xE0, 0x00, 0xE0, 0x03, 0xC0, 0x0B, 0x40, 0x1E, 0x00, 0x3C, 0x1C, 0xB0, 0x1C, 0xBF, 0xFC, 0x15, 0x6C,
    0x00, 0x1C, 0x00, 0x1C, 0x3F, 0xFD, 0x39, 0x54, 0x34, 0x00, 0x3F, 0xF4, 0x15, 0x7C, 0x00, 0x0E, 0x60, 0x0E, 0xB0,
    0x1D, 0x3E, 0xBC, 0x0B, 0xE0, 0x02, 0xC0, 0x03, 0x40, 0x0E, 0x00, 0x2F, 0xF4, 0x39, 0x7C, 0xB0, 0x0E, 0xF0, 0x0E,
    0xF0, 0x1E, 0x7E, 0xBC, 0x1F, 0xE0, 0xBF, 0xFE, 0xB5, 0x6E, 0xB0, 0x1D, 0x00, 0x3C, 0x00, 0x74, 0x00, 0xF0, 0x01,
    0xD0, 0x03, 0xC0, 0x07, 0x40, 0x0F, 0x00, 0x1F, 0xE4, 0x7E, 0xBC, 0xB0, 0x0D, 0x38, 0x2C, 0x1F, 0xF0, 0x79, 0x7C,
    0xF0, 0x0E, 0xF0, 0x0E, 0x7E, 0xBC, 0x1F, 0xE0, 0x1F, 0xE0, 0x3E, 0xBC, 0xB0, 0x0D, 0xB0, 0x0E, 0xB8, 0x3D, 0x3F,
    0xFC, 0x01, 0xB4, 0x00, 0xE0, 0x03, 0xC0, 0x07, 0x40, 0x03, 0xC0, 0x03, 0xC0, 0x7F, 0xFC, 0x17, 0xD4, 0x03, 0xC0,
    0x03, 0xC0, 0x00, 0x00, 0xBF, 0xFD, 0x15, 0x54, 0x00, 0x00, 0x00, 0x00, 0xBF, 0xFD, 0x15, 0x54, 0x0B, 0xE0, 0x3E,
    0xBC, 0xB0, 0x1D, 0xF0, 0x0E, 0xF0, 0x0E, 0xF0, 0x0E, 0xF0, 0x0E, 0xB0, 0x1D, 0x3E, 0xBC, 0x0B, 0xE0, 0x0B, 0xD0,
    0x0F, 0xB4, 0x06, 0x0D, 0x00, 0x03, 0x40, 0x00, 0xD0, 0x00, 0x34, 0x00, 0x0D, 0x00, 0x03, 0x40, 0x6A, 0xEA, 0x2F,
    0xFF, 0xC0, 0x0B, 0xE0, 0x3E, 0xBC, 0x70, 0x1D, 0x00, 0x1D, 0x00, 0x3C, 0x00, 0xF0, 0x07, 0xC0, 0x1E, 0x00, 0x7D,
    0x54, 0x7F, 0xFE, 0x7F, 0xFD, 0x15, 0x7C, 0x00, 0xB0, 0x03, 0xC0, 0x03, 0xF8, 0x00, 0x2D, 0x10, 0x0E, 0xB0, 0x1E,
    0x7E, 0xBC, 0x0B, 0xE0, 0x00, 0xE0, 0x03, 0xC0, 0x0B, 0x40, 0x1E, 0x00, 0x3C, 0x1C, 0xB0, 0x1C, 0xBF, 0xFC, 0x15,
    0x6C, 0x00, 0x1C, 0x00, 0x1C, 0x3F, 0xFD, 0x39, 0x54, 0x34, 0x00, 0x3F, 0xF4, 0x15, 0x7C, 0x00, 0x0E, 0x60, 0x0E,
    0xB0, 0x1D, 0x3E, 0xBC, 0x0B, 0xE0, 0x02, 0xC0, 0x03, 0x40, 0x0E, 0x00, 0x2F, 0xF4, 0x39, 0x7C, 0xB0, 0x0E, 0xF0,
    0x0E, 0xF0, 0x1E, 0x7E, 0xBC, 0x1F, 0xE0, 0xBF, 0xFE, 0xB5, 0x6E, 0xB0, 0x1D, 0x00, 0x3C, 0x00, 0x74, 0x00, 0xF0,
    0x01, 0xD0, 0x03, 0xC0, 0x07, 0x40, 0x0F, 0x00, 0x1F, 0xE4, 0x7E, 0xBC, 0xB0, 0x0D, 0x38, 0x2C, 0x1F, 0xF0, 0x79,
    0x7C, 0xF0, 0x0E, 0xF0, 0x0E, 0x7E, 0xBC, 0x1F, 0xE0, 0x1F, 0xE0, 0x3E, 0xBC, 0xB0, 0x0D, 0xB0, 0x0E, 0xB8, 0x3D,
    0x3F, 0xFC, 0x01, 0xB4, 0x00, 0xE0, 0x03, 0xC0, 0x07, 0x40, 0x00, 0x01, 0xE0, 0x00, 0x01, 0xE0, 0x00, 0x3F, 0xFF,
    0x00, 0x3F, 0xFE, 0x00, 0x01, 0xE0, 0x0B, 0xE1, 0xE0, 0x3F, 0xFD, 0xE0, 0x7D, 0x0B, 0xE0, 0xF4, 0x03, 0xE0, 0xF0,
    0x02, 0xE0, 0xF0, 0x01, 0xE0, 0xF0, 0x02, 0xE0, 0xF4, 0x03, 0xE0, 0x7C, 0x07, 0xE0, 0x3F, 0xFE, 0xE0, 0x0B, 0xF1,
    0xE0, 0x00, 0x00, 0x00, 0xFF, 0xFF, 0xE0, 0xFF, 0xFF, 0xE0, 0x00, 0x7F, 0xD0, 0x02, 0xFF, 0xFC, 0x07, 0xD0, 0x3E,
    0x0B, 0x40, 0x1F, 0x0F, 0x00, 0x0E, 0x0F, 0x00, 0x00, 0xBF, 0xFF, 0x00, 0x7F, 0xFF, 0x00, 0x0F, 0x00, 0x00, 0x7F,
    0xFF, 0x00, 0xBF, 0xFF, 0x00, 0x0F, 0x00, 0x00, 0x0F, 0x00, 0x0F, 0x0B, 0x40, 0x1F, 0x07, 0xD0, 0x3D, 0x02, 0xFF,
    0xFC, 0x00, 0x7F, 0xD0, 0xFF, 0xFF, 0xFF, 0xFF, 0xFF, 0xFE, 0x00, 0x3C, 0x00, 0x00, 0x3C, 0x00, 0x00, 0x3C, 0x00,
    0x00, 0x3C, 0x18, 0x00, 0x3F, 0xFC, 0x06, 0xFF, 0x90, 0x3F, 0xFC, 0x00, 0x24, 0x3C, 0x18, 0x00, 0x3E, 0xFC, 0x06,
    0xFF, 0xD0, 0x3F, 0xFC, 0x00, 0x24, 0x3C, 0x00, 0x00, 0x3C, 0x00, 0x00, 0x3C, 0x00, 0x00, 0x3C, 0x00, 0x01, 0xFF,
    0x80, 0x0F, 0xFF, 0xF0, 0x1F, 0x00, 0xF4, 0x2D, 0x00, 0xB8, 0x00, 0x00, 0xF0, 0x00, 0x03, 0xD0, 0xFF, 0xFF, 0xFE,
    0xBF, 0xFF, 0xFE, 0x00, 0x00, 0x00, 0xBF, 0xFF, 0xFE, 0xFF, 0xFF, 0xFE, 0x0F, 0x00, 0x00, 0x2D, 0x00, 0x10, 0x3D,
    0x00, 0xB4, 0x2F, 0x01, 0xF0, 0x0F, 0xFF, 0xD0, 0x02, 0xFE, 0x40, 0x07, 0xFF, 0xE0, 0x01, 0xFF, 0xFF, 0x40, 0x78,
    0x02, 0xF0, 0x1E, 0x00, 0x3D, 0x07, 0x80, 0x0B, 0x81, 0xE0, 0x02, 0xE0, 0x78, 0x00, 0xF4, 0x1E, 0x00, 0xBC, 0x7F,
    0xFF, 0xFD, 0x1F, 0xFF, 0xF8, 0x00, 0x78, 0x00, 0x01, 0xFF, 0xFF, 0xC0, 0x7F, 0xFF, 0xF0, 0x01, 0xE0, 0x00, 0x00,
    0x78, 0x00, 0x00, 0x1E, 0x00, 0x00, 0x07, 0x80, 0x00, 0x00, 0x0E, 0x34, 0x00, 0x38, 0xD0, 0x00, 0xE3, 0x40, 0x3F,
    0xFF, 0x40, 0xFF, 0xFF, 0x83, 0xC0, 0x1F, 0x4F, 0x00, 0x1E, 0x3C, 0x00, 0x7C, 0xF0, 0x01, 0xE3, 0xC0, 0x1F, 0x0F,
    0xFF, 0xF4, 0x3F, 0xFF, 0xD0, 0xF0, 0x07, 0xD3, 0xC0, 0x07, 0xCF, 0x00, 0x0F, 0x3C, 0x00, 0x3C, 0xF0, 0x00, 0xF3,
    0xC0, 0x0F, 0x8F, 0xFF, 0xFC, 0x3F, 0xFF, 0x80, 0x0E, 0x34, 0x00, 0x38, 0xD0, 0x00, 0xD3, 0x40, 0x00, 0x00, 0x18,
    0x00, 0x00, 0x0B, 0xC0, 0x00, 0x01, 0xF0, 0x00, 0x00, 0x3D, 0x00, 0x00, 0x0F, 0x80, 0x00, 0x02, 0xF0, 0x00, 0x00,
    0x7F, 0xFF, 0xFF, 0xD7, 0xFF, 0xFF, 0xFD, 0x2E, 0x00, 0x00, 0x00, 0xF8, 0x00, 0x00, 0x03, 0xD0, 0x00, 0x00, 0x1F,
    0x00, 0x00, 0x00, 0x7C, 0x00, 0x00, 0x01, 0x40, 0x00, 0x00, 0x00, 0x00, 0x00, 0x02, 0x40, 0x00, 0x03, 0xF8, 0x00,
    0x03, 0xFF, 0x80, 0x03, 0xDF, 0xBC, 0x07, 0xD3, 0xCB, 0xC3, 0xD0, 0xF0, 0x7C, 0xD0, 0x3C, 0x07, 0x00, 0x0F, 0x00,
    0x00, 0x03, 0xC0, 0x00, 0x00, 0xF0, 0x00, 0x00, 0x3C, 0x00, 0x00, 0x0F, 0x00, 0x00, 0x03, 0xC0, 0x00, 0x00, 0xF0,
    0x00, 0x00, 0x3C, 0x00, 0x00, 0x0F, 0x00, 0x00, 0x03, 0xC0, 0x00, 0x00, 0x06, 0x40, 0x00, 0x00, 0x3D, 0x00, 0x00,
    0x01, 0xF0, 0x00, 0x00, 0x0B, 0xC0, 0x00, 0x00, 0x3E, 0x00, 0x00, 0x00, 0xF4, 0x7F, 0xFF, 0xFF, 0xCB, 0xFF, 0xFF,
    0xFC, 0x00, 0x00, 0x0F, 0x40, 0x00, 0x02, 0xE0, 0x00, 0x00, 0xBC, 0x00, 0x00, 0x1F, 0x00, 0x00, 0x03, 0xD0, 0x00,
    0x00, 0x54, 0x00, 0x00, 0x0F, 0x00, 0x00, 0x03, 0xC0, 0x00, 0x00, 0xF0, 0x00, 0x00, 0x3C, 0x00, 0x00, 0x0F, 0x00,
    0x00, 0x03, 0xC0, 0x00, 0x00, 0xF0, 0x00, 0x00, 0x3C, 0x00, 0x00, 0x0F, 0x00, 0x00, 0x03, 0xC0, 0x03, 0x00, 0xF0,
    0x1C, 0xF4, 0x3C, 0x1F, 0x1F, 0x4F, 0x2F, 0x00, 0xF7, 0xEF, 0x00, 0x0F, 0xFE, 0x00, 0x00, 0xFE, 0x00, 0x00, 0x09,
    0x00, 0x00, 0x00, 0x00, 0x00, 0x00, 0x18, 0x06, 0x40, 0x00, 0x0B, 0xC0, 0x3D, 0x00, 0x01, 0xF0, 0x01, 0xF0, 0x00,
    0x3D, 0x00, 0x0B, 0xC0, 0x0F, 0x80, 0x00, 0x2E, 0x02, 0xE0, 0x00, 0x00, 0xF4, 0x7F, 0xFF, 0xFF, 0xFF, 0xC7, 0xFF,
    0xFF, 0xFF, 0xFD, 0x2E, 0x00, 0x00, 0x0B, 0x80, 0xF4, 0x00, 0x02, 0xE0, 0x03, 0xD0, 0x00, 0x7C, 0x00, 0x1F, 0x00,
    0x1F, 0x00, 0x00, 0xBC, 0x03, 0xD0, 0x00, 0x01, 0x40, 0x54, 0x00, 0x00, 0x04, 0x00, 0x00, 0x0B, 0xD0, 0x00, 0x0B,
    0xFD, 0x00, 0x0B, 0xBF, 0xE0, 0x0F, 0x8F, 0x3E, 0x0F, 0x83, 0xC3, 0xE3, 0x80, 0xF0, 0x2C, 0x40, 0x3C, 0x01, 0x00,
    0x0F, 0x00, 0x00, 0x03, 0xC0, 0x00, 0x00, 0xF0, 0x00, 0x00, 0x3C, 0x00, 0x00, 0x0F, 0x00, 0x00, 0x03, 0xC0, 0x00,
    0x00, 0xF0, 0x00, 0x00, 0x3C, 0x00, 0x00, 0x0F, 0x00, 0x04, 0x03, 0xC0, 0x13, 0x40, 0xF0, 0x1C, 0xF4, 0x3C, 0x2F,
    0x1F, 0x8F, 0x2F, 0x00, 0xFB, 0xEF, 0x00, 0x0F, 0xFE, 0x00, 0x00, 0xBE, 0x00, 0x00, 0x09, 0x00, 0x00, 0xBF, 0xFF,
    0xE0, 0xBF, 0xFF, 0xF8, 0xBF, 0x00, 0x00, 0xBB, 0xC0, 0x00, 0xB6, 0xF0, 0x00, 0xB4, 0xBC, 0x00, 0xB4, 0x2F, 0x00,
    0xB4, 0x0B, 0xC0, 0xB4, 0x02, 0xF0, 0x74, 0x00, 0xBC, 0x14, 0x00, 0x2D, 0x00, 0x00, 0x04, 0x0B, 0xFF, 0xFD, 0x2F,
    0xFF, 0xFD, 0x00, 0x00, 0xFD, 0x00, 0x03, 0xED, 0x00, 0x0F, 0x5D, 0x00, 0x3D, 0x1D, 0x00, 0xF4, 0x1D, 0x03, 0xD0,
    0x1D, 0x0F, 0x40, 0x1D, 0x3D, 0x00, 0x1C, 0xB4, 0x00, 0x10, 0x10, 0x00, 0x00, 0x00, 0x00, 0x00, 0x74, 0x00, 0x10,
    0x7D, 0x00, 0x1C, 0x1F, 0x40, 0x1D, 0x07, 0xD0, 0x1D, 0x01, 0xF4, 0x1D, 0x00, 0x7D, 0x1D, 0x00, 0x1F, 0x1D, 0x00,
    0x07, 0xED, 0x00, 0x01, 0xFD, 0x2F, 0xFF, 0xFD, 0x0F, 0xFF, 0xFD, 0x00, 0x00, 0x00, 0x00, 0x00, 0x1D, 0x34, 0x00,
    0x7C, 0xB4, 0x01, 0xF0, 0xB4, 0x07, 0xC0, 0xB4, 0x1F, 0x00, 0xB4, 0x7C, 0x00, 0xB5, 0xF0, 0x00, 0xBB, 0xC0, 0x00,
    0xBF, 0x00, 0x00, 0xBF, 0xFF, 0xF8, 0xBF, 0xFF, 0xE0, 0x00, 0x02, 0xFF, 0x40, 0x00, 0x3F, 0xFD, 0x00, 0x00, 0x0F,
    0xE1, 0xFC, 0x03, 0xFE, 0x7F, 0xF0, 0xBD, 0xEB, 0x0B, 0xFF, 0x1E, 0xB0, 0x2F, 0x81, 0xE0, 0x03, 0xC0, 0xF0, 0x00,
    0xF0, 0x3C, 0x00, 0x3C, 0x0F, 0x00, 0x0B, 0xFF, 0xFF, 0xFD, 0xFF, 0xFF, 0xFF, 0xE3, 0xC0, 0xF0, 0x00, 0x0F, 0x03,
    0xC0, 0x00, 0x7C, 0x0F, 0x00, 0x01, 0xF0, 0x3C, 0x00, 0x07, 0xC0, 0xF0, 0x00, 0x1F, 0x07, 0xCB, 0xFF, 0xFF, 0xFE,
    0xFF, 0xFF, 0xFF, 0xE0, 0x00, 0xF0, 0x3C, 0x00, 0x3C, 0x0F, 0x00, 0x1F, 0x03, 0xC0, 0x03, 0xC0, 0x07, 0xC0, 0xF0,
    0x00, 0xF4, 0x3C, 0x00, 0x3D, 0x0B, 0xFF, 0xFF, 0x40, 0xFF, 0xFF, 0xF4, 0x03, 0xC0, 0x03, 0xD0, 0x0F, 0x00, 0x1F,
    0x00, 0x7C, 0x00, 0x7C, 0x7C, 0x00, 0x3C, 0x01, 0xF0, 0x00, 0xF0, 0x0B, 0xC0, 0x07, 0xC0, 0x2F, 0xFF, 0xFE, 0x02,
    0xFF, 0xFF, 0xE0, 0xBC, 0x00, 0x3C, 0x1F, 0x00, 0x0F, 0x07, 0xC0, 0x03, 0xC0, 0x00, 0x50, 0x00, 0x3F, 0xC0, 0x0F,
    0xFF, 0x03, 0xDF, 0xBC, 0x70, 0xF1, 0xD4, 0x0F, 0x04, 0x00, 0xF0, 0x00, 0x0F, 0x00, 0x00, 0xF0, 0x00, 0x0F, 0x00,
    0x00, 0xF0, 0x07, 0xFF, 0xFC, 0x7F, 0xFF, 0xD0, 0xF0, 0x00, 0x3C, 0x0F, 0x00, 0x00, 0xF0, 0xF0, 0x00, 0x07, 0xCF,
    0xFF, 0xFF, 0xFE, 0xFF, 0xFF, 0xFF, 0xEF, 0x00, 0x00, 0x3C, 0xF0, 0x00, 0x0F, 0x0F, 0x00, 0x03, 0xC0, 0x7F, 0xFF,
    0xC7, 0xFF, 0xFD, 0x00, 0xF0, 0x00, 0x0F, 0x00, 0x00, 0xF0, 0x00, 0x0F, 0x00, 0x00, 0xF0, 0x00, 0x0F, 0x00, 0x60,
    0xF0, 0xD7, 0xCF, 0x3C, 0x2F, 0xFF, 0x40, 0xBF, 0xD0, 0x01, 0xF4, 0x00, 0x00, 0x03, 0xE0, 0x00, 0x00, 0x3F, 0xE0,
    0x00, 0x00, 0x1F, 0x80, 0x00, 0x00, 0x3C, 0x00, 0x00, 0x02, 0xD0, 0x0A, 0x00, 0x2E, 0x03, 0xD0, 0x02, 0xD0, 0xF4,
    0x00, 0x3C, 0x2E, 0x00, 0x1F, 0x87, 0xFF, 0xFF, 0xF0, 0x7F, 0xFF, 0xF4, 0x02, 0xE0, 0x00, 0x00, 0x0B, 0x40, 0x00,
    0x00, 0x3D, 0x00, 0x00, 0x00, 0x50, 0x00, 0x00, 0x01, 0xB8, 0x00, 0x00, 0xBF, 0xC0, 0x00, 0x2F, 0x40, 0x00, 0x07,
    0xC0, 0x00, 0x00, 0xB4, 0x00, 0x00, 0x0B, 0x40, 0x0A, 0x00, 0xB4, 0x00, 0x7C, 0x07, 0xC0, 0x02, 0xE0, 0x3E, 0x00,
    0x0F, 0x40, 0xFF, 0xFF, 0xFC, 0x01, 0xFF, 0xFF, 0xC0, 0x00, 0x00, 0xB4, 0x00, 0x00, 0x2E, 0x00, 0x00, 0x0B, 0x80,
    0x00, 0x00, 0x50, 0x00, 0x01, 0x40, 0x24, 0x00, 0xB4, 0x02, 0xE0, 0x2E, 0x2F, 0x0B, 0x47, 0x8F, 0xFC, 0x2C, 0xFF,
    0xE1, 0xFF, 0xEB, 0xF8, 0x07, 0xFD, 0x2D, 0x00, 0x0B, 0x80, 0xB4, 0x02, 0xE0, 0x01, 0x40, 0x14, 0x00, 0x00, 0x00,
    0xC0, 0x03, 0xC0, 0x0E, 0xC0, 0x32, 0xC0, 0xC2, 0xC3, 0x02, 0x4C, 0x00, 0x30, 0x00, 0xC0, 0x03, 0x00, 0x0C, 0x00,
    0x30, 0x00, 0xC0, 0x03, 0x00, 0x0C, 0x00, 0x30, 0x00, 0xC0, 0x03, 0x00, 0x0C, 0x00, 0x30, 0x00, 0xC0, 0x03, 0x00,
    0x0C, 0x00, 0x00, 0x00, 0x2E, 0x00, 0x00, 0x00, 0xF4, 0x00, 0x00, 0x03, 0xCF, 0xFF, 0xFF, 0xFE, 0xBF, 0xFF, 0xFF,
    0xE0, 0x00, 0x00, 0x3C, 0x00, 0x00, 0x0F, 0x00, 0x00, 0x02, 0xE0, 0x00, 0x00, 0x0F, 0x00, 0x00, 0x00, 0x3C, 0xBF,
    0xFF, 0xFF, 0xEF, 0xFF, 0xFF, 0xFE, 0x00, 0x00, 0x03, 0xC0, 0x00, 0x00, 0xF0, 0x00, 0x00, 0x15, 0x00, 0x00, 0x19,
    0x00, 0x00, 0x07, 0xC0, 0x00, 0x00, 0xF4, 0x00, 0x00, 0x3E, 0x00, 0x00, 0x0B, 0xFF, 0xFF, 0xF1, 0xFF, 0xFF, 0xFE,
    0x3D, 0x00, 0x00, 0x0F, 0x80, 0x00, 0x00, 0x3D, 0x00, 0x00, 0x01, 0xFF, 0xFF, 0xFE, 0x0B, 0xFF, 0xFF, 0xF0, 0x2E,
    0x00, 0x00, 0x00, 0xF8, 0x00, 0x00, 0x03, 0xD0, 0x00, 0x00, 0x00, 0x00, 0x00, 0x00, 0x24, 0x24, 0x00, 0x00, 0xB4,
    0x2D, 0x00, 0x02, 0xF4, 0x2B, 0x40, 0x0B, 0x34, 0x28, 0xD0, 0x2C, 0x34, 0x28, 0x34, 0x30, 0x34, 0x28, 0x0C, 0x00,
    0x34, 0x28, 0x00, 0x00, 0x34, 0x28, 0x00, 0x00, 0x34, 0x28, 0x00, 0x00, 0x34, 0x28, 0x00, 0x00, 0x34, 0x28, 0x00,
    0x00, 0x34, 0x28, 0x00, 0x00, 0x34, 0x28, 0x00, 0x00, 0x34, 0x28, 0x00, 0x00, 0x34, 0x28, 0x00, 0x00, 0x34, 0x28,
    0x00, 0x00, 0x34, 0x28, 0x00, 0x00, 0x34, 0x28, 0x00, 0x00, 0x34, 0x28, 0x00, 0x00, 0x34, 0x28, 0x00, 0x00, 0x34,
    0x28, 0x00, 0x00, 0x34, 0x28, 0x00, 0x00, 0x34, 0x28, 0x00, 0x00, 0x06, 0x40, 0x00, 0x00, 0x7C, 0x00, 0x00, 0x02,
    0xF0, 0x00, 0x00, 0x0F, 0x80, 0xFF, 0xFF, 0xFE, 0x0F, 0xFF, 0xFF, 0xF4, 0x00, 0x00, 0x07, 0xC0, 0x00, 0x00, 0x3E,
    0x00, 0x00, 0x07, 0xCF, 0xFF, 0xFF, 0xF0, 0xFF, 0xFF, 0xFD, 0x00, 0x00, 0x0F, 0x80, 0x00, 0x02, 0xE0, 0x00, 0x00,
    0xBC, 0x00, 0x00, 0x34, 0x28, 0x00, 0x00, 0x34, 0x28, 0x00, 0x00, 0x34, 0x28, 0x00, 0x00, 0x34, 0x28, 0x00, 0x00,
    0x34, 0x28, 0x00, 0x00, 0x34, 0x28, 0x00, 0x00, 0x34, 0x28, 0x00, 0x00, 0x34, 0x28, 0x00, 0x00, 0x34, 0x28, 0x00,
    0x00, 0x34, 0x28, 0x00, 0x00, 0x34, 0x28, 0x00, 0x00, 0x34, 0x28, 0x00, 0x00, 0x34, 0x28, 0x00, 0x00, 0x34, 0x28,
    0x00, 0x00, 0x34, 0x28, 0x00, 0x00, 0x34, 0x28, 0x00, 0x00, 0x34, 0x28, 0x00, 0x30, 0x34, 0x28, 0x0C, 0x2C, 0x34,
    0x28, 0x34, 0x0B, 0x34, 0x28, 0xD0, 0x02, 0xF4, 0x2B, 0x40, 0x00, 0xB4, 0x2D, 0x00, 0x00, 0x24, 0x24, 0x00, 0x00,
    0x00, 0x00, 0x00, 0x00, 0x19, 0x06, 0x00, 0x00, 0x07, 0xC0, 0x7C, 0x00, 0x00, 0xF8, 0x02, 0xF0, 0x00, 0x3F, 0x00,
    0x0F, 0x80, 0x0B, 0xFF, 0xFF, 0xFD, 0x01, 0xFF, 0xFF, 0xFF, 0xF0, 0x3D, 0x00, 0x00, 0x0B, 0xCB, 0xC0, 0x00, 0x00,
    0x3D, 0x3D, 0x00, 0x00, 0x0B, 0xC0, 0xFF, 0xFF, 0xFF, 0xF0, 0x07, 0xFF, 0xFF, 0xFC, 0x00, 0x2F, 0x00, 0x0F, 0x40,
    0x00, 0xB8, 0x03, 0xE0, 0x00, 0x03, 0xD0, 0xB8, 0x00, 0x00, 0x06, 0x40, 0x00, 0x00, 0x3D, 0x00, 0xFF, 0xFF, 0xF0,
    0x0F, 0xFF, 0xFF, 0xC0, 0x00, 0x00, 0x2E, 0x00, 0x00, 0x00, 0xF8, 0xFF, 0xFF, 0xFF, 0xDF, 0xFF, 0xFF, 0xFD, 0x00,
    0x00, 0x0B, 0x80, 0x00, 0x01, 0xF0, 0xFF, 0xFF, 0xFC, 0x0F, 0xFF, 0xFF, 0x40, 0x00, 0x03, 0xE0, 0x00, 0x00, 0xBC,
    0x00, 0x00, 0x10, 0x00, 0x0F, 0x00, 0x03, 0xFC, 0x00, 0xFF, 0xF0, 0x3F, 0xFF, 0x82, 0xAF, 0xA8, 0x00, 0xF0, 0x00,
    0x0F, 0x00, 0x7F, 0xFF, 0xC7, 0xFF, 0xFD, 0x00, 0xF0, 0x00, 0x0F, 0x00, 0x7F, 0xFF, 0xC7, 0xFF, 0xFD, 0x00, 0xF0,
    0x00, 0x0F, 0x00, 0x00, 0xF0, 0x00, 0x05, 0x00, 0x00, 0x90, 0x00, 0x0F, 0x00, 0x00, 0xF0, 0x00, 0x0F, 0x00, 0x7F,
    0xFF, 0xC7, 0xFF, 0xFD, 0x00, 0xF0, 0x00, 0x0F, 0x00, 0x7F, 0xFF, 0xC7, 0xFF, 0xFD, 0x00, 0xF0, 0x00, 0x0F, 0x00,
    0x00, 0xF0, 0x07, 0xFF, 0xFC, 0x1F, 0xFF, 0x00, 0x7F, 0xD0, 0x02, 0xF4, 0x00, 0x0A, 0x00, 0x00, 0x00, 0x00, 0x00,
    0x14, 0x01, 0x80, 0x01, 0xE0, 0x2D, 0x00, 0x0B, 0x82, 0xD0, 0x00, 0x3D, 0x2D, 0xFF, 0xFF, 0xF2, 0xDF, 0xFF, 0xFF,
    0x6D, 0x00, 0x02, 0xD2, 0xD0, 0x00, 0xB8, 0x2D, 0x00, 0x1F, 0x02, 0xD0, 0x01, 0x40, 0x14, 0x00, 0x00, 0x00, 0x00,
    0x00, 0x90, 0x00, 0x00, 0x2B, 0x40, 0x00, 0x07, 0x0D, 0x00, 0x01, 0xC0, 0x30, 0x00, 0x70, 0x00, 0xC0, 0x1C, 0x00,
    0x03, 0x03, 0xFC, 0x07, 0xFC, 0x00, 0xC0, 0x70, 0x00, 0x0C, 0x07, 0x00, 0x00, 0xC0, 0x70, 0x00, 0x0C, 0x07, 0x00,
    0x00, 0xC0, 0x70, 0x00, 0x0C, 0x07, 0x00, 0x00, 0xC0, 0x70, 0x00, 0x0C, 0x07, 0x00, 0x00, 0xC0, 0x70, 0x00, 0x0C,
    0x07, 0x00, 0x00, 0xBF, 0xD0, 0x00, 0x00, 0x00, 0x00, 0x00, 0x00, 0x30, 0x00, 0x00, 0x03, 0xC0, 0x00, 0x00, 0x33,
    0x00, 0xBF, 0xFF, 0x0D, 0x0C, 0x00, 0x00, 0x34, 0xC0, 0x00, 0x00, 0xDC, 0x00, 0x00, 0x0D, 0xC0, 0x00, 0x03, 0x4B,
    0xFF, 0xF0, 0xC0, 0x00, 0x03, 0x30, 0x00, 0x00, 0x3C, 0x00, 0x00, 0x03, 0x00, 0x00, 0x00, 0x00, 0x00, 0x00, 0x00,
    0x00, 0x00, 0x00, 0x90, 0x00, 0x00, 0x2B, 0x40, 0x00, 0x07, 0x0D, 0x00, 0x01, 0xC0, 0x30, 0x00, 0x70, 0x00, 0xC0,
    0x1C, 0x00, 0x07, 0x03, 0xFC, 0x07, 0xFC, 0x00, 0xC0, 0x70, 0x00, 0x0C, 0x07, 0x00, 0x00, 0xC0, 0x70, 0x00, 0x0C,
    0x07, 0x00, 0x00, 0xFF, 0xE0, 0x00, 0x00, 0x00, 0x00, 0x00, 0xFF, 0xF0, 0x00, 0x0C, 0x07, 0x00, 0x00, 0xC0, 0x70,
    0x00, 0x0C, 0x07, 0x00, 0x00, 0xBF, 0xD0, 0x00, 0x60, 0x00, 0x19, 0xB4, 0x00, 0x2D, 0x78, 0x00, 0x3C, 0x3C, 0x00,
    0x3C, 0x3C, 0x00, 0x78, 0x2F, 0xFF, 0xF4, 0x1F, 0xFF, 0xF0, 0x0F, 0x00, 0xF0, 0x0F, 0x01, 0xE0, 0x0B, 0x42, 0xD0,
    0x07, 0x83, 0xC0, 0x03, 0xC3, 0xC0, 0x03, 0xC7, 0x80, 0x02, 0xDB, 0x40, 0x01, 0xEF, 0x00, 0x00, 0xFF, 0x00, 0x00,
    0xFE, 0x00, 0x00, 0x54, 0x00, 0x0B, 0xE0, 0x3F, 0xFC, 0x7C, 0x3D, 0x78, 0x2D, 0x78, 0x04, 0x78, 0x00, 0x78, 0x00,
    0x78, 0x00, 0x78, 0x04, 0x78, 0x2D, 0x7C, 0x3D, 0x3F, 0xFC, 0x0B, 0xE0, 0x07, 0xE0, 0x00, 0x0F, 0x80, 0x00, 0x2E,
    0x00, 0x00, 0xF8, 0x00, 0x03, 0xC0, 0x29, 0x2D, 0x2F, 0xFE, 0xE7, 0xD0, 0xBE, 0xB8, 0x02, 0xEF, 0x00, 0x1E, 0xF0,
    0x01, 0xEF, 0x00, 0x1E, 0xF0, 0x01, 0xEF, 0x40, 0x2E, 0x7C, 0x03, 0xC3, 0xFA, 0xF8, 0x07, 0xFD, 0x00, 0x3F, 0xFF,
    0xF4, 0xFF, 0xFF, 0xE0, 0x00, 0x0B, 0x80, 0x00, 0x2E, 0x00, 0x00, 0xB8, 0x00, 0x02, 0xE0, 0x00, 0x0B, 0x87, 0xFF,
    0xFE, 0x1F, 0xFF, 0xF8, 0x00, 0x02, 0xE0, 0x00, 0x0B, 0x80, 0x00, 0x2E, 0x00, 0x00, 0xB8, 0x00, 0x02, 0xE0, 0x00,
    0x0B, 0x8F, 0xFF, 0xFE, 0x3F, 0xFF, 0xF8, 0x00, 0x00, 0xB0, 0x00, 0x03, 0x43, 0xFF, 0xFF, 0x4F, 0xFF, 0xFE, 0x00,
    0x07, 0xF8, 0x00, 0x2E, 0xE0, 0x00, 0xEB, 0x80, 0x07, 0x6E, 0x00, 0x2C, 0xB8, 0x7F, 0xFF, 0xE1, 0xFF, 0xFF, 0x80,
    0x3C, 0x2E, 0x00, 0xD0, 0xB8, 0x0B, 0x02, 0xE0, 0x38, 0x0B, 0x81, 0xD0, 0x2E, 0x0B, 0x00, 0xB8, 0xFF, 0xFF, 0xE3,
    0xFF, 0xFF, 0x8B, 0x00, 0x00, 0x38, 0x00, 0x00, 0x40, 0x00, 0x00, 0x00, 0x00, 0x00, 0x20, 0x00, 0x00, 0x00, 0xE0,
    0x00, 0x2F, 0xF6, 0xC0, 0x02, 0xFF, 0xFF, 0x80, 0x0B, 0xD0, 0x0F, 0xD0, 0x1F, 0x00, 0x2E, 0xF0, 0x3D, 0x00, 0x74,
    0xB8, 0x3C, 0x00, 0xE0, 0x7C, 0x3C, 0x02, 0xC0, 0x3C, 0x3C, 0x07, 0x40, 0x3C, 0x3C, 0x0E, 0x00, 0x7C, 0x3D, 0x2C,
    0x00, 0xB8, 0x1F, 0xB0, 0x01, 0xF0, 0x0B, 0xF0, 0x0B, 0xD0, 0x03, 0xFF, 0xFF, 0x40, 0x07, 0x6F, 0xF8, 0x00, 0x0D,
    0x00, 0x00, 0x00, 0x00, 0xBD, 0x00, 0x00, 0xFE, 0x00, 0x00, 0xFF, 0x00, 0x01, 0xEF, 0x00, 0x02, 0xDB, 0x40, 0x03,
    0xC7, 0x80, 0x03, 0xC3, 0xC0, 0x07, 0x83, 0xC0, 0x0B, 0x42, 0xD0, 0x0F, 0x01, 0xE0, 0x0F, 0x00, 0xF0, 0x1E, 0x00,
    0xF0, 0x2D, 0x00, 0xB8, 0x3C, 0x00, 0x7C, 0x3C, 0x00, 0x3C, 0x7F, 0xFF, 0xFD, 0xBF, 0xFF, 0xFE, 0xBF, 0xFF, 0xFD,
    0xBF, 0xFF, 0xFD, 0x3C, 0x00, 0x3C, 0x3C, 0x00, 0x7C, 0x2D, 0x00, 0xB8, 0x1E, 0x00, 0xF4, 0x0F, 0x00, 0xF0, 0x0F,
    0x01, 0xF0, 0x0B, 0x42, 0xD0, 0x07, 0x82, 0xC0, 0x03, 0xC3, 0xC0, 0x03, 0xC3, 0x80, 0x02, 0xD7, 0x40, 0x01, 0xEB,
    0x00, 0x00, 0xFF, 0x00, 0x00, 0xFE, 0x00, 0x00, 0xBD, 0x00, 0x01, 0xBF, 0xFF, 0xC0, 0xBE, 0xAA, 0xA8, 0x1F, 0x00,
    0x00, 0x03, 0xC0, 0x00, 0x00, 0x3C, 0x00, 0x00, 0x03, 0xEA, 0xAA, 0xA8, 0x3F, 0xFF, 0xFF, 0xC3, 0xC0, 0x00, 0x00,
    0x3C, 0x00, 0x00, 0x03, 0xD0, 0x00, 0x00, 0x1F, 0x00, 0x00, 0x00, 0xBE, 0xAA, 0xA8, 0x01, 0xBF, 0xFF, 0xC0, 0x00,
    0x00, 0x04, 0x00, 0x00, 0x02, 0x80, 0x00, 0x00, 0x34, 0x00, 0x00, 0x07, 0x00, 0x01, 0xBF, 0xFF, 0xC0, 0xBF, 0xFF,
    0xFC, 0x1F, 0x01, 0xC0, 0x03, 0xC0, 0x38, 0x00, 0x3C, 0x03, 0x00, 0x03, 0xFF, 0xFF, 0xFC, 0x3F, 0xFF, 0xFF, 0xC3,
    0xC1, 0xC0, 0x00, 0x3C, 0x2C, 0x00, 0x03, 0xD3, 0x40, 0x00, 0x1F, 0xB0, 0x00, 0x00, 0xBF, 0xFF, 0xFC, 0x01, 0xFF,
    0xFF, 0xC0, 0x1C, 0x00, 0x00, 0x02, 0x80, 0x00, 0x00, 0x34, 0x00, 0x00, 0x0B, 0xFC, 0x34, 0x00, 0x30, 0x00, 0x3F,
    0xFC, 0x30, 0x00, 0x34, 0x00, 0x1F, 0xFC, 0x00, 0x00, 0x3F, 0xFF, 0xE4, 0x02, 0xAA, 0xAB, 0xE0, 0x00, 0x00, 0x0F,
    0x40, 0x00, 0x00, 0x7C, 0x00, 0x00, 0x03, 0xC2, 0xAA, 0xAA, 0xBC, 0x3F, 0xFF, 0xFF, 0xC0, 0x00, 0x00, 0x3C, 0x00,
    0x00, 0x03, 0xC0, 0x00, 0x00, 0x7C, 0x00, 0x00, 0x0F, 0x42, 0xAA, 0xAB, 0xE0, 0x3F, 0xFF, 0xE4, 0x00, 0x00, 0x00,
    0x04, 0x00, 0x00, 0x02, 0x80, 0x00, 0x00, 0x34, 0x00, 0x00, 0x07, 0x00, 0x3F, 0xFF, 0xF4, 0x02, 0xAA, 0xAF, 0xE0,
    0x00, 0x01, 0xCF, 0x40, 0x00, 0x38, 0x7C, 0x00, 0x03, 0x43, 0xC2, 0xAA, 0xFA, 0xBC, 0x3F, 0xFF, 0xFF, 0xC0, 0x01,
    0xC0, 0x3C, 0x00, 0x2C, 0x03, 0xC0, 0x03, 0x80, 0x7C, 0x00, 0x70, 0x0F, 0x42, 0xAF, 0xAB, 0xE0, 0x3F, 0xFF, 0xE4,
    0x00, 0x1C, 0x00, 0x00, 0x02, 0x80, 0x00, 0x00, 0x34, 0x00, 0x00, 0x2A, 0xAA, 0x83, 0xFF, 0xFC, 0x3F, 0xFF, 0xC3,
    0xFF, 0xFC, 0x3F, 0xFF, 0xC3, 0xFF, 0xFC, 0x3F, 0xFF, 0xC3, 0xFF, 0xFC, 0x3F, 0xFF, 0xC3, 0xFF, 0xFC, 0x3F, 0xFF,
    0xC3, 0xFF, 0xFC, 0x3F, 0xFF, 0xFF, 0xCF, 0xFF, 0xFF, 0xF0, 0x78, 0x03, 0xD0, 0x1E, 0x00, 0xF4, 0x07, 0x80, 0x3D,
    0x01, 0xE0, 0x0F, 0x40, 0x78, 0x03, 0xD0, 0x1E, 0x00, 0xF4, 0x07, 0x80, 0x3D, 0x01, 0xE0, 0x0F, 0x40, 0x78, 0x03,
    0xD0, 0x1E, 0x00, 0xF4, 0x07, 0x80, 0x3D, 0x01, 0xE0, 0x0F, 0x40, 0x78, 0x03, 0xD0, 0x1E, 0x00, 0xF4, 0x07, 0x80,
    0x3D, 0x01, 0xE0, 0x0F, 0x40, 0x78, 0x03, 0xD0, 0x1E, 0x00, 0xF4, 0x07, 0x80, 0x3D, 0x00, 0x0B, 0x40, 0x2D, 0x02,
    0xD0, 0x0B, 0x40, 0xB4, 0x02, 0xD0, 0x2D, 0x00, 0xB4, 0x0B, 0x40, 0x2D, 0x02, 0xD0, 0x0B, 0x40, 0xB4, 0x02, 0xD0,
    0x2D, 0x00, 0xB4, 0x0B, 0x40, 0x2D, 0x02, 0xD0, 0x0B, 0x40, 0xB4, 0x02, 0xD0, 0x2D, 0x00, 0xB4, 0x0B, 0x40, 0x2D,
    0x02, 0xD0, 0x0B, 0x40, 0xB4, 0x02, 0xD0, 0x2D, 0x00, 0xB4, 0x0B, 0x40, 0x2D, 0x02, 0xD0, 0x0B, 0x40, 0xB4, 0x02,
    0xD0, 0xFF, 0xFF, 0xFF, 0x3F, 0xFF, 0xFF, 0xC0, 0xBF, 0xFF, 0xFD, 0xBF, 0xFF, 0xFD, 0x7C, 0x00, 0x00, 0x2F, 0x00,
    0x00, 0x0F, 0x80, 0x00, 0x03, 0xD0, 0x00, 0x01, 0xF0, 0x00, 0x00, 0xBC, 0x00, 0x00, 0x3E, 0x00, 0x00, 0x1F, 0x00,
    0x00, 0x0B, 0xC0, 0x00, 0x0F, 0x40, 0x00, 0x3E, 0x00, 0x00, 0xBC, 0x00, 0x01, 0xF0, 0x00, 0x03, 0xD0, 0x00, 0x0F,
    0x80, 0x00, 0x2F, 0x00, 0x00, 0x7C, 0x00, 0x00, 0xBF, 0xFF, 0xFD, 0xBF, 0xFF, 0xFD, 0xBF, 0xFD, 0xFF, 0xFE, 0x7F,
    0xFF, 0xFC, 0x7F, 0xFF, 0xFC, 0x00, 0x3C, 0x00, 0x00, 0x3C, 0x00, 0x00, 0x3C, 0x00, 0x00, 0x3C, 0x00, 0x00, 0x3C,
    0x00, 0x7F, 0xFF, 0xFD, 0xBF, 0xFF, 0xFD, 0x00, 0x3C, 0x00, 0x00, 0x3C, 0x00, 0x00, 0x3C, 0x00, 0x00, 0x3C, 0x00,
    0x00, 0x14, 0x00, 0x00, 0x00, 0x02, 0xD0, 0x00, 0x00, 0x78, 0x00, 0x00, 0x0F, 0x00, 0x00, 0x02, 0xD0, 0x00, 0x00,
    0x78, 0x00, 0x00, 0x0F, 0x00, 0x00, 0x02, 0xC0, 0x00, 0x00, 0x78, 0x00, 0x00, 0x0F, 0x00, 0x00, 0x03, 0xC0, 0x00,
    0x00, 0x78, 0x00, 0x00, 0x0F, 0x00, 0x00, 0x03, 0xC0, 0x00, 0x00, 0x74, 0x00, 0x00, 0x0F, 0x00, 0x00, 0x03, 0xC0,
    0x00, 0x00, 0xB4, 0x00, 0x00, 0x00, 0x2F, 0x46, 0x0D, 0xC0, 0x6C, 0x06, 0x60, 0xD2, 0xF4, 0x7C, 0xFE, 0xFE, 0x7C,
    0x00, 0x00, 0x02, 0xD0, 0x00, 0x00, 0x3C, 0x00, 0x00, 0x03, 0x80, 0x00, 0x00, 0x74, 0x7F, 0x80, 0x0B, 0x07, 0xFC,
    0x00, 0xF0, 0x02, 0xD0, 0x1E, 0x00, 0x1E, 0x02, 0xD0, 0x00, 0xF0, 0x3C, 0x00, 0x0F, 0x03, 0x80, 0x00, 0xB4, 0x74,
    0x00, 0x07, 0x8B, 0x00, 0x00, 0x3C, 0xF0, 0x00, 0x03, 0xCE, 0x00, 0x00, 0x2E, 0xD0, 0x00, 0x00, 0xFC, 0x00, 0x00,
    0x0F, 0x80, 0x00, 0x0B, 0xE0, 0xBE, 0x0B, 0x5E, 0x61, 0xE3, 0x81, 0xF0, 0x2C, 0xD0, 0x38, 0x0B, 0x34, 0x0F, 0x02,
    0xCD, 0x03, 0xC0, 0xB3, 0xC2, 0xB8, 0x38, 0x3F, 0x87, 0xF8, 0x00, 0x00, 0x00, 0x00, 0x3C, 0xF3, 0xCF, 0x3C, 0xF3,
    0xCF, 0x3C, 0xF3, 0xCF, 0x3C, 0xF3, 0xCF, 0x3C, 0x00, 0xF0, 0x00, 0x3C, 0x00, 0x0F, 0x00, 0x03, 0xC5, 0x00, 0xF7,
    0x40, 0x3F, 0x80, 0x0F, 0xC0, 0x03, 0xE0, 0x00, 0xF0, 0x00, 0x7C, 0x00, 0x3F, 0x00, 0x2F, 0xC0, 0x0E, 0xF0, 0x0F,
    0x3C, 0x00, 0x0F, 0x00, 0x03, 0xC0, 0x00, 0xF0, 0x00, 0x78, 0x3C, 0x78, 0x3C, 0x78, 0x3C, 0x78, 0x3C, 0x78, 0x3C,
    0x78, 0x3C, 0x78, 0x3C, 0x78, 0x3C, 0x78, 0x3C, 0x78, 0x3C, 0x78, 0x3C, 0x78, 0x3C, 0x78, 0x3C, 0x78, 0x3C, 0x78,
    0x3C, 0x78, 0x3C, 0x78, 0x3C, 0x00, 0x68, 0x00, 0x00, 0xFE, 0x00, 0x00, 0xFF, 0x00, 0x02, 0xDF, 0x40, 0x03, 0xC7,
    0x80, 0x07, 0xC3, 0xC0, 0x0B, 0x42, 0xD0, 0x0F, 0x01, 0xF0, 0x1E, 0x00, 0xF0, 0x2D, 0x00, 0xB8, 0x3C, 0x00, 0x7C,
    0x78, 0x00, 0x3C, 0x64, 0x00, 0x18, 0x7C, 0x00, 0x3C, 0x3C, 0x00, 0x78, 0x2E, 0x00, 0xB4, 0x0F, 0x00, 0xF0, 0x0F,
    0x41, 0xE0, 0x07, 0x83, 0xD0, 0x03, 0xC3, 0xC0, 0x03, 0xDB, 0x80, 0x01, 0xEF, 0x00, 0x00, 0xFF, 0x00, 0x00, 0xBD,
    0x00, 0x01, 0xBF, 0xE0, 0x02, 0xFF, 0xFF, 0x41, 0xF4, 0x02, 0xF0, 0xF4, 0x00, 0x2E, 0x3C, 0x00, 0x07, 0xCF, 0x00,
    0x01, 0xF3, 0xC0, 0x00, 0x7C, 0xF0, 0x00, 0x1F, 0x3C, 0x00, 0x07, 0xCF, 0x00, 0x01, 0xF3, 0xC0, 0x00, 0x7C, 0xF0,
    0x00, 0x1F, 0x3C, 0x00, 0x07, 0xCF, 0x00, 0x01, 0xF3, 0xC0, 0x00, 0x7C, 0xF0, 0x00, 0x1F, 0x3C, 0x00, 0x07, 0xC0,
    0x3C, 0x00, 0x07, 0xCF, 0x00, 0x01, 0xF3, 0xC0, 0x00, 0x7C, 0xF0, 0x00, 0x1F, 0x3C, 0x00, 0x07, 0xCF, 0x00, 0x01,
    0xF3, 0xC0, 0x00, 0x7C, 0xF0, 0x00, 0x1F, 0x3C, 0x00, 0x07, 0xCF, 0x00, 0x01, 0xF3, 0xC0, 0x00, 0x7C, 0xF0, 0x00,
    0x1F, 0x3C, 0x00, 0x07, 0xCF, 0x40, 0x02, 0xE1, 0xF4, 0x01, 0xF4, 0x3F, 0xFF, 0xF8, 0x01, 0xFF, 0xE4, 0x00, 0x00,
    0x07, 0xFF, 0x40, 0x07, 0xFF, 0xD0, 0x03, 0xD0, 0x00, 0x00, 0xF0, 0x00, 0x00, 0x3C, 0x00, 0x00, 0x0F, 0x00, 0x00,
    0x03, 0xC0, 0x00, 0x00, 0xF0, 0x00, 0x00, 0x3C, 0x00, 0x00, 0x0F, 0x00, 0x00, 0x03, 0xC0, 0x00, 0x00, 0xF0, 0x00,
    0x00, 0x3C, 0x00, 0x00, 0x0F, 0x00, 0x00, 0x03, 0xC0, 0x00, 0x00, 0xF0, 0x00, 0x00, 0x3C, 0x00, 0x00, 0x0F, 0x00,
    0x00, 0x0F, 0x80, 0x03, 0xFF, 0xC0, 0x00, 0xFF, 0x80, 0x00, 0x00, 0x00, 0x1F, 0x00, 0x00, 0x02, 0xF4, 0x00, 0x00,
    0x1F, 0x00, 0x00, 0x00, 0x00, 0x00, 0x00, 0x00, 0x00, 0x00, 0x00, 0x00, 0x00, 0x00, 0x00, 0x00, 0x00, 0x00, 0x00,
    0x00, 0x00, 0x00, 0x00, 0x00, 0x00, 0x00, 0x00, 0x2D, 0x00, 0x0B, 0x87, 0xF0, 0x00, 0xFC, 0x3D, 0x00, 0x0B, 0x80,
    0x3D, 0x00, 0x0B, 0x87, 0xF0, 0x00, 0xFC, 0x2D, 0x00, 0x0B, 0x80, 0x00, 0x00, 0x00, 0x00, 0x00, 0x00, 0x00, 0x00,
    0x00, 0x00, 0x00, 0x00, 0x00, 0x00, 0x00, 0x00, 0x00, 0x00, 0x00, 0x00, 0x00, 0x00, 0x00, 0x00, 0x00, 0x1F, 0x00,
    0x00, 0x02, 0xF4, 0x00, 0x00, 0x1F, 0x00, 0x00, 0x2F, 0x4F, 0xF2, 0xF4, 0x00, 0x00, 0x00, 0x00, 0x00, 0x00, 0x00,
    0x00, 0x02, 0xF4, 0xFF, 0x2F, 0x40, 0x3D, 0x00, 0xBC, 0xBF, 0x00, 0xFD, 0xBF, 0x00, 0xFD, 0x28, 0x00, 0x64, 0x00,
    0x00, 0x00, 0x00, 0x00, 0x00, 0x00, 0x00, 0x00, 0x00, 0x00, 0x00, 0x28, 0x00, 0x64, 0xBF, 0x00, 0xFD, 0xBF, 0x00,
    0xFD, 0x3D, 0x00, 0xBC, 0x07, 0xC0, 0x0F, 0xE0, 0x0F, 0xE0, 0x07, 0xC0, 0x00, 0x00, 0x00, 0x00, 0xBF, 0xFD, 0xFF,
    0xFE, 0x00, 0x00, 0x07, 0xD0, 0x00, 0x00, 0xFE, 0x00, 0x00, 0x07, 0xD5, 0x55, 0x50, 0x00, 0xFF, 0xFF, 0x00, 0x0F,
    0xFF, 0xF0, 0x00, 0x00, 0x00, 0x00, 0x00, 0x00, 0x00, 0x7D, 0x00, 0x00, 0x0F, 0xE0, 0x00, 0x00, 0x7D, 0x0A, 0x80,
    0x28, 0x3F, 0xF0, 0x3C, 0x7C, 0x7C, 0x3C, 0x78, 0x2F, 0xFC, 0x78, 0x07, 0xE0, 0x0B, 0xE0, 0x1D, 0x0B, 0xFF, 0x07,
    0xD3, 0xC2, 0xD0, 0x3C, 0xE0, 0x3C, 0x0F, 0x3C, 0x0F, 0x43, 0xCB, 0xC1, 0xFF, 0xD0, 0xB0, 0x1F, 0xE0, 0x0F, 0xD0,
    0x2C, 0x3F, 0xF4, 0x3C, 0x78, 0x3D, 0x3C, 0x78, 0x1F, 0xF8, 0x24, 0x02, 0x90, 0x00, 0x00, 0x00, 0x00, 0x00, 0x00,
    0x7F, 0xFF, 0xFC, 0x7F, 0xFF, 0xFC, 0x0A, 0x80, 0x18, 0x3F, 0xF0, 0x3C, 0x7C, 0x7C, 0x3C, 0x78, 0x2F, 0xFC, 0x74,
    0x07, 0xE0, 0x00, 0x00, 0x00, 0x00, 0x00, 0x00, 0x7F, 0xFF, 0xFC, 0x7F, 0xFF, 0xFC, 0x00, 0x00, 0x00, 0x00, 0x00,
    0x00, 0x00, 0x00, 0x00, 0x7F, 0xFF, 0xFC, 0x7F, 0xFF, 0xFC, 0x00, 0x00, 0xB0, 0x00, 0x00, 0xE0, 0x0A, 0x81, 0xE8,
    0x3F, 0xF2, 0xFC, 0x7C, 0x7F, 0x7C, 0x78, 0x2F, 0xFC, 0x74, 0x0F, 0xE0, 0x00, 0x0D, 0x00, 0x00, 0x1C, 0x00, 0x7F,
    0xFF, 0xFC, 0x7F, 0xFF, 0xFC, 0x00, 0x70, 0x00, 0x00, 0xA0, 0x00, 0x00, 0xD0, 0x00, 0x7F, 0xFF, 0xFC, 0x7F, 0xFF,
    0xFC, 0x03, 0x40, 0x00, 0x07, 0x00, 0x00, 0x0A, 0x00, 0x00, 0x0D, 0x00, 0x00, 0x0A, 0x80, 0x28, 0x3F, 0xF0, 0x3C,
    0x7C, 0x7C, 0x3C, 0x78, 0x2F, 0xFC, 0x78, 0x07, 0xE0, 0x0A, 0x80, 0x28, 0x3F, 0xF0, 0x3C, 0x7C, 0x7C, 0x3C, 0x78,
    0x2F, 0xFC, 0x78, 0x07, 0xE0, 0x00, 0x00, 0x10, 0x00, 0x00, 0xA0, 0x00, 0x00, 0xD0, 0x00, 0x01, 0xC0, 0x00, 0x03,
    0x80, 0x00, 0x03, 0x40, 0x0F, 0xD7, 0x2C, 0x3F, 0xFE, 0x3C, 0x78, 0x3D, 0x3C, 0x78, 0x2F, 0xF8, 0x24, 0x3A, 0x90,
    0x06, 0xB0, 0x18, 0x3F, 0xF0, 0x3C, 0x7C, 0xFC, 0x3C, 0x79, 0xEF, 0xFC, 0x7A, 0x87, 0xE0, 0x03, 0x40, 0x00, 0x07,
    0x00, 0x00, 0x0A, 0x00, 0x00, 0x0D, 0x00, 0x00, 0x0A, 0x80, 0x18, 0x3F, 0xF8, 0x2C, 0x78, 0x7F, 0xFC, 0x74, 0x0B,
    0xE0, 0x00, 0x00, 0x00, 0x0A, 0x80, 0x18, 0x3F, 0xF8, 0x2C, 0x78, 0x7F, 0xFC, 0x74, 0x0B, 0xE0, 0x00, 0x00, 0x00,
    0x0A, 0x80, 0x18, 0x3F, 0xF8, 0x2C, 0x78, 0x7F, 0xFC, 0x74, 0x0B, 0xE0, 0xF0, 0x00, 0x1E, 0xB8, 0x00, 0x3D, 0x3F,
    0xFF, 0xFC, 0x0B, 0xFF, 0xE0, 0x00, 0x00, 0x00, 0x00, 0x00, 0x00, 0x06, 0xFF, 0x90, 0x3F, 0xFF, 0xF8, 0xBC, 0x00,
    0x7D, 0xF0, 0x00, 0x1E, 0x78, 0x00, 0x00, 0x0F, 0xE0, 0x00, 0x00, 0xFE, 0x1F, 0xFF, 0xF7, 0xC0, 0xFF, 0xFE, 0x00,
    0x00, 0x00, 0x00, 0x00, 0x00, 0x00, 0x00, 0x00, 0x00, 0x07, 0x80, 0xFF, 0xFE, 0xFE, 0x1F, 0xFF, 0xFF, 0xE0, 0x00,
    0x00, 0x7C, 0x00, 0x00, 0x00, 0x00, 0xBE, 0x00, 0x0B, 0x0D, 0x00, 0x38, 0x38, 0x00, 0xB0, 0xD0, 0x00, 0xBE, 0x00,
    0x00, 0x00, 0x00, 0x00, 0x00, 0x00, 0x00, 0x00, 0x3F, 0xFF, 0xF8, 0xFF, 0xFF, 0xF0, 0x00, 0x00, 0x00, 0x00, 0x00,
    0x00, 0x00, 0x00, 0xFF, 0xFF, 0xE3, 0xFF, 0xFF, 0xC0, 0x01, 0xFA, 0x00, 0x0B, 0xFF, 0x00, 0x00, 0x1C, 0x00, 0x00,
    0x70, 0x00, 0x3F, 0x40, 0x00, 0xC0, 0x00, 0x00, 0x00, 0x00, 0x08, 0x00, 0x00, 0x30, 0x00, 0x00, 0x00, 0x03, 0xFF,
    0xFF, 0x8F, 0xFF, 0xFF, 0x00, 0x00, 0x00, 0x00, 0x00, 0x00, 0x00, 0x00, 0x0F, 0xFF, 0xFE, 0x3F, 0xFF, 0xFC, 0x00,
    0x00, 0xB0, 0x00, 0x03, 0x80, 0x00, 0x1C, 0x00, 0x00, 0xB0, 0x00, 0x03, 0x80, 0x00, 0x1C, 0x00, 0x00, 0xB0, 0x0F,
    0xFF, 0xFF, 0x3F, 0xFF, 0xF8, 0x00, 0xB0, 0x00, 0x03, 0x40, 0x00, 0x1C, 0x00, 0x3F, 0xFF, 0xF8, 0xFF, 0xFF, 0xF0,
    0x2C, 0x00, 0x00, 0xE0, 0x00, 0x03, 0x00, 0x00, 0x2C, 0x00, 0x00, 0xE0, 0x00, 0x01, 0x00, 0x00, 0x3F, 0xFF, 0xF8,
    0xFF, 0xFF, 0xF0, 0x00, 0x00, 0x00, 0x00, 0x00, 0x00, 0x00, 0x00, 0xFF, 0xFF, 0xE3, 0xFF, 0xFF, 0xC0, 0x00, 0x00,
    0x00, 0x00, 0x00, 0x00, 0x00, 0x03, 0xFF, 0xFF, 0x8F, 0xFF, 0xFF, 0x00, 0x00, 0xD0, 0x00, 0x07, 0x00, 0x00, 0x28,
    0x0F, 0xFF, 0xFE, 0x3F, 0xFF, 0xFC, 0x00, 0x2C, 0x00, 0x00, 0xD0, 0x00, 0x07, 0x00, 0x3F, 0xFF, 0xF8, 0xFF, 0xFF,
    0xF0, 0x07, 0x00, 0x00, 0x2C, 0x00, 0x00, 0xD0, 0x00, 0xFF, 0xFF, 0xE3, 0xFF, 0xFF, 0xC0, 0xE0, 0x00, 0x07, 0x00,
    0x00, 0x2C, 0x00, 0x00, 0x3F, 0xFF, 0xFC, 0xFF, 0xFF, 0xF0, 0x00, 0x00, 0x00, 0x00, 0x00, 0x3F, 0xFF, 0xFC, 0xFF,
    0xFF, 0xF0, 0x00, 0x00, 0x0F, 0xFF, 0xFF, 0x3F, 0xFF, 0xFC, 0x00, 0x00, 0x03, 0xFF, 0xFF, 0xCF, 0xFF, 0xFF, 0x00,
    0x00, 0x04, 0x00, 0x01, 0xF0, 0x00, 0x7F, 0x80, 0x1F, 0xE0, 0x07, 0xF8, 0x00, 0xFE, 0x00, 0x03, 0xC0, 0x00, 0x0F,
    0xE0, 0x00, 0x07, 0xF8, 0x00, 0x01, 0xFE, 0x00, 0x00, 0x7F, 0x80, 0x00, 0x1F, 0x00, 0x00, 0x04, 0x00, 0x00, 0x00,
    0x00, 0x00, 0x0F, 0xFF, 0xFE, 0x3F, 0xFF, 0xFC, 0x10, 0x00, 0x00, 0xF4, 0x00, 0x03, 0xFD, 0x00, 0x01, 0xFF, 0x40,
    0x00, 0x7F, 0xD0, 0x00, 0x1B, 0xE0, 0x00, 0x07, 0xC0, 0x00, 0xBE, 0x00, 0x2F, 0xD0, 0x0B, 0xF4, 0x02, 0xFD, 0x00,
    0x0F, 0x40, 0x00, 0x10, 0x00, 0x00, 0x00, 0x00, 0x00, 0x00, 0x00, 0x0F, 0xFF, 0xFE, 0x3F, 0xFF, 0xFC, 0x00, 0x01,
    0x00, 0x10, 0x01, 0xE0, 0x0F, 0x00, 0xBD, 0x07, 0xD0, 0x3E, 0x03, 0xF0, 0x2F, 0x41, 0xF8, 0x0F, 0x80, 0xBC, 0x00,
    0xF0, 0x0F, 0x00, 0x0B, 0xD0, 0x7D, 0x00, 0x1F, 0x80, 0xFC, 0x00, 0x2F, 0x02, 0xF4, 0x00, 0x7D, 0x03, 0xE0, 0x00,
    0xA0, 0x0B, 0x00, 0x00, 0x00, 0x00, 0x40, 0x04, 0x00, 0x0E, 0x00, 0xF0, 0x00, 0xBD, 0x07, 0xD0, 0x01, 0xF8, 0x0F,
    0xC0, 0x02, 0xF4, 0x2F, 0x40, 0x07, 0xD0, 0x3E, 0x00, 0x1E, 0x00, 0xF0, 0x0B, 0xD0, 0x7D, 0x03, 0xE0, 0x2F, 0x01,
    0xF4, 0x1F, 0x80, 0xFC, 0x0B, 0xC0, 0x0D, 0x00, 0xE0, 0x00, 0x00, 0x00, 0x00, 0x00, 0x34, 0x18, 0x1B, 0xE4, 0x0B,
    0xE0, 0x1C, 0x34, 0x34, 0x1C, 0x30, 0x0C, 0x70, 0x0D, 0x70, 0x09, 0x70, 0x0D, 0x30, 0x0D, 0x30, 0x0C, 0x28, 0x28,
    0x0E, 0x70, 0x07, 0xD0, 0x3D, 0x7C, 0x00, 0x00, 0x00, 0x00, 0x80, 0x00, 0x01, 0xC0, 0x00, 0x03, 0xC0, 0xF0, 0x03,
    0x5E, 0xB8, 0x0B, 0x3D, 0x3F, 0xFF, 0xFC, 0x0B, 0xFF, 0xE0, 0x00, 0x2C, 0x00, 0x00, 0x38, 0x00, 0x06, 0xFF, 0x90,
    0x3F, 0xFF, 0xFC, 0xBD, 0xD0, 0x7D, 0xF2, 0xC0, 0x1E, 0x03, 0x80, 0x00, 0x07, 0x40, 0x00, 0x05, 0x00, 0x00, 0x00,
    0x00, 0x40, 0x00, 0x03, 0x00, 0x00, 0x2C, 0x00, 0x00, 0xE0, 0x00, 0x03, 0x6C, 0x00, 0x2F, 0xF0, 0x02, 0xFD, 0x00,
    0xBF, 0x40, 0x2F, 0xFC, 0x00, 0xF4, 0xE0, 0x03, 0xFB, 0x00, 0x02, 0xFD, 0x00, 0x01, 0xFF, 0x40, 0x07, 0x6F, 0xD0,
    0x2C, 0x0B, 0xC0, 0xD0, 0x02, 0x07, 0x00, 0x00, 0x28, 0x00, 0x00, 0xD0, 0x00, 0x00, 0x00, 0x00, 0x40, 0x00, 0x03,
    0x00, 0x00, 0x2C, 0x00, 0x00, 0xE0, 0x38, 0x03, 0x00, 0xFE, 0x2C, 0x00, 0xBF, 0xE0, 0x00, 0x2F, 0xE0, 0x00, 0x2F,
    0xF4, 0x00, 0xE1, 0xF0, 0x07, 0x1F, 0xC0, 0x2F, 0xF8, 0x01, 0xFE, 0x00, 0x7F, 0x80, 0x03, 0xFC, 0x00, 0x08, 0xD0,
    0x00, 0x07, 0x00, 0x00, 0x28, 0x00, 0x00, 0xD0, 0x00, 0x00, 0x00, 0x00, 0xB0, 0x00, 0x03, 0x90, 0x00, 0x0F, 0xC0,
    0x01, 0xFE, 0x00, 0x7F, 0x80, 0x1F, 0xFC, 0x03, 0xF8, 0xB0, 0x0F, 0x03, 0x80, 0x3F, 0x9C, 0x00, 0x1F, 0xF0, 0x00,
    0x07, 0xF8, 0x00, 0x0E, 0xFE, 0x00, 0xB0, 0x7C, 0x03, 0x80, 0x10, 0x0C, 0x00, 0x00, 0xB0, 0x00, 0x3F, 0xFF, 0xFC,
    0xFF, 0xFF, 0xF0, 0xB0, 0x00, 0x03, 0x80, 0x00, 0x04, 0x00, 0x00, 0x00, 0x00, 0xB0, 0x40, 0x03, 0x83, 0xD0, 0x0C,
    0x0F, 0xF4, 0xB0, 0x07, 0xFF, 0x80, 0x01, 0xBF, 0x40, 0x00, 0xBF, 0x80, 0x03, 0x9F, 0x00, 0x0F, 0xF8, 0x00, 0xBF,
    0x40, 0x2F, 0xD0, 0x0B, 0xFC, 0x00, 0x3D, 0xB0, 0x00, 0x43, 0x80, 0x00, 0x0C, 0x00, 0x00, 0xB0, 0x00, 0x3F, 0xFF,
    0xFC, 0xFF, 0xFF, 0xF0, 0xB0, 0x00, 0x03, 0x80, 0x00, 0x04, 0x00, 0x00, 0x00, 0x00, 0x00, 0x00, 0x00, 0x2C, 0x00,
    0x02, 0xFC, 0x00, 0x2F, 0xD0, 0x02, 0xFD, 0x00, 0x2F, 0xD0, 0x00, 0x3D, 0x00, 0x00, 0x3E, 0x40, 0x00, 0x1F, 0xF4,
    0x00, 0x01, 0xFF, 0x40, 0x00, 0x1F, 0xF4, 0x00, 0x01, 0xFC, 0x00, 0x00, 0x18, 0x00, 0x00, 0x00, 0x1F, 0xE0, 0x2D,
    0x3F, 0xFF, 0xFC, 0x74, 0x1B, 0xF0, 0x20, 0x00, 0x00, 0xF8, 0x00, 0x02, 0xFE, 0x00, 0x00, 0xBF, 0x80, 0x00, 0x2F,
    0xE0, 0x00, 0x07, 0xF0, 0x00, 0x07, 0xC0, 0x01, 0xFE, 0x00, 0x7F, 0x80, 0x1F, 0xE0, 0x03, 0xF8, 0x00, 0x0E, 0x00,
    0x00, 0x00, 0x00, 0x00, 0x1A, 0x00, 0xA2, 0xFF, 0x43, 0xCF, 0x0F, 0xFE, 0x38, 0x0B, 0xE0, 0x00, 0x00, 0x24, 0x00,
    0x01, 0xE0, 0x00, 0x0F, 0x40, 0x00, 0xBC, 0x00, 0x1F, 0xC0, 0x1B, 0xF8, 0x0B, 0xF9, 0x00, 0x2F, 0xFE, 0x00, 0x01,
    0xBF, 0x40, 0x00, 0x2F, 0x40, 0x00, 0x1F, 0x00, 0x00, 0x2E, 0x00, 0x00, 0x7C, 0x24, 0x00, 0x00, 0x3C, 0x00, 0x00,
    0x2E, 0x00, 0x00, 0x0F, 0x40, 0x00, 0x07, 0xE0, 0x00, 0x00, 0xFF, 0x90, 0x00, 0x0B, 0xFE, 0x00, 0x2F, 0xFE, 0x02,
    0xFE, 0x40, 0x0B, 0xD0, 0x00, 0x1F, 0x00, 0x00, 0x3D, 0x00, 0x00, 0x3C, 0x00, 0x00, 0x00, 0x00, 0x24, 0x00, 0x01,
    0xE0, 0x00, 0x0F, 0x40, 0x00, 0xBC, 0x00, 0x1F, 0xC0, 0x5B, 0xF8, 0x0B, 0xF9, 0x00, 0x2F, 0xFE, 0x00, 0x01, 0xBF,
    0x40, 0x00, 0x2F, 0x40, 0x00, 0x1F, 0x00, 0x00, 0x2E, 0x00, 0x00, 0x3C, 0x00, 0x00, 0x00, 0x00, 0x00, 0x2F, 0xFF,
    0xFE, 0xBF, 0xFF, 0xFC, 0x01, 0xFF, 0xFF, 0xC0, 0xFF, 0xFF, 0xFC, 0x2F, 0x00, 0x00, 0x03, 0xC0, 0x00, 0x00, 0x3C,
    0x00, 0x00, 0x03, 0xC0, 0x00, 0x00, 0x3C, 0x00, 0x00, 0x03, 0xC0, 0x00, 0x00, 0x2F, 0x00, 0x00, 0x00, 0xFF, 0xFF,
    0xFC, 0x01, 0xFF, 0xFF, 0xC0, 0x7F, 0xFF, 0xE4, 0x1F, 0xFF, 0xFF, 0x80, 0x00, 0x01, 0xF4, 0x00, 0x00, 0x1F, 0x00,
    0x00, 0x03, 0xC0, 0x00, 0x00, 0xF0, 0x00, 0x00, 0x3C, 0x00, 0x00, 0x1F, 0x00, 0x00, 0x1F, 0x5F, 0xFF, 0xFF, 0x87,
    0xFF, 0xFE, 0x40, 0x00, 0x00, 0x2C, 0x00, 0x00, 0x03, 0x40, 0x00, 0x00, 0x70, 0x00, 0x00, 0x0A, 0x00, 0x01, 0xFF,
    0xFF, 0xC0, 0xFF, 0xFF, 0xFC, 0x2F, 0x03, 0x80, 0x03, 0xC0, 0x34, 0x00, 0x3C, 0x07, 0x00, 0x03, 0xC0, 0xE0, 0x00,
    0x3C, 0x0D, 0x00, 0x03, 0xC2, 0xC0, 0x00, 0x2F, 0x38, 0x00, 0x00, 0xBF, 0xFF, 0xFC, 0x01, 0xFF, 0xFF, 0xC0, 0x0D,
    0x00, 0x00, 0x01, 0xC0, 0x00, 0x00, 0x2C, 0x00, 0x00, 0x03, 0x40, 0x00, 0x00, 0x00, 0x00, 0x2C, 0x00, 0x00, 0x0D,
    0x00, 0x00, 0x07, 0x00, 0x00, 0x02, 0xC0, 0x7F, 0xFF, 0xF4, 0x1F, 0xFF, 0xFF, 0x80, 0x00, 0x39, 0xF4, 0x00, 0x0D,
    0x1F, 0x00, 0x07, 0x03, 0xC0, 0x03, 0x80, 0xF0, 0x00, 0xD0, 0x3C, 0x00, 0xB0, 0x1F, 0x00, 0x38, 0x1F, 0x5F, 0xFF,
    0xFF, 0x87, 0xFF, 0xFE, 0x40, 0x03, 0x40, 0x00, 0x01, 0xC0, 0x00, 0x00, 0xB0, 0x00, 0x00, 0x34, 0x00, 0x00, 0x01,
    0xBF, 0xFF, 0xC0, 0xBF, 0xFF, 0xFC, 0x2F, 0x40, 0x00, 0x03, 0xD0, 0x00, 0x00, 0x3C, 0x00, 0x00, 0x03, 0xC0, 0x00,
    0x00, 0x3C, 0x00, 0x00, 0x03, 0xC0, 0x00, 0x00, 0x2F, 0x00, 0x00, 0x00, 0xFF, 0xFF, 0xFC, 0x01, 0xFF, 0xFF, 0xC0,
    0x00, 0x00, 0x00, 0x00, 0x00, 0x00, 0x00, 0x00, 0x00, 0x00, 0x3F, 0xFF, 0xFF, 0xC3, 0xFF, 0xFF, 0xFC, 0x7F, 0xFF,
    0xE0, 0x1F, 0xFF, 0xFF, 0x80, 0x00, 0x01, 0xF4, 0x00, 0x00, 0x1E, 0x00, 0x00, 0x03, 0xC0, 0x00, 0x00, 0xF0, 0x00,
    0x00, 0x3C, 0x00, 0x00, 0x1F, 0x00, 0x00, 0x1F, 0x5F, 0xFF, 0xFF, 0x87, 0xFF, 0xFE, 0x40, 0x00, 0x00, 0x00, 0x00,
    0x00, 0x00, 0x00, 0x00, 0x00, 0x07, 0xFF, 0xFF, 0xF9, 0xFF, 0xFF, 0xFE, 0x00, 0x00, 0x0E, 0x00, 0x00, 0x01, 0xD0,
    0x00, 0x00, 0x2C, 0x00, 0x1B, 0xFF, 0xFC, 0x0B, 0xFF, 0xFF, 0xC2, 0xF4, 0x0E, 0x00, 0x3D, 0x00, 0xD0, 0x03, 0xC0,
    0x2C, 0x00, 0x3C, 0x03, 0x80, 0x03, 0xC0, 0x70, 0x00, 0x3C, 0x0F, 0x00, 0x02, 0xF4, 0xD0, 0x00, 0x0B, 0xFF, 0xFF,
    0xC0, 0x1F, 0xFF, 0xFC, 0x00, 0x34, 0x00, 0x00, 0x0B, 0x00, 0x00, 0x00, 0xF0, 0x00, 0x03, 0xFF, 0xFF, 0xFC, 0x3F,
    0xFF, 0xFF, 0xC0, 0x38, 0x00, 0x00, 0x07, 0x40, 0x00, 0x00, 0x50, 0x00, 0x00, 0x00, 0x00, 0x0E, 0x00, 0x00, 0x07,
    0x40, 0x00, 0x02, 0xC1, 0xFF, 0xFF, 0xE0, 0x7F, 0xFF, 0xFD, 0x00, 0x00, 0x3F, 0xD0, 0x00, 0x0D, 0x78, 0x00, 0x0B,
    0x0F, 0x00, 0x03, 0x83, 0xC0, 0x01, 0xD0, 0xF0, 0x00, 0xB0, 0x7C, 0x00, 0x34, 0x7D, 0x7F, 0xFF, 0xFE, 0x1F, 0xFF,
    0xF9, 0x00, 0x03, 0x40, 0x00, 0x02, 0xC0, 0x00, 0x00, 0xF0, 0x00, 0x1F, 0xFF, 0xFF, 0xE7, 0xFF, 0xFF, 0xF8, 0x0E,
    0x00, 0x00, 0x07, 0x40, 0x00, 0x01, 0x40, 0x00, 0x00, 0x70, 0x00, 0x0C, 0x70, 0x00, 0x0C, 0x70, 0x00, 0x0C, 0x70,
    0x00, 0x0C, 0x70, 0x00, 0x0C, 0x70, 0x00, 0x0C, 0x70, 0x00, 0x0C, 0x70, 0x00, 0x0C, 0x70, 0x10, 0x0C, 0x70, 0x24,
    0x0C, 0x70, 0x24, 0x0C, 0x77, 0xFF, 0xCC, 0x70, 0x24, 0x0C, 0x70, 0x24, 0x0C, 0x34, 0x24, 0x2C, 0x1D, 0x00, 0xB0,
    0x06, 0xFF, 0x80, 0x00, 0x00, 0x00, 0x03, 0xFF, 0xFF, 0xFC, 0x3F, 0xFF, 0xFF, 0xC3, 0xC0, 0x00, 0x00, 0x3C, 0x00,
    0x00, 0x03, 0xC0, 0x00, 0x00, 0x3C, 0x00, 0x00, 0x03, 0xC0, 0x00, 0x00, 0x3C, 0x00, 0x00, 0x03, 0xC0, 0x00, 0x00,
    0x3F, 0xFF, 0xFF, 0xC3, 0xFF, 0xFF, 0xFC, 0x7F, 0xFF, 0xFF, 0xDF, 0xFF, 0xFF, 0xF0, 0x00, 0x00, 0x3C, 0x00, 0x00,
    0x0F, 0x00, 0x00, 0x03, 0xC0, 0x00, 0x00, 0xF0, 0x00, 0x00, 0x3C, 0x00, 0x00, 0x0F, 0x00, 0x00, 0x03, 0xDF, 0xFF,
    0xFF, 0xF7, 0xFF, 0xFF, 0xFC, 0x3F, 0xFF, 0xFF, 0xC3, 0xFF, 0xFF, 0xFC, 0x3C, 0x00, 0x00, 0x03, 0xC0, 0x00, 0x00,
    0x3C, 0x00, 0x00, 0x03, 0xC0, 0x00, 0x00, 0x3C, 0x00, 0x00, 0x03, 0xC0, 0x00, 0x00, 0x3C, 0x00, 0x00, 0x03, 0xFF,
    0xFF, 0xFC, 0x3F, 0xFF, 0xFF, 0xC0, 0x00, 0x00, 0x00, 0x00, 0x00, 0x00, 0x00, 0x00, 0x00, 0x00, 0x3F, 0xFF, 0xFF,
    0xC3, 0xFF, 0xFF, 0xFC, 0x7F, 0xFF, 0xFF, 0xDF, 0xFF, 0xFF, 0xF0, 0x00, 0x00, 0x3C, 0x00, 0x00, 0x0F, 0x00, 0x00,
    0x03, 0xC0, 0x00, 0x00, 0xF0, 0x00, 0x00, 0x3C, 0x00, 0x00, 0x0F, 0x00, 0x00, 0x03, 0xDF, 0xFF, 0xFF, 0xF7, 0xFF,
    0xFF, 0xFC, 0x00, 0x00, 0x00, 0x00, 0x00, 0x00, 0x00, 0x00, 0x00, 0x07, 0xFF, 0xFF, 0xFD, 0xFF, 0xFF, 0xFF, 0xBF,
    0xFF, 0xFD, 0xBF, 0xFF, 0xFD, 0xB4, 0x00, 0x2D, 0xB4, 0x00, 0x2D, 0xB4, 0x00, 0x2D, 0xB4, 0x00, 0x2D, 0xB4, 0x00,
    0x2D, 0xB4, 0x00, 0x2D, 0xB4, 0x00, 0x2D, 0xB4, 0x00, 0x2D, 0xB4, 0x00, 0x2D, 0xB4, 0x00, 0x2D, 0x50, 0x00, 0x14,
    0x60, 0x00, 0x18, 0xB4, 0x00, 0x2D, 0xB4, 0x00, 0x2D, 0xB4, 0x00, 0x2D, 0xB4, 0x00, 0x2D, 0xB4, 0x00, 0x2D, 0xB4,
    0x00, 0x2D, 0xB4, 0x00, 0x2D, 0xB4, 0x00, 0x2D, 0xB4, 0x00, 0x2D, 0xB4, 0x00, 0x2D, 0xBF, 0xFF, 0xFD, 0xBF, 0xFF,
    0xFD, 0x00, 0x2F, 0xF8, 0x00, 0x02, 0xE7, 0xDF, 0x40, 0x0B, 0x03, 0xC1, 0xD0, 0x1C, 0x03, 0xC0, 0x70, 0x38, 0x03,
    0xC0, 0x28, 0x30, 0x03, 0xC0, 0x1C, 0x3F, 0xFF, 0xFF, 0xFC, 0x3F, 0xFF, 0xFF, 0xFC, 0x30, 0x03, 0xC0, 0x1C, 0x24,
    0x03, 0xC0, 0x28, 0x1C, 0x03, 0xC0, 0x30, 0x0B, 0x03, 0xC0, 0xD0, 0x02, 0xE7, 0xDB, 0x40, 0x00, 0x2F, 0xF8, 0x00,
    0x00, 0x2F, 0xF8, 0x00, 0x02, 0xE0, 0x0B, 0x40, 0x0B, 0x00, 0x00, 0xD0, 0x1C, 0x00, 0x00, 0x70, 0x34, 0x00, 0x00,
    0x28, 0x30, 0x00, 0x00, 0x1C, 0x30, 0xFF, 0xFE, 0x0C, 0x30, 0xBF, 0xFD, 0x0C, 0x30, 0x00, 0x00, 0x1C, 0x24, 0x00,
    0x00, 0x28, 0x1C, 0x00, 0x00, 0x30, 0x0B, 0x00, 0x00, 0xD0, 0x02, 0xE0, 0x0B, 0x40, 0x00, 0x2F, 0xF8, 0x00, 0x00,
    0x06, 0x90, 0x00, 0x00, 0xBF, 0xFE, 0x00, 0x03, 0xE0, 0x0B, 0xC0, 0x0F, 0x80, 0x03, 0xE0, 0x2F, 0xE0, 0x0F, 0xB4,
    0x34, 0xB8, 0x3D, 0x28, 0x30, 0x2E, 0xF4, 0x1C, 0x30, 0x0B, 0xD0, 0x0C, 0x30, 0x0F, 0xE0, 0x0C, 0x30, 0x3D, 0xBC,
    0x1C, 0x29, 0xF0, 0x1F, 0x34, 0x0F, 0xC0, 0x07, 0xF0, 0x0B, 0x80, 0x03, 0xD0, 0x01, 0xFE, 0xBF, 0x40, 0x00, 0x2F,
    0xF4, 0x00, 0x00, 0x06, 0x90, 0x00, 0x00, 0xBF, 0xFE, 0x00, 0x03, 0xD0, 0x1F, 0xC0, 0x0F, 0x00, 0x0E, 0xE0, 0x2C,
    0x00, 0x2C, 0x74, 0x34, 0x00, 0x70, 0x28, 0x30, 0x00, 0xE0, 0x1C, 0x30, 0x03, 0xC0, 0x0C, 0x30, 0x0B, 0x00, 0x0C,
    0x30, 0x1D, 0x00, 0x1C, 0x28, 0x38, 0x00, 0x34, 0x0D, 0xB0, 0x00, 0xB0, 0x0B, 0xD0, 0x02, 0xD0, 0x01, 0xFE, 0xBF,
    0x40, 0x00, 0x2F, 0xF4, 0x00, 0x00, 0x2F, 0xF8, 0x00, 0x02, 0xE0, 0x0B, 0x40, 0x0B, 0x00, 0x00, 0xD0, 0x1C, 0x00,
    0x00, 0x70, 0x34, 0x00, 0x00, 0x28, 0x30, 0x02, 0x80, 0x1C, 0x30, 0x07, 0xC0, 0x0C, 0x30, 0x03, 0xC0, 0x0C, 0x30,
    0x00, 0x00, 0x1C, 0x24, 0x00, 0x00, 0x28, 0x1C, 0x00, 0x00, 0x30, 0x0B, 0x00, 0x00, 0xD0, 0x02, 0xE0, 0x0B, 0x40,
    0x00, 0x2F, 0xF8, 0x00, 0x00, 0x05, 0x50, 0x00, 0x00, 0xBF, 0xFE, 0x00, 0x03, 0xD3, 0xC7, 0xC0, 0x0E, 0x03, 0xC0,
    0xE0, 0x1C, 0x03, 0xC0, 0x34, 0x3F, 0x93, 0xC7, 0xF8, 0x3B, 0xFF, 0xFF, 0xEC, 0x30, 0x6F, 0xE8, 0x0C, 0x30, 0x0F,
    0xE0, 0x0C, 0x30, 0x2D, 0xB8, 0x1C, 0x28, 0xBC, 0x3D, 0x34, 0x0E, 0xF0, 0x1F, 0xB0, 0x0B, 0xD0, 0x0B, 0xD0, 0x01,
    0xFE, 0xBF, 0x40, 0x00, 0x2F, 0xF4, 0x00, 0x00, 0x06, 0x90, 0x00, 0x00, 0xBF, 0xFE, 0x00, 0x03, 0xE0, 0x0B, 0xC0,
    0x0F, 0x00, 0x00, 0xE0, 0x2C, 0x00, 0x00, 0x74, 0x3F, 0xFF, 0xFF, 0xF8, 0x3A, 0xAA, 0xAA, 0xAC, 0x30, 0x00, 0x00,
    0x0C, 0x30, 0x00, 0x00, 0x0C, 0x3F, 0xFF, 0xFF, 0xFC, 0x2E, 0xAA, 0xAA, 0xB4, 0x0D, 0x00, 0x00, 0xB0, 0x0B, 0x80,
    0x02, 0xD0, 0x01, 0xFE, 0xBF, 0x40, 0x00, 0x2F, 0xF4, 0x00, 0x00, 0x06, 0x90, 0x00, 0x00, 0xBF, 0xFE, 0x00, 0x03,
    0xE0, 0x0B, 0xC0, 0x0F, 0x00, 0x00, 0xE0, 0x2C, 0x00, 0x00, 0x34, 0x34, 0x00, 0x00, 0x28, 0x30, 0x00, 0x00, 0x1C,
    0x3F, 0xFF, 0xFF, 0xFC, 0x3A, 0xAA, 0xAA, 0xAC, 0x30, 0x00, 0x00, 0x1C, 0x28, 0x00, 0x00, 0x34, 0x0D, 0x00, 0x00,
    0xB0, 0x0B, 0x80, 0x02, 0xD0, 0x01, 0xFE, 0xBF, 0x40, 0x00, 0x2F, 0xF4, 0x00, 0xFF, 0xFF, 0xFF, 0xEF, 0xC0, 0x00,
    0x7F, 0xEF, 0x00, 0x1F, 0xBC, 0xBC, 0x07, 0xD7, 0xC2, 0xF1, 0xF4, 0x7C, 0x0B, 0xFD, 0x07, 0xC0, 0x2F, 0x40, 0x7C,
    0x03, 0xF8, 0x07, 0xC0, 0xFF, 0xE0, 0x7C, 0x2F, 0x0F, 0x47, 0xCB, 0xC0, 0x3D, 0x7F, 0xF0, 0x00, 0xFB, 0xFC, 0x00,
    0x03, 0xFF, 0xFF, 0xFF, 0xFE, 0xFF, 0xFF, 0xFF, 0xFD, 0x00, 0x00, 0x07, 0xC0, 0x00, 0x00, 0x7C, 0x00, 0x00, 0x07,
    0xC0, 0x00, 0x00, 0x7C, 0x00, 0x00, 0x07, 0xC2, 0xFF, 0xF4, 0x7C, 0x3F, 0xFF, 0x87, 0xC0, 0x00, 0x00, 0x7C, 0x00,
    0x00, 0x07, 0xC0, 0x00, 0x00, 0x7C, 0x00, 0x00, 0x07, 0xC0, 0x00, 0x00, 0x7F, 0xFF, 0xFF, 0xFF, 0x00, 0x00, 0x00,
    0x00, 0xFF, 0xFF, 0xFF, 0xFD, 0x01, 0xF0, 0x07, 0xC0, 0x0F, 0x00, 0x7C, 0x00, 0xF0, 0x07, 0xC0, 0x0F, 0x00, 0x7C,
    0x00, 0xF0, 0x07, 0xFF, 0xFF, 0xFF, 0xFF, 0xFF, 0xFF, 0xFF, 0xC0, 0x0F, 0x00, 0x7C, 0x00, 0xF0, 0x07, 0xC0, 0x0F,
    0x00, 0x7C, 0x00, 0xF0, 0x07, 0xC0, 0x0F, 0x00, 0x7F, 0xFF, 0xFF, 0xFF, 0x00, 0x00, 0x00, 0x00, 0xFF, 0xFF, 0xFF,
    0xFD, 0x00, 0x00, 0x07, 0xC0, 0x00, 0x00, 0x7C, 0x00, 0x00, 0x07, 0xC0, 0x00, 0x00, 0x7C, 0x00, 0x00, 0x07, 0xC0,
    0x0F, 0x00, 0x7C, 0x01, 0xF0, 0x07, 0xC0, 0x0A, 0x00, 0x7C, 0x00, 0x00, 0x07, 0xC0, 0x00, 0x00, 0x7C, 0x00, 0x00,
    0x07, 0xC0, 0x00, 0x00, 0x7F, 0xFF, 0xFF, 0xFF, 0x00, 0x00, 0x00, 0x00, 0xA0, 0x00, 0x00, 0x0F, 0x00, 0x00, 0x00,
    0xF0, 0x00, 0x00, 0x0F, 0x00, 0x00, 0x00, 0xF0, 0x00, 0x00, 0x0F, 0x00, 0x00, 0x00, 0xFF, 0xFF, 0xFF, 0xEF, 0xFF,
    0xFF, 0xFF, 0xF0, 0x00, 0x00, 0x0F, 0x00, 0x00, 0x00, 0xF0, 0x00, 0x00, 0x0F, 0x00, 0x00, 0x00, 0xF0, 0x00, 0x00,
    0x0F, 0x00, 0x00, 0x00, 0x00, 0x00, 0x00, 0x90, 0x00, 0x00, 0x1F, 0x00, 0x00, 0x01, 0xF0, 0x00, 0x00, 0x1F, 0x00,
    0x00, 0x01, 0xF0, 0x00, 0x00, 0x1F, 0xFF, 0xFF, 0xFF, 0xFF, 0xFF, 0xFF, 0xFF, 0x00, 0x00, 0x01, 0xF0, 0x00, 0x00,
    0x1F, 0x00, 0x00, 0x01, 0xF0, 0x00, 0x00, 0x1F, 0x00, 0x00, 0x01, 0xF0, 0x00, 0x00, 0x1F, 0xFF, 0xFF, 0xFF, 0xEF,
    0xFF, 0xFF, 0xFF, 0x00, 0x0F, 0x00, 0x00, 0x00, 0xF0, 0x00, 0x00, 0x0F, 0x00, 0x00, 0x00, 0xF0, 0x00, 0x00, 0x0F,
    0x00, 0x00, 0x00, 0xF0, 0x00, 0x00, 0x0F, 0x00, 0x00, 0x00, 0xF0, 0x00, 0x00, 0x0F, 0x00, 0x00, 0x00, 0xF0, 0x00,
    0x00, 0x0F, 0x00, 0x00, 0x00, 0xF0, 0x00, 0x00, 0x0F, 0x00, 0x00, 0x00, 0xF0, 0x00, 0x00, 0x0F, 0x00, 0x00, 0x00,
    0xF0, 0x00, 0x00, 0x0F, 0x00, 0x00, 0x00, 0xF0, 0x00, 0x00, 0x0F, 0x00, 0x00, 0x00, 0xF0, 0x00, 0x00, 0x0F, 0x00,
    0x00, 0x00, 0xF0, 0x00, 0x00, 0x0F, 0x00, 0x00, 0x00, 0xF0, 0x00, 0xFF, 0xFF, 0xFF, 0xEF, 0xFF, 0xFF, 0xFF, 0x00,
    0x00, 0x04, 0x00, 0x01, 0xF0, 0x00, 0x7F, 0xC0, 0x1F, 0xEF, 0x07, 0xF8, 0x3C, 0xFE, 0x00, 0xF3, 0xC0, 0x03, 0xCF,
    0xE0, 0x0F, 0x07, 0xF8, 0x3C, 0x01, 0xFE, 0xF0, 0x00, 0x7F, 0xC0, 0x00, 0x1F, 0x00, 0x00, 0x04, 0x00, 0x00, 0x00,
    0x00, 0x00, 0x0F, 0xFF, 0xFE, 0x3F, 0xFF, 0xFC, 0x00, 0x00, 0x1F, 0x8B, 0xFF, 0xFF, 0x49, 0x00, 0x00, 0x24, 0x90,
    0x00, 0x00, 0xB8, 0x78, 0x00, 0x3C, 0x3C, 0x00, 0x3C, 0x2D, 0x00, 0xB8, 0x1F, 0x00, 0xF0, 0x0F, 0x01, 0xF0, 0x0B,
    0x82, 0xD0, 0x07, 0xC3, 0xC0, 0x03, 0xC7, 0x80, 0x02, 0xEB, 0x40, 0x00, 0xFF, 0x00, 0x00, 0xFE, 0x00, 0x00, 0x68,
    0x00, 0x00, 0x00, 0x00, 0x00, 0x00, 0x00, 0x3F, 0xFF, 0xF8, 0x3F, 0xFF, 0xFC, 0xFF, 0xFF, 0xFE, 0xFF, 0xFF, 0xFF,
    0x00, 0x00, 0x00, 0x00, 0x00, 0x00, 0x00, 0xBD, 0x00, 0x00, 0xFF, 0x00, 0x01, 0xEF, 0x00, 0x02, 0xDB, 0x80, 0x03,
    0xC7, 0xC0, 0x07, 0x83, 0xC0, 0x0F, 0x42, 0xE0, 0x0F, 0x00, 0xF0, 0x2E, 0x00, 0xF4, 0x3C, 0x00, 0x78, 0x7C, 0x00,
    0x3C, 0x54, 0x00, 0x14, 0xFF, 0xFF, 0xFE, 0xFF, 0xFF, 0xFF, 0x00, 0x00, 0x00, 0x00, 0x00, 0x00, 0x78, 0x00, 0x2C,
    0x3C, 0x00, 0x3C, 0x3D, 0x00, 0xB8, 0x1E, 0x00, 0xF0, 0x0F, 0x00, 0xF0, 0x0B, 0x42, 0xD0, 0x07, 0xC3, 0xC0, 0x03,
    0xC7, 0xC0, 0x02, 0xEB, 0x40, 0x00, 0xFF, 0x00, 0x00, 0xFE, 0x00, 0x00, 0x54, 0x00, 0x01, 0xBF, 0xE0, 0x02, 0xFF,
    0xFF, 0x41, 0xF4, 0x02, 0xF0, 0xF4, 0x00, 0x2E, 0x3C, 0x00, 0x07, 0xCF, 0x00, 0x01, 0xF3, 0xC0, 0x00, 0x7C, 0xF0,
    0x00, 0x1F, 0x3C, 0x00, 0x07, 0xCF, 0x00, 0x01, 0xF3, 0xC0, 0x00, 0x7C, 0xF0, 0x00, 0x1F, 0x3C, 0x00, 0x07, 0xCF,
    0x00, 0x01, 0xF3, 0xC0, 0x00, 0x7C, 0xF0, 0x00, 0x1F, 0x3C, 0x00, 0x07, 0xC0, 0x3C, 0x00, 0x07, 0xCF, 0x00, 0x01,
    0xF3, 0xC0, 0x00, 0x7C, 0xF0, 0x00, 0x1F, 0x3C, 0x00, 0x07, 0xCF, 0x00, 0x01, 0xF3, 0xC0, 0x00, 0x7C, 0xF0, 0x00,
    0x1F, 0x3C, 0x00, 0x07, 0xCF, 0x00, 0x01, 0xF3, 0xC0, 0x00, 0x7C, 0xF0, 0x00, 0x1F, 0x3C, 0x00, 0x07, 0xCF, 0x40,
    0x02, 0xE1, 0xF4, 0x01, 0xF4, 0x3F, 0xFF, 0xF8, 0x01, 0xFF, 0xE4, 0x00, 0x01, 0x40, 0x07, 0xD0, 0x1C, 0x34, 0x30,
    0x1C, 0x1C, 0x70, 0x07, 0xC0, 0x01, 0x00, 0x00, 0x00, 0x40, 0x09, 0x07, 0xFC, 0x0F, 0x01, 0x64, 0x00, 0x00, 0x00,
    0x00, 0x00, 0x0C, 0x00, 0x00, 0x02, 0xF0, 0x00, 0x01, 0xFE, 0xC0, 0x00, 0x7B, 0xCB, 0x40, 0x1D, 0x7C, 0x1D, 0x0B,
    0x07, 0xC0, 0x76, 0xC0, 0x7C, 0x01, 0xF0, 0x07, 0xC0, 0x2F, 0x80, 0x7C, 0x0F, 0x0E, 0x07, 0xC3, 0x80, 0x38, 0x7D,
    0xE0, 0x00, 0xF7, 0xF8, 0x00, 0x02, 0xFD, 0x00, 0x00, 0x0B, 0x40, 0x00, 0x00, 0x10, 0x00, 0x00, 0x00, 0x0C, 0x00,
    0x00, 0x00, 0xF0, 0x00, 0x01, 0xDE, 0xC0, 0x00, 0x74, 0xCB, 0x40, 0x1D, 0x0C, 0x1D, 0x0B, 0x00, 0xC0, 0x76, 0xC0,
    0x0C, 0x01, 0xF0, 0x00, 0xC0, 0x2F, 0x80, 0x0C, 0x0F, 0x0E, 0x00, 0xC3, 0x80, 0x38, 0x0D, 0xE0, 0x00, 0xF0, 0xF8,
    0x00, 0x03, 0xCD, 0x00, 0x00, 0x0A, 0x40, 0x00, 0x00, 0x00, 0x00, 0x00, 0x00, 0x04, 0x00, 0x00, 0x02, 0xB0, 0x00,
    0x01, 0xF2, 0xC0, 0x00, 0x7B, 0x07, 0x40, 0x1D, 0x70, 0x1D, 0x0B, 0x07, 0x00, 0x76, 0xC0, 0x70, 0x01, 0xF0, 0x07,
    0x00, 0x2F, 0x80, 0x70, 0x0E, 0x0E, 0x07, 0x03, 0x80, 0x38, 0x70, 0xE0, 0x00, 0xF7, 0x38, 0x00, 0x02, 0xF9, 0x00,
    0x00, 0x0B, 0x00, 0x00, 0x00, 0x10, 0x60, 0x00, 0x01, 0x87, 0xE0, 0x00, 0xFC, 0x2F, 0xC0, 0x3F, 0x80, 0x3E, 0x0F,
    0x80, 0x00, 0xF1, 0xE0, 0x00, 0x07, 0x6C, 0x00, 0x00, 0x3B, 0x80, 0x00, 0x02, 0xF4, 0x00, 0x00, 0x2F, 0x00, 0x00,
    0x01, 0xF0, 0x00, 0x00, 0x1F, 0x00, 0x00, 0x01, 0xF0, 0x00, 0x00, 0x1F, 0x00, 0x00, 0x00, 0xAF, 0xFF, 0xC1, 0xFF,
    0xFF, 0xF0, 0xF4, 0x00, 0x00, 0xB4, 0x00, 0x00, 0x3C, 0x0B, 0xFF, 0xCE, 0x0F, 0xFF, 0xF3, 0x87, 0x80, 0x00, 0xE1,
    0xD0, 0x00, 0x38, 0x78, 0x00, 0x0F, 0x0F, 0xFF, 0xF3, 0xC0, 0xBF, 0xFC, 0x7D, 0x00, 0x00, 0x0B, 0xFF, 0xFF, 0xC0,
    0x6F, 0xFF, 0xF0, 0x00, 0x00, 0x0E, 0x00, 0x00, 0x01, 0xD0, 0x00, 0x00, 0x3C, 0x03, 0xFF, 0xFF, 0xFC, 0x3F, 0xFF,
    0xFF, 0xC3, 0xC0, 0x0E, 0x00, 0x3C, 0x01, 0xD0, 0x03, 0xC0, 0x2C, 0x00, 0x3C, 0x03, 0x80, 0x03, 0xC0, 0x70, 0x00,
    0x3C, 0x0F, 0x00, 0x03, 0xC0, 0xD0, 0x00, 0x3F, 0xFF, 0xFF, 0xC3, 0xFF, 0xFF, 0xFC, 0x00, 0x34, 0x00, 0x00, 0x0B,
    0x00, 0x00, 0x00, 0xE0, 0x00, 0x03, 0xFF, 0xFF, 0xFC, 0x3F, 0xFF, 0xFF, 0xC0, 0x38, 0x00, 0x00, 0x07, 0x40, 0x00,
    0x00, 0x50, 0x00, 0x00, 0x00, 0x7D, 0xBD, 0x7C, 0x00, 0x00, 0x7C, 0xBD, 0x7D, 0x00, 0x00, 0x00, 0x7D, 0xBD, 0x7C,
    0x2E, 0x07, 0xC0, 0xB8, 0x3F, 0x0B, 0xD0, 0xFC, 0x2E, 0x07, 0xC0, 0xB8, 0x00, 0x00, 0x00, 0x00, 0x00, 0x00, 0x00,
    0xF8, 0x00, 0x00, 0x00, 0xFC, 0x00, 0x00, 0x00, 0xB8, 0x00, 0x00, 0x00, 0x00, 0x00, 0x00, 0x00, 0x00, 0x00, 0x07,
    0xC0, 0x00, 0x00, 0x0B, 0xD0, 0x00, 0x00, 0x07, 0xD0, 0x00, 0x00, 0x00, 0x00, 0x00, 0x00, 0x00, 0x00, 0x00, 0x00,
    0x00, 0x00, 0x00, 0x3E, 0x00, 0x00, 0x00, 0x3F, 0x00, 0x00, 0x00, 0x2E, 0x00, 0x00, 0x00, 0x00, 0x00, 0x00, 0x00,
    0x3E, 0x00, 0x00, 0x00, 0x3F, 0x00, 0x00, 0x00, 0x2E, 0x00, 0x00, 0x00, 0x00, 0x00, 0x00, 0x00, 0x00, 0x00, 0x00,
    0x00, 0x00, 0x07, 0xC0, 0x00, 0x00, 0x0B, 0xD0, 0x00, 0x00, 0x07, 0xD0, 0x00, 0x00, 0x00, 0x00, 0x00, 0x00, 0x00,
    0x00, 0x00, 0x00, 0x00, 0x00, 0x00, 0x00, 0x00, 0x00, 0xF8, 0x00, 0x00, 0x00, 0xFC, 0x00, 0x00, 0x00, 0xB8, 0x00,
    0x03, 0xC0, 0x00, 0x00, 0x0F, 0xF0, 0x00, 0x00, 0x3F, 0xF8, 0x00, 0x00, 0xBF, 0xFE, 0x00, 0x02, 0xFF, 0xFF, 0x40,
    0x07, 0xFF, 0x9F, 0xC0, 0x0F, 0xFF, 0xCB, 0xF0, 0x3F, 0xFF, 0xCB, 0xF8, 0x3F, 0xFC, 0x2F, 0xFC, 0x3F, 0xFC, 0xBF,
    0xFC, 0x1F, 0xFF, 0xFF, 0xF0, 0x0B, 0xFC, 0xBF, 0xD0, 0x02, 0xFC, 0xBF, 0x40, 0x00, 0xFF, 0xFE, 0x00, 0x00, 0x3F,
    0xFC, 0x00, 0x00, 0x0F, 0xF0, 0x00, 0x00, 0x07, 0xC0, 0x00
};

static const EpdGlyph PROGMEM jetbrains_mono_11_2bGlyphs[] = {
    {0, 0, 14, 0, 0, 0, 0},  // U+000D
    {0, 0, 14, 0, 0, 0, 0},  //  
    {4, 17, 14, 5, 17, 17, 0},  // !
    {8, 7, 14, 3, 17, 14, 17},  // "
    {13, 17, 14, 0, 17, 56, 31},  // #
    {12, 24, 14, 1, 21, 72, 87},  // $
    {14, 17, 14, 0, 17, 60, 159},  // %
    {15, 17, 14, 0, 17, 64, 219},  // &
    {4, 7, 14, 5, 17, 7, 283},  // '
    {8, 23, 14, 4, 20, 46, 290},  // (
    {8, 23, 14, 2, 20, 46, 336},  // )
    {13, 12, 14, 0, 14, 39, 382},  // *
    {12, 11, 14, 1, 13, 33, 421},  // +
    {5, 7, 14, 4, 3, 9, 454},  // ,
    {8, 2, 14, 3, 9, 4, 463},  // -
    {4, 4, 14, 5, 4, 4, 467},  // .
    {12, 22, 14, 1, 19, 66, 471},  // /
    {11, 17, 14, 1, 17, 47, 537},  // 0
    {11, 17, 14, 2, 17, 47, 584},  // 1
    {12, 17, 14, 1, 17, 51, 631},  // 2
    {11, 17, 14, 1, 17, 47, 682},  // 3
    {11, 17, 14, 1, 17, 47, 729},  // 4
    {11, 17, 14, 1, 17, 47, 776},  // 5
    {12, 17, 14, 1, 17, 51, 823},  // 6
    {12, 17, 14, 1, 17, 51, 874},  // 7
    {12, 17, 14, 1, 17, 51, 925},  // 8
    {12, 17, 14, 1, 17, 51, 976},  // 9
    {5, 13, 14, 4, 13, 17, 1027},  // :
    {5, 17, 14, 4, 13, 22, 1044},  // ;
    {11, 13, 14, 1, 14, 36, 1066},  // <
    {11, 8, 14, 1, 12, 22, 1102},  // =
    {11, 13, 14, 1, 14, 36, 1124},  // >
    {10, 17, 14, 2, 17, 43, 1160},  // ?
    {12, 21, 14, 1, 17, 63, 1203},  // @
    {12, 17, 14, 1, 17, 51, 1266},  // A
    {11, 17, 14, 2, 17, 47, 1317},  // B
    {10, 17, 14, 2, 17, 43, 1364},  // C
    {10, 17, 14, 2, 17, 43, 1407},  // D
    {10, 17, 14, 2, 17, 43, 1450},  // E
    {11, 17, 14, 2, 17, 47, 1493},  // F
    {10, 17, 14, 2, 17, 43, 1540},  // G
    {10, 17, 14, 2, 17, 43, 1583},  // H
    {10, 17, 14, 2, 17, 43, 1626},  // I
    {11, 17, 14, 1, 17, 47, 1669},  // J
    {11, 17, 14, 2, 17, 47, 1716},  // K
    {11, 17, 14, 2, 17, 47, 1763},  // L
    {12, 17, 14, 1, 17, 51, 1810},  // M
    {10, 17, 14, 2, 17, 43, 1861},  // N
    {10, 17, 14, 2, 17, 43, 1904},  // O
    {11, 17, 14, 2, 17, 47, 1947},  // P
    {12, 21, 14, 1, 17, 63, 1994},  // Q
    {11, 17, 14, 2, 17, 47, 2057},  // R
    {12, 17, 14, 1, 17, 51, 2104},  // S
    {12, 17, 14, 1, 17, 51, 2155},  // T
    {10, 17, 14, 2, 17, 43, 2206},  // U
    {12, 17, 14, 1, 17, 51, 2249},  // V
    {14, 17, 14, 0, 17, 60, 2300},  // W
    {13, 17, 14, 0, 17, 56, 2360},  // X
    {13, 17, 14, 0, 17, 56, 2416},  // Y
    {11, 17, 14, 1, 17, 47, 2472},  // Z
    {7, 22, 14, 4, 19, 39, 2519},  // [
    {12, 22, 14, 1, 19, 66, 2558},  // \
    {7, 22, 14, 3, 19, 39, 2624},  // ]
    {11, 9, 14, 1, 17, 25, 2663},  // ^
    {12, 2, 14, 1, 0, 6, 2688},  // _
    {6, 4, 14, 3, 19, 6, 2694},  // `
    {11, 13, 14, 1, 13, 36, 2700},  // a
    {10, 17, 14, 2, 17, 43, 2736},  // b
    {11, 13, 14, 2, 13, 36, 2779},  // c
    {10, 17, 14, 2, 17, 43, 2815},  // d
    {11, 13, 14, 1, 13, 36, 2858},  // e
    {12, 17, 14, 1, 17, 51, 2894},  // f
    {10, 17, 14, 2, 13, 43, 2945},  // g
    {10, 17, 14, 2, 17, 43, 2988},  // h
    {12, 18, 14, 1, 18, 54, 3031},  // i
    {10, 22, 14, 1, 18, 55, 3085},  // j
    {11, 17, 14, 2, 17, 47, 3140},  // k
    {13, 17, 14, 0, 17, 56, 3187},  // l
    {12, 13, 14, 1, 13, 39, 3243},  // m
    {10, 13, 14, 2, 13, 33, 3282},  // n
    {11, 13, 14, 1, 13, 36, 3315},  // o
    {10, 17, 14, 2, 13, 43, 3351},  // p
    {10, 17, 14, 2, 13, 43, 3394},  // q
    {11, 13, 14, 2, 13, 36, 3437},  // r
    {11, 13, 14, 1, 13, 36, 3473},  // s
    {11, 17, 14, 1, 17, 47, 3509},  // t
    {10, 13, 14, 2, 13, 33, 3556},  // u
    {12, 13, 14, 1, 13, 39, 3589},  // v
    {14, 13, 14, 0, 13, 46, 3628},  // w
    {12, 13, 14, 1, 13, 39, 3674},  // x
    {12, 17, 14, 1, 13, 51, 3713},  // y
    {10, 13, 14, 2, 13, 33, 3764},  // z
    {11, 22, 14, 1, 19, 61, 3797},  // {
    {3, 22, 14, 5, 19, 17, 3858},  // |
    {11, 22, 14, 2, 19, 61, 3875},  // }
    {12, 5, 14, 1, 11, 15, 3936},  // ~
    {0, 0, 14, 0, 0, 0, 3951},  // U+00A0
    {4, 17, 14, 5, 13, 17, 3951},  // ¡
    {11, 19, 14, 2, 16, 53, 3968},  // ¢
    {12, 17, 14, 1, 17, 51, 4021},  // £
    {13, 14, 14, 0, 15, 46, 4072},  // ¤
    {13, 17, 14, 0, 17, 56, 4118},  // ¥
    {3, 22, 14, 5, 19, 17, 4174},  // ¦
    {12, 21, 14, 1, 17, 63, 4191},  // §
    {9, 3, 14, 2, 18, 7, 4254},  // ¨
    {12, 15, 14, 1, 17, 45, 4261},  // ©
    {6, 8, 14, 4, 17, 12, 4306},  // ª
    {13, 11, 14, 0, 12, 36, 4318},  // «
    {10, 5, 14, 2, 9, 13, 4354},  // ¬
    {8, 2, 14, 3, 9, 4, 4367},  // U+00AD
    {12, 15, 14, 1, 18, 45, 4371},  // ®
    {8, 2, 14, 3, 18, 4, 4416},  // ¯
    {8, 7, 14, 3, 17, 14, 4420},  // °
    {12, 13, 14, 1, 13, 39, 4434},  // ±
    {8, 10, 14, 3, 19, 20, 4473},  // ²
    {8, 10, 14, 3, 19, 20, 4493},  // ³
    {5, 4, 14, 5, 19, 5, 4513},  // ´
    {10, 17, 14, 2, 13, 43, 4518},  // µ
    {11, 21, 14, 1, 17, 58, 4561},  // ¶
    {4, 4, 14, 5, 10, 4, 4619},  // ·
    {6, 5, 14, 4, 0, 8, 4623},  // ¸
    {9, 10, 14, 3, 19, 23, 4631},  // ¹
    {6, 8, 14, 4, 17, 12, 4654},  // º
    {14, 11, 14, 0, 12, 39, 4666},  // »
    {14, 17, 14, 0, 17, 60, 4705},  // ¼
    {14, 18, 14, 0, 17, 63, 4765},  // ½
    {14, 17, 14, 0, 17, 60, 4828},  // ¾
    {9, 17, 14, 2, 13, 39, 4888},  // ¿
    {12, 23, 14, 1, 23, 69, 4927},  // À
    {12, 23, 14, 1, 23, 69, 4996},  // Á
    {12, 23, 14, 1, 23, 69, 5065},  // Â
    {12, 23, 14, 1, 23, 69, 5134},  // Ã
    {12, 22, 14, 1, 22, 66, 5203},  // Ä
    {12, 23, 14, 1, 23, 69, 5269},  // Å
    {14, 17, 14, 0, 17, 60, 5338},  // Æ
    {10, 22, 14, 2, 17, 55, 5398},  // Ç
    {10, 23, 14, 2, 23, 58, 5453},  // È
    {10, 23, 14, 2, 23, 58, 5511},  // É
    {10, 23, 14, 2, 23, 58, 5569},  // Ê
    {10, 22, 14, 2, 22, 55, 5627},  // Ë
    {10, 23, 14, 2, 23, 58, 5682},  // Ì
    {10, 23, 14, 2, 23, 58, 5740},  // Í
    {10, 23, 14, 2, 23, 58, 5798},  // Î
    {10, 22, 14, 2, 22, 55, 5856},  // Ï
    {12, 17, 14, 0, 17, 51, 5911},  // Ð
    {10, 23, 14, 2, 23, 58, 5962},  // Ñ
    {10, 23, 14, 2, 23, 58, 6020},  // Ò
    {10, 23, 14, 2, 23, 58, 6078},  // Ó
    {10, 23, 14, 2, 23, 58, 6136},  // Ô
    {10, 23, 14, 2, 23, 58, 6194},  // Õ
    {10, 22, 14, 2, 22, 55, 6252},  // Ö
    {10, 10, 14, 2, 13, 25, 6307},  // ×
    {13, 18, 14, 0, 17, 59, 6332},  // Ø
    {10, 23, 14, 2, 23, 58, 6391},  // Ù
    {10, 23, 14, 2, 23, 58, 6449},  // Ú
    {10, 23, 14, 2, 23, 58, 6507},  // Û
    {10, 22, 14, 2, 22, 55, 6565},  // Ü
    {13, 23, 14, 0, 23, 75, 6620},  // Ý
    {11, 17, 14, 2, 17, 47, 6695},  // Þ
    {11, 17, 14, 2, 17, 47, 6742},  // ß
    {11, 19, 14, 1, 19, 53, 6789},  // à
    {11, 19, 14, 1, 19, 53, 6842},  // á
    {11, 19, 14, 1, 19, 53, 6895},  // â
    {11, 19, 14, 1, 19, 53, 6948},  // ã
    {11, 18, 14, 1, 18, 50, 7001},  // ä
    {11, 19, 14, 1, 19, 53, 7051},  // å
    {13, 13, 14, 0, 13, 43, 7104},  // æ
    {11, 18, 14, 2, 13, 50, 7147},  // ç
    {11, 19, 14, 1, 19, 53, 7197},  // è
    {11, 19, 14, 1, 19, 53, 7250},  // é
    {11, 19, 14, 1, 19, 53, 7303},  // ê
    {11, 18, 14, 1, 18, 50, 7356},  // ë
    {12, 19, 14, 1, 19, 57, 7406},  // ì
    {12, 19, 14, 1, 19, 57, 7463},  // í
    {12, 19, 14, 1, 19, 57, 7520},  // î
    {12, 18, 14, 1, 18, 54, 7577},  // ï
    {12, 18, 14, 1, 18, 54, 7631},  // ð
    {10, 19, 14, 2, 19, 48, 7685},  // ñ
    {11, 19, 14, 1, 19, 53, 7733},  // ò
    {11, 19, 14, 1, 19, 53, 7786},  // ó
    {11, 19, 14, 1, 19, 53, 7839},  // ô
    {11, 19, 14, 1, 19, 53, 7892},  // õ
    {11, 18, 14, 1, 18, 50, 7945},  // ö
    {10, 13, 14, 2, 14, 33, 7995},  // ÷
    {13, 15, 14, 0, 14, 49, 8028},  // ø
    {10, 19, 14, 2, 19, 48, 8077},  // ù
    {10, 19, 14, 2, 19, 48, 8125},  // ú
    {10, 19, 14, 2, 19, 48, 8173},  // û
    {10, 18, 14, 2, 18, 45, 8221},  // ü
    {12, 23, 14, 1, 19, 69, 8266},  // ý
    {10, 21, 14, 2, 17, 53, 8335},  // þ
    {12, 22, 14, 1, 18, 66, 8388},  // ÿ
    {12, 21, 14, 1, 21, 63, 8454},  // Ā
    {11, 18, 14, 1, 18, 50, 8517},  // ā
    {12, 23, 14, 1, 23, 69, 8567},  // Ă
    {11, 19, 14, 1, 19, 53, 8636},  // ă
    {13, 22, 14, 1, 17, 72, 8689},  // Ą
    {12, 18, 14, 1, 13, 54, 8761},  // ą
    {10, 23, 14, 2, 23, 58, 8815},  // Ć
    {11, 19, 14, 2, 19, 53, 8873},  // ć
    {10, 23, 14, 2, 23, 58, 8926},  // Ĉ
    {11, 19, 14, 2, 19, 53, 8984},  // ĉ
    {10, 22, 14, 2, 22, 55, 9037},  // Ċ
    {11, 18, 14, 2, 18, 50, 9092},  // ċ
    {10, 23, 14, 2, 23, 58, 9142},  // Č
    {11, 19, 14, 2, 19, 53, 9200},  // č
    {10, 23, 14, 2, 23, 58, 9253},  // Ď
    {13, 17, 14, 1, 17, 56, 9311},  // ď
    {12, 17, 14, 0, 17, 51, 9367},  // Đ
    {12, 17, 14, 2, 17, 51, 9418},  // đ
    {10, 21, 14, 2, 21, 53, 9469},  // Ē
    {11, 18, 14, 1, 18, 50, 9522},  // ē
    {10, 23, 14, 2, 23, 58, 9572},  // Ĕ
    {11, 19, 14, 1, 19, 53, 9630},  // ĕ
    {10, 22, 14, 2, 22, 55, 9683},  // Ė
    {11, 18, 14, 1, 18, 50, 9738},  // ė
    {11, 22, 14, 2, 17, 61, 9788},  // Ę
    {10, 18, 14, 2, 13, 45, 9849},  // ę
    {10, 23, 14, 2, 23, 58, 9894},  // Ě
    {11, 19, 14, 1, 19, 53, 9952},  // ě
    {10, 23, 14, 2, 23, 58, 10005},  // Ĝ
    {10, 23, 14, 2, 19, 58, 10063},  // ĝ
    {10, 23, 14, 2, 23, 58, 10121},  // Ğ
    {10, 23, 14, 2, 19, 58, 10179},  // ğ
    {10, 22, 14, 2, 22, 55, 10237},  // Ġ
    {10, 22, 14, 2, 18, 55, 10292},  // ġ
    {10, 23, 14, 2, 17, 58, 10347},  // Ģ
    {10, 25, 14, 2, 21, 63, 10405},  // ģ
    {10, 23, 14, 2, 23, 58, 10468},  // Ĥ
    {14, 23, 14, -2, 23, 81, 10526},  // ĥ
    {14, 17, 14, 0, 17, 60, 10607},  // Ħ
    {12, 17, 14, 0, 17, 51, 10667},  // ħ
    {10, 23, 14, 2, 23, 58, 10718},  // Ĩ
    {12, 19, 14, 1, 19, 57, 10776},  // ĩ
    {10, 21, 14, 2, 21, 53, 10833},  // Ī
    {12, 18, 14, 1, 18, 54, 10886},  // ī
    {10, 23, 14, 2, 23, 58, 10940},  // Ĭ
    {12, 19, 14, 1, 19, 57, 10998},  // ĭ
    {10, 22, 14, 2, 17, 55, 11055},  // Į
    {12, 23, 14, 1, 18, 69, 11110},  // į
    {10, 22, 14, 2, 22, 55, 11179},  // İ
    {12, 13, 14, 1, 13, 39, 11234},  // ı
    {14, 23, 14, 1, 23, 81, 11273},  // Ĵ
    {12, 23, 14, 1, 19, 69, 11354},  // ĵ
    {11, 23, 14, 2, 17, 64, 11423},  // Ķ
    {11, 23, 14, 2, 17, 64, 11487},  // ķ
    {11, 13, 14, 2, 13, 36, 11551},  // ĸ
    {11, 23, 14, 2, 23, 64, 11587},  // Ĺ
    {13, 23, 14, 0, 23, 75, 11651},  // ĺ
    {11, 23, 14, 2, 17, 64, 11726},  // Ļ
    {13, 23, 14, 0, 17, 75, 11790},  // ļ
    {11, 17, 14, 2, 17, 47, 11865},  // Ľ
    {13, 17, 14, 0, 17, 56, 11912},  // ľ
    {11, 17, 14, 2, 17, 47, 11968},  // Ŀ
    {15, 17, 14, 0, 17, 64, 12015},  // ŀ
    {13, 17, 14, 0, 17, 56, 12079},  // Ł
    {13, 17, 14, 0, 17, 56, 12135},  // ł
    {10, 23, 14, 2, 23, 58, 12191},  // Ń
    {10, 19, 14, 2, 19, 48, 12249},  // ń
    {10, 23, 14, 2, 17, 58, 12297},  // Ņ
    {10, 19, 14, 2, 13, 48, 12355},  // ņ
    {10, 23, 14, 2, 23, 58, 12403},  // Ň
    {10, 19, 14, 2, 19, 48, 12461},  // ň
    {13, 18, 14, -1, 18, 59, 12509},  // ŉ
    {10, 21, 14, 2, 17, 53, 12568},  // Ŋ
    {10, 17, 14, 2, 13, 43, 12621},  // ŋ
    {10, 21, 14, 2, 21, 53, 12664},  // Ō
    {11, 18, 14, 1, 18, 50, 12717},  // ō
    {10, 23, 14, 2, 23, 58, 12767},  // Ŏ
    {11, 19, 14, 1, 19, 53, 12825},  // ŏ
    {11, 22, 14, 2, 22, 61, 12878},  // Ő
    {12, 18, 14, 1, 18, 54, 12939},  // ő
    {14, 17, 14, 0, 17, 60, 12993},  // Œ
    {13, 13, 14, 0, 13, 43, 13053},  // œ
    {11, 23, 14, 2, 23, 64, 13096},  // Ŕ
    {11, 19, 14, 2, 19, 53, 13160},  // ŕ
    {11, 23, 14, 2, 17, 64, 13213},  // Ŗ
    {13, 19, 14, 0, 13, 62, 13277},  // ŗ
    {11, 23, 14, 2, 23, 64, 13339},  // Ř
    {11, 19, 14, 2, 19, 53, 13403},  // ř
    {12, 23, 14, 1, 23, 69, 13456},  // Ś
    {11, 19, 14, 1, 19, 53, 13525},  // ś
    {12, 23, 14, 1, 23, 69, 13578},  // Ŝ
    {11, 19, 14, 1, 19, 53, 13647},  // ŝ
    {12, 22, 14, 1, 17, 66, 13700},  // Ş
    {11, 18, 14, 1, 13, 50, 13766},  // ş
    {12, 23, 14, 1, 23, 69, 13816},  // Š
    {11, 19, 14, 1, 19, 53, 13885},  // š
    {12, 22, 14, 1, 17, 66, 13938},  // Ţ
    {11, 22, 14, 1, 17, 61, 14004},  // ţ
    {12, 23, 14, 1, 23, 69, 14065},  // Ť
    {11, 19, 14, 1, 19, 53, 14134},  // ť
    {12, 17, 14, 1, 17, 51, 14187},  // Ŧ
    {11, 17, 14, 1, 17, 47, 14238},  // ŧ
    {10, 23, 14, 2, 23, 58, 14285},  // Ũ
    {10, 19, 14, 2, 19, 48, 14343},  // ũ
    {10, 21, 14, 2, 21, 53, 14391},  // Ū
    {10, 18, 14, 2, 18, 45, 14444},  // ū
    {10, 23, 14, 2, 23, 58, 14489},  // Ŭ
    {10, 19, 14, 2, 19, 48, 14547},  // ŭ
    {10, 23, 14, 2, 23, 58, 14595},  // Ů
    {10, 19, 14, 2, 19, 48, 14653},  // ů
    {11, 22, 14, 2, 22, 61, 14701},  // Ű
    {11, 18, 14, 2, 18, 50, 14762},  // ű
    {10, 22, 14, 2, 17, 55, 14812},  // Ų
    {10, 18, 14, 2, 13, 45, 14867},  // ų
    {14, 23, 14, 0, 23, 81, 14912},  // Ŵ
    {14, 19, 14, 0, 19, 67, 14993},  // ŵ
    {13, 23, 14, 0, 23, 75, 15060},  // Ŷ
    {12, 23, 14, 1, 19, 69, 15135},  // ŷ
    {13, 22, 14, 0, 22, 72, 15204},  // Ÿ
    {11, 23, 14, 1, 23, 64, 15276},  // Ź
    {10, 19, 14, 2, 19, 48, 15340},  // ź
    {11, 22, 14, 1, 22, 61, 15388},  // Ż
    {10, 18, 14, 2, 18, 45, 15449},  // ż
    {11, 23, 14, 1, 23, 64, 15494},  // Ž
    {10, 19, 14, 2, 19, 48, 15558},  // ž
    {9, 17, 14, 3, 17, 39, 15606},  // ſ
    {10, 17, 14, 2, 17, 43, 15645},  // Ə
    {12, 17, 14, 1, 17, 51, 15688},  // Ɛ
    {13, 21, 14, 0, 17, 69, 15739},  // ƒ
    {12, 18, 14, 1, 18, 54, 15808},  // ƛ
    {11, 19, 14, 2, 19, 53, 15862},  // Ơ
    {12, 15, 14, 1, 15, 45, 15915},  // ơ
    {12, 20, 14, 2, 20, 60, 15960},  // Ư
    {12, 16, 14, 2, 16, 48, 16020},  // ư
    {12, 23, 14, 1, 23, 69, 16068},  // Ǎ
    {11, 19, 14, 1, 19, 53, 16137},  // ǎ
    {12, 19, 14, 1, 19, 57, 16190},  // ǐ
    {11, 19, 14, 1, 19, 53, 16247},  // ǒ
    {10, 19, 14, 2, 19, 48, 16300},  // ǔ
    {10, 23, 14, 2, 23, 58, 16348},  // ǖ
    {10, 24, 14, 2, 24, 60, 16406},  // ǘ
    {10, 24, 14, 2, 24, 60, 16466},  // ǚ
    {10, 24, 14, 2, 24, 60, 16526},  // ǜ
    {10, 23, 14, 2, 23, 58, 16586},  // Ǧ
    {10, 23, 14, 2, 19, 58, 16644},  // ǧ
    {10, 22, 14, 2, 17, 55, 16702},  // Ǫ
    {10, 18, 14, 2, 13, 45, 16757},  // ǫ
    {10, 23, 14, 2, 23, 58, 16802},  // Ǵ
    {10, 23, 14, 2, 19, 58, 16860},  // ǵ
    {14, 23, 14, 0, 23, 81, 16918},  // Ǽ
    {13, 19, 14, 0, 19, 62, 16999},  // ǽ
    {13, 24, 14, 0, 23, 78, 17061},  // Ǿ
    {13, 20, 14, 0, 19, 65, 17139},  // ǿ
    {12, 23, 14, 1, 17, 69, 17204},  // Ș
    {11, 19, 14, 1, 13, 53, 17273},  // ș
    {12, 23, 14, 1, 17, 69, 17326},  // Ț
    {11, 23, 14, 1, 17, 64, 17395},  // ț
    {13, 21, 14, 0, 21, 69, 17459},  // Ȳ
    {12, 22, 14, 1, 18, 66, 17528},  // ȳ
    {9, 17, 14, 1, 13, 39, 17594},  // ȷ
    {10, 13, 14, 2, 13, 33, 17633},  // ə
    {6, 4, 0, -11, 19, 6, 17666},  // ̀
    {6, 4, 0, -9, 19, 6, 17672},  // ́
    {10, 4, 0, -12, 19, 10, 17678},  // ̂
    {8, 5, 0, -11, 19, 10, 17688},  // ̃
    {8, 2, 0, -11, 18, 4, 17698},  // ̄
    {8, 4, 0, -11, 19, 8, 17702},  // ̆
    {4, 3, 0, -9, 18, 3, 17710},  // ̇
    {9, 3, 0, -11, 18, 7, 17713},  // ̈
    {5, 5, 0, -9, 20, 7, 17720},  // ̉
    {6, 5, 0, -10, 19, 8, 17727},  // ̊
    {10, 3, 0, -11, 18, 8, 17735},  // ̋
    {10, 4, 0, -12, 19, 10, 17743},  // ̌
    {10, 3, 0, -13, 18, 8, 17753},  // ̏
    {5, 6, 0, -9, 21, 8, 17761},  // ̒
    {4, 4, 0, -6, 15, 4, 17769},  // ̛
    {4, 3, 0, -9, -2, 3, 17773},  // ̣
    {6, 5, 0, -10, -1, 8, 17776},  // ̥
    {6, 4, 0, -10, -2, 6, 17784},  // ̦
    {6, 5, 0, -10, 0, 8, 17790},  // ̧
    {6, 6, 0, -10, 1, 9, 17798},  // ̨
    {16, 2, 0, -15, 9, 8, 17807},  // ̶
    {13, 15, 0, -13, 14, 49, 17815},  // ̷
    {10, 18, 0, -12, 15, 45, 17864},  // ̸
    {6, 7, 14, 3, 17, 11, 17909},  // ʹ
    {5, 7, 14, 4, 3, 9, 17920},  // ͵
    {5, 17, 14, 4, 13, 22, 17929},  // ;
    {6, 4, 14, 4, 19, 6, 17951},  // ΄
    {9, 6, 14, 2, 21, 14, 17957},  // ΅
    {13, 17, 14, 0, 17, 56, 17971},  // Ά
    {4, 4, 14, 5, 10, 4, 18027},  // ·
    {15, 17, 14, -3, 17, 64, 18031},  // Έ
    {15, 17, 14, -3, 17, 64, 18095},  // Ή
    {15, 17, 14, -3, 17, 64, 18159},  // Ί
    {14, 17, 14, -2, 17, 60, 18223},  // Ό
    {16, 17, 14, -3, 17, 68, 18283},  // Ύ
    {15, 17, 14, -2, 17, 64, 18351},  // Ώ
    {12, 21, 14, 1, 21, 63, 18415},  // ΐ
    {12, 17, 14, 1, 17, 51, 18478},  // Α
    {11, 17, 14, 2, 17, 47, 18529},  // Β
    {11, 17, 14, 2, 17, 47, 18576},  // Γ
    {12, 17, 14, 1, 17, 51, 18623},  // Δ
    {10, 17, 14, 2, 17, 43, 18674},  // Ε
    {11, 17, 14, 1, 17, 47, 18717},  // Ζ
    {10, 17, 14, 2, 17, 43, 18764},  // Η
    {10, 17, 14, 2, 17, 43, 18807},  // Θ
    {10, 17, 14, 2, 17, 43, 18850},  // Ι
    {11, 17, 14, 2, 17, 47, 18893},  // Κ
    {12, 17, 14, 1, 17, 51, 18940},  // Λ
    {12, 17, 14, 1, 17, 51, 18991},  // Μ
    {10, 17, 14, 2, 17, 43, 19042},  // Ν
    {11, 17, 14, 1, 17, 47, 19085},  // Ξ
    {10, 17, 14, 2, 17, 43, 19132},  // Ο
    {10, 17, 14, 2, 17, 43, 19175},  // Π
    {11, 17, 14, 2, 17, 47, 19218},  // Ρ
    {12, 17, 14, 1, 17, 51, 19265},  // Σ
    {12, 17, 14, 1, 17, 51, 19316},  // Τ
    {13, 17, 14, 0, 17, 56, 19367},  // Υ
    {12, 19, 14, 1, 18, 57, 19423},  // Φ
    {13, 17, 14, 0, 17, 56, 19480},  // Χ
    {12, 17, 14, 1, 17, 51, 19536},  // Ψ
    {12, 17, 14, 1, 17, 51, 19587},  // Ω
    {10, 22, 14, 2, 22, 55, 19638},  // Ϊ
    {13, 22, 14, 0, 22, 72, 19693},  // Ϋ
    {11, 19, 14, 1, 19, 53, 19765},  // ά
    {12, 19, 14, 1, 19, 57, 19818},  // έ
    {10, 19, 14, 2, 19, 48, 19875},  // ή
    {12, 19, 14, 1, 19, 57, 19923},  // ί
    {10, 21, 14, 2, 21, 53, 19980},  // ΰ
    {11, 13, 14, 1, 13, 36, 20033},  // α
    {11, 21, 14, 2, 17, 58, 20069},  // β
    {12, 17, 14, 1, 13, 51, 20127},  // γ
    {11, 17, 14, 1, 17, 47, 20178},  // δ
    {12, 13, 14, 1, 13, 39, 20225},  // ε
    {11, 22, 14, 2, 17, 61, 20264},  // ζ
    {10, 13, 14, 2, 13, 33, 20325},  // η
    {10, 17, 14, 2, 17, 43, 20358},  // θ
    {12, 13, 14, 1, 13, 39, 20401},  // ι
    {11, 13, 14, 2, 13, 36, 20440},  // κ
    {12, 17, 14, 1, 17, 51, 20476},  // λ
    {10, 17, 14, 2, 13, 43, 20527},  // μ
    {12, 13, 14, 1, 13, 39, 20570},  // ν
    {12, 22, 14, 1, 17, 66, 20609},  // ξ
    {11, 13, 14, 1, 13, 36, 20675},  // ο
    {13, 13, 14, 0, 13, 43, 20711},  // π
    {10, 17, 14, 2, 13, 43, 20754},  // ρ
    {11, 18, 14, 2, 13, 50, 20797},  // ς
    {13, 13, 14, 1, 13, 43, 20847},  // σ
    {11, 13, 14, 1, 13, 36, 20890},  // τ
    {10, 13, 14, 2, 13, 33, 20926},  // υ
    {12, 18, 14, 1, 14, 54, 20959},  // φ
    {12, 13, 14, 1, 13, 39, 21013},  // χ
    {12, 17, 14, 1, 13, 51, 21052},  // ψ
    {12, 14, 14, 1, 14, 42, 21103},  // ω
    {12, 18, 14, 1, 18, 54, 21145},  // ϊ
    {10, 18, 14, 2, 18, 45, 21199},  // ϋ
    {11, 19, 14, 1, 19, 53, 21244},  // ό
    {10, 19, 14, 2, 19, 48, 21297},  // ύ
    {12, 19, 14, 1, 19, 57, 21345},  // ώ
    {12, 21, 14, 2, 17, 63, 21402},  // Ϗ
    {12, 21, 14, 1, 17, 63, 21465},  // ϕ
    {14, 13, 14, 0, 13, 46, 21528},  // ϖ
    {11, 17, 14, 2, 13, 47, 21574},  // ϗ
    {10, 22, 14, 2, 22, 55, 21621},  // Ё
    {13, 21, 14, 0, 17, 69, 21676},  // Ђ
    {11, 23, 14, 2, 23, 64, 21745},  // Ѓ
    {10, 17, 14, 2, 17, 43, 21809},  // Є
    {12, 17, 14, 1, 17, 51, 21852},  // Ѕ
    {10, 17, 14, 2, 17, 43, 21903},  // І
    {10, 22, 14, 2, 22, 55, 21946},  // Ї
    {11, 17, 14, 1, 17, 47, 22001},  // Ј
    {15, 17, 14, -1, 17, 64, 22048},  // Љ
    {13, 17, 14, 1, 17, 56, 22112},  // Њ
    {13, 17, 14, 0, 17, 56, 22168},  // Ћ
    {11, 23, 14, 2, 23, 64, 22224},  // Ќ
    {12, 23, 14, 1, 23, 69, 22288},  // Ў
    {10, 20, 14, 2, 17, 50, 22357},  // Џ
    {12, 17, 14, 1, 17, 51, 22407},  // А
    {11, 17, 14, 2, 17, 47, 22458},  // Б
    {11, 17, 14, 2, 17, 47, 22505},  // В
    {11, 17, 14, 2, 17, 47, 22552},  // Г
    {14, 21, 14, 0, 17, 74, 22599},  // Д
    {10, 17, 14, 2, 17, 43, 22673},  // Е
    {14, 17, 14, 0, 17, 60, 22716},  // Ж
    {12, 17, 14, 1, 17, 51, 22776},  // З
    {10, 17, 14, 2, 17, 43, 22827},  // И
    {10, 23, 14, 2, 23, 58, 22870},  // Й
    {11, 17, 14, 2, 17, 47, 22928},  // К
    {12, 17, 14, 0, 17, 51, 22975},  // Л
    {12, 17, 14, 1, 17, 51, 23026},  // М
    {10, 17, 14, 2, 17, 43, 23077},  // Н
    {10, 17, 14, 2, 17, 43, 23120},  // О
    {10, 17, 14, 2, 17, 43, 23163},  // П
    {11, 17, 14, 2, 17, 47, 23206},  // Р
    {10, 17, 14, 2, 17, 43, 23253},  // С
    {12, 17, 14, 1, 17, 51, 23296},  // Т
    {12, 17, 14, 1, 17, 51, 23347},  // У
    {12, 19, 14, 1, 18, 57, 23398},  // Ф
    {13, 17, 14, 0, 17, 56, 23455},  // Х
    {11, 21, 14, 2, 17, 58, 23511},  // Ц
    {11, 17, 14, 1, 17, 47, 23569},  // Ч
    {12, 17, 14, 1, 17, 51, 23616},  // Ш
    {13, 21, 14, 1, 17, 69, 23667},  // Щ
    {14, 17, 14, -1, 17, 60, 23736},  // Ъ
    {12, 17, 14, 1, 17, 51, 23796},  // Ы
    {11, 17, 14, 2, 17, 47, 23847},  // Ь
    {11, 17, 14, 1, 17, 47, 23894},  // Э
    {13, 17, 14, 1, 17, 56, 23941},  // Ю
    {11, 17, 14, 1, 17, 47, 23997},  // Я
    {11, 13, 14, 1, 13, 36, 24044},  // а
    {11, 18, 14, 1, 18, 50, 24080},  // б
    {11, 13, 14, 2, 13, 36, 24130},  // в
    {10, 13, 14, 3, 13, 33, 24166},  // г
    {14, 17, 14, 0, 13, 60, 24199},  // д
    {11, 13, 14, 1, 13, 36, 24259},  // е
    {14, 13, 14, 0, 13, 46, 24295},  // ж
    {12, 13, 14, 1, 13, 39, 24341},  // з
    {10, 13, 14, 2, 13, 33, 24380},  // и
    {10, 19, 14, 2, 19, 48, 24413},  // й
    {11, 13, 14, 2, 13, 36, 24461},  // к
    {12, 13, 14, 0, 13, 39, 24497},  // л
    {12, 13, 14, 1, 13, 39, 24536},  // м
    {10, 13, 14, 2, 13, 33, 24575},  // н
    {11, 13, 14, 1, 13, 36, 24608},  // о
    {10, 13, 14, 2, 13, 33, 24644},  // п
    {10, 17, 14, 2, 13, 43, 24677},  // р
    {11, 13, 14, 2, 13, 36, 24720},  // с
    {12, 13, 14, 1, 13, 39, 24756},  // т
    {12, 17, 14, 1, 13, 51, 24795},  // у
    {12, 21, 14, 1, 17, 63, 24846},  // ф
    {12, 13, 14, 1, 13, 39, 24909},  // х
    {12, 17, 14, 2, 13, 51, 24948},  // ц
    {11, 13, 14, 1, 13, 36, 24999},  // ч
    {12, 13, 14, 1, 13, 39, 25035},  // ш
    {13, 17, 14, 1, 13, 56, 25074},  // щ
    {14, 13, 14, 0, 13, 46, 25130},  // ъ
    {12, 13, 14, 1, 13, 39, 25176},  // ы
    {11, 13, 14, 2, 13, 36, 25215},  // ь
    {11, 13, 14, 1, 13, 36, 25251},  // э
    {12, 13, 14, 1, 13, 39, 25287},  // ю
    {11, 13, 14, 1, 13, 36, 25326},  // я
    {11, 18, 14, 1, 18, 50, 25362},  // ё
    {12, 21, 14, 0, 17, 63, 25412},  // ђ
    {10, 19, 14, 3, 19, 48, 25475},  // ѓ
    {10, 13, 14, 2, 13, 33, 25523},  // є
    {11, 13, 14, 1, 13, 36, 25556},  // ѕ
    {12, 18, 14, 1, 18, 54, 25592},  // і
    {12, 18, 14, 1, 18, 54, 25646},  // ї
    {10, 22, 14, 1, 18, 55, 25700},  // ј
    {14, 13, 14, 0, 13, 46, 25755},  // љ
    {13, 13, 14, 1, 13, 43, 25801},  // њ
    {12, 17, 14, 0, 17, 51, 25844},  // ћ
    {11, 19, 14, 2, 19, 53, 25895},  // ќ
    {12, 23, 14, 1, 19, 69, 25948},  // ў
    {10, 16, 14, 2, 13, 40, 26017},  // џ
    {11, 19, 14, 2, 19, 53, 26057},  // Ґ
    {11, 15, 14, 2, 15, 42, 26110},  // ґ
    {13, 17, 14, 0, 17, 56, 26152},  // Ғ
    {12, 13, 14, 1, 13, 39, 26208},  // ғ
    {13, 20, 14, 1, 17, 65, 26247},  // Қ
    {12, 16, 14, 2, 13, 48, 26312},  // қ
    {11, 20, 14, 2, 17, 55, 26360},  // Ң
    {11, 16, 14, 2, 13, 44, 26415},  // ң
    {13, 17, 14, 0, 17, 56, 26459},  // Ү
    {12, 17, 14, 1, 13, 51, 26515},  // ү
    {13, 17, 14, 0, 17, 56, 26566},  // Ұ
    {12, 17, 14, 1, 13, 51, 26622},  // ұ
    {12, 20, 14, 1, 17, 60, 26673},  // Ҷ
    {12, 16, 14, 1, 13, 48, 26733},  // ҷ
    {11, 17, 14, 2, 17, 47, 26781},  // Һ
    {10, 13, 14, 2, 13, 33, 26828},  // һ
    {11, 17, 14, 1, 17, 47, 26861},  // Ә
    {11, 13, 14, 1, 13, 36, 26908},  // ә
    {14, 22, 14, 0, 22, 77, 26944},  // Ӝ
    {14, 18, 14, 0, 18, 63, 27021},  // ӝ
    {12, 22, 14, 1, 22, 66, 27084},  // Ӟ
    {12, 18, 14, 1, 18, 54, 27150},  // ӟ
    {10, 22, 14, 2, 22, 55, 27204},  // Ӥ
    {10, 18, 14, 2, 18, 45, 27259},  // ӥ
    {10, 22, 14, 2, 22, 55, 27304},  // Ӧ
    {11, 18, 14, 1, 18, 50, 27359},  // ӧ
    {10, 17, 14, 2, 17, 43, 27409},  // Ө
    {10, 13, 14, 2, 13, 33, 27452},  // ө
    {11, 22, 14, 1, 22, 61, 27485},  // Ӵ
    {11, 18, 14, 1, 18, 50, 27546},  // ӵ
    {14, 23, 14, 0, 23, 81, 27596},  // Ẁ
    {14, 19, 14, 0, 19, 67, 27677},  // ẁ
    {14, 23, 14, 0, 23, 81, 27744},  // Ẃ
    {14, 19, 14, 0, 19, 67, 27825},  // ẃ
    {14, 22, 14, 0, 22, 77, 27892},  // Ẅ
    {14, 18, 14, 0, 18, 63, 27969},  // ẅ
    {11, 17, 14, 2, 17, 47, 28032},  // ẞ
    {12, 22, 14, 1, 17, 66, 28079},  // Ạ
    {11, 18, 14, 1, 13, 50, 28145},  // ạ
    {12, 23, 14, 1, 23, 69, 28195},  // Ả
    {11, 20, 14, 1, 20, 55, 28264},  // ả
    {14, 24, 14, 1, 24, 84, 28319},  // Ấ
    {14, 21, 14, 1, 21, 74, 28403},  // ấ
    {12, 24, 14, 1, 24, 72, 28477},  // Ầ
    {12, 21, 14, 1, 21, 63, 28549},  // ầ
    {12, 24, 14, 1, 24, 72, 28612},  // Ẩ
    {12, 22, 14, 1, 22, 66, 28684},  // ẩ
    {12, 23, 14, 1, 23, 69, 28750},  // Ẫ
    {11, 22, 14, 1, 22, 61, 28819},  // ẫ
    {12, 28, 14, 1, 23, 84, 28880},  // Ậ
    {11, 24, 14, 1, 19, 66, 28964},  // ậ
    {12, 24, 14, 1, 24, 72, 29030},  // Ắ
    {11, 21, 14, 1, 21, 58, 29102},  // ắ
    {12, 24, 14, 1, 24, 72, 29160},  // Ằ
    {11, 21, 14, 1, 21, 58, 29232},  // ằ
    {12, 24, 14, 1, 24, 72, 29290},  // Ẳ
    {11, 22, 14, 1, 22, 61, 29362},  // ẳ
    {12, 23, 14, 1, 23, 69, 29423},  // Ẵ
    {11, 23, 14, 1, 23, 64, 29492},  // ẵ
    {12, 28, 14, 1, 23, 84, 29556},  // Ặ
    {11, 24, 14, 1, 19, 66, 29640},  // ặ
    {10, 22, 14, 2, 17, 55, 29706},  // Ẹ
    {11, 18, 14, 1, 13, 50, 29761},  // ẹ
    {10, 23, 14, 2, 23, 58, 29811},  // Ẻ
    {11, 20, 14, 1, 20, 55, 29869},  // ẻ
    {10, 23, 14, 2, 23, 58, 29924},  // Ẽ
    {11, 19, 14, 1, 19, 53, 29982},  // ẽ
    {13, 24, 14, 2, 24, 78, 30035},  // Ế
    {14, 21, 14, 1, 21, 74, 30113},  // ế
    {11, 24, 14, 2, 24, 66, 30187},  // Ề
    {12, 21, 14, 1, 21, 63, 30253},  // ề
    {11, 24, 14, 2, 24, 66, 30316},  // Ể
    {12, 22, 14, 1, 22, 66, 30382},  // ể
    {10, 23, 14, 2, 23, 58, 30448},  // Ễ
    {11, 22, 14, 1, 22, 61, 30506},  // ễ
    {10, 28, 14, 2, 23, 70, 30567},  // Ệ
    {11, 24, 14, 1, 19, 66, 30637},  // ệ
    {10, 23, 14, 2, 23, 58, 30703},  // Ỉ
    {12, 20, 14, 1, 20, 60, 30761},  // ỉ
    {10, 22, 14, 2, 17, 55, 30821},  // Ị
    {12, 23, 14, 1, 18, 69, 30876},  // ị
    {10, 22, 14, 2, 17, 55, 30945},  // Ọ
    {11, 18, 14, 1, 13, 50, 31000},  // ọ
    {10, 23, 14, 2, 23, 58, 31050},  // Ỏ
    {11, 20, 14, 1, 20, 55, 31108},  // ỏ
    {13, 24, 14, 2, 24, 78, 31163},  // Ố
    {14, 21, 14, 1, 21, 74, 31241},  // ố
    {11, 24, 14, 2, 24, 66, 31315},  // Ồ
    {12, 21, 14, 1, 21, 63, 31381},  // ồ
    {11, 24, 14, 2, 24, 66, 31444},  // Ổ
    {12, 22, 14, 1, 22, 66, 31510},  // ổ
    {10, 23, 14, 2, 23, 58, 31576},  // Ỗ
    {11, 22, 14, 1, 22, 61, 31634},  // ỗ
    {10, 28, 14, 2, 23, 70, 31695},  // Ộ
    {11, 24, 14, 1, 19, 66, 31765},  // ộ
    {11, 23, 14, 2, 23, 64, 31831},  // Ớ
    {12, 19, 14, 1, 19, 57, 31895},  // ớ
    {11, 23, 14, 2, 23, 64, 31952},  // Ờ
    {12, 19, 14, 1, 19, 57, 32016},  // ờ
    {11, 23, 14, 2, 23, 64, 32073},  // Ở
    {12, 20, 14, 1, 20, 60, 32137},  // ở
    {11, 23, 14, 2, 23, 64, 32197},  // Ỡ
    {12, 19, 14, 1, 19, 57, 32261},  // ỡ
    {11, 24, 14, 2, 19, 66, 32318},  // Ợ
    {12, 20, 14, 1, 15, 60, 32384},  // ợ
    {10, 22, 14, 2, 17, 55, 32444},  // Ụ
    {10, 18, 14, 2, 13, 45, 32499},  // ụ
    {10, 23, 14, 2, 23, 58, 32544},  // Ủ
    {10, 20, 14, 2, 20, 50, 32602},  // ủ
    {12, 23, 14, 2, 23, 69, 32652},  // Ứ
    {12, 19, 14, 2, 19, 57, 32721},  // ứ
    {12, 23, 14, 2, 23, 69, 32778},  // Ừ
    {12, 19, 14, 2, 19, 57, 32847},  // ừ
    {12, 23, 14, 2, 23, 69, 32904},  // Ử
    {12, 20, 14, 2, 20, 60, 32973},  // ử
    {12, 23, 14, 2, 23, 69, 33033},  // Ữ
    {12, 19, 14, 2, 19, 57, 33102},  // ữ
    {12, 25, 14, 2, 20, 75, 33159},  // Ự
    {12, 21, 14, 2, 16, 63, 33234},  // ự
    {13, 23, 14, 0, 23, 75, 33297},  // Ỳ
    {12, 23, 14, 1, 19, 69, 33372},  // ỳ
    {13, 22, 14, 0, 17, 72, 33441},  // Ỵ
    {12, 18, 14, 1, 13, 54, 33513},  // ỵ
    {13, 23, 14, 0, 23, 75, 33567},  // Ỷ
    {12, 24, 14, 1, 20, 72, 33642},  // ỷ
    {13, 23, 14, 0, 23, 75, 33714},  // Ỹ
    {12, 23, 14, 1, 19, 69, 33789},  // ỹ
    {0, 0, 14, 0, 0, 0, 33858},  // U+2001
    {0, 0, 14, 0, 0, 0, 33858},  // U+200B
    {8, 2, 14, 3, 9, 4, 33858},  // ‐
    {11, 2, 14, 1, 9, 6, 33862},  // –
    {14, 2, 14, 0, 9, 7, 33868},  // —
    {9, 22, 14, 2, 19, 50, 33875},  // ‖
    {5, 7, 14, 4, 17, 9, 33925},  // ‘
    {4, 7, 14, 5, 16, 7, 33934},  // ’
    {4, 7, 14, 5, 3, 7, 33941},  // ‚
    {5, 7, 14, 4, 17, 9, 33948},  // ‛
    {10, 7, 14, 2, 17, 18, 33957},  // “
    {10, 7, 14, 2, 17, 18, 33975},  // ”
    {10, 7, 14, 2, 3, 18, 33993},  // „
    {10, 7, 14, 2, 17, 18, 34011},  // ‟
    {11, 22, 14, 1, 19, 61, 34029},  // †
    {11, 22, 14, 1, 19, 61, 34090},  // ‡
    {6, 6, 14, 4, 12, 9, 34151},  // •
    {4, 4, 14, 5, 4, 4, 34160},  // ․
    {12, 4, 14, 1, 4, 12, 34164},  // …
    {16, 17, 14, -1, 17, 68, 34176},  // ‰
    {5, 7, 14, 4, 16, 9, 34244},  // ′
    {10, 7, 14, 2, 16, 18, 34253},  // ″
    {14, 7, 14, 0, 16, 25, 34271},  // ‴
    {8, 11, 14, 3, 12, 22, 34296},  // ‹
    {8, 11, 14, 3, 12, 22, 34318},  // ›
    {10, 17, 14, 2, 17, 43, 34340},  // ‼
    {9, 17, 14, 3, 17, 39, 34383},  // ‽
    {16, 2, 14, -1, 19, 8, 34422},  // ‾
    {14, 4, 14, 0, 0, 14, 34430},  // ‿
    {14, 17, 14, 0, 17, 60, 34444},  // ⁄
    {7, 22, 14, 4, 19, 39, 34504},  // ⁅
    {7, 22, 14, 3, 19, 39, 34543},  // ⁆
    {8, 10, 14, 3, 19, 20, 34582},  // ⁰
    {8, 10, 14, 3, 19, 20, 34602},  // ⁴
    {8, 10, 14, 3, 19, 20, 34622},  // ⁵
    {8, 10, 14, 3, 19, 20, 34642},  // ⁶
    {8, 10, 14, 3, 19, 20, 34662},  // ⁷
    {8, 10, 14, 3, 19, 20, 34682},  // ⁸
    {8, 10, 14, 3, 19, 20, 34702},  // ⁹
    {8, 6, 14, 3, 13, 12, 34722},  // ⁺
    {8, 7, 14, 3, 17, 14, 34734},  // ⁼
    {8, 10, 14, 3, 7, 20, 34748},  // ₀
    {9, 10, 14, 3, 7, 23, 34768},  // ₁
    {8, 10, 14, 3, 7, 20, 34791},  // ₂
    {8, 10, 14, 3, 7, 20, 34811},  // ₃
    {8, 10, 14, 3, 7, 20, 34831},  // ₄
    {8, 10, 14, 3, 7, 20, 34851},  // ₅
    {8, 10, 14, 3, 7, 20, 34871},  // ₆
    {8, 10, 14, 3, 7, 20, 34891},  // ₇
    {8, 10, 14, 3, 7, 20, 34911},  // ₈
    {8, 10, 14, 3, 7, 20, 34931},  // ₉
    {12, 19, 14, 2, 17, 57, 34951},  // ₫
    {12, 17, 14, 0, 17, 51, 35008},  // €
    {12, 17, 14, 1, 17, 51, 35059},  // ₮
    {12, 17, 14, 1, 17, 51, 35110},  // ₴
    {13, 17, 14, 0, 17, 56, 35161},  // ₽
    {11, 23, 14, 2, 20, 64, 35217},  // ₿
    {14, 14, 14, 0, 15, 49, 35281},  // ←
    {13, 18, 14, 0, 18, 59, 35330},  // ↑
    {14, 14, 14, 0, 15, 49, 35389},  // →
    {13, 18, 14, 0, 17, 59, 35438},  // ↓
    {18, 14, 14, -2, 15, 63, 35497},  // ↔
    {13, 25, 14, 0, 21, 82, 35560},  // ↕
    {12, 12, 14, 1, 17, 36, 35642},  // ↖
    {12, 12, 14, 1, 17, 36, 35678},  // ↗
    {12, 12, 14, 1, 12, 36, 35714},  // ↘
    {12, 12, 14, 1, 12, 36, 35750},  // ↙
    {14, 7, 14, 0, 11, 25, 35786},  // ↝
    {14, 8, 14, 0, 10, 28, 35811},  // ↞
    {14, 8, 14, 0, 10, 28, 35839},  // ↠
    {14, 8, 14, 0, 10, 28, 35867},  // ↢
    {14, 8, 14, 0, 10, 28, 35895},  // ↣
    {10, 13, 14, 2, 13, 33, 35923},  // ↥
    {14, 8, 14, 0, 10, 28, 35956},  // ↦
    {10, 13, 14, 2, 13, 33, 35984},  // ↧
    {14, 15, 14, 0, 17, 53, 36017},  // ↩
    {14, 15, 14, 0, 17, 53, 36070},  // ↪
    {14, 9, 14, 0, 11, 32, 36123},  // ↭
    {7, 24, 14, 5, 20, 42, 36155},  // ↾
    {14, 15, 14, 0, 14, 53, 36197},  // ⇉
    {14, 14, 14, 0, 15, 49, 36250},  // ⇐
    {16, 24, 14, -1, 20, 96, 36299},  // ⇑
    {14, 14, 14, 0, 15, 49, 36395},  // ⇒
    {16, 24, 14, -1, 19, 96, 36444},  // ⇓
    {18, 14, 14, -2, 15, 63, 36540},  // ⇔
    {14, 14, 14, 0, 15, 49, 36603},  // ⇛
    {10, 18, 14, 2, 18, 45, 36652},  // ⇞
    {10, 19, 14, 2, 17, 48, 36697},  // ⇟
    {14, 10, 14, 0, 13, 35, 36745},  // ⇥
    {14, 19, 14, 0, 19, 67, 36780},  // ⇧
    {14, 14, 14, 0, 15, 49, 36847},  // ⇨
    {14, 19, 14, 0, 19, 67, 36896},  // ⇪
    {12, 18, 14, 1, 17, 54, 36963},  // ∀
    {8, 13, 14, 3, 13, 26, 37017},  // ∁
    {10, 17, 14, 2, 17, 43, 37043},  // ∂
    {11, 17, 14, 1, 17, 47, 37086},  // ∃
    {11, 22, 14, 1, 19, 61, 37133},  // ∄
    {16, 17, 14, -1, 17, 68, 37194},  // ∅
    {12, 17, 14, 1, 17, 51, 37262},  // ∆
    {12, 17, 14, 1, 17, 51, 37313},  // ∇
    {14, 13, 14, 0, 15, 46, 37364},  // ∈
    {14, 20, 14, 0, 19, 70, 37410},  // ∉
    {8, 8, 14, 3, 11, 16, 37480},  // ∊
    {14, 13, 14, 0, 15, 46, 37496},  // ∋
    {14, 20, 14, 0, 19, 70, 37542},  // ∌
    {10, 12, 14, 2, 12, 30, 37612},  // ∎
    {13, 21, 14, 0, 17, 69, 37642},  // ∏
    {13, 21, 14, 0, 17, 69, 37711},  // ∐
    {12, 21, 14, 1, 17, 63, 37780},  // ∑
    {8, 2, 14, 3, 9, 4, 37843},  // −
    {12, 14, 14, 1, 13, 42, 37847},  // ∓
    {14, 17, 14, 0, 17, 60, 37889},  // ∕
    {6, 6, 14, 4, 11, 9, 37949},  // ∘
    {4, 4, 14, 5, 10, 4, 37958},  // ∙
    {14, 17, 14, 0, 17, 60, 37962},  // √
    {13, 9, 14, 0, 12, 30, 38022},  // ∞
    {3, 17, 14, 5, 17, 13, 38052},  // ∣
    {9, 17, 14, 2, 17, 39, 38065},  // ∤
    {8, 17, 14, 3, 17, 34, 38104},  // ∥
    {12, 12, 14, 1, 13, 36, 38138},  // ∧
    {12, 12, 14, 1, 13, 36, 38174},  // ∨
    {13, 17, 14, 0, 17, 56, 38210},  // ∩
    {13, 17, 14, 0, 17, 56, 38266},  // ∪
    {13, 21, 14, 0, 17, 69, 38322},  // ∫
    {14, 13, 14, 0, 13, 46, 38391},  // ∴
    {14, 13, 14, 0, 13, 46, 38437},  // ∵
    {5, 13, 14, 4, 13, 17, 38483},  // ∶
    {12, 12, 14, 1, 12, 36, 38500},  // ∷
    {8, 8, 14, 3, 12, 16, 38536},  // ∸
    {14, 10, 14, 0, 12, 35, 38552},  // ∹
    {12, 5, 14, 1, 11, 15, 38587},  // ∼
    {13, 7, 14, 0, 11, 23, 38602},  // ∾
    {12, 9, 14, 1, 13, 27, 38625},  // ≃
    {12, 14, 14, 1, 16, 42, 38652},  // ≅
    {12, 20, 14, 1, 18, 60, 38694},  // ≇
    {12, 10, 14, 1, 13, 30, 38754},  // ≈
    {12, 20, 14, 1, 18, 60, 38784},  // ≉
    {12, 14, 14, 1, 15, 42, 38844},  // ≋
    {12, 10, 14, 1, 13, 30, 38886},  // ≍
    {14, 11, 14, 0, 13, 39, 38916},  // ≔
    {11, 15, 14, 1, 17, 42, 38955},  // ≗
    {11, 17, 14, 1, 19, 47, 38997},  // ≟
    {11, 20, 14, 1, 18, 55, 39044},  // ≠
    {11, 12, 14, 1, 14, 33, 39099},  // ≡
    {11, 18, 14, 1, 17, 50, 39132},  // ≢
    {11, 12, 14, 1, 14, 33, 39182},  // ≣
    {11, 17, 14, 1, 17, 47, 39215},  // ≤
    {11, 17, 14, 1, 17, 47, 39262},  // ≥
    {14, 13, 14, 0, 14, 46, 39309},  // ≪
    {14, 13, 14, 0, 14, 46, 39355},  // ≫
    {8, 16, 14, 3, 14, 32, 39401},  // ≬
    {12, 16, 14, 1, 16, 48, 39433},  // ≭
    {11, 19, 14, 1, 17, 53, 39481},  // ≮
    {11, 19, 14, 1, 17, 53, 39534},  // ≯
    {11, 21, 14, 1, 18, 58, 39587},  // ≰
    {11, 21, 14, 1, 18, 58, 39645},  // ≱
    {12, 17, 14, 1, 17, 51, 39703},  // ≲
    {11, 17, 14, 1, 17, 47, 39754},  // ≳
    {11, 13, 14, 1, 14, 36, 39801},  // ≺
    {12, 13, 14, 1, 14, 39, 39837},  // ≻
    {11, 17, 14, 1, 17, 47, 39876},  // ≼
    {14, 11, 14, 0, 14, 39, 39923},  // ⊂
    {13, 11, 14, 0, 14, 36, 39962},  // ⊃
    {14, 19, 14, 0, 18, 67, 39998},  // ⊄
    {13, 19, 14, 0, 18, 62, 40065},  // ⊅
    {14, 16, 14, 0, 16, 56, 40127},  // ⊆
    {13, 16, 14, 0, 16, 52, 40183},  // ⊇
    {14, 22, 14, 0, 19, 77, 40235},  // ⊈
    {13, 22, 14, 0, 19, 72, 40312},  // ⊉
    {12, 17, 14, 1, 17, 51, 40384},  // ⊎
    {14, 12, 14, 0, 14, 42, 40435},  // ⊏
    {13, 11, 14, 0, 13, 36, 40477},  // ⊐
    {14, 16, 14, 0, 16, 56, 40513},  // ⊑
    {13, 16, 14, 0, 16, 52, 40569},  // ⊒
    {12, 13, 14, 1, 12, 39, 40621},  // ⊓
    {12, 13, 14, 1, 13, 39, 40660},  // ⊔
    {16, 14, 14, -1, 15, 56, 40699},  // ⊕
    {16, 14, 14, -1, 15, 56, 40755},  // ⊖
    {16, 15, 14, -1, 15, 60, 40811},  // ⊗
    {16, 15, 14, -1, 15, 60, 40871},  // ⊘
    {16, 14, 14, -1, 14, 56, 40931},  // ⊙
    {16, 15, 14, -1, 15, 60, 40987},  // ⊛
    {16, 15, 14, -1, 15, 60, 41047},  // ⊜
    {16, 15, 14, -1, 15, 60, 41107},  // ⊝
    {14, 14, 14, 0, 15, 49, 41167},  // ⊞
    {14, 15, 14, 0, 15, 53, 41216},  // ⊟
    {14, 15, 14, 0, 15, 53, 41269},  // ⊠
    {14, 15, 14, 0, 15, 53, 41322},  // ⊡
    {14, 14, 14, 0, 14, 49, 41375},  // ⊢
    {14, 14, 14, 0, 14, 49, 41424},  // ⊣
    {14, 14, 14, 0, 14, 49, 41473},  // ⊤
    {14, 14, 14, 0, 14, 49, 41522},  // ⊥
    {11, 17, 14, 1, 17, 47, 41571},  // ⊴
    {14, 4, 14, 0, 9, 14, 41618},  // ⊸
    {12, 16, 14, 1, 16, 48, 41632},  // ⊻
    {12, 16, 14, 1, 18, 48, 41680},  // ⊼
    {12, 16, 14, 1, 18, 48, 41728},  // ⊽
    {13, 17, 14, 0, 17, 56, 41776},  // ⋂
    {13, 17, 14, 0, 17, 56, 41832},  // ⋃
    {8, 7, 14, 3, 11, 14, 41888},  // ⋄
    {6, 7, 14, 4, 12, 11, 41902},  // ⋆
    {14, 15, 14, 0, 16, 53, 41913},  // ⋈
    {14, 15, 14, 0, 16, 53, 41966},  // ⋉
    {14, 15, 14, 0, 16, 53, 42019},  // ⋊
    {14, 13, 14, 0, 13, 46, 42072},  // ⋎
    {13, 14, 14, 0, 16, 46, 42118},  // ⋐
    {14, 22, 14, 0, 19, 77, 42164},  // ⋢
    {4, 15, 14, 5, 16, 15, 42241},  // ⋮
    {16, 3, 14, -1, 9, 12, 42256},  // ⋯
    {16, 15, 14, -1, 16, 60, 42268},  // ⋰
    {16, 15, 14, -1, 16, 60, 42328},  // ⋱
    {16, 17, 14, -1, 17, 68, 42388},  // REPLACEMENT
};

static const EpdUnicodeInterval PROGMEM jetbrains_mono_11_2bIntervals[] = {
    {0xD, 0xD, 0x0},     {0x20, 0x7E, 0x1},     {0xA0, 0x131, 0x60},     {0x134, 0x17F, 0xF2},
    {0x18F, 0x190, 0x13E},     {0x192, 0x192, 0x140},     {0x19B, 0x19B, 0x141},     {0x1A0, 0x1A1, 0x142},
    {0x1AF, 0x1B0, 0x144},     {0x1CD, 0x1CE, 0x146},     {0x1D0, 0x1D0, 0x148},     {0x1D2, 0x1D2, 0x149},
    {0x1D4, 0x1D4, 0x14A},     {0x1D6, 0x1D6, 0x14B},     {0x1D8, 0x1D8, 0x14C},     {0x1DA, 0x1DA, 0x14D},
    {0x1DC, 0x1DC, 0x14E},     {0x1E6, 0x1E7, 0x14F},     {0x1EA, 0x1EB, 0x151},     {0x1F4, 0x1F5, 0x153},
    {0x1FC, 0x1FF, 0x155},     {0x218, 0x21B, 0x159},     {0x232, 0x233, 0x15D},     {0x237, 0x237, 0x15F},
    {0x259, 0x259, 0x160},     {0x300, 0x304, 0x161},     {0x306, 0x30C, 0x166},     {0x30F, 0x30F, 0x16D},
    {0x312, 0x312, 0x16E},     {0x31B, 0x31B, 0x16F},     {0x323, 0x323, 0x170},     {0x325, 0x328, 0x171},
    {0x336, 0x338, 0x175},     {0x374, 0x375, 0x178},     {0x37E, 0x37E, 0x17A},     {0x384, 0x38A, 0x17B},
    {0x38C, 0x38C, 0x182},     {0x38E, 0x3A1, 0x183},     {0x3A3, 0x3CF, 0x197},     {0x3D5, 0x3D7, 0x1C4},
    {0x401, 0x40C, 0x1C7},     {0x40E, 0x44F, 0x1D3},     {0x451, 0x45C, 0x215},     {0x45E, 0x45F, 0x221},
    {0x490, 0x493, 0x223},     {0x49A, 0x49B, 0x227},     {0x4A2, 0x4A3, 0x229},     {0x4AE, 0x4B1, 0x22B},
    {0x4B6, 0x4B7, 0x22F},     {0x4BA, 0x4BB, 0x231},     {0x4D8, 0x4D9, 0x233},     {0x4DC, 0x4DF, 0x235},
    {0x4E4, 0x4E9, 0x239},     {0x4F4, 0x4F5, 0x23F},     {0x1E80, 0x1E85, 0x241},     {0x1E9E, 0x1E9E, 0x247},
    {0x1EA0, 0x1EF9, 0x248},     {0x2001, 0x2001, 0x2A2},     {0x200B, 0x200B, 0x2A3},     {0x2010, 0x2010, 0x2A4},
    {0x2013, 0x2014, 0x2A5},     {0x2016, 0x2016, 0x2A7},     {0x2018, 0x2022, 0x2A8},     {0x2024, 0x2024, 0x2B3},
    {0x2026, 0x2026, 0x2B4},     {0x2030, 0x2030, 0x2B5},     {0x2032, 0x2034, 0x2B6},     {0x2039, 0x203A, 0x2B9},
    {0x203C, 0x203F, 0x2BB},     {0x2044, 0x2046, 0x2BF},     {0x2070, 0x2070, 0x2C2},     {0x2074, 0x207A, 0x2C3},
    {0x207C, 0x207C, 0x2CA},     {0x2080, 0x2089, 0x2CB},     {0x20AB, 0x20AC, 0x2D5},     {0x20AE, 0x20AE, 0x2D7},
    {0x20B4, 0x20B4, 0x2D8},     {0x20BD, 0x20BD, 0x2D9},     {0x20BF, 0x20BF, 0x2DA},     {0x2190, 0x2199, 0x2DB},
    {0x219D, 0x219E, 0x2E5},     {0x21A0, 0x21A0, 0x2E7},     {0x21A2, 0x21A3, 0x2E8},     {0x21A5, 0x21A7, 0x2EA},
    {0x21A9, 0x21AA, 0x2ED},     {0x21AD, 0x21AD, 0x2EF},     {0x21BE, 0x21BE, 0x2F0},     {0x21C9, 0x21C9, 0x2F1},
    {0x21D0, 0x21D4, 0x2F2},     {0x21DB, 0x21DB, 0x2F7},     {0x21DE, 0x21DF, 0x2F8},     {0x21E5, 0x21E5, 0x2FA},
    {0x21E7, 0x21E8, 0x2FB},     {0x21EA, 0x21EA, 0x2FD},     {0x2200, 0x220C, 0x2FE},     {0x220E, 0x2213, 0x30B},
    {0x2215, 0x2215, 0x311},     {0x2218, 0x221A, 0x312},     {0x221E, 0x221E, 0x315},     {0x2223, 0x2225, 0x316},
    {0x2227, 0x222B, 0x319},     {0x2234, 0x2239, 0x31E},     {0x223C, 0x223C, 0x324},     {0x223E, 0x223E, 0x325},
    {0x2243, 0x2243, 0x326},     {0x2245, 0x2245, 0x327},     {0x2247, 0x2249, 0x328},     {0x224B, 0x224B, 0x32B},
    {0x224D, 0x224D, 0x32C},     {0x2254, 0x2254, 0x32D},     {0x2257, 0x2257, 0x32E},     {0x225F, 0x2265, 0x32F},
    {0x226A, 0x2273, 0x336},     {0x227A, 0x227C, 0x340},     {0x2282, 0x2289, 0x343},     {0x228E, 0x2299, 0x34B},
    {0x229B, 0x22A5, 0x357},     {0x22B4, 0x22B4, 0x362},     {0x22B8, 0x22B8, 0x363},     {0x22BB, 0x22BD, 0x364},
    {0x22C2, 0x22C4, 0x367},     {0x22C6, 0x22C6, 0x36A},     {0x22C8, 0x22CA, 0x36B},     {0x22CE, 0x22CE, 0x36E},
    {0x22D0, 0x22D0, 0x36F},     {0x22E2, 0x22E2, 0x370},     {0x22EE, 0x22F1, 0x371},     {0xFFFD, 0xFFFD, 0x375},
};

static const EpdFontData jetbrains_mono_11_2b = {
    jetbrains_mono_11_2bBitmaps, jetbrains_mono_11_2bGlyphs, jetbrains_mono_11_2bIntervals, 128, 30, 24, -7, true,
};
