/*
 * SIL OPEN FONT LICENSE 1.1 — bundled font notice (required by §56-61).
 *
 * Based on Literata by Type Network for Google Fonts. SIL OFL 1.1.
 * Full license: scripts/literata/OFL.txt
 *
 * Embedded in the snapix firmware as a derivative work — format conversion
 * (TTF → C array) is permitted under OFL §39-42.
 */
/**
 * generated by fontconvert.py
 * name: literata_11_2b
 * size: 11
 * mode: 2-bit
 */
#pragma once
#include "EpdFontData.h"

static const uint8_t PROGMEM literata_11_2bBitmaps[16910] = {
    0x10, 0xBC, 0xFC, 0xBC, 0xBC, 0x7C, 0x78, 0x38, 0x34, 0x34, 0x34, 0x34, 0x20, 0x00, 0x78, 0xFC,
    0xBC, 0x10, 0x38, 0xB1, 0xE3, 0xC3, 0x8F, 0x0D, 0x2C, 0x30, 0x60, 0x40, 0x00, 0x00, 0x50, 0x08,
    0x00, 0x0D, 0x01, 0xC0, 0x00, 0xC0, 0x28, 0x02, 0xAE, 0xAB, 0xE8, 0x2A, 0xEA, 0xBA, 0x80, 0x18,
    0x03, 0x00, 0x02, 0x80, 0x30, 0x00, 0x34, 0x07, 0x00, 0x57, 0x95, 0xB5, 0x4B, 0xFF, 0xFF, 0xF4,
    0x07, 0x00, 0xD0, 0x00, 0x70, 0x0D, 0x00, 0x0A, 0x00, 0xC0, 0x00, 0x00, 0x00, 0x00, 0x00, 0x34,
    0x00, 0x00, 0x78, 0x10, 0x07, 0xFF, 0x74, 0x2E, 0x35, 0xF8, 0x3C, 0x34, 0x78, 0x7C, 0x34, 0x3C,
    0x7C, 0x34, 0x04, 0x3F, 0x34, 0x00, 0x2F, 0xF8, 0x00, 0x07, 0xFF, 0x80, 0x00, 0x7F, 0xF0, 0x00,
    0x3A, 0xFC, 0x00, 0x34, 0xBC, 0xA0, 0x34, 0x3C, 0xF0, 0x34, 0x3C, 0xBC, 0x34, 0x78, 0xBF, 0x79,
    0xF0, 0xA3, 0xFF, 0xC0, 0x00, 0x38, 0x00, 0x00, 0x34, 0x00, 0x00, 0x00, 0x00, 0x06, 0x90, 0x00,
    0x90, 0x03, 0xEF, 0x40, 0x2C, 0x00, 0xB0, 0x3C, 0x07, 0x40, 0x0F, 0x02, 0xC0, 0xF0, 0x00, 0xF0,
    0x2C, 0x1C, 0x00, 0x0B, 0x43, 0xC3, 0x80, 0x00, 0x3E, 0xF4, 0xB0, 0x00, 0x00, 0xA8, 0x1D, 0x1F,
    0xE0, 0x00, 0x03, 0xC3, 0x87, 0xC0, 0x00, 0x70, 0xB0, 0x2D, 0x00, 0x0E, 0x0B, 0x01, 0xD0, 0x02,
    0xC0, 0xB0, 0x2D, 0x00, 0x34, 0x07, 0x83, 0xC0, 0x0F, 0x00, 0x2F, 0xF0, 0x00, 0x40, 0x00, 0x10,
    0x00, 0x00, 0x14, 0x00, 0x00, 0x00, 0xBF, 0xE0, 0x00, 0x00, 0x78, 0x1D, 0x00, 0x00, 0x3C, 0x03,
    0x80, 0x00, 0x0F, 0x00, 0xE0, 0x00, 0x03, 0xD0, 0x74, 0x00, 0x00, 0x7C, 0x38, 0x07, 0xF0, 0x0F,
    0xF4, 0x03, 0xBD, 0x02, 0xFC, 0x02, 0x86, 0x07, 0xCF, 0xC0, 0xC0, 0x03, 0xC0, 0xFC, 0x70, 0x02,
    0xE0, 0x0F, 0xF4, 0x00, 0xB8, 0x00, 0xFD, 0x00, 0x2E, 0x00, 0x0F, 0xC0, 0x07, 0xC0, 0x03, 0xFD,
    0x18, 0xFD, 0x07, 0xCB, 0xFC, 0x0B, 0xFF, 0x80, 0x78, 0x00, 0x05, 0x00, 0x00, 0x00, 0x39, 0xE3,
    0x8D, 0x30, 0x40, 0x00, 0x20, 0x03, 0x80, 0x1C, 0x00, 0xE0, 0x0B, 0x00, 0x3C, 0x01, 0xE0, 0x0B,
    0x40, 0x3C, 0x00, 0xF0, 0x03, 0xC0, 0x1F, 0x00, 0x7C, 0x00, 0xF0, 0x03, 0xC0, 0x0F, 0x00, 0x2D,
    0x00, 0x78, 0x00, 0xF0, 0x02, 0xD0, 0x03, 0x80, 0x0B, 0x00, 0x0E, 0x00, 0x04, 0x20, 0x03, 0x80,
    0x2C, 0x00, 0xF0, 0x0B, 0x40, 0x78, 0x03, 0xC0, 0x3D, 0x02, 0xE0, 0x1E, 0x01, 0xF0, 0x1F, 0x01,
    0xF0, 0x1F, 0x01, 0xE0, 0x2E, 0x03, 0xD0, 0x3C, 0x07, 0x80, 0xB0, 0x0E, 0x01, 0xC0, 0x34, 0x01,
    0x00, 0x01, 0xC0, 0x00, 0xB0, 0x0B, 0x58, 0xF0, 0xBA, 0xF4, 0x07, 0xD0, 0x1F, 0xAF, 0x4B, 0x28,
    0xB0, 0x0B, 0x00, 0x01, 0x40, 0x00, 0x00, 0x34, 0x00, 0x00, 0xD0, 0x00, 0x03, 0x40, 0x00, 0x0D,
    0x00, 0x3F, 0xFF, 0xF4, 0xAA, 0xFA, 0x90, 0x03, 0x40, 0x00, 0x0D, 0x00, 0x00, 0x34, 0x00, 0x00,
    0xD0, 0x00, 0x00, 0x00, 0x00, 0x78, 0xFD, 0xBE, 0x0D, 0x2C, 0x74, 0x80, 0xAA, 0xA3, 0xFF, 0xC5,
    0x55, 0x00, 0x00, 0x7C, 0xFE, 0xBD, 0x10, 0x00, 0x00, 0x40, 0x00, 0x1C, 0x00, 0x03, 0x80, 0x00,
    0x34, 0x00, 0x07, 0x00, 0x00, 0xE0, 0x00, 0x0C, 0x00, 0x02, 0xC0, 0x00, 0x38, 0x00, 0x07, 0x00,
    0x00, 0xB0, 0x00, 0x0D, 0x00, 0x01, 0xC0, 0x00, 0x2C, 0x00, 0x03, 0x40, 0x00, 0x70, 0x00, 0x0E,
    0x00, 0x00, 0xD0, 0x00, 0x1C, 0x00, 0x03, 0x80, 0x00, 0x34, 0x00, 0x02, 0x00, 0x00, 0x00, 0x05,
    0x00, 0x00, 0x7F, 0xF8, 0x00, 0x7C, 0x0F, 0x80, 0x3C, 0x00, 0xF4, 0x1E, 0x00, 0x1F, 0x0F, 0x40,
    0x03, 0xC3, 0xD0, 0x00, 0xF4, 0xF0, 0x00, 0x3D, 0x3C, 0x00, 0x0F, 0x4F, 0x00, 0x03, 0xD3, 0xC0,
    0x00, 0xF4, 0xF4, 0x00, 0x3C, 0x3E, 0x00, 0x0F, 0x0B, 0xC0, 0x07, 0x80, 0xF4, 0x03, 0xC0, 0x1F,
    0x47, 0xD0, 0x01, 0xFF, 0xD0, 0x00, 0x01, 0x00, 0x00, 0x00, 0x10, 0x0B, 0xFC, 0x02, 0xBF, 0x00,
    0x07, 0xC0, 0x01, 0xF0, 0x00, 0x7C, 0x00, 0x1F, 0x00, 0x07, 0xC0, 0x01, 0xF0, 0x00, 0x7C, 0x00,
    0x1F, 0x00, 0x07, 0xC0, 0x01, 0xF0, 0x00, 0x7C, 0x00, 0x1F, 0x00, 0x1B, 0xE4, 0x3F, 0xFF, 0xC0,
    0x00, 0x54, 0x00, 0x2F, 0xFE, 0x03, 0xE0, 0x7E, 0x1F, 0x00, 0x7C, 0x7D, 0x00, 0xF4, 0x50, 0x03,
    0xD0, 0x00, 0x0F, 0x00, 0x00, 0xBC, 0x00, 0x03, 0xD0, 0x00, 0x3E, 0x00, 0x02, 0xE0, 0x00, 0x2E,
    0x00, 0x01, 0xE0, 0x04, 0x1E, 0x00, 0xE1, 0xE0, 0x0B, 0x8F, 0xFF, 0xFE, 0x3F, 0xFF, 0xF4, 0x00,
    0x14, 0x00, 0x07, 0xFF, 0xC0, 0x1F, 0x42, 0xF0, 0x2E, 0x00, 0xF4, 0x2F, 0x00, 0xB8, 0x09, 0x00,
    0xF4, 0x00, 0x00, 0xF0, 0x00, 0x07, 0xC0, 0x00, 0x7F, 0x00, 0x00, 0x1B, 0xE0, 0x00, 0x00, 0xF8,
    0x00, 0x00, 0x7C, 0x00, 0x00, 0x7C, 0x10, 0x00, 0x7C, 0x38, 0x00, 0xF8, 0x2F, 0x9B, 0xF0, 0x07,
    0xFF, 0x80, 0x00, 0x10, 0x00, 0x00, 0x00, 0x00, 0x00, 0x00, 0xF8, 0x00, 0x00, 0xBE, 0x00, 0x00,
    0x3F, 0x80, 0x00, 0x3E, 0xE0, 0x00, 0x2C, 0xB8, 0x00, 0x0D, 0x2E, 0x00, 0x0F, 0x0B, 0x80, 0x07,
    0x02, 0xE0, 0x03, 0x40, 0xB8, 0x03, 0xC0, 0x2E, 0x01, 0xE5, 0x5F, 0xD4, 0xBF, 0xFF, 0xFF, 0x00,
    0x00, 0xB8, 0x00, 0x00, 0x2E, 0x00, 0x00, 0x1F, 0xD0, 0x00, 0x7F, 0xFF, 0x00, 0x00, 0x00, 0x00,
    0x2F, 0xFF, 0xD0, 0xFF, 0xFF, 0x03, 0x80, 0x00, 0x0D, 0x00, 0x00, 0x34, 0x00, 0x00, 0xC0, 0x00,
    0x07, 0xBF, 0xE0, 0x1F, 0xAB, 0xF0, 0x00, 0x07, 0xD0, 0x00, 0x0F, 0xC0, 0x00, 0x2F, 0x00, 0x00,
    0xBC, 0x40, 0x03, 0xE7, 0x40, 0x1F, 0x4F, 0xEA, 0xF8, 0x0B, 0xFF, 0x40, 0x01, 0x40, 0x00, 0x00,
    0x01, 0x40, 0x00, 0xBF, 0xF8, 0x02, 0xE0, 0x3D, 0x0B, 0x80, 0x3E, 0x0F, 0x00, 0x28, 0x1E, 0x00,
    0x00, 0x3D, 0x05, 0x00, 0x3D, 0xBF, 0xE0, 0x3F, 0x91, 0xF8, 0x3E, 0x00, 0x7C, 0x3C, 0x00, 0x3D,
    0x3C, 0x00, 0x3D, 0x3C, 0x00, 0x3D, 0x3D, 0x00, 0x3C, 0x1E, 0x00, 0x7C, 0x0F, 0x40, 0xF4, 0x02,
    0xFF, 0xC0, 0x00, 0x04, 0x00, 0x00, 0x00, 0x00, 0x7F, 0xFF, 0xFC, 0x7F, 0xFF, 0xFC, 0x78, 0x00,
    0x34, 0xB0, 0x00, 0xF0, 0x00, 0x02, 0xC0, 0x00, 0x03, 0x80, 0x00, 0x0F, 0x00, 0x00, 0x1E, 0x00,
    0x00, 0x3D, 0x00, 0x00, 0x3C, 0x00, 0x00, 0x7C, 0x00, 0x00, 0xF8, 0x00, 0x00, 0xF8, 0x00, 0x00,
    0xF4, 0x00, 0x00, 0xF4, 0x00, 0x01, 0xF4, 0x00, 0x00, 0x00, 0x00, 0x00, 0x15, 0x00, 0x03, 0xFF,
    0xE0, 0x0F, 0x40, 0xF8, 0x1E, 0x00, 0x3C, 0x2D, 0x00, 0x3C, 0x2F, 0x00, 0x3C, 0x1F, 0xC0, 0xB0,
    0x07, 0xFA, 0xD0, 0x00, 0xFF, 0xD0, 0x0B, 0xDB, 0xF8, 0x2F, 0x00, 0xFD, 0x3C, 0x00, 0x3E, 0x7C,
    0x00, 0x2F, 0x7C, 0x00, 0x2E, 0x3D, 0x00, 0x3D, 0x2F, 0x40, 0xB8, 0x07, 0xFF, 0xD0, 0x00, 0x14,
    0x00, 0x00, 0x14, 0x00, 0x07, 0xFF, 0xC0, 0x1F, 0x01, 0xF0, 0x3D, 0x00, 0xB8, 0x3C, 0x00, 0x7C,
    0x7C, 0x00, 0x3C, 0x7C, 0x00, 0x3C, 0x7C, 0x00, 0x7C, 0x3D, 0x00, 0xFC, 0x2F, 0x97, 0xFC, 0x0B,
    0xFE, 0x7C, 0x00, 0x50, 0x7C, 0x00, 0x00, 0xB8, 0x00, 0x00, 0xF4, 0x20, 0x02, 0xF0, 0x3E, 0x5F,
    0xD0, 0x0B, 0xFF, 0x40, 0x00, 0x50, 0x00, 0x7C, 0xFE, 0xFD, 0x14, 0x00, 0x00, 0x00, 0x00, 0x00,
    0x7C, 0xFE, 0xBD, 0x10, 0x1E, 0x0F, 0xD3, 0xF0, 0x14, 0x00, 0x00, 0x00, 0x00, 0x00, 0x00, 0x07,
    0x83, 0xF4, 0xBE, 0x03, 0x42, 0xC1, 0xD0, 0x80, 0x00, 0x00, 0x00, 0x00, 0x0A, 0x00, 0x0B, 0xC0,
    0x07, 0xD0, 0x02, 0xE0, 0x02, 0xF0, 0x00, 0x7C, 0x00, 0x02, 0xF4, 0x00, 0x02, 0xE0, 0x00, 0x07,
    0xE0, 0x00, 0x0B, 0xD0, 0x00, 0x0A, 0x00, 0x00, 0x00, 0x2A, 0xAA, 0xA4, 0xAA, 0xAA, 0x90, 0x00,
    0x00, 0x00, 0x00, 0x00, 0x2A, 0xAA, 0xA4, 0xFF, 0xFF, 0xD0, 0x00, 0x00, 0x07, 0x40, 0x00, 0x2E,
    0x00, 0x00, 0x3E, 0x00, 0x00, 0x7D, 0x00, 0x00, 0xB8, 0x00, 0x01, 0xE0, 0x00, 0xB8, 0x00, 0x7D,
    0x00, 0x7E, 0x00, 0x2E, 0x00, 0x07, 0x40, 0x00, 0x00, 0x00, 0x00, 0x00, 0x50, 0x00, 0xFF, 0xF0,
    0x3C, 0x0B, 0xC7, 0xC0, 0x3D, 0x7C, 0x03, 0xD0, 0x00, 0x7C, 0x00, 0x0F, 0x80, 0x03, 0xF0, 0x00,
    0xBC, 0x00, 0x0F, 0x00, 0x00, 0xD0, 0x00, 0x0C, 0x00, 0x00, 0x80, 0x00, 0x00, 0x00, 0x01, 0xE0,
    0x00, 0x3F, 0x00, 0x03, 0xF0, 0x00, 0x04, 0x00, 0x00, 0x00, 0x00, 0x00, 0x00, 0x01, 0xBF, 0xF8,
    0x00, 0x01, 0xF9, 0x45, 0xF8, 0x00, 0x78, 0x00, 0x01, 0xE0, 0x0E, 0x00, 0x00, 0x07, 0x43, 0xC0,
    0x7F, 0xE8, 0x38, 0x34, 0x1E, 0x07, 0x81, 0xC7, 0x03, 0xC0, 0x78, 0x0C, 0xB0, 0x74, 0x0F, 0x80,
    0xCA, 0x0B, 0x00, 0xF4, 0x0C, 0xB0, 0xB0, 0x1B, 0x41, 0xCB, 0x0B, 0x03, 0x74, 0x38, 0x70, 0x78,
    0xB3, 0x4B, 0x03, 0x42, 0xFC, 0x3F, 0xC0, 0x2C, 0x00, 0x00, 0x00, 0x00, 0xF0, 0x00, 0x01, 0x00,
    0x03, 0xE4, 0x06, 0xE0, 0x00, 0x06, 0xFF, 0xE0, 0x00, 0x00, 0x00, 0x00, 0x00, 0x00, 0x00, 0x00,
    0x00, 0x00, 0x00, 0x00, 0xFC, 0x00, 0x00, 0x00, 0x3F, 0x40, 0x00, 0x00, 0x2E, 0xE0, 0x00, 0x00,
    0x0D, 0x7C, 0x00, 0x00, 0x07, 0x0F, 0x40, 0x00, 0x02, 0xC2, 0xE0, 0x00, 0x00, 0xD0, 0x7C, 0x00,
    0x00, 0x70, 0x0F, 0x40, 0x00, 0x2C, 0x02, 0xE0, 0x00, 0x0F, 0xAA, 0xBC, 0x00, 0x07, 0xAA, 0xAF,
    0x40, 0x03, 0x80, 0x02, 0xF0, 0x00, 0xD0, 0x00, 0x7C, 0x00, 0xB0, 0x00, 0x0F, 0x80, 0x7D, 0x00,
    0x03, 0xF4, 0xBF, 0xF0, 0x0B, 0xFF, 0x40, 0x00, 0x00, 0x00, 0x0B, 0xFF, 0xFE, 0x00, 0x0F, 0xC1,
    0xBD, 0x00, 0xB8, 0x02, 0xF0, 0x0B, 0x80, 0x1F, 0x00, 0xB8, 0x01, 0xF0, 0x0B, 0x80, 0x2E, 0x00,
    0xB8, 0x0B, 0x80, 0x0B, 0xFF, 0xE0, 0x00, 0xBD, 0x5B, 0xE0, 0x0B, 0x80, 0x0F, 0x80, 0xB8, 0x00,
    0x7C, 0x0B, 0x80, 0x07, 0xC0, 0xB8, 0x00, 0xBC, 0x0B, 0x80, 0x0F, 0x80, 0xFD, 0x5B, 0xE0, 0xBF,
    0xFF, 0xE0, 0x00, 0x00, 0x05, 0x40, 0x40, 0x0F, 0xFF, 0xA8, 0x07, 0xD0, 0x1F, 0xC1, 0xF0, 0x00,
    0x3C, 0x3D, 0x00, 0x01, 0xC7, 0xC0, 0x00, 0x0D, 0xBC, 0x00, 0x00, 0x0B, 0x80, 0x00, 0x00, 0xF8,
    0x00, 0x00, 0x0F, 0x80, 0x00, 0x00, 0xB8, 0x00, 0x00, 0x0B, 0xC0, 0x00, 0x00, 0x3D, 0x00, 0x00,
    0x03, 0xF0, 0x00, 0x05, 0x0F, 0x80, 0x01, 0xD0, 0x7F, 0x55, 0xF4, 0x00, 0xBF, 0xF8, 0x00, 0x00,
    0x10, 0x00, 0x00, 0x00, 0x00, 0x00, 0xBF, 0xFF, 0xF8, 0x00, 0x0F, 0xC0, 0x6F, 0x80, 0x0B, 0x80,
    0x03, 0xF0, 0x0B, 0x80, 0x00, 0xF4, 0x0B, 0x80, 0x00, 0xBC, 0x0B, 0x80, 0x00, 0x7C, 0x0B, 0x80,
    0x00, 0x3D, 0x0B, 0x80, 0x00, 0x3D, 0x0B, 0x80, 0x00, 0x3D, 0x0B, 0x80, 0x00, 0x3C, 0x0B, 0x80,
    0x00, 0x7C, 0x0B, 0x80, 0x00, 0xB8, 0x0B, 0x80, 0x01, 0xF0, 0x0B, 0x80, 0x07, 0xC0, 0x0F, 0xD1,
    0x7F, 0x00, 0xBF, 0xFF, 0xE4, 0x00, 0x00, 0x00, 0x00, 0x2F, 0xFF, 0xFF, 0x00, 0xFC, 0x07, 0xD0,
    0x2E, 0x00, 0x38, 0x0B, 0x80, 0x0A, 0x02, 0xE0, 0x00, 0x00, 0xB8, 0x02, 0x00, 0x2E, 0x02, 0xC0,
    0x0B, 0xFF, 0xF0, 0x02, 0xFA, 0xBC, 0x00, 0xB8, 0x07, 0x00, 0x2E, 0x00, 0x40, 0x0B, 0x80, 0x00,
    0x02, 0xE0, 0x00, 0xD0, 0xB8, 0x00, 0x70, 0x3F, 0x01, 0xBC, 0xBF, 0xFF, 0xFF, 0x00, 0x00, 0x00,
    0x00, 0x2F, 0xFF, 0xFF, 0x40, 0xFC, 0x07, 0xE0, 0x2E, 0x00, 0x3C, 0x0B, 0x80, 0x07, 0x02, 0xE0,
    0x00, 0x00, 0xB8, 0x01, 0x00, 0x2E, 0x01, 0xC0, 0x0B, 0xD5, 0xF0, 0x02, 0xFF, 0xFC, 0x00, 0xB8,
    0x0B, 0x00, 0x2E, 0x01, 0xC0, 0x0B, 0x80, 0x00, 0x02, 0xE0, 0x00, 0x00, 0xB8, 0x00, 0x00, 0x3F,
    0x40, 0x00, 0xBF, 0xFC, 0x00, 0x00, 0x00, 0x05, 0x40, 0x40, 0x00, 0xFF, 0xFA, 0xC0, 0x07, 0xD0,
    0x1F, 0xC0, 0x0F, 0x00, 0x03, 0xC0, 0x3D, 0x00, 0x01, 0xD0, 0x3C, 0x00, 0x00, 0xE0, 0xBC, 0x00,
    0x00, 0x00, 0xB8, 0x00, 0x00, 0x00, 0xF8, 0x00, 0x00, 0x00, 0xF8, 0x00, 0x1A, 0xA9, 0xB8, 0x00,
    0x1B, 0xF8, 0xBC, 0x00, 0x02, 0xE0, 0x7C, 0x00, 0x02, 0xE0, 0x3E, 0x00, 0x02, 0xE0, 0x0F, 0x40,
    0x03, 0xE0, 0x07, 0xE4, 0x5F, 0xE0, 0x00, 0xBF, 0xFC, 0xA0, 0x00, 0x05, 0x00, 0x00, 0x00, 0x00,
    0x00, 0x00, 0x2F, 0xFF, 0x02, 0xFF, 0xF0, 0xFC, 0x00, 0x0B, 0xC0, 0x2E, 0x00, 0x01, 0xF0, 0x0B,
    0x80, 0x00, 0x7C, 0x02, 0xE0, 0x00, 0x1F, 0x00, 0xB8, 0x00, 0x07, 0xC0, 0x2E, 0x00, 0x01, 0xF0,
    0x0B, 0xFF, 0xFF, 0xFC, 0x02, 0xF5, 0x55, 0x6F, 0x00, 0xB8, 0x00, 0x07, 0xC0, 0x2E, 0x00, 0x01,
    0xF0, 0x0B, 0x80, 0x00, 0x7C, 0x02, 0xE0, 0x00, 0x1F, 0x00, 0xB8, 0x00, 0x07, 0xC0, 0x3F, 0x40,
    0x03, 0xF4, 0xBF, 0xFC, 0x0B, 0xFF, 0xC0, 0x00, 0x02, 0xFF, 0xF0, 0xBC, 0x01, 0xF0, 0x07, 0xC0,
    0x1F, 0x00, 0x7C, 0x01, 0xF0, 0x07, 0xC0, 0x1F, 0x00, 0x7C, 0x01, 0xF0, 0x07, 0xC0, 0x1F, 0x00,
    0x7C, 0x02, 0xF4, 0xBF, 0xFC, 0x00, 0x00, 0x00, 0x00, 0x3F, 0xFF, 0x00, 0x02, 0xF4, 0x00, 0x01,
    0xF0, 0x00, 0x01, 0xF0, 0x00, 0x01, 0xF0, 0x00, 0x01, 0xF0, 0x00, 0x01, 0xF0, 0x00, 0x01, 0xF0,
    0x00, 0x01, 0xF0, 0x00, 0x01, 0xF0, 0x00, 0x01, 0xF0, 0x04, 0x01, 0xF0, 0x2F, 0x02, 0xE0, 0x3F,
    0x03, 0xD0, 0x3E, 0x0B, 0xC0, 0x0F, 0xFE, 0x00, 0x00, 0x50, 0x00, 0x00, 0x00, 0x00, 0x00, 0xBF,
    0xFC, 0x3F, 0xF8, 0x0B, 0xD0, 0x0B, 0xD0, 0x07, 0xC0, 0x0B, 0x00, 0x07, 0xC0, 0x2C, 0x00, 0x07,
    0xC0, 0xB0, 0x00, 0x07, 0xC2, 0xC0, 0x00, 0x07, 0xCB, 0x00, 0x00, 0x07, 0xEF, 0x00, 0x00, 0x07,
    0xFB, 0xC0, 0x00, 0x07, 0xC3, 0xE0, 0x00, 0x07, 0xC1, 0xF0, 0x00, 0x07, 0xC0, 0xFC, 0x00, 0x07,
    0xC0, 0x3E, 0x00, 0x07, 0xC0, 0x2F, 0x40, 0x0B, 0xD0, 0x0F, 0xD0, 0xBF, 0xFC, 0x03, 0xFE, 0x00,
    0x00, 0x00, 0x10, 0x00, 0x00, 0x00, 0x2F, 0xFF, 0x00, 0x00, 0xFC, 0x00, 0x00, 0x2E, 0x00, 0x00,
    0x0B, 0x80, 0x00, 0x02, 0xE0, 0x00, 0x00, 0xB8, 0x00, 0x00, 0x2E, 0x00, 0x00, 0x0B, 0x80, 0x00,
    0x02, 0xE0, 0x00, 0x00, 0xB8, 0x00, 0x00, 0x2E, 0x00, 0x00, 0x0B, 0x80, 0x03, 0x02, 0xE0, 0x02,
    0xC0, 0xB8, 0x00, 0xF0, 0x3F, 0x05, 0xFC, 0xBF, 0xFF, 0xFE, 0x00, 0x00, 0x00, 0x00, 0x00, 0x00,
    0x0F, 0xFE, 0x00, 0x02, 0xFF, 0xC0, 0x3F, 0xC0, 0x00, 0xFF, 0x00, 0x0F, 0xF4, 0x00, 0x7B, 0xC0,
    0x03, 0xAE, 0x00, 0x2D, 0xF0, 0x00, 0xE3, 0xC0, 0x0D, 0x7C, 0x00, 0x38, 0xF4, 0x07, 0x1F, 0x00,
    0x0E, 0x1E, 0x02, 0xC3, 0xC0, 0x03, 0x43, 0xC0, 0xD0, 0xF0, 0x00, 0xD0, 0xF4, 0x70, 0x3C, 0x00,
    0x34, 0x1E, 0x38, 0x0F, 0x00, 0x1D, 0x03, 0xDD, 0x03, 0xD0, 0x07, 0x00, 0xBF, 0x00, 0xF4, 0x01,
    0xC0, 0x1F, 0x80, 0x3D, 0x00, 0x70, 0x01, 0x40, 0x0F, 0x40, 0x3D, 0x00, 0x00, 0x07, 0xF0, 0x7F,
    0xF0, 0x00, 0x0F, 0xFF, 0x80, 0x00, 0x00, 0x00, 0x00, 0x2F, 0xFC, 0x00, 0xFF, 0xE0, 0xFF, 0x40,
    0x07, 0xC0, 0x2E, 0xF0, 0x00, 0xE0, 0x0B, 0x3E, 0x00, 0x38, 0x02, 0xCB, 0xC0, 0x0E, 0x00, 0xB0,
    0xF8, 0x03, 0x80, 0x2C, 0x1F, 0x40, 0xE0, 0x0B, 0x02, 0xF0, 0x38, 0x02, 0xC0, 0x3D, 0x0E, 0x00,
    0xB0, 0x0B, 0xC3, 0x80, 0x2C, 0x00, 0xF8, 0xE0, 0x0B, 0x00, 0x1F, 0x38, 0x02, 0xC0, 0x03, 0xFE,
    0x00, 0xB0, 0x00, 0x3F, 0x80, 0x3D, 0x00, 0x0B, 0xE0, 0xBF, 0xF0, 0x00, 0xF8, 0x00, 0x00, 0x05,
    0x40, 0x00, 0x00, 0xBF, 0xFD, 0x00, 0x07, 0xE0, 0x1F, 0xC0, 0x0F, 0x00, 0x03, 0xE0, 0x3D, 0x00,
    0x00, 0xF4, 0x3C, 0x00, 0x00, 0xFC, 0xBC, 0x00, 0x00, 0x7C, 0xB8, 0x00, 0x00, 0x7C, 0xF8, 0x00,
    0x00, 0x3D, 0xF8, 0x00, 0x00, 0x3C, 0xB8, 0x00, 0x00, 0x7C, 0xBC, 0x00, 0x00, 0x7C, 0x7C, 0x00,
    0x00, 0xB8, 0x3E, 0x00, 0x00, 0xF0, 0x0F, 0x80, 0x03, 0xD0, 0x07, 0xF4, 0x1F, 0x80, 0x00, 0xBF,
    0xFD, 0x00, 0x00, 0x01, 0x40, 0x00, 0x00, 0x00, 0x00, 0x2F, 0xFF, 0xF4, 0x00, 0xFC, 0x1F, 0xC0,
    0x2E, 0x00, 0xFC, 0x0B, 0x80, 0x1F, 0x02, 0xE0, 0x07, 0xC0, 0xB8, 0x01, 0xF0, 0x2E, 0x00, 0xBC,
    0x0B, 0x80, 0x7C, 0x02, 0xFA, 0xFD, 0x00, 0xBE, 0xA4, 0x00, 0x2E, 0x00, 0x00, 0x0B, 0x80, 0x00,
    0x02, 0xE0, 0x00, 0x00, 0xB8, 0x00, 0x00, 0x3F, 0x40, 0x00, 0xBF, 0xFC, 0x00, 0x00, 0x00, 0x05,
    0x40, 0x00, 0x00, 0x00, 0xBF, 0xFD, 0x00, 0x00, 0x07, 0xE0, 0x1F, 0xC0, 0x00, 0x0F, 0x00, 0x03,
    0xE0, 0x00, 0x3D, 0x00, 0x00, 0xF4, 0x00, 0x3C, 0x00, 0x00, 0xFC, 0x00, 0xBC, 0x00, 0x00, 0x7C,
    0x00, 0xB8, 0x00, 0x00, 0x7C, 0x00, 0xF8, 0x00, 0x00, 0x3D, 0x00, 0xF8, 0x00, 0x00, 0x7C, 0x00,
    0xB8, 0x00, 0x00, 0x7C, 0x00, 0xBC, 0x69, 0x00, 0x7C, 0x00, 0x7E, 0xEB, 0xC0, 0xB8, 0x00, 0x3F,
    0x01, 0xF0, 0xF0, 0x00, 0x0F, 0x80, 0xBB, 0xD0, 0x00, 0x07, 0xF4, 0x7F, 0x80, 0x00, 0x00, 0xBF,
    0xFF, 0x00, 0x00, 0x00, 0x01, 0x4F, 0x80, 0x00, 0x00, 0x00, 0x07, 0xE0, 0x18, 0x00, 0x00, 0x02,
    0xFF, 0xF4, 0x00, 0x00, 0x00, 0xBF, 0xD0, 0x00, 0x00, 0x00, 0x05, 0x00, 0x00, 0x00, 0x00, 0x02,
    0xFF, 0xFF, 0x80, 0x00, 0xFC, 0x1B, 0xD0, 0x02, 0xE0, 0x0B, 0xC0, 0x0B, 0x80, 0x0F, 0x40, 0x2E,
    0x00, 0x3D, 0x00, 0xB8, 0x01, 0xF0, 0x02, 0xE0, 0x0F, 0x40, 0x0B, 0xD6, 0xF4, 0x00, 0x2F, 0xAF,
    0x00, 0x00, 0xB8, 0x1F, 0x00, 0x02, 0xE0, 0x3E, 0x00, 0x0B, 0x80, 0x7C, 0x00, 0x2E, 0x00, 0xF8,
    0x00, 0xB8, 0x02, 0xF0, 0x03, 0xF4, 0x03, 0xE0, 0xBF, 0xFC, 0x07, 0xF8, 0x00, 0x00, 0x01, 0x00,
    0x00, 0x14, 0x00, 0x07, 0xFF, 0xB8, 0x1F, 0x00, 0xF8, 0x3D, 0x00, 0x3C, 0x3C, 0x00, 0x2C, 0x3D,
    0x00, 0x04, 0x3F, 0x40, 0x00, 0x1F, 0xF4, 0x00, 0x07, 0xFF, 0x80, 0x00, 0x7F, 0xF0, 0x00, 0x02,
    0xFC, 0x00, 0x00, 0x7C, 0xA0, 0x00, 0x3D, 0xB4, 0x00, 0x3C, 0xBC, 0x00, 0x3C, 0x7F, 0x41, 0xF4,
    0x72, 0xFF, 0xD0, 0x00, 0x14, 0x00, 0x00, 0x00, 0x00, 0x00, 0x1F, 0xFF, 0xFF, 0xFC, 0x1F, 0x42,
    0xE0, 0x7D, 0x2C, 0x02, 0xE0, 0x1E, 0x38, 0x02, 0xE0, 0x0E, 0x20, 0x02, 0xE0, 0x06, 0x00, 0x02,
    0xE0, 0x00, 0x00, 0x02, 0xE0, 0x00, 0x00, 0x02, 0xE0, 0x00, 0x00, 0x02, 0xE0, 0x00, 0x00, 0x02,
    0xE0, 0x00, 0x00, 0x02, 0xE0, 0x00, 0x00, 0x02, 0xE0, 0x00, 0x00, 0x02, 0xE0, 0x00, 0x00, 0x02,
    0xE0, 0x00, 0x00, 0x07, 0xF4, 0x00, 0x00, 0x7F, 0xFF, 0x00, 0x00, 0x00, 0x00, 0x00, 0x3F, 0xFD,
    0x00, 0xFF, 0xD1, 0xF8, 0x00, 0x07, 0x80, 0x3D, 0x00, 0x00, 0xE0, 0x0F, 0x40, 0x00, 0x38, 0x03,
    0xD0, 0x00, 0x0E, 0x00, 0xF4, 0x00, 0x03, 0x80, 0x3D, 0x00, 0x00, 0xE0, 0x0F, 0x40, 0x00, 0x38,
    0x03, 0xD0, 0x00, 0x0E, 0x00, 0xF4, 0x00, 0x03, 0x40, 0x3D, 0x00, 0x00, 0xD0, 0x0B, 0x80, 0x00,
    0x74, 0x02, 0xF0, 0x00, 0x2C, 0x00, 0x3D, 0x00, 0x0E, 0x00, 0x0B, 0xE5, 0x6F, 0x00, 0x00, 0x7F,
    0xFE, 0x00, 0x00, 0x00, 0x50, 0x00, 0x00, 0x00, 0x00, 0x00, 0x00, 0x2F, 0xFE, 0x00, 0xFF, 0xD1,
    0xFC, 0x00, 0x0B, 0xC0, 0x2F, 0x00, 0x01, 0xD0, 0x03, 0xC0, 0x00, 0xB0, 0x00, 0xF8, 0x00, 0x38,
    0x00, 0x1F, 0x00, 0x1C, 0x00, 0x03, 0xC0, 0x0B, 0x00, 0x00, 0xF8, 0x03, 0x80, 0x00, 0x1F, 0x01,
    0xC0, 0x00, 0x03, 0xC0, 0xB0, 0x00, 0x00, 0xB8, 0x38, 0x00, 0x00, 0x1F, 0x1C, 0x00, 0x00, 0x03,
    0xCB, 0x00, 0x00, 0x00, 0xBB, 0x40, 0x00, 0x00, 0x1F, 0xC0, 0x00, 0x00, 0x03, 0xF0, 0x00, 0x00,
    0x00, 0x00, 0x00, 0x00, 0x00, 0x00, 0x2F, 0xFE, 0x00, 0xFC, 0x00, 0xFF, 0xD1, 0xFC, 0x00, 0x3F,
    0x40, 0x07, 0xC0, 0x2F, 0x00, 0x1F, 0xE0, 0x01, 0xD0, 0x07, 0xC0, 0x0B, 0x7C, 0x00, 0x70, 0x00,
    0xF4, 0x03, 0x8F, 0x00, 0x2C, 0x00, 0x3E, 0x00, 0xD2, 0xD0, 0x0E, 0x00, 0x0B, 0xC0, 0x70, 0x78,
    0x03, 0x40, 0x01, 0xF0, 0x2C, 0x0F, 0x01, 0xC0, 0x00, 0x3D, 0x0E, 0x03, 0xD0, 0xB0, 0x00, 0x0B,
    0x43, 0x40, 0xB8, 0x38, 0x00, 0x01, 0xE1, 0xC0, 0x1F, 0x0D, 0x00, 0x00, 0x3C, 0xB0, 0x03, 0xC7,
    0x00, 0x00, 0x0F, 0x38, 0x00, 0xBA, 0xC0, 0x00, 0x02, 0xED, 0x00, 0x1F, 0xD0, 0x00, 0x00, 0x7F,
    0x00, 0x03, 0xF0, 0x00, 0x00, 0x0F, 0xC0, 0x00, 0xFC, 0x00, 0x00, 0x00, 0x00, 0x00, 0x00, 0xBF,
    0xF0, 0x0F, 0xFD, 0x1F, 0xC0, 0x02, 0xE0, 0x07, 0xD0, 0x03, 0xC0, 0x02, 0xF0, 0x0B, 0x00, 0x00,
    0xFC, 0x1D, 0x00, 0x00, 0x3E, 0x38, 0x00, 0x00, 0x1F, 0xF0, 0x00, 0x00, 0x0B, 0xD0, 0x00, 0x00,
    0x07, 0xE0, 0x00, 0x00, 0x0E, 0xF4, 0x00, 0x00, 0x3C, 0x7C, 0x00, 0x00, 0xB0, 0x2F, 0x00, 0x01,
    0xD0, 0x0F, 0x80, 0x07, 0x80, 0x07, 0xD0, 0x1F, 0x80, 0x03, 0xF8, 0xBF, 0xE0, 0x1F, 0xFF, 0x00,
    0x00, 0x00, 0x00, 0xBF, 0xFC, 0x0B, 0xFF, 0x1F, 0xC0, 0x01, 0xF4, 0x07, 0xD0, 0x00, 0xD0, 0x02,
    0xF0, 0x03, 0xC0, 0x00, 0xF8, 0x07, 0x00, 0x00, 0x7C, 0x0E, 0x00, 0x00, 0x2E, 0x2C, 0x00, 0x00,
    0x0F, 0xB4, 0x00, 0x00, 0x07, 0xE0, 0x00, 0x00, 0x03, 0xD0, 0x00, 0x00, 0x03, 0xD0, 0x00, 0x00,
    0x03, 0xD0, 0x00, 0x00, 0x03, 0xD0, 0x00, 0x00, 0x03, 0xD0, 0x00, 0x00, 0x07, 0xE0, 0x00, 0x00,
    0x3F, 0xFD, 0x00, 0x00, 0x00, 0x00, 0x0F, 0xFF, 0xFF, 0xD7, 0xD0, 0x02, 0xF1, 0xE0, 0x00, 0xF4,
    0x70, 0x00, 0xFC, 0x00, 0x00, 0xBC, 0x00, 0x00, 0x3D, 0x00, 0x00, 0x3E, 0x00, 0x00, 0x2F, 0x00,
    0x00, 0x1F, 0x40, 0x00, 0x0F, 0x80, 0x00, 0x0B, 0xC0, 0x00, 0x07, 0xD0, 0x01, 0x43, 0xE0, 0x00,
    0xE2, 0xF0, 0x00, 0xB5, 0xF4, 0x01, 0xBD, 0xBF, 0xFF, 0xFF, 0x40, 0x6A, 0x6F, 0x9B, 0x42, 0xD0,
    0xB4, 0x2D, 0x0B, 0x42, 0xD0, 0xB4, 0x2D, 0x0B, 0x42, 0xD0, 0xB4, 0x2D, 0x0B, 0x42, 0xD0, 0xB4,
    0x2D, 0x0B, 0x42, 0xD0, 0xB4, 0x2D, 0x0B, 0x92, 0xFE, 0x10, 0x00, 0x03, 0x00, 0x00, 0x38, 0x00,
    0x02, 0xC0, 0x00, 0x0D, 0x00, 0x00, 0xE0, 0x00, 0x07, 0x00, 0x00, 0x34, 0x00, 0x02, 0x80, 0x00,
    0x1C, 0x00, 0x00, 0xD0, 0x00, 0x0B, 0x00, 0x00, 0x70, 0x00, 0x03, 0x40, 0x00, 0x2C, 0x00, 0x01,
    0xC0, 0x00, 0x0E, 0x00, 0x00, 0xB0, 0x00, 0x03, 0x40, 0x00, 0x38, 0x00, 0x01, 0xC0, 0x00, 0x08,
    0x2A, 0x82, 0xBC, 0x02, 0xC0, 0x2C, 0x02, 0xC0, 0x2C, 0x02, 0xC0, 0x2C, 0x02, 0xC0, 0x2C, 0x02,
    0xC0, 0x2C, 0x02, 0xC0, 0x2C, 0x02, 0xC0, 0x2C, 0x02, 0xC0, 0x2C, 0x02, 0xC0, 0x2C, 0x02, 0xC0,
    0x2C, 0x17, 0xC3, 0xFC, 0x00, 0x10, 0x00, 0x00, 0x78, 0x00, 0x00, 0xFD, 0x00, 0x02, 0xCB, 0x00,
    0x07, 0x43, 0x80, 0x0E, 0x01, 0xD0, 0x2C, 0x00, 0xB0, 0x74, 0x00, 0x38, 0xA0, 0x00, 0x1C, 0x00,
    0x00, 0x00, 0x00, 0x00, 0x03, 0xFF, 0xFF, 0xF5, 0x55, 0x55, 0x40, 0x60, 0x3E, 0x07, 0xD0, 0x2C,
    0x01, 0x00, 0x0B, 0xF8, 0x00, 0x39, 0x1F, 0x00, 0xB8, 0x07, 0x80, 0xB8, 0x07, 0xC0, 0x00, 0x03,
    0xC0, 0x00, 0x5B, 0xC0, 0x1F, 0xEF, 0xC0, 0x7D, 0x03, 0xC0, 0xB8, 0x07, 0xC0, 0xF8, 0x0B, 0xC0,
    0xBD, 0x6F, 0xD4, 0x2F, 0xE2, 0xFC, 0x01, 0x00, 0x10, 0x1A, 0x40, 0x00, 0x1F, 0xE0, 0x00, 0x00,
    0xB8, 0x00, 0x00, 0x2E, 0x00, 0x00, 0x0B, 0x80, 0x00, 0x02, 0xE0, 0x00, 0x00, 0xB8, 0xBF, 0x40,
    0x2E, 0xFB, 0xF8, 0x0B, 0xE0, 0x1F, 0x02, 0xF0, 0x03, 0xE0, 0xB8, 0x00, 0xBC, 0x2E, 0x00, 0x1F,
    0x0B, 0x80, 0x07, 0xC2, 0xE0, 0x02, 0xE0, 0xB8, 0x00, 0xF4, 0x2E, 0x00, 0x7C, 0x0B, 0xE0, 0x7D,
    0x02, 0xEF, 0xFD, 0x00, 0x00, 0x10, 0x00, 0x01, 0xFE, 0x00, 0xF9, 0x7C, 0x3D, 0x03, 0xE7, 0xC0,
    0x3E, 0xB8, 0x01, 0x4F, 0x40, 0x00, 0xF4, 0x00, 0x0F, 0x80, 0x00, 0xBC, 0x00, 0x07, 0xE0, 0x04,
    0x2F, 0xD6, 0xD0, 0x7F, 0xF4, 0x00, 0x10, 0x00, 0x00, 0x01, 0x64, 0x00, 0x01, 0xFE, 0x00, 0x00,
    0x0B, 0x80, 0x00, 0x02, 0xE0, 0x00, 0x00, 0xB8, 0x00, 0x00, 0x2E, 0x00, 0x2F, 0xEB, 0x80, 0x3F,
    0xAF, 0xE0, 0x3D, 0x00, 0xB8, 0x1F, 0x00, 0x2E, 0x0B, 0x80, 0x0B, 0x83, 0xD0, 0x02, 0xE0, 0xF4,
    0x00, 0xB8, 0x3D, 0x00, 0x2E, 0x0B, 0x80, 0x0B, 0x81, 0xF0, 0x07, 0xE0, 0x3F, 0x5B, 0xBC, 0x03,
    0xFF, 0x4F, 0xD0, 0x04, 0x00, 0x00, 0x01, 0xFE, 0x00, 0x3D, 0x6F, 0x03, 0xC0, 0x2E, 0x1E, 0x00,
    0x7C, 0xB4, 0x01, 0xF3, 0xFF, 0xFF, 0x8F, 0x95, 0x54, 0x3E, 0x00, 0x00, 0xBC, 0x00, 0x00, 0xF4,
    0x00, 0x42, 0xF9, 0x6E, 0x01, 0xFF, 0xD0, 0x00, 0x10, 0x00, 0x00, 0x2F, 0x90, 0x03, 0xD7, 0xC0,
    0x1D, 0x0F, 0x40, 0xF0, 0x28, 0x03, 0xC0, 0x00, 0x0F, 0x00, 0x01, 0xBE, 0xA4, 0x0B, 0xFF, 0xD0,
    0x03, 0xC0, 0x00, 0x0F, 0x00, 0x00, 0x3C, 0x00, 0x00, 0xF0, 0x00, 0x03, 0xC0, 0x00, 0x0F, 0x00,
    0x00, 0x3C, 0x00, 0x00, 0xF0, 0x00, 0x07, 0xE0, 0x00, 0xFF, 0xFC, 0x00, 0x00, 0x00, 0x01, 0x00,
    0x00, 0x07, 0xE0, 0x1F, 0xE7, 0xB8, 0x3E, 0x5F, 0xC0, 0x2E, 0x00, 0xF0, 0x0F, 0x40, 0x2D, 0x03,
    0xD0, 0x0B, 0x40, 0xB8, 0x03, 0xC0, 0x0F, 0x97, 0xE0, 0x01, 0xFF, 0xD0, 0x00, 0xE0, 0x00, 0x00,
    0xB4, 0x00, 0x00, 0x2F, 0xFF, 0xE4, 0x02, 0xFF, 0xFF, 0x41, 0xD0, 0x07, 0xF0, 0xF0, 0x00, 0x7C,
    0x7C, 0x00, 0x2E, 0x0F, 0x90, 0x6F, 0x01, 0xFF, 0xFE, 0x00, 0x00, 0x40, 0x00, 0x16, 0x80, 0x00,
    0x00, 0xFF, 0x00, 0x00, 0x00, 0x3C, 0x00, 0x00, 0x00, 0xF0, 0x00, 0x00, 0x03, 0xC0, 0x00, 0x00,
    0x0F, 0x00, 0x00, 0x00, 0x3C, 0x2F, 0x80, 0x00, 0xF7, 0xEF, 0xC0, 0x03, 0xF0, 0x0F, 0x40, 0x0F,
    0x40, 0x2E, 0x00, 0x3C, 0x00, 0x78, 0x00, 0xF0, 0x01, 0xE0, 0x03, 0xC0, 0x07, 0x80, 0x0F, 0x00,
    0x1E, 0x00, 0x3C, 0x00, 0x78, 0x00, 0xF0, 0x01, 0xE0, 0x07, 0xD0, 0x0B, 0xC0, 0xBF, 0xF0, 0xFF,
    0xD0, 0x00, 0x00, 0x0B, 0xC0, 0x0F, 0xC0, 0x06, 0x80, 0x00, 0x00, 0x00, 0x00, 0x1A, 0x80, 0x2F,
    0xC0, 0x03, 0xC0, 0x03, 0xC0, 0x03, 0xC0, 0x03, 0xC0, 0x03, 0xC0, 0x03, 0xC0, 0x03, 0xC0, 0x03,
    0xC0, 0x07, 0xD0, 0x3F, 0xFC, 0x00, 0x00, 0xFC, 0x0F, 0xC0, 0x64, 0x00, 0x00, 0x00, 0x2A, 0x82,
    0xFC, 0x07, 0xC0, 0x3C, 0x03, 0xC0, 0x3C, 0x03, 0xC0, 0x3C, 0x03, 0xC0, 0x3C, 0x03, 0xC0, 0x3C,
    0x07, 0x80, 0x74, 0x0F, 0x01, 0xE0, 0x38, 0x00, 0x00, 0x16, 0x80, 0x00, 0x00, 0xBF, 0x00, 0x00,
    0x00, 0x3C, 0x00, 0x00, 0x00, 0xF0, 0x00, 0x00, 0x03, 0xC0, 0x00, 0x00, 0x0F, 0x00, 0x00, 0x00,
    0x3C, 0x0A, 0xA8, 0x00, 0xF0, 0x2F, 0xE0, 0x03, 0xC0, 0x3C, 0x00, 0x0F, 0x07, 0x80, 0x00, 0x3C,
    0x74, 0x00, 0x00, 0xFB, 0xC0, 0x00, 0x03, 0xDF, 0x80, 0x00, 0x0F, 0x1F, 0x40, 0x00, 0x3C, 0x2F,
    0x40, 0x00, 0xF0, 0x2F, 0x00, 0x07, 0xD0, 0x3F, 0x50, 0xFF, 0xE0, 0x3F, 0x80, 0x00, 0x00, 0x00,
    0x00, 0x16, 0x80, 0x3F, 0xC0, 0x03, 0xC0, 0x03, 0xC0, 0x03, 0xC0, 0x03, 0xC0, 0x03, 0xC0, 0x03,
    0xC0, 0x03, 0xC0, 0x03, 0xC0, 0x03, 0xC0, 0x03, 0xC0, 0x03, 0xC0, 0x03, 0xC0, 0x03, 0xC0, 0x03,
    0xC0, 0x07, 0xE0, 0x3F, 0xFC, 0x6A, 0x0B, 0xE0, 0x2F, 0x80, 0x2F, 0xDF, 0xBE, 0x3E, 0xFC, 0x00,
    0xFC, 0x03, 0xF4, 0x0F, 0x80, 0x3D, 0x00, 0xF8, 0x02, 0xE0, 0x0F, 0x00, 0x3D, 0x00, 0x78, 0x03,
    0xC0, 0x0F, 0x40, 0x1E, 0x00, 0xF0, 0x03, 0xD0, 0x07, 0x80, 0x3C, 0x00, 0xF4, 0x01, 0xE0, 0x0F,
    0x00, 0x3D, 0x00, 0x78, 0x03, 0xC0, 0x0F, 0x40, 0x1E, 0x01, 0xF4, 0x03, 0xE0, 0x0B, 0xC2, 0xFF,
    0x87, 0xFF, 0x0F, 0xFE, 0x6A, 0x0B, 0xE0, 0x0B, 0xF7, 0xEF, 0xC0, 0x0F, 0xC0, 0x3D, 0x00, 0xF4,
    0x02, 0xE0, 0x0F, 0x00, 0x1E, 0x00, 0xF0, 0x01, 0xE0, 0x0F, 0x00, 0x1E, 0x00, 0xF0, 0x01, 0xE0,
    0x0F, 0x00, 0x1E, 0x00, 0xF0, 0x01, 0xE0, 0x1F, 0x40, 0x2F, 0x0B, 0xFF, 0x0F, 0xFD, 0x01, 0xFE,
    0x40, 0x0F, 0x9B, 0xE0, 0x3D, 0x00, 0xF4, 0x78, 0x00, 0x7C, 0xB4, 0x00, 0x3C, 0xF4, 0x00, 0x3D,
    0xF4, 0x00, 0x3D, 0xF8, 0x00, 0x3C, 0xBC, 0x00, 0x3C, 0x7D, 0x00, 0xB4, 0x2F, 0x42, 0xF0, 0x07,
    0xFF, 0x80, 0x00, 0x10, 0x00, 0x2A, 0x07, 0xF4, 0x02, 0xF6, 0xEF, 0xF0, 0x0B, 0xE0, 0x0F, 0x40,
    0x7C, 0x00, 0xBC, 0x07, 0x80, 0x07, 0xC0, 0x78, 0x00, 0x7C, 0x07, 0x80, 0x07, 0xC0, 0x78, 0x00,
    0x7C, 0x07, 0x80, 0x0B, 0x80, 0x78, 0x00, 0xF4, 0x07, 0xE4, 0x7E, 0x00, 0x7F, 0xFF, 0x80, 0x07,
    0x81, 0x00, 0x00, 0x78, 0x00, 0x00, 0x07, 0x80, 0x00, 0x01, 0xFD, 0x00, 0x00, 0x3F, 0xFC, 0x00,
    0x00, 0x01, 0xFE, 0x18, 0x03, 0xFA, 0xFE, 0x03, 0xD0, 0x0B, 0x81, 0xF0, 0x02, 0xE0, 0xB4, 0x00,
    0xB8, 0x3D, 0x00, 0x2E, 0x0F, 0x40, 0x0B, 0x83, 0xD0, 0x02, 0xE0, 0xB8, 0x00, 0xB8, 0x1F, 0x00,
    0x7E, 0x03, 0xF5, 0xBF, 0x80, 0x2F, 0xF6, 0xE0, 0x00, 0x40, 0xB8, 0x00, 0x00, 0x2E, 0x00, 0x00,
    0x0B, 0x80, 0x00, 0x07, 0xF4, 0x00, 0x0B, 0xFF, 0x40, 0x69, 0x1F, 0x8B, 0xE7, 0xBE, 0x0F, 0xC3,
    0xE0, 0xF4, 0x3D, 0x0F, 0x00, 0x00, 0xF0, 0x00, 0x0F, 0x00, 0x00, 0xF0, 0x00, 0x0F, 0x00, 0x00,
    0xF0, 0x00, 0x1F, 0x80, 0x0B, 0xFF, 0x80, 0x0B, 0xE7, 0x0F, 0x5B, 0xC7, 0x40, 0x72, 0xD0, 0x08,
    0x7E, 0x00, 0x0F, 0xFD, 0x00, 0x7F, 0xF0, 0x00, 0x7D, 0x90, 0x07, 0xBC, 0x01, 0xEB, 0xC0, 0xF2,
    0xFF, 0xF4, 0x00, 0x40, 0x00, 0x01, 0x40, 0x00, 0x2C, 0x00, 0x03, 0xC0, 0x00, 0x7C, 0x00, 0x2F,
    0xEA, 0x03, 0xFF, 0xF4, 0x07, 0xC0, 0x00, 0x7C, 0x00, 0x07, 0xC0, 0x00, 0x7C, 0x00, 0x07, 0xC0,
    0x00, 0x7C, 0x00, 0x07, 0xC0, 0x00, 0x7C, 0x00, 0x03, 0xE6, 0xC0, 0x2F, 0xF4, 0x00, 0x10, 0x00,
    0x2A, 0x40, 0x6A, 0x02, 0xF8, 0x0B, 0xF0, 0x0B, 0x80, 0x0F, 0x00, 0xB8, 0x00, 0xF0, 0x0B, 0x80,
    0x0F, 0x00, 0xB8, 0x00, 0xF0, 0x0B, 0x80, 0x0F, 0x00, 0xB8, 0x00, 0xF0, 0x0B, 0x80, 0x1F, 0x00,
    0x7C, 0x03, 0xF0, 0x03, 0xE5, 0xEF, 0x40, 0x1F, 0xF8, 0xFF, 0x00, 0x04, 0x00, 0x00, 0x6A, 0xA0,
    0x6A, 0x87, 0xFD, 0x06, 0xF8, 0x0F, 0x40, 0x0E, 0x00, 0xB8, 0x01, 0xC0, 0x07, 0xC0, 0x38, 0x00,
    0x3D, 0x03, 0x40, 0x02, 0xF0, 0x70, 0x00, 0x0F, 0x0E, 0x00, 0x00, 0xB4, 0xC0, 0x00, 0x07, 0xEC,
    0x00, 0x00, 0x3F, 0x40, 0x00, 0x02, 0xF0, 0x00, 0x6A, 0x90, 0x29, 0x02, 0xA9, 0x7F, 0x90, 0x7E,
    0x02, 0xF8, 0x0F, 0x00, 0xBF, 0x00, 0xE0, 0x0F, 0x40, 0xEF, 0x40, 0xD0, 0x0B, 0x80, 0xDB, 0x81,
    0xC0, 0x03, 0xC1, 0xC7, 0xC2, 0xC0, 0x03, 0xD2, 0xC3, 0xC3, 0x80, 0x02, 0xE3, 0x82, 0xD3, 0x00,
    0x01, 0xF3, 0x01, 0xE7, 0x00, 0x00, 0xFB, 0x00, 0xFA, 0x00, 0x00, 0xBE, 0x00, 0xFD, 0x00, 0x00,
    0x7D, 0x00, 0xBC, 0x00, 0x6A, 0xA0, 0xAA, 0x5F, 0xF4, 0x2F, 0x80, 0xFC, 0x07, 0x40, 0x0F, 0x83,
    0x40, 0x00, 0xF7, 0x80, 0x00, 0x1F, 0xC0, 0x00, 0x03, 0xF0, 0x00, 0x02, 0xFE, 0x00, 0x01, 0xC3,
    0xE0, 0x01, 0xD0, 0x3D, 0x01, 0xF0, 0x0F, 0xD3, 0xFF, 0x4F, 0xFF, 0x6A, 0xA0, 0x6A, 0x87, 0xFD,
    0x07, 0xF8, 0x0F, 0x40, 0x0D, 0x00, 0xBC, 0x02, 0xC0, 0x03, 0xC0, 0x38, 0x00, 0x3E, 0x07, 0x00,
    0x01, 0xF0, 0xE0, 0x00, 0x0F, 0x4C, 0x00, 0x00, 0xBA, 0xC0, 0x00, 0x03, 0xF4, 0x00, 0x00, 0x2F,
    0x00, 0x00, 0x01, 0xE0, 0x00, 0x00, 0x1C, 0x00, 0x00, 0x03, 0x80, 0x00, 0x7C, 0x70, 0x00, 0x0B,
    0xCE, 0x00, 0x00, 0x7F, 0x80, 0x00, 0x00, 0x00, 0x00, 0x00, 0x2A, 0xAA, 0xA0, 0xFE, 0xAF, 0xC3,
    0xC0, 0x3D, 0x0D, 0x02, 0xE0, 0x00, 0x1F, 0x00, 0x00, 0xF0, 0x00, 0x0F, 0x40, 0x00, 0xB8, 0x00,
    0x07, 0xC0, 0x34, 0x3D, 0x01, 0xD3, 0xE0, 0x5F, 0x4F, 0xFF, 0xFC, 0x02, 0xF4, 0x2E, 0x40, 0xF0,
    0x03, 0xC0, 0x0F, 0x00, 0x3D, 0x00, 0xF4, 0x02, 0xD0, 0x0B, 0x40, 0x2D, 0x00, 0xF0, 0x2E, 0x00,
    0x7D, 0x00, 0x3C, 0x00, 0xB4, 0x02, 0xD0, 0x0B, 0x40, 0x2D, 0x00, 0xF4, 0x03, 0xC0, 0x0F, 0x00,
    0x3C, 0x00, 0xF4, 0x00, 0xFE, 0x00, 0x00, 0x4E, 0xEE, 0xEE, 0xEE, 0xEE, 0xEE, 0xEE, 0xEE, 0xEE,
    0xEE, 0xE5, 0x2E, 0x40, 0x17, 0xC0, 0x02, 0xD0, 0x02, 0xE0, 0x02, 0xD0, 0x02, 0xD0, 0x03, 0xD0,
    0x03, 0xC0, 0x03, 0xC0, 0x03, 0xC0, 0x02, 0xD0, 0x00, 0xBC, 0x00, 0xB8, 0x02, 0xD0, 0x03, 0xC0,
    0x03, 0xC0, 0x03, 0xC0, 0x03, 0xD0, 0x03, 0xD0, 0x02, 0xD0, 0x02, 0xE0, 0x02, 0xE0, 0x03, 0xD0,
    0x3F, 0x80, 0x00, 0x00, 0x00, 0x00, 0x00, 0xBF, 0x90, 0xA3, 0xAB, 0xFF, 0x44, 0x00, 0x50, 0x78,
    0xFC, 0xBC, 0x00, 0x00, 0x34, 0x34, 0x34, 0x34, 0x38, 0x78, 0x7C, 0xBC, 0xBC, 0xFC, 0xFC, 0x64,
    0x00, 0x18, 0x00, 0x02, 0x80, 0x02, 0xFF, 0x41, 0xF7, 0x7D, 0x3C, 0x33, 0xE7, 0x87, 0x3E, 0xF4,
    0xA0, 0x4F, 0x4D, 0x00, 0xF4, 0xC0, 0x0F, 0x8C, 0x00, 0xBD, 0x80, 0x03, 0xF8, 0x05, 0x1F, 0xEB,
    0xD0, 0x7F, 0xE0, 0x03, 0x00, 0x00, 0x10, 0x00, 0x00, 0x05, 0x00, 0x01, 0xFF, 0xF0, 0x07, 0xC0,
    0x7C, 0x0F, 0x40, 0xBC, 0x0F, 0x00, 0xBC, 0x0F, 0x00, 0x00, 0x0F, 0x40, 0x00, 0x0F, 0x80, 0x00,
    0x1B, 0xD5, 0x50, 0x3F, 0xFF, 0xE0, 0x01, 0xF0, 0x00, 0x00, 0xF0, 0x00, 0x00, 0xF0, 0x00, 0x01,
    0xE0, 0x0A, 0x03, 0xC0, 0x1E, 0x1F, 0xFF, 0xFD, 0x3F, 0xFF, 0xFD, 0x00, 0x00, 0x02, 0x81, 0x42,
    0xC3, 0xFF, 0xFD, 0x07, 0x81, 0xF0, 0x2C, 0x02, 0xC0, 0xF0, 0x0B, 0x03, 0xC0, 0x2C, 0x0B, 0x40,
    0xF0, 0x2F, 0x5B, 0xC1, 0xEB, 0xE7, 0x85, 0x00, 0x02, 0x00, 0x00, 0x00, 0x00, 0x00, 0x0F, 0xFF,
    0x01, 0xFF, 0xC0, 0xBE, 0x00, 0x0F, 0x80, 0x0F, 0x80, 0x03, 0xC0, 0x01, 0xF0, 0x01, 0xC0, 0x00,
    0x2F, 0x00, 0xE0, 0x00, 0x03, 0xD0, 0xB0, 0x00, 0x00, 0x7C, 0x34, 0x00, 0x0F, 0xFF, 0xBF, 0xE0,
    0x01, 0x55, 0xFD, 0x54, 0x00, 0x00, 0x2E, 0x00, 0x00, 0x3F, 0xFF, 0xFF, 0xC0, 0x00, 0x02, 0xE0,
    0x00, 0x00, 0x00, 0xB8, 0x00, 0x00, 0x00, 0x2E, 0x00, 0x00, 0x00, 0x1F, 0xD0, 0x00, 0x00, 0x3F,
    0xFE, 0x00, 0x00, 0x4D, 0xDD, 0xDD, 0xDD, 0xD0, 0x00, 0x9D, 0xDD, 0xDD, 0xDD, 0xD4, 0x00, 0x04,
    0x00, 0x00, 0xFF, 0xC0, 0x03, 0xC2, 0xE0, 0x07, 0x43, 0xE0, 0x07, 0x80, 0x40, 0x07, 0xC0, 0x00,
    0x1F, 0xF4, 0x00, 0x38, 0xFF, 0x00, 0x74, 0x2F, 0xD0, 0x78, 0x03, 0xF8, 0x3E, 0x00, 0xBC, 0x1F,
    0x80, 0x2E, 0x07, 0xF4, 0x1E, 0x00, 0xFE, 0x1D, 0x00, 0x1F, 0xBC, 0x00, 0x07, 0xE0, 0x00, 0x01,
    0xE0, 0x0B, 0x80, 0xE0, 0x0F, 0x42, 0xD0, 0x0B, 0xEF, 0x40, 0x01, 0xA4, 0x00, 0x00, 0x00, 0x0B,
    0x83, 0xC3, 0xF1, 0xF4, 0x64, 0x28, 0x00, 0x1B, 0xE8, 0x00, 0x01, 0xF9, 0x5F, 0x80, 0x0B, 0x40,
    0x00, 0xF0, 0x1D, 0x0B, 0xE8, 0x3C, 0x38, 0x3D, 0x2D, 0x0D, 0x70, 0xB4, 0x09, 0x0E, 0xB0, 0xF0,
    0x00, 0x0B, 0xB0, 0xF0, 0x00, 0x0B, 0xB0, 0xF0, 0x00, 0x0B, 0x70, 0xF0, 0x00, 0x0A, 0x34, 0x78,
    0x05, 0x0D, 0x3C, 0x2F, 0xAC, 0x2C, 0x0E, 0x01, 0x90, 0x74, 0x07, 0xD0, 0x06, 0xD0, 0x00, 0xBF,
    0xFE, 0x00, 0x00, 0x00, 0x00, 0x00, 0x00, 0x00, 0x00, 0xBF, 0x40, 0x3C, 0x2D, 0x03, 0xC0, 0xE0,
    0x00, 0x1E, 0x00, 0xBF, 0xE0, 0x3C, 0x0E, 0x03, 0xC1, 0xE0, 0x3E, 0xBF, 0x90, 0xA8, 0x68, 0x00,
    0x80, 0x80, 0x3C, 0x3C, 0x0F, 0x0F, 0x03, 0xD3, 0xD0, 0xB8, 0xBC, 0x0B, 0xCB, 0xC0, 0x2E, 0x2E,
    0x00, 0xB4, 0xB4, 0x02, 0xC2, 0xC0, 0x08, 0x08, 0x15, 0x55, 0x50, 0xFF, 0xFF, 0xE0, 0x00, 0x03,
    0x80, 0x00, 0x0E, 0x00, 0x00, 0x38, 0x00, 0x00, 0x50, 0x01, 0x50, 0x03, 0xFF, 0x43, 0xC9, 0xF5,
    0xF3, 0xAE, 0xBC, 0x5F, 0xEF, 0x33, 0xE7, 0xCD, 0x74, 0xBF, 0xE8, 0x06, 0xA4, 0x00, 0x00, 0x01,
    0xFF, 0xF1, 0x55, 0x40, 0x0B, 0xD0, 0xB5, 0xD3, 0x43, 0x8D, 0x0D, 0x1F, 0xF0, 0x05, 0x00, 0x00,
    0x34, 0x00, 0x00, 0xD0, 0x00, 0x03, 0x40, 0x05, 0x6E, 0x54, 0x3F, 0xFF, 0xF8, 0x00, 0xD0, 0x00,
    0x03, 0x40, 0x00, 0x0D, 0x00, 0x00, 0x34, 0x00, 0x00, 0x00, 0x01, 0x55, 0x55, 0x0F, 0xFF, 0xFE,
    0x00, 0x00, 0x07, 0xFE, 0x07, 0x81, 0xF1, 0xE0, 0x3C, 0x00, 0x0F, 0x00, 0x0B, 0x40, 0x07, 0x80,
    0x07, 0x80, 0x07, 0x42, 0x07, 0x41, 0xC3, 0xFF, 0xF0, 0x55, 0x54, 0x00, 0x00, 0x03, 0xFF, 0x03,
    0xC1, 0xF0, 0xF0, 0x3C, 0x00, 0x0E, 0x00, 0x2E, 0x00, 0x1B, 0xD0, 0x00, 0x3C, 0x00, 0x0B, 0x48,
    0x03, 0xC2, 0xEB, 0xE0, 0x1A, 0x90, 0x00, 0x80, 0x3D, 0x0F, 0x82, 0xD0, 0x10, 0x00, 0x28, 0x00,
    0xA4, 0x1F, 0x00, 0x3D, 0x07, 0xC0, 0x0F, 0x41, 0xF0, 0x03, 0xD0, 0x7C, 0x00, 0xF0, 0x0F, 0x00,
    0x3C, 0x03, 0xC0, 0x0F, 0x00, 0xF0, 0x03, 0xC0, 0x3C, 0x00, 0xF0, 0x0F, 0x00, 0xBD, 0x03, 0xE5,
    0xBB, 0x90, 0xFF, 0xF0, 0xFD, 0x3C, 0x10, 0x04, 0x0F, 0x00, 0x00, 0x03, 0xC0, 0x00, 0x00, 0xF0,
    0x00, 0x00, 0x3C, 0x00, 0x00, 0x00, 0x00, 0x00, 0x00, 0x00, 0x00, 0x00, 0x02, 0xF2, 0xFC, 0x0F,
    0xF2, 0xE0, 0x3F, 0xF2, 0xD0, 0x3F, 0xF2, 0xD0, 0x7F, 0xF2, 0xD0, 0x7F, 0xF2, 0xD0, 0x7F, 0xF2,
    0xD0, 0x3F, 0xF2, 0xD0, 0x2F, 0xF2, 0xD0, 0x0B, 0xF2, 0xD0, 0x00, 0x52, 0xD0, 0x00, 0x02, 0xD0,
    0x00, 0x02, 0xD0, 0x00, 0x02, 0xD0, 0x00, 0x02, 0xD0, 0x00, 0x02, 0xD0, 0x00, 0x02, 0xD0, 0x00,
    0x03, 0xD0, 0x00, 0x3F, 0xD0, 0x00, 0x15, 0x40, 0x00, 0x7C, 0xFE, 0xBD, 0x10, 0x04, 0x03, 0x02,
    0xE0, 0x0F, 0x03, 0xDF, 0xD0, 0x00, 0x00, 0x00, 0xBF, 0x01, 0xBC, 0x00, 0xF0, 0x03, 0xC0, 0x0F,
    0x00, 0x3C, 0x00, 0xF0, 0x03, 0xC0, 0x0F, 0x02, 0xFE, 0x45, 0x55, 0x00, 0x00, 0x01, 0xBF, 0x01,
    0xE0, 0xF0, 0xF0, 0x0E, 0x38, 0x03, 0xCE, 0x00, 0xF3, 0xC0, 0x3C, 0xF0, 0x0D, 0x0F, 0x5E, 0x00,
    0xA9, 0x00, 0x20, 0x24, 0x00, 0xB0, 0xB4, 0x00, 0xF0, 0xF4, 0x00, 0xF0, 0xF0, 0x01, 0xF1, 0xF0,
    0x0B, 0xC7, 0xC0, 0x7C, 0x3C, 0x03, 0xC3, 0xC0, 0x2C, 0x2C, 0x00, 0x40, 0x40, 0x00, 0x00, 0x00,
    0x00, 0x05, 0x00, 0x0B, 0xF0, 0x00, 0x03, 0x40, 0x01, 0xBC, 0x00, 0x02, 0xC0, 0x00, 0x0F, 0x00,
    0x01, 0xC0, 0x00, 0x03, 0xC0, 0x00, 0xE0, 0x00, 0x00, 0xF0, 0x00, 0x70, 0x00, 0x00, 0x3C, 0x00,
    0x34, 0x0B, 0x80, 0x0F, 0x00, 0x2C, 0x07, 0xE0, 0x03, 0xC0, 0x0D, 0x03, 0xB8, 0x00, 0xF0, 0x0B,
    0x02, 0x8E, 0x02, 0xFE, 0x47, 0x01, 0xC3, 0x80, 0x55, 0x53, 0x80, 0xD0, 0xE0, 0x00, 0x01, 0xC0,
    0xA0, 0x38, 0x00, 0x00, 0xD0, 0x7A, 0xAF, 0x90, 0x00, 0xB0, 0x0A, 0xAB, 0xE4, 0x00, 0x34, 0x00,
    0x00, 0xE0, 0x00, 0x3C, 0x00, 0x00, 0x24, 0x00, 0x04, 0x00, 0x00, 0x00, 0x00, 0x00, 0x00, 0x00,
    0x05, 0x00, 0x02, 0xFC, 0x00, 0x00, 0xD0, 0x00, 0x1B, 0xC0, 0x00, 0x3C, 0x00, 0x00, 0x3C, 0x00,
    0x07, 0x00, 0x00, 0x03, 0xC0, 0x00, 0xE0, 0x00, 0x00, 0x3C, 0x00, 0x1C, 0x00, 0x00, 0x03, 0xC0,
    0x03, 0x4B, 0xFE, 0x00, 0x3C, 0x00, 0xB2, 0xD0, 0xB4, 0x03, 0xC0, 0x0D, 0x2D, 0x07, 0x80, 0x3C,
    0x03, 0xC0, 0x00, 0x78, 0x2F, 0xE4, 0x70, 0x00, 0x0F, 0x01, 0x55, 0x4E, 0x00, 0x02, 0xD0, 0x00,
    0x01, 0xC0, 0x00, 0xB4, 0x00, 0x00, 0x34, 0x00, 0x2D, 0x08, 0x00, 0x0B, 0x00, 0x0B, 0x42, 0xC0,
    0x00, 0xD0, 0x01, 0xFF, 0xFC, 0x00, 0x3C, 0x00, 0x05, 0x55, 0x40, 0x01, 0x00, 0x00, 0x00, 0x00,
    0x00, 0x00, 0x00, 0x01, 0x40, 0x00, 0xFF, 0xC0, 0x00, 0x34, 0x00, 0x3C, 0x1F, 0x00, 0x0E, 0x00,
    0x03, 0xC0, 0xF0, 0x01, 0xC0, 0x00, 0x00, 0x0E, 0x00, 0x38, 0x00, 0x00, 0x0B, 0x80, 0x07, 0x00,
    0x00, 0x01, 0xBD, 0x00, 0xD0, 0x2E, 0x00, 0x00, 0xF0, 0x2C, 0x07, 0xE0, 0x00, 0x0B, 0x43, 0x40,
    0xEE, 0x02, 0x00, 0xF0, 0xE0, 0x29, 0xE0, 0x2E, 0xBE, 0x1C, 0x07, 0x1E, 0x00, 0x6A, 0x43, 0x80,
    0xD1, 0xE0, 0x00, 0x00, 0xB0, 0x28, 0x1E, 0x00, 0x00, 0x0D, 0x07, 0xAA, 0xF8, 0x00, 0x02, 0xC0,
    0x2A, 0xAF, 0x80, 0x00, 0x34, 0x00, 0x01, 0xE0, 0x00, 0x0E, 0x00, 0x00, 0x09, 0x00, 0x00, 0x40,
    0x00, 0x00, 0x00, 0x00, 0x00, 0x00, 0x07, 0xC0, 0x00, 0xFD, 0x00, 0x0B, 0xC0, 0x00, 0x00, 0x00,
    0x00, 0x00, 0x00, 0x34, 0x00, 0x03, 0x40, 0x00, 0xB4, 0x00, 0x1F, 0x00, 0x07, 0xE0, 0x00, 0xF8,
    0x00, 0x2F, 0x00, 0x03, 0xD0, 0x1D, 0x3C, 0x03, 0xF2, 0xE0, 0x1E, 0x0F, 0xEB, 0x80, 0x1A, 0x80,
    0x00, 0x00, 0x00, 0x00, 0x00, 0x03, 0x80, 0x00, 0x00, 0x00, 0xFC, 0x00, 0x00, 0x00, 0x0B, 0xC0,
    0x00, 0x00, 0x00, 0x14, 0x00, 0x00, 0x00, 0x00, 0x00, 0x00, 0x00, 0x3F, 0x00, 0x00, 0x00, 0x0F,
    0xD0, 0x00, 0x00, 0x0B, 0xB8, 0x00, 0x00, 0x03, 0x5F, 0x00, 0x00, 0x01, 0xC3, 0xD0, 0x00, 0x00,
    0xB0, 0xB8, 0x00, 0x00, 0x34, 0x1F, 0x00, 0x00, 0x1C, 0x03, 0xD0, 0x00, 0x0B, 0x00, 0xB8, 0x00,
    0x03, 0xEA, 0xAF, 0x00, 0x01, 0xEA, 0xAB, 0xD0, 0x00, 0xE0, 0x00, 0xBC, 0x00, 0x34, 0x00, 0x1F,
    0x00, 0x2C, 0x00, 0x03, 0xE0, 0x1F, 0x40, 0x00, 0xFD, 0x2F, 0xFC, 0x02, 0xFF, 0xD0, 0x00, 0x00,
    0x00, 0x00, 0x00, 0x00, 0x0B, 0x00, 0x00, 0x00, 0x0F, 0xC0, 0x00, 0x00, 0x0F, 0x80, 0x00, 0x00,
    0x05, 0x00, 0x00, 0x00, 0x00, 0x00, 0x00, 0x00, 0x00, 0x3F, 0x00, 0x00, 0x00, 0x0F, 0xD0, 0x00,
    0x00, 0x0B, 0xB8, 0x00, 0x00, 0x03, 0x5F, 0x00, 0x00, 0x01, 0xC3, 0xD0, 0x00, 0x00, 0xB0, 0xB8,
    0x00, 0x00, 0x34, 0x1F, 0x00, 0x00, 0x1C, 0x03, 0xD0, 0x00, 0x0B, 0x00, 0xB8, 0x00, 0x03, 0xEA,
    0xAF, 0x00, 0x01, 0xEA, 0xAB, 0xD0, 0x00, 0xE0, 0x00, 0xBC, 0x00, 0x34, 0x00, 0x1F, 0x00, 0x2C,
    0x00, 0x03, 0xE0, 0x1F, 0x40, 0x00, 0xFD, 0x2F, 0xFC, 0x02, 0xFF, 0xD0, 0x00, 0x00, 0x40, 0x00,
    0x00, 0x00, 0xB8, 0x00, 0x00, 0x00, 0xBF, 0x80, 0x00, 0x00, 0xB8, 0x78, 0x00, 0x00, 0x20, 0x02,
    0x00, 0x00, 0x00, 0x00, 0x00, 0x00, 0x00, 0x3F, 0x00, 0x00, 0x00, 0x0F, 0xD0, 0x00, 0x00, 0x0B,
    0xB8, 0x00, 0x00, 0x03, 0x5F, 0x00, 0x00, 0x01, 0xC3, 0xD0, 0x00, 0x00, 0xB0, 0xB8, 0x00, 0x00,
    0x34, 0x1F, 0x00, 0x00, 0x1C, 0x03, 0xD0, 0x00, 0x0B, 0x00, 0xB8, 0x00, 0x03, 0xEA, 0xAF, 0x00,
    0x01, 0xEA, 0xAB, 0xD0, 0x00, 0xE0, 0x00, 0xBC, 0x00, 0x34, 0x00, 0x1F, 0x00, 0x2C, 0x00, 0x03,
    0xE0, 0x1F, 0x40, 0x00, 0xFD, 0x2F, 0xFC, 0x02, 0xFF, 0xD0, 0x00, 0x0A, 0x00, 0x00, 0x00, 0x0F,
    0xFE, 0xC0, 0x00, 0x02, 0x1F, 0xD0, 0x00, 0x00, 0x00, 0x00, 0x00, 0x00, 0x00, 0x00, 0x00, 0x00,
    0x00, 0xFC, 0x00, 0x00, 0x00, 0x3F, 0x40, 0x00, 0x00, 0x2E, 0xE0, 0x00, 0x00, 0x0D, 0x7C, 0x00,
    0x00, 0x07, 0x0F, 0x40, 0x00, 0x02, 0xC2, 0xE0, 0x00, 0x00, 0xD0, 0x7C, 0x00, 0x00, 0x70, 0x0F,
    0x40, 0x00, 0x2C, 0x02, 0xE0, 0x00, 0x0F, 0xAA, 0xBC, 0x00, 0x07, 0xAA, 0xAF, 0x40, 0x03, 0x80,
    0x02, 0xF0, 0x00, 0xD0, 0x00, 0x7C, 0x00, 0xB0, 0x00, 0x0F, 0x80, 0x7D, 0x00, 0x03, 0xF4, 0xBF,
    0xF0, 0x0B, 0xFF, 0x40, 0x00, 0x28, 0x0A, 0x00, 0x00, 0x0F, 0x8B, 0xD0, 0x00, 0x03, 0xD1, 0xF0,
    0x00, 0x00, 0x00, 0x00, 0x00, 0x00, 0x00, 0x00, 0x00, 0x00, 0x00, 0xFC, 0x00, 0x00, 0x00, 0x3F,
    0x40, 0x00, 0x00, 0x2E, 0xE0, 0x00, 0x00, 0x0D, 0x7C, 0x00, 0x00, 0x07, 0x0F, 0x40, 0x00, 0x02,
    0xC2, 0xE0, 0x00, 0x00, 0xD0, 0x7C, 0x00, 0x00, 0x70, 0x0F, 0x40, 0x00, 0x2C, 0x02, 0xE0, 0x00,
    0x0F, 0xAA, 0xBC, 0x00, 0x07, 0xAA, 0xAF, 0x40, 0x03, 0x80, 0x02, 0xF0, 0x00, 0xD0, 0x00, 0x7C,
    0x00, 0xB0, 0x00, 0x0F, 0x80, 0x7D, 0x00, 0x03, 0xF4, 0xBF, 0xF0, 0x0B, 0xFF, 0x40, 0x00, 0x02,
    0xE0, 0x00, 0x00, 0x03, 0xDF, 0x00, 0x00, 0x00, 0xD1, 0xC0, 0x00, 0x00, 0x38, 0xB0, 0x00, 0x00,
    0x03, 0xF0, 0x00, 0x00, 0x00, 0x00, 0x00, 0x00, 0x00, 0x3F, 0x00, 0x00, 0x00, 0x0F, 0xD0, 0x00,
    0x00, 0x0B, 0xB8, 0x00, 0x00, 0x03, 0x5F, 0x00, 0x00, 0x01, 0xC3, 0xD0, 0x00, 0x00, 0xB0, 0xB8,
    0x00, 0x00, 0x34, 0x1F, 0x00, 0x00, 0x1C, 0x03, 0xD0, 0x00, 0x0B, 0x00, 0xB8, 0x00, 0x03, 0xEA,
    0xAF, 0x00, 0x01, 0xEA, 0xAB, 0xD0, 0x00, 0xE0, 0x00, 0xBC, 0x00, 0x34, 0x00, 0x1F, 0x00, 0x2C,
    0x00, 0x03, 0xE0, 0x1F, 0x40, 0x00, 0xFD, 0x2F, 0xFC, 0x02, 0xFF, 0xD0, 0x00, 0x00, 0x00, 0x00,
    0x00, 0x00, 0x00, 0x3F, 0xFF, 0xFF, 0xF4, 0x00, 0x00, 0xB1, 0xF0, 0x1B, 0x80, 0x00, 0x0E, 0x1F,
    0x00, 0x3C, 0x00, 0x01, 0xC1, 0xF0, 0x01, 0xC0, 0x00, 0x38, 0x1F, 0x00, 0x00, 0x00, 0x07, 0x01,
    0xF0, 0x04, 0x00, 0x00, 0xE0, 0x1F, 0x00, 0xC0, 0x00, 0x1E, 0xAA, 0xFA, 0xBC, 0x00, 0x03, 0xFF,
    0xFF, 0xFF, 0xC0, 0x00, 0x70, 0x01, 0xF0, 0x0C, 0x00, 0x0E, 0x00, 0x1F, 0x00, 0x80, 0x01, 0xC0,
    0x01, 0xF0, 0x00, 0x00, 0x38, 0x00, 0x1F, 0x00, 0x0D, 0x07, 0x40, 0x01, 0xF0, 0x01, 0xD1, 0xF4,
    0x00, 0x2F, 0x00, 0x7C, 0xBF, 0xF0, 0x1F, 0xFF, 0xFF, 0xC0, 0x00, 0x05, 0x40, 0x40, 0x0F, 0xFF,
    0xA8, 0x07, 0xD0, 0x1F, 0xC1, 0xF0, 0x00, 0x3C, 0x3D, 0x00, 0x01, 0xC7, 0xC0, 0x00, 0x0D, 0xBC,
    0x00, 0x00, 0x0B, 0x80, 0x00, 0x00, 0xF8, 0x00, 0x00, 0x0F, 0x80, 0x00, 0x00, 0xB8, 0x00, 0x00,
    0x0B, 0xC0, 0x00, 0x00, 0x3D, 0x00, 0x00, 0x03, 0xF0, 0x00, 0x05, 0x0F, 0x80, 0x01, 0xD0, 0x7F,
    0x55, 0xF4, 0x00, 0xBF, 0xF8, 0x00, 0x00, 0xA0, 0x00, 0x00, 0x0F, 0x80, 0x00, 0x00, 0x1E, 0x00,
    0x00, 0x10, 0xE0, 0x00, 0x02, 0xFC, 0x00, 0x00, 0x00, 0x00, 0x00, 0x00, 0x00, 0x00, 0x00, 0x38,
    0x00, 0x00, 0x0F, 0x80, 0x00, 0x00, 0xBC, 0x00, 0x00, 0x01, 0x00, 0x00, 0x00, 0x00, 0x0B, 0xFF,
    0xFF, 0xC0, 0x3F, 0x01, 0xF4, 0x0B, 0x80, 0x0E, 0x02, 0xE0, 0x02, 0x80, 0xB8, 0x00, 0x00, 0x2E,
    0x00, 0x80, 0x0B, 0x80, 0xB0, 0x02, 0xFF, 0xFC, 0x00, 0xBE, 0xAF, 0x00, 0x2E, 0x01, 0xC0, 0x0B,
    0x80, 0x10, 0x02, 0xE0, 0x00, 0x00, 0xB8, 0x00, 0x34, 0x2E, 0x00, 0x1C, 0x0F, 0xC0, 0x6F, 0x2F,
    0xFF, 0xFF, 0xC0, 0x00, 0x00, 0x00, 0x00, 0x00, 0xF0, 0x00, 0x00, 0xFC, 0x00, 0x00, 0xF4, 0x00,
    0x00, 0x50, 0x00, 0x00, 0x00, 0x00, 0x0B, 0xFF, 0xFF, 0xC0, 0x3F, 0x01, 0xF4, 0x0B, 0x80, 0x0E,
    0x02, 0xE0, 0x02, 0x80, 0xB8, 0x00, 0x00, 0x2E, 0x00, 0x80, 0x0B, 0x80, 0xB0, 0x02, 0xFF, 0xFC,
    0x00, 0xBE, 0xAF, 0x00, 0x2E, 0x01, 0xC0, 0x0B, 0x80, 0x10, 0x02, 0xE0, 0x00, 0x00, 0xB8, 0x00,
    0x34, 0x2E, 0x00, 0x1C, 0x0F, 0xC0, 0x6F, 0x2F, 0xFF, 0xFF, 0xC0, 0x00, 0x04, 0x00, 0x00, 0x0F,
    0x80, 0x00, 0x0F, 0xF4, 0x00, 0x0B, 0x4B, 0x40, 0x02, 0x00, 0x20, 0x00, 0x00, 0x00, 0x0B, 0xFF,
    0xFF, 0xC0, 0x3F, 0x01, 0xF4, 0x0B, 0x80, 0x0E, 0x02, 0xE0, 0x02, 0x80, 0xB8, 0x00, 0x00, 0x2E,
    0x00, 0x80, 0x0B, 0x80, 0xB0, 0x02, 0xFF, 0xFC, 0x00, 0xBE, 0xAF, 0x00, 0x2E, 0x01, 0xC0, 0x0B,
    0x80, 0x10, 0x02, 0xE0, 0x00, 0x00, 0xB8, 0x00, 0x34, 0x2E, 0x00, 0x1C, 0x0F, 0xC0, 0x6F, 0x2F,
    0xFF, 0xFF, 0xC0, 0x02, 0x80, 0x90, 0x01, 0xF4, 0xFC, 0x00, 0x3C, 0x2F, 0x00, 0x00, 0x00, 0x00,
    0x00, 0x00, 0x00, 0x2F, 0xFF, 0xFF, 0x00, 0xFC, 0x07, 0xD0, 0x2E, 0x00, 0x38, 0x0B, 0x80, 0x0A,
    0x02, 0xE0, 0x00, 0x00, 0xB8, 0x02, 0x00, 0x2E, 0x02, 0xC0, 0x0B, 0xFF, 0xF0, 0x02, 0xFA, 0xBC,
    0x00, 0xB8, 0x07, 0x00, 0x2E, 0x00, 0x40, 0x0B, 0x80, 0x00, 0x02, 0xE0, 0x00, 0xD0, 0xB8, 0x00,
    0x70, 0x3F, 0x01, 0xBC, 0xBF, 0xFF, 0xFF, 0x00, 0x00, 0x00, 0xF0, 0x03, 0xF0, 0x01, 0xF0, 0x00,
    0x50, 0x00, 0x0B, 0xFF, 0xC2, 0xF0, 0x07, 0xC0, 0x1F, 0x00, 0x7C, 0x01, 0xF0, 0x07, 0xC0, 0x1F,
    0x00, 0x7C, 0x01, 0xF0, 0x07, 0xC0, 0x1F, 0x00, 0x7C, 0x01, 0xF0, 0x0B, 0xD2, 0xFF, 0xF0, 0x00,
    0x00, 0x02, 0xC0, 0x2F, 0x02, 0xE0, 0x08, 0x00, 0x00, 0x0B, 0xFF, 0xC2, 0xF0, 0x07, 0xC0, 0x1F,
    0x00, 0x7C, 0x01, 0xF0, 0x07, 0xC0, 0x1F, 0x00, 0x7C, 0x01, 0xF0, 0x07, 0xC0, 0x1F, 0x00, 0x7C,
    0x01, 0xF0, 0x0B, 0xD2, 0xFF, 0xF0, 0x00, 0x40, 0x00, 0xBC, 0x00, 0x7F, 0xC0, 0x78, 0x78, 0x20,
    0x02, 0x00, 0x00, 0x02, 0xFF, 0xF0, 0x0B, 0xC0, 0x01, 0xF0, 0x00, 0x7C, 0x00, 0x1F, 0x00, 0x07,
    0xC0, 0x01, 0xF0, 0x00, 0x7C, 0x00, 0x1F, 0x00, 0x07, 0xC0, 0x01, 0xF0, 0x00, 0x7C, 0x00, 0x1F,
    0x00, 0x07, 0xC0, 0x02, 0xF4, 0x0B, 0xFF, 0xC0, 0x18, 0x0A, 0x0F, 0xC7, 0xD3, 0xE0, 0xF0, 0x00,
    0x00, 0x00, 0x00, 0x0B, 0xFF, 0xC0, 0x2F, 0x00, 0x07, 0xC0, 0x01, 0xF0, 0x00, 0x7C, 0x00, 0x1F,
    0x00, 0x07, 0xC0, 0x01, 0xF0, 0x00, 0x7C, 0x00, 0x1F, 0x00, 0x07, 0xC0, 0x01, 0xF0, 0x00, 0x7C,
    0x00, 0x1F, 0x00, 0x0B, 0xD0, 0x2F, 0xFF, 0x00, 0x00, 0x00, 0x00, 0x00, 0x0B, 0xFF, 0xFF, 0x80,
    0x00, 0x3F, 0x01, 0xBE, 0x00, 0x0B, 0x80, 0x03, 0xF0, 0x02, 0xE0, 0x00, 0x3D, 0x00, 0xB8, 0x00,
    0x0B, 0xC0, 0x2E, 0x00, 0x01, 0xF0, 0x0B, 0x80, 0x00, 0x3D, 0x7F, 0xFF, 0xF0, 0x0F, 0x45, 0xBD,
    0x54, 0x03, 0xD0, 0x2E, 0x00, 0x00, 0xF0, 0x0B, 0x80, 0x00, 0x7C, 0x02, 0xE0, 0x00, 0x2E, 0x00,
    0xB8, 0x00, 0x1F, 0x00, 0x2E, 0x00, 0x1F, 0x00, 0x0F, 0xD1, 0x7F, 0x00, 0x2F, 0xFF, 0xF9, 0x00,
    0x00, 0x00, 0x0A, 0x00, 0x00, 0x00, 0x0F, 0xFE, 0xC0, 0x00, 0x02, 0x1F, 0xD0, 0x00, 0x00, 0x00,
    0x00, 0x00, 0x00, 0x00, 0x00, 0x00, 0x2F, 0xFC, 0x00, 0xFF, 0xE0, 0xFF, 0x40, 0x07, 0xC0, 0x2E,
    0xF0, 0x00, 0xE0, 0x0B, 0x3E, 0x00, 0x38, 0x02, 0xCB, 0xC0, 0x0E, 0x00, 0xB0, 0xF8, 0x03, 0x80,
    0x2C, 0x1F, 0x40, 0xE0, 0x0B, 0x02, 0xF0, 0x38, 0x02, 0xC0, 0x3D, 0x0E, 0x00, 0xB0, 0x0B, 0xC3,
    0x80, 0x2C, 0x00, 0xF8, 0xE0, 0x0B, 0x00, 0x1F, 0x38, 0x02, 0xC0, 0x03, 0xFE, 0x00, 0xB0, 0x00,
    0x3F, 0x80, 0x3D, 0x00, 0x0B, 0xE0, 0xBF, 0xF0, 0x00, 0xF8, 0x00, 0x00, 0x00, 0x00, 0x00, 0x00,
    0x3C, 0x00, 0x00, 0x00, 0x2F, 0x00, 0x00, 0x00, 0x07, 0xD0, 0x00, 0x00, 0x00, 0x50, 0x00, 0x00,
    0x05, 0x40, 0x00, 0x00, 0xBF, 0xFD, 0x00, 0x07, 0xE0, 0x1F, 0xC0, 0x0F, 0x00, 0x03, 0xE0, 0x3D,
    0x00, 0x00, 0xF4, 0x3C, 0x00, 0x00, 0xFC, 0xBC, 0x00, 0x00, 0x7C, 0xB8, 0x00, 0x00, 0x7C, 0xF8,
    0x00, 0x00, 0x3D, 0xF8, 0x00, 0x00, 0x3C, 0xB8, 0x00, 0x00, 0x7C, 0xBC, 0x00, 0x00, 0x7C, 0x7C,
    0x00, 0x00, 0xB8, 0x3E, 0x00, 0x00, 0xF0, 0x0F, 0x80, 0x03, 0xD0, 0x07, 0xF4, 0x1F, 0x80, 0x00,
    0xBF, 0xFD, 0x00, 0x00, 0x01, 0x40, 0x00, 0x00, 0x00, 0x00, 0x00, 0x00, 0x00, 0xB4, 0x00, 0x00,
    0x02, 0xF4, 0x00, 0x00, 0x0B, 0x80, 0x00, 0x00, 0x08, 0x00, 0x00, 0x00, 0x05, 0x40, 0x00, 0x00,
    0xBF, 0xFD, 0x00, 0x07, 0xE0, 0x1F, 0xC0, 0x0F, 0x00, 0x03, 0xE0, 0x3D, 0x00, 0x00, 0xF4, 0x3C,
    0x00, 0x00, 0xFC, 0xBC, 0x00, 0x00, 0x7C, 0xB8, 0x00, 0x00, 0x7C, 0xF8, 0x00, 0x00, 0x3D, 0xF8,
    0x00, 0x00, 0x3C, 0xB8, 0x00, 0x00, 0x7C, 0xBC, 0x00, 0x00, 0x7C, 0x7C, 0x00, 0x00, 0xB8, 0x3E,
    0x00, 0x00, 0xF0, 0x0F, 0x80, 0x03, 0xD0, 0x07, 0xF4, 0x1F, 0x80, 0x00, 0xBF, 0xFD, 0x00, 0x00,
    0x01, 0x40, 0x00, 0x00, 0x01, 0x00, 0x00, 0x00, 0x07, 0xC0, 0x00, 0x00, 0x1F, 0xF0, 0x00, 0x00,
    0x78, 0x7C, 0x00, 0x00, 0x90, 0x08, 0x00, 0x00, 0x05, 0x40, 0x00, 0x00, 0xBF, 0xFD, 0x00, 0x07,
    0xE0, 0x1F, 0xC0, 0x0F, 0x00, 0x03, 0xE0, 0x3D, 0x00, 0x00, 0xF4, 0x3C, 0x00, 0x00, 0xFC, 0xBC,
    0x00, 0x00, 0x7C, 0xB8, 0x00, 0x00, 0x7C, 0xF8, 0x00, 0x00, 0x3D, 0xF8, 0x00, 0x00, 0x3C, 0xB8,
    0x00, 0x00, 0x7C, 0xBC, 0x00, 0x00, 0x7C, 0x7C, 0x00, 0x00, 0xB8, 0x3E, 0x00, 0x00, 0xF0, 0x0F,
    0x80, 0x03, 0xD0, 0x07, 0xF4, 0x1F, 0x80, 0x00, 0xBF, 0xFD, 0x00, 0x00, 0x01, 0x40, 0x00, 0x00,
    0x29, 0x00, 0x00, 0x00, 0xBF, 0xED, 0x00, 0x00, 0x86, 0xF8, 0x00, 0x00, 0x00, 0x00, 0x00, 0x00,
    0x05, 0x40, 0x00, 0x00, 0xBF, 0xFD, 0x00, 0x07, 0xE0, 0x1F, 0xC0, 0x0F, 0x00, 0x03, 0xE0, 0x3D,
    0x00, 0x00, 0xF4, 0x3C, 0x00, 0x00, 0xFC, 0xBC, 0x00, 0x00, 0x7C, 0xB8, 0x00, 0x00, 0x7C, 0xF8,
    0x00, 0x00, 0x3D, 0xF8, 0x00, 0x00, 0x3C, 0xB8, 0x00, 0x00, 0x7C, 0xBC, 0x00, 0x00, 0x7C, 0x7C,
    0x00, 0x00, 0xB8, 0x3E, 0x00, 0x00, 0xF0, 0x0F, 0x80, 0x03, 0xD0, 0x07, 0xF4, 0x1F, 0x80, 0x00,
    0xBF, 0xFD, 0x00, 0x00, 0x01, 0x40, 0x00, 0x00, 0x64, 0x28, 0x00, 0x00, 0xFC, 0x7D, 0x00, 0x00,
    0xF8, 0x3D, 0x00, 0x00, 0x00, 0x00, 0x00, 0x00, 0x05, 0x40, 0x00, 0x00, 0xBF, 0xFD, 0x00, 0x07,
    0xE0, 0x1F, 0xC0, 0x0F, 0x00, 0x03, 0xE0, 0x3D, 0x00, 0x00, 0xF4, 0x3C, 0x00, 0x00, 0xFC, 0xBC,
    0x00, 0x00, 0x7C, 0xB8, 0x00, 0x00, 0x7C, 0xF8, 0x00, 0x00, 0x3D, 0xF8, 0x00, 0x00, 0x3C, 0xB8,
    0x00, 0x00, 0x7C, 0xBC, 0x00, 0x00, 0x7C, 0x7C, 0x00, 0x00, 0xB8, 0x3E, 0x00, 0x00, 0xF0, 0x0F,
    0x80, 0x03, 0xD0, 0x07, 0xF4, 0x1F, 0x80, 0x00, 0xBF, 0xFD, 0x00, 0x00, 0x01, 0x40, 0x00, 0x00,
    0x00, 0x0C, 0x00, 0xE3, 0xC0, 0xF0, 0x3D, 0xF0, 0x02, 0xF0, 0x00, 0xFC, 0x00, 0xF3, 0xC0, 0xF0,
    0x3C, 0x30, 0x03, 0x40, 0x00, 0x00, 0x00, 0x01, 0x50, 0x01, 0x00, 0x0B, 0xFF, 0xE3, 0xC0, 0x1F,
    0x80, 0x7F, 0xC0, 0x0F, 0x00, 0x03, 0xF0, 0x0F, 0x40, 0x02, 0xFD, 0x03, 0xC0, 0x01, 0xDF, 0xC2,
    0xF0, 0x00, 0xE1, 0xF0, 0xB8, 0x00, 0xF0, 0x7C, 0x3E, 0x00, 0xF0, 0x1F, 0x4F, 0x80, 0xB0, 0x03,
    0xC3, 0xE0, 0x74, 0x01, 0xF0, 0xBC, 0x74, 0x00, 0x7C, 0x1F, 0x78, 0x00, 0x2E, 0x03, 0xFC, 0x00,
    0x0F, 0x00, 0x7E, 0x00, 0x0F, 0x40, 0x2F, 0xF4, 0x1F, 0x80, 0x1D, 0x2F, 0xFF, 0x40, 0x05, 0x00,
    0x14, 0x00, 0x00, 0x00, 0x00, 0x00, 0x00, 0x00, 0x03, 0xC0, 0x00, 0x00, 0x00, 0xFC, 0x00, 0x00,
    0x00, 0x0B, 0xC0, 0x00, 0x00, 0x00, 0x14, 0x00, 0x00, 0x00, 0x00, 0x00, 0x0F, 0xFF, 0x40, 0x3F,
    0xF4, 0x7E, 0x00, 0x01, 0xE0, 0x0F, 0x40, 0x00, 0x38, 0x03, 0xD0, 0x00, 0x0E, 0x00, 0xF4, 0x00,
    0x03, 0x80, 0x3D, 0x00, 0x00, 0xE0, 0x0F, 0x40, 0x00, 0x38, 0x03, 0xD0, 0x00, 0x0E, 0x00, 0xF4,
    0x00, 0x03, 0x80, 0x3D, 0x00, 0x00, 0xD0, 0x0F, 0x40, 0x00, 0x34, 0x02, 0xE0, 0x00, 0x1D, 0x00,
    0xBC, 0x00, 0x0B, 0x00, 0x0F, 0x40, 0x03, 0x80, 0x02, 0xF9, 0x5B, 0xC0, 0x00, 0x1F, 0xFF, 0x80,
    0x00, 0x00, 0x14, 0x00, 0x00, 0x00, 0x00, 0x00, 0x00, 0x00, 0x00, 0x0B, 0x00, 0x00, 0x00, 0x0F,
    0xC0, 0x00, 0x00, 0x0F, 0x80, 0x00, 0x00, 0x05, 0x00, 0x00, 0x00, 0x00, 0x00, 0x00, 0x0F, 0xFF,
    0x40, 0x3F, 0xF4, 0x7E, 0x00, 0x01, 0xE0, 0x0F, 0x40, 0x00, 0x38, 0x03, 0xD0, 0x00, 0x0E, 0x00,
    0xF4, 0x00, 0x03, 0x80, 0x3D, 0x00, 0x00, 0xE0, 0x0F, 0x40, 0x00, 0x38, 0x03, 0xD0, 0x00, 0x0E,
    0x00, 0xF4, 0x00, 0x03, 0x80, 0x3D, 0x00, 0x00, 0xD0, 0x0F, 0x40, 0x00, 0x34, 0x02, 0xE0, 0x00,
    0x1D, 0x00, 0xBC, 0x00, 0x0B, 0x00, 0x0F, 0x40, 0x03, 0x80, 0x02, 0xF9, 0x5B, 0xC0, 0x00, 0x1F,
    0xFF, 0x80, 0x00, 0x00, 0x14, 0x00, 0x00, 0x00, 0x00, 0x40, 0x00, 0x00, 0x00, 0xB8, 0x00, 0x00,
    0x00, 0xBF, 0x80, 0x00, 0x00, 0xB8, 0x78, 0x00, 0x00, 0x20, 0x02, 0x00, 0x00, 0x00, 0x00, 0x00,
    0x0F, 0xFF, 0x40, 0x3F, 0xF4, 0x7E, 0x00, 0x01, 0xE0, 0x0F, 0x40, 0x00, 0x38, 0x03, 0xD0, 0x00,
    0x0E, 0x00, 0xF4, 0x00, 0x03, 0x80, 0x3D, 0x00, 0x00, 0xE0, 0x0F, 0x40, 0x00, 0x38, 0x03, 0xD0,
    0x00, 0x0E, 0x00, 0xF4, 0x00, 0x03, 0x80, 0x3D, 0x00, 0x00, 0xD0, 0x0F, 0x40, 0x00, 0x34, 0x02,
    0xE0, 0x00, 0x1D, 0x00, 0xBC, 0x00, 0x0B, 0x00, 0x0F, 0x40, 0x03, 0x80, 0x02, 0xF9, 0x5B, 0xC0,
    0x00, 0x1F, 0xFF, 0x80, 0x00, 0x00, 0x14, 0x00, 0x00, 0x00, 0x28, 0x0A, 0x00, 0x00, 0x0F, 0x8B,
    0xD0, 0x00, 0x03, 0xD1, 0xF0, 0x00, 0x00, 0x00, 0x00, 0x00, 0x00, 0x00, 0x00, 0x00, 0x3F, 0xFD,
    0x00, 0xFF, 0xD1, 0xF8, 0x00, 0x07, 0x80, 0x3D, 0x00, 0x00, 0xE0, 0x0F, 0x40, 0x00, 0x38, 0x03,
    0xD0, 0x00, 0x0E, 0x00, 0xF4, 0x00, 0x03, 0x80, 0x3D, 0x00, 0x00, 0xE0, 0x0F, 0x40, 0x00, 0x38,
    0x03, 0xD0, 0x00, 0x0E, 0x00, 0xF4, 0x00, 0x03, 0x40, 0x3D, 0x00, 0x00, 0xD0, 0x0B, 0x80, 0x00,
    0x74, 0x02, 0xF0, 0x00, 0x2C, 0x00, 0x3D, 0x00, 0x0E, 0x00, 0x0B, 0xE5, 0x6F, 0x00, 0x00, 0x7F,
    0xFE, 0x00, 0x00, 0x00, 0x50, 0x00, 0x00, 0x00, 0x00, 0x00, 0x00, 0x00, 0x00, 0x2C, 0x00, 0x00,
    0x00, 0xBC, 0x00, 0x00, 0x03, 0xE0, 0x00, 0x00, 0x05, 0x00, 0x00, 0x00, 0x00, 0x00, 0x00, 0xBF,
    0xFC, 0x0B, 0xFF, 0x1F, 0xC0, 0x01, 0xF4, 0x07, 0xD0, 0x00, 0xD0, 0x02, 0xF0, 0x03, 0xC0, 0x00,
    0xF8, 0x07, 0x00, 0x00, 0x7C, 0x0E, 0x00, 0x00, 0x2E, 0x2C, 0x00, 0x00, 0x0F, 0xB4, 0x00, 0x00,
    0x07, 0xE0, 0x00, 0x00, 0x03, 0xD0, 0x00, 0x00, 0x03, 0xD0, 0x00, 0x00, 0x03, 0xD0, 0x00, 0x00,
    0x03, 0xD0, 0x00, 0x00, 0x03, 0xD0, 0x00, 0x00, 0x07, 0xE0, 0x00, 0x00, 0x3F, 0xFD, 0x00, 0x00,
    0x00, 0x00, 0x2F, 0xFF, 0x00, 0x00, 0xFC, 0x00, 0x00, 0x2E, 0x00, 0x00, 0x0B, 0xFE, 0x90, 0x02,
    0xF5, 0xBF, 0x00, 0xB8, 0x03, 0xE0, 0x2E, 0x00, 0x7C, 0x0B, 0x80, 0x1F, 0x02, 0xE0, 0x07, 0xC0,
    0xB8, 0x02, 0xF0, 0x2E, 0x01, 0xF0, 0x0B, 0xEB, 0xF0, 0x02, 0xFA, 0x50, 0x00, 0xB8, 0x00, 0x00,
    0x3F, 0x40, 0x00, 0xBF, 0xFC, 0x00, 0x00, 0x00, 0x1B, 0xF8, 0x00, 0x02, 0xE5, 0xBC, 0x00, 0x1E,
    0x00, 0xB4, 0x00, 0xB0, 0x02, 0xD0, 0x03, 0xC0, 0x0B, 0x00, 0x0F, 0x00, 0x34, 0x01, 0xBC, 0x03,
    0x80, 0x0B, 0xF0, 0x2C, 0x00, 0x03, 0xC0, 0xF0, 0x00, 0x0F, 0x03, 0xD0, 0x00, 0x3C, 0x0F, 0xD0,
    0x00, 0xF0, 0x0F, 0xF4, 0x03, 0xC0, 0x0B, 0xF4, 0x0F, 0x00, 0x02, 0xF0, 0x3C, 0x20, 0x03, 0xC0,
    0xF1, 0xD0, 0x0F, 0x07, 0xC3, 0xD0, 0xB4, 0xFF, 0x0E, 0xFF, 0x80, 0x00, 0x10, 0x50, 0x00, 0x06,
    0x00, 0x00, 0x0F, 0x80, 0x00, 0x07, 0xD0, 0x00, 0x00, 0xB0, 0x00, 0x00, 0x10, 0x00, 0x00, 0x00,
    0x00, 0x0B, 0xF8, 0x00, 0x39, 0x1F, 0x00, 0xB8, 0x07, 0x80, 0xB8, 0x07, 0xC0, 0x00, 0x03, 0xC0,
    0x00, 0x5B, 0xC0, 0x1F, 0xEF, 0xC0, 0x7D, 0x03, 0xC0, 0xB8, 0x07, 0xC0, 0xF8, 0x0B, 0xC0, 0xBD,
    0x6F, 0xD4, 0x2F, 0xE2, 0xFC, 0x01, 0x00, 0x10, 0x00, 0x18, 0x00, 0x00, 0x3C, 0x00, 0x00, 0xF8,
    0x00, 0x02, 0xD0, 0x00, 0x01, 0x00, 0x00, 0x00, 0x00, 0x00, 0x0B, 0xF8, 0x00, 0x39, 0x1F, 0x00,
    0xB8, 0x07, 0x80, 0xB8, 0x07, 0xC0, 0x00, 0x03, 0xC0, 0x00, 0x5B, 0xC0, 0x1F, 0xEF, 0xC0, 0x7D,
    0x03, 0xC0, 0xB8, 0x07, 0xC0, 0xF8, 0x0B, 0xC0, 0xBD, 0x6F, 0xD4, 0x2F, 0xE2, 0xFC, 0x01, 0x00,
    0x10, 0x00, 0xD0, 0x00, 0x03, 0xF0, 0x00, 0x0B, 0xBC, 0x00, 0x1D, 0x0E, 0x00, 0x10, 0x01, 0x00,
    0x00, 0x00, 0x00, 0x0B, 0xF8, 0x00, 0x39, 0x1F, 0x00, 0xB8, 0x07, 0x80, 0xB8, 0x07, 0xC0, 0x00,
    0x03, 0xC0, 0x00, 0x5B, 0xC0, 0x1F, 0xEF, 0xC0, 0x7D, 0x03, 0xC0, 0xB8, 0x07, 0xC0, 0xF8, 0x0B,
    0xC0, 0xBD, 0x6F, 0xD4, 0x2F, 0xE2, 0xFC, 0x01, 0x00, 0x10, 0x00, 0x00, 0x00, 0x0F, 0x91, 0x00,
    0x3F, 0xFF, 0x00, 0x10, 0x69, 0x00, 0x00, 0x00, 0x00, 0x00, 0x00, 0x00, 0x0B, 0xF8, 0x00, 0x39,
    0x1F, 0x00, 0xB8, 0x07, 0x80, 0xB8, 0x07, 0xC0, 0x00, 0x03, 0xC0, 0x00, 0x5B, 0xC0, 0x1F, 0xEF,
    0xC0, 0x7D, 0x03, 0xC0, 0xB8, 0x07, 0xC0, 0xF8, 0x0B, 0xC0, 0xBD, 0x6F, 0xD4, 0x2F, 0xE2, 0xFC,
    0x01, 0x00, 0x10, 0x00, 0x00, 0x00, 0x1E, 0x0F, 0x40, 0x3F, 0x0F, 0x80, 0x19, 0x0A, 0x00, 0x00,
    0x00, 0x00, 0x00, 0x00, 0x00, 0x0B, 0xF8, 0x00, 0x39, 0x1F, 0x00, 0xB8, 0x07, 0x80, 0xB8, 0x07,
    0xC0, 0x00, 0x03, 0xC0, 0x00, 0x5B, 0xC0, 0x1F, 0xEF, 0xC0, 0x7D, 0x03, 0xC0, 0xB8, 0x07, 0xC0,
    0xF8, 0x0B, 0xC0, 0xBD, 0x6F, 0xD4, 0x2F, 0xE2, 0xFC, 0x01, 0x00, 0x10, 0x00, 0x00, 0x00, 0x03,
    0xF4, 0x00, 0x0B, 0x1C, 0x00, 0x0E, 0x0C, 0x00, 0x07, 0x7C, 0x00, 0x01, 0xA0, 0x00, 0x00, 0x00,
    0x00, 0x0B, 0xF8, 0x00, 0x39, 0x1F, 0x00, 0xB8, 0x07, 0x80, 0xB8, 0x07, 0xC0, 0x00, 0x03, 0xC0,
    0x00, 0x5B, 0xC0, 0x1F, 0xEF, 0xC0, 0x7D, 0x03, 0xC0, 0xB8, 0x07, 0xC0, 0xF8, 0x0B, 0xC0, 0xBD,
    0x6F, 0xD4, 0x2F, 0xE2, 0xFC, 0x01, 0x00, 0x10, 0x0B, 0xF8, 0x1B, 0xE4, 0x0E, 0x57, 0xEE, 0x5F,
    0x4B, 0x80, 0x7E, 0x00, 0xF2, 0xE0, 0x1F, 0x00, 0x3D, 0x00, 0x03, 0xC0, 0x0F, 0x40, 0x16, 0xFF,
    0xFF, 0xD1, 0xFE, 0xFD, 0x55, 0x51, 0xF0, 0x0F, 0x00, 0x00, 0xB8, 0x07, 0xD0, 0x00, 0x3E, 0x02,
    0xFC, 0x00, 0x4B, 0xD6, 0xDF, 0xE5, 0xF0, 0xFF, 0xD0, 0xBF, 0xE0, 0x01, 0x00, 0x01, 0x40, 0x00,
    0x01, 0xFE, 0x00, 0xF9, 0x7C, 0x3D, 0x03, 0xE7, 0xC0, 0x3E, 0xB8, 0x01, 0x4F, 0x40, 0x00, 0xF4,
    0x00, 0x0F, 0x80, 0x00, 0xBC, 0x00, 0x07, 0xE0, 0x04, 0x2F, 0xD6, 0xD0, 0x7F, 0xF4, 0x00, 0xA0,
    0x00, 0x0F, 0x80, 0x00, 0x1E, 0x00, 0x10, 0xE0, 0x03, 0xFC, 0x00, 0x00, 0x00, 0x02, 0x40, 0x00,
    0x0F, 0x00, 0x00, 0x2F, 0x00, 0x00, 0x1E, 0x00, 0x00, 0x04, 0x00, 0x00, 0x00, 0x00, 0x1F, 0xE0,
    0x03, 0xD6, 0xF0, 0x3C, 0x02, 0xE1, 0xE0, 0x07, 0xCB, 0x40, 0x1F, 0x3F, 0xFF, 0xF8, 0xF9, 0x55,
    0x43, 0xE0, 0x00, 0x0B, 0xC0, 0x00, 0x0F, 0x40, 0x04, 0x2F, 0x96, 0xE0, 0x1F, 0xFD, 0x00, 0x01,
    0x00, 0x00, 0x00, 0x05, 0x00, 0x00, 0x7C, 0x00, 0x03, 0xD0, 0x00, 0x3C, 0x00, 0x00, 0x40, 0x00,
    0x00, 0x00, 0x00, 0x1F, 0xE0, 0x03, 0xD6, 0xF0, 0x3C, 0x02, 0xE1, 0xE0, 0x07, 0xCB, 0x40, 0x1F,
    0x3F, 0xFF, 0xF8, 0xF9, 0x55, 0x43, 0xE0, 0x00, 0x0B, 0xC0, 0x00, 0x0F, 0x40, 0x04, 0x2F, 0x96,
    0xE0, 0x1F, 0xFD, 0x00, 0x01, 0x00, 0x00, 0x00, 0x70, 0x00, 0x03, 0xF0, 0x00, 0x3E, 0xE0, 0x02,
    0xC1, 0xD0, 0x04, 0x00, 0x40, 0x00, 0x00, 0x00, 0x1F, 0xE0, 0x03, 0xD6, 0xF0, 0x3C, 0x02, 0xE1,
    0xE0, 0x07, 0xCB, 0x40, 0x1F, 0x3F, 0xFF, 0xF8, 0xF9, 0x55, 0x43, 0xE0, 0x00, 0x0B, 0xC0, 0x00,
    0x0F, 0x40, 0x04, 0x2F, 0x96, 0xE0, 0x1F, 0xFD, 0x00, 0x01, 0x00, 0x00, 0x00, 0x00, 0x00, 0x3D,
    0x1F, 0x00, 0xF8, 0xBD, 0x02, 0x80, 0xA0, 0x00, 0x00, 0x00, 0x00, 0x00, 0x00, 0x1F, 0xE0, 0x03,
    0xD6, 0xF0, 0x3C, 0x02, 0xE1, 0xE0, 0x07, 0xCB, 0x40, 0x1F, 0x3F, 0xFF, 0xF8, 0xF9, 0x55, 0x43,
    0xE0, 0x00, 0x0B, 0xC0, 0x00, 0x0F, 0x40, 0x04, 0x2F, 0x96, 0xE0, 0x1F, 0xFD, 0x00, 0x01, 0x00,
    0x00, 0x20, 0x00, 0x7C, 0x00, 0x2E, 0x00, 0x07, 0x40, 0x00, 0x40, 0x00, 0x00, 0x1A, 0x80, 0x2F,
    0xC0, 0x03, 0xC0, 0x03, 0xC0, 0x03, 0xC0, 0x03, 0xC0, 0x03, 0xC0, 0x03, 0xC0, 0x03, 0xC0, 0x03,
    0xC0, 0x07, 0xD0, 0x3F, 0xFC, 0x00, 0x90, 0x02, 0xE0, 0x07, 0xC0, 0x0E, 0x00, 0x14, 0x00, 0x00,
    0x00, 0x1A, 0x80, 0x2F, 0xC0, 0x03, 0xC0, 0x03, 0xC0, 0x03, 0xC0, 0x03, 0xC0, 0x03, 0xC0, 0x03,
    0xC0, 0x03, 0xC0, 0x03, 0xC0, 0x07, 0xD0, 0x3F, 0xFC, 0x01, 0x80, 0x01, 0xF8, 0x00, 0xFB, 0x40,
    0xE0, 0x70, 0x10, 0x05, 0x00, 0x00, 0x00, 0x6A, 0x00, 0x2F, 0xC0, 0x00, 0xF0, 0x00, 0x3C, 0x00,
    0x0F, 0x00, 0x03, 0xC0, 0x00, 0xF0, 0x00, 0x3C, 0x00, 0x0F, 0x00, 0x03, 0xC0, 0x01, 0xF4, 0x03,
    0xFF, 0xC0, 0x00, 0x00, 0x0F, 0x07, 0x87, 0xE3, 0xF0, 0xA0, 0x64, 0x00, 0x00, 0x00, 0x00, 0x00,
    0x6A, 0x00, 0x2F, 0xC0, 0x00, 0xF0, 0x00, 0x3C, 0x00, 0x0F, 0x00, 0x03, 0xC0, 0x00, 0xF0, 0x00,
    0x3C, 0x00, 0x0F, 0x00, 0x03, 0xC0, 0x01, 0xF4, 0x03, 0xFF, 0xC0, 0x00, 0x00, 0x00, 0x06, 0x40,
    0x70, 0x06, 0xFE, 0xD0, 0x00, 0x1F, 0x80, 0x00, 0x3B, 0xD0, 0x00, 0x91, 0xF0, 0x00, 0x00, 0xF4,
    0x00, 0x50, 0xBC, 0x0B, 0xFE, 0x7C, 0x2F, 0x42, 0xFC, 0x7C, 0x00, 0xBC, 0xB8, 0x00, 0x7C, 0xF4,
    0x00, 0x7C, 0xF4, 0x00, 0x3C, 0xF4, 0x00, 0x7C, 0xB8, 0x00, 0xB4, 0x7C, 0x00, 0xF0, 0x2F, 0x42,
    0xD0, 0x0B, 0xFF, 0x40, 0x00, 0x50, 0x00, 0x00, 0x00, 0x00, 0x00, 0x0F, 0x91, 0x00, 0x02, 0xFF,
    0xF0, 0x00, 0x10, 0x69, 0x00, 0x00, 0x00, 0x00, 0x00, 0x00, 0x00, 0x00, 0x6A, 0x0B, 0xE0, 0x0B,
    0xF7, 0xEF, 0xC0, 0x0F, 0xC0, 0x3D, 0x00, 0xF4, 0x02, 0xE0, 0x0F, 0x00, 0x1E, 0x00, 0xF0, 0x01,
    0xE0, 0x0F, 0x00, 0x1E, 0x00, 0xF0, 0x01, 0xE0, 0x0F, 0x00, 0x1E, 0x00, 0xF0, 0x01, 0xE0, 0x1F,
    0x40, 0x2F, 0x0B, 0xFF, 0x0F, 0xFD, 0x01, 0x80, 0x00, 0x03, 0xE0, 0x00, 0x01, 0xF4, 0x00, 0x00,
    0x2C, 0x00, 0x00, 0x04, 0x00, 0x00, 0x00, 0x00, 0x01, 0xFE, 0x40, 0x0F, 0x9B, 0xE0, 0x3D, 0x00,
    0xF4, 0x78, 0x00, 0x7C, 0xB4, 0x00, 0x3C, 0xF4, 0x00, 0x3D, 0xF4, 0x00, 0x3D, 0xF8, 0x00, 0x3C,
    0xBC, 0x00, 0x3C, 0x7D, 0x00, 0xB4, 0x2F, 0x42, 0xF0, 0x07, 0xFF, 0x80, 0x00, 0x10, 0x00, 0x00,
    0x02, 0x00, 0x00, 0x0F, 0x40, 0x00, 0x3E, 0x00, 0x00, 0xB4, 0x00, 0x00, 0x40, 0x00, 0x00, 0x00,
    0x00, 0x01, 0xFE, 0x40, 0x0F, 0x9B, 0xE0, 0x3D, 0x00, 0xF4, 0x78, 0x00, 0x7C, 0xB4, 0x00, 0x3C,
    0xF4, 0x00, 0x3D, 0xF4, 0x00, 0x3D, 0xF8, 0x00, 0x3C, 0xBC, 0x00, 0x3C, 0x7D, 0x00, 0xB4, 0x2F,
    0x42, 0xF0, 0x07, 0xFF, 0x80, 0x00, 0x10, 0x00, 0x00, 0x24, 0x00, 0x00, 0xBD, 0x00, 0x02, 0xEF,
    0x00, 0x07, 0x43, 0xC0, 0x04, 0x00, 0x40, 0x00, 0x00, 0x00, 0x01, 0xFE, 0x40, 0x0F, 0x9B, 0xE0,
    0x3D, 0x00, 0xF4, 0x78, 0x00, 0x7C, 0xB4, 0x00, 0x3C, 0xF4, 0x00, 0x3D, 0xF4, 0x00, 0x3D, 0xF8,
    0x00, 0x3C, 0xBC, 0x00, 0x3C, 0x7D, 0x00, 0xB4, 0x2F, 0x42, 0xF0, 0x07, 0xFF, 0x80, 0x00, 0x10,
    0x00, 0x00, 0x00, 0x00, 0x03, 0xE4, 0x40, 0x0B, 0xFF, 0xC0, 0x04, 0x1A, 0x40, 0x00, 0x00, 0x00,
    0x00, 0x00, 0x00, 0x01, 0xFE, 0x40, 0x0F, 0x9B, 0xE0, 0x3D, 0x00, 0xF4, 0x78, 0x00, 0x7C, 0xB4,
    0x00, 0x3C, 0xF4, 0x00, 0x3D, 0xF4, 0x00, 0x3D, 0xF8, 0x00, 0x3C, 0xBC, 0x00, 0x3C, 0x7D, 0x00,
    0xB4, 0x2F, 0x42, 0xF0, 0x07, 0xFF, 0x80, 0x00, 0x10, 0x00, 0x00, 0x00, 0x00, 0x07, 0xC3, 0xD0,
    0x0B, 0xC3, 0xE0, 0x06, 0x42, 0x80, 0x00, 0x00, 0x00, 0x00, 0x00, 0x00, 0x01, 0xFE, 0x40, 0x0F,
    0x9B, 0xE0, 0x3D, 0x00, 0xF4, 0x78, 0x00, 0x7C, 0xB4, 0x00, 0x3C, 0xF4, 0x00, 0x3D, 0xF4, 0x00,
    0x3D, 0xF8, 0x00, 0x3C, 0xBC, 0x00, 0x3C, 0x7D, 0x00, 0xB4, 0x2F, 0x42, 0xF0, 0x07, 0xFF, 0x80,
    0x00, 0x10, 0x00, 0x00, 0x78, 0x00, 0x03, 0xF0, 0x00, 0x07, 0x80, 0x00, 0x00, 0x00, 0x2A, 0xAA,
    0xA4, 0xAA, 0xAA, 0x90, 0x00, 0x00, 0x00, 0x1E, 0x00, 0x00, 0xFC, 0x00, 0x01, 0xE0, 0x00, 0x00,
    0x1F, 0xE5, 0xD0, 0x0F, 0x9B, 0xF8, 0x03, 0xD0, 0x1F, 0x80, 0x78, 0x03, 0xFC, 0x0B, 0x40, 0xE3,
    0xC0, 0xF4, 0x3C, 0x3D, 0x0F, 0x4F, 0x03, 0xD0, 0xFA, 0xC0, 0x3C, 0x0B, 0xF0, 0x03, 0xC0, 0x3D,
    0x00, 0xB4, 0x07, 0xF4, 0x2F, 0x01, 0xD7, 0xFF, 0x80, 0x14, 0x01, 0x00, 0x00, 0x00, 0x20, 0x00,
    0x00, 0x0B, 0x80, 0x00, 0x00, 0x3D, 0x00, 0x00, 0x00, 0xB0, 0x00, 0x00, 0x01, 0x40, 0x00, 0x00,
    0x00, 0x00, 0x2A, 0x40, 0x6A, 0x02, 0xF8, 0x0B, 0xF0, 0x0B, 0x80, 0x0F, 0x00, 0xB8, 0x00, 0xF0,
    0x0B, 0x80, 0x0F, 0x00, 0xB8, 0x00, 0xF0, 0x0B, 0x80, 0x0F, 0x00, 0xB8, 0x00, 0xF0, 0x0B, 0x80,
    0x1F, 0x00, 0x7C, 0x03, 0xF0, 0x03, 0xE5, 0xEF, 0x40, 0x1F, 0xF8, 0xFF, 0x00, 0x04, 0x00, 0x00,
    0x00, 0x00, 0x80, 0x00, 0x00, 0x3D, 0x00, 0x00, 0x0B, 0xC0, 0x00, 0x01, 0xD0, 0x00, 0x00, 0x10,
    0x00, 0x00, 0x00, 0x00, 0x00, 0x2A, 0x40, 0x6A, 0x02, 0xF8, 0x0B, 0xF0, 0x0B, 0x80, 0x0F, 0x00,
    0xB8, 0x00, 0xF0, 0x0B, 0x80, 0x0F, 0x00, 0xB8, 0x00, 0xF0, 0x0B, 0x80, 0x0F, 0x00, 0xB8, 0x00,
    0xF0, 0x0B, 0x80, 0x1F, 0x00, 0x7C, 0x03, 0xF0, 0x03, 0xE5, 0xEF, 0x40, 0x1F, 0xF8, 0xFF, 0x00,
    0x04, 0x00, 0x00, 0x00, 0x0A, 0x00, 0x00, 0x02, 0xF4, 0x00, 0x00, 0x7B, 0xC0, 0x00, 0x0D, 0x0B,
    0x00, 0x01, 0x40, 0x10, 0x00, 0x00, 0x00, 0x00, 0x2A, 0x40, 0x6A, 0x02, 0xF8, 0x0B, 0xF0, 0x0B,
    0x80, 0x0F, 0x00, 0xB8, 0x00, 0xF0, 0x0B, 0x80, 0x0F, 0x00, 0xB8, 0x00, 0xF0, 0x0B, 0x80, 0x0F,
    0x00, 0xB8, 0x00, 0xF0, 0x0B, 0x80, 0x1F, 0x00, 0x7C, 0x03, 0xF0, 0x03, 0xE5, 0xEF, 0x40, 0x1F,
    0xF8, 0xFF, 0x00, 0x04, 0x00, 0x00, 0x00, 0x00, 0x00, 0x00, 0x1F, 0x0F, 0x40, 0x02, 0xF0, 0xF8,
    0x00, 0x0A, 0x0A, 0x00, 0x00, 0x00, 0x00, 0x00, 0x00, 0x00, 0x00, 0x2A, 0x40, 0x6A, 0x02, 0xF8,
    0x0B, 0xF0, 0x0B, 0x80, 0x0F, 0x00, 0xB8, 0x00, 0xF0, 0x0B, 0x80, 0x0F, 0x00, 0xB8, 0x00, 0xF0,
    0x0B, 0x80, 0x0F, 0x00, 0xB8, 0x00, 0xF0, 0x0B, 0x80, 0x1F, 0x00, 0x7C, 0x03, 0xF0, 0x03, 0xE5,
    0xEF, 0x40, 0x1F, 0xF8, 0xFF, 0x00, 0x04, 0x00, 0x00, 0x00, 0x00, 0x80, 0x00, 0x00, 0x2E, 0x00,
    0x00, 0x07, 0xC0, 0x00, 0x00, 0xE0, 0x00, 0x00, 0x14, 0x00, 0x00, 0x00, 0x00, 0x00, 0x6A, 0xA0,
    0x6A, 0x87, 0xFD, 0x07, 0xF8, 0x0F, 0x40, 0x0D, 0x00, 0xBC, 0x02, 0xC0, 0x03, 0xC0, 0x38, 0x00,
    0x3E, 0x07, 0x00, 0x01, 0xF0, 0xE0, 0x00, 0x0F, 0x4C, 0x00, 0x00, 0xBA, 0xC0, 0x00, 0x03, 0xF4,
    0x00, 0x00, 0x2F, 0x00, 0x00, 0x01, 0xE0, 0x00, 0x00, 0x1C, 0x00, 0x00, 0x03, 0x80, 0x00, 0x7C,
    0x70, 0x00, 0x0B, 0xCE, 0x00, 0x00, 0x7F, 0x80, 0x00, 0x00, 0x00, 0x00, 0x00, 0x5A, 0x00, 0x00,
    0x2F, 0xD0, 0x00, 0x00, 0xF4, 0x00, 0x00, 0x3D, 0x00, 0x00, 0x0F, 0x40, 0x00, 0x03, 0xD0, 0x00,
    0x00, 0xF4, 0xBE, 0x40, 0x3D, 0xFB, 0xF4, 0x0F, 0xD0, 0x2F, 0x03, 0xE0, 0x03, 0xD0, 0xF4, 0x00,
    0xB8, 0x3D, 0x00, 0x2E, 0x0F, 0x40, 0x0B, 0x83, 0xD0, 0x02, 0xE0, 0xF4, 0x00, 0xF4, 0x3D, 0x00,
    0x7C, 0x0F, 0xE5, 0xBD, 0x03, 0xFF, 0xFD, 0x00, 0xF4, 0x00, 0x00, 0x3D, 0x00, 0x00, 0x0F, 0x40,
    0x00, 0x07, 0xE0, 0x00, 0x0B, 0xFF, 0x40, 0x00, 0x00, 0x00, 0x00, 0x00, 0x00, 0x00, 0x00, 0x0F,
    0x0B, 0x80, 0x01, 0xF4, 0xFC, 0x00, 0x0A, 0x06, 0x40, 0x00, 0x00, 0x00, 0x00, 0x00, 0x00, 0x00,
    0x6A, 0xA0, 0x6A, 0x87, 0xFD, 0x07, 0xF8, 0x0F, 0x40, 0x0D, 0x00, 0xBC, 0x02, 0xC0, 0x03, 0xC0,
    0x38, 0x00, 0x3E, 0x07, 0x00, 0x01, 0xF0, 0xE0, 0x00, 0x0F, 0x4C, 0x00, 0x00, 0xBA, 0xC0, 0x00,
    0x03, 0xF4, 0x00, 0x00, 0x2F, 0x00, 0x00, 0x01, 0xE0, 0x00, 0x00, 0x1C, 0x00, 0x00, 0x03, 0x80,
    0x00, 0x7C, 0x70, 0x00, 0x0B, 0xCE, 0x00, 0x00, 0x7F, 0x80, 0x00, 0x00, 0x00, 0x00, 0x00, 0x00,
    0x00, 0x00, 0x00, 0x00, 0x0C, 0x00, 0xC0, 0x00, 0x02, 0xD1, 0xF0, 0x00, 0x00, 0x3F, 0xF0, 0x00,
    0x00, 0x02, 0xA0, 0x00, 0x00, 0x00, 0x00, 0x00, 0x00, 0x00, 0x3F, 0x00, 0x00, 0x00, 0x0F, 0xD0,
    0x00, 0x00, 0x0B, 0xB8, 0x00, 0x00, 0x03, 0x5F, 0x00, 0x00, 0x01, 0xC3, 0xD0, 0x00, 0x00, 0xB0,
    0xB8, 0x00, 0x00, 0x34, 0x1F, 0x00, 0x00, 0x1C, 0x03, 0xD0, 0x00, 0x0B, 0x00, 0xB8, 0x00, 0x03,
    0xEA, 0xAF, 0x00, 0x01, 0xEA, 0xAB, 0xD0, 0x00, 0xE0, 0x00, 0xBC, 0x00, 0x34, 0x00, 0x1F, 0x00,
    0x2C, 0x00, 0x03, 0xE0, 0x1F, 0x40, 0x00, 0xFD, 0x2F, 0xFC, 0x02, 0xFF, 0xD0, 0x1A, 0x80, 0x2F,
    0xC0, 0x03, 0xC0, 0x03, 0xC0, 0x03, 0xC0, 0x03, 0xC0, 0x03, 0xC0, 0x03, 0xC0, 0x03, 0xC0, 0x03,
    0xC0, 0x07, 0xD0, 0x3F, 0xFC, 0x00, 0x05, 0x40, 0x00, 0x00, 0x00, 0x02, 0xFF, 0xF4, 0xFF, 0xFF,
    0x40, 0x7E, 0x01, 0xFB, 0xC0, 0x6E, 0x03, 0xC0, 0x00, 0xFF, 0x00, 0x3C, 0x3D, 0x00, 0x00, 0xFC,
    0x00, 0x70, 0xF0, 0x00, 0x03, 0xF0, 0x00, 0x0B, 0xC0, 0x00, 0x07, 0xC0, 0x30, 0x2E, 0x00, 0x00,
    0x1F, 0x01, 0xC0, 0xF8, 0x00, 0x00, 0x3F, 0xFF, 0x03, 0xE0, 0x00, 0x00, 0xFA, 0xBC, 0x0B, 0x80,
    0x00, 0x07, 0xC0, 0x30, 0x2F, 0x00, 0x00, 0x1F, 0x00, 0x40, 0x7C, 0x00, 0x00, 0xBC, 0x00, 0x00,
    0xF8, 0x00, 0x03, 0xF0, 0x00, 0xD0, 0xF8, 0x00, 0x3F, 0xC0, 0x07, 0x41, 0xFD, 0x07, 0xDF, 0x01,
    0x7C, 0x00, 0xBF, 0xF8, 0x3F, 0xFF, 0xF0, 0x00, 0x05, 0x00, 0x00, 0x00, 0x00, 0x01, 0xFE, 0x40,
    0xBF, 0x80, 0x3E, 0x6F, 0x8F, 0x5B, 0xC3, 0xD0, 0x0F, 0xF0, 0x0B, 0x5E, 0x00, 0x1F, 0x80, 0x1E,
    0xB4, 0x00, 0x3D, 0x00, 0x7B, 0xD0, 0x00, 0xFF, 0xFF, 0xEF, 0x40, 0x03, 0xE5, 0x55, 0x3E, 0x00,
    0x0F, 0x40, 0x00, 0xBC, 0x00, 0x3E, 0x00, 0x01, 0xF4, 0x02, 0xFD, 0x00, 0x52, 0xF4, 0x2E, 0xBE,
    0x5B, 0x41, 0xFF, 0xE0, 0x7F, 0xF4, 0x00, 0x10, 0x00, 0x04, 0x00, 0x20, 0x1F, 0x03, 0xE0, 0x2D,
    0x00, 0x40, 0x01, 0x41, 0xF0, 0xF4, 0xF0, 0x10, 0x00, 0x00, 0x00, 0x2F, 0x41, 0x7F, 0xFD, 0x00,
    0xA4, 0x00, 0x00, 0x3F, 0xFC, 0x15, 0x54, 0x00, 0x00, 0x7C, 0x3D, 0xBC, 0x3E, 0x28, 0x28, 0x05,
    0x07, 0x6D, 0xB0, 0xE0, 0x3C, 0x0B, 0x40, 0xA0, 0x00, 0x7D, 0x7E, 0x28, 0x02, 0x80, 0x90, 0x01,
    0xF4, 0xFC, 0x00, 0x3C, 0x2F, 0x00, 0x00, 0x00, 0x00, 0x00, 0x00, 0x00, 0x2F, 0xFF, 0xFF, 0x00,
    0xFC, 0x07, 0xD0, 0x2E, 0x00, 0x38, 0x0B, 0x80, 0x0A, 0x02, 0xE0, 0x00, 0x00, 0xB8, 0x02, 0x00,
    0x2E, 0x02, 0xC0, 0x0B, 0xFF, 0xF0, 0x02, 0xFA, 0xBC, 0x00, 0xB8, 0x07, 0x00, 0x2E, 0x00, 0x40,
    0x0B, 0x80, 0x00, 0x02, 0xE0, 0x00, 0xD0, 0xB8, 0x00, 0x70, 0x3F, 0x01, 0xBC, 0xBF, 0xFF, 0xFF,
    0x00, 0x00, 0x00, 0x00, 0x00, 0x00, 0xFF, 0xFF, 0xFF, 0xF0, 0x03, 0xD0, 0xF4, 0x0B, 0xC0, 0x1D,
    0x03, 0xC0, 0x07, 0x40, 0xB0, 0x0F, 0x00, 0x0E, 0x01, 0x40, 0x3C, 0x00, 0x24, 0x00, 0x00, 0xF0,
    0x00, 0x00, 0x00, 0x03, 0xC0, 0x69, 0x00, 0x00, 0x0F, 0x6F, 0xFF, 0x40, 0x00, 0x3F, 0xD0, 0x2F,
    0x40, 0x00, 0xF4, 0x00, 0x3E, 0x00, 0x03, 0xC0, 0x00, 0x7C, 0x00, 0x0F, 0x00, 0x01, 0xF0, 0x00,
    0x3C, 0x00, 0x07, 0xC0, 0x00, 0xF0, 0x00, 0x2E, 0x00, 0x07, 0xE0, 0x00, 0xF4, 0x00, 0xFF, 0xF0,
    0x07, 0xC0, 0x00, 0x00, 0x00, 0x3C, 0x00, 0x00, 0x00, 0x03, 0xC0, 0x00, 0x00, 0x00, 0x04, 0x00,
    0x00, 0x00, 0x00, 0x00, 0x00, 0xB4, 0x00, 0x00, 0xBD, 0x00, 0x00, 0xB8, 0x00, 0x00, 0x20, 0x00,
    0x00, 0x00, 0x00, 0x0B, 0xFF, 0xFF, 0xD0, 0x3F, 0x01, 0xF8, 0x0B, 0x80, 0x0F, 0x02, 0xE0, 0x01,
    0xC0, 0xB8, 0x00, 0x10, 0x2E, 0x00, 0x00, 0x0B, 0x80, 0x00, 0x02, 0xE0, 0x00, 0x00, 0xB8, 0x00,
    0x00, 0x2E, 0x00, 0x00, 0x0B, 0x80, 0x00, 0x02, 0xE0, 0x00, 0x00, 0xB8, 0x00, 0x00, 0x2E, 0x00,
    0x00, 0x0F, 0xD0, 0x00, 0x2F, 0xFF, 0x00, 0x00, 0x00, 0x01, 0x00, 0x00, 0x0B, 0xFF, 0x68, 0x03,
    0xE0, 0x2F, 0xC0, 0xF4, 0x00, 0x7C, 0x2E, 0x00, 0x02, 0xC3, 0xD0, 0x00, 0x08, 0x7C, 0x00, 0x00,
    0x0B, 0xC0, 0x00, 0x00, 0xBF, 0xFF, 0xF8, 0x0B, 0xD5, 0x55, 0x00, 0xBC, 0x00, 0x00, 0x07, 0xC0,
    0x00, 0x00, 0x3D, 0x00, 0x00, 0x02, 0xF0, 0x00, 0x08, 0x0F, 0xC0, 0x03, 0xC0, 0x7F, 0x96, 0xF0,
    0x00, 0xBF, 0xF8, 0x00, 0x00, 0x00, 0x00, 0x00, 0x14, 0x00, 0x07, 0xFF, 0xB8, 0x1F, 0x00, 0xF8,
    0x3D, 0x00, 0x3C, 0x3C, 0x00, 0x2C, 0x3D, 0x00, 0x04, 0x3F, 0x40, 0x00, 0x1F, 0xF4, 0x00, 0x07,
    0xFF, 0x80, 0x00, 0x7F, 0xF0, 0x00, 0x02, 0xFC, 0x00, 0x00, 0x7C, 0xA0, 0x00, 0x3D, 0xB4, 0x00,
    0x3C, 0xBC, 0x00, 0x3C, 0x7F, 0x41, 0xF4, 0x72, 0xFF, 0xD0, 0x00, 0x14, 0x00, 0x00, 0x02, 0xFF,
    0xF0, 0xBC, 0x01, 0xF0, 0x07, 0xC0, 0x1F, 0x00, 0x7C, 0x01, 0xF0, 0x07, 0xC0, 0x1F, 0x00, 0x7C,
    0x01, 0xF0, 0x07, 0xC0, 0x1F, 0x00, 0x7C, 0x02, 0xF4, 0xBF, 0xFC, 0x18, 0x0A, 0x0F, 0xC7, 0xD3,
    0xE0, 0xF0, 0x00, 0x00, 0x00, 0x00, 0x0B, 0xFF, 0xC0, 0x2F, 0x00, 0x07, 0xC0, 0x01, 0xF0, 0x00,
    0x7C, 0x00, 0x1F, 0x00, 0x07, 0xC0, 0x01, 0xF0, 0x00, 0x7C, 0x00, 0x1F, 0x00, 0x07, 0xC0, 0x01,
    0xF0, 0x00, 0x7C, 0x00, 0x1F, 0x00, 0x0B, 0xD0, 0x2F, 0xFF, 0x00, 0x00, 0x00, 0x00, 0x00, 0x3F,
    0xFF, 0x00, 0x02, 0xF4, 0x00, 0x01, 0xF0, 0x00, 0x01, 0xF0, 0x00, 0x01, 0xF0, 0x00, 0x01, 0xF0,
    0x00, 0x01, 0xF0, 0x00, 0x01, 0xF0, 0x00, 0x01, 0xF0, 0x00, 0x01, 0xF0, 0x00, 0x01, 0xF0, 0x04,
    0x01, 0xF0, 0x2F, 0x02, 0xE0, 0x3F, 0x03, 0xD0, 0x3E, 0x0B, 0xC0, 0x0F, 0xFE, 0x00, 0x00, 0x50,
    0x00, 0x00, 0x00, 0x00, 0x00, 0x00, 0x00, 0x0F, 0xFF, 0xFF, 0xFC, 0x00, 0x00, 0x07, 0x95, 0x6F,
    0x40, 0x00, 0x00, 0x0E, 0x00, 0x7C, 0x00, 0x00, 0x00, 0x34, 0x01, 0xF0, 0x00, 0x00, 0x00, 0xD0,
    0x07, 0xC0, 0x00, 0x00, 0x03, 0x40, 0x1F, 0x00, 0x00, 0x00, 0x0D, 0x00, 0x7C, 0x50, 0x00, 0x00,
    0x34, 0x01, 0xFF, 0xFE, 0x00, 0x00, 0xC0, 0x07, 0xC0, 0x2F, 0x00, 0x07, 0x00, 0x1F, 0x00, 0x3E,
    0x00, 0x1C, 0x00, 0x7C, 0x00, 0x7C, 0x00, 0xB0, 0x01, 0xF0, 0x01, 0xF0, 0x03, 0x80, 0x07, 0xC0,
    0x0B, 0xC7, 0x9C, 0x00, 0x1F, 0x00, 0x3D, 0x2F, 0xE0, 0x00, 0xFC, 0x1B, 0xE0, 0x7F, 0x00, 0x1F,
    0xFF, 0xF9, 0x00, 0x00, 0x00, 0x00, 0x00, 0x00, 0x00, 0x00, 0x00, 0x00, 0x00, 0x00, 0x02, 0xFF,
    0xF0, 0x2F, 0xFE, 0x00, 0x00, 0xFC, 0x00, 0x0F, 0xC0, 0x00, 0x02, 0xE0, 0x00, 0x2E, 0x00, 0x00,
    0x0B, 0x80, 0x00, 0xB8, 0x00, 0x00, 0x2E, 0x00, 0x02, 0xE0, 0x00, 0x00, 0xB8, 0x00, 0x0B, 0x80,
    0x00, 0x02, 0xE0, 0x00, 0x2E, 0x50, 0x00, 0x0B, 0xFF, 0xFF, 0xFF, 0xFF, 0x40, 0x2F, 0x55, 0x57,
    0xE0, 0x2F, 0x80, 0xB8, 0x00, 0x0B, 0x80, 0x1F, 0x02, 0xE0, 0x00, 0x2E, 0x00, 0x3D, 0x0B, 0x80,
    0x00, 0xB8, 0x00, 0xF4, 0x2E, 0x00, 0x02, 0xE0, 0x03, 0xD0, 0xB8, 0x00, 0x0B, 0x80, 0x2F, 0x03,
    0xF4, 0x00, 0x7E, 0x17, 0xF0, 0xBF, 0xFC, 0x0B, 0xFF, 0xFD, 0x00, 0x00, 0x00, 0x00, 0x00, 0x00,
    0x0B, 0xFF, 0xFF, 0xFF, 0x40, 0x02, 0xF4, 0xB8, 0x06, 0xE0, 0x00, 0xF0, 0x2E, 0x00, 0x3C, 0x00,
    0x34, 0x0B, 0x80, 0x07, 0x00, 0x08, 0x02, 0xE0, 0x00, 0x00, 0x00, 0x00, 0xB8, 0x00, 0x00, 0x00,
    0x00, 0x2E, 0x2F, 0xFD, 0x00, 0x00, 0x0B, 0xFE, 0x5B, 0xE0, 0x00, 0x02, 0xF4, 0x00, 0x7C, 0x00,
    0x00, 0xB8, 0x00, 0x0F, 0x40, 0x00, 0x2E, 0x00, 0x03, 0xD0, 0x00, 0x0B, 0x80, 0x00, 0xF4, 0x00,
    0x02, 0xE0, 0x00, 0x3D, 0x00, 0x00, 0xB8, 0x00, 0x0F, 0x40, 0x00, 0x7F, 0x40, 0x07, 0xF0, 0x00,
    0xBF, 0xF8, 0x0F, 0xFF, 0x80, 0x00, 0x00, 0x00, 0x00, 0x00, 0x00, 0x2C, 0x00, 0x00, 0x00, 0xBC,
    0x00, 0x00, 0x03, 0xE0, 0x00, 0x00, 0x01, 0x00, 0x00, 0x00, 0x00, 0x00, 0x00, 0xBF, 0xFC, 0x03,
    0xF4, 0x0B, 0xD0, 0x0B, 0xF8, 0x07, 0xC0, 0x0D, 0xB0, 0x07, 0xC0, 0x2C, 0x00, 0x07, 0xC0, 0x38,
    0x00, 0x07, 0xC0, 0x70, 0x00, 0x07, 0xC1, 0xD0, 0x00, 0x07, 0xEF, 0x40, 0x00, 0x07, 0xEB, 0xE0,
    0x00, 0x07, 0xC0, 0xF8, 0x00, 0x07, 0xC0, 0x7D, 0x00, 0x07, 0xC0, 0x3F, 0x00, 0x07, 0xC0, 0x1F,
    0x00, 0x07, 0xC0, 0x0F, 0x80, 0x0F, 0xD0, 0x07, 0xD4, 0xBF, 0xFC, 0x02, 0xFC, 0x00, 0x00, 0x00,
    0x50, 0x00, 0x00, 0x00, 0x00, 0x00, 0x03, 0xC0, 0x00, 0x00, 0x00, 0xFC, 0x00, 0x00, 0x00, 0x07,
    0xC0, 0x00, 0x00, 0x00, 0x14, 0x00, 0x00, 0x00, 0x00, 0x00, 0x0B, 0xFF, 0xC0, 0xBF, 0xFC, 0x3F,
    0x00, 0x02, 0xF0, 0x0B, 0x80, 0x00, 0x7C, 0x02, 0xE0, 0x00, 0x3F, 0x00, 0xB8, 0x00, 0x2F, 0xC0,
    0x2E, 0x00, 0x3E, 0xF0, 0x0B, 0x80, 0x3C, 0x7C, 0x02, 0xE0, 0x3C, 0x1F, 0x00, 0xB8, 0x3C, 0x07,
    0xC0, 0x2E, 0x3C, 0x01, 0xF0, 0x0B, 0xFC, 0x00, 0x7C, 0x02, 0xFC, 0x00, 0x1F, 0x00, 0xBC, 0x00,
    0x07, 0xC0, 0x2E, 0x00, 0x01, 0xF0, 0x0F, 0xD0, 0x00, 0xFD, 0x2F, 0xFF, 0x02, 0xFF, 0xF0, 0x00,
    0x60, 0x0A, 0x00, 0x00, 0xF8, 0x0F, 0x80, 0x00, 0xB4, 0x0F, 0x40, 0x00, 0x1F, 0xF8, 0x00, 0x00,
    0x00, 0x00, 0x00, 0x00, 0x00, 0x00, 0x00, 0xBF, 0xF8, 0x0F, 0xFD, 0x1F, 0xC0, 0x02, 0xE0, 0x07,
    0xC0, 0x02, 0xC0, 0x03, 0xE0, 0x03, 0x80, 0x01, 0xF0, 0x03, 0x40, 0x00, 0xF4, 0x0B, 0x00, 0x00,
    0x7C, 0x0E, 0x00, 0x00, 0x3D, 0x1C, 0x00, 0x00, 0x1F, 0x2C, 0x00, 0x00, 0x0F, 0x74, 0x00, 0x00,
    0x07, 0xF0, 0x00, 0x00, 0x03, 0xE0, 0x00, 0x00, 0x01, 0xC0, 0x00, 0x00, 0x93, 0x80, 0x00, 0x02,
    0xFF, 0x00, 0x00, 0x02, 0xFC, 0x00, 0x00, 0x00, 0x10, 0x00, 0x00, 0x00, 0x00, 0x00, 0x00, 0x2F,
    0xFF, 0x02, 0xFF, 0xF0, 0xFC, 0x00, 0x0B, 0xD0, 0x2E, 0x00, 0x01, 0xF0, 0x0B, 0x80, 0x00, 0x7C,
    0x02, 0xE0, 0x00, 0x1F, 0x00, 0xB8, 0x00, 0x07, 0xC0, 0x2E, 0x00, 0x01, 0xF0, 0x0B, 0x80, 0x00,
    0x7C, 0x02, 0xE0, 0x00, 0x1F, 0x00, 0xB8, 0x00, 0x07, 0xC0, 0x2E, 0x00, 0x01, 0xF0, 0x0B, 0x80,
    0x00, 0x7C, 0x02, 0xE0, 0x00, 0x1F, 0x00, 0xB8, 0x00, 0x07, 0xC0, 0x7F, 0x55, 0x56, 0xF4, 0xBF,
    0xFF, 0xFF, 0xFF, 0xC0, 0x00, 0x78, 0x00, 0x00, 0x00, 0x0E, 0x00, 0x00, 0x00, 0x03, 0x40, 0x00,
    0x00, 0x00, 0x40, 0x00, 0x00, 0x00, 0x00, 0x00, 0x00, 0x00, 0x00, 0xFC, 0x00, 0x00, 0x00, 0x3F,
    0x40, 0x00, 0x00, 0x2E, 0xE0, 0x00, 0x00, 0x0D, 0x7C, 0x00, 0x00, 0x07, 0x0F, 0x40, 0x00, 0x02,
    0xC2, 0xE0, 0x00, 0x00, 0xD0, 0x7C, 0x00, 0x00, 0x70, 0x0F, 0x40, 0x00, 0x2C, 0x02, 0xE0, 0x00,
    0x0F, 0xAA, 0xBC, 0x00, 0x07, 0xAA, 0xAF, 0x40, 0x03, 0x80, 0x02, 0xF0, 0x00, 0xD0, 0x00, 0x7C,
    0x00, 0xB0, 0x00, 0x0F, 0x80, 0x7D, 0x00, 0x03, 0xF4, 0xBF, 0xF0, 0x0B, 0xFF, 0x40, 0x00, 0x00,
    0x00, 0x0B, 0xFF, 0xFF, 0xE0, 0x0F, 0xC0, 0x2F, 0x00, 0xB8, 0x00, 0xB0, 0x0B, 0x80, 0x03, 0x00,
    0xB8, 0x00, 0x10, 0x0B, 0x80, 0x00, 0x00, 0xBC, 0x00, 0x00, 0x0B, 0xFF, 0xF8, 0x00, 0xBC, 0x07,
    0xF0, 0x0B, 0x80, 0x0F, 0xC0, 0xB8, 0x00, 0x7C, 0x0B, 0x80, 0x07, 0xC0, 0xB8, 0x00, 0xBC, 0x0B,
    0x80, 0x0F, 0x80, 0xFD, 0x1B, 0xE0, 0xBF, 0xFF, 0xE0, 0x00, 0x00, 0x00, 0x00, 0x0B, 0xFF, 0xFE,
    0x00, 0x0F, 0xC1, 0xBD, 0x00, 0xB8, 0x02, 0xF0, 0x0B, 0x80, 0x1F, 0x00, 0xB8, 0x01, 0xF0, 0x0B,
    0x80, 0x2E, 0x00, 0xB8, 0x0B, 0x80, 0x0B, 0xFF, 0xE0, 0x00, 0xBD, 0x5B, 0xE0, 0x0B, 0x80, 0x0F,
    0x80, 0xB8, 0x00, 0x7C, 0x0B, 0x80, 0x07, 0xC0, 0xB8, 0x00, 0xBC, 0x0B, 0x80, 0x0F, 0x80, 0xFD,
    0x5B, 0xE0, 0xBF, 0xFF, 0xE0, 0x00, 0x00, 0x00, 0x00, 0x2F, 0xFF, 0xFF, 0x40, 0xFC, 0x07, 0xE0,
    0x2E, 0x00, 0x3C, 0x0B, 0x80, 0x07, 0x02, 0xE0, 0x00, 0x40, 0xB8, 0x00, 0x00, 0x2E, 0x00, 0x00,
    0x0B, 0x80, 0x00, 0x02, 0xE0, 0x00, 0x00, 0xB8, 0x00, 0x00, 0x2E, 0x00, 0x00, 0x0B, 0x80, 0x00,
    0x02, 0xE0, 0x00, 0x00, 0xB8, 0x00, 0x00, 0x3F, 0x40, 0x00, 0xBF, 0xFC, 0x00, 0x00, 0x00, 0x00,
    0x00, 0x00, 0x0F, 0xFF, 0xFF, 0xFC, 0x01, 0xF5, 0x57, 0xD0, 0x00, 0xF0, 0x03, 0xC0, 0x00, 0xF0,
    0x03, 0xC0, 0x00, 0xF0, 0x03, 0xC0, 0x00, 0xF0, 0x03, 0xC0, 0x00, 0xE0, 0x03, 0xC0, 0x00, 0xE0,
    0x03, 0xC0, 0x00, 0xE0, 0x03, 0xC0, 0x00, 0xD0, 0x03, 0xC0, 0x01, 0xC0, 0x03, 0xC0, 0x02, 0xC0,
    0x03, 0xC0, 0x03, 0x80, 0x03, 0xC0, 0x03, 0x40, 0x03, 0xC0, 0x5B, 0x95, 0x5B, 0xD4, 0xFF, 0xFF,
    0xFF, 0xFD, 0xF0, 0x00, 0x00, 0x2D, 0xE0, 0x00, 0x00, 0x0D, 0xE0, 0x00, 0x00, 0x0D, 0x90, 0x00,
    0x00, 0x09, 0x00, 0x00, 0x00, 0x2F, 0xFF, 0xFF, 0x00, 0xFC, 0x07, 0xD0, 0x2E, 0x00, 0x38, 0x0B,
    0x80, 0x0A, 0x02, 0xE0, 0x00, 0x00, 0xB8, 0x02, 0x00, 0x2E, 0x02, 0xC0, 0x0B, 0xFF, 0xF0, 0x02,
    0xFA, 0xBC, 0x00, 0xB8, 0x07, 0x00, 0x2E, 0x00, 0x40, 0x0B, 0x80, 0x00, 0x02, 0xE0, 0x00, 0xD0,
    0xB8, 0x00, 0x70, 0x3F, 0x01, 0xBC, 0xBF, 0xFF, 0xFF, 0x00, 0x00, 0x00, 0x00, 0x00, 0x00, 0x00,
    0x2F, 0x80, 0xBF, 0xFC, 0x03, 0xF0, 0x3F, 0xD0, 0x0B, 0xD0, 0x0F, 0xF4, 0x1D, 0xB0, 0x07, 0xC0,
    0x1C, 0xF0, 0x00, 0x30, 0x07, 0xC0, 0x28, 0x00, 0x00, 0x38, 0x07, 0xC0, 0x34, 0x00, 0x00, 0x2C,
    0x07, 0xC0, 0x70, 0x00, 0x00, 0x0E, 0x07, 0xC0, 0xD0, 0x00, 0x00, 0x03, 0xEF, 0xEF, 0x40, 0x00,
    0x00, 0x0F, 0xAB, 0xEB, 0xE0, 0x00, 0x00, 0x3E, 0x07, 0xC0, 0xF8, 0x00, 0x00, 0xBC, 0x07, 0xC0,
    0x7D, 0x00, 0x00, 0xF4, 0x07, 0xC0, 0x3E, 0x00, 0x02, 0xF0, 0x07, 0xC0, 0x2F, 0x00, 0x03, 0xE0,
    0x07, 0xC0, 0x0F, 0x80, 0x0F, 0xC0, 0x0B, 0xD0, 0x0B, 0xD4, 0xBF, 0x40, 0xBF, 0xFC, 0x03, 0xFC,
    0x04, 0x00, 0x00, 0x00, 0x00, 0x40, 0x04, 0x05, 0x00, 0x07, 0x7F, 0xFD, 0x01, 0xF8, 0x0B, 0xC0,
    0x38, 0x00, 0xF8, 0x0D, 0x00, 0x3E, 0x02, 0x00, 0x0F, 0x40, 0x00, 0x07, 0xC0, 0x00, 0x07, 0xC0,
    0x01, 0xFF, 0x80, 0x00, 0x16, 0xBF, 0x00, 0x00, 0x03, 0xE0, 0x00, 0x00, 0x7C, 0x00, 0x00, 0x1F,
    0x0D, 0x00, 0x07, 0xC3, 0xC0, 0x03, 0xE0, 0x7E, 0x57, 0xF0, 0x03, 0xFF, 0xE0, 0x00, 0x05, 0x00,
    0x00, 0x00, 0x00, 0x00, 0x00, 0x2F, 0xFF, 0x02, 0xFF, 0xF0, 0xFC, 0x00, 0x0B, 0xC0, 0x2E, 0x00,
    0x01, 0xF0, 0x0B, 0x80, 0x00, 0xFC, 0x02, 0xE0, 0x00, 0xBF, 0x00, 0xB8, 0x00, 0xFB, 0xC0, 0x2E,
    0x00, 0xF1, 0xF0, 0x0B, 0x80, 0xF0, 0x7C, 0x02, 0xE0, 0xF0, 0x1F, 0x00, 0xB8, 0xF0, 0x07, 0xC0,
    0x2F, 0xF0, 0x01, 0xF0, 0x0B, 0xF0, 0x00, 0x7C, 0x02, 0xF0, 0x00, 0x1F, 0x00, 0xB8, 0x00, 0x07,
    0xC0, 0x3F, 0x40, 0x03, 0xF4, 0xBF, 0xFC, 0x0B, 0xFF, 0xC0, 0x00, 0x24, 0x06, 0x40, 0x00, 0x2F,
    0x02, 0xF0, 0x00, 0x07, 0xC0, 0x78, 0x00, 0x00, 0x6F, 0xF4, 0x00, 0x00, 0x00, 0x00, 0x00, 0x00,
    0x00, 0x00, 0x00, 0x0B, 0xFF, 0xC0, 0xBF, 0xFC, 0x3F, 0x00, 0x02, 0xF0, 0x0B, 0x80, 0x00, 0x7C,
    0x02, 0xE0, 0x00, 0x3F, 0x00, 0xB8, 0x00, 0x2F, 0xC0, 0x2E, 0x00, 0x3E, 0xF0, 0x0B, 0x80, 0x3C,
    0x7C, 0x02, 0xE0, 0x3C, 0x1F, 0x00, 0xB8, 0x3C, 0x07, 0xC0, 0x2E, 0x3C, 0x01, 0xF0, 0x0B, 0xFC,
    0x00, 0x7C, 0x02, 0xFC, 0x00, 0x1F, 0x00, 0xBC, 0x00, 0x07, 0xC0, 0x2E, 0x00, 0x01, 0xF0, 0x0F,
    0xD0, 0x00, 0xFD, 0x2F, 0xFF, 0x02, 0xFF, 0xF0, 0x00, 0x00, 0x00, 0x00, 0xBF, 0xFC, 0x03, 0xF4,
    0x0B, 0xD0, 0x0B, 0xF8, 0x07, 0xC0, 0x0D, 0xB0, 0x07, 0xC0, 0x2C, 0x00, 0x07, 0xC0, 0x38, 0x00,
    0x07, 0xC0, 0x70, 0x00, 0x07, 0xC1, 0xD0, 0x00, 0x07, 0xEF, 0x40, 0x00, 0x07, 0xEB, 0xE0, 0x00,
    0x07, 0xC0, 0xF8, 0x00, 0x07, 0xC0, 0x7D, 0x00, 0x07, 0xC0, 0x3F, 0x00, 0x07, 0xC0, 0x1F, 0x00,
    0x07, 0xC0, 0x0F, 0x80, 0x0F, 0xD0, 0x07, 0xD4, 0xBF, 0xFC, 0x02, 0xFC, 0x00, 0x00, 0x00, 0x50,
    0x00, 0x00, 0x00, 0x00, 0x03, 0xFF, 0xFF, 0xFF, 0x00, 0x79, 0x56, 0xF4, 0x00, 0x38, 0x01, 0xF0,
    0x00, 0x34, 0x01, 0xF0, 0x00, 0x34, 0x01, 0xF0, 0x00, 0x34, 0x01, 0xF0, 0x00, 0x34, 0x01, 0xF0,
    0x00, 0x34, 0x01, 0xF0, 0x00, 0x30, 0x01, 0xF0, 0x00, 0x70, 0x01, 0xF0, 0x00, 0x70, 0x01, 0xF0,
    0x00, 0xB0, 0x01, 0xF0, 0x00, 0xE0, 0x01, 0xF0, 0x79, 0xC0, 0x01, 0xF0, 0xBF, 0x80, 0x02, 0xF4,
    0x7F, 0x00, 0x1F, 0xFF, 0x00, 0x00, 0x00, 0x00, 0x00, 0x00, 0x00, 0x00, 0x00, 0x0F, 0xFE, 0x00,
    0x02, 0xFF, 0xC0, 0x3F, 0xC0, 0x00, 0xFF, 0x00, 0x0F, 0xF4, 0x00, 0x7B, 0xC0, 0x03, 0xAE, 0x00,
    0x2D, 0xF0, 0x00, 0xE3, 0xC0, 0x0D, 0x7C, 0x00, 0x38, 0xF4, 0x07, 0x1F, 0x00, 0x0E, 0x1E, 0x02,
    0xC3, 0xC0, 0x03, 0x43, 0xC0, 0xD0, 0xF0, 0x00, 0xD0, 0xF4, 0x70, 0x3C, 0x00, 0x34, 0x1E, 0x38,
    0x0F, 0x00, 0x1D, 0x03, 0xDD, 0x03, 0xD0, 0x07, 0x00, 0xBF, 0x00, 0xF4, 0x01, 0xC0, 0x1F, 0x80,
    0x3D, 0x00, 0x70, 0x01, 0x40, 0x0F, 0x40, 0x3D, 0x00, 0x00, 0x07, 0xF0, 0x7F, 0xF0, 0x00, 0x0F,
    0xFF, 0x80, 0x00, 0x00, 0x00, 0x00, 0x2F, 0xFF, 0x02, 0xFF, 0xF0, 0xFC, 0x00, 0x0B, 0xC0, 0x2E,
    0x00, 0x01, 0xF0, 0x0B, 0x80, 0x00, 0x7C, 0x02, 0xE0, 0x00, 0x1F, 0x00, 0xB8, 0x00, 0x07, 0xC0,
    0x2E, 0x00, 0x01, 0xF0, 0x0B, 0xFF, 0xFF, 0xFC, 0x02, 0xF5, 0x55, 0x6F, 0x00, 0xB8, 0x00, 0x07,
    0xC0, 0x2E, 0x00, 0x01, 0xF0, 0x0B, 0x80, 0x00, 0x7C, 0x02, 0xE0, 0x00, 0x1F, 0x00, 0xB8, 0x00,
    0x07, 0xC0, 0x3F, 0x40, 0x03, 0xF4, 0xBF, 0xFC, 0x0B, 0xFF, 0xC0, 0x00, 0x05, 0x40, 0x00, 0x00,
    0xBF, 0xFD, 0x00, 0x07, 0xE0, 0x1F, 0xC0, 0x0F, 0x00, 0x03, 0xE0, 0x3D, 0x00, 0x00, 0xF4, 0x3C,
    0x00, 0x00, 0xFC, 0xBC, 0x00, 0x00, 0x7C, 0xB8, 0x00, 0x00, 0x7C, 0xF8, 0x00, 0x00, 0x3D, 0xF8,
    0x00, 0x00, 0x3C, 0xB8, 0x00, 0x00, 0x7C, 0xBC, 0x00, 0x00, 0x7C, 0x7C, 0x00, 0x00, 0xB8, 0x3E,
    0x00, 0x00, 0xF0, 0x0F, 0x80, 0x03, 0xD0, 0x07, 0xF4, 0x1F, 0x80, 0x00, 0xBF, 0xFD, 0x00, 0x00,
    0x01, 0x40, 0x00, 0x00, 0x00, 0x00, 0x00, 0x2F, 0xFF, 0xFF, 0xFF, 0xF0, 0xFD, 0x55, 0x5B, 0xC0,
    0x2E, 0x00, 0x01, 0xF0, 0x0B, 0x80, 0x00, 0x7C, 0x02, 0xE0, 0x00, 0x1F, 0x00, 0xB8, 0x00, 0x07,
    0xC0, 0x2E, 0x00, 0x01, 0xF0, 0x0B, 0x80, 0x00, 0x7C, 0x02, 0xE0, 0x00, 0x1F, 0x00, 0xB8, 0x00,
    0x07, 0xC0, 0x2E, 0x00, 0x01, 0xF0, 0x0B, 0x80, 0x00, 0x7C, 0x02, 0xE0, 0x00, 0x1F, 0x00, 0xB8,
    0x00, 0x07, 0xC0, 0x3F, 0x40, 0x03, 0xF4, 0xBF, 0xFC, 0x0B, 0xFF, 0xC0, 0x00, 0x00, 0x00, 0x2F,
    0xFF, 0xF4, 0x00, 0xFC, 0x1F, 0xC0, 0x2E, 0x00, 0xFC, 0x0B, 0x80, 0x1F, 0x02, 0xE0, 0x07, 0xC0,
    0xB8, 0x01, 0xF0, 0x2E, 0x00, 0xBC, 0x0B, 0x80, 0x7C, 0x02, 0xFA, 0xFD, 0x00, 0xBE, 0xA4, 0x00,
    0x2E, 0x00, 0x00, 0x0B, 0x80, 0x00, 0x02, 0xE0, 0x00, 0x00, 0xB8, 0x00, 0x00, 0x3F, 0x40, 0x00,
    0xBF, 0xFC, 0x00, 0x00, 0x00, 0x05, 0x40, 0x40, 0x0F, 0xFF, 0xA8, 0x07, 0xD0, 0x1F, 0xC1, 0xF0,
    0x00, 0x3C, 0x3D, 0x00, 0x01, 0xC7, 0xC0, 0x00, 0x0D, 0xBC, 0x00, 0x00, 0x0B, 0x80, 0x00, 0x00,
    0xF8, 0x00, 0x00, 0x0F, 0x80, 0x00, 0x00, 0xB8, 0x00, 0x00, 0x0B, 0xC0, 0x00, 0x00, 0x3D, 0x00,
    0x00, 0x03, 0xF0, 0x00, 0x05, 0x0F, 0x80, 0x01, 0xD0, 0x7F, 0x55, 0xF4, 0x00, 0xBF, 0xF8, 0x00,
    0x00, 0x10, 0x00, 0x00, 0x00, 0x00, 0x00, 0x1F, 0xFF, 0xFF, 0xFC, 0x1F, 0x42, 0xE0, 0x7D, 0x2C,
    0x02, 0xE0, 0x1E, 0x38, 0x02, 0xE0, 0x0E, 0x20, 0x02, 0xE0, 0x06, 0x00, 0x02, 0xE0, 0x00, 0x00,
    0x02, 0xE0, 0x00, 0x00, 0x02, 0xE0, 0x00, 0x00, 0x02, 0xE0, 0x00, 0x00, 0x02, 0xE0, 0x00, 0x00,
    0x02, 0xE0, 0x00, 0x00, 0x02, 0xE0, 0x00, 0x00, 0x02, 0xE0, 0x00, 0x00, 0x02, 0xE0, 0x00, 0x00,
    0x07, 0xF4, 0x00, 0x00, 0x7F, 0xFF, 0x00, 0x00, 0x00, 0x00, 0x00, 0xBF, 0xF8, 0x0F, 0xFD, 0x1F,
    0xC0, 0x02, 0xE0, 0x07, 0xC0, 0x02, 0xC0, 0x03, 0xE0, 0x03, 0x80, 0x01, 0xF0, 0x03, 0x40, 0x00,
    0xF4, 0x0B, 0x00, 0x00, 0x7C, 0x0E, 0x00, 0x00, 0x3D, 0x1C, 0x00, 0x00, 0x1F, 0x2C, 0x00, 0x00,
    0x0F, 0x74, 0x00, 0x00, 0x07, 0xF0, 0x00, 0x00, 0x03, 0xE0, 0x00, 0x00, 0x01, 0xC0, 0x00, 0x00,
    0x93, 0x80, 0x00, 0x02, 0xFF, 0x00, 0x00, 0x02, 0xFC, 0x00, 0x00, 0x00, 0x10, 0x00, 0x00, 0x00,
    0x0B, 0xFF, 0x80, 0x00, 0x00, 0x5F, 0xD0, 0x00, 0x00, 0x00, 0xB8, 0x00, 0x00, 0x0B, 0xFF, 0xFF,
    0x80, 0x07, 0xD0, 0xF8, 0x1F, 0x41, 0xF0, 0x0B, 0x80, 0x7C, 0x2E, 0x00, 0xB8, 0x02, 0xE3, 0xD0,
    0x0B, 0x80, 0x1F, 0x3D, 0x00, 0xB8, 0x01, 0xF3, 0xD0, 0x0B, 0x80, 0x1F, 0x3E, 0x00, 0xB8, 0x02,
    0xE1, 0xF0, 0x0B, 0x80, 0x3C, 0x0B, 0xD0, 0xB8, 0x1F, 0x40, 0x1F, 0xFF, 0xFF, 0xC0, 0x00, 0x00,
    0xF8, 0x00, 0x00, 0x00, 0x0F, 0x80, 0x00, 0x00, 0x0B, 0xFF, 0x80, 0x00, 0x00, 0x55, 0x54, 0x00,
    0x00, 0x00, 0x00, 0x00, 0xBF, 0xF0, 0x0F, 0xFD, 0x1F, 0xC0, 0x02, 0xE0, 0x07, 0xD0, 0x03, 0xC0,
    0x02, 0xF0, 0x0B, 0x00, 0x00, 0xFC, 0x1D, 0x00, 0x00, 0x3E, 0x38, 0x00, 0x00, 0x1F, 0xF0, 0x00,
    0x00, 0x0B, 0xD0, 0x00, 0x00, 0x07, 0xE0, 0x00, 0x00, 0x0E, 0xF4, 0x00, 0x00, 0x3C, 0x7C, 0x00,
    0x00, 0xB0, 0x2F, 0x00, 0x01, 0xD0, 0x0F, 0x80, 0x07, 0x80, 0x07, 0xD0, 0x1F, 0x80, 0x03, 0xF8,
    0xBF, 0xE0, 0x1F, 0xFF, 0x00, 0x00, 0x00, 0x00, 0x0B, 0xFF, 0xC0, 0xBF, 0xFC, 0x0F, 0xC0, 0x00,
    0xBD, 0x00, 0xB8, 0x00, 0x07, 0xC0, 0x0B, 0x80, 0x00, 0x7C, 0x00, 0xB8, 0x00, 0x07, 0xC0, 0x0B,
    0x80, 0x00, 0x7C, 0x00, 0xB8, 0x00, 0x07, 0xC0, 0x0B, 0x80, 0x00, 0x7C, 0x00, 0xB8, 0x00, 0x07,
    0xC0, 0x0B, 0x80, 0x00, 0x7C, 0x00, 0xB8, 0x00, 0x07, 0xC0, 0x0B, 0x80, 0x00, 0x7C, 0x00, 0xB8,
    0x00, 0x07, 0xC0, 0x0B, 0x80, 0x00, 0x7C, 0x01, 0xFD, 0x55, 0x5B, 0xD4, 0xBF, 0xFF, 0xFF, 0xFF,
    0xD0, 0x00, 0x00, 0x00, 0x2D, 0x00, 0x00, 0x00, 0x00, 0xD0, 0x00, 0x00, 0x00, 0x0D, 0x00, 0x00,
    0x00, 0x00, 0x40, 0x00, 0x00, 0x00, 0x00, 0x2F, 0xFF, 0x03, 0xFF, 0xC0, 0xBC, 0x00, 0x1F, 0x40,
    0x2F, 0x00, 0x03, 0xC0, 0x0B, 0xC0, 0x00, 0xF0, 0x02, 0xF0, 0x00, 0x3C, 0x00, 0x7C, 0x00, 0x0F,
    0x00, 0x1F, 0x00, 0x03, 0xC0, 0x03, 0xD0, 0x02, 0xF0, 0x00, 0xBE, 0x57, 0xFC, 0x00, 0x0B, 0xFF,
    0x8F, 0x00, 0x00, 0x00, 0x03, 0xC0, 0x00, 0x00, 0x00, 0xF0, 0x00, 0x00, 0x00, 0x3C, 0x00, 0x00,
    0x00, 0x0F, 0x00, 0x00, 0x00, 0x0B, 0xE0, 0x00, 0x00, 0x2F, 0xFF, 0x00, 0x00, 0x00, 0x00, 0x00,
    0x00, 0x00, 0x2F, 0xFF, 0x0F, 0xFF, 0x43, 0xFF, 0xC0, 0xFC, 0x00, 0x7E, 0x00, 0x1F, 0x40, 0x2E,
    0x00, 0x0F, 0x40, 0x03, 0xC0, 0x0B, 0x80, 0x03, 0xD0, 0x00, 0xF0, 0x02, 0xE0, 0x00, 0xF4, 0x00,
    0x3C, 0x00, 0xB8, 0x00, 0x3D, 0x00, 0x0F, 0x00, 0x2E, 0x00, 0x0F, 0x40, 0x03, 0xC0, 0x0B, 0x80,
    0x03, 0xD0, 0x00, 0xF0, 0x02, 0xE0, 0x00, 0xF4, 0x00, 0x3C, 0x00, 0xB8, 0x00, 0x3D, 0x00, 0x0F,
    0x00, 0x2E, 0x00, 0x0F, 0x40, 0x03, 0xC0, 0x0B, 0x80, 0x03, 0xD0, 0x00, 0xF0, 0x02, 0xE0, 0x00,
    0xF4, 0x00, 0x3C, 0x00, 0xB8, 0x00, 0x3D, 0x00, 0x0F, 0x00, 0x7F, 0x55, 0x5F, 0x95, 0x5B, 0xD0,
    0xBF, 0xFF, 0xFF, 0xFF, 0xFF, 0xFF, 0x00, 0x00, 0x00, 0x00, 0x00, 0x00, 0x00, 0x2F, 0xFF, 0x0F,
    0xFF, 0x43, 0xFF, 0xC0, 0xFC, 0x00, 0x7E, 0x00, 0x1F, 0x40, 0x2E, 0x00, 0x0F, 0x40, 0x03, 0xC0,
    0x0B, 0x80, 0x03, 0xD0, 0x00, 0xF0, 0x02, 0xE0, 0x00, 0xF4, 0x00, 0x3C, 0x00, 0xB8, 0x00, 0x3D,
    0x00, 0x0F, 0x00, 0x2E, 0x00, 0x0F, 0x40, 0x03, 0xC0, 0x0B, 0x80, 0x03, 0xD0, 0x00, 0xF0, 0x02,
    0xE0, 0x00, 0xF4, 0x00, 0x3C, 0x00, 0xB8, 0x00, 0x3D, 0x00, 0x0F, 0x00, 0x2E, 0x00, 0x0F, 0x40,
    0x03, 0xC0, 0x0B, 0x80, 0x03, 0xD0, 0x00, 0xF0, 0x02, 0xE0, 0x00, 0xF4, 0x00, 0x3C, 0x00, 0xB8,
    0x00, 0x3D, 0x00, 0x0F, 0x00, 0x7F, 0x55, 0x5F, 0x95, 0x5B, 0xD5, 0xBF, 0xFF, 0xFF, 0xFF, 0xFF,
    0xFF, 0xC0, 0x00, 0x00, 0x00, 0x00, 0x01, 0xF0, 0x00, 0x00, 0x00, 0x00, 0x00, 0x3C, 0x00, 0x00,
    0x00, 0x00, 0x00, 0x0B, 0x00, 0x00, 0x00, 0x00, 0x00, 0x01, 0x40, 0x00, 0x00, 0x00, 0x00, 0x0F,
    0xFF, 0xFC, 0x00, 0x03, 0xD0, 0xF8, 0x00, 0x01, 0xD0, 0x3C, 0x00, 0x00, 0x70, 0x0F, 0x00, 0x00,
    0x18, 0x03, 0xC0, 0x00, 0x00, 0x00, 0xF0, 0x00, 0x00, 0x00, 0x3D, 0x50, 0x00, 0x00, 0x0F, 0xFF,
    0xF4, 0x00, 0x03, 0xC0, 0x2F, 0x80, 0x00, 0xF0, 0x01, 0xF0, 0x00, 0x3C, 0x00, 0x3D, 0x00, 0x0F,
    0x00, 0x0F, 0x40, 0x03, 0xC0, 0x03, 0xD0, 0x00, 0xF0, 0x02, 0xF0, 0x00, 0x7D, 0x17, 0xF0, 0x00,
    0xFF, 0xFF, 0x90, 0x00, 0x00, 0x00, 0x00, 0x00, 0x00, 0x2F, 0xFF, 0x00, 0x07, 0xFF, 0xC0, 0xFC,
    0x00, 0x00, 0x2F, 0x40, 0x2E, 0x00, 0x00, 0x07, 0xC0, 0x0B, 0x80, 0x00, 0x01, 0xF0, 0x02, 0xE0,
    0x00, 0x00, 0x7C, 0x00, 0xB8, 0x00, 0x00, 0x1F, 0x00, 0x2F, 0x14, 0x00, 0x07, 0xC0, 0x0B, 0xFF,
    0xF8, 0x01, 0xF0, 0x02, 0xE0, 0x1F, 0xC0, 0x7C, 0x00, 0xB8, 0x00, 0xF4, 0x1F, 0x00, 0x2E, 0x00,
    0x3E, 0x07, 0xC0, 0x0B, 0x80, 0x0B, 0x81, 0xF0, 0x02, 0xE0, 0x03, 0xE0, 0x7C, 0x00, 0xB8, 0x01,
    0xF0, 0x1F, 0x00, 0x7F, 0x06, 0xF4, 0x0B, 0xD0, 0xBF, 0xFF, 0xE0, 0x1F, 0xFF, 0x00, 0x00, 0x00,
    0x00, 0x0B, 0xFF, 0xC0, 0x00, 0x0F, 0xC0, 0x00, 0x00, 0xB8, 0x00, 0x00, 0x0B, 0x80, 0x00, 0x00,
    0xB8, 0x00, 0x00, 0x0B, 0x80, 0x00, 0x00, 0xBC, 0x50, 0x00, 0x0B, 0xFF, 0xF8, 0x00, 0xB8, 0x07,
    0xF0, 0x0B, 0x80, 0x0F, 0x80, 0xB8, 0x00, 0xBC, 0x0B, 0x80, 0x07, 0xC0, 0xB8, 0x00, 0xBC, 0x0B,
    0x80, 0x0F, 0x41, 0xFC, 0x1B, 0xE0, 0xBF, 0xFF, 0xE4, 0x00, 0x04, 0x05, 0x40, 0x01, 0xDF, 0xFF,
    0x80, 0x1F, 0x80, 0x7F, 0x00, 0xE0, 0x00, 0xB8, 0x0D, 0x00, 0x03, 0xC0, 0x80, 0x00, 0x3E, 0x00,
    0x00, 0x02, 0xF0, 0x00, 0x00, 0x2F, 0x01, 0xFF, 0xFF, 0xF0, 0x05, 0x55, 0x7F, 0x00, 0x00, 0x02,
    0xF0, 0x00, 0x00, 0x3E, 0x10, 0x00, 0x03, 0xD3, 0x80, 0x00, 0xBC, 0x2D, 0x00, 0x1F, 0x40, 0xF9,
    0x5B, 0xD0, 0x02, 0xFF, 0xE0, 0x00, 0x00, 0x40, 0x00, 0x00, 0x00, 0x00, 0x01, 0x40, 0x00, 0xBF,
    0xFC, 0x00, 0x7F, 0xFD, 0x00, 0x0F, 0xC0, 0x02, 0xE4, 0x1F, 0x80, 0x0B, 0x80, 0x0B, 0x80, 0x03,
    0xE0, 0x0B, 0x80, 0x0F, 0x00, 0x01, 0xF0, 0x0B, 0x80, 0x2E, 0x00, 0x00, 0xF8, 0x0B, 0x80, 0x3D,
    0x00, 0x00, 0xBC, 0x0B, 0x80, 0x3C, 0x00, 0x00, 0x7C, 0x0B, 0xFF, 0xFC, 0x00, 0x00, 0x7C, 0x0B,
    0xD5, 0xBC, 0x00, 0x00, 0x7C, 0x0B, 0x80, 0x3D, 0x00, 0x00, 0x7C, 0x0B, 0x80, 0x3D, 0x00, 0x00,
    0xB8, 0x0B, 0x80, 0x2F, 0x00, 0x00, 0xF4, 0x0B, 0x80, 0x0F, 0x00, 0x00, 0xF0, 0x0B, 0x80, 0x0B,
    0xC0, 0x03, 0xD0, 0x0F, 0xD0, 0x02, 0xF9, 0x1F, 0x80, 0xBF, 0xFC, 0x00, 0x7F, 0xFD, 0x00, 0x00,
    0x00, 0x00, 0x01, 0x40, 0x00, 0x00, 0x00, 0x00, 0x00, 0x00, 0xBF, 0xFF, 0xE0, 0x1F, 0x90, 0xBC,
    0x00, 0xF4, 0x02, 0xE0, 0x07, 0xC0, 0x0B, 0x80, 0x1F, 0x00, 0x2E, 0x00, 0x7C, 0x00, 0xB8, 0x00,
    0xF8, 0x02, 0xE0, 0x00, 0xF9, 0x0B, 0x80, 0x00, 0x6F, 0xFE, 0x00, 0x02, 0xD0, 0xB8, 0x00, 0x3C,
    0x02, 0xE0, 0x01, 0xF0, 0x0B, 0x80, 0x0F, 0x40, 0x2E, 0x00, 0x7C, 0x00, 0xB8, 0x17, 0xE0, 0x07,
    0xF4, 0xBF, 0x00, 0xFF, 0xF8, 0x00, 0x00, 0x00, 0x00, 0x0B, 0xF8, 0x00, 0x39, 0x1F, 0x00, 0xB8,
    0x07, 0x80, 0xB8, 0x07, 0xC0, 0x00, 0x03, 0xC0, 0x00, 0x5B, 0xC0, 0x1F, 0xEF, 0xC0, 0x7D, 0x03,
    0xC0, 0xB8, 0x07, 0xC0, 0xF8, 0x0B, 0xC0, 0xBD, 0x6F, 0xD4, 0x2F, 0xE2, 0xFC, 0x01, 0x00, 0x10,
    0x00, 0x00, 0x00, 0x00, 0x00, 0x0C, 0x00, 0x16, 0xA8, 0x01, 0xFF, 0xF4, 0x0B, 0xFA, 0x80, 0x1E,
    0x00, 0x00, 0x38, 0x00, 0x00, 0x34, 0x69, 0x00, 0x72, 0xEF, 0xD0, 0xBB, 0x01, 0xF4, 0xBC, 0x00,
    0xBC, 0xBC, 0x00, 0x7C, 0xB8, 0x00, 0x3C, 0xB8, 0x00, 0x3C, 0xBC, 0x00, 0x3C, 0x7C, 0x00, 0x7C,
    0x3D, 0x00, 0xB4, 0x0F, 0x42, 0xE0, 0x03, 0xFF, 0x40, 0x00, 0x10, 0x00, 0x6A, 0xA9, 0x01, 0xFE,
    0xAF, 0x80, 0xF0, 0x1F, 0x03, 0xC0, 0x3C, 0x0F, 0x02, 0xE0, 0x3E, 0xBD, 0x00, 0xFA, 0xBE, 0x03,
    0xC0, 0x3E, 0x0F, 0x00, 0xB8, 0x3C, 0x02, 0xE1, 0xF0, 0x6F, 0x3F, 0xFF, 0xE0, 0x6A, 0xAA, 0x87,
    0xFA, 0xBD, 0x0F, 0x01, 0xD0, 0xF0, 0x0E, 0x0F, 0x00, 0x50, 0xF0, 0x00, 0x0F, 0x00, 0x00, 0xF0,
    0x00, 0x0F, 0x00, 0x00, 0xF0, 0x00, 0x1F, 0x40, 0x0F, 0xFF, 0x80, 0x0A, 0xAA, 0xAA, 0x42, 0xFA,
    0xBF, 0x90, 0x2C, 0x07, 0xC0, 0x0B, 0x01, 0xF0, 0x02, 0xC0, 0x7C, 0x00, 0xB0, 0x1F, 0x00, 0x38,
    0x07, 0xC0, 0x0E, 0x01, 0xF0, 0x03, 0x40, 0x7C, 0x01, 0xC0, 0x1F, 0x00, 0xF0, 0x0B, 0xC2, 0xFF,
    0xFF, 0xFE, 0xB4, 0x00, 0x0B, 0xAC, 0x00, 0x00, 0xEA, 0x00, 0x00, 0x39, 0x40, 0x00, 0x04, 0x01,
    0xFE, 0x00, 0x3D, 0x6F, 0x03, 0xC0, 0x2E, 0x1E, 0x00, 0x7C, 0xB4, 0x01, 0xF3, 0xFF, 0xFF, 0x8F,
    0x95, 0x54, 0x3E, 0x00, 0x00, 0xBC, 0x00, 0x00, 0xF4, 0x00, 0x42, 0xF9, 0x6E, 0x01, 0xFF, 0xD0,
    0x00, 0x10, 0x00, 0x1F, 0x42, 0xAA, 0x42, 0xE0, 0x3F, 0xC2, 0xFE, 0x0B, 0xF4, 0x2C, 0xE0, 0x7C,
    0x0D, 0xB0, 0x00, 0x70, 0x7C, 0x1C, 0x00, 0x00, 0x34, 0x7C, 0x34, 0x00, 0x00, 0x1E, 0xBE, 0xF0,
    0x00, 0x00, 0x7E, 0xBE, 0xBC, 0x00, 0x01, 0xF0, 0x7C, 0x0F, 0x00, 0x03, 0xD0, 0x7C, 0x0F, 0x40,
    0x07, 0xC0, 0x7C, 0x07, 0xC0, 0x1F, 0x80, 0xBD, 0x03, 0xE4, 0x7F, 0x03, 0xFF, 0x81, 0xF8, 0x00,
    0x00, 0x00, 0x00, 0x00, 0x72, 0xFD, 0x07, 0xD1, 0xF4, 0x74, 0x0B, 0xC3, 0x00, 0x7C, 0x00, 0x0F,
    0x40, 0x2B, 0x80, 0x02, 0xBE, 0x00, 0x00, 0x7C, 0x78, 0x03, 0xCF, 0x80, 0x3C, 0xB8, 0x0B, 0x82,
    0xFF, 0xE0, 0x01, 0x40, 0x00, 0x6A, 0x90, 0xAA, 0x97, 0xF9, 0x0B, 0xF8, 0x0F, 0x00, 0x1F, 0x00,
    0xF0, 0x03, 0xF0, 0x0F, 0x00, 0xFF, 0x00, 0xF0, 0x79, 0xF0, 0x0F, 0x1D, 0x1F, 0x00, 0xFB, 0x41,
    0xF0, 0x0F, 0xC0, 0x1F, 0x00, 0xF0, 0x01, 0xF0, 0x1F, 0x40, 0x2F, 0x4F, 0xFF, 0x0F, 0xFE, 0x00,
    0x00, 0x00, 0x00, 0x3C, 0x0B, 0x80, 0x03, 0xC0, 0xBC, 0x00, 0x2E, 0x6F, 0x00, 0x00, 0x15, 0x40,
    0x00, 0x00, 0x00, 0x00, 0x6A, 0x90, 0xAA, 0x97, 0xF9, 0x0B, 0xF8, 0x0F, 0x00, 0x1F, 0x00, 0xF0,
    0x03, 0xF0, 0x0F, 0x00, 0xFF, 0x00, 0xF0, 0x79, 0xF0, 0x0F, 0x1D, 0x1F, 0x00, 0xFB, 0x41, 0xF0,
    0x0F, 0xC0, 0x1F, 0x00, 0xF0, 0x01, 0xF0, 0x1F, 0x40, 0x2F, 0x4F, 0xFF, 0x0F, 0xFE, 0x6A, 0x90,
    0x7C, 0x1F, 0xE4, 0x7F, 0x80, 0xF0, 0x36, 0xC0, 0x3C, 0x1C, 0x00, 0x0F, 0x0E, 0x00, 0x03, 0xEE,
    0x00, 0x00, 0xFA, 0xF4, 0x00, 0x3C, 0x1F, 0x00, 0x0F, 0x02, 0xE0, 0x03, 0xC0, 0x7C, 0x01, 0xF4,
    0x0F, 0xD3, 0xFF, 0xC1, 0xFC, 0x00, 0x00, 0x00, 0x00, 0x06, 0xAA, 0xAA, 0x80, 0x6F, 0xAB, 0xF8,
    0x00, 0xE0, 0x3D, 0x00, 0x0E, 0x03, 0xD0, 0x00, 0xE0, 0x3D, 0x00, 0x0E, 0x03, 0xD0, 0x00, 0xD0,
    0x3D, 0x00, 0x0D, 0x03, 0xD0, 0x01, 0xC0, 0x3D, 0x02, 0x2C, 0x03, 0xD0, 0xBF, 0x40, 0x3E, 0x07,
    0xE0, 0x1F, 0xFC, 0x00, 0x00, 0x00, 0x00, 0x6A, 0x80, 0x02, 0xA8, 0x7F, 0xC0, 0x07, 0xF8, 0x0F,
    0xE0, 0x0B, 0xE0, 0x0D, 0xF0, 0x0E, 0xE0, 0x0D, 0xB4, 0x29, 0xE0, 0x0D, 0x7C, 0x31, 0xE0, 0x0D,
    0x3D, 0xA1, 0xE0, 0x0D, 0x1F, 0xC1, 0xE0, 0x0D, 0x0F, 0xC1, 0xE0, 0x0D, 0x06, 0x01, 0xE0, 0x1E,
    0x00, 0x02, 0xF0, 0xFF, 0xC0, 0x0F, 0xFD, 0x6A, 0x90, 0xAA, 0x97, 0xF9, 0x0B, 0xF8, 0x0F, 0x00,
    0x1F, 0x00, 0xF0, 0x01, 0xF0, 0x0F, 0x00, 0x1F, 0x00, 0xFA, 0xAA, 0xF0, 0x0F, 0xAA, 0xBF, 0x00,
    0xF0, 0x01, 0xF0, 0x0F, 0x00, 0x1F, 0x00, 0xF0, 0x01, 0xF0, 0x1F, 0x40, 0x2F, 0x4F, 0xFF, 0x0F,
    0xFE, 0x01, 0xFE, 0x40, 0x0F, 0x9B, 0xE0, 0x3D, 0x00, 0xF4, 0x78, 0x00, 0x7C, 0xB4, 0x00, 0x3C,
    0xF4, 0x00, 0x3D, 0xF4, 0x00, 0x3D, 0xF8, 0x00, 0x3C, 0xBC, 0x00, 0x3C, 0x7D, 0x00, 0xB4, 0x2F,
    0x42, 0xF0, 0x07, 0xFF, 0x80, 0x00, 0x10, 0x00, 0x6A, 0xAA, 0xAA, 0x97, 0xFA, 0xAB, 0xF8, 0x0F,
    0x00, 0x1E, 0x00, 0xF0, 0x01, 0xE0, 0x0F, 0x00, 0x1E, 0x00, 0xF0, 0x01, 0xE0, 0x0F, 0x00, 0x1E,
    0x00, 0xF0, 0x01, 0xE0, 0x0F, 0x00, 0x1E, 0x00, 0xF0, 0x01, 0xE0, 0x1F, 0x40, 0x2F, 0x0F, 0xFF,
    0x0F, 0xFD, 0x2A, 0x07, 0xF4, 0x02, 0xF6, 0xEF, 0xF0, 0x0B, 0xE0, 0x0F, 0x40, 0x7C, 0x00, 0xBC,
    0x07, 0x80, 0x07, 0xC0, 0x78, 0x00, 0x7C, 0x07, 0x80, 0x07, 0xC0, 0x78, 0x00, 0x7C, 0x07, 0x80,
    0x0B, 0x80, 0x78, 0x00, 0xF4, 0x07, 0xE4, 0x7E, 0x00, 0x7F, 0xFF, 0x80, 0x07, 0x81, 0x00, 0x00,
    0x78, 0x00, 0x00, 0x07, 0x80, 0x00, 0x01, 0xFD, 0x00, 0x00, 0x3F, 0xFC, 0x00, 0x00, 0x01, 0xFE,
    0x00, 0xF9, 0x7C, 0x3D, 0x03, 0xE7, 0xC0, 0x3E, 0xB8, 0x01, 0x4F, 0x40, 0x00, 0xF4, 0x00, 0x0F,
    0x80, 0x00, 0xBC, 0x00, 0x07, 0xE0, 0x04, 0x2F, 0xD6, 0xD0, 0x7F, 0xF4, 0x00, 0x10, 0x00, 0x1A,
    0xAA, 0xAA, 0x0F, 0xAB, 0xEB, 0xC3, 0x81, 0xE0, 0x74, 0xD0, 0x78, 0x0D, 0x20, 0x1E, 0x01, 0x40,
    0x07, 0x80, 0x00, 0x01, 0xE0, 0x00, 0x00, 0x78, 0x00, 0x00, 0x1E, 0x00, 0x00, 0x07, 0x80, 0x00,
    0x02, 0xF4, 0x00, 0x03, 0xFF, 0x80, 0x6A, 0xA0, 0x6A, 0x87, 0xFD, 0x07, 0xF8, 0x0F, 0x40, 0x0D,
    0x00, 0xBC, 0x02, 0xC0, 0x03, 0xC0, 0x38, 0x00, 0x3E, 0x07, 0x00, 0x01, 0xF0, 0xE0, 0x00, 0x0F,
    0x4C, 0x00, 0x00, 0xBA, 0xC0, 0x00, 0x03, 0xF4, 0x00, 0x00, 0x2F, 0x00, 0x00, 0x01, 0xE0, 0x00,
    0x00, 0x1C, 0x00, 0x00, 0x03, 0x80, 0x00, 0x7C, 0x70, 0x00, 0x0B, 0xCE, 0x00, 0x00, 0x7F, 0x80,
    0x00, 0x00, 0x00, 0x00, 0x00, 0x00, 0x06, 0x80, 0x00, 0x00, 0x07, 0xF4, 0x00, 0x00, 0x00, 0x3D,
    0x00, 0x00, 0x00, 0x0B, 0x40, 0x00, 0x00, 0x02, 0xD0, 0x00, 0x00, 0x00, 0xB4, 0x00, 0x00, 0x7F,
    0x6D, 0x7F, 0x40, 0x7E, 0xBF, 0xFA, 0xF8, 0x3D, 0x03, 0xF0, 0x1F, 0x2E, 0x00, 0xB4, 0x03, 0xDF,
    0x40, 0x2D, 0x00, 0xBB, 0xD0, 0x0B, 0x40, 0x2E, 0xF4, 0x02, 0xD0, 0x0B, 0xBD, 0x00, 0xB4, 0x02,
    0xEB, 0x80, 0x2D, 0x00, 0xF5, 0xF0, 0x0B, 0x40, 0x3C, 0x3E, 0x0B, 0xF8, 0x7D, 0x03, 0xFE, 0xFB,
    0xFD, 0x00, 0x04, 0x2D, 0x04, 0x00, 0x00, 0x0B, 0x40, 0x00, 0x00, 0x02, 0xD0, 0x00, 0x00, 0x00,
    0xFC, 0x00, 0x00, 0x02, 0xFF, 0xE0, 0x00, 0x00, 0x00, 0x00, 0x00, 0x6A, 0xA0, 0xAA, 0x5F, 0xF4,
    0x2F, 0x80, 0xFC, 0x07, 0x40, 0x0F, 0x83, 0x40, 0x00, 0xF7, 0x80, 0x00, 0x1F, 0xC0, 0x00, 0x03,
    0xF0, 0x00, 0x02, 0xFE, 0x00, 0x01, 0xC3, 0xE0, 0x01, 0xD0, 0x3D, 0x01, 0xF0, 0x0F, 0xD3, 0xFF,
    0x4F, 0xFF, 0x6A, 0x90, 0xAA, 0x81, 0xFF, 0x42, 0xFE, 0x00, 0xF0, 0x02, 0xE0, 0x03, 0xC0, 0x07,
    0x80, 0x0F, 0x00, 0x1E, 0x00, 0x3C, 0x00, 0x78, 0x00, 0xF0, 0x01, 0xE0, 0x03, 0xC0, 0x07, 0x80,
    0x0F, 0x00, 0x1E, 0x00, 0x3C, 0x00, 0x78, 0x01, 0xF5, 0x56, 0xE5, 0x3F, 0xFF, 0xFF, 0xFC, 0x00,
    0x00, 0x00, 0xF0, 0x00, 0x00, 0x01, 0xC0, 0x00, 0x00, 0x03, 0x00, 0x00, 0x00, 0x04, 0x6A, 0xA0,
    0xAA, 0x86, 0xFE, 0x0B, 0xF8, 0x0F, 0x40, 0x2E, 0x00, 0xF4, 0x02, 0xE0, 0x0F, 0x40, 0x2E, 0x00,
    0xB4, 0x02, 0xE0, 0x07, 0xD1, 0xBE, 0x00, 0x2F, 0xFA, 0xE0, 0x00, 0x00, 0x2E, 0x00, 0x00, 0x02,
    0xE0, 0x00, 0x00, 0x3F, 0x00, 0x00, 0x1F, 0xFD, 0x6A, 0x91, 0xAA, 0x86, 0xAA, 0x1F, 0xF4, 0x6F,
    0xD1, 0xBF, 0x80, 0xF0, 0x03, 0xC0, 0x0F, 0x40, 0x3C, 0x00, 0xF0, 0x03, 0xD0, 0x0F, 0x00, 0x3C,
    0x00, 0xF4, 0x03, 0xC0, 0x0F, 0x00, 0x3D, 0x00, 0xF0, 0x03, 0xC0, 0x0F, 0x40, 0x3C, 0x00, 0xF0,
    0x03, 0xD0, 0x0F, 0x00, 0x3C, 0x00, 0xF4, 0x03, 0xC0, 0x0F, 0x00, 0x3D, 0x01, 0xF5, 0x57, 0xD5,
    0x5F, 0x83, 0xFF, 0xFF, 0xFF, 0xFF, 0xFC, 0x6A, 0x91, 0xAA, 0x86, 0xAA, 0x1F, 0xF4, 0x6F, 0xD1,
    0xBF, 0x80, 0xF0, 0x03, 0xC0, 0x0F, 0x40, 0x3C, 0x00, 0xF0, 0x03, 0xD0, 0x0F, 0x00, 0x3C, 0x00,
    0xF4, 0x03, 0xC0, 0x0F, 0x00, 0x3D, 0x00, 0xF0, 0x03, 0xC0, 0x0F, 0x40, 0x3C, 0x00, 0xF0, 0x03,
    0xD0, 0x0F, 0x00, 0x3C, 0x00, 0xF4, 0x03, 0xC0, 0x0F, 0x00, 0x3D, 0x01, 0xF5, 0x57, 0xD5, 0x5F,
    0x53, 0xFF, 0xFF, 0xFF, 0xFF, 0xFF, 0x00, 0x00, 0x00, 0x00, 0x07, 0xC0, 0x00, 0x00, 0x00, 0x00,
    0xB0, 0x00, 0x00, 0x00, 0x00, 0x1C, 0x00, 0x00, 0x00, 0x00, 0x00, 0x2A, 0xAA, 0x80, 0x03, 0xEB,
    0xF4, 0x00, 0x38, 0x3C, 0x00, 0x07, 0x03, 0xC0, 0x00, 0x20, 0x3C, 0x00, 0x00, 0x03, 0xFF, 0xF4,
    0x00, 0x3D, 0x0B, 0xD0, 0x03, 0xC0, 0x2F, 0x00, 0x3C, 0x01, 0xF0, 0x03, 0xC0, 0x2E, 0x00, 0x7D,
    0x0B, 0xC0, 0x2F, 0xFF, 0xE0, 0x6A, 0x90, 0x02, 0xAA, 0x5F, 0xE4, 0x00, 0xBF, 0x90, 0xF0, 0x00,
    0x07, 0xC0, 0x3C, 0x00, 0x01, 0xF0, 0x0F, 0x00, 0x00, 0x7C, 0x03, 0xFF, 0xE0, 0x1F, 0x00, 0xF0,
    0x6F, 0x07, 0xC0, 0x3C, 0x03, 0xD1, 0xF0, 0x0F, 0x00, 0xF4, 0x7C, 0x03, 0xC0, 0x3D, 0x1F, 0x01,
    0xF0, 0x7E, 0x0B, 0xD3, 0xFF, 0xF9, 0x0F, 0xFE, 0x6A, 0x90, 0x01, 0xFE, 0x40, 0x00, 0xF0, 0x00,
    0x03, 0xC0, 0x00, 0x0F, 0x00, 0x00, 0x3F, 0xFF, 0x40, 0xF0, 0x2F, 0x03, 0xC0, 0x2E, 0x0F, 0x00,
    0xB8, 0x3C, 0x03, 0xD1, 0xF0, 0x2F, 0x3F, 0xFF, 0x90, 0x76, 0xF8, 0x07, 0xD1, 0xF4, 0x74, 0x03,
    0xC7, 0x00, 0x3D, 0x00, 0x02, 0xE0, 0x2A, 0xBF, 0x02, 0xAB, 0xE0, 0x00, 0x2E, 0xB8, 0x03, 0xDF,
    0x80, 0x3C, 0xB8, 0x0F, 0x42, 0xFF, 0xC0, 0x01, 0x40, 0x00, 0x6A, 0x90, 0x0B, 0xF8, 0x07, 0xF9,
    0x03, 0xE6, 0xF4, 0x0F, 0x00, 0xF0, 0x07, 0xC0, 0xF0, 0x1E, 0x00, 0x3D, 0x0F, 0x03, 0xD0, 0x02,
    0xE0, 0xFA, 0xBD, 0x00, 0x2F, 0x0F, 0xAB, 0xD0, 0x01, 0xF0, 0xF0, 0x3D, 0x00, 0x2E, 0x0F, 0x02,
    0xE0, 0x03, 0xD0, 0xF0, 0x1F, 0x00, 0x3C, 0x1F, 0x40, 0xBD, 0x0F, 0x4F, 0xFF, 0x02, 0xFF, 0xD0,
    0x00, 0x00, 0x00, 0x40, 0x00, 0x00, 0x6A, 0xAA, 0x40, 0xFE, 0x6F, 0x90, 0xBC, 0x07, 0xC0, 0x3D,
    0x01, 0xF0, 0x0B, 0x80, 0x7C, 0x00, 0xF4, 0x1F, 0x00, 0x07, 0xFF, 0xC0, 0x03, 0xC1, 0xF0, 0x02,
    0xD0, 0x7C, 0x00, 0xF0, 0x1F, 0x00, 0xF8, 0x0B, 0xD1, 0xFC, 0x0F, 0xFE, 0x04, 0x00, 0x00, 0x00,
    0x00, 0x00, 0x00, 0x3D, 0x1F, 0x00, 0xF8, 0xBD, 0x02, 0x80, 0xA0, 0x00, 0x00, 0x00, 0x00, 0x00,
    0x00, 0x1F, 0xE0, 0x03, 0xD6, 0xF0, 0x3C, 0x02, 0xE1, 0xE0, 0x07, 0xCB, 0x40, 0x1F, 0x3F, 0xFF,
    0xF8, 0xF9, 0x55, 0x43, 0xE0, 0x00, 0x0B, 0xC0, 0x00, 0x0F, 0x40, 0x04, 0x2F, 0x96, 0xE0, 0x1F,
    0xFD, 0x00, 0x01, 0x00, 0x00, 0x16, 0x80, 0x00, 0x0F, 0xF0, 0x00, 0x00, 0x3C, 0x00, 0x00, 0x5F,
    0x54, 0x00, 0x3F, 0xFF, 0x40, 0x00, 0xF0, 0x00, 0x00, 0x3C, 0x2F, 0x80, 0x0F, 0x7E, 0xFC, 0x03,
    0xF0, 0x0F, 0x40, 0xF4, 0x02, 0xE0, 0x3C, 0x00, 0x78, 0x0F, 0x00, 0x1E, 0x03, 0xC0, 0x07, 0x80,
    0xF0, 0x01, 0xE0, 0x3C, 0x00, 0x78, 0x0F, 0x00, 0x1E, 0x07, 0xD0, 0x07, 0x8B, 0xFF, 0x01, 0xE0,
    0x00, 0x00, 0xB4, 0x00, 0x00, 0x2D, 0x00, 0x00, 0x0F, 0x00, 0x00, 0x0B, 0x40, 0x00, 0x03, 0x40,
    0x00, 0x00, 0x00, 0x00, 0x05, 0x00, 0x01, 0xF0, 0x00, 0x3D, 0x00, 0x0F, 0x00, 0x00, 0x40, 0x00,
    0x00, 0x00, 0x6A, 0xAA, 0x87, 0xFA, 0xBD, 0x0F, 0x01, 0xD0, 0xF0, 0x0E, 0x0F, 0x00, 0x50, 0xF0,
    0x00, 0x0F, 0x00, 0x00, 0xF0, 0x00, 0x0F, 0x00, 0x00, 0xF0, 0x00, 0x1F, 0x40, 0x0F, 0xFF, 0x80,
    0x02, 0xFE, 0x00, 0xF9, 0x7C, 0x3D, 0x03, 0xE7, 0xC0, 0x3E, 0xB8, 0x00, 0x4F, 0xEA, 0x80, 0xFE,
    0xA8, 0x0F, 0x80, 0x00, 0xBC, 0x00, 0x03, 0xE0, 0x04, 0x2F, 0x97, 0xD0, 0x7F, 0xF4, 0x00, 0x10,
    0x00, 0x0B, 0xE7, 0x0F, 0x5B, 0xC7, 0x40, 0x72, 0xD0, 0x08, 0x7E, 0x00, 0x0F, 0xFD, 0x00, 0x7F,
    0xF0, 0x00, 0x7D, 0x90, 0x07, 0xBC, 0x01, 0xEB, 0xC0, 0xF2, 0xFF, 0xF4, 0x00, 0x40, 0x00, 0x00,
    0x00, 0x0B, 0xC0, 0x0F, 0xC0, 0x06, 0x80, 0x00, 0x00, 0x00, 0x00, 0x1A, 0x80, 0x2F, 0xC0, 0x03,
    0xC0, 0x03, 0xC0, 0x03, 0xC0, 0x03, 0xC0, 0x03, 0xC0, 0x03, 0xC0, 0x03, 0xC0, 0x03, 0xC0, 0x07,
    0xD0, 0x3F, 0xFC, 0x00, 0x00, 0x0F, 0x07, 0x87, 0xE3, 0xF0, 0xA0, 0x64, 0x00, 0x00, 0x00, 0x00,
    0x00, 0x6A, 0x00, 0x2F, 0xC0, 0x00, 0xF0, 0x00, 0x3C, 0x00, 0x0F, 0x00, 0x03, 0xC0, 0x00, 0xF0,
    0x00, 0x3C, 0x00, 0x0F, 0x00, 0x03, 0xC0, 0x01, 0xF4, 0x03, 0xFF, 0xC0, 0x00, 0x00, 0xFC, 0x0F,
    0xC0, 0x64, 0x00, 0x00, 0x00, 0x2A, 0x82, 0xFC, 0x07, 0xC0, 0x3C, 0x03, 0xC0, 0x3C, 0x03, 0xC0,
    0x3C, 0x03, 0xC0, 0x3C, 0x03, 0xC0, 0x3C, 0x07, 0x80, 0x74, 0x0F, 0x01, 0xE0, 0x38, 0x00, 0x00,
    0x06, 0xAA, 0xAA, 0x80, 0x00, 0x6F, 0xAB, 0xF8, 0x00, 0x00, 0xE0, 0x3D, 0x00, 0x00, 0x0E, 0x03,
    0xD0, 0x00, 0x00, 0xD0, 0x3D, 0x00, 0x00, 0x0D, 0x03, 0xFF, 0xF4, 0x00, 0xD0, 0x3D, 0x07, 0xD0,
    0x0C, 0x03, 0xD0, 0x2F, 0x01, 0xC0, 0x3D, 0x01, 0xF2, 0x2C, 0x03, 0xD0, 0x2E, 0xBF, 0x40, 0x7D,
    0x0B, 0xC7, 0xE0, 0x2F, 0xFF, 0xE0, 0x00, 0x00, 0x00, 0x00, 0x00, 0x6A, 0x90, 0xAA, 0x80, 0x01,
    0xFE, 0x42, 0xFE, 0x00, 0x00, 0xF0, 0x02, 0xE0, 0x00, 0x03, 0xC0, 0x0B, 0x80, 0x00, 0x0F, 0x00,
    0x2E, 0x00, 0x00, 0x3E, 0xAA, 0xFF, 0xFE, 0x00, 0xFA, 0xAB, 0xE0, 0x7E, 0x03, 0xC0, 0x0B, 0x80,
    0x7C, 0x0F, 0x00, 0x2E, 0x00, 0xF0, 0x3C, 0x00, 0xB8, 0x07, 0xC1, 0xF4, 0x03, 0xE0, 0x7D, 0x3F,
    0xFC, 0x3F, 0xFF, 0x80, 0x16, 0x80, 0x00, 0x00, 0xFF, 0x00, 0x00, 0x00, 0x3C, 0x00, 0x00, 0x05,
    0xF5, 0x40, 0x00, 0xBF, 0xFF, 0x00, 0x00, 0x0F, 0x00, 0x00, 0x00, 0x3C, 0x2F, 0x80, 0x00, 0xF7,
    0xEF, 0xC0, 0x03, 0xF0, 0x0F, 0x40, 0x0F, 0x40, 0x2E, 0x00, 0x3C, 0x00, 0x78, 0x00, 0xF0, 0x01,
    0xE0, 0x03, 0xC0, 0x07, 0x80, 0x0F, 0x00, 0x1E, 0x00, 0x3C, 0x00, 0x78, 0x00, 0xF0, 0x01, 0xE0,
    0x07, 0xD0, 0x0B, 0xC0, 0xBF, 0xF0, 0xFF, 0xD0, 0x00, 0x00, 0x80, 0x00, 0x00, 0xF4, 0x00, 0x00,
    0xB8, 0x00, 0x00, 0xB4, 0x00, 0x00, 0x10, 0x00, 0x00, 0x00, 0x00, 0x06, 0xA9, 0x07, 0xC1, 0xFE,
    0x47, 0xF8, 0x0F, 0x03, 0x6C, 0x03, 0xC1, 0xC0, 0x00, 0xF0, 0xE0, 0x00, 0x3E, 0xE0, 0x00, 0x0F,
    0xAF, 0x40, 0x03, 0xC1, 0xF0, 0x00, 0xF0, 0x2E, 0x00, 0x3C, 0x07, 0xC0, 0x1F, 0x40, 0xFD, 0x3F,
    0xFC, 0x1F, 0xC0, 0x00, 0x00, 0x00, 0x00, 0x60, 0x00, 0x00, 0x0B, 0x80, 0x00, 0x00, 0x3D, 0x00,
    0x00, 0x00, 0xB0, 0x00, 0x00, 0x01, 0x40, 0x00, 0x00, 0x00, 0x00, 0x6A, 0x90, 0xAA, 0x97, 0xF9,
    0x0B, 0xF8, 0x0F, 0x00, 0x1F, 0x00, 0xF0, 0x03, 0xF0, 0x0F, 0x00, 0xFF, 0x00, 0xF0, 0x79, 0xF0,
    0x0F, 0x1D, 0x1F, 0x00, 0xFB, 0x41, 0xF0, 0x0F, 0xC0, 0x1F, 0x00, 0xF0, 0x01, 0xF0, 0x1F, 0x40,
    0x2F, 0x4F, 0xFF, 0x0F, 0xFE, 0x00, 0x00, 0x00, 0x00, 0x2D, 0x07, 0xC0, 0x03, 0xD0, 0x7C, 0x00,
    0x1E, 0xAB, 0x40, 0x00, 0x15, 0x40, 0x00, 0x00, 0x00, 0x00, 0x6A, 0xA0, 0x6A, 0x87, 0xFD, 0x07,
    0xF8, 0x0F, 0x40, 0x0D, 0x00, 0xBC, 0x02, 0xC0, 0x03, 0xC0, 0x38, 0x00, 0x3E, 0x07, 0x00, 0x01,
    0xF0, 0xE0, 0x00, 0x0F, 0x4C, 0x00, 0x00, 0xBA, 0xC0, 0x00, 0x03, 0xF4, 0x00, 0x00, 0x2F, 0x00,
    0x00, 0x01, 0xE0, 0x00, 0x00, 0x1C, 0x00, 0x00, 0x03, 0x80, 0x00, 0x7C, 0x70, 0x00, 0x0B, 0xCE,
    0x00, 0x00, 0x7F, 0x80, 0x00, 0x00, 0x00, 0x00, 0x00, 0x6A, 0xA0, 0xAA, 0x96, 0xFD, 0x0B, 0xF8,
    0x0F, 0x00, 0x1F, 0x00, 0xF0, 0x01, 0xF0, 0x0F, 0x00, 0x1F, 0x00, 0xF0, 0x01, 0xF0, 0x0F, 0x00,
    0x1F, 0x00, 0xF0, 0x01, 0xF0, 0x0F, 0x00, 0x1F, 0x00, 0xF0, 0x01, 0xF0, 0x2F, 0x55, 0x6F, 0x4F,
    0xFF, 0xFF, 0xFE, 0x00, 0x0F, 0x00, 0x00, 0x00, 0xE0, 0x00, 0x00, 0x0E, 0x00, 0x00, 0x00, 0x40,
    0x00, 0x00, 0x00, 0x02, 0x00, 0x00, 0x01, 0xC0, 0x00, 0x00, 0xF0, 0x00, 0x00, 0xB8, 0xBF, 0xFF,
    0xFE, 0x03, 0xF0, 0x00, 0x00, 0xB8, 0x00, 0x00, 0x2E, 0x00, 0x00, 0x0B, 0x80, 0x00, 0x02, 0xE0,
    0x00, 0x00, 0xB8, 0x00, 0x00, 0x2E, 0x00, 0x00, 0x0B, 0x80, 0x00, 0x02, 0xE0, 0x00, 0x00, 0xB8,
    0x00, 0x00, 0x2E, 0x00, 0x00, 0x0B, 0x80, 0x00, 0x02, 0xE0, 0x00, 0x00, 0xFD, 0x00, 0x02, 0xFF,
    0xF0, 0x00, 0x00, 0x00, 0x90, 0x00, 0x0D, 0x00, 0x01, 0xC6, 0xAA, 0xBC, 0x7F, 0xAA, 0x80, 0xF0,
    0x00, 0x0F, 0x00, 0x00, 0xF0, 0x00, 0x0F, 0x00, 0x00, 0xF0, 0x00, 0x0F, 0x00, 0x00, 0xF0, 0x00,
    0x0F, 0x00, 0x01, 0xF4, 0x00, 0xFF, 0xF8, 0x00, 0x00, 0x00, 0x00, 0x00, 0xBF, 0xFC, 0x0B, 0xFF,
    0x1F, 0xC0, 0x01, 0xF4, 0x07, 0xC0, 0x01, 0xD0, 0x02, 0xF0, 0x03, 0x80, 0x00, 0xF4, 0x07, 0x00,
    0x00, 0x7C, 0x0D, 0x00, 0x00, 0x3E, 0x2C, 0x00, 0x00, 0x0F, 0xB4, 0x00, 0x00, 0x0B, 0xE0, 0x00,
    0x00, 0x03, 0xC0, 0x00, 0x00, 0x03, 0xC0, 0x00, 0x00, 0x3F, 0xFC, 0x00, 0x00, 0x1B, 0xE4, 0x00,
    0x00, 0x03, 0xC0, 0x00, 0x00, 0x07, 0xE0, 0x00, 0x00, 0x3F, 0xFD, 0x00, 0x2A, 0xA4, 0x2A, 0xA2,
    0xFE, 0x42, 0xFD, 0x07, 0xC0, 0x07, 0x00, 0x3D, 0x00, 0xE0, 0x02, 0xE0, 0x0D, 0x00, 0x1F, 0x01,
    0xC0, 0x00, 0xF4, 0x38, 0x00, 0x07, 0xC3, 0x00, 0x00, 0x3C, 0xB0, 0x00, 0x02, 0xED, 0x00, 0x00,
    0x1F, 0xC0, 0x00, 0x00, 0xF8, 0x00, 0x00, 0x1F, 0x90, 0x00, 0x0B, 0xFF, 0x80, 0x00, 0x0B, 0x40,
    0x00, 0x01, 0xF8, 0x00, 0x00, 0xBF, 0xF4, 0x00, 0x00, 0x00, 0x00, 0x00, 0x00, 0x00, 0xBF, 0xFF,
    0xFC, 0x15, 0x55, 0x54, 0x00, 0x00, 0x00, 0x00, 0x00, 0x02, 0xFF, 0xFF, 0xFF, 0xFF, 0xFF, 0xE1,
    0x55, 0x55, 0x55, 0x55, 0x55, 0x00, 0x04, 0x2C, 0x70, 0xB4, 0xFD, 0xBC, 0x10, 0x10, 0xFC, 0xFD,
    0x1C, 0x2C, 0x70, 0x40, 0x64, 0xFD, 0xBD, 0x0C, 0x38, 0xA0, 0x00, 0x04, 0x01, 0x2C, 0x0D, 0x70,
    0x38, 0xB4, 0x34, 0xFD, 0x7F, 0xBC, 0x3F, 0x10, 0x04, 0x10, 0x14, 0xFC, 0x3E, 0xFD, 0x7F, 0x1C,
    0x0B, 0x2C, 0x0D, 0x70, 0x38, 0x40, 0x10, 0x19, 0x0A, 0x0F, 0xCB, 0xE3, 0xF1, 0xF8, 0x1C, 0x0D,
    0x0D, 0x07, 0x0E, 0x07, 0x00, 0x00, 0x00, 0x05, 0x02, 0xFC, 0x3F, 0xE3, 0xFE, 0x2F, 0xC0, 0x10,
    0x00, 0x00, 0x00, 0x00, 0x01, 0xF0, 0x03, 0xD0, 0x0F, 0x8F, 0xE0, 0x2F, 0xC0, 0x7F, 0x2F, 0x40,
    0x7E, 0x00, 0xFC, 0x10, 0x00, 0x10, 0x00, 0x40, 0x11, 0xFB, 0x6C, 0xA1, 0x00, 0x10, 0x11, 0xF2,
    0xDB, 0x4F, 0x2C, 0x38, 0xA0, 0xD1, 0x02, 0x00, 0x00, 0x80, 0x3C, 0x0F, 0x03, 0xD0, 0xB8, 0x0B,
    0xC0, 0x2E, 0x00, 0xB4, 0x02, 0xC0, 0x08, 0x20, 0x03, 0xC0, 0x0F, 0x00, 0x7C, 0x02, 0xE0, 0x3E,
    0x07, 0x80, 0xE0, 0x3C, 0x02, 0x00, 0x00, 0x00, 0x04, 0x00, 0x00, 0x38, 0x00, 0x00, 0x70, 0x00,
    0x00, 0xE0, 0x00, 0x02, 0xC0, 0x00, 0x03, 0x40, 0x00, 0x0B, 0x00, 0x00, 0x1D, 0x00, 0x00, 0x38,
    0x00, 0x00, 0x70, 0x00, 0x00, 0xE0, 0x00, 0x02, 0xC0, 0x00, 0x03, 0x40, 0x00, 0x0B, 0x00, 0x00,
    0x1D, 0x00, 0x00, 0x38, 0x00, 0x00, 0x70, 0x00, 0x00, 0x40, 0x00, 0x00, 0x00, 0x00, 0x50, 0x00,
    0x00, 0x7F, 0xFF, 0x80, 0x0B, 0x80, 0x2F, 0x00, 0x7C, 0x00, 0x2C, 0x03, 0xD0, 0x00, 0x30, 0x1F,
    0x00, 0x00, 0x00, 0xBC, 0x00, 0x00, 0x2F, 0xFF, 0xF8, 0x00, 0x0F, 0x80, 0x00, 0x00, 0x7E, 0x55,
    0x00, 0x0F, 0xFF, 0xFD, 0x00, 0x02, 0xF0, 0x00, 0x00, 0x07, 0xC0, 0x00, 0x00, 0x0F, 0x40, 0x00,
    0xC0, 0x1F, 0x00, 0x0B, 0x00, 0x2F, 0x00, 0xBC, 0x00, 0x1F, 0xFF, 0xE0, 0x00, 0x01, 0x40, 0x00,
    0x00, 0x80, 0x02, 0xFE, 0x03, 0xFF, 0xF0, 0xD7, 0x5C, 0x01, 0xD0, 0x00, 0x74, 0x00, 0x1D, 0x00,
    0x07, 0x40, 0x01, 0xD0, 0x00, 0x74, 0x00, 0x1D, 0x00, 0x01, 0x00, 0x01, 0xD0, 0x00, 0x74, 0x00,
    0x1D, 0x00, 0x07, 0x40, 0x01, 0xD0, 0x00, 0x74, 0x00, 0x1D, 0x00, 0x47, 0x44, 0x39, 0xEB, 0x0B,
    0xFF, 0x80, 0x3F, 0x00, 0x01, 0x00, 0x2A, 0xAA, 0xA4, 0xFF, 0xFF, 0xD0, 0x00, 0x00, 0x00, 0x00,
    0x00, 0xD0, 0x00, 0x0B, 0x00, 0x00, 0x34, 0x00, 0x02, 0xC0, 0x00, 0x0C, 0x00, 0x00, 0xE0, 0x00,
    0x07, 0x00, 0x00, 0x38, 0x00, 0x01, 0xC0, 0x00, 0x0E, 0x00, 0x00, 0x70, 0x00, 0x03, 0x80, 0x00,
    0x2C, 0x00, 0x00, 0xD0, 0x00, 0x0B, 0x00, 0x00, 0x34, 0x00, 0x00, 0x40, 0x00, 0x00,
};

static const EpdGlyph PROGMEM literata_11_2bGlyphs[] = {
    { 0, 0, 5, 0, 0, 0, 0 }, //  
    { 4, 18, 7, 2, 17, 18, 0 }, // !
    { 7, 6, 9, 1, 18, 11, 18 }, // "
    { 14, 13, 15, 1, 13, 46, 29 }, // #
    { 12, 22, 13, 1, 19, 66, 75 }, // $
    { 18, 15, 19, 1, 14, 68, 141 }, // %
    { 17, 18, 19, 1, 17, 77, 209 }, // &
    { 3, 6, 5, 1, 18, 5, 286 }, // '
    { 7, 24, 8, 1, 19, 42, 291 }, // (
    { 6, 24, 8, 0, 19, 36, 333 }, // )
    { 9, 9, 10, 1, 18, 21, 369 }, // *
    { 11, 11, 13, 1, 12, 31, 390 }, // +
    { 4, 7, 8, 2, 3, 7, 421 }, // ,
    { 7, 3, 8, 1, 8, 6, 428 }, // -
    { 4, 5, 8, 2, 4, 5, 434 }, // .
    { 10, 22, 10, 0, 19, 55, 439 }, // /
    { 13, 18, 13, 0, 17, 59, 494 }, // 0
    { 9, 17, 9, 0, 17, 39, 553 }, // 1
    { 11, 17, 12, 0, 17, 47, 592 }, // 2
    { 12, 18, 12, 0, 17, 54, 639 }, // 3
    { 13, 17, 13, 0, 17, 56, 693 }, // 4
    { 11, 18, 12, 0, 17, 50, 749 }, // 5
    { 12, 18, 12, 0, 17, 54, 799 }, // 6
    { 12, 18, 12, 0, 17, 54, 853 }, // 7
    { 12, 18, 13, 0, 17, 54, 907 }, // 8
    { 12, 18, 12, 0, 17, 54, 961 }, // 9
    { 4, 13, 8, 2, 12, 13, 1015 }, // :
    { 5, 16, 8, 1, 12, 20, 1028 }, // ;
    { 10, 13, 13, 1, 13, 33, 1048 }, // <
    { 11, 6, 13, 1, 10, 17, 1081 }, // =
    { 10, 13, 13, 2, 13, 33, 1098 }, // >
    { 10, 18, 12, 1, 17, 45, 1131 }, // ?
    { 18, 19, 19, 1, 14, 86, 1176 }, // @
    { 17, 17, 17, 0, 17, 73, 1262 }, // A
    { 14, 17, 15, 1, 17, 60, 1335 }, // B
    { 14, 18, 16, 1, 17, 63, 1395 }, // C
    { 16, 17, 18, 1, 17, 68, 1458 }, // D
    { 13, 17, 15, 1, 17, 56, 1526 }, // E
    { 13, 17, 14, 1, 17, 56, 1582 }, // F
    { 16, 18, 17, 1, 17, 72, 1638 }, // G
    { 17, 17, 19, 1, 17, 73, 1710 }, // H
    { 7, 17, 9, 1, 17, 30, 1783 }, // I
    { 12, 18, 13, 0, 17, 54, 1813 }, // J
    { 16, 18, 17, 1, 17, 72, 1867 }, // K
    { 13, 17, 15, 1, 17, 56, 1939 }, // L
    { 21, 17, 23, 1, 17, 90, 1995 }, // M
    { 17, 17, 19, 1, 17, 73, 2085 }, // N
    { 16, 18, 17, 1, 17, 72, 2158 }, // O
    { 13, 17, 14, 1, 17, 56, 2230 }, // P
    { 20, 22, 17, 1, 17, 110, 2286 }, // Q
    { 15, 18, 17, 1, 17, 68, 2396 }, // R
    { 12, 18, 14, 1, 17, 54, 2464 }, // S
    { 16, 17, 17, 0, 17, 68, 2518 }, // T
    { 17, 18, 19, 1, 17, 77, 2586 }, // U
    { 17, 17, 17, 0, 17, 73, 2663 }, // V
    { 25, 17, 25, 0, 17, 107, 2736 }, // W
    { 16, 17, 16, 0, 17, 68, 2843 }, // X
    { 16, 17, 16, 0, 17, 68, 2911 }, // Y
    { 13, 17, 15, 1, 17, 56, 2979 }, // Z
    { 5, 24, 8, 2, 19, 30, 3035 }, // [
    { 10, 22, 10, 0, 19, 55, 3065 }, // <backslash>
    { 6, 24, 8, 0, 19, 36, 3120 }, // ]
    { 12, 10, 13, 1, 17, 30, 3156 }, // ^
    { 11, 3, 11, 0, 0, 9, 3186 }, // _
    { 5, 5, 11, 3, 18, 7, 3195 }, // `
    { 12, 13, 12, 1, 12, 39, 3202 }, // a
    { 13, 19, 14, 0, 18, 62, 3241 }, // b
    { 10, 13, 11, 1, 12, 33, 3303 }, // c
    { 13, 19, 14, 1, 18, 62, 3336 }, // d
    { 11, 13, 12, 1, 12, 36, 3398 }, // e
    { 11, 18, 9, 0, 18, 50, 3434 }, // f
    { 13, 20, 13, 0, 14, 65, 3484 }, // g
    { 15, 18, 15, 0, 18, 68, 3549 }, // h
    { 8, 18, 8, 0, 18, 36, 3617 }, // i
    { 6, 24, 7, 0, 18, 36, 3653 }, // j
    { 15, 19, 14, 0, 18, 72, 3689 }, // k
    { 8, 18, 8, 0, 18, 36, 3761 }, // l
    { 21, 12, 22, 1, 12, 63, 3797 }, // m
    { 14, 12, 15, 1, 12, 42, 3860 }, // n
    { 12, 13, 13, 1, 12, 39, 3902 }, // o
    { 14, 17, 14, 0, 12, 60, 3941 }, // p
    { 13, 17, 14, 1, 12, 56, 4001 }, // q
    { 10, 12, 11, 1, 12, 30, 4057 }, // r
    { 9, 13, 10, 1, 12, 30, 4087 }, // s
    { 10, 17, 9, 0, 16, 43, 4117 }, // t
    { 14, 13, 15, 0, 12, 46, 4160 }, // u
    { 14, 12, 14, 0, 12, 42, 4206 }, // v
    { 20, 12, 20, 0, 12, 60, 4248 }, // w
    { 13, 12, 13, 0, 12, 39, 4308 }, // x
    { 14, 18, 13, 0, 12, 63, 4347 }, // y
    { 11, 12, 11, 0, 12, 33, 4410 }, // z
    { 7, 25, 9, 1, 19, 44, 4443 }, // {
    { 2, 22, 10, 4, 19, 11, 4487 }, // |
    { 8, 25, 9, 0, 19, 50, 4498 }, // }
    { 11, 4, 13, 1, 9, 11, 4548 }, // ~
    { 0, 0, 5, 0, 0, 0, 4559 }, //  
    { 4, 17, 7, 2, 12, 17, 4559 }, // ¡
    { 10, 16, 11, 1, 15, 40, 4576 }, // ¢
    { 12, 17, 13, 0, 17, 51, 4616 }, // £
    { 11, 11, 12, 1, 13, 31, 4667 }, // ¤
    { 17, 17, 16, 0, 17, 73, 4698 }, // ¥
    { 2, 22, 10, 4, 19, 11, 4771 }, // ¦
    { 12, 21, 14, 1, 17, 63, 4782 }, // §
    { 9, 4, 11, 1, 18, 9, 4845 }, // ¨
    { 16, 16, 18, 1, 15, 64, 4854 }, // ©
    { 10, 10, 10, 0, 18, 25, 4918 }, // ª
    { 10, 10, 11, 1, 11, 25, 4943 }, // «
    { 11, 6, 13, 1, 9, 17, 4968 }, // ¬
    { 0, 0, 0, 0, 0, 0, 4985 }, // ­
    { 9, 9, 11, 1, 18, 21, 4985 }, // ®
    { 7, 3, 11, 2, 17, 6, 5006 }, // ¯
    { 7, 6, 8, 0, 18, 11, 5012 }, // °
    { 11, 12, 13, 1, 12, 33, 5023 }, // ±
    { 9, 12, 9, 0, 20, 27, 5056 }, // ²
    { 9, 12, 10, 0, 20, 27, 5083 }, // ³
    { 6, 5, 11, 3, 18, 8, 5110 }, // ´
    { 13, 18, 14, 1, 12, 59, 5118 }, // µ
    { 12, 21, 13, 1, 17, 63, 5177 }, // ¶
    { 4, 5, 8, 2, 10, 5, 5240 }, // ·
    { 5, 7, 11, 3, 1, 9, 5245 }, // ¸
    { 7, 12, 7, 0, 20, 21, 5254 }, // ¹
    { 9, 10, 10, 0, 18, 23, 5275 }, // º
    { 11, 10, 11, 0, 11, 28, 5298 }, // »
    { 21, 18, 21, 0, 17, 95, 5326 }, // ¼
    { 22, 18, 22, 0, 17, 99, 5421 }, // ½
    { 22, 18, 22, 0, 17, 99, 5520 }, // ¾
    { 10, 18, 12, 1, 13, 45, 5619 }, // ¿
    { 17, 22, 17, 0, 22, 94, 5664 }, // À
    { 17, 22, 17, 0, 22, 94, 5758 }, // Á
    { 17, 22, 17, 0, 22, 94, 5852 }, // Â
    { 17, 21, 17, 0, 21, 90, 5946 }, // Ã
    { 17, 21, 17, 0, 21, 90, 6036 }, // Ä
    { 17, 22, 17, 0, 22, 94, 6126 }, // Å
    { 22, 17, 23, 0, 17, 94, 6220 }, // Æ
    { 14, 23, 16, 1, 17, 81, 6314 }, // Ç
    { 13, 22, 15, 1, 22, 72, 6395 }, // È
    { 13, 22, 15, 1, 22, 72, 6467 }, // É
    { 13, 22, 15, 1, 22, 72, 6539 }, // Ê
    { 13, 21, 15, 1, 21, 69, 6611 }, // Ë
    { 7, 22, 9, 1, 22, 39, 6680 }, // Ì
    { 7, 22, 9, 1, 22, 39, 6719 }, // Í
    { 9, 22, 9, 0, 22, 50, 6758 }, // Î
    { 9, 21, 9, 0, 21, 48, 6808 }, // Ï
    { 17, 17, 18, 0, 17, 73, 6856 }, // Ð
    { 17, 21, 19, 1, 21, 90, 6929 }, // Ñ
    { 16, 23, 17, 1, 22, 92, 7019 }, // Ò
    { 16, 23, 17, 1, 22, 92, 7111 }, // Ó
    { 16, 23, 17, 1, 22, 92, 7203 }, // Ô
    { 16, 22, 17, 1, 21, 88, 7295 }, // Õ
    { 16, 22, 17, 1, 21, 88, 7383 }, // Ö
    { 9, 10, 13, 2, 12, 23, 7471 }, // ×
    { 17, 18, 17, 0, 17, 77, 7494 }, // Ø
    { 17, 23, 19, 1, 22, 98, 7571 }, // Ù
    { 17, 23, 19, 1, 22, 98, 7669 }, // Ú
    { 17, 23, 19, 1, 22, 98, 7767 }, // Û
    { 17, 22, 19, 1, 21, 94, 7865 }, // Ü
    { 16, 22, 16, 0, 22, 88, 7959 }, // Ý
    { 13, 17, 14, 1, 17, 56, 8047 }, // Þ
    { 15, 19, 16, 0, 18, 72, 8103 }, // ß
    { 12, 19, 12, 1, 18, 57, 8175 }, // à
    { 12, 19, 12, 1, 18, 57, 8232 }, // á
    { 12, 19, 12, 1, 18, 57, 8289 }, // â
    { 12, 19, 12, 1, 18, 57, 8346 }, // ã
    { 12, 19, 12, 1, 18, 57, 8403 }, // ä
    { 12, 20, 12, 1, 19, 60, 8460 }, // å
    { 17, 13, 18, 1, 12, 56, 8520 }, // æ
    { 10, 18, 11, 1, 12, 45, 8576 }, // ç
    { 11, 19, 12, 1, 18, 53, 8621 }, // è
    { 11, 19, 12, 1, 18, 53, 8674 }, // é
    { 11, 19, 12, 1, 18, 53, 8727 }, // ê
    { 11, 19, 12, 1, 18, 53, 8780 }, // ë
    { 8, 18, 8, 0, 18, 36, 8833 }, // ì
    { 8, 18, 8, 0, 18, 36, 8869 }, // í
    { 9, 18, 8, -1, 18, 41, 8905 }, // î
    { 9, 18, 8, -1, 18, 41, 8946 }, // ï
    { 12, 20, 13, 1, 19, 60, 8987 }, // ð
    { 14, 18, 15, 1, 18, 63, 9047 }, // ñ
    { 12, 19, 13, 1, 18, 57, 9110 }, // ò
    { 12, 19, 13, 1, 18, 57, 9167 }, // ó
    { 12, 19, 13, 1, 18, 57, 9224 }, // ô
    { 12, 19, 13, 1, 18, 57, 9281 }, // õ
    { 12, 19, 13, 1, 18, 57, 9338 }, // ö
    { 11, 10, 13, 1, 12, 28, 9395 }, // ÷
    { 14, 13, 13, -1, 12, 46, 9423 }, // ø
    { 14, 19, 15, 0, 18, 67, 9469 }, // ù
    { 14, 19, 15, 0, 18, 67, 9536 }, // ú
    { 14, 19, 15, 0, 18, 67, 9603 }, // û
    { 14, 19, 15, 0, 18, 67, 9670 }, // ü
    { 14, 24, 13, 0, 18, 84, 9737 }, // ý
    { 13, 24, 14, 0, 18, 78, 9821 }, // þ
    { 14, 24, 13, 0, 18, 84, 9899 }, // ÿ
    { 17, 22, 17, 0, 22, 94, 9983 }, // Ă
    { 8, 12, 8, 0, 12, 24, 10077 }, // ı
    { 23, 18, 25, 1, 17, 104, 10101 }, // Œ
    { 19, 13, 21, 1, 12, 62, 10205 }, // œ
    { 5, 5, 0, -3, 18, 7, 10267 }, // ̀
    { 5, 5, 0, -2, 18, 7, 10274 }, // ́
    { 8, 4, 0, -4, 18, 8, 10281 }, // ̃
    { 8, 3, 0, -4, 17, 6, 10289 }, // ̄
    { 8, 4, 0, -4, 18, 8, 10295 }, // ̈
    { 6, 6, 0, -3, 19, 9, 10303 }, // ̉
    { 4, 4, 0, -2, -1, 4, 10312 }, // ̣
    { 13, 21, 15, 1, 21, 69, 10316 }, // Ё
    { 19, 20, 19, 0, 17, 95, 10385 }, // Ђ
    { 13, 22, 14, 1, 22, 72, 10480 }, // Ѓ
    { 14, 18, 15, 1, 17, 63, 10552 }, // Є
    { 12, 18, 14, 1, 17, 54, 10615 }, // Ѕ
    { 7, 17, 9, 1, 17, 30, 10669 }, // І
    { 9, 21, 9, 0, 21, 48, 10699 }, // Ї
    { 12, 18, 13, 0, 17, 54, 10747 }, // Ј
    { 23, 18, 23, 0, 17, 104, 10801 }, // Љ
    { 23, 17, 25, 1, 17, 98, 10905 }, // Њ
    { 21, 17, 21, 0, 17, 90, 11003 }, // Ћ
    { 16, 23, 17, 1, 22, 92, 11093 }, // Ќ
    { 17, 22, 19, 1, 22, 94, 11185 }, // Ѝ
    { 16, 23, 15, 0, 22, 92, 11279 }, // Ў
    { 17, 21, 19, 1, 17, 90, 11371 }, // Џ
    { 17, 17, 17, 0, 17, 73, 11461 }, // А
    { 14, 17, 15, 1, 17, 60, 11534 }, // Б
    { 14, 17, 15, 1, 17, 60, 11594 }, // В
    { 13, 17, 14, 1, 17, 56, 11654 }, // Г
    { 16, 21, 17, 0, 17, 84, 11710 }, // Д
    { 13, 17, 15, 1, 17, 56, 11794 }, // Е
    { 24, 18, 23, 0, 17, 108, 11850 }, // Ж
    { 13, 18, 13, 0, 17, 59, 11958 }, // З
    { 17, 17, 19, 1, 17, 73, 12017 }, // И
    { 17, 22, 19, 1, 22, 94, 12090 }, // Й
    { 16, 18, 17, 1, 17, 72, 12184 }, // К
    { 16, 18, 17, 0, 17, 72, 12256 }, // Л
    { 21, 17, 23, 1, 17, 90, 12328 }, // М
    { 17, 17, 19, 1, 17, 73, 12418 }, // Н
    { 16, 18, 17, 1, 17, 72, 12491 }, // О
    { 17, 17, 19, 1, 17, 73, 12563 }, // П
    { 13, 17, 14, 1, 17, 56, 12636 }, // Р
    { 14, 18, 16, 1, 17, 63, 12692 }, // С
    { 16, 17, 17, 0, 17, 68, 12755 }, // Т
    { 16, 18, 15, 0, 17, 72, 12823 }, // У
    { 18, 18, 19, 0, 17, 81, 12895 }, // Ф
    { 16, 17, 16, 0, 17, 68, 12976 }, // Х
    { 18, 21, 20, 1, 17, 95, 13044 }, // Ц
    { 17, 17, 18, 0, 17, 73, 13139 }, // Ч
    { 25, 17, 27, 1, 17, 107, 13212 }, // Ш
    { 25, 21, 27, 1, 17, 132, 13319 }, // Щ
    { 17, 17, 18, 0, 17, 73, 13451 }, // Ъ
    { 21, 17, 22, 1, 17, 90, 13524 }, // Ы
    { 14, 17, 15, 1, 17, 60, 13614 }, // Ь
    { 14, 18, 15, 0, 17, 63, 13674 }, // Э
    { 24, 18, 25, 1, 17, 108, 13737 }, // Ю
    { 15, 18, 16, 0, 17, 68, 13845 }, // Я
    { 12, 13, 12, 1, 12, 39, 13913 }, // а
    { 12, 20, 13, 1, 19, 60, 13952 }, // б
    { 11, 12, 13, 1, 12, 33, 14012 }, // в
    { 10, 12, 11, 1, 12, 30, 14045 }, // г
    { 13, 16, 14, 0, 12, 52, 14075 }, // д
    { 11, 13, 12, 1, 12, 36, 14127 }, // е
    { 20, 13, 20, 0, 12, 65, 14163 }, // ж
    { 10, 13, 11, 1, 12, 33, 14228 }, // з
    { 14, 12, 16, 1, 12, 42, 14261 }, // и
    { 14, 18, 16, 1, 18, 63, 14303 }, // й
    { 13, 13, 14, 1, 12, 43, 14366 }, // к
    { 14, 13, 14, 0, 12, 46, 14409 }, // л
    { 16, 12, 18, 1, 12, 48, 14455 }, // м
    { 14, 12, 16, 1, 12, 42, 14503 }, // н
    { 12, 13, 13, 1, 12, 39, 14545 }, // о
    { 14, 12, 16, 1, 12, 42, 14584 }, // п
    { 14, 17, 14, 0, 12, 60, 14626 }, // р
    { 10, 13, 11, 1, 12, 33, 14686 }, // с
    { 13, 12, 13, 0, 12, 39, 14719 }, // т
    { 14, 18, 13, 0, 12, 63, 14758 }, // у
    { 17, 24, 19, 1, 18, 102, 14821 }, // ф
    { 13, 12, 13, 0, 12, 39, 14923 }, // х
    { 15, 16, 16, 1, 12, 60, 14962 }, // ц
    { 14, 12, 14, 0, 12, 42, 15022 }, // ч
    { 21, 12, 22, 1, 12, 63, 15064 }, // ш
    { 21, 16, 22, 1, 12, 84, 15127 }, // щ
    { 14, 12, 15, 0, 12, 42, 15211 }, // ъ
    { 17, 12, 19, 1, 12, 51, 15253 }, // ы
    { 11, 12, 13, 1, 12, 33, 15304 }, // ь
    { 10, 13, 12, 1, 12, 33, 15337 }, // э
    { 18, 13, 20, 1, 12, 59, 15370 }, // ю
    { 13, 13, 14, 0, 12, 43, 15429 }, // я
    { 11, 19, 12, 1, 18, 53, 15472 }, // ё
    { 13, 24, 15, 0, 18, 78, 15525 }, // ђ
    { 10, 18, 11, 1, 18, 45, 15603 }, // ѓ
    { 10, 13, 11, 1, 12, 33, 15648 }, // є
    { 9, 13, 10, 1, 12, 30, 15681 }, // ѕ
    { 8, 18, 8, 0, 18, 36, 15711 }, // і
    { 9, 18, 8, -1, 18, 41, 15747 }, // ї
    { 6, 24, 7, 0, 18, 36, 15788 }, // ј
    { 18, 13, 19, 0, 12, 59, 15824 }, // љ
    { 19, 12, 20, 1, 12, 57, 15883 }, // њ
    { 15, 18, 15, 0, 18, 68, 15940 }, // ћ
    { 13, 19, 14, 1, 18, 62, 16008 }, // ќ
    { 14, 18, 16, 1, 18, 63, 16070 }, // ѝ
    { 14, 24, 13, 0, 18, 84, 16133 }, // ў
    { 14, 16, 16, 1, 12, 56, 16217 }, // џ
    { 13, 20, 13, 1, 20, 65, 16273 }, // Ґ
    { 10, 15, 10, 1, 15, 38, 16338 }, // ґ
    { 16, 17, 16, 0, 17, 68, 16376 }, // Ұ
    { 14, 18, 13, -1, 12, 63, 16444 }, // ұ
    { 0, 0, 3, 0, 0, 0, 16507 }, //  
    { 0, 0, 0, 0, 0, 0, 16507 }, // ​
    { 12, 3, 11, 0, 8, 9, 16507 }, // –
    { 23, 3, 23, 0, 8, 18, 16516 }, // —
    { 4, 7, 8, 2, 18, 7, 16534 }, // ‘
    { 4, 7, 8, 2, 18, 7, 16541 }, // ’
    { 4, 7, 8, 2, 3, 7, 16548 }, // ‚
    { 8, 7, 12, 2, 18, 14, 16555 }, // “
    { 8, 7, 12, 2, 18, 14, 16569 }, // ”
    { 9, 7, 10, 0, 3, 16, 16583 }, // „
    { 6, 6, 9, 1, 10, 9, 16599 }, // •
    { 19, 5, 20, 1, 4, 24, 16608 }, // …
    { 3, 6, 5, 1, 19, 5, 16632 }, // ′
    { 7, 6, 9, 1, 19, 11, 16637 }, // ″
    { 6, 10, 7, 1, 11, 15, 16648 }, // ‹
    { 6, 10, 7, 0, 11, 15, 16663 }, // ›
    { 12, 18, 5, -3, 17, 54, 16678 }, // ⁄
    { 15, 18, 16, 0, 17, 68, 16732 }, // €
    { 9, 12, 13, 2, 12, 27, 16800 }, // ↑
    { 9, 12, 13, 2, 12, 27, 16827 }, // ↓
    { 11, 2, 13, 1, 8, 6, 16854 }, // −
    { 11, 18, 13, 1, 17, 50, 16860 }, // ∕
};

static const EpdUnicodeInterval PROGMEM literata_11_2bIntervals[] = {
    { 0x20, 0x7E, 0x0 },
    { 0xA0, 0xFF, 0x5F },
    { 0x102, 0x102, 0xBF },
    { 0x131, 0x131, 0xC0 },
    { 0x152, 0x153, 0xC1 },
    { 0x300, 0x301, 0xC3 },
    { 0x303, 0x304, 0xC5 },
    { 0x308, 0x309, 0xC7 },
    { 0x323, 0x323, 0xC9 },
    { 0x401, 0x44F, 0xCA },
    { 0x451, 0x45F, 0x119 },
    { 0x490, 0x491, 0x128 },
    { 0x4B0, 0x4B1, 0x12A },
    { 0x2009, 0x2009, 0x12C },
    { 0x200B, 0x200B, 0x12D },
    { 0x2013, 0x2014, 0x12E },
    { 0x2018, 0x201A, 0x130 },
    { 0x201C, 0x201E, 0x133 },
    { 0x2022, 0x2022, 0x136 },
    { 0x2026, 0x2026, 0x137 },
    { 0x2032, 0x2033, 0x138 },
    { 0x2039, 0x203A, 0x13A },
    { 0x2044, 0x2044, 0x13C },
    { 0x20AC, 0x20AC, 0x13D },
    { 0x2191, 0x2191, 0x13E },
    { 0x2193, 0x2193, 0x13F },
    { 0x2212, 0x2212, 0x140 },
    { 0x2215, 0x2215, 0x141 },
};

static const EpdFontData literata_11_2b = {
    literata_11_2bBitmaps,
    literata_11_2bGlyphs,
    literata_11_2bIntervals,
    28,
    34,
    27,
    -8,
    true,
};
