/*
 * SIL OPEN FONT LICENSE 1.1 — bundled font notice (required by §56-61).
 *
 * Based on Literata by Type Network for Google Fonts. SIL OFL 1.1.
 * Full license: scripts/literata/OFL.txt
 *
 * Embedded in the snapix firmware as a derivative work — format conversion
 * (TTF → C array) is permitted under OFL §39-42.
 */
/**
 * generated by fontconvert.py
 * name: literata_13_2b
 * size: 13
 * mode: 2-bit
 */
#pragma once
#include "EpdFontData.h"

static const uint8_t PROGMEM literata_13_2bBitmaps[22881] = {
    0x04, 0x0F, 0xC7, 0xF1, 0xFC, 0x7F, 0x0F, 0xC3, 0xE0, 0xF8, 0x2D, 0x0B, 0x42, 0xC0, 0x70, 0x1C,
    0x07, 0x01, 0xC0, 0x00, 0x04, 0x1F, 0xCB, 0xF1, 0xFC, 0x04, 0x00, 0x00, 0x00, 0x3D, 0x2D, 0x3D,
    0x3D, 0x3C, 0x3D, 0x3C, 0x2C, 0x2C, 0x2C, 0x18, 0x1C, 0x00, 0x00, 0x00, 0x28, 0x01, 0xC0, 0x00,
    0x38, 0x02, 0xC0, 0x00, 0x34, 0x02, 0xC0, 0x05, 0x75, 0x57, 0xD5, 0x3F, 0xFF, 0xFF, 0xFF, 0x00,
    0xB0, 0x03, 0x40, 0x00, 0xA0, 0x07, 0x00, 0x00, 0xE0, 0x07, 0x00, 0x00, 0xD0, 0x0B, 0x00, 0x01,
    0xD0, 0x0F, 0x00, 0xBF, 0xFF, 0xFF, 0xFC, 0x02, 0xC0, 0x0E, 0x00, 0x02, 0xC0, 0x0C, 0x00, 0x03,
    0x80, 0x1C, 0x00, 0x03, 0x40, 0x2C, 0x00, 0x00, 0x05, 0x00, 0x00, 0x00, 0xA0, 0x00, 0x00, 0x0F,
    0x01, 0x00, 0x2F, 0xFE, 0x34, 0x0F, 0xDB, 0x7F, 0x81, 0xF0, 0xA0, 0xF8, 0x3E, 0x0A, 0x07, 0xC3,
    0xE0, 0xA0, 0x3C, 0x3F, 0x0A, 0x00, 0x03, 0xF8, 0xA0, 0x00, 0x1F, 0xFE, 0x00, 0x00, 0x7F, 0xFD,
    0x00, 0x00, 0xBF, 0xFD, 0x00, 0x00, 0xFF, 0xF4, 0x00, 0x0A, 0x7F, 0xC0, 0x00, 0xA0, 0xFD, 0x70,
    0x0A, 0x07, 0xDB, 0x40, 0xA0, 0x3D, 0xBC, 0x0A, 0x07, 0xC7, 0xF0, 0xA0, 0xF8, 0x7F, 0xEF, 0xBF,
    0x03, 0x1F, 0xFF, 0x80, 0x00, 0x0F, 0x40, 0x00, 0x00, 0xA0, 0x00, 0x00, 0x05, 0x00, 0x00, 0x00,
    0x00, 0x00, 0x00, 0x00, 0x02, 0xFF, 0x00, 0x03, 0xC0, 0x03, 0xE6, 0xF0, 0x02, 0xD0, 0x01, 0xE0,
    0x3E, 0x00, 0xE0, 0x00, 0xB4, 0x0B, 0x80, 0xF0, 0x00, 0x2D, 0x01, 0xE0, 0x78, 0x00, 0x0B, 0x80,
    0xB8, 0x3C, 0x00, 0x00, 0xF4, 0x3C, 0x2D, 0x00, 0x00, 0x1F, 0xFD, 0x0F, 0x00, 0x50, 0x00, 0x64,
    0x0F, 0x03, 0xFF, 0x40, 0x00, 0x07, 0x83, 0xD1, 0xF0, 0x00, 0x03, 0xC1, 0xE0, 0x2E, 0x00, 0x02,
    0xD0, 0xB4, 0x07, 0x80, 0x00, 0xF0, 0x2D, 0x01, 0xE0, 0x00, 0xF0, 0x0B, 0x80, 0xB4, 0x00, 0x78,
    0x00, 0xF8, 0x7C, 0x00, 0x3C, 0x00, 0x1F, 0xFC, 0x00, 0x04, 0x00, 0x00, 0x50, 0x00, 0x00, 0x01,
    0x00, 0x00, 0x00, 0x00, 0xBF, 0xF0, 0x00, 0x00, 0x02, 0xF4, 0x7C, 0x00, 0x00, 0x03, 0xC0, 0x1D,
    0x00, 0x00, 0x07, 0xC0, 0x0E, 0x00, 0x00, 0x0B, 0xC0, 0x1D, 0x00, 0x00, 0x07, 0xD0, 0x2C, 0x00,
    0x00, 0x03, 0xF0, 0xB4, 0x02, 0xFC, 0x01, 0xFF, 0xD0, 0x0B, 0xFE, 0x00, 0xBF, 0x40, 0x0E, 0x3D,
    0x03, 0xFF, 0xC0, 0x2C, 0x00, 0x0F, 0x4B, 0xF0, 0x34, 0x00, 0x3E, 0x02, 0xFC, 0x70, 0x00, 0x7D,
    0x00, 0xBF, 0xB0, 0x00, 0x7C, 0x00, 0x2F, 0xE0, 0x00, 0x7D, 0x00, 0x0B, 0xF0, 0x00, 0x7E, 0x00,
    0x03, 0xFD, 0x00, 0x3F, 0x00, 0x07, 0xBF, 0xAF, 0x0F, 0xE4, 0x6E, 0x1F, 0xFC, 0x02, 0xFF, 0xF4,
    0x02, 0xE0, 0x00, 0x15, 0x00, 0x00, 0x00, 0x00, 0x3D, 0x3D, 0x3C, 0x3C, 0x2C, 0x18, 0x00, 0x00,
    0x00, 0x00, 0xC0, 0x0E, 0x00, 0xB0, 0x07, 0x80, 0x3D, 0x00, 0xF0, 0x0B, 0x80, 0x3D, 0x01, 0xF0,
    0x0B, 0xC0, 0x2F, 0x00, 0xF8, 0x03, 0xE0, 0x0F, 0x80, 0x3E, 0x00, 0xF8, 0x03, 0xE0, 0x0B, 0xC0,
    0x1F, 0x00, 0x3D, 0x00, 0xF8, 0x02, 0xF0, 0x03, 0xC0, 0x0B, 0x80, 0x0F, 0x00, 0x1E, 0x00, 0x2C,
    0x00, 0x10, 0x00, 0x00, 0xD0, 0x02, 0xC0, 0x03, 0xC0, 0x0F, 0x40, 0x1F, 0x00, 0x3D, 0x00, 0xB8,
    0x01, 0xF0, 0x03, 0xD0, 0x0F, 0x80, 0x3E, 0x00, 0xBC, 0x02, 0xF0, 0x0B, 0xC0, 0x2F, 0x00, 0xBC,
    0x02, 0xF0, 0x0F, 0x80, 0x3D, 0x01, 0xF0, 0x0B, 0xC0, 0x3D, 0x00, 0xF0, 0x0B, 0x40, 0x3C, 0x01,
    0xD0, 0x0E, 0x00, 0x10, 0x00, 0x00, 0x00, 0x00, 0x0B, 0x00, 0x00, 0xF0, 0x07, 0x8B, 0x1D, 0x3F,
    0xAB, 0xD0, 0x2F, 0x90, 0x07, 0xFD, 0x07, 0xEA, 0xBC, 0x74, 0xB1, 0xD0, 0x0F, 0x00, 0x00, 0xE0,
    0x00, 0x00, 0x00, 0x00, 0x00, 0x38, 0x00, 0x00, 0x38, 0x00, 0x00, 0x38, 0x00, 0x00, 0x38, 0x00,
    0x00, 0x38, 0x00, 0xFF, 0xFF, 0xFE, 0x6A, 0xBE, 0xA9, 0x00, 0x38, 0x00, 0x00, 0x38, 0x00, 0x00,
    0x38, 0x00, 0x00, 0x38, 0x00, 0x00, 0x38, 0x00, 0x14, 0x1F, 0xCB, 0xF9, 0xFE, 0x07, 0x43, 0xC1,
    0xD1, 0xD0, 0x10, 0x00, 0xBF, 0xFD, 0xFF, 0xFD, 0x55, 0x54, 0x19, 0x1F, 0xDB, 0xF8, 0xFC, 0x04,
    0x00, 0x00, 0x00, 0x28, 0x00, 0x00, 0x38, 0x00, 0x00, 0x70, 0x00, 0x00, 0xF0, 0x00, 0x00, 0xE0,
    0x00, 0x02, 0xC0, 0x00, 0x03, 0xC0, 0x00, 0x03, 0x40, 0x00, 0x0B, 0x00, 0x00, 0x0E, 0x00, 0x00,
    0x1D, 0x00, 0x00, 0x2C, 0x00, 0x00, 0x38, 0x00, 0x00, 0x74, 0x00, 0x00, 0xB0, 0x00, 0x00, 0xE0,
    0x00, 0x01, 0xD0, 0x00, 0x03, 0xC0, 0x00, 0x03, 0x80, 0x00, 0x0B, 0x00, 0x00, 0x0F, 0x00, 0x00,
    0x0D, 0x00, 0x00, 0x2C, 0x00, 0x00, 0x3C, 0x00, 0x00, 0x74, 0x00, 0x00, 0x00, 0x01, 0x40, 0x00,
    0x01, 0xFF, 0xF0, 0x00, 0x1F, 0x97, 0xF4, 0x01, 0xF0, 0x02, 0xF0, 0x0F, 0x80, 0x03, 0xE0, 0x7D,
    0x00, 0x0B, 0xC2, 0xF0, 0x00, 0x1F, 0x4F, 0xC0, 0x00, 0x7E, 0x3F, 0x00, 0x00, 0xF8, 0xF8, 0x00,
    0x03, 0xE3, 0xE0, 0x00, 0x0F, 0x8F, 0x80, 0x00, 0x3E, 0x3F, 0x00, 0x00, 0xF8, 0xFC, 0x00, 0x03,
    0xD2, 0xF0, 0x00, 0x1F, 0x07, 0xD0, 0x00, 0xBC, 0x0F, 0xC0, 0x03, 0xD0, 0x1F, 0x80, 0x2F, 0x00,
    0x2F, 0x96, 0xF0, 0x00, 0x1F, 0xFE, 0x00, 0x00, 0x01, 0x40, 0x00, 0x00, 0x00, 0x00, 0x6F, 0xF0,
    0x03, 0xFF, 0xC0, 0x00, 0x3F, 0x00, 0x00, 0xBC, 0x00, 0x02, 0xF0, 0x00, 0x0B, 0xC0, 0x00, 0x2F,
    0x00, 0x00, 0xBC, 0x00, 0x02, 0xF0, 0x00, 0x0B, 0xC0, 0x00, 0x2F, 0x00, 0x00, 0xBC, 0x00, 0x02,
    0xF0, 0x00, 0x0B, 0xC0, 0x00, 0x2F, 0x00, 0x00, 0xBC, 0x00, 0x02, 0xF0, 0x01, 0xAF, 0xF9, 0x0F,
    0xFF, 0xFD, 0x00, 0x15, 0x00, 0x00, 0xBF, 0xF8, 0x01, 0xF9, 0x6F, 0xC0, 0xF4, 0x01, 0xFC, 0x7F,
    0x00, 0x3F, 0x0F, 0xC0, 0x0B, 0xD0, 0x40, 0x02, 0xF0, 0x00, 0x00, 0xBC, 0x00, 0x00, 0x3E, 0x00,
    0x00, 0x2F, 0x00, 0x00, 0x1F, 0x80, 0x00, 0x0F, 0xC0, 0x00, 0x0F, 0xC0, 0x00, 0x0B, 0xC0, 0x00,
    0x0B, 0xC0, 0x04, 0x0B, 0xC0, 0x0E, 0x0B, 0xC0, 0x07, 0x8B, 0xD5, 0x5B, 0xE3, 0xFF, 0xFF, 0xF4,
    0xFF, 0xFF, 0xFD, 0x00, 0x05, 0x00, 0x00, 0x1F, 0xFF, 0x40, 0x0B, 0xE6, 0xFE, 0x01, 0xF0, 0x03,
    0xF0, 0x2F, 0x40, 0x1F, 0x41, 0xF8, 0x00, 0xF4, 0x05, 0x00, 0x1F, 0x40, 0x00, 0x03, 0xF0, 0x00,
    0x00, 0xBC, 0x00, 0x00, 0xBE, 0x00, 0x00, 0x1F, 0xF4, 0x00, 0x00, 0x0B, 0xF0, 0x00, 0x00, 0x1F,
    0x80, 0x00, 0x00, 0xFC, 0x00, 0x00, 0x0B, 0xC0, 0x00, 0x00, 0xFC, 0x38, 0x00, 0x0F, 0xC3, 0xE0,
    0x03, 0xF4, 0x0F, 0xFF, 0xFE, 0x00, 0x2F, 0xFF, 0x40, 0x00, 0x15, 0x00, 0x00, 0x00, 0x00, 0x00,
    0x00, 0x00, 0x01, 0xF4, 0x00, 0x00, 0x0F, 0xD0, 0x00, 0x00, 0xFF, 0x40, 0x00, 0x07, 0xBD, 0x00,
    0x00, 0x3D, 0xF4, 0x00, 0x03, 0xC7, 0xD0, 0x00, 0x1E, 0x1F, 0x40, 0x00, 0xF0, 0x7D, 0x00, 0x0B,
    0x01, 0xF4, 0x00, 0x78, 0x07, 0xD0, 0x03, 0xC0, 0x1F, 0x40, 0x2C, 0x00, 0x7D, 0x01, 0xF5, 0x56,
    0xF9, 0x4B, 0xFF, 0xFF, 0xFF, 0x45, 0x55, 0x6F, 0x94, 0x00, 0x00, 0x7D, 0x00, 0x00, 0x01, 0xF4,
    0x00, 0x00, 0x6F, 0xF9, 0x00, 0x0B, 0xFF, 0xFC, 0x07, 0xFF, 0xFF, 0x01, 0xFF, 0xFF, 0xC0, 0x7A,
    0xAA, 0x90, 0x2C, 0x00, 0x00, 0x0B, 0x00, 0x00, 0x03, 0xC0, 0x00, 0x00, 0xF0, 0x00, 0x00, 0x39,
    0xFF, 0x80, 0x0F, 0xFF, 0xFD, 0x02, 0x80, 0x2F, 0xC0, 0x00, 0x02, 0xF4, 0x00, 0x00, 0x3E, 0x00,
    0x00, 0x0F, 0xC0, 0x00, 0x03, 0xF0, 0x00, 0x00, 0xF8, 0xD0, 0x00, 0xBD, 0x3D, 0x00, 0x7F, 0x07,
    0xFF, 0xFF, 0x00, 0x7F, 0xFE, 0x00, 0x00, 0x54, 0x00, 0x00, 0x00, 0x50, 0x00, 0x01, 0xFF, 0xF4,
    0x00, 0xBE, 0x5B, 0xD0, 0x2F, 0x00, 0x7E, 0x07, 0xD0, 0x0B, 0xE0, 0xFC, 0x00, 0x14, 0x1F, 0x40,
    0x00, 0x02, 0xF0, 0x00, 0x00, 0x3F, 0x2F, 0xF8, 0x03, 0xFF, 0xAB, 0xF0, 0x3F, 0xC0, 0x0F, 0xC3,
    0xF0, 0x00, 0xBC, 0x3F, 0x00, 0x07, 0xD3, 0xE0, 0x00, 0x3E, 0x3E, 0x00, 0x03, 0xD2, 0xF0, 0x00,
    0x3D, 0x1F, 0x00, 0x07, 0xC0, 0xF8, 0x00, 0xF8, 0x03, 0xE0, 0x7F, 0x00, 0x0F, 0xFF, 0x80, 0x00,
    0x05, 0x00, 0x00, 0x3F, 0xFF, 0xFF, 0xC3, 0xFF, 0xFF, 0xFC, 0x7E, 0x55, 0x5B, 0xC7, 0x80, 0x00,
    0xF0, 0xB0, 0x00, 0x2D, 0x00, 0x00, 0x07, 0xC0, 0x00, 0x00, 0xF4, 0x00, 0x00, 0x2F, 0x00, 0x00,
    0x03, 0xD0, 0x00, 0x00, 0xBC, 0x00, 0x00, 0x0F, 0x80, 0x00, 0x01, 0xF4, 0x00, 0x00, 0x2F, 0x00,
    0x00, 0x03, 0xF0, 0x00, 0x00, 0x3E, 0x00, 0x00, 0x07, 0xE0, 0x00, 0x00, 0xBE, 0x00, 0x00, 0x0B,
    0xE0, 0x00, 0x00, 0xBD, 0x00, 0x00, 0x00, 0x00, 0x00, 0x00, 0x05, 0x40, 0x00, 0x0F, 0xFF, 0xD0,
    0x07, 0xE0, 0x7F, 0x40, 0xF4, 0x00, 0xFC, 0x1F, 0x00, 0x07, 0xC1, 0xF0, 0x00, 0x7C, 0x1F, 0x80,
    0x0B, 0xC0, 0xFE, 0x00, 0xF0, 0x07, 0xFE, 0x7D, 0x00, 0x0F, 0xFF, 0x40, 0x00, 0xBF, 0xFE, 0x00,
    0xBD, 0x0B, 0xFC, 0x1F, 0x40, 0x0F, 0xD3, 0xF0, 0x00, 0x7F, 0x3D, 0x00, 0x03, 0xF3, 0xD0, 0x00,
    0x3F, 0x3E, 0x00, 0x03, 0xE3, 0xF4, 0x00, 0x7C, 0x0F, 0xE4, 0x6F, 0x40, 0x2F, 0xFF, 0x80, 0x00,
    0x05, 0x40, 0x00, 0x00, 0x05, 0x00, 0x00, 0x1F, 0xFF, 0x40, 0x0B, 0xD0, 0x7D, 0x01, 0xF0, 0x01,
    0xF0, 0x3E, 0x00, 0x0F, 0x83, 0xD0, 0x00, 0xBC, 0x7D, 0x00, 0x0B, 0xC7, 0xD0, 0x00, 0xBC, 0x7D,
    0x00, 0x0B, 0xC3, 0xF0, 0x00, 0xFC, 0x2F, 0x40, 0x2F, 0xC0, 0xFF, 0xAF, 0xBC, 0x02, 0xFF, 0xCB,
    0xC0, 0x00, 0x40, 0xFC, 0x00, 0x00, 0x0F, 0x80, 0x00, 0x01, 0xF4, 0x00, 0x00, 0x3F, 0x03, 0x80,
    0x0B, 0xE0, 0x2F, 0xEB, 0xF8, 0x00, 0x7F, 0xFE, 0x00, 0x00, 0x14, 0x00, 0x00, 0x00, 0x0F, 0xC7,
    0xF5, 0xFD, 0x2E, 0x00, 0x00, 0x00, 0x00, 0x00, 0x00, 0x00, 0x00, 0x64, 0x7F, 0x6F, 0xE3, 0xF0,
    0x10, 0x00, 0x0F, 0x8B, 0xF6, 0xFD, 0x3E, 0x00, 0x00, 0x00, 0x00, 0x00, 0x00, 0x00, 0x00, 0x50,
    0x7F, 0x2F, 0xE7, 0xF8, 0x1D, 0x0F, 0x07, 0x47, 0x40, 0x40, 0x00, 0x00, 0x00, 0x00, 0x00, 0x1E,
    0x00, 0x00, 0xFC, 0x00, 0x0B, 0xD0, 0x00, 0x7E, 0x00, 0x03, 0xF0, 0x00, 0x2F, 0x40, 0x00, 0x3D,
    0x00, 0x00, 0x0F, 0xC0, 0x00, 0x01, 0xF8, 0x00, 0x00, 0x2F, 0x40, 0x00, 0x03, 0xF4, 0x00, 0x00,
    0x7E, 0x00, 0x00, 0x09, 0x55, 0x55, 0x55, 0xFF, 0xFF, 0xFE, 0x00, 0x00, 0x00, 0x00, 0x00, 0x00,
    0x00, 0x00, 0x00, 0xAA, 0xAA, 0xA9, 0xFF, 0xFF, 0xFE, 0x00, 0x00, 0x00, 0x00, 0x00, 0x00, 0x3D,
    0x00, 0x00, 0x1F, 0x80, 0x00, 0x02, 0xF4, 0x00, 0x00, 0x2F, 0x40, 0x00, 0x07, 0xE0, 0x00, 0x00,
    0xBD, 0x00, 0x00, 0x2F, 0x00, 0x01, 0xF8, 0x00, 0x0F, 0xD0, 0x00, 0xBD, 0x00, 0x07, 0xE0, 0x00,
    0x3F, 0x40, 0x00, 0x24, 0x00, 0x00, 0x00, 0x14, 0x00, 0x07, 0xFF, 0xD0, 0x1F, 0x42, 0xF4, 0x3D,
    0x00, 0xBC, 0x3F, 0x00, 0x7C, 0x3E, 0x00, 0x7C, 0x00, 0x00, 0xFC, 0x00, 0x02, 0xF4, 0x00, 0x0B,
    0xF0, 0x00, 0x1F, 0xC0, 0x00, 0x3F, 0x00, 0x00, 0x3C, 0x00, 0x00, 0x34, 0x00, 0x00, 0x34, 0x00,
    0x00, 0x30, 0x00, 0x00, 0x00, 0x00, 0x00, 0x10, 0x00, 0x00, 0xFC, 0x00, 0x01, 0xFD, 0x00, 0x00,
    0xFC, 0x00, 0x00, 0x10, 0x00, 0x00, 0x00, 0x15, 0x40, 0x00, 0x00, 0x02, 0xFF, 0xFF, 0x80, 0x00,
    0x07, 0xE4, 0x01, 0xBD, 0x00, 0x0B, 0xC0, 0x00, 0x02, 0xE0, 0x07, 0x80, 0x00, 0x00, 0x2D, 0x03,
    0xC0, 0x0A, 0x92, 0x03, 0xC2, 0xC0, 0x2F, 0xAF, 0xC0, 0xB0, 0xE0, 0x2E, 0x00, 0xF0, 0x1D, 0x34,
    0x0F, 0x00, 0x7C, 0x03, 0x5D, 0x07, 0xC0, 0x2F, 0x00, 0xE7, 0x02, 0xE0, 0x0F, 0xC0, 0x35, 0xC0,
    0xB4, 0x07, 0xF0, 0x1D, 0x74, 0x2D, 0x03, 0x7C, 0x0B, 0x1D, 0x0B, 0x81, 0xCF, 0x03, 0x83, 0xC0,
    0xF9, 0xE3, 0xC7, 0xC0, 0xB0, 0x2F, 0xE0, 0xBF, 0x80, 0x0F, 0x00, 0x40, 0x00, 0x00, 0x02, 0xE0,
    0x00, 0x00, 0x00, 0x00, 0x2F, 0x40, 0x00, 0xB4, 0x00, 0x01, 0xFE, 0xAB, 0xF4, 0x00, 0x00, 0x06,
    0xFF, 0x90, 0x00, 0x00, 0x00, 0x00, 0xBE, 0x00, 0x00, 0x00, 0x00, 0xFF, 0x00, 0x00, 0x00, 0x00,
    0xEF, 0x40, 0x00, 0x00, 0x02, 0xCF, 0x80, 0x00, 0x00, 0x03, 0x8B, 0xC0, 0x00, 0x00, 0x07, 0x47,
    0xD0, 0x00, 0x00, 0x0B, 0x03, 0xF0, 0x00, 0x00, 0x0E, 0x02, 0xF0, 0x00, 0x00, 0x1D, 0x01, 0xF4,
    0x00, 0x00, 0x2C, 0x00, 0xFC, 0x00, 0x00, 0x38, 0x00, 0xBC, 0x00, 0x00, 0x7F, 0xFF, 0xFE, 0x00,
    0x00, 0xFF, 0xFF, 0xFF, 0x00, 0x00, 0xE0, 0x00, 0x2F, 0x00, 0x02, 0xD0, 0x00, 0x1F, 0x80, 0x03,
    0xC0, 0x00, 0x0F, 0xC0, 0x07, 0x80, 0x00, 0x0B, 0xD0, 0x1F, 0xD4, 0x00, 0x1F, 0xF8, 0xBF, 0xFC,
    0x00, 0xFF, 0xFD, 0x7F, 0xFF, 0xF9, 0x00, 0x1B, 0xF5, 0xAF, 0xD0, 0x03, 0xF0, 0x03, 0xF0, 0x03,
    0xF0, 0x01, 0xF4, 0x03, 0xF0, 0x01, 0xF8, 0x03, 0xF0, 0x01, 0xF4, 0x03, 0xF0, 0x03, 0xF0, 0x03,
    0xF0, 0x0B, 0xC0, 0x03, 0xFA, 0xBE, 0x00, 0x03, 0xFF, 0xFF, 0x80, 0x03, 0xF0, 0x07, 0xF4, 0x03,
    0xF0, 0x00, 0xFC, 0x03, 0xF0, 0x00, 0x7E, 0x03, 0xF0, 0x00, 0x7E, 0x03, 0xF0, 0x00, 0x7E, 0x03,
    0xF0, 0x00, 0xBD, 0x03, 0xF0, 0x02, 0xF8, 0x1B, 0xF9, 0xAF, 0xE0, 0x7F, 0xFF, 0xFA, 0x00, 0x00,
    0x00, 0x50, 0x04, 0x00, 0x0B, 0xFF, 0xD7, 0x00, 0x1F, 0xE5, 0x7F, 0xD0, 0x1F, 0x80, 0x02, 0xF8,
    0x0F, 0x80, 0x00, 0x2E, 0x0B, 0xC0, 0x00, 0x03, 0xC3, 0xF0, 0x00, 0x00, 0xB1, 0xF8, 0x00, 0x00,
    0x00, 0x7D, 0x00, 0x00, 0x00, 0x2F, 0x40, 0x00, 0x00, 0x0B, 0xD0, 0x00, 0x00, 0x02, 0xF4, 0x00,
    0x00, 0x00, 0x7D, 0x00, 0x00, 0x00, 0x1F, 0x80, 0x00, 0x00, 0x03, 0xF0, 0x00, 0x00, 0x00, 0xBE,
    0x00, 0x00, 0x04, 0x0F, 0xD0, 0x00, 0x0B, 0x01, 0xFD, 0x00, 0x0B, 0x80, 0x0F, 0xF9, 0xAF, 0x80,
    0x00, 0xBF, 0xFF, 0x40, 0x00, 0x00, 0x54, 0x00, 0x00, 0x7F, 0xFF, 0xFE, 0x40, 0x00, 0x6F, 0xD5,
    0xAF, 0xE0, 0x00, 0x3F, 0x00, 0x0B, 0xF0, 0x00, 0xFC, 0x00, 0x07, 0xF0, 0x03, 0xF0, 0x00, 0x0B,
    0xD0, 0x0F, 0xC0, 0x00, 0x0F, 0xC0, 0x3F, 0x00, 0x00, 0x3F, 0x00, 0xFC, 0x00, 0x00, 0xBD, 0x03,
    0xF0, 0x00, 0x02, 0xF4, 0x0F, 0xC0, 0x00, 0x0B, 0xD0, 0x3F, 0x00, 0x00, 0x2F, 0x00, 0xFC, 0x00,
    0x00, 0xBC, 0x03, 0xF0, 0x00, 0x03, 0xF0, 0x0F, 0xC0, 0x00, 0x0F, 0x40, 0x3F, 0x00, 0x00, 0xBC,
    0x00, 0xFC, 0x00, 0x07, 0xD0, 0x03, 0xF0, 0x00, 0xBD, 0x00, 0x6F, 0xE6, 0xBF, 0x80, 0x07, 0xFF,
    0xFF, 0x90, 0x00, 0x00, 0x7F, 0xFF, 0xFF, 0xD0, 0x6F, 0xD5, 0xBF, 0x80, 0x3F, 0x00, 0x1F, 0x00,
    0xFC, 0x00, 0x3C, 0x03, 0xF0, 0x00, 0x60, 0x0F, 0xC0, 0x00, 0x00, 0x3F, 0x00, 0x60, 0x00, 0xFC,
    0x02, 0xC0, 0x03, 0xF5, 0x6F, 0x00, 0x0F, 0xFF, 0xFC, 0x00, 0x3F, 0x01, 0xF0, 0x00, 0xFC, 0x02,
    0xC0, 0x03, 0xF0, 0x01, 0x00, 0x0F, 0xC0, 0x00, 0x00, 0x3F, 0x00, 0x03, 0x80, 0xFC, 0x00, 0x0E,
    0x03, 0xF0, 0x00, 0xB4, 0x6F, 0xD5, 0x6F, 0xD7, 0xFF, 0xFF, 0xFF, 0x00, 0x7F, 0xFF, 0xFF, 0xE0,
    0x6F, 0xD5, 0xAF, 0xC0, 0x3F, 0x00, 0x1F, 0x00, 0xFC, 0x00, 0x2C, 0x03, 0xF0, 0x00, 0x74, 0x0F,
    0xC0, 0x00, 0x00, 0x3F, 0x00, 0x00, 0x00, 0xFC, 0x02, 0xC0, 0x03, 0xF0, 0x0F, 0x00, 0x0F, 0xFF,
    0xFC, 0x00, 0x3F, 0xAB, 0xF0, 0x00, 0xFC, 0x03, 0xC0, 0x03, 0xF0, 0x0B, 0x00, 0x0F, 0xC0, 0x04,
    0x00, 0x3F, 0x00, 0x00, 0x00, 0xFC, 0x00, 0x00, 0x03, 0xF0, 0x00, 0x00, 0x6F, 0xE4, 0x00, 0x07,
    0xFF, 0xF8, 0x00, 0x00, 0x00, 0x00, 0x50, 0x04, 0x00, 0x00, 0xBF, 0xFD, 0x74, 0x00, 0x1F, 0xE5,
    0x7F, 0xE0, 0x01, 0xF8, 0x00, 0x1F, 0x80, 0x0F, 0x80, 0x00, 0x1F, 0x00, 0xBC, 0x00, 0x00, 0x3C,
    0x03, 0xF0, 0x00, 0x00, 0x74, 0x0F, 0x80, 0x00, 0x00, 0x00, 0x7D, 0x00, 0x00, 0x00, 0x02, 0xF4,
    0x00, 0x00, 0x00, 0x0B, 0xD0, 0x00, 0x00, 0x00, 0x2F, 0x40, 0x00, 0xFF, 0xFD, 0xBD, 0x00, 0x01,
    0x7F, 0x91, 0xF8, 0x00, 0x00, 0x7C, 0x03, 0xF0, 0x00, 0x01, 0xF0, 0x0B, 0xD0, 0x00, 0x07, 0xC0,
    0x0F, 0xC0, 0x00, 0x1F, 0x00, 0x1F, 0xC0, 0x01, 0xFC, 0x00, 0x1F, 0xE5, 0xBF, 0xF0, 0x00, 0x0B,
    0xFF, 0xF5, 0xC0, 0x00, 0x00, 0x54, 0x00, 0x00, 0x7F, 0xFF, 0x00, 0x7F, 0xFF, 0x06, 0xFE, 0x40,
    0x06, 0xFE, 0x40, 0x3F, 0x00, 0x00, 0x3E, 0x00, 0x0F, 0xC0, 0x00, 0x0F, 0x80, 0x03, 0xF0, 0x00,
    0x03, 0xE0, 0x00, 0xFC, 0x00, 0x00, 0xF8, 0x00, 0x3F, 0x00, 0x00, 0x3E, 0x00, 0x0F, 0xC0, 0x00,
    0x0F, 0x80, 0x03, 0xFA, 0xAA, 0xAB, 0xE0, 0x00, 0xFF, 0xFF, 0xFF, 0xF8, 0x00, 0x3F, 0x00, 0x00,
    0x3E, 0x00, 0x0F, 0xC0, 0x00, 0x0F, 0x80, 0x03, 0xF0, 0x00, 0x03, 0xE0, 0x00, 0xFC, 0x00, 0x00,
    0xF8, 0x00, 0x3F, 0x00, 0x00, 0x3E, 0x00, 0x0F, 0xC0, 0x00, 0x0F, 0x80, 0x03, 0xF0, 0x00, 0x03,
    0xE0, 0x06, 0xFE, 0x40, 0x06, 0xFE, 0x47, 0xFF, 0xF0, 0x07, 0xFF, 0xF0, 0x7F, 0xFF, 0x46, 0xFE,
    0x40, 0x3F, 0x00, 0x0F, 0xC0, 0x03, 0xF0, 0x00, 0xFC, 0x00, 0x3F, 0x00, 0x0F, 0xC0, 0x03, 0xF0,
    0x00, 0xFC, 0x00, 0x3F, 0x00, 0x0F, 0xC0, 0x03, 0xF0, 0x00, 0xFC, 0x00, 0x3F, 0x00, 0x0F, 0xC0,
    0x03, 0xF0, 0x06, 0xFE, 0x47, 0xFF, 0xF4, 0x00, 0x3F, 0xFF, 0xC0, 0x01, 0xBF, 0xE4, 0x00, 0x00,
    0xF8, 0x00, 0x00, 0x0F, 0x80, 0x00, 0x00, 0xF8, 0x00, 0x00, 0x0F, 0x80, 0x00, 0x00, 0xF8, 0x00,
    0x00, 0x0F, 0x80, 0x00, 0x00, 0xF8, 0x00, 0x00, 0x0F, 0x80, 0x00, 0x00, 0xF8, 0x00, 0x00, 0x0F,
    0x80, 0x00, 0x00, 0xF8, 0x00, 0x00, 0x0F, 0x80, 0x7E, 0x00, 0xF4, 0x0F, 0xE0, 0x1F, 0x40, 0xFD,
    0x02, 0xF0, 0x07, 0xE5, 0xBD, 0x00, 0x1F, 0xFF, 0x40, 0x00, 0x05, 0x00, 0x00, 0x7F, 0xFF, 0x43,
    0xFF, 0xE0, 0x6F, 0xE4, 0x06, 0xFE, 0x00, 0x3F, 0x00, 0x07, 0xC0, 0x00, 0xFC, 0x00, 0x3C, 0x00,
    0x03, 0xF0, 0x03, 0xC0, 0x00, 0x0F, 0xC0, 0x3C, 0x00, 0x00, 0x3F, 0x03, 0xC0, 0x00, 0x00, 0xFC,
    0x3C, 0x00, 0x00, 0x03, 0xF3, 0xE0, 0x00, 0x00, 0x0F, 0xFF, 0xD0, 0x00, 0x00, 0x3F, 0xCF, 0xC0,
    0x00, 0x00, 0xFC, 0x1F, 0x80, 0x00, 0x03, 0xF0, 0x3F, 0x40, 0x00, 0x0F, 0xC0, 0x3F, 0x00, 0x00,
    0x3F, 0x00, 0xBE, 0x00, 0x00, 0xFC, 0x00, 0xFC, 0x00, 0x03, 0xF0, 0x01, 0xFC, 0x00, 0x6F, 0xE4,
    0x02, 0xFE, 0x57, 0xFF, 0xF4, 0x02, 0xFF, 0x80, 0x00, 0x00, 0x00, 0x50, 0x7F, 0xFF, 0x40, 0x00,
    0x6F, 0xE4, 0x00, 0x00, 0x3F, 0x00, 0x00, 0x00, 0xFC, 0x00, 0x00, 0x03, 0xF0, 0x00, 0x00, 0x0F,
    0xC0, 0x00, 0x00, 0x3F, 0x00, 0x00, 0x00, 0xFC, 0x00, 0x00, 0x03, 0xF0, 0x00, 0x00, 0x0F, 0xC0,
    0x00, 0x00, 0x3F, 0x00, 0x00, 0x00, 0xFC, 0x00, 0x00, 0x03, 0xF0, 0x00, 0x00, 0x0F, 0xC0, 0x00,
    0x90, 0x3F, 0x00, 0x07, 0x40, 0xFC, 0x00, 0x2D, 0x03, 0xF0, 0x01, 0xF0, 0x6F, 0xD5, 0xAF, 0xC7,
    0xFF, 0xFF, 0xFF, 0x00, 0x1F, 0xFF, 0x00, 0x00, 0x2F, 0xFE, 0x01, 0xBF, 0xD0, 0x00, 0x0F, 0xFD,
    0x00, 0x0F, 0xF8, 0x00, 0x07, 0xFD, 0x00, 0x03, 0xEF, 0x00, 0x03, 0xDF, 0x40, 0x00, 0xE7, 0xD0,
    0x00, 0xE7, 0xD0, 0x00, 0x38, 0xF8, 0x00, 0xB5, 0xF4, 0x00, 0x1E, 0x2F, 0x00, 0x3C, 0x3D, 0x00,
    0x07, 0x83, 0xD0, 0x0E, 0x0F, 0x40, 0x01, 0xD0, 0xF8, 0x0B, 0x03, 0xE0, 0x00, 0x74, 0x2F, 0x03,
    0xC0, 0xF8, 0x00, 0x2D, 0x03, 0xD1, 0xD0, 0x3E, 0x00, 0x0B, 0x40, 0xF8, 0xB0, 0x0F, 0x80, 0x02,
    0xC0, 0x1F, 0x38, 0x03, 0xF0, 0x00, 0xB0, 0x03, 0xFD, 0x00, 0xFC, 0x00, 0x2C, 0x00, 0xFF, 0x00,
    0x3F, 0x00, 0x0F, 0x00, 0x1F, 0x80, 0x0B, 0xC0, 0x03, 0xC0, 0x00, 0x00, 0x02, 0xF0, 0x06, 0xF9,
    0x00, 0x00, 0x06, 0xFE, 0x43, 0xFF, 0xD0, 0x00, 0x03, 0xFF, 0xF8, 0x7F, 0xFC, 0x00, 0x2F, 0xFF,
    0x1B, 0xFE, 0x00, 0x07, 0xF9, 0x03, 0xFF, 0x00, 0x01, 0xE0, 0x03, 0xDF, 0x80, 0x01, 0xE0, 0x03,
    0xCF, 0xD0, 0x01, 0xE0, 0x03, 0xC7, 0xF0, 0x01, 0xE0, 0x03, 0xC2, 0xF4, 0x01, 0xE0, 0x03, 0xC0,
    0xFC, 0x01, 0xE0, 0x03, 0xC0, 0x7E, 0x01, 0xE0, 0x03, 0xC0, 0x3F, 0x01, 0xE0, 0x03, 0xC0, 0x1F,
    0xC1, 0xE0, 0x03, 0xC0, 0x0B, 0xD1, 0xE0, 0x03, 0xC0, 0x03, 0xF1, 0xE0, 0x03, 0xC0, 0x02, 0xF9,
    0xE0, 0x03, 0xC0, 0x00, 0xFD, 0xE0, 0x03, 0xC0, 0x00, 0x7F, 0xE0, 0x03, 0xC0, 0x00, 0x2F, 0xE0,
    0x1B, 0xE4, 0x00, 0x0F, 0xE0, 0x7F, 0xFD, 0x00, 0x0B, 0xE0, 0x00, 0x00, 0x54, 0x00, 0x00, 0x00,
    0xBF, 0xFF, 0x40, 0x00, 0x1F, 0xE5, 0xBF, 0xC0, 0x00, 0xF8, 0x00, 0x1F, 0xC0, 0x0F, 0x80, 0x00,
    0x1F, 0x80, 0xBC, 0x00, 0x00, 0x3F, 0x43, 0xF0, 0x00, 0x00, 0x7E, 0x0F, 0x80, 0x00, 0x00, 0xFC,
    0x7D, 0x00, 0x00, 0x03, 0xF2, 0xF4, 0x00, 0x00, 0x0F, 0xCB, 0xC0, 0x00, 0x00, 0x2F, 0x2F, 0x40,
    0x00, 0x00, 0xFC, 0xBD, 0x00, 0x00, 0x03, 0xF1, 0xF8, 0x00, 0x00, 0x0F, 0x83, 0xF0, 0x00, 0x00,
    0x7D, 0x0B, 0xD0, 0x00, 0x02, 0xF0, 0x0F, 0xC0, 0x00, 0x0F, 0x40, 0x1F, 0xC0, 0x00, 0xF8, 0x00,
    0x1F, 0xF9, 0x6F, 0x80, 0x00, 0x0B, 0xFF, 0xF4, 0x00, 0x00, 0x00, 0x54, 0x00, 0x00, 0x7F, 0xFF,
    0xF9, 0x00, 0x6F, 0xD6, 0xFF, 0x00, 0x3F, 0x00, 0x7F, 0x00, 0xFC, 0x00, 0xBD, 0x03, 0xF0, 0x01,
    0xF8, 0x0F, 0xC0, 0x07, 0xE0, 0x3F, 0x00, 0x1F, 0x80, 0xFC, 0x00, 0xBD, 0x03, 0xF0, 0x03, 0xF0,
    0x0F, 0xC0, 0x7F, 0x00, 0x3F, 0xFF, 0xE0, 0x00, 0xFD, 0x54, 0x00, 0x03, 0xF0, 0x00, 0x00, 0x0F,
    0xC0, 0x00, 0x00, 0x3F, 0x00, 0x00, 0x00, 0xFC, 0x00, 0x00, 0x03, 0xF0, 0x00, 0x00, 0x6F, 0xE4,
    0x00, 0x07, 0xFF, 0xF8, 0x00, 0x00, 0x00, 0x00, 0x54, 0x00, 0x00, 0x00, 0x00, 0xBF, 0xFF, 0x40,
    0x00, 0x00, 0x1F, 0xE5, 0xBF, 0xC0, 0x00, 0x00, 0xF8, 0x00, 0x1F, 0xC0, 0x00, 0x0F, 0x80, 0x00,
    0x1F, 0x80, 0x00, 0xBC, 0x00, 0x00, 0x3F, 0x40, 0x03, 0xF0, 0x00, 0x00, 0x7E, 0x00, 0x0F, 0x80,
    0x00, 0x00, 0xFC, 0x00, 0x7D, 0x00, 0x00, 0x03, 0xF0, 0x02, 0xF4, 0x00, 0x00, 0x0F, 0xC0, 0x0B,
    0xC0, 0x00, 0x00, 0x2F, 0x00, 0x2F, 0x40, 0x00, 0x00, 0xFC, 0x00, 0xBD, 0x00, 0x00, 0x03, 0xF0,
    0x01, 0xF8, 0x6E, 0x00, 0x0F, 0xC0, 0x03, 0xFB, 0xFF, 0x40, 0x7D, 0x00, 0x0B, 0xF0, 0x0F, 0x42,
    0xF0, 0x00, 0x0F, 0xC0, 0x1F, 0x4F, 0x80, 0x00, 0x1F, 0xC0, 0x2F, 0xFC, 0x00, 0x00, 0x1F, 0xF9,
    0xBF, 0x80, 0x00, 0x00, 0x0B, 0xFF, 0xFD, 0x00, 0x00, 0x00, 0x00, 0x54, 0xFC, 0x00, 0x00, 0x00,
    0x00, 0x01, 0xFC, 0x00, 0x50, 0x00, 0x00, 0x03, 0xFE, 0x6F, 0x40, 0x00, 0x00, 0x03, 0xFF, 0xF4,
    0x00, 0x00, 0x00, 0x02, 0xFF, 0x40, 0x00, 0x00, 0x00, 0x00, 0x00, 0x00, 0x7F, 0xFF, 0xF9, 0x00,
    0x01, 0xBF, 0x5A, 0xFD, 0x00, 0x03, 0xF0, 0x03, 0xF0, 0x00, 0x3F, 0x00, 0x1F, 0x80, 0x03, 0xF0,
    0x00, 0xF8, 0x00, 0x3F, 0x00, 0x0F, 0x80, 0x03, 0xF0, 0x01, 0xF4, 0x00, 0x3F, 0x00, 0x3F, 0x00,
    0x03, 0xF0, 0x1F, 0xC0, 0x00, 0x3F, 0xFF, 0x90, 0x00, 0x03, 0xF5, 0xBD, 0x00, 0x00, 0x3F, 0x03,
    0xF4, 0x00, 0x03, 0xF0, 0x1F, 0xC0, 0x00, 0x3F, 0x00, 0xFD, 0x00, 0x03, 0xF0, 0x07, 0xE0, 0x00,
    0x3F, 0x00, 0x3F, 0x00, 0x03, 0xF0, 0x02, 0xF8, 0x01, 0xBF, 0x90, 0x0F, 0xE5, 0x7F, 0xFF, 0x80,
    0x7F, 0xE0, 0x00, 0x00, 0x00, 0x50, 0x00, 0x05, 0x01, 0x00, 0x1F, 0xFF, 0x78, 0x0B, 0xD0, 0x7F,
    0xC0, 0xF4, 0x00, 0xBC, 0x2F, 0x00, 0x03, 0xC3, 0xF0, 0x00, 0x2C, 0x3F, 0x00, 0x00, 0x02, 0xFC,
    0x00, 0x00, 0x0F, 0xF9, 0x00, 0x00, 0x7F, 0xFE, 0x00, 0x00, 0xBF, 0xFD, 0x00, 0x00, 0x6F, 0xF8,
    0x00, 0x00, 0x2F, 0xC0, 0x00, 0x00, 0xBE, 0x70, 0x00, 0x03, 0xE7, 0x80, 0x00, 0x3E, 0x7C, 0x00,
    0x03, 0xD3, 0xF4, 0x00, 0xBC, 0x3F, 0xE5, 0x7F, 0x03, 0x4B, 0xFF, 0x80, 0x00, 0x05, 0x40, 0x00,
    0x3F, 0xFF, 0xFF, 0xFF, 0xC3, 0xFA, 0x6F, 0x9A, 0xFC, 0x7C, 0x01, 0xF4, 0x03, 0xD7, 0x40, 0x1F,
    0x40, 0x2D, 0xB0, 0x01, 0xF4, 0x00, 0xE6, 0x00, 0x1F, 0x40, 0x09, 0x00, 0x01, 0xF4, 0x00, 0x00,
    0x00, 0x1F, 0x40, 0x00, 0x00, 0x01, 0xF4, 0x00, 0x00, 0x00, 0x1F, 0x40, 0x00, 0x00, 0x01, 0xF4,
    0x00, 0x00, 0x00, 0x1F, 0x40, 0x00, 0x00, 0x01, 0xF4, 0x00, 0x00, 0x00, 0x1F, 0x40, 0x00, 0x00,
    0x01, 0xF4, 0x00, 0x00, 0x00, 0x1F, 0x40, 0x00, 0x00, 0x01, 0xF4, 0x00, 0x00, 0x01, 0xBF, 0xE4,
    0x00, 0x00, 0x7F, 0xFF, 0xD0, 0x00, 0xBF, 0xFF, 0x00, 0x3F, 0xFE, 0x1F, 0xF5, 0x00, 0x1B, 0xF4,
    0x07, 0xD0, 0x00, 0x02, 0xD0, 0x07, 0xD0, 0x00, 0x02, 0xD0, 0x07, 0xD0, 0x00, 0x02, 0xD0, 0x07,
    0xD0, 0x00, 0x02, 0xD0, 0x07, 0xD0, 0x00, 0x02, 0xD0, 0x07, 0xD0, 0x00, 0x02, 0xD0, 0x07, 0xD0,
    0x00, 0x02, 0xD0, 0x07, 0xD0, 0x00, 0x02, 0xD0, 0x07, 0xD0, 0x00, 0x02, 0xD0, 0x07, 0xD0, 0x00,
    0x02, 0xD0, 0x03, 0xD0, 0x00, 0x02, 0xC0, 0x03, 0xE0, 0x00, 0x03, 0xC0, 0x03, 0xF0, 0x00, 0x03,
    0xC0, 0x02, 0xF0, 0x00, 0x07, 0x80, 0x00, 0xFC, 0x00, 0x1F, 0x00, 0x00, 0x7F, 0xAA, 0xFD, 0x00,
    0x00, 0x1F, 0xFF, 0xE0, 0x00, 0x00, 0x00, 0x54, 0x00, 0x00, 0x7F, 0xFE, 0x00, 0x3F, 0xFD, 0x2F,
    0xF4, 0x00, 0x1B, 0xF4, 0x07, 0xE0, 0x00, 0x03, 0xC0, 0x03, 0xF0, 0x00, 0x03, 0x80, 0x02, 0xF0,
    0x00, 0x0B, 0x40, 0x00, 0xF8, 0x00, 0x0F, 0x00, 0x00, 0xFC, 0x00, 0x0E, 0x00, 0x00, 0xBC, 0x00,
    0x2D, 0x00, 0x00, 0x3E, 0x00, 0x3C, 0x00, 0x00, 0x3F, 0x00, 0x38, 0x00, 0x00, 0x1F, 0x00, 0xB4,
    0x00, 0x00, 0x0F, 0x80, 0xF0, 0x00, 0x00, 0x0F, 0xC0, 0xE0, 0x00, 0x00, 0x07, 0xC2, 0xC0, 0x00,
    0x00, 0x03, 0xE3, 0xC0, 0x00, 0x00, 0x02, 0xF3, 0x80, 0x00, 0x00, 0x01, 0xFF, 0x00, 0x00, 0x00,
    0x00, 0xFF, 0x00, 0x00, 0x00, 0x00, 0xBE, 0x00, 0x00, 0x7F, 0xFE, 0x00, 0x2F, 0x40, 0x07, 0xFF,
    0xCB, 0xFD, 0x00, 0x0F, 0xF0, 0x00, 0x7F, 0x90, 0x7E, 0x00, 0x03, 0xFC, 0x00, 0x07, 0x80, 0x0F,
    0xC0, 0x02, 0xDF, 0x40, 0x02, 0xC0, 0x02, 0xF0, 0x00, 0xF3, 0xE0, 0x00, 0xF0, 0x00, 0x7D, 0x00,
    0x38, 0xBC, 0x00, 0x38, 0x00, 0x0F, 0x80, 0x1D, 0x1F, 0x00, 0x1D, 0x00, 0x03, 0xF0, 0x0B, 0x03,
    0xE0, 0x0B, 0x00, 0x00, 0xBC, 0x03, 0xC0, 0xFC, 0x03, 0xC0, 0x00, 0x1F, 0x40, 0xE0, 0x1F, 0x00,
    0xE0, 0x00, 0x03, 0xD0, 0x74, 0x03, 0xD0, 0x74, 0x00, 0x00, 0xF8, 0x2C, 0x00, 0xF8, 0x2C, 0x00,
    0x00, 0x2F, 0x0F, 0x00, 0x2F, 0x0B, 0x00, 0x00, 0x07, 0xC3, 0x80, 0x07, 0xD3, 0x80, 0x00, 0x00,
    0xF5, 0xD0, 0x00, 0xF8, 0xD0, 0x00, 0x00, 0x3E, 0xB0, 0x00, 0x3F, 0x70, 0x00, 0x00, 0x0B, 0xFC,
    0x00, 0x07, 0xFC, 0x00, 0x00, 0x01, 0xFE, 0x00, 0x00, 0xFE, 0x00, 0x00, 0x00, 0x3F, 0x40, 0x00,
    0x3F, 0x40, 0x00, 0x7F, 0xFD, 0x00, 0xFF, 0xF1, 0xBF, 0xD0, 0x01, 0xFE, 0x40, 0x7F, 0x00, 0x02,
    0xE0, 0x00, 0xBE, 0x00, 0x1F, 0x00, 0x00, 0xFD, 0x00, 0xF0, 0x00, 0x00, 0xFC, 0x0B, 0x40, 0x00,
    0x01, 0xFC, 0x78, 0x00, 0x00, 0x02, 0xFB, 0xC0, 0x00, 0x00, 0x03, 0xFC, 0x00, 0x00, 0x00, 0x03,
    0xF0, 0x00, 0x00, 0x00, 0x1F, 0xE0, 0x00, 0x00, 0x01, 0xFB, 0xD0, 0x00, 0x00, 0x0F, 0x0F, 0xC0,
    0x00, 0x00, 0xF4, 0x0F, 0xC0, 0x00, 0x0B, 0x80, 0x1F, 0x80, 0x00, 0x7C, 0x00, 0x2F, 0x40, 0x03,
    0xC0, 0x00, 0x3F, 0x00, 0xBF, 0x90, 0x01, 0xFF, 0x9B, 0xFF, 0x80, 0x2F, 0xFF, 0x80, 0x7F, 0xFF,
    0x00, 0xBF, 0xFC, 0xBF, 0xE4, 0x01, 0xBF, 0x90, 0x3F, 0x00, 0x00, 0xF0, 0x00, 0x7E, 0x00, 0x07,
    0x80, 0x00, 0xFC, 0x00, 0x3C, 0x00, 0x00, 0xF8, 0x02, 0xD0, 0x00, 0x02, 0xF4, 0x0E, 0x00, 0x00,
    0x03, 0xF0, 0xB0, 0x00, 0x00, 0x07, 0xE7, 0x80, 0x00, 0x00, 0x0B, 0xFC, 0x00, 0x00, 0x00, 0x0F,
    0xD0, 0x00, 0x00, 0x00, 0x2F, 0x00, 0x00, 0x00, 0x00, 0xBC, 0x00, 0x00, 0x00, 0x02, 0xF0, 0x00,
    0x00, 0x00, 0x0B, 0xC0, 0x00, 0x00, 0x00, 0x2F, 0x00, 0x00, 0x00, 0x00, 0xFC, 0x00, 0x00, 0x00,
    0x1B, 0xF9, 0x00, 0x00, 0x01, 0xFF, 0xFD, 0x00, 0x00, 0x3F, 0xFF, 0xFF, 0xFC, 0x3F, 0x95, 0x56,
    0xFC, 0x3E, 0x00, 0x03, 0xF0, 0x3C, 0x00, 0x0B, 0xD0, 0x38, 0x00, 0x1F, 0x80, 0x00, 0x00, 0x3F,
    0x00, 0x00, 0x00, 0xBD, 0x00, 0x00, 0x01, 0xF8, 0x00, 0x00, 0x03, 0xF0, 0x00, 0x00, 0x0F, 0xD0,
    0x00, 0x00, 0x1F, 0x80, 0x00, 0x00, 0x3F, 0x00, 0x00, 0x00, 0xFD, 0x00, 0x00, 0x02, 0xF8, 0x00,
    0x04, 0x03, 0xF0, 0x00, 0x2C, 0x0F, 0xC0, 0x00, 0x3C, 0x2F, 0x80, 0x00, 0xFC, 0x3F, 0x55, 0x5B,
    0xFC, 0x7F, 0xFF, 0xFF, 0xF8, 0x3F, 0xF3, 0xE5, 0x3C, 0x03, 0xC0, 0x3C, 0x03, 0xC0, 0x3C, 0x03,
    0xC0, 0x3C, 0x03, 0xC0, 0x3C, 0x03, 0xC0, 0x3C, 0x03, 0xC0, 0x3C, 0x03, 0xC0, 0x3C, 0x03, 0xC0,
    0x3C, 0x03, 0xC0, 0x3C, 0x03, 0xC0, 0x3C, 0x03, 0xC0, 0x3C, 0x03, 0xC0, 0x3F, 0xA2, 0xAA, 0x20,
    0x00, 0x00, 0x38, 0x00, 0x00, 0x2C, 0x00, 0x00, 0x1D, 0x00, 0x00, 0x0E, 0x00, 0x00, 0x0B, 0x00,
    0x00, 0x03, 0x40, 0x00, 0x03, 0xC0, 0x00, 0x02, 0xC0, 0x00, 0x00, 0xD0, 0x00, 0x00, 0xF0, 0x00,
    0x00, 0x70, 0x00, 0x00, 0x38, 0x00, 0x00, 0x3C, 0x00, 0x00, 0x1D, 0x00, 0x00, 0x0E, 0x00, 0x00,
    0x0B, 0x00, 0x00, 0x07, 0x40, 0x00, 0x03, 0x80, 0x00, 0x02, 0xC0, 0x00, 0x01, 0xD0, 0x00, 0x00,
    0xF0, 0x00, 0x00, 0xB0, 0x00, 0x00, 0x34, 0x00, 0x00, 0x3C, 0xFF, 0xC5, 0xBC, 0x03, 0xC0, 0x3C,
    0x03, 0xC0, 0x3C, 0x03, 0xC0, 0x3C, 0x03, 0xC0, 0x3C, 0x03, 0xC0, 0x3C, 0x03, 0xC0, 0x3C, 0x03,
    0xC0, 0x3C, 0x03, 0xC0, 0x3C, 0x03, 0xC0, 0x3C, 0x03, 0xC0, 0x3C, 0x03, 0xC0, 0x3C, 0x03, 0xC0,
    0x3C, 0xAF, 0xCA, 0xA8, 0x00, 0x00, 0x00, 0x00, 0x00, 0xF0, 0x00, 0x00, 0x3F, 0x80, 0x00, 0x0B,
    0x6D, 0x00, 0x00, 0xE0, 0xF0, 0x00, 0x3C, 0x07, 0x80, 0x0B, 0x40, 0x2D, 0x00, 0xE0, 0x00, 0xF0,
    0x3C, 0x00, 0x07, 0x87, 0x40, 0x00, 0x2C, 0x10, 0x00, 0x00, 0x40, 0x55, 0x55, 0x55, 0x7F, 0xFF,
    0xFF, 0xE5, 0x55, 0x55, 0x50, 0x28, 0x03, 0xE0, 0x2F, 0x40, 0x7C, 0x00, 0xE0, 0x00, 0x00, 0x00,
    0x00, 0x00, 0x7F, 0xF8, 0x00, 0x2E, 0x57, 0xE0, 0x07, 0xC0, 0x0F, 0x40, 0x7D, 0x00, 0xF8, 0x02,
    0x80, 0x0F, 0x80, 0x00, 0x00, 0xF8, 0x00, 0x05, 0xAF, 0x80, 0x0B, 0xFE, 0xF8, 0x03, 0xF4, 0x0F,
    0x80, 0x7D, 0x00, 0xF8, 0x0B, 0xC0, 0x0F, 0x80, 0xBD, 0x02, 0xF8, 0x03, 0xFA, 0xFB, 0xE8, 0x1F,
    0xFC, 0x3F, 0xC0, 0x14, 0x00, 0x50, 0x6A, 0x80, 0x00, 0x00, 0x7F, 0xD0, 0x00, 0x00, 0x07, 0xD0,
    0x00, 0x00, 0x03, 0xD0, 0x00, 0x00, 0x03, 0xD0, 0x00, 0x00, 0x03, 0xD0, 0x00, 0x00, 0x03, 0xD0,
    0x00, 0x00, 0x03, 0xD2, 0xFF, 0x40, 0x03, 0xDF, 0xFF, 0xE0, 0x03, 0xF8, 0x03, 0xF4, 0x03, 0xF0,
    0x00, 0xF8, 0x03, 0xD0, 0x00, 0xFC, 0x03, 0xD0, 0x00, 0xBC, 0x03, 0xD0, 0x00, 0xBC, 0x03, 0xD0,
    0x00, 0xBC, 0x03, 0xD0, 0x00, 0xBC, 0x03, 0xD0, 0x00, 0xFC, 0x03, 0xD0, 0x00, 0xF8, 0x03, 0xE0,
    0x03, 0xF0, 0x03, 0xFD, 0x5F, 0xD0, 0x03, 0x6F, 0xFF, 0x40, 0x00, 0x00, 0x50, 0x00, 0x00, 0x00,
    0x00, 0x00, 0xBF, 0xE0, 0x07, 0xE5, 0xFC, 0x1F, 0x40, 0x3E, 0x3E, 0x00, 0xBE, 0x7D, 0x00, 0x7D,
    0xBC, 0x00, 0x00, 0xBC, 0x00, 0x00, 0xBC, 0x00, 0x00, 0xBC, 0x00, 0x00, 0x7D, 0x00, 0x00, 0x3F,
    0x00, 0x00, 0x2F, 0xC0, 0x0D, 0x0F, 0xFE, 0xFC, 0x02, 0xFF, 0xE0, 0x00, 0x05, 0x00, 0x00, 0x00,
    0xAA, 0x40, 0x00, 0x03, 0xFE, 0x00, 0x00, 0x00, 0xF8, 0x00, 0x00, 0x03, 0xE0, 0x00, 0x00, 0x0F,
    0x80, 0x00, 0x00, 0x3E, 0x00, 0x00, 0x00, 0xF8, 0x00, 0x2F, 0xFB, 0xE0, 0x07, 0xFA, 0xFF, 0x80,
    0x7D, 0x00, 0x7E, 0x03, 0xE0, 0x00, 0xF8, 0x1F, 0x40, 0x03, 0xE0, 0xBC, 0x00, 0x0F, 0x82, 0xF0,
    0x00, 0x3E, 0x0B, 0xC0, 0x00, 0xF8, 0x2F, 0x00, 0x03, 0xE0, 0xBC, 0x00, 0x0F, 0x81, 0xF8, 0x00,
    0x7E, 0x03, 0xF4, 0x03, 0xF8, 0x07, 0xFA, 0xBE, 0xF4, 0x07, 0xFF, 0x87, 0xFC, 0x00, 0x50, 0x00,
    0x00, 0x00, 0x00, 0x00, 0x00, 0x2F, 0xF4, 0x00, 0x7E, 0x5F, 0x80, 0x7C, 0x00, 0xF4, 0x3E, 0x00,
    0x3E, 0x1F, 0x00, 0x0B, 0xCB, 0xC0, 0x03, 0xF2, 0xFF, 0xFF, 0xF8, 0xBD, 0x55, 0x54, 0x2F, 0x00,
    0x00, 0x07, 0xD0, 0x00, 0x00, 0xFC, 0x00, 0x00, 0x2F, 0x80, 0x0E, 0x03, 0xFE, 0xBF, 0x40, 0x2F,
    0xFE, 0x00, 0x00, 0x14, 0x00, 0x00, 0x00, 0x00, 0x00, 0x3F, 0xF0, 0x00, 0xF4, 0xBC, 0x03, 0xD0,
    0xBC, 0x03, 0xC0, 0xBC, 0x07, 0xC0, 0x00, 0x07, 0xC0, 0x00, 0x07, 0xC0, 0x00, 0x6F, 0xEA, 0x80,
    0xBF, 0xFF, 0xC0, 0x0B, 0xC0, 0x00, 0x0B, 0xC0, 0x00, 0x0B, 0xC0, 0x00, 0x0B, 0xC0, 0x00, 0x0B,
    0xC0, 0x00, 0x0B, 0xC0, 0x00, 0x0B, 0xC0, 0x00, 0x0B, 0xC0, 0x00, 0x0B, 0xC0, 0x00, 0x0B, 0xC0,
    0x00, 0x5F, 0xE5, 0x00, 0xFF, 0xFF, 0x00, 0x00, 0x00, 0x00, 0xA4, 0x00, 0x00, 0x03, 0xFC, 0x00,
    0xBF, 0xEB, 0x78, 0x07, 0xE5, 0xFE, 0x00, 0x0F, 0x40, 0x3F, 0x00, 0x2F, 0x00, 0x1F, 0x40, 0x2F,
    0x00, 0x0F, 0x40, 0x2F, 0x00, 0x1F, 0x40, 0x1F, 0x40, 0x2F, 0x00, 0x0B, 0xE0, 0xBD, 0x00, 0x03,
    0xFF, 0xF4, 0x00, 0x0B, 0x44, 0x00, 0x00, 0x0F, 0x00, 0x00, 0x00, 0x1F, 0x55, 0x40, 0x00, 0x0F,
    0xFF, 0xFF, 0x80, 0x07, 0xFF, 0xFF, 0xE0, 0x0F, 0x40, 0x17, 0xF0, 0x3D, 0x00, 0x02, 0xF0, 0x7C,
    0x00, 0x02, 0xF0, 0x3E, 0x00, 0x07, 0xD0, 0x3F, 0xE5, 0xBF, 0x80, 0x07, 0xFF, 0xF9, 0x00, 0x00,
    0x00, 0x00, 0x00, 0x6A, 0x80, 0x00, 0x00, 0x2F, 0xF0, 0x00, 0x00, 0x00, 0xBC, 0x00, 0x00, 0x00,
    0x2F, 0x00, 0x00, 0x00, 0x0B, 0xC0, 0x00, 0x00, 0x02, 0xF0, 0x00, 0x00, 0x00, 0xBC, 0x00, 0x00,
    0x00, 0x2F, 0x0B, 0xF8, 0x00, 0x0B, 0xDF, 0xFF, 0xC0, 0x02, 0xFD, 0x01, 0xF8, 0x00, 0xBE, 0x00,
    0x3F, 0x00, 0x2F, 0x00, 0x0B, 0xC0, 0x0B, 0xC0, 0x02, 0xF0, 0x02, 0xF0, 0x00, 0xBC, 0x00, 0xBC,
    0x00, 0x2F, 0x00, 0x2F, 0x00, 0x0B, 0xC0, 0x0B, 0xC0, 0x02, 0xF0, 0x02, 0xF0, 0x00, 0xBC, 0x00,
    0xBC, 0x00, 0x2F, 0x00, 0x7F, 0x90, 0x1F, 0xE4, 0xBF, 0xFC, 0x2F, 0xFF, 0x00, 0x01, 0x00, 0x0F,
    0xC0, 0x1F, 0xC0, 0x0F, 0x80, 0x00, 0x00, 0x00, 0x00, 0x00, 0x00, 0x6B, 0xC0, 0xBF, 0xC0, 0x0B,
    0xC0, 0x0B, 0xC0, 0x0B, 0xC0, 0x0B, 0xC0, 0x0B, 0xC0, 0x0B, 0xC0, 0x0B, 0xC0, 0x0B, 0xC0, 0x0B,
    0xC0, 0x0B, 0xC0, 0x6F, 0xE4, 0xFF, 0xFD, 0x00, 0x40, 0x7E, 0x0B, 0xF0, 0x7E, 0x00, 0x00, 0x00,
    0x00, 0x02, 0xAE, 0x3F, 0xF0, 0x3F, 0x02, 0xF0, 0x2F, 0x02, 0xF0, 0x2F, 0x02, 0xF0, 0x2F, 0x02,
    0xF0, 0x2F, 0x02, 0xF0, 0x2F, 0x02, 0xE0, 0x3E, 0x03, 0xD0, 0x3C, 0x0B, 0x81, 0xF0, 0x38, 0x00,
    0x00, 0x6A, 0x80, 0x00, 0x00, 0xBF, 0xC0, 0x00, 0x00, 0x0B, 0xC0, 0x00, 0x00, 0x07, 0xC0, 0x00,
    0x00, 0x07, 0xC0, 0x00, 0x00, 0x07, 0xC0, 0x00, 0x00, 0x07, 0xC0, 0x00, 0x00, 0x07, 0xC0, 0x6A,
    0xA4, 0x07, 0xC0, 0x6F, 0xF4, 0x07, 0xC0, 0x1F, 0x40, 0x07, 0xC0, 0x7C, 0x00, 0x07, 0xC1, 0xE0,
    0x00, 0x07, 0xCB, 0x80, 0x00, 0x07, 0xEF, 0x00, 0x00, 0x07, 0xCF, 0xC0, 0x00, 0x07, 0xC7, 0xF0,
    0x00, 0x07, 0xC2, 0xFC, 0x00, 0x07, 0xC0, 0xBE, 0x00, 0x0B, 0xC0, 0x3F, 0x80, 0x5F, 0xE4, 0x0F,
    0xF9, 0xFF, 0xFC, 0x03, 0xFD, 0x00, 0x00, 0x00, 0x00, 0x6A, 0x80, 0xBF, 0xC0, 0x0B, 0xC0, 0x07,
    0xC0, 0x07, 0xC0, 0x07, 0xC0, 0x07, 0xC0, 0x07, 0xC0, 0x07, 0xC0, 0x07, 0xC0, 0x07, 0xC0, 0x07,
    0xC0, 0x07, 0xC0, 0x07, 0xC0, 0x07, 0xC0, 0x07, 0xC0, 0x07, 0xC0, 0x07, 0xC0, 0x0B, 0xC0, 0x6F,
    0xE4, 0xFF, 0xFD, 0x00, 0x00, 0x00, 0x00, 0x00, 0x00, 0x1B, 0xD0, 0xBF, 0x80, 0x7F, 0xD0, 0x0B,
    0xF8, 0xFF, 0xFC, 0xBF, 0xFD, 0x00, 0x2F, 0xD0, 0x2F, 0xB4, 0x0F, 0xC0, 0x0B, 0xE0, 0x03, 0xF0,
    0x01, 0xF0, 0x02, 0xF0, 0x00, 0xFC, 0x00, 0x7D, 0x00, 0xBC, 0x00, 0x3E, 0x00, 0x0F, 0x40, 0x2F,
    0x00, 0x0F, 0x80, 0x03, 0xD0, 0x0B, 0xC0, 0x03, 0xE0, 0x00, 0xF4, 0x02, 0xF0, 0x00, 0xF8, 0x00,
    0x3D, 0x00, 0xBC, 0x00, 0x3E, 0x00, 0x0F, 0x40, 0x2F, 0x00, 0x0F, 0x80, 0x03, 0xD0, 0x0B, 0xC0,
    0x03, 0xE0, 0x00, 0xF4, 0x07, 0xF9, 0x02, 0xFD, 0x01, 0xBF, 0x4B, 0xFF, 0xC2, 0xFF, 0xE0, 0xFF,
    0xF4, 0x00, 0x00, 0x00, 0x00, 0x1B, 0xD0, 0xBF, 0x80, 0x0B, 0xF9, 0xFF, 0xFC, 0x00, 0x2F, 0xD0,
    0x1F, 0x80, 0x0B, 0xE0, 0x03, 0xF0, 0x02, 0xF0, 0x00, 0xBC, 0x00, 0xBC, 0x00, 0x2F, 0x00, 0x2F,
    0x00, 0x0B, 0xC0, 0x0B, 0xC0, 0x02, 0xF0, 0x02, 0xF0, 0x00, 0xBC, 0x00, 0xBC, 0x00, 0x2F, 0x00,
    0x2F, 0x00, 0x0B, 0xC0, 0x0B, 0xC0, 0x02, 0xF0, 0x07, 0xF9, 0x01, 0xFE, 0x4B, 0xFF, 0xC2, 0xFF,
    0xF0, 0x00, 0x00, 0x00, 0x00, 0x0B, 0xFE, 0x40, 0x07, 0xEA, 0xFE, 0x01, 0xF4, 0x02, 0xF4, 0x3E,
    0x00, 0x0F, 0xC7, 0xC0, 0x00, 0xBD, 0xBC, 0x00, 0x07, 0xDB, 0xC0, 0x00, 0x3E, 0xBC, 0x00, 0x03,
    0xEB, 0xC0, 0x00, 0x3D, 0xBD, 0x00, 0x07, 0xC3, 0xF0, 0x00, 0xBC, 0x2F, 0x40, 0x0F, 0x40, 0xFE,
    0x5B, 0xE0, 0x02, 0xFF, 0xF4, 0x00, 0x00, 0x50, 0x00, 0x00, 0x00, 0x00, 0x00, 0x2F, 0xC1, 0xFF,
    0x80, 0x3F, 0xCB, 0xFF, 0xF0, 0x03, 0xEC, 0x02, 0xF8, 0x03, 0xF0, 0x00, 0xFC, 0x03, 0xE0, 0x00,
    0xBC, 0x03, 0xE0, 0x00, 0x7D, 0x03, 0xE0, 0x00, 0x7D, 0x03, 0xE0, 0x00, 0x7D, 0x03, 0xE0, 0x00,
    0x7D, 0x03, 0xE0, 0x00, 0xBC, 0x03, 0xE0, 0x00, 0xFC, 0x03, 0xE0, 0x02, 0xF4, 0x03, 0xFE, 0x5F,
    0xE0, 0x03, 0xFF, 0xFF, 0x40, 0x03, 0xE0, 0x50, 0x00, 0x03, 0xE0, 0x00, 0x00, 0x03, 0xE0, 0x00,
    0x00, 0x03, 0xE0, 0x00, 0x00, 0x2F, 0xF9, 0x00, 0x00, 0x3F, 0xFF, 0x00, 0x00, 0x00, 0x00, 0x00,
    0x00, 0x02, 0xFF, 0x8A, 0x00, 0x7F, 0xAF, 0xF8, 0x07, 0xD0, 0x07, 0xE0, 0x3E, 0x00, 0x0F, 0x81,
    0xF4, 0x00, 0x3E, 0x0B, 0xC0, 0x00, 0xF8, 0x2F, 0x00, 0x03, 0xE0, 0xBC, 0x00, 0x0F, 0x82, 0xF0,
    0x00, 0x3E, 0x0B, 0xC0, 0x00, 0xF8, 0x1F, 0x80, 0x07, 0xE0, 0x3F, 0x40, 0x3F, 0x80, 0x7F, 0xAB,
    0xBE, 0x00, 0x7F, 0xF8, 0xF8, 0x00, 0x05, 0x03, 0xE0, 0x00, 0x00, 0x0F, 0x80, 0x00, 0x00, 0x3E,
    0x00, 0x00, 0x00, 0xFC, 0x00, 0x00, 0x2F, 0xF9, 0x00, 0x01, 0xFF, 0xF8, 0x00, 0x00, 0x00, 0x6F,
    0x47, 0xF8, 0xBF, 0x9F, 0xFD, 0x0B, 0xF4, 0xBE, 0x0B, 0xE0, 0xBD, 0x0B, 0xC0, 0x24, 0x0B, 0xC0,
    0x00, 0x0B, 0xC0, 0x00, 0x0B, 0xC0, 0x00, 0x0B, 0xC0, 0x00, 0x0B, 0xC0, 0x00, 0x0B, 0xC0, 0x00,
    0x0B, 0xC0, 0x00, 0x1F, 0xE5, 0x00, 0xBF, 0xFF, 0x00, 0x00, 0x00, 0x00, 0x1F, 0xFA, 0x82, 0xF5,
    0xBF, 0x0F, 0x00, 0x7C, 0x7C, 0x00, 0xB1, 0xF4, 0x00, 0x43, 0xFD, 0x00, 0x07, 0xFF, 0xD0, 0x02,
    0xFF, 0xE0, 0x00, 0x2F, 0xC1, 0x00, 0x0F, 0x6C, 0x00, 0x3D, 0xBC, 0x00, 0xF1, 0xFD, 0x1F, 0x87,
    0xBF, 0xF8, 0x04, 0x15, 0x00, 0x01, 0x00, 0x00, 0x38, 0x00, 0x03, 0x80, 0x00, 0x78, 0x00, 0x0F,
    0x80, 0x0B, 0xFE, 0xA8, 0xFF, 0xFF, 0xC0, 0xF8, 0x00, 0x0F, 0x80, 0x00, 0xF8, 0x00, 0x0F, 0x80,
    0x00, 0xF8, 0x00, 0x0F, 0x80, 0x00, 0xF8, 0x00, 0x0F, 0x80, 0x00, 0xF8, 0x00, 0x0F, 0xC0, 0x00,
    0x7F, 0xAE, 0x03, 0xFF, 0x80, 0x01, 0x40, 0x2B, 0xD0, 0x0B, 0xF0, 0x0F, 0xF4, 0x07, 0xFC, 0x00,
    0x7D, 0x00, 0x2F, 0x00, 0x0F, 0x40, 0x07, 0xC0, 0x03, 0xD0, 0x01, 0xF0, 0x00, 0xF4, 0x00, 0x7C,
    0x00, 0x3D, 0x00, 0x1F, 0x00, 0x0F, 0x40, 0x07, 0xC0, 0x03, 0xD0, 0x01, 0xF0, 0x00, 0xF4, 0x00,
    0x7C, 0x00, 0x3D, 0x00, 0x3F, 0x00, 0x0F, 0xC0, 0x2F, 0xC0, 0x02, 0xFE, 0xBD, 0xF9, 0x00, 0x2F,
    0xFC, 0x3F, 0xD0, 0x00, 0x50, 0x00, 0x00, 0x6A, 0xA8, 0x0A, 0xA9, 0x7F, 0xF8, 0x0B, 0xFD, 0x0F,
    0xC0, 0x01, 0xF0, 0x07, 0xD0, 0x01, 0xD0, 0x03, 0xE0, 0x03, 0xC0, 0x02, 0xF0, 0x03, 0x80, 0x01,
    0xF4, 0x0B, 0x00, 0x00, 0xFC, 0x0F, 0x00, 0x00, 0x7C, 0x1D, 0x00, 0x00, 0x3E, 0x2C, 0x00, 0x00,
    0x2F, 0x38, 0x00, 0x00, 0x1F, 0xB0, 0x00, 0x00, 0x0F, 0xF0, 0x00, 0x00, 0x0B, 0xD0, 0x00, 0x6A,
    0xA8, 0x06, 0x90, 0x1A, 0xA8, 0xBF, 0xE4, 0x0B, 0xF0, 0x1F, 0xF8, 0x0F, 0xC0, 0x0F, 0xF0, 0x03,
    0xC0, 0x0B, 0xC0, 0x0E, 0xF4, 0x03, 0x80, 0x07, 0xD0, 0x2C, 0xF8, 0x07, 0x40, 0x03, 0xE0, 0x3C,
    0xBC, 0x0B, 0x00, 0x02, 0xF0, 0x38, 0x7C, 0x0F, 0x00, 0x01, 0xF0, 0x74, 0x3D, 0x0D, 0x00, 0x00,
    0xF4, 0xB0, 0x3E, 0x1C, 0x00, 0x00, 0xBC, 0xF0, 0x1F, 0x2C, 0x00, 0x00, 0x7C, 0xE0, 0x0F, 0x78,
    0x00, 0x00, 0x3E, 0xD0, 0x0F, 0xF4, 0x00, 0x00, 0x3F, 0xC0, 0x0B, 0xF0, 0x00, 0x00, 0x1F, 0x80,
    0x07, 0xE0, 0x00, 0x6A, 0xA8, 0x2A, 0xA4, 0xBF, 0xF8, 0x2F, 0xF4, 0x0B, 0xD0, 0x0B, 0x40, 0x03,
    0xF0, 0x1E, 0x00, 0x00, 0xFC, 0x38, 0x00, 0x00, 0x3F, 0xF0, 0x00, 0x00, 0x1F, 0xC0, 0x00, 0x00,
    0x0F, 0xD0, 0x00, 0x00, 0x2F, 0xF0, 0x00, 0x00, 0xB4, 0xFC, 0x00, 0x01, 0xE0, 0x3F, 0x00, 0x03,
    0xC0, 0x1F, 0x80, 0x2F, 0xD0, 0x6F, 0xF4, 0xFF, 0xF4, 0xFF, 0xFD, 0x6A, 0xA8, 0x0A, 0xA9, 0x7F,
    0xF8, 0x0B, 0xFD, 0x0F, 0xC0, 0x01, 0xE0, 0x07, 0xD0, 0x02, 0xC0, 0x03, 0xF0, 0x03, 0x80, 0x02,
    0xF0, 0x07, 0x40, 0x00, 0xF8, 0x0F, 0x00, 0x00, 0xBC, 0x1D, 0x00, 0x00, 0x7D, 0x2C, 0x00, 0x00,
    0x3F, 0x38, 0x00, 0x00, 0x1F, 0xB0, 0x00, 0x00, 0x0F, 0xE0, 0x00, 0x00, 0x0B, 0xD0, 0x00, 0x00,
    0x03, 0xC0, 0x00, 0x00, 0x07, 0x40, 0x00, 0x00, 0x0B, 0x00, 0x00, 0x28, 0x0E, 0x00, 0x00, 0xBD,
    0x2C, 0x00, 0x00, 0xBE, 0xB4, 0x00, 0x00, 0x3F, 0xD0, 0x00, 0x00, 0x00, 0x00, 0x00, 0x00, 0x6A,
    0xAA, 0xA8, 0xBF, 0xAA, 0xFC, 0xF8, 0x02, 0xF4, 0xF0, 0x03, 0xE0, 0x90, 0x0F, 0xC0, 0x00, 0x2F,
    0x00, 0x00, 0x7D, 0x00, 0x00, 0xF8, 0x00, 0x03, 0xF0, 0x00, 0x0B, 0xC0, 0x0D, 0x1F, 0x40, 0x2D,
    0x3E, 0x00, 0x3C, 0xFE, 0x56, 0xFC, 0xFF, 0xFF, 0xFC, 0x00, 0x00, 0x00, 0x7F, 0x80, 0x3E, 0x00,
    0x1F, 0x00, 0x07, 0xC0, 0x01, 0xF0, 0x00, 0x7C, 0x00, 0x0F, 0x00, 0x03, 0xD0, 0x00, 0xF4, 0x00,
    0x3D, 0x00, 0x0F, 0x40, 0x03, 0xC0, 0x02, 0xE0, 0x0B, 0xD0, 0x00, 0xBD, 0x00, 0x07, 0xC0, 0x00,
    0xF4, 0x00, 0x3D, 0x00, 0x0F, 0x40, 0x03, 0xD0, 0x00, 0xF4, 0x00, 0x7C, 0x00, 0x1F, 0x00, 0x07,
    0xC0, 0x01, 0xF0, 0x00, 0x7C, 0x00, 0x0F, 0x94, 0x00, 0xFF, 0x00, 0x00, 0x00, 0x24, 0xE3, 0x8E,
    0x38, 0xE3, 0x8E, 0x38, 0xE3, 0x8E, 0x38, 0xE3, 0x8E, 0x38, 0xE3, 0x8E, 0x38, 0xE3, 0x8E, 0x34,
    0x00, 0x00, 0xBF, 0x40, 0x07, 0xC0, 0x03, 0xD0, 0x03, 0xE0, 0x03, 0xD0, 0x03, 0xD0, 0x03, 0xD0,
    0x07, 0xC0, 0x07, 0xC0, 0x07, 0xC0, 0x07, 0xC0, 0x03, 0xC0, 0x02, 0xE0, 0x00, 0x7E, 0x00, 0xF9,
    0x03, 0xD0, 0x07, 0xC0, 0x07, 0xC0, 0x07, 0xC0, 0x07, 0xC0, 0x03, 0xC0, 0x03, 0xD0, 0x03, 0xD0,
    0x03, 0xD0, 0x03, 0xE0, 0x03, 0xD0, 0x5B, 0xC0, 0xFF, 0x40, 0x00, 0x00, 0x05, 0x40, 0x00, 0x01,
    0xFF, 0xF9, 0x7C, 0x3D, 0x6F, 0xFF, 0x01, 0x00, 0x01, 0x40, 0x00, 0x0F, 0x8B, 0xF1, 0xFC, 0x19,
    0x00, 0x00, 0x80, 0x70, 0x1C, 0x07, 0x02, 0xC0, 0xB4, 0x2D, 0x0F, 0x43, 0xE0, 0xFC, 0x7F, 0x1F,
    0xC7, 0xF1, 0xFC, 0x18, 0x00, 0x00, 0x01, 0x00, 0x00, 0x07, 0x00, 0x00, 0x1F, 0x00, 0x02, 0xFF,
    0xF4, 0x0F, 0xDE, 0x7C, 0x2F, 0x0C, 0x7E, 0x3E, 0x1C, 0xBE, 0x7C, 0x1C, 0x28, 0xBC, 0x28, 0x00,
    0xBC, 0x34, 0x00, 0xBC, 0x30, 0x00, 0xBC, 0x70, 0x00, 0x7E, 0xB0, 0x00, 0x3F, 0xE0, 0x00, 0x1F,
    0xF0, 0x2D, 0x0B, 0xFF, 0xF8, 0x02, 0xFF, 0x90, 0x02, 0xC0, 0x00, 0x01, 0x40, 0x00, 0x00, 0x01,
    0x50, 0x00, 0x07, 0xFF, 0xE0, 0x01, 0xF4, 0x1F, 0x80, 0x3D, 0x00, 0xFC, 0x0B, 0xC0, 0x0F, 0xC0,
    0xFC, 0x00, 0xB8, 0x0F, 0xC0, 0x00, 0x00, 0xBC, 0x00, 0x00, 0x07, 0xD0, 0x00, 0x00, 0x3F, 0x00,
    0x00, 0x3F, 0xFF, 0xFE, 0x02, 0xAF, 0xEA, 0x90, 0x00, 0xFC, 0x00, 0x00, 0x0B, 0xC0, 0x00, 0x00,
    0x7C, 0x00, 0x00, 0x0B, 0x80, 0x0A, 0x00, 0xF0, 0x00, 0xF0, 0x2D, 0x00, 0x7E, 0x1F, 0xFF, 0xFF,
    0xD2, 0xFF, 0xFF, 0xFD, 0x00, 0x00, 0x00, 0x1D, 0x05, 0x43, 0xC2, 0xFF, 0xFF, 0xC0, 0x3E, 0x07,
    0xE0, 0x0F, 0x00, 0x7C, 0x07, 0x80, 0x0F, 0x01, 0xE0, 0x03, 0xC0, 0x78, 0x00, 0xF0, 0x0F, 0x00,
    0x78, 0x03, 0xF4, 0x7D, 0x02, 0xFF, 0xFF, 0xC1, 0xD0, 0x10, 0x3C, 0x00, 0x00, 0x00, 0x00, 0x3F,
    0xFF, 0x40, 0x7F, 0xFC, 0x1F, 0xF9, 0x00, 0x1F, 0xE4, 0x02, 0xF4, 0x00, 0x07, 0x80, 0x00, 0xFC,
    0x00, 0x0F, 0x00, 0x00, 0x7E, 0x00, 0x2D, 0x00, 0x00, 0x3F, 0x00, 0x38, 0x00, 0x00, 0x0F, 0x80,
    0xB0, 0x00, 0x00, 0x0B, 0xD1, 0xE0, 0x00, 0x05, 0x5B, 0xF3, 0xD5, 0x00, 0x0B, 0xFF, 0xFF, 0xFF,
    0x40, 0x00, 0x00, 0xBE, 0x00, 0x00, 0x00, 0x00, 0xBD, 0x00, 0x00, 0x0F, 0xFF, 0xFF, 0xFF, 0x40,
    0x00, 0x00, 0x7D, 0x00, 0x00, 0x00, 0x00, 0x7D, 0x00, 0x00, 0x00, 0x00, 0x7D, 0x00, 0x00, 0x00,
    0x00, 0x7D, 0x00, 0x00, 0x00, 0x05, 0xFF, 0x50, 0x00, 0x00, 0x0F, 0xFF, 0xF0, 0x00, 0x34, 0xD3,
    0x4D, 0x34, 0xD3, 0x4D, 0x34, 0xD1, 0x00, 0x00, 0x03, 0x4D, 0x34, 0xD3, 0x4D, 0x34, 0xD3, 0x4D,
    0x34, 0x00, 0x01, 0x40, 0x00, 0x03, 0xFF, 0x80, 0x00, 0xF4, 0x3D, 0x00, 0x2D, 0x07, 0xE0, 0x03,
    0xD0, 0x7C, 0x00, 0x3E, 0x00, 0x00, 0x03, 0xF4, 0x00, 0x00, 0xFF, 0xE0, 0x00, 0x2D, 0x3F, 0xD0,
    0x03, 0xC0, 0xFF, 0x80, 0x3C, 0x02, 0xFF, 0x03, 0xE0, 0x03, 0xFC, 0x2F, 0x80, 0x0B, 0xE0, 0xFF,
    0x00, 0x3F, 0x03, 0xFD, 0x01, 0xF0, 0x0B, 0xFC, 0x1F, 0x00, 0x1F, 0xF3, 0xD0, 0x00, 0x2F, 0xF4,
    0x00, 0x00, 0xBD, 0x00, 0x00, 0x03, 0xE0, 0x03, 0xE0, 0x2E, 0x00, 0x7D, 0x03, 0xD0, 0x07, 0xD5,
    0xB8, 0x00, 0x1F, 0xFD, 0x00, 0x00, 0x00, 0x00, 0x00, 0x00, 0x00, 0x07, 0xD0, 0xF8, 0xBE, 0x1F,
    0xC7, 0xD0, 0xFC, 0x00, 0x00, 0x00, 0x00, 0x00, 0x55, 0x00, 0x00, 0x00, 0xBF, 0xFF, 0xD0, 0x00,
    0x0F, 0x80, 0x06, 0xF0, 0x00, 0xF0, 0x00, 0x01, 0xF0, 0x0F, 0x01, 0xFE, 0x91, 0xE0, 0x74, 0x2E,
    0x5B, 0x82, 0xC3, 0xC1, 0xE0, 0x0A, 0x03, 0x8E, 0x0F, 0x40, 0x04, 0x0E, 0x74, 0x3C, 0x00, 0x00,
    0x3D, 0xD0, 0xF0, 0x00, 0x00, 0xB7, 0x43, 0xC0, 0x00, 0x03, 0xCE, 0x0F, 0x40, 0x00, 0x0E, 0x3C,
    0x1F, 0x00, 0x20, 0x74, 0xB4, 0x2F, 0x47, 0x42, 0xC0, 0xF0, 0x1F, 0xF4, 0x1D, 0x01, 0xF0, 0x00,
    0x02, 0xE0, 0x01, 0xF9, 0x00, 0x7E, 0x00, 0x00, 0xBF, 0xFF, 0x80, 0x00, 0x00, 0x05, 0x40, 0x00,
    0x00, 0x00, 0x00, 0x00, 0x7F, 0xE0, 0x0B, 0x42, 0xE0, 0x3E, 0x03, 0xC0, 0x10, 0x0F, 0x00, 0x06,
    0xBC, 0x03, 0xFA, 0xF0, 0x2E, 0x03, 0xC0, 0xF4, 0x0F, 0x03, 0xF5, 0xFE, 0x43, 0xFD, 0x7F, 0x00,
    0x00, 0x00, 0x00, 0x20, 0x08, 0x00, 0xF0, 0x3C, 0x03, 0xD0, 0xF0, 0x0F, 0x83, 0xD0, 0x3F, 0x0F,
    0x80, 0xBD, 0x2F, 0x00, 0x7E, 0x2F, 0x40, 0x2F, 0x4B, 0xC0, 0x0B, 0xC2, 0xF0, 0x02, 0xE0, 0xB4,
    0x00, 0xB4, 0x2C, 0x00, 0x10, 0x04, 0xFF, 0xFF, 0xFE, 0xAA, 0xAA, 0xBE, 0x00, 0x00, 0x0E, 0x00,
    0x00, 0x0E, 0x00, 0x00, 0x0E, 0x00, 0x00, 0x0E, 0x00, 0xA9, 0x00, 0x2F, 0xFF, 0x02, 0xD1, 0x6F,
    0x0F, 0xCE, 0x3D, 0x7F, 0x36, 0xF9, 0xFC, 0x5F, 0xE3, 0xF3, 0x2F, 0x4F, 0x8E, 0x3C, 0x1E, 0xBE,
    0xD0, 0x0B, 0xF8, 0x00, 0x00, 0x00, 0x00, 0x00, 0x00, 0x0F, 0xFF, 0xE3, 0xFF, 0xF4, 0x00, 0x00,
    0xBF, 0x87, 0x4B, 0x6C, 0x0E, 0xF0, 0x39, 0xD2, 0xD2, 0xFD, 0x00, 0x00, 0x00, 0x00, 0x00, 0x00,
    0x38, 0x00, 0x00, 0x38, 0x00, 0x00, 0x38, 0x00, 0x00, 0x38, 0x00, 0xFF, 0xFF, 0xFE, 0xAA, 0xBE,
    0xA9, 0x00, 0x38, 0x00, 0x00, 0x38, 0x00, 0x00, 0x38, 0x00, 0x00, 0x38, 0x00, 0x00, 0x00, 0x00,
    0x00, 0x00, 0x00, 0xAA, 0xAA, 0xA9, 0xFF, 0xFF, 0xFE, 0x02, 0xA8, 0x02, 0xFA, 0xF8, 0x3C, 0x07,
    0xC3, 0xD0, 0x3D, 0x04, 0x03, 0xD0, 0x00, 0x7C, 0x00, 0x0F, 0x40, 0x03, 0xD0, 0x00, 0xF4, 0x00,
    0x3D, 0x06, 0x0F, 0x00, 0xE3, 0xFF, 0xFE, 0x3F, 0xFF, 0xD0, 0x01, 0xA9, 0x01, 0xFA, 0xF8, 0x3D,
    0x03, 0xD3, 0xE0, 0x3D, 0x04, 0x03, 0xC0, 0x00, 0xF4, 0x00, 0xFE, 0x00, 0x00, 0xBC, 0x00, 0x02,
    0xF0, 0x00, 0x2F, 0x20, 0x03, 0xF3, 0xE5, 0xFC, 0x0B, 0xFF, 0x00, 0x00, 0x00, 0x00, 0xD0, 0x3F,
    0x0B, 0xD1, 0xF0, 0x38, 0x00, 0x00, 0xF8, 0x00, 0x3D, 0x03, 0xE0, 0x00, 0xF4, 0x0F, 0x80, 0x03,
    0xD0, 0x3E, 0x00, 0x0F, 0x40, 0xF8, 0x00, 0x3D, 0x03, 0xE0, 0x00, 0xF0, 0x0F, 0x80, 0x03, 0xC0,
    0x3E, 0x00, 0x0F, 0x00, 0xF8, 0x00, 0x3C, 0x03, 0xE0, 0x00, 0xF0, 0x0F, 0x80, 0x0B, 0xC0, 0x3E,
    0x00, 0x7F, 0x40, 0xFF, 0xAF, 0x6F, 0xA3, 0xFF, 0xF8, 0x3F, 0xCF, 0x85, 0x00, 0x10, 0x3E, 0x00,
    0x00, 0x00, 0xF8, 0x00, 0x00, 0x02, 0xF0, 0x00, 0x00, 0x0B, 0xC0, 0x00, 0x00, 0x2F, 0x00, 0x00,
    0x00, 0x00, 0x00, 0x00, 0x00, 0x00, 0xBC, 0x3F, 0xD0, 0x7F, 0xC3, 0xE4, 0x0F, 0xFC, 0x3C, 0x02,
    0xFF, 0xC3, 0xC0, 0x3F, 0xFC, 0x3C, 0x03, 0xFF, 0xC3, 0xC0, 0x3F, 0xFC, 0x3C, 0x03, 0xFF, 0xC3,
    0xC0, 0x3F, 0xFC, 0x3C, 0x01, 0xFF, 0xC3, 0xC0, 0x0F, 0xFC, 0x3C, 0x00, 0x2F, 0xC3, 0xC0, 0x00,
    0x18, 0x3C, 0x00, 0x00, 0x03, 0xC0, 0x00, 0x00, 0x3C, 0x00, 0x00, 0x03, 0xC0, 0x00, 0x00, 0x3C,
    0x00, 0x00, 0x03, 0xC0, 0x00, 0x00, 0x3C, 0x00, 0x00, 0x03, 0xC0, 0x00, 0x00, 0x3C, 0x00, 0x00,
    0x6F, 0xC0, 0x00, 0x0F, 0xFC, 0x00, 0x19, 0x1F, 0xDB, 0xF8, 0xFC, 0x04, 0x00, 0x01, 0x00, 0x1C,
    0x00, 0xB4, 0x01, 0xBC, 0x00, 0xB4, 0x97, 0xD2, 0xFE, 0x00, 0x00, 0x01, 0x50, 0x0F, 0xF8, 0x00,
    0x3E, 0x00, 0x0B, 0x80, 0x02, 0xE0, 0x00, 0xB8, 0x00, 0x2E, 0x00, 0x0B, 0x80, 0x02, 0xE0, 0x00,
    0xB8, 0x00, 0x2E, 0x00, 0x5F, 0xD4, 0x3F, 0xFF, 0x00, 0x00, 0x00, 0x00, 0x0B, 0xFD, 0x00, 0xF4,
    0x7E, 0x07, 0x80, 0x3C, 0x3C, 0x00, 0xF4, 0xF0, 0x02, 0xE3, 0xC0, 0x0B, 0x8F, 0x40, 0x2D, 0x2E,
    0x00, 0xF0, 0x3E, 0x0B, 0x40, 0x2F, 0xF4, 0x00, 0x00, 0x00, 0x50, 0x24, 0x02, 0xD0, 0xB4, 0x03,
    0xD0, 0xF4, 0x03, 0xD1, 0xF4, 0x07, 0xD2, 0xF4, 0x0B, 0xC3, 0xF0, 0x3F, 0x0F, 0x82, 0xF0, 0xFC,
    0x1F, 0x0B, 0xC0, 0xF0, 0x3C, 0x0B, 0x03, 0xC0, 0x00, 0x00, 0x00, 0x01, 0x50, 0x00, 0x00, 0x10,
    0x00, 0x0F, 0xF8, 0x00, 0x00, 0x2C, 0x00, 0x00, 0x3E, 0x00, 0x00, 0x0E, 0x00, 0x00, 0x0B, 0x80,
    0x00, 0x0B, 0x00, 0x00, 0x02, 0xE0, 0x00, 0x07, 0x80, 0x00, 0x00, 0xB8, 0x00, 0x03, 0xC0, 0x00,
    0x00, 0x2E, 0x00, 0x01, 0xD0, 0x00, 0x00, 0x0B, 0x80, 0x00, 0xF0, 0x01, 0x40, 0x02, 0xE0, 0x00,
    0xB0, 0x03, 0xF0, 0x00, 0xB8, 0x00, 0x38, 0x02, 0xFC, 0x00, 0x2E, 0x00, 0x2C, 0x01, 0xDF, 0x00,
    0x5F, 0xD4, 0x1E, 0x00, 0xE3, 0xC0, 0x3F, 0xFF, 0x0F, 0x00, 0xB0, 0xF0, 0x00, 0x00, 0x07, 0x40,
    0x74, 0x3C, 0x00, 0x00, 0x03, 0xC0, 0x38, 0x0F, 0x00, 0x00, 0x02, 0xC0, 0x2C, 0x03, 0xC0, 0x00,
    0x00, 0xE0, 0x0F, 0xAB, 0xFA, 0x00, 0x00, 0xB0, 0x02, 0xAA, 0xFE, 0x80, 0x00, 0x78, 0x00, 0x00,
    0x0F, 0x00, 0x00, 0x3C, 0x00, 0x00, 0x03, 0xC0, 0x00, 0x04, 0x00, 0x00, 0x00, 0x00, 0x00, 0x01,
    0x50, 0x00, 0x00, 0x10, 0x00, 0x0F, 0xF8, 0x00, 0x00, 0x2C, 0x00, 0x00, 0x3E, 0x00, 0x00, 0x0E,
    0x00, 0x00, 0x0B, 0x80, 0x00, 0x0B, 0x00, 0x00, 0x02, 0xE0, 0x00, 0x07, 0x40, 0x00, 0x00, 0xB8,
    0x00, 0x03, 0xC0, 0x00, 0x00, 0x2E, 0x00, 0x01, 0xD0, 0x00, 0x00, 0x0B, 0x80, 0x00, 0xF0, 0x2A,
    0x80, 0x02, 0xE0, 0x00, 0xB0, 0xBE, 0xBE, 0x00, 0xB8, 0x00, 0x38, 0x3C, 0x07, 0xD0, 0x2E, 0x00,
    0x2C, 0x0F, 0x40, 0xF4, 0x5F, 0xD4, 0x1D, 0x00, 0x40, 0x3D, 0x3F, 0xFF, 0x0F, 0x00, 0x00, 0x1F,
    0x00, 0x00, 0x07, 0x40, 0x00, 0x0F, 0x40, 0x00, 0x03, 0xC0, 0x00, 0x0F, 0x40, 0x00, 0x02, 0xC0,
    0x00, 0x0B, 0x40, 0x00, 0x00, 0xE0, 0x00, 0x0B, 0x41, 0x80, 0x00, 0xB0, 0x00, 0x0F, 0x00, 0xE0,
    0x00, 0x74, 0x00, 0x0F, 0xFF, 0xF8, 0x00, 0x3C, 0x00, 0x03, 0xFF, 0xFD, 0x00, 0x04, 0x00, 0x00,
    0x00, 0x00, 0x00, 0x01, 0xA9, 0x00, 0x00, 0x05, 0x00, 0x01, 0xFA, 0xF8, 0x00, 0x01, 0xD0, 0x00,
    0x3D, 0x03, 0xD0, 0x00, 0x3C, 0x00, 0x03, 0xE0, 0x3D, 0x00, 0x0B, 0x00, 0x00, 0x04, 0x03, 0xC0,
    0x00, 0xE0, 0x00, 0x00, 0x00, 0xF4, 0x00, 0x2C, 0x00, 0x00, 0x00, 0xFE, 0x00, 0x07, 0x80, 0x00,
    0x00, 0x00, 0xBC, 0x00, 0xF0, 0x01, 0x40, 0x00, 0x02, 0xF0, 0x1D, 0x00, 0xFC, 0x00, 0x00, 0x2F,
    0x03, 0xC0, 0x1F, 0xC0, 0x20, 0x03, 0xF0, 0xB0, 0x03, 0x7C, 0x03, 0xE5, 0xFC, 0x0E, 0x00, 0xE3,
    0xC0, 0x0B, 0xFF, 0x02, 0xC0, 0x2C, 0x3C, 0x00, 0x00, 0x00, 0x78, 0x03, 0x43, 0xC0, 0x00, 0x00,
    0x0F, 0x00, 0xE0, 0x3C, 0x00, 0x00, 0x01, 0xD0, 0x2C, 0x03, 0xC0, 0x00, 0x00, 0x3C, 0x03, 0xEA,
    0xBE, 0x80, 0x00, 0x0B, 0x00, 0x2A, 0xAB, 0xF8, 0x00, 0x00, 0xE0, 0x00, 0x00, 0x3C, 0x00, 0x00,
    0x2C, 0x00, 0x00, 0x03, 0xC0, 0x00, 0x01, 0x40, 0x00, 0x00, 0x00, 0x00, 0x00, 0x00, 0x00, 0x01,
    0xF4, 0x00, 0x0F, 0xF0, 0x00, 0x2F, 0x80, 0x00, 0x24, 0x00, 0x00, 0x00, 0x00, 0x01, 0x40, 0x00,
    0x0F, 0x00, 0x00, 0x3C, 0x00, 0x01, 0xE0, 0x00, 0x1F, 0x80, 0x00, 0xFC, 0x00, 0x0F, 0xD0, 0x00,
    0xFD, 0x00, 0x07, 0xE0, 0x00, 0x2F, 0x00, 0x2D, 0xBC, 0x01, 0xFD, 0xF0, 0x03, 0xE3, 0xF0, 0x1F,
    0x03, 0xFF, 0xF0, 0x01, 0x64, 0x00, 0x00, 0x02, 0x80, 0x00, 0x00, 0x00, 0x03, 0xF0, 0x00, 0x00,
    0x00, 0x01, 0xFC, 0x00, 0x00, 0x00, 0x00, 0x1F, 0x00, 0x00, 0x00, 0x00, 0x01, 0x00, 0x00, 0x00,
    0x00, 0x00, 0x00, 0x00, 0x00, 0x00, 0xBE, 0x00, 0x00, 0x00, 0x00, 0xFF, 0x00, 0x00, 0x00, 0x00,
    0xEF, 0x40, 0x00, 0x00, 0x02, 0xCF, 0x80, 0x00, 0x00, 0x03, 0x8B, 0xC0, 0x00, 0x00, 0x07, 0x47,
    0xD0, 0x00, 0x00, 0x0B, 0x03, 0xF0, 0x00, 0x00, 0x0E, 0x02, 0xF0, 0x00, 0x00, 0x1D, 0x01, 0xF4,
    0x00, 0x00, 0x2C, 0x00, 0xFC, 0x00, 0x00, 0x38, 0x00, 0xBC, 0x00, 0x00, 0x7F, 0xFF, 0xFE, 0x00,
    0x00, 0xFF, 0xFF, 0xFF, 0x00, 0x00, 0xE0, 0x00, 0x2F, 0x00, 0x02, 0xD0, 0x00, 0x1F, 0x80, 0x03,
    0xC0, 0x00, 0x0F, 0xC0, 0x07, 0x80, 0x00, 0x0B, 0xD0, 0x1F, 0xD4, 0x00, 0x1F, 0xF8, 0xBF, 0xFC,
    0x00, 0xFF, 0xFD, 0x00, 0x00, 0x02, 0xC0, 0x00, 0x00, 0x00, 0x0F, 0xC0, 0x00, 0x00, 0x00, 0x3F,
    0x80, 0x00, 0x00, 0x00, 0xF8, 0x00, 0x00, 0x00, 0x00, 0x40, 0x00, 0x00, 0x00, 0x00, 0x00, 0x00,
    0x00, 0x00, 0x00, 0xBE, 0x00, 0x00, 0x00, 0x00, 0xFF, 0x00, 0x00, 0x00, 0x00, 0xEF, 0x40, 0x00,
    0x00, 0x02, 0xCF, 0x80, 0x00, 0x00, 0x03, 0x8B, 0xC0, 0x00, 0x00, 0x07, 0x47, 0xD0, 0x00, 0x00,
    0x0B, 0x03, 0xF0, 0x00, 0x00, 0x0E, 0x02, 0xF0, 0x00, 0x00, 0x1D, 0x01, 0xF4, 0x00, 0x00, 0x2C,
    0x00, 0xFC, 0x00, 0x00, 0x38, 0x00, 0xBC, 0x00, 0x00, 0x7F, 0xFF, 0xFE, 0x00, 0x00, 0xFF, 0xFF,
    0xFF, 0x00, 0x00, 0xE0, 0x00, 0x2F, 0x00, 0x02, 0xD0, 0x00, 0x1F, 0x80, 0x03, 0xC0, 0x00, 0x0F,
    0xC0, 0x07, 0x80, 0x00, 0x0B, 0xD0, 0x1F, 0xD4, 0x00, 0x1F, 0xF8, 0xBF, 0xFC, 0x00, 0xFF, 0xFD,
    0x00, 0x00, 0x00, 0x00, 0x00, 0x00, 0x00, 0x3D, 0x00, 0x00, 0x00, 0x00, 0xFF, 0x00, 0x00, 0x00,
    0x03, 0xFB, 0xC0, 0x00, 0x00, 0x0F, 0x41, 0xF0, 0x00, 0x00, 0x04, 0x00, 0x10, 0x00, 0x00, 0x00,
    0x00, 0x00, 0x00, 0x00, 0x00, 0xBE, 0x00, 0x00, 0x00, 0x00, 0xFF, 0x00, 0x00, 0x00, 0x00, 0xEF,
    0x40, 0x00, 0x00, 0x02, 0xCF, 0x80, 0x00, 0x00, 0x03, 0x8B, 0xC0, 0x00, 0x00, 0x07, 0x47, 0xD0,
    0x00, 0x00, 0x0B, 0x03, 0xF0, 0x00, 0x00, 0x0E, 0x02, 0xF0, 0x00, 0x00, 0x1D, 0x01, 0xF4, 0x00,
    0x00, 0x2C, 0x00, 0xFC, 0x00, 0x00, 0x38, 0x00, 0xBC, 0x00, 0x00, 0x7F, 0xFF, 0xFE, 0x00, 0x00,
    0xFF, 0xFF, 0xFF, 0x00, 0x00, 0xE0, 0x00, 0x2F, 0x00, 0x02, 0xD0, 0x00, 0x1F, 0x80, 0x03, 0xC0,
    0x00, 0x0F, 0xC0, 0x07, 0x80, 0x00, 0x0B, 0xD0, 0x1F, 0xD4, 0x00, 0x1F, 0xF8, 0xBF, 0xFC, 0x00,
    0xFF, 0xFD, 0x00, 0x01, 0x40, 0x00, 0x00, 0x00, 0x0B, 0xF9, 0x24, 0x00, 0x00, 0x0E, 0xFF, 0xF0,
    0x00, 0x00, 0x04, 0x1B, 0xD0, 0x00, 0x00, 0x00, 0x00, 0x00, 0x00, 0x00, 0x00, 0x00, 0x00, 0x00,
    0x00, 0x00, 0xBE, 0x00, 0x00, 0x00, 0x00, 0xFF, 0x00, 0x00, 0x00, 0x00, 0xEF, 0x40, 0x00, 0x00,
    0x02, 0xCF, 0x80, 0x00, 0x00, 0x03, 0x8B, 0xC0, 0x00, 0x00, 0x07, 0x47, 0xD0, 0x00, 0x00, 0x0B,
    0x03, 0xF0, 0x00, 0x00, 0x0E, 0x02, 0xF0, 0x00, 0x00, 0x1D, 0x01, 0xF4, 0x00, 0x00, 0x2C, 0x00,
    0xFC, 0x00, 0x00, 0x38, 0x00, 0xBC, 0x00, 0x00, 0x7F, 0xFF, 0xFE, 0x00, 0x00, 0xFF, 0xFF, 0xFF,
    0x00, 0x00, 0xE0, 0x00, 0x2F, 0x00, 0x02, 0xD0, 0x00, 0x1F, 0x80, 0x03, 0xC0, 0x00, 0x0F, 0xC0,
    0x07, 0x80, 0x00, 0x0B, 0xD0, 0x1F, 0xD4, 0x00, 0x1F, 0xF8, 0xBF, 0xFC, 0x00, 0xFF, 0xFD, 0x00,
    0x05, 0x00, 0x50, 0x00, 0x00, 0x1F, 0xC3, 0xF4, 0x00, 0x00, 0x1F, 0xC3, 0xF4, 0x00, 0x00, 0x0B,
    0x41, 0xE0, 0x00, 0x00, 0x00, 0x00, 0x00, 0x00, 0x00, 0x00, 0x00, 0x00, 0x00, 0x00, 0x00, 0xBE,
    0x00, 0x00, 0x00, 0x00, 0xFF, 0x00, 0x00, 0x00, 0x00, 0xEF, 0x40, 0x00, 0x00, 0x02, 0xCF, 0x80,
    0x00, 0x00, 0x03, 0x8B, 0xC0, 0x00, 0x00, 0x07, 0x47, 0xD0, 0x00, 0x00, 0x0B, 0x03, 0xF0, 0x00,
    0x00, 0x0E, 0x02, 0xF0, 0x00, 0x00, 0x1D, 0x01, 0xF4, 0x00, 0x00, 0x2C, 0x00, 0xFC, 0x00, 0x00,
    0x38, 0x00, 0xBC, 0x00, 0x00, 0x7F, 0xFF, 0xFE, 0x00, 0x00, 0xFF, 0xFF, 0xFF, 0x00, 0x00, 0xE0,
    0x00, 0x2F, 0x00, 0x02, 0xD0, 0x00, 0x1F, 0x80, 0x03, 0xC0, 0x00, 0x0F, 0xC0, 0x07, 0x80, 0x00,
    0x0B, 0xD0, 0x1F, 0xD4, 0x00, 0x1F, 0xF8, 0xBF, 0xFC, 0x00, 0xFF, 0xFD, 0x00, 0x00, 0x69, 0x00,
    0x00, 0x00, 0x01, 0xEB, 0x80, 0x00, 0x00, 0x03, 0x82, 0xC0, 0x00, 0x00, 0x03, 0x82, 0xC0, 0x00,
    0x00, 0x02, 0xE7, 0x80, 0x00, 0x00, 0x00, 0xBE, 0x00, 0x00, 0x00, 0x00, 0x00, 0x00, 0x00, 0x00,
    0x00, 0xBE, 0x00, 0x00, 0x00, 0x00, 0xFF, 0x00, 0x00, 0x00, 0x00, 0xEF, 0x40, 0x00, 0x00, 0x02,
    0xCF, 0x80, 0x00, 0x00, 0x03, 0x8B, 0xC0, 0x00, 0x00, 0x07, 0x47, 0xD0, 0x00, 0x00, 0x0B, 0x03,
    0xF0, 0x00, 0x00, 0x0E, 0x02, 0xF0, 0x00, 0x00, 0x1D, 0x01, 0xF4, 0x00, 0x00, 0x2C, 0x00, 0xFC,
    0x00, 0x00, 0x38, 0x00, 0xBC, 0x00, 0x00, 0x7F, 0xFF, 0xFE, 0x00, 0x00, 0xFF, 0xFF, 0xFF, 0x00,
    0x00, 0xE0, 0x00, 0x2F, 0x00, 0x02, 0xD0, 0x00, 0x1F, 0x80, 0x03, 0xC0, 0x00, 0x0F, 0xC0, 0x07,
    0x80, 0x00, 0x0B, 0xD0, 0x1F, 0xD4, 0x00, 0x1F, 0xF8, 0xBF, 0xFC, 0x00, 0xFF, 0xFD, 0x00, 0x00,
    0xBF, 0xFF, 0xFF, 0xFF, 0x00, 0x00, 0x01, 0xF6, 0xF9, 0x5B, 0xF0, 0x00, 0x00, 0x0E, 0x0F, 0x40,
    0x0B, 0x40, 0x00, 0x02, 0xC0, 0xF4, 0x00, 0x38, 0x00, 0x00, 0x38, 0x0F, 0x40, 0x02, 0x80, 0x00,
    0x0B, 0x00, 0xF4, 0x00, 0x00, 0x00, 0x00, 0xE0, 0x0F, 0x40, 0x00, 0x00, 0x00, 0x2C, 0x00, 0xF4,
    0x03, 0x80, 0x00, 0x03, 0x80, 0x0F, 0x80, 0x78, 0x00, 0x00, 0xBF, 0xFF, 0xFF, 0xFF, 0x80, 0x00,
    0x0F, 0x55, 0x6F, 0x95, 0xB8, 0x00, 0x02, 0xC0, 0x00, 0xF4, 0x03, 0x80, 0x00, 0x38, 0x00, 0x0F,
    0x40, 0x14, 0x00, 0x0B, 0x00, 0x00, 0xF4, 0x00, 0x00, 0x00, 0xF0, 0x00, 0x0F, 0x40, 0x00, 0xD0,
    0x2D, 0x00, 0x00, 0xF4, 0x00, 0x1D, 0x03, 0xC0, 0x00, 0x0F, 0x40, 0x03, 0xC1, 0xFD, 0x40, 0x07,
    0xF9, 0x56, 0xFC, 0xBF, 0xFC, 0x02, 0xFF, 0xFF, 0xFF, 0xC0, 0x00, 0x00, 0x50, 0x04, 0x00, 0x0B,
    0xFF, 0xD7, 0x00, 0x1F, 0xE5, 0x7F, 0xD0, 0x1F, 0x80, 0x02, 0xF8, 0x0F, 0x80, 0x00, 0x2E, 0x0B,
    0xC0, 0x00, 0x03, 0xC3, 0xF0, 0x00, 0x00, 0xB1, 0xF8, 0x00, 0x00, 0x00, 0x7D, 0x00, 0x00, 0x00,
    0x2F, 0x40, 0x00, 0x00, 0x0B, 0xD0, 0x00, 0x00, 0x02, 0xF4, 0x00, 0x00, 0x00, 0x7D, 0x00, 0x00,
    0x00, 0x1F, 0x80, 0x00, 0x00, 0x03, 0xF0, 0x00, 0x00, 0x00, 0xBE, 0x00, 0x00, 0x04, 0x0F, 0xD0,
    0x00, 0x0B, 0x01, 0xFD, 0x00, 0x0B, 0x80, 0x1F, 0xF9, 0xAF, 0x80, 0x00, 0xBF, 0xFF, 0x40, 0x00,
    0x00, 0xD4, 0x00, 0x00, 0x00, 0x75, 0x00, 0x00, 0x00, 0x1B, 0xD0, 0x00, 0x00, 0x00, 0x78, 0x00,
    0x00, 0x09, 0x6E, 0x00, 0x00, 0x01, 0xFF, 0x00, 0x00, 0x00, 0x00, 0x00, 0x00, 0x00, 0x38, 0x00,
    0x00, 0x01, 0xF8, 0x00, 0x00, 0x02, 0xF8, 0x00, 0x00, 0x00, 0xBC, 0x00, 0x00, 0x00, 0x10, 0x00,
    0x00, 0x00, 0x00, 0x07, 0xFF, 0xFF, 0xFD, 0x06, 0xFD, 0x5B, 0xF8, 0x03, 0xF0, 0x01, 0xF0, 0x0F,
    0xC0, 0x03, 0xC0, 0x3F, 0x00, 0x06, 0x00, 0xFC, 0x00, 0x00, 0x03, 0xF0, 0x06, 0x00, 0x0F, 0xC0,
    0x2C, 0x00, 0x3F, 0x56, 0xF0, 0x00, 0xFF, 0xFF, 0xC0, 0x03, 0xF0, 0x1F, 0x00, 0x0F, 0xC0, 0x2C,
    0x00, 0x3F, 0x00, 0x10, 0x00, 0xFC, 0x00, 0x00, 0x03, 0xF0, 0x00, 0x38, 0x0F, 0xC0, 0x00, 0xE0,
    0x3F, 0x00, 0x0B, 0x46, 0xFD, 0x56, 0xFD, 0x7F, 0xFF, 0xFF, 0xF0, 0x00, 0x00, 0x38, 0x00, 0x00,
    0x07, 0xF0, 0x00, 0x00, 0x7F, 0x40, 0x00, 0x07, 0xD0, 0x00, 0x00, 0x10, 0x00, 0x00, 0x00, 0x00,
    0x00, 0x07, 0xFF, 0xFF, 0xFD, 0x06, 0xFD, 0x5B, 0xF8, 0x03, 0xF0, 0x01, 0xF0, 0x0F, 0xC0, 0x03,
    0xC0, 0x3F, 0x00, 0x06, 0x00, 0xFC, 0x00, 0x00, 0x03, 0xF0, 0x06, 0x00, 0x0F, 0xC0, 0x2C, 0x00,
    0x3F, 0x56, 0xF0, 0x00, 0xFF, 0xFF, 0xC0, 0x03, 0xF0, 0x1F, 0x00, 0x0F, 0xC0, 0x2C, 0x00, 0x3F,
    0x00, 0x10, 0x00, 0xFC, 0x00, 0x00, 0x03, 0xF0, 0x00, 0x38, 0x0F, 0xC0, 0x00, 0xE0, 0x3F, 0x00,
    0x0B, 0x46, 0xFD, 0x56, 0xFD, 0x7F, 0xFF, 0xFF, 0xF0, 0x00, 0x00, 0x00, 0x00, 0x00, 0x2F, 0x00,
    0x00, 0x01, 0xFE, 0x00, 0x00, 0x1F, 0xBE, 0x00, 0x01, 0xE0, 0x2E, 0x00, 0x05, 0x00, 0x04, 0x00,
    0x00, 0x00, 0x00, 0x1F, 0xFF, 0xFF, 0xF4, 0x1B, 0xF5, 0x6F, 0xE0, 0x0F, 0xC0, 0x07, 0xC0, 0x3F,
    0x00, 0x0F, 0x00, 0xFC, 0x00, 0x18, 0x03, 0xF0, 0x00, 0x00, 0x0F, 0xC0, 0x18, 0x00, 0x3F, 0x00,
    0xB0, 0x00, 0xFD, 0x5B, 0xC0, 0x03, 0xFF, 0xFF, 0x00, 0x0F, 0xC0, 0x7C, 0x00, 0x3F, 0x00, 0xB0,
    0x00, 0xFC, 0x00, 0x40, 0x03, 0xF0, 0x00, 0x00, 0x0F, 0xC0, 0x00, 0xE0, 0x3F, 0x00, 0x03, 0x80,
    0xFC, 0x00, 0x2D, 0x1B, 0xF5, 0x5B, 0xF5, 0xFF, 0xFF, 0xFF, 0xC0, 0x00, 0x50, 0x14, 0x00, 0x0B,
    0xE0, 0xFC, 0x00, 0x3F, 0x87, 0xF0, 0x00, 0x7C, 0x0B, 0x40, 0x00, 0x00, 0x00, 0x00, 0x00, 0x00,
    0x00, 0x07, 0xFF, 0xFF, 0xFD, 0x06, 0xFD, 0x5B, 0xF8, 0x03, 0xF0, 0x01, 0xF0, 0x0F, 0xC0, 0x03,
    0xC0, 0x3F, 0x00, 0x06, 0x00, 0xFC, 0x00, 0x00, 0x03, 0xF0, 0x06, 0x00, 0x0F, 0xC0, 0x2C, 0x00,
    0x3F, 0x56, 0xF0, 0x00, 0xFF, 0xFF, 0xC0, 0x03, 0xF0, 0x1F, 0x00, 0x0F, 0xC0, 0x2C, 0x00, 0x3F,
    0x00, 0x10, 0x00, 0xFC, 0x00, 0x00, 0x03, 0xF0, 0x00, 0x38, 0x0F, 0xC0, 0x00, 0xE0, 0x3F, 0x00,
    0x0B, 0x46, 0xFD, 0x56, 0xFD, 0x7F, 0xFF, 0xFF, 0xF0, 0x1D, 0x00, 0x0B, 0xD0, 0x00, 0xFE, 0x00,
    0x06, 0xE0, 0x00, 0x04, 0x00, 0x00, 0x07, 0xFF, 0xF4, 0x6F, 0xE4, 0x03, 0xF0, 0x00, 0xFC, 0x00,
    0x3F, 0x00, 0x0F, 0xC0, 0x03, 0xF0, 0x00, 0xFC, 0x00, 0x3F, 0x00, 0x0F, 0xC0, 0x03, 0xF0, 0x00,
    0xFC, 0x00, 0x3F, 0x00, 0x0F, 0xC0, 0x03, 0xF0, 0x00, 0xFC, 0x00, 0x3F, 0x00, 0x6F, 0xE4, 0x7F,
    0xFF, 0x40, 0x00, 0x1D, 0x00, 0x1F, 0x80, 0x2F, 0xC0, 0x2E, 0x40, 0x04, 0x00, 0x00, 0x00, 0x07,
    0xFF, 0xF4, 0x6F, 0xE4, 0x03, 0xF0, 0x00, 0xFC, 0x00, 0x3F, 0x00, 0x0F, 0xC0, 0x03, 0xF0, 0x00,
    0xFC, 0x00, 0x3F, 0x00, 0x0F, 0xC0, 0x03, 0xF0, 0x00, 0xFC, 0x00, 0x3F, 0x00, 0x0F, 0xC0, 0x03,
    0xF0, 0x00, 0xFC, 0x00, 0x3F, 0x00, 0x6F, 0xE4, 0x7F, 0xFF, 0x40, 0x00, 0x00, 0x00, 0xB8, 0x00,
    0xBF, 0x80, 0xBE, 0xF8, 0x78, 0x0B, 0x50, 0x00, 0x10, 0x00, 0x01, 0xFF, 0xFD, 0x1B, 0xF9, 0x00,
    0xFC, 0x00, 0x3F, 0x00, 0x0F, 0xC0, 0x03, 0xF0, 0x00, 0xFC, 0x00, 0x3F, 0x00, 0x0F, 0xC0, 0x03,
    0xF0, 0x00, 0xFC, 0x00, 0x3F, 0x00, 0x0F, 0xC0, 0x03, 0xF0, 0x00, 0xFC, 0x00, 0x3F, 0x00, 0x0F,
    0xC0, 0x1B, 0xF9, 0x1F, 0xFF, 0xD0, 0x14, 0x05, 0x3F, 0x47, 0xFF, 0xD1, 0xFD, 0xE0, 0x2D, 0x00,
    0x00, 0x00, 0x00, 0x07, 0xFF, 0xF4, 0x6F, 0xE4, 0x03, 0xF0, 0x00, 0xFC, 0x00, 0x3F, 0x00, 0x0F,
    0xC0, 0x03, 0xF0, 0x00, 0xFC, 0x00, 0x3F, 0x00, 0x0F, 0xC0, 0x03, 0xF0, 0x00, 0xFC, 0x00, 0x3F,
    0x00, 0x0F, 0xC0, 0x03, 0xF0, 0x00, 0xFC, 0x00, 0x3F, 0x00, 0x6F, 0xE4, 0x7F, 0xFF, 0x40, 0x1F,
    0xFF, 0xFF, 0x90, 0x00, 0x06, 0xFD, 0x5A, 0xFE, 0x00, 0x00, 0xFC, 0x00, 0x2F, 0xC0, 0x00, 0xFC,
    0x00, 0x07, 0xF0, 0x00, 0xFC, 0x00, 0x02, 0xF4, 0x00, 0xFC, 0x00, 0x00, 0xFC, 0x00, 0xFC, 0x00,
    0x00, 0xFC, 0x00, 0xFC, 0x00, 0x00, 0xBD, 0x2A, 0xFE, 0xA9, 0x00, 0xBD, 0x3F, 0xFF, 0xFE, 0x00,
    0xBD, 0x00, 0xFC, 0x00, 0x00, 0xBC, 0x00, 0xFC, 0x00, 0x00, 0xBC, 0x00, 0xFC, 0x00, 0x00, 0xFC,
    0x00, 0xFC, 0x00, 0x00, 0xF4, 0x00, 0xFC, 0x00, 0x02, 0xF0, 0x00, 0xFC, 0x00, 0x07, 0xD0, 0x00,
    0xFC, 0x00, 0x2F, 0x40, 0x06, 0xFE, 0x6B, 0xF8, 0x00, 0x1F, 0xFF, 0xFE, 0x40, 0x00, 0x00, 0x01,
    0x40, 0x00, 0x00, 0x00, 0x07, 0xF9, 0x24, 0x00, 0x00, 0x0F, 0xFF, 0xF0, 0x00, 0x00, 0x04, 0x0B,
    0xD0, 0x00, 0x00, 0x00, 0x00, 0x00, 0x00, 0x00, 0x00, 0x00, 0x00, 0x00, 0x7F, 0xFC, 0x00, 0x2F,
    0xFF, 0x1B, 0xFE, 0x00, 0x07, 0xF9, 0x03, 0xFF, 0x00, 0x01, 0xE0, 0x03, 0xDF, 0x80, 0x01, 0xE0,
    0x03, 0xCF, 0xD0, 0x01, 0xE0, 0x03, 0xC7, 0xF0, 0x01, 0xE0, 0x03, 0xC2, 0xF4, 0x01, 0xE0, 0x03,
    0xC0, 0xFC, 0x01, 0xE0, 0x03, 0xC0, 0x7E, 0x01, 0xE0, 0x03, 0xC0, 0x3F, 0x01, 0xE0, 0x03, 0xC0,
    0x1F, 0xC1, 0xE0, 0x03, 0xC0, 0x0B, 0xD1, 0xE0, 0x03, 0xC0, 0x03, 0xF1, 0xE0, 0x03, 0xC0, 0x02,
    0xF9, 0xE0, 0x03, 0xC0, 0x00, 0xFD, 0xE0, 0x03, 0xC0, 0x00, 0x7F, 0xE0, 0x03, 0xC0, 0x00, 0x2F,
    0xE0, 0x1B, 0xE4, 0x00, 0x0F, 0xE0, 0x7F, 0xFD, 0x00, 0x0B, 0xE0, 0x00, 0x07, 0x00, 0x00, 0x00,
    0x00, 0x3F, 0x40, 0x00, 0x00, 0x00, 0x3F, 0x40, 0x00, 0x00, 0x00, 0x1F, 0x40, 0x00, 0x00, 0x00,
    0x01, 0x00, 0x00, 0x00, 0x01, 0x50, 0x00, 0x00, 0x02, 0xFF, 0xFD, 0x00, 0x00, 0x7F, 0x96, 0xFF,
    0x00, 0x03, 0xE0, 0x00, 0x7F, 0x00, 0x3E, 0x00, 0x00, 0x7E, 0x02, 0xF0, 0x00, 0x00, 0xFD, 0x0F,
    0xC0, 0x00, 0x01, 0xF8, 0x3E, 0x00, 0x00, 0x03, 0xF1, 0xF4, 0x00, 0x00, 0x0F, 0xCB, 0xD0, 0x00,
    0x00, 0x3F, 0x2F, 0x00, 0x00, 0x00, 0xBC, 0xBD, 0x00, 0x00, 0x03, 0xF2, 0xF4, 0x00, 0x00, 0x0F,
    0xC7, 0xE0, 0x00, 0x00, 0x3E, 0x0F, 0xC0, 0x00, 0x01, 0xF4, 0x2F, 0x40, 0x00, 0x0B, 0xC0, 0x3F,
    0x00, 0x00, 0x3D, 0x00, 0x7F, 0x00, 0x03, 0xE0, 0x00, 0x7F, 0xE5, 0xBE, 0x00, 0x00, 0x2F, 0xFF,
    0xD0, 0x00, 0x00, 0x01, 0x50, 0x00, 0x00, 0x00, 0x00, 0x07, 0x00, 0x00, 0x00, 0x00, 0xBD, 0x00,
    0x00, 0x00, 0x0B, 0xE0, 0x00, 0x00, 0x00, 0xB8, 0x00, 0x00, 0x00, 0x01, 0x00, 0x00, 0x00, 0x00,
    0x01, 0x50, 0x00, 0x00, 0x02, 0xFF, 0xFD, 0x00, 0x00, 0x7F, 0x96, 0xFF, 0x00, 0x03, 0xE0, 0x00,
    0x7F, 0x00, 0x3E, 0x00, 0x00, 0x7E, 0x02, 0xF0, 0x00, 0x00, 0xFD, 0x0F, 0xC0, 0x00, 0x01, 0xF8,
    0x3E, 0x00, 0x00, 0x03, 0xF1, 0xF4, 0x00, 0x00, 0x0F, 0xCB, 0xD0, 0x00, 0x00, 0x3F, 0x2F, 0x00,
    0x00, 0x00, 0xBC, 0xBD, 0x00, 0x00, 0x03, 0xF2, 0xF4, 0x00, 0x00, 0x0F, 0xC7, 0xE0, 0x00, 0x00,
    0x3E, 0x0F, 0xC0, 0x00, 0x01, 0xF4, 0x2F, 0x40, 0x00, 0x0B, 0xC0, 0x3F, 0x00, 0x00, 0x3D, 0x00,
    0x7F, 0x00, 0x03, 0xE0, 0x00, 0x7F, 0xE5, 0xBE, 0x00, 0x00, 0x2F, 0xFF, 0xD0, 0x00, 0x00, 0x01,
    0x50, 0x00, 0x00, 0x00, 0x00, 0x00, 0x00, 0x00, 0x00, 0x03, 0xE0, 0x00, 0x00, 0x00, 0x2F, 0xD0,
    0x00, 0x00, 0x02, 0xFB, 0xD0, 0x00, 0x00, 0x2E, 0x02, 0xD0, 0x00, 0x00, 0x40, 0x01, 0x40, 0x00,
    0x00, 0x05, 0x40, 0x00, 0x00, 0x0B, 0xFF, 0xF4, 0x00, 0x01, 0xFE, 0x5B, 0xFC, 0x00, 0x0F, 0x80,
    0x01, 0xFC, 0x00, 0xF8, 0x00, 0x01, 0xF8, 0x0B, 0xC0, 0x00, 0x03, 0xF4, 0x3F, 0x00, 0x00, 0x07,
    0xE0, 0xF8, 0x00, 0x00, 0x0F, 0xC7, 0xD0, 0x00, 0x00, 0x3F, 0x2F, 0x40, 0x00, 0x00, 0xFC, 0xBC,
    0x00, 0x00, 0x02, 0xF2, 0xF4, 0x00, 0x00, 0x0F, 0xCB, 0xD0, 0x00, 0x00, 0x3F, 0x1F, 0x80, 0x00,
    0x00, 0xF8, 0x3F, 0x00, 0x00, 0x07, 0xD0, 0xBD, 0x00, 0x00, 0x2F, 0x00, 0xFC, 0x00, 0x00, 0xF4,
    0x01, 0xFC, 0x00, 0x0F, 0x80, 0x01, 0xFF, 0x96, 0xF8, 0x00, 0x00, 0xBF, 0xFF, 0x40, 0x00, 0x00,
    0x05, 0x40, 0x00, 0x00, 0x00, 0x01, 0x00, 0x00, 0x00, 0x00, 0x7F, 0xD1, 0x80, 0x00, 0x03, 0xFF,
    0xFD, 0x00, 0x00, 0x04, 0x0B, 0xE0, 0x00, 0x00, 0x00, 0x00, 0x00, 0x00, 0x00, 0x01, 0x50, 0x00,
    0x00, 0x02, 0xFF, 0xFD, 0x00, 0x00, 0x7F, 0x96, 0xFF, 0x00, 0x03, 0xE0, 0x00, 0x7F, 0x00, 0x3E,
    0x00, 0x00, 0x7E, 0x02, 0xF0, 0x00, 0x00, 0xFD, 0x0F, 0xC0, 0x00, 0x01, 0xF8, 0x3E, 0x00, 0x00,
    0x03, 0xF1, 0xF4, 0x00, 0x00, 0x0F, 0xCB, 0xD0, 0x00, 0x00, 0x3F, 0x2F, 0x00, 0x00, 0x00, 0xBC,
    0xBD, 0x00, 0x00, 0x03, 0xF2, 0xF4, 0x00, 0x00, 0x0F, 0xC7, 0xE0, 0x00, 0x00, 0x3E, 0x0F, 0xC0,
    0x00, 0x01, 0xF4, 0x2F, 0x40, 0x00, 0x0B, 0xC0, 0x3F, 0x00, 0x00, 0x3D, 0x00, 0x7F, 0x00, 0x03,
    0xE0, 0x00, 0x7F, 0xE5, 0xBE, 0x00, 0x00, 0x2F, 0xFF, 0xD0, 0x00, 0x00, 0x01, 0x50, 0x00, 0x00,
    0x00, 0x04, 0x01, 0x40, 0x00, 0x00, 0xFC, 0x2F, 0x80, 0x00, 0x03, 0xF4, 0xBE, 0x00, 0x00, 0x0B,
    0x80, 0xF0, 0x00, 0x00, 0x00, 0x00, 0x00, 0x00, 0x00, 0x01, 0x50, 0x00, 0x00, 0x02, 0xFF, 0xFD,
    0x00, 0x00, 0x7F, 0x96, 0xFF, 0x00, 0x03, 0xE0, 0x00, 0x7F, 0x00, 0x3E, 0x00, 0x00, 0x7E, 0x02,
    0xF0, 0x00, 0x00, 0xFD, 0x0F, 0xC0, 0x00, 0x01, 0xF8, 0x3E, 0x00, 0x00, 0x03, 0xF1, 0xF4, 0x00,
    0x00, 0x0F, 0xCB, 0xD0, 0x00, 0x00, 0x3F, 0x2F, 0x00, 0x00, 0x00, 0xBC, 0xBD, 0x00, 0x00, 0x03,
    0xF2, 0xF4, 0x00, 0x00, 0x0F, 0xC7, 0xE0, 0x00, 0x00, 0x3E, 0x0F, 0xC0, 0x00, 0x01, 0xF4, 0x2F,
    0x40, 0x00, 0x0B, 0xC0, 0x3F, 0x00, 0x00, 0x3D, 0x00, 0x7F, 0x00, 0x03, 0xE0, 0x00, 0x7F, 0xE5,
    0xBE, 0x00, 0x00, 0x2F, 0xFF, 0xD0, 0x00, 0x00, 0x01, 0x50, 0x00, 0x00, 0x00, 0x00, 0x00, 0x70,
    0x00, 0xD2, 0xF0, 0x0F, 0x01, 0xF0, 0xF0, 0x01, 0xFF, 0x00, 0x02, 0xF4, 0x00, 0x0F, 0xE0, 0x00,
    0xF1, 0xE0, 0x0F, 0x02, 0xF0, 0xF0, 0x02, 0xE0, 0x00, 0x01, 0x00, 0x00, 0x00, 0x54, 0x00, 0x50,
    0x00, 0xBF, 0xFF, 0x47, 0xC0, 0x1F, 0xE5, 0xBF, 0xFC, 0x00, 0xF8, 0x00, 0x1F, 0xD0, 0x0F, 0x80,
    0x00, 0x3F, 0x80, 0xBC, 0x00, 0x02, 0xFF, 0x43, 0xF0, 0x00, 0x1E, 0x7E, 0x0F, 0x80, 0x01, 0xF0,
    0xFC, 0x7D, 0x00, 0x0F, 0x03, 0xF2, 0xF4, 0x00, 0xF0, 0x0F, 0xCB, 0xC0, 0x0F, 0x40, 0x2F, 0x2F,
    0x40, 0xB4, 0x00, 0xFC, 0xBD, 0x07, 0x80, 0x03, 0xF1, 0xF8, 0x7C, 0x00, 0x0F, 0x83, 0xF3, 0xC0,
    0x00, 0x7D, 0x0B, 0xFC, 0x00, 0x02, 0xF0, 0x0F, 0xD0, 0x00, 0x0F, 0x40, 0x2F, 0xC0, 0x00, 0xF8,
    0x01, 0xFF, 0xF9, 0x6F, 0x80, 0x1F, 0x0B, 0xFF, 0xF4, 0x00, 0x50, 0x00, 0x54, 0x00, 0x00, 0x00,
    0x02, 0xC0, 0x00, 0x00, 0x00, 0x03, 0xF4, 0x00, 0x00, 0x00, 0x01, 0xFD, 0x00, 0x00, 0x00, 0x00,
    0x1F, 0x40, 0x00, 0x00, 0x00, 0x01, 0x40, 0x00, 0x00, 0x00, 0x00, 0x00, 0x00, 0xBF, 0xFF, 0x00,
    0x3F, 0xFE, 0x1F, 0xF5, 0x00, 0x1B, 0xF4, 0x07, 0xD0, 0x00, 0x02, 0xD0, 0x07, 0xD0, 0x00, 0x02,
    0xD0, 0x07, 0xD0, 0x00, 0x02, 0xD0, 0x07, 0xD0, 0x00, 0x02, 0xD0, 0x07, 0xD0, 0x00, 0x02, 0xD0,
    0x07, 0xD0, 0x00, 0x02, 0xD0, 0x07, 0xD0, 0x00, 0x02, 0xD0, 0x07, 0xD0, 0x00, 0x02, 0xD0, 0x07,
    0xD0, 0x00, 0x02, 0xD0, 0x07, 0xD0, 0x00, 0x02, 0xD0, 0x03, 0xD0, 0x00, 0x02, 0xC0, 0x03, 0xE0,
    0x00, 0x03, 0xC0, 0x03, 0xF0, 0x00, 0x03, 0xC0, 0x02, 0xF0, 0x00, 0x07, 0x80, 0x00, 0xFC, 0x00,
    0x1F, 0x00, 0x00, 0x7F, 0xAA, 0xFD, 0x00, 0x00, 0x1F, 0xFF, 0xE0, 0x00, 0x00, 0x00, 0x54, 0x00,
    0x00, 0x00, 0x00, 0x02, 0xC0, 0x00, 0x00, 0x00, 0x0B, 0xD0, 0x00, 0x00, 0x00, 0x2F, 0x80, 0x00,
    0x00, 0x00, 0xF8, 0x00, 0x00, 0x00, 0x00, 0x40, 0x00, 0x00, 0x00, 0x00, 0x00, 0x00, 0x00, 0xBF,
    0xFF, 0x00, 0x3F, 0xFE, 0x1F, 0xF5, 0x00, 0x1B, 0xF4, 0x07, 0xD0, 0x00, 0x02, 0xD0, 0x07, 0xD0,
    0x00, 0x02, 0xD0, 0x07, 0xD0, 0x00, 0x02, 0xD0, 0x07, 0xD0, 0x00, 0x02, 0xD0, 0x07, 0xD0, 0x00,
    0x02, 0xD0, 0x07, 0xD0, 0x00, 0x02, 0xD0, 0x07, 0xD0, 0x00, 0x02, 0xD0, 0x07, 0xD0, 0x00, 0x02,
    0xD0, 0x07, 0xD0, 0x00, 0x02, 0xD0, 0x07, 0xD0, 0x00, 0x02, 0xD0, 0x03, 0xD0, 0x00, 0x02, 0xC0,
    0x03, 0xE0, 0x00, 0x03, 0xC0, 0x03, 0xF0, 0x00, 0x03, 0xC0, 0x02, 0xF0, 0x00, 0x07, 0x80, 0x00,
    0xFC, 0x00, 0x1F, 0x00, 0x00, 0x7F, 0xAA, 0xFD, 0x00, 0x00, 0x1F, 0xFF, 0xE0, 0x00, 0x00, 0x00,
    0x54, 0x00, 0x00, 0x00, 0x00, 0x00, 0x00, 0x00, 0x00, 0x00, 0x3D, 0x00, 0x00, 0x00, 0x00, 0xFF,
    0x40, 0x00, 0x00, 0x02, 0xFB, 0xD0, 0x00, 0x00, 0x0B, 0x40, 0xF0, 0x00, 0x00, 0x04, 0x00, 0x10,
    0x00, 0x00, 0x00, 0x00, 0x00, 0x00, 0xBF, 0xFF, 0x00, 0x3F, 0xFE, 0x1F, 0xF5, 0x00, 0x1B, 0xF4,
    0x07, 0xD0, 0x00, 0x02, 0xD0, 0x07, 0xD0, 0x00, 0x02, 0xD0, 0x07, 0xD0, 0x00, 0x02, 0xD0, 0x07,
    0xD0, 0x00, 0x02, 0xD0, 0x07, 0xD0, 0x00, 0x02, 0xD0, 0x07, 0xD0, 0x00, 0x02, 0xD0, 0x07, 0xD0,
    0x00, 0x02, 0xD0, 0x07, 0xD0, 0x00, 0x02, 0xD0, 0x07, 0xD0, 0x00, 0x02, 0xD0, 0x07, 0xD0, 0x00,
    0x02, 0xD0, 0x03, 0xD0, 0x00, 0x02, 0xC0, 0x03, 0xE0, 0x00, 0x03, 0xC0, 0x03, 0xF0, 0x00, 0x03,
    0xC0, 0x02, 0xF0, 0x00, 0x07, 0x80, 0x00, 0xFC, 0x00, 0x1F, 0x00, 0x00, 0x7F, 0xAA, 0xFD, 0x00,
    0x00, 0x1F, 0xFF, 0xE0, 0x00, 0x00, 0x00, 0x54, 0x00, 0x00, 0x00, 0x01, 0x00, 0x50, 0x00, 0x00,
    0x0F, 0xC2, 0xF8, 0x00, 0x00, 0x0F, 0xC2, 0xF8, 0x00, 0x00, 0x0B, 0x80, 0xF0, 0x00, 0x00, 0x00,
    0x00, 0x00, 0x00, 0x00, 0x00, 0x00, 0x00, 0x00, 0xBF, 0xFF, 0x00, 0x3F, 0xFE, 0x1F, 0xF5, 0x00,
    0x1B, 0xF4, 0x07, 0xD0, 0x00, 0x02, 0xD0, 0x07, 0xD0, 0x00, 0x02, 0xD0, 0x07, 0xD0, 0x00, 0x02,
    0xD0, 0x07, 0xD0, 0x00, 0x02, 0xD0, 0x07, 0xD0, 0x00, 0x02, 0xD0, 0x07, 0xD0, 0x00, 0x02, 0xD0,
    0x07, 0xD0, 0x00, 0x02, 0xD0, 0x07, 0xD0, 0x00, 0x02, 0xD0, 0x07, 0xD0, 0x00, 0x02, 0xD0, 0x07,
    0xD0, 0x00, 0x02, 0xD0, 0x03, 0xD0, 0x00, 0x02, 0xC0, 0x03, 0xE0, 0x00, 0x03, 0xC0, 0x03, 0xF0,
    0x00, 0x03, 0xC0, 0x02, 0xF0, 0x00, 0x07, 0x80, 0x00, 0xFC, 0x00, 0x1F, 0x00, 0x00, 0x7F, 0xAA,
    0xFD, 0x00, 0x00, 0x1F, 0xFF, 0xE0, 0x00, 0x00, 0x00, 0x54, 0x00, 0x00, 0x00, 0x00, 0x02, 0xC0,
    0x00, 0x00, 0x00, 0x3F, 0x40, 0x00, 0x00, 0x03, 0xF8, 0x00, 0x00, 0x00, 0x3E, 0x00, 0x00, 0x00,
    0x00, 0x40, 0x00, 0x00, 0x00, 0x00, 0x00, 0x00, 0x07, 0xFF, 0xF0, 0x0B, 0xFF, 0xCB, 0xFE, 0x40,
    0x1B, 0xF9, 0x03, 0xF0, 0x00, 0x0F, 0x00, 0x07, 0xE0, 0x00, 0x78, 0x00, 0x0F, 0xC0, 0x03, 0xC0,
    0x00, 0x0F, 0x80, 0x2D, 0x00, 0x00, 0x2F, 0x40, 0xE0, 0x00, 0x00, 0x3F, 0x0B, 0x00, 0x00, 0x00,
    0x7E, 0x78, 0x00, 0x00, 0x00, 0xBF, 0xC0, 0x00, 0x00, 0x00, 0xFD, 0x00, 0x00, 0x00, 0x02, 0xF0,
    0x00, 0x00, 0x00, 0x0B, 0xC0, 0x00, 0x00, 0x00, 0x2F, 0x00, 0x00, 0x00, 0x00, 0xBC, 0x00, 0x00,
    0x00, 0x02, 0xF0, 0x00, 0x00, 0x00, 0x0F, 0xC0, 0x00, 0x00, 0x01, 0xBF, 0x90, 0x00, 0x00, 0x1F,
    0xFF, 0xD0, 0x00, 0x7F, 0xFF, 0x80, 0x00, 0x6F, 0xE4, 0x00, 0x00, 0x3F, 0x00, 0x00, 0x00, 0xFC,
    0x00, 0x00, 0x03, 0xFF, 0xFE, 0x00, 0x0F, 0xD5, 0xBF, 0x40, 0x3F, 0x00, 0x3F, 0x00, 0xFC, 0x00,
    0xBD, 0x03, 0xF0, 0x01, 0xF8, 0x0F, 0xC0, 0x07, 0xE0, 0x3F, 0x00, 0x1F, 0x40, 0xFC, 0x00, 0xFC,
    0x03, 0xF0, 0x0B, 0xD0, 0x0F, 0xEA, 0xFD, 0x00, 0x3F, 0xFF, 0x40, 0x00, 0xFC, 0x00, 0x00, 0x03,
    0xF0, 0x00, 0x00, 0x6F, 0xE4, 0x00, 0x07, 0xFF, 0xF8, 0x00, 0x00, 0x00, 0x00, 0x00, 0x00, 0x00,
    0x07, 0xFF, 0x80, 0x00, 0x0B, 0xD5, 0xBC, 0x00, 0x0B, 0x80, 0x0F, 0x80, 0x03, 0xC0, 0x02, 0xE0,
    0x01, 0xF0, 0x00, 0xB4, 0x00, 0x7C, 0x00, 0x3C, 0x00, 0x1F, 0x00, 0x2D, 0x00, 0x6F, 0xC0, 0x1E,
    0x00, 0x2F, 0xF0, 0x0F, 0x00, 0x00, 0xBC, 0x0B, 0x80, 0x00, 0x2F, 0x02, 0xF0, 0x00, 0x0B, 0xC0,
    0xBE, 0x00, 0x02, 0xF0, 0x1F, 0xF4, 0x00, 0xBC, 0x01, 0xFF, 0x80, 0x2F, 0x00, 0x0B, 0xFC, 0x0B,
    0xC0, 0x00, 0x2F, 0x42, 0xF0, 0x40, 0x03, 0xE0, 0xBC, 0x38, 0x00, 0xB8, 0x2F, 0x0F, 0x40, 0x3D,
    0x5F, 0xC3, 0xF9, 0x6F, 0x3F, 0xF0, 0xFF, 0xFE, 0x00, 0x00, 0x10, 0x14, 0x00, 0x02, 0x80, 0x00,
    0x00, 0x3E, 0x00, 0x00, 0x02, 0xF4, 0x00, 0x00, 0x07, 0xC0, 0x00, 0x00, 0x0E, 0x00, 0x00, 0x00,
    0x00, 0x00, 0x00, 0x00, 0x00, 0x00, 0x7F, 0xF8, 0x00, 0x2E, 0x57, 0xE0, 0x07, 0xC0, 0x0F, 0x40,
    0x7D, 0x00, 0xF8, 0x02, 0x80, 0x0F, 0x80, 0x00, 0x00, 0xF8, 0x00, 0x05, 0xAF, 0x80, 0x0B, 0xFE,
    0xF8, 0x03, 0xF4, 0x0F, 0x80, 0x7D, 0x00, 0xF8, 0x0B, 0xC0, 0x0F, 0x80, 0xBD, 0x02, 0xF8, 0x03,
    0xFA, 0xFB, 0xE8, 0x1F, 0xFC, 0x3F, 0xC0, 0x14, 0x00, 0x50, 0x00, 0x03, 0x40, 0x00, 0x00, 0xF8,
    0x00, 0x00, 0x3F, 0x40, 0x00, 0x0B, 0xC0, 0x00, 0x00, 0xD0, 0x00, 0x00, 0x00, 0x00, 0x00, 0x00,
    0x00, 0x00, 0x00, 0x7F, 0xF8, 0x00, 0x2E, 0x57, 0xE0, 0x07, 0xC0, 0x0F, 0x40, 0x7D, 0x00, 0xF8,
    0x02, 0x80, 0x0F, 0x80, 0x00, 0x00, 0xF8, 0x00, 0x05, 0xAF, 0x80, 0x0B, 0xFE, 0xF8, 0x03, 0xF4,
    0x0F, 0x80, 0x7D, 0x00, 0xF8, 0x0B, 0xC0, 0x0F, 0x80, 0xBD, 0x02, 0xF8, 0x03, 0xFA, 0xFB, 0xE8,
    0x1F, 0xFC, 0x3F, 0xC0, 0x14, 0x00, 0x50, 0x00, 0x00, 0x00, 0x00, 0x07, 0x80, 0x00, 0x00, 0xFE,
    0x00, 0x00, 0x3F, 0xF4, 0x00, 0x0B, 0x83, 0xC0, 0x00, 0xD0, 0x0E, 0x00, 0x00, 0x00, 0x00, 0x00,
    0x00, 0x00, 0x00, 0x07, 0xFF, 0x80, 0x02, 0xE5, 0x7E, 0x00, 0x7C, 0x00, 0xF4, 0x07, 0xD0, 0x0F,
    0x80, 0x28, 0x00, 0xF8, 0x00, 0x00, 0x0F, 0x80, 0x00, 0x5A, 0xF8, 0x00, 0xBF, 0xEF, 0x80, 0x3F,
    0x40, 0xF8, 0x07, 0xD0, 0x0F, 0x80, 0xBC, 0x00, 0xF8, 0x0B, 0xD0, 0x2F, 0x80, 0x3F, 0xAF, 0xBE,
    0x81, 0xFF, 0xC3, 0xFC, 0x01, 0x40, 0x05, 0x00, 0x00, 0x00, 0x00, 0x00, 0xBE, 0x42, 0x00, 0x1F,
    0xFF, 0xF0, 0x01, 0x42, 0xFC, 0x00, 0x00, 0x00, 0x00, 0x00, 0x00, 0x00, 0x00, 0x00, 0x00, 0x00,
    0x00, 0x7F, 0xF8, 0x00, 0x2E, 0x57, 0xE0, 0x07, 0xC0, 0x0F, 0x40, 0x7D, 0x00, 0xF8, 0x02, 0x80,
    0x0F, 0x80, 0x00, 0x00, 0xF8, 0x00, 0x05, 0xAF, 0x80, 0x0B, 0xFE, 0xF8, 0x03, 0xF4, 0x0F, 0x80,
    0x7D, 0x00, 0xF8, 0x0B, 0xC0, 0x0F, 0x80, 0xBD, 0x02, 0xF8, 0x03, 0xFA, 0xFB, 0xE8, 0x1F, 0xFC,
    0x3F, 0xC0, 0x14, 0x00, 0x50, 0x00, 0x00, 0x00, 0x00, 0xF8, 0x2F, 0x00, 0x1F, 0xC3, 0xF4, 0x00,
    0xF8, 0x2F, 0x00, 0x00, 0x00, 0x00, 0x00, 0x00, 0x00, 0x00, 0x00, 0x00, 0x00, 0x00, 0x7F, 0xF8,
    0x00, 0x2E, 0x57, 0xE0, 0x07, 0xC0, 0x0F, 0x40, 0x7D, 0x00, 0xF8, 0x02, 0x80, 0x0F, 0x80, 0x00,
    0x00, 0xF8, 0x00, 0x05, 0xAF, 0x80, 0x0B, 0xFE, 0xF8, 0x03, 0xF4, 0x0F, 0x80, 0x7D, 0x00, 0xF8,
    0x0B, 0xC0, 0x0F, 0x80, 0xBD, 0x02, 0xF8, 0x03, 0xFA, 0xFB, 0xE8, 0x1F, 0xFC, 0x3F, 0xC0, 0x14,
    0x00, 0x50, 0x00, 0x10, 0x00, 0x00, 0x1F, 0xF0, 0x00, 0x03, 0x87, 0x40, 0x00, 0x34, 0x38, 0x00,
    0x03, 0x87, 0x40, 0x00, 0x1F, 0xE0, 0x00, 0x00, 0x00, 0x00, 0x00, 0x00, 0x00, 0x00, 0x07, 0xFF,
    0x80, 0x02, 0xE5, 0x7E, 0x00, 0x7C, 0x00, 0xF4, 0x07, 0xD0, 0x0F, 0x80, 0x28, 0x00, 0xF8, 0x00,
    0x00, 0x0F, 0x80, 0x00, 0x5A, 0xF8, 0x00, 0xBF, 0xEF, 0x80, 0x3F, 0x40, 0xF8, 0x07, 0xD0, 0x0F,
    0x80, 0xBC, 0x00, 0xF8, 0x0B, 0xD0, 0x2F, 0x80, 0x3F, 0xAF, 0xBE, 0x81, 0xFF, 0xC3, 0xFC, 0x01,
    0x40, 0x05, 0x00, 0x00, 0x00, 0x00, 0x00, 0x00, 0x06, 0xFF, 0x81, 0xFF, 0x90, 0x2E, 0x57, 0xEB,
    0xD6, 0xF4, 0x7C, 0x00, 0xFF, 0x00, 0xBC, 0x7D, 0x00, 0xFC, 0x00, 0x3D, 0x28, 0x00, 0xFC, 0x00,
    0x3E, 0x00, 0x00, 0xFC, 0x00, 0x3D, 0x00, 0x5A, 0xFF, 0xFF, 0xFD, 0x0B, 0xFE, 0xFD, 0x55, 0x54,
    0x3F, 0x40, 0xFC, 0x00, 0x00, 0x7D, 0x00, 0xFC, 0x00, 0x00, 0xBC, 0x00, 0xFE, 0x00, 0x00, 0xBD,
    0x02, 0xFF, 0x40, 0x1D, 0x3F, 0xAF, 0x4F, 0xFA, 0xFC, 0x1F, 0xFD, 0x02, 0xFF, 0xE0, 0x01, 0x40,
    0x00, 0x14, 0x00, 0x00, 0x00, 0x00, 0x00, 0xBF, 0xE0, 0x07, 0xE5, 0xFC, 0x1F, 0x40, 0x3E, 0x3E,
    0x00, 0xBE, 0x7D, 0x00, 0x7D, 0xBC, 0x00, 0x00, 0xBC, 0x00, 0x00, 0xBC, 0x00, 0x00, 0xBC, 0x00,
    0x00, 0x7D, 0x00, 0x00, 0x3F, 0x00, 0x00, 0x2F, 0xC0, 0x0D, 0x0F, 0xFE, 0xFC, 0x02, 0xFF, 0xE0,
    0x00, 0x2D, 0x00, 0x00, 0x39, 0x00, 0x00, 0x2B, 0xC0, 0x00, 0x03, 0xC0, 0x00, 0x97, 0xC0, 0x00,
    0xFF, 0x40, 0x00, 0x00, 0x00, 0x00, 0xD0, 0x00, 0x00, 0x7D, 0x00, 0x00, 0x0F, 0xC0, 0x00, 0x00,
    0xBC, 0x00, 0x00, 0x07, 0x40, 0x00, 0x00, 0x00, 0x00, 0x00, 0x00, 0x00, 0x02, 0xFF, 0x40, 0x07,
    0xE5, 0xF8, 0x07, 0xC0, 0x0F, 0x43, 0xE0, 0x03, 0xE1, 0xF0, 0x00, 0xBC, 0xBC, 0x00, 0x3F, 0x2F,
    0xFF, 0xFF, 0x8B, 0xD5, 0x55, 0x42, 0xF0, 0x00, 0x00, 0x7D, 0x00, 0x00, 0x0F, 0xC0, 0x00, 0x02,
    0xF8, 0x00, 0xE0, 0x3F, 0xEB, 0xF4, 0x02, 0xFF, 0xE0, 0x00, 0x01, 0x40, 0x00, 0x00, 0x01, 0xC0,
    0x00, 0x00, 0xF8, 0x00, 0x00, 0xFC, 0x00, 0x00, 0xB8, 0x00, 0x00, 0x74, 0x00, 0x00, 0x00, 0x00,
    0x00, 0x00, 0x00, 0x00, 0x02, 0xFF, 0x40, 0x07, 0xE5, 0xF8, 0x07, 0xC0, 0x0F, 0x43, 0xE0, 0x03,
    0xE1, 0xF0, 0x00, 0xBC, 0xBC, 0x00, 0x3F, 0x2F, 0xFF, 0xFF, 0x8B, 0xD5, 0x55, 0x42, 0xF0, 0x00,
    0x00, 0x7D, 0x00, 0x00, 0x0F, 0xC0, 0x00, 0x02, 0xF8, 0x00, 0xE0, 0x3F, 0xEB, 0xF4, 0x02, 0xFF,
    0xE0, 0x00, 0x01, 0x40, 0x00, 0x00, 0x00, 0x00, 0x00, 0x07, 0x80, 0x00, 0x03, 0xF4, 0x00, 0x03,
    0xFF, 0x00, 0x02, 0xD1, 0xF0, 0x01, 0xD0, 0x0D, 0x00, 0x00, 0x00, 0x00, 0x00, 0x00, 0x00, 0x00,
    0xBF, 0xD0, 0x01, 0xF9, 0x7E, 0x01, 0xF0, 0x03, 0xD0, 0xF8, 0x00, 0xF8, 0x7C, 0x00, 0x2F, 0x2F,
    0x00, 0x0F, 0xCB, 0xFF, 0xFF, 0xE2, 0xF5, 0x55, 0x50, 0xBC, 0x00, 0x00, 0x1F, 0x40, 0x00, 0x03,
    0xF0, 0x00, 0x00, 0xBE, 0x00, 0x38, 0x0F, 0xFA, 0xFD, 0x00, 0xBF, 0xF8, 0x00, 0x00, 0x50, 0x00,
    0x00, 0x00, 0x00, 0x01, 0xF4, 0x3F, 0x00, 0xBF, 0x0F, 0xC0, 0x1F, 0x43, 0xF0, 0x00, 0x00, 0x00,
    0x00, 0x00, 0x00, 0x00, 0x00, 0x00, 0x00, 0x02, 0xFF, 0x40, 0x07, 0xE5, 0xF8, 0x07, 0xC0, 0x0F,
    0x43, 0xE0, 0x03, 0xE1, 0xF0, 0x00, 0xBC, 0xBC, 0x00, 0x3F, 0x2F, 0xFF, 0xFF, 0x8B, 0xD5, 0x55,
    0x42, 0xF0, 0x00, 0x00, 0x7D, 0x00, 0x00, 0x0F, 0xC0, 0x00, 0x02, 0xF8, 0x00, 0xE0, 0x3F, 0xEB,
    0xF4, 0x02, 0xFF, 0xE0, 0x00, 0x01, 0x40, 0x00, 0x28, 0x00, 0x0F, 0x80, 0x02, 0xF4, 0x00, 0x1F,
    0x00, 0x00, 0xE0, 0x00, 0x00, 0x00, 0x00, 0x00, 0x6B, 0xC0, 0x2F, 0xF0, 0x00, 0xBC, 0x00, 0x2F,
    0x00, 0x0B, 0xC0, 0x02, 0xF0, 0x00, 0xBC, 0x00, 0x2F, 0x00, 0x0B, 0xC0, 0x02, 0xF0, 0x00, 0xBC,
    0x00, 0x2F, 0x00, 0x6F, 0xE4, 0x3F, 0xFF, 0x40, 0x00, 0xD0, 0x03, 0xF0, 0x0B, 0xD0, 0x2F, 0x00,
    0x34, 0x00, 0x00, 0x00, 0x00, 0x00, 0x6B, 0xC0, 0xBF, 0xC0, 0x0B, 0xC0, 0x0B, 0xC0, 0x0B, 0xC0,
    0x0B, 0xC0, 0x0B, 0xC0, 0x0B, 0xC0, 0x0B, 0xC0, 0x0B, 0xC0, 0x0B, 0xC0, 0x0B, 0xC0, 0x6F, 0xE4,
    0xFF, 0xFD, 0x00, 0x00, 0x00, 0x1E, 0x00, 0x03, 0xF8, 0x00, 0xBF, 0xD0, 0x2E, 0x0F, 0x03, 0x40,
    0x38, 0x00, 0x00, 0x00, 0x00, 0x00, 0x06, 0xBC, 0x00, 0xBF, 0xC0, 0x00, 0xBC, 0x00, 0x0B, 0xC0,
    0x00, 0xBC, 0x00, 0x0B, 0xC0, 0x00, 0xBC, 0x00, 0x0B, 0xC0, 0x00, 0xBC, 0x00, 0x0B, 0xC0, 0x00,
    0xBC, 0x00, 0x0B, 0xC0, 0x06, 0xFE, 0x40, 0xFF, 0xFD, 0x00, 0x00, 0x03, 0xE0, 0xBC, 0x7F, 0x0F,
    0xD3, 0xE0, 0xBC, 0x00, 0x00, 0x00, 0x00, 0x00, 0x00, 0x00, 0x00, 0x6B, 0xC0, 0x0B, 0xFC, 0x00,
    0x0B, 0xC0, 0x00, 0xBC, 0x00, 0x0B, 0xC0, 0x00, 0xBC, 0x00, 0x0B, 0xC0, 0x00, 0xBC, 0x00, 0x0B,
    0xC0, 0x00, 0xBC, 0x00, 0x0B, 0xC0, 0x00, 0xBC, 0x00, 0x6F, 0xE4, 0x0F, 0xFF, 0xD0, 0x00, 0x00,
    0x00, 0x00, 0x3A, 0x40, 0xB0, 0x01, 0xBF, 0xBD, 0x00, 0x00, 0x7F, 0x40, 0x00, 0x0B, 0xFC, 0x00,
    0x02, 0xD3, 0xE0, 0x00, 0x10, 0x2F, 0x00, 0x00, 0x00, 0xF8, 0x00, 0x15, 0x0F, 0xC0, 0x2F, 0xFD,
    0xBC, 0x0F, 0xD5, 0xBB, 0xD3, 0xF0, 0x01, 0xFD, 0x3E, 0x00, 0x0F, 0xDB, 0xC0, 0x00, 0xBD, 0xBC,
    0x00, 0x07, 0xDB, 0xC0, 0x00, 0x7C, 0xBC, 0x00, 0x0B, 0xCB, 0xD0, 0x00, 0xB8, 0x7E, 0x00, 0x0F,
    0x43, 0xF0, 0x02, 0xF0, 0x0F, 0xE5, 0xBC, 0x00, 0x2F, 0xFE, 0x00, 0x00, 0x15, 0x00, 0x00, 0x00,
    0x00, 0x00, 0x00, 0x00, 0x0F, 0xD0, 0x40, 0x00, 0x0F, 0xFF, 0xF0, 0x00, 0x02, 0x07, 0xF8, 0x00,
    0x00, 0x00, 0x00, 0x00, 0x00, 0x00, 0x00, 0x00, 0x00, 0x00, 0x00, 0x00, 0x01, 0xBD, 0x0B, 0xF8,
    0x00, 0xBF, 0x9F, 0xFF, 0xC0, 0x02, 0xFD, 0x01, 0xF8, 0x00, 0xBE, 0x00, 0x3F, 0x00, 0x2F, 0x00,
    0x0B, 0xC0, 0x0B, 0xC0, 0x02, 0xF0, 0x02, 0xF0, 0x00, 0xBC, 0x00, 0xBC, 0x00, 0x2F, 0x00, 0x2F,
    0x00, 0x0B, 0xC0, 0x0B, 0xC0, 0x02, 0xF0, 0x02, 0xF0, 0x00, 0xBC, 0x00, 0xBC, 0x00, 0x2F, 0x00,
    0x7F, 0x90, 0x1F, 0xE4, 0xBF, 0xFC, 0x2F, 0xFF, 0x00, 0x00, 0xB0, 0x00, 0x00, 0x0F, 0x80, 0x00,
    0x00, 0xBD, 0x00, 0x00, 0x01, 0xF0, 0x00, 0x00, 0x02, 0xC0, 0x00, 0x00, 0x00, 0x00, 0x00, 0x00,
    0x00, 0x00, 0x0B, 0xFE, 0x40, 0x07, 0xEA, 0xFE, 0x01, 0xF4, 0x02, 0xF4, 0x3E, 0x00, 0x0F, 0xC7,
    0xC0, 0x00, 0xBD, 0xBC, 0x00, 0x07, 0xDB, 0xC0, 0x00, 0x3E, 0xBC, 0x00, 0x03, 0xEB, 0xC0, 0x00,
    0x3D, 0xBD, 0x00, 0x07, 0xC3, 0xF0, 0x00, 0xBC, 0x2F, 0x40, 0x0F, 0x40, 0xFE, 0x5B, 0xE0, 0x02,
    0xFF, 0xF4, 0x00, 0x00, 0x50, 0x00, 0x00, 0x00, 0xE0, 0x00, 0x00, 0x3F, 0x00, 0x00, 0x0B, 0xE0,
    0x00, 0x01, 0xF4, 0x00, 0x00, 0x38, 0x00, 0x00, 0x00, 0x00, 0x00, 0x00, 0x00, 0x00, 0x00, 0x0B,
    0xFE, 0x40, 0x07, 0xEA, 0xFE, 0x01, 0xF4, 0x02, 0xF4, 0x3E, 0x00, 0x0F, 0xC7, 0xC0, 0x00, 0xBD,
    0xBC, 0x00, 0x07, 0xDB, 0xC0, 0x00, 0x3E, 0xBC, 0x00, 0x03, 0xEB, 0xC0, 0x00, 0x3D, 0xBD, 0x00,
    0x07, 0xC3, 0xF0, 0x00, 0xBC, 0x2F, 0x40, 0x0F, 0x40, 0xFE, 0x5B, 0xE0, 0x02, 0xFF, 0xF4, 0x00,
    0x00, 0x50, 0x00, 0x00, 0x00, 0x00, 0x00, 0x00, 0xF0, 0x00, 0x00, 0x3F, 0x80, 0x00, 0x0B, 0xFE,
    0x00, 0x01, 0xF0, 0xF4, 0x00, 0x38, 0x02, 0xC0, 0x00, 0x00, 0x00, 0x00, 0x00, 0x00, 0x00, 0x00,
    0xBF, 0xE4, 0x00, 0x7E, 0xAF, 0xE0, 0x1F, 0x40, 0x2F, 0x43, 0xE0, 0x00, 0xFC, 0x7C, 0x00, 0x0B,
    0xDB, 0xC0, 0x00, 0x7D, 0xBC, 0x00, 0x03, 0xEB, 0xC0, 0x00, 0x3E, 0xBC, 0x00, 0x03, 0xDB, 0xD0,
    0x00, 0x7C, 0x3F, 0x00, 0x0B, 0xC2, 0xF4, 0x00, 0xF4, 0x0F, 0xE5, 0xBE, 0x00, 0x2F, 0xFF, 0x40,
    0x00, 0x05, 0x00, 0x00, 0x00, 0x00, 0x00, 0x00, 0x1F, 0xD0, 0x80, 0x03, 0xFF, 0xFC, 0x00, 0x20,
    0xBF, 0x40, 0x00, 0x00, 0x00, 0x00, 0x00, 0x00, 0x00, 0x00, 0x00, 0x00, 0x00, 0x0B, 0xFE, 0x40,
    0x07, 0xEA, 0xFE, 0x01, 0xF4, 0x02, 0xF4, 0x3E, 0x00, 0x0F, 0xC7, 0xC0, 0x00, 0xBD, 0xBC, 0x00,
    0x07, 0xDB, 0xC0, 0x00, 0x3E, 0xBC, 0x00, 0x03, 0xEB, 0xC0, 0x00, 0x3D, 0xBD, 0x00, 0x07, 0xC3,
    0xF0, 0x00, 0xBC, 0x2F, 0x40, 0x0F, 0x40, 0xFE, 0x5B, 0xE0, 0x02, 0xFF, 0xF4, 0x00, 0x00, 0x50,
    0x00, 0x00, 0x00, 0x00, 0x00, 0x3F, 0x07, 0xD0, 0x03, 0xF0, 0xFE, 0x00, 0x3F, 0x07, 0xD0, 0x00,
    0x00, 0x00, 0x00, 0x00, 0x00, 0x00, 0x00, 0x00, 0x00, 0x00, 0x0B, 0xFE, 0x40, 0x07, 0xEA, 0xFE,
    0x01, 0xF4, 0x02, 0xF4, 0x3E, 0x00, 0x0F, 0xC7, 0xC0, 0x00, 0xBD, 0xBC, 0x00, 0x07, 0xDB, 0xC0,
    0x00, 0x3E, 0xBC, 0x00, 0x03, 0xEB, 0xC0, 0x00, 0x3D, 0xBD, 0x00, 0x07, 0xC3, 0xF0, 0x00, 0xBC,
    0x2F, 0x40, 0x0F, 0x40, 0xFE, 0x5B, 0xE0, 0x02, 0xFF, 0xF4, 0x00, 0x00, 0x50, 0x00, 0x00, 0x00,
    0x00, 0x00, 0x7C, 0x00, 0x00, 0xFE, 0x00, 0x00, 0xBD, 0x00, 0x00, 0x00, 0x00, 0x00, 0x00, 0x00,
    0xFF, 0xFF, 0xFE, 0x6A, 0xAA, 0xA9, 0x00, 0x00, 0x00, 0x00, 0x28, 0x00, 0x00, 0xFE, 0x00, 0x00,
    0xFD, 0x00, 0x00, 0x24, 0x00, 0x00, 0x00, 0x00, 0x00, 0x00, 0x02, 0xFF, 0x9B, 0x80, 0x07, 0xEA,
    0xFF, 0x80, 0x07, 0xD0, 0x0F, 0xD0, 0x03, 0xE0, 0x07, 0xFC, 0x01, 0xF0, 0x03, 0xEF, 0x40, 0xBC,
    0x03, 0xC7, 0xE0, 0x2F, 0x03, 0xC0, 0xF8, 0x0B, 0xC3, 0xC0, 0x3E, 0x02, 0xF3, 0xD0, 0x0F, 0x40,
    0xBF, 0xD0, 0x07, 0xC0, 0x0F, 0xD0, 0x02, 0xF0, 0x03, 0xF4, 0x00, 0xF4, 0x01, 0xFF, 0x96, 0xF8,
    0x01, 0xE2, 0xFF, 0xF4, 0x00, 0x50, 0x05, 0x40, 0x00, 0x00, 0x1C, 0x00, 0x00, 0x00, 0x0F, 0xC0,
    0x00, 0x00, 0x01, 0xF8, 0x00, 0x00, 0x00, 0x1F, 0x40, 0x00, 0x00, 0x00, 0xB0, 0x00, 0x00, 0x00,
    0x00, 0x00, 0x00, 0x00, 0x00, 0x00, 0x00, 0xAF, 0x40, 0x2F, 0xC0, 0x3F, 0xD0, 0x1F, 0xF0, 0x01,
    0xF4, 0x00, 0xBC, 0x00, 0x3D, 0x00, 0x1F, 0x00, 0x0F, 0x40, 0x07, 0xC0, 0x03, 0xD0, 0x01, 0xF0,
    0x00, 0xF4, 0x00, 0x7C, 0x00, 0x3D, 0x00, 0x1F, 0x00, 0x0F, 0x40, 0x07, 0xC0, 0x03, 0xD0, 0x01,
    0xF0, 0x00, 0xF4, 0x00, 0xFC, 0x00, 0x3F, 0x00, 0xBF, 0x00, 0x0B, 0xFA, 0xF7, 0xE4, 0x00, 0xBF,
    0xF0, 0xFF, 0x40, 0x01, 0x40, 0x00, 0x00, 0x00, 0x00, 0x28, 0x00, 0x00, 0x00, 0x2F, 0x00, 0x00,
    0x00, 0x1F, 0x80, 0x00, 0x00, 0x0F, 0x40, 0x00, 0x00, 0x0E, 0x00, 0x00, 0x00, 0x00, 0x00, 0x00,
    0x00, 0x00, 0x00, 0x00, 0x00, 0xAF, 0x40, 0x2F, 0xC0, 0x3F, 0xD0, 0x1F, 0xF0, 0x01, 0xF4, 0x00,
    0xBC, 0x00, 0x3D, 0x00, 0x1F, 0x00, 0x0F, 0x40, 0x07, 0xC0, 0x03, 0xD0, 0x01, 0xF0, 0x00, 0xF4,
    0x00, 0x7C, 0x00, 0x3D, 0x00, 0x1F, 0x00, 0x0F, 0x40, 0x07, 0xC0, 0x03, 0xD0, 0x01, 0xF0, 0x00,
    0xF4, 0x00, 0xFC, 0x00, 0x3F, 0x00, 0xBF, 0x00, 0x0B, 0xFA, 0xF7, 0xE4, 0x00, 0xBF, 0xF0, 0xFF,
    0x40, 0x01, 0x40, 0x00, 0x00, 0x00, 0x00, 0x00, 0x00, 0x00, 0x00, 0xF0, 0x00, 0x00, 0x00, 0xBF,
    0x00, 0x00, 0x00, 0x7F, 0xE0, 0x00, 0x00, 0x3C, 0x2D, 0x00, 0x00, 0x38, 0x02, 0xC0, 0x00, 0x00,
    0x00, 0x00, 0x00, 0x00, 0x00, 0x00, 0x00, 0x2B, 0xD0, 0x0B, 0xF0, 0x0F, 0xF4, 0x07, 0xFC, 0x00,
    0x7D, 0x00, 0x2F, 0x00, 0x0F, 0x40, 0x07, 0xC0, 0x03, 0xD0, 0x01, 0xF0, 0x00, 0xF4, 0x00, 0x7C,
    0x00, 0x3D, 0x00, 0x1F, 0x00, 0x0F, 0x40, 0x07, 0xC0, 0x03, 0xD0, 0x01, 0xF0, 0x00, 0xF4, 0x00,
    0x7C, 0x00, 0x3D, 0x00, 0x3F, 0x00, 0x0F, 0xC0, 0x2F, 0xC0, 0x02, 0xFE, 0xBD, 0xF9, 0x00, 0x2F,
    0xFC, 0x3F, 0xD0, 0x00, 0x50, 0x00, 0x00, 0x00, 0x00, 0x00, 0x00, 0x00, 0x2F, 0x07, 0xD0, 0x00,
    0x0F, 0xD2, 0xF8, 0x00, 0x03, 0xF0, 0x7D, 0x00, 0x00, 0x00, 0x00, 0x00, 0x00, 0x00, 0x00, 0x00,
    0x00, 0x00, 0x00, 0x00, 0x00, 0xAF, 0x40, 0x2F, 0xC0, 0x3F, 0xD0, 0x1F, 0xF0, 0x01, 0xF4, 0x00,
    0xBC, 0x00, 0x3D, 0x00, 0x1F, 0x00, 0x0F, 0x40, 0x07, 0xC0, 0x03, 0xD0, 0x01, 0xF0, 0x00, 0xF4,
    0x00, 0x7C, 0x00, 0x3D, 0x00, 0x1F, 0x00, 0x0F, 0x40, 0x07, 0xC0, 0x03, 0xD0, 0x01, 0xF0, 0x00,
    0xF4, 0x00, 0xFC, 0x00, 0x3F, 0x00, 0xBF, 0x00, 0x0B, 0xFA, 0xF7, 0xE4, 0x00, 0xBF, 0xF0, 0xFF,
    0x40, 0x01, 0x40, 0x00, 0x00, 0x00, 0x00, 0x2C, 0x00, 0x00, 0x00, 0x7D, 0x00, 0x00, 0x00, 0xFC,
    0x00, 0x00, 0x03, 0xE0, 0x00, 0x00, 0x0B, 0x00, 0x00, 0x00, 0x00, 0x00, 0x00, 0x00, 0x00, 0x00,
    0x00, 0x6A, 0xA8, 0x0A, 0xA9, 0x7F, 0xF8, 0x0B, 0xFD, 0x0F, 0xC0, 0x01, 0xE0, 0x07, 0xD0, 0x02,
    0xC0, 0x03, 0xF0, 0x03, 0x80, 0x02, 0xF0, 0x07, 0x40, 0x00, 0xF8, 0x0F, 0x00, 0x00, 0xBC, 0x1D,
    0x00, 0x00, 0x7D, 0x2C, 0x00, 0x00, 0x3F, 0x38, 0x00, 0x00, 0x1F, 0xB0, 0x00, 0x00, 0x0F, 0xE0,
    0x00, 0x00, 0x0B, 0xD0, 0x00, 0x00, 0x03, 0xC0, 0x00, 0x00, 0x07, 0x40, 0x00, 0x00, 0x0B, 0x00,
    0x00, 0x28, 0x0E, 0x00, 0x00, 0xBD, 0x2C, 0x00, 0x00, 0xBE, 0xB4, 0x00, 0x00, 0x3F, 0xD0, 0x00,
    0x00, 0x00, 0x00, 0x00, 0x00, 0x6A, 0x80, 0x00, 0x02, 0xFF, 0x00, 0x00, 0x00, 0xBC, 0x00, 0x00,
    0x01, 0xF0, 0x00, 0x00, 0x07, 0xC0, 0x00, 0x00, 0x1F, 0x00, 0x00, 0x00, 0x7C, 0x00, 0x00, 0x01,
    0xF0, 0xBF, 0xD0, 0x07, 0xDF, 0xFF, 0xD0, 0x1F, 0xE0, 0x0F, 0xC0, 0x7E, 0x00, 0x1F, 0x81, 0xF4,
    0x00, 0x3F, 0x07, 0xC0, 0x00, 0xFC, 0x1F, 0x00, 0x02, 0xF0, 0x7C, 0x00, 0x0B, 0xC1, 0xF0, 0x00,
    0x3F, 0x07, 0xC0, 0x00, 0xF8, 0x1F, 0x00, 0x07, 0xD0, 0x7D, 0x00, 0x3F, 0x01, 0xFF, 0x9B, 0xF0,
    0x07, 0xEF, 0xFE, 0x00, 0x1F, 0x01, 0x00, 0x00, 0x7C, 0x00, 0x00, 0x01, 0xF0, 0x00, 0x00, 0x07,
    0xC0, 0x00, 0x00, 0xBF, 0xE0, 0x00, 0x07, 0xFF, 0xE0, 0x00, 0x00, 0x00, 0x00, 0x00, 0x00, 0x00,
    0x7D, 0x0F, 0x80, 0x00, 0xFE, 0x1F, 0xC0, 0x00, 0x7D, 0x0F, 0x80, 0x00, 0x00, 0x00, 0x00, 0x00,
    0x00, 0x00, 0x00, 0x00, 0x00, 0x00, 0x00, 0x6A, 0xA8, 0x0A, 0xA9, 0x7F, 0xF8, 0x0B, 0xFD, 0x0F,
    0xC0, 0x01, 0xE0, 0x07, 0xD0, 0x02, 0xC0, 0x03, 0xF0, 0x03, 0x80, 0x02, 0xF0, 0x07, 0x40, 0x00,
    0xF8, 0x0F, 0x00, 0x00, 0xBC, 0x1D, 0x00, 0x00, 0x7D, 0x2C, 0x00, 0x00, 0x3F, 0x38, 0x00, 0x00,
    0x1F, 0xB0, 0x00, 0x00, 0x0F, 0xE0, 0x00, 0x00, 0x0B, 0xD0, 0x00, 0x00, 0x03, 0xC0, 0x00, 0x00,
    0x07, 0x40, 0x00, 0x00, 0x0B, 0x00, 0x00, 0x28, 0x0E, 0x00, 0x00, 0xBD, 0x2C, 0x00, 0x00, 0xBE,
    0xB4, 0x00, 0x00, 0x3F, 0xD0, 0x00, 0x00, 0x00, 0x00, 0x00, 0x00, 0x00, 0x00, 0x00, 0x00, 0x00,
    0x00, 0x0C, 0x00, 0x34, 0x00, 0x00, 0x0E, 0x00, 0xB0, 0x00, 0x00, 0x0B, 0xEB, 0xE0, 0x00, 0x00,
    0x02, 0xFF, 0x80, 0x00, 0x00, 0x00, 0x69, 0x00, 0x00, 0x00, 0x00, 0x00, 0x00, 0x00, 0x00, 0x00,
    0xBE, 0x00, 0x00, 0x00, 0x00, 0xFF, 0x00, 0x00, 0x00, 0x00, 0xEF, 0x40, 0x00, 0x00, 0x02, 0xCF,
    0x80, 0x00, 0x00, 0x03, 0x8B, 0xC0, 0x00, 0x00, 0x07, 0x47, 0xD0, 0x00, 0x00, 0x0B, 0x03, 0xF0,
    0x00, 0x00, 0x0E, 0x02, 0xF0, 0x00, 0x00, 0x1D, 0x01, 0xF4, 0x00, 0x00, 0x2C, 0x00, 0xFC, 0x00,
    0x00, 0x38, 0x00, 0xBC, 0x00, 0x00, 0x7F, 0xFF, 0xFE, 0x00, 0x00, 0xFF, 0xFF, 0xFF, 0x00, 0x00,
    0xE0, 0x00, 0x2F, 0x00, 0x02, 0xD0, 0x00, 0x1F, 0x80, 0x03, 0xC0, 0x00, 0x0F, 0xC0, 0x07, 0x80,
    0x00, 0x0B, 0xD0, 0x1F, 0xD4, 0x00, 0x1F, 0xF8, 0xBF, 0xFC, 0x00, 0xFF, 0xFD, 0x6B, 0xC0, 0xBF,
    0xC0, 0x0B, 0xC0, 0x0B, 0xC0, 0x0B, 0xC0, 0x0B, 0xC0, 0x0B, 0xC0, 0x0B, 0xC0, 0x0B, 0xC0, 0x0B,
    0xC0, 0x0B, 0xC0, 0x0B, 0xC0, 0x6F, 0xE4, 0xFF, 0xFD, 0x00, 0x00, 0x50, 0x00, 0x00, 0x00, 0x00,
    0x00, 0xBF, 0xFE, 0x0B, 0xFF, 0xFF, 0x40, 0x1F, 0xE5, 0xBF, 0x6F, 0x56, 0xFE, 0x01, 0xF8, 0x00,
    0x1F, 0xFC, 0x00, 0x7C, 0x0F, 0x80, 0x00, 0x1F, 0xF0, 0x00, 0xF0, 0xBC, 0x00, 0x00, 0x3F, 0xC0,
    0x01, 0x83, 0xF0, 0x00, 0x00, 0x7F, 0x00, 0x00, 0x0F, 0x80, 0x00, 0x00, 0xFC, 0x01, 0x80, 0x7D,
    0x00, 0x00, 0x03, 0xF0, 0x0B, 0x02, 0xF4, 0x00, 0x00, 0x0F, 0xD5, 0xBC, 0x0B, 0xC0, 0x00, 0x00,
    0x2F, 0xFF, 0xF0, 0x2F, 0x40, 0x00, 0x00, 0xFC, 0x07, 0xC0, 0xBD, 0x00, 0x00, 0x03, 0xF0, 0x0B,
    0x01, 0xF8, 0x00, 0x00, 0x0F, 0xC0, 0x04, 0x03, 0xF0, 0x00, 0x00, 0x7F, 0x00, 0x00, 0x0B, 0xD0,
    0x00, 0x02, 0xFC, 0x00, 0x0E, 0x0F, 0xC0, 0x00, 0x0F, 0xF0, 0x00, 0x38, 0x1F, 0xC0, 0x00, 0xFF,
    0xC0, 0x02, 0xD0, 0x1F, 0xF9, 0x6F, 0x6F, 0x55, 0xBF, 0x40, 0x0B, 0xFF, 0xE0, 0xBF, 0xFF, 0xFC,
    0x00, 0x00, 0x54, 0x00, 0x00, 0x00, 0x00, 0x00, 0x00, 0x00, 0x00, 0x00, 0x00, 0x02, 0xFF, 0x80,
    0x1F, 0xF8, 0x00, 0x7E, 0xAF, 0xD3, 0xF5, 0xBC, 0x07, 0xD0, 0x0B, 0xFE, 0x00, 0xBC, 0x3E, 0x00,
    0x0F, 0xF0, 0x00, 0xF1, 0xF0, 0x00, 0x2F, 0xC0, 0x03, 0xDB, 0xC0, 0x00, 0x7F, 0x00, 0x1F, 0x6F,
    0x00, 0x00, 0xFF, 0xFF, 0xFC, 0xBC, 0x00, 0x03, 0xE5, 0x55, 0x52, 0xF0, 0x00, 0x0F, 0x80, 0x00,
    0x07, 0xD0, 0x00, 0x7F, 0x00, 0x00, 0x0F, 0xC0, 0x02, 0xFD, 0x00, 0x00, 0x2F, 0x40, 0x0F, 0xFD,
    0x00, 0x70, 0x3F, 0x96, 0xF5, 0xFF, 0xAF, 0x80, 0x2F, 0xFF, 0x00, 0xFF, 0xF4, 0x00, 0x01, 0x40,
    0x00, 0x14, 0x00, 0x2C, 0x00, 0xFC, 0x01, 0xF8, 0x01, 0xF4, 0x00, 0xB0, 0x00, 0x00, 0x01, 0xC0,
    0x7D, 0x0F, 0xC3, 0xE0, 0x74, 0x00, 0x00, 0x00, 0x00, 0x01, 0xFD, 0x08, 0x3F, 0xFF, 0xC2, 0x0B,
    0xF4, 0x00, 0x00, 0x00, 0x00, 0x00, 0xFF, 0xFF, 0xBF, 0xFE, 0x00, 0x00, 0x03, 0xE0, 0xBC, 0x7F,
    0x0F, 0xD3, 0xE0, 0xBC, 0x00, 0x00, 0x00, 0x0B, 0xE0, 0x3D, 0x7C, 0x3C, 0x3C, 0x00, 0xB8, 0x02,
    0xF0, 0x03, 0xC0, 0x01, 0x40, 0x3D, 0xBF, 0xBE, 0x18, 0x00, 0x50, 0x14, 0x00, 0x0B, 0xE0, 0xFC,
    0x00, 0x3F, 0x87, 0xF0, 0x00, 0x7C, 0x0B, 0x40, 0x00, 0x00, 0x00, 0x00, 0x00, 0x00, 0x00, 0x07,
    0xFF, 0xFF, 0xFD, 0x06, 0xFD, 0x5B, 0xF8, 0x03, 0xF0, 0x01, 0xF0, 0x0F, 0xC0, 0x03, 0xC0, 0x3F,
    0x00, 0x06, 0x00, 0xFC, 0x00, 0x00, 0x03, 0xF0, 0x06, 0x00, 0x0F, 0xC0, 0x2C, 0x00, 0x3F, 0x56,
    0xF0, 0x00, 0xFF, 0xFF, 0xC0, 0x03, 0xF0, 0x1F, 0x00, 0x0F, 0xC0, 0x2C, 0x00, 0x3F, 0x00, 0x10,
    0x00, 0xFC, 0x00, 0x00, 0x03, 0xF0, 0x00, 0x38, 0x0F, 0xC0, 0x00, 0xE0, 0x3F, 0x00, 0x0B, 0x46,
    0xFD, 0x56, 0xFD, 0x7F, 0xFF, 0xFF, 0xF0, 0x3F, 0xFF, 0xFF, 0xFF, 0xE0, 0x03, 0xFA, 0x7F, 0x56,
    0xFF, 0x00, 0x3D, 0x03, 0xE0, 0x01, 0xF0, 0x07, 0x80, 0x3E, 0x00, 0x0F, 0x00, 0xB0, 0x03, 0xE0,
    0x00, 0x74, 0x06, 0x00, 0x3E, 0x00, 0x02, 0x40, 0x00, 0x03, 0xE0, 0x00, 0x00, 0x00, 0x00, 0x3E,
    0x00, 0x10, 0x00, 0x00, 0x03, 0xE1, 0xFF, 0xF8, 0x00, 0x00, 0x3F, 0xFE, 0xAF, 0xF0, 0x00, 0x03,
    0xFD, 0x00, 0x2F, 0x80, 0x00, 0x3F, 0x00, 0x00, 0xFC, 0x00, 0x03, 0xE0, 0x00, 0x0B, 0xC0, 0x00,
    0x3E, 0x00, 0x00, 0x7D, 0x00, 0x03, 0xE0, 0x00, 0x0B, 0xD0, 0x00, 0x3E, 0x00, 0x00, 0xBC, 0x00,
    0x03, 0xE0, 0x00, 0x0F, 0xC0, 0x01, 0xBF, 0x90, 0x00, 0xF4, 0x00, 0x7F, 0xFF, 0x00, 0x3F, 0x00,
    0x00, 0x00, 0x00, 0x0B, 0xC0, 0x00, 0x00, 0x00, 0x02, 0xF0, 0x00, 0x00, 0x00, 0x00, 0x28, 0x00,
    0x00, 0x00, 0x2C, 0x00, 0x00, 0x02, 0xF4, 0x00, 0x00, 0x3F, 0x80, 0x00, 0x03, 0xE0, 0x00, 0x00,
    0x04, 0x00, 0x00, 0x00, 0x00, 0x00, 0x07, 0xFF, 0xFF, 0xFE, 0x06, 0xFD, 0x5A, 0xFC, 0x03, 0xF0,
    0x01, 0xF0, 0x0F, 0xC0, 0x02, 0xD0, 0x3F, 0x00, 0x03, 0x40, 0xFC, 0x00, 0x00, 0x03, 0xF0, 0x00,
    0x00, 0x0F, 0xC0, 0x00, 0x00, 0x3F, 0x00, 0x00, 0x00, 0xFC, 0x00, 0x00, 0x03, 0xF0, 0x00, 0x00,
    0x0F, 0xC0, 0x00, 0x00, 0x3F, 0x00, 0x00, 0x00, 0xFC, 0x00, 0x00, 0x03, 0xF0, 0x00, 0x00, 0x0F,
    0xC0, 0x00, 0x00, 0x3F, 0x00, 0x00, 0x06, 0xFE, 0x40, 0x00, 0x7F, 0xFF, 0x80, 0x00, 0x00, 0x00,
    0x00, 0x04, 0x00, 0x07, 0xFF, 0xD7, 0x00, 0x0F, 0xE5, 0xBF, 0xC0, 0x0F, 0xC0, 0x02, 0xF4, 0x0F,
    0xC0, 0x00, 0x3D, 0x07, 0xD0, 0x00, 0x03, 0x82, 0xF0, 0x00, 0x00, 0x90, 0xFC, 0x00, 0x00, 0x00,
    0x3E, 0x00, 0x00, 0x00, 0x1F, 0xEA, 0xAA, 0x90, 0x07, 0xFF, 0xFF, 0xF8, 0x01, 0xF8, 0x00, 0x00,
    0x00, 0x3E, 0x00, 0x00, 0x00, 0x0F, 0xC0, 0x00, 0x00, 0x03, 0xF0, 0x00, 0x00, 0x00, 0x7E, 0x00,
    0x00, 0x00, 0x0F, 0xD0, 0x00, 0x0F, 0x00, 0xFD, 0x00, 0x1F, 0x00, 0x1F, 0xFA, 0xBF, 0x00, 0x00,
    0xBF, 0xFD, 0x00, 0x00, 0x00, 0x10, 0x00, 0x00, 0x00, 0x05, 0x01, 0x00, 0x1F, 0xFF, 0x78, 0x0B,
    0xD0, 0x7F, 0xC0, 0xF4, 0x00, 0xBC, 0x2F, 0x00, 0x03, 0xC3, 0xF0, 0x00, 0x2C, 0x3F, 0x00, 0x00,
    0x02, 0xFC, 0x00, 0x00, 0x0F, 0xF9, 0x00, 0x00, 0x7F, 0xFE, 0x00, 0x00, 0xBF, 0xFD, 0x00, 0x00,
    0x6F, 0xF8, 0x00, 0x00, 0x2F, 0xC0, 0x00, 0x00, 0xBE, 0x70, 0x00, 0x03, 0xE7, 0x80, 0x00, 0x3E,
    0x7C, 0x00, 0x03, 0xD3, 0xF4, 0x00, 0xBC, 0x3F, 0xE5, 0x7F, 0x03, 0x4B, 0xFF, 0x80, 0x00, 0x05,
    0x40, 0x00, 0x7F, 0xFF, 0x46, 0xFE, 0x40, 0x3F, 0x00, 0x0F, 0xC0, 0x03, 0xF0, 0x00, 0xFC, 0x00,
    0x3F, 0x00, 0x0F, 0xC0, 0x03, 0xF0, 0x00, 0xFC, 0x00, 0x3F, 0x00, 0x0F, 0xC0, 0x03, 0xF0, 0x00,
    0xFC, 0x00, 0x3F, 0x00, 0x0F, 0xC0, 0x03, 0xF0, 0x06, 0xFE, 0x47, 0xFF, 0xF4, 0x14, 0x05, 0x3F,
    0x47, 0xFF, 0xD1, 0xFD, 0xE0, 0x2D, 0x00, 0x00, 0x00, 0x00, 0x07, 0xFF, 0xF4, 0x6F, 0xE4, 0x03,
    0xF0, 0x00, 0xFC, 0x00, 0x3F, 0x00, 0x0F, 0xC0, 0x03, 0xF0, 0x00, 0xFC, 0x00, 0x3F, 0x00, 0x0F,
    0xC0, 0x03, 0xF0, 0x00, 0xFC, 0x00, 0x3F, 0x00, 0x0F, 0xC0, 0x03, 0xF0, 0x00, 0xFC, 0x00, 0x3F,
    0x00, 0x6F, 0xE4, 0x7F, 0xFF, 0x40, 0x00, 0x3F, 0xFF, 0xC0, 0x01, 0xBF, 0xE4, 0x00, 0x00, 0xF8,
    0x00, 0x00, 0x0F, 0x80, 0x00, 0x00, 0xF8, 0x00, 0x00, 0x0F, 0x80, 0x00, 0x00, 0xF8, 0x00, 0x00,
    0x0F, 0x80, 0x00, 0x00, 0xF8, 0x00, 0x00, 0x0F, 0x80, 0x00, 0x00, 0xF8, 0x00, 0x00, 0x0F, 0x80,
    0x00, 0x00, 0xF8, 0x00, 0x00, 0x0F, 0x80, 0x7E, 0x00, 0xF4, 0x0F, 0xE0, 0x1F, 0x40, 0xFD, 0x02,
    0xF0, 0x07, 0xE5, 0xBD, 0x00, 0x1F, 0xFF, 0x40, 0x00, 0x05, 0x00, 0x00, 0x01, 0xFF, 0xFF, 0xFF,
    0xF8, 0x00, 0x00, 0x02, 0xFE, 0xAA, 0xFF, 0x50, 0x00, 0x00, 0x00, 0xE0, 0x01, 0xF4, 0x00, 0x00,
    0x00, 0x03, 0x80, 0x07, 0xD0, 0x00, 0x00, 0x00, 0x0E, 0x00, 0x1F, 0x40, 0x00, 0x00, 0x00, 0x38,
    0x00, 0x7D, 0x00, 0x00, 0x00, 0x00, 0xE0, 0x01, 0xF4, 0x00, 0x00, 0x00, 0x03, 0x80, 0x07, 0xD0,
    0x00, 0x00, 0x00, 0x0D, 0x00, 0x1F, 0xFF, 0xE4, 0x00, 0x00, 0x74, 0x00, 0x7E, 0xAB, 0xFD, 0x00,
    0x01, 0xD0, 0x01, 0xF4, 0x00, 0xFC, 0x00, 0x07, 0x00, 0x07, 0xD0, 0x01, 0xFC, 0x00, 0x2C, 0x00,
    0x1F, 0x40, 0x03, 0xF0, 0x00, 0xF0, 0x00, 0x7D, 0x00, 0x0F, 0xC0, 0x03, 0x80, 0x01, 0xF4, 0x00,
    0x3F, 0x05, 0x1D, 0x00, 0x07, 0xD0, 0x01, 0xF8, 0x7E, 0xF0, 0x00, 0x1F, 0x40, 0x0F, 0xC2, 0xFF,
    0x40, 0x01, 0xFE, 0x5A, 0xFC, 0x03, 0xF8, 0x00, 0x3F, 0xFF, 0xFE, 0x40, 0x01, 0x00, 0x00, 0x00,
    0x00, 0x00, 0x00, 0x7F, 0xFF, 0x00, 0xBF, 0xFF, 0x00, 0x00, 0x6F, 0xE4, 0x00, 0x7F, 0xD4, 0x00,
    0x00, 0x3F, 0x00, 0x00, 0x7D, 0x00, 0x00, 0x00, 0xFC, 0x00, 0x01, 0xF4, 0x00, 0x00, 0x03, 0xF0,
    0x00, 0x07, 0xD0, 0x00, 0x00, 0x0F, 0xC0, 0x00, 0x1F, 0x40, 0x00, 0x00, 0x3F, 0x00, 0x00, 0x7D,
    0x00, 0x00, 0x00, 0xFC, 0x00, 0x01, 0xF4, 0x00, 0x00, 0x03, 0xFA, 0xAA, 0xAB, 0xFF, 0xF9, 0x00,
    0x0F, 0xFF, 0xFF, 0xFF, 0xAA, 0xFF, 0x00, 0x3F, 0x00, 0x00, 0x7D, 0x00, 0x7F, 0x00, 0xFC, 0x00,
    0x01, 0xF4, 0x00, 0xBD, 0x03, 0xF0, 0x00, 0x07, 0xD0, 0x00, 0xF8, 0x0F, 0xC0, 0x00, 0x1F, 0x40,
    0x03, 0xE0, 0x3F, 0x00, 0x00, 0x7D, 0x00, 0x0F, 0x80, 0xFC, 0x00, 0x01, 0xF4, 0x00, 0xBD, 0x03,
    0xF0, 0x00, 0x07, 0xD0, 0x07, 0xF0, 0x6F, 0xE4, 0x00, 0x7F, 0x96, 0xFF, 0x07, 0xFF, 0xF0, 0x0B,
    0xFF, 0xFF, 0x90, 0x00, 0x0F, 0xFF, 0xFF, 0xFF, 0xF0, 0x00, 0x07, 0xFA, 0xBE, 0x56, 0xFD, 0x00,
    0x02, 0xF0, 0x1F, 0x00, 0x0B, 0x80, 0x00, 0xF0, 0x07, 0xC0, 0x00, 0xF0, 0x00, 0x38, 0x01, 0xF0,
    0x00, 0x2C, 0x00, 0x09, 0x00, 0x7C, 0x00, 0x00, 0x00, 0x00, 0x00, 0x1F, 0x00, 0x00, 0x00, 0x00,
    0x00, 0x07, 0xC1, 0xBF, 0xE0, 0x00, 0x00, 0x01, 0xFB, 0xFF, 0xFF, 0x40, 0x00, 0x00, 0x7F, 0xD0,
    0x03, 0xF0, 0x00, 0x00, 0x1F, 0x40, 0x00, 0x7E, 0x00, 0x00, 0x07, 0xC0, 0x00, 0x0F, 0x80, 0x00,
    0x01, 0xF0, 0x00, 0x03, 0xF0, 0x00, 0x00, 0x7C, 0x00, 0x00, 0xFC, 0x00, 0x00, 0x1F, 0x00, 0x00,
    0x3F, 0x00, 0x00, 0x07, 0xC0, 0x00, 0x0F, 0xC0, 0x00, 0x02, 0xF0, 0x00, 0x03, 0xF0, 0x00, 0x05,
    0xFF, 0x40, 0x06, 0xFE, 0x40, 0x03, 0xFF, 0xF8, 0x03, 0xFF, 0xF0, 0x00, 0x00, 0x01, 0xC0, 0x00,
    0x00, 0x00, 0x2F, 0x80, 0x00, 0x00, 0x02, 0xFC, 0x00, 0x00, 0x00, 0x2E, 0x00, 0x00, 0x00, 0x00,
    0x40, 0x00, 0x00, 0x00, 0x00, 0x00, 0x00, 0x07, 0xFF, 0xF4, 0x02, 0xFC, 0x06, 0xFE, 0x40, 0x1F,
    0xF4, 0x03, 0xF0, 0x00, 0xFB, 0xD0, 0x0F, 0xC0, 0x07, 0x49, 0x00, 0x3F, 0x00, 0x2C, 0x00, 0x00,
    0xFC, 0x00, 0xE0, 0x00, 0x03, 0xF0, 0x0B, 0x00, 0x00, 0x0F, 0xC0, 0x78, 0x00, 0x00, 0x3F, 0x1B,
    0x80, 0x00, 0x00, 0xFF, 0xFD, 0x00, 0x00, 0x03, 0xF0, 0x7F, 0x00, 0x00, 0x0F, 0xC0, 0x3F, 0x00,
    0x00, 0x3F, 0x00, 0x7E, 0x00, 0x00, 0xFC, 0x00, 0xFC, 0x00, 0x03, 0xF0, 0x02, 0xF4, 0x00, 0x0F,
    0xC0, 0x03, 0xF0, 0x00, 0x3F, 0x00, 0x0B, 0xD0, 0x06, 0xFE, 0x40, 0x0F, 0xE8, 0x7F, 0xFF, 0x40,
    0x1F, 0xF0, 0x00, 0x00, 0x00, 0x05, 0x00, 0x00, 0x01, 0xD0, 0x00, 0x00, 0x00, 0x00, 0xBD, 0x00,
    0x00, 0x00, 0x00, 0x0F, 0xD0, 0x00, 0x00, 0x00, 0x00, 0x7E, 0x00, 0x00, 0x00, 0x00, 0x00, 0x40,
    0x00, 0x00, 0x00, 0x00, 0x00, 0x00, 0x07, 0xFF, 0xF0, 0x07, 0xFF, 0xF0, 0x6F, 0xE4, 0x00, 0x6F,
    0xE4, 0x03, 0xF0, 0x00, 0x03, 0xE0, 0x00, 0xFC, 0x00, 0x00, 0xF8, 0x00, 0x3F, 0x00, 0x00, 0xBE,
    0x00, 0x0F, 0xC0, 0x00, 0xBF, 0x80, 0x03, 0xF0, 0x00, 0xBB, 0xE0, 0x00, 0xFC, 0x00, 0xB8, 0xF8,
    0x00, 0x3F, 0x00, 0xB8, 0x3E, 0x00, 0x0F, 0xC0, 0xB8, 0x0F, 0x80, 0x03, 0xF0, 0xB8, 0x03, 0xE0,
    0x00, 0xFC, 0xB4, 0x00, 0xF8, 0x00, 0x3F, 0xB4, 0x00, 0x3E, 0x00, 0x0F, 0xF4, 0x00, 0x0F, 0x80,
    0x03, 0xF4, 0x00, 0x03, 0xE0, 0x00, 0xFC, 0x00, 0x00, 0xF8, 0x00, 0x3F, 0x00, 0x00, 0x3E, 0x00,
    0x6F, 0xE4, 0x00, 0x6F, 0xE4, 0x7F, 0xFF, 0x00, 0x7F, 0xFF, 0x00, 0x00, 0x19, 0x00, 0x60, 0x00,
    0x00, 0xFC, 0x03, 0xE0, 0x00, 0x03, 0xE0, 0x0F, 0x80, 0x00, 0x07, 0xE5, 0xBC, 0x00, 0x00, 0x01,
    0xAA, 0x40, 0x00, 0x00, 0x00, 0x00, 0x00, 0x00, 0x00, 0x00, 0x00, 0x00, 0x2F, 0xFF, 0xC0, 0x3F,
    0xFD, 0x6F, 0xF5, 0x00, 0x6F, 0x90, 0x1F, 0x80, 0x00, 0x78, 0x00, 0x2F, 0x00, 0x02, 0xC0, 0x00,
    0x3E, 0x00, 0x0F, 0x00, 0x00, 0xBC, 0x00, 0x74, 0x00, 0x00, 0xF8, 0x02, 0xC0, 0x00, 0x02, 0xF0,
    0x0F, 0x00, 0x00, 0x03, 0xE0, 0x74, 0x00, 0x00, 0x0B, 0xC2, 0xC0, 0x00, 0x00, 0x0F, 0x8E, 0x00,
    0x00, 0x00, 0x2F, 0xB0, 0x00, 0x00, 0x00, 0x3F, 0xC0, 0x00, 0x00, 0x00, 0xBD, 0x00, 0x00, 0x00,
    0x00, 0xF0, 0x00, 0x00, 0x00, 0x07, 0x40, 0x00, 0x00, 0x2F, 0x3C, 0x00, 0x00, 0x00, 0xFF, 0xD0,
    0x00, 0x00, 0x03, 0xFD, 0x00, 0x00, 0x00, 0x01, 0x40, 0x00, 0x00, 0x00, 0x7F, 0xFF, 0x00, 0x7F,
    0xFF, 0x06, 0xFE, 0x40, 0x06, 0xFE, 0x40, 0x3F, 0x00, 0x00, 0x3E, 0x00, 0x0F, 0xC0, 0x00, 0x0F,
    0x80, 0x03, 0xF0, 0x00, 0x03, 0xE0, 0x00, 0xFC, 0x00, 0x00, 0xF8, 0x00, 0x3F, 0x00, 0x00, 0x3E,
    0x00, 0x0F, 0xC0, 0x00, 0x0F, 0x80, 0x03, 0xF0, 0x00, 0x03, 0xE0, 0x00, 0xFC, 0x00, 0x00, 0xF8,
    0x00, 0x3F, 0x00, 0x00, 0x3E, 0x00, 0x0F, 0xC0, 0x00, 0x0F, 0x80, 0x03, 0xF0, 0x00, 0x03, 0xE0,
    0x00, 0xFC, 0x00, 0x00, 0xF8, 0x00, 0x3F, 0x00, 0x00, 0x3E, 0x00, 0x0F, 0xC0, 0x00, 0x0F, 0x80,
    0x03, 0xF0, 0x00, 0x03, 0xE0, 0x06, 0xFE, 0xAA, 0xAA, 0xFE, 0x47, 0xFF, 0xFF, 0xFF, 0xFF, 0xF0,
    0x00, 0x00, 0xF8, 0x00, 0x00, 0x00, 0x00, 0x2E, 0x00, 0x00, 0x00, 0x00, 0x07, 0x40, 0x00, 0x00,
    0x00, 0x01, 0xD0, 0x00, 0x00, 0x00, 0x00, 0x00, 0x00, 0x00, 0x00, 0x00, 0xBE, 0x00, 0x00, 0x00,
    0x00, 0xFF, 0x00, 0x00, 0x00, 0x00, 0xEF, 0x40, 0x00, 0x00, 0x02, 0xCF, 0x80, 0x00, 0x00, 0x03,
    0x8B, 0xC0, 0x00, 0x00, 0x07, 0x47, 0xD0, 0x00, 0x00, 0x0B, 0x03, 0xF0, 0x00, 0x00, 0x0E, 0x02,
    0xF0, 0x00, 0x00, 0x1D, 0x01, 0xF4, 0x00, 0x00, 0x2C, 0x00, 0xFC, 0x00, 0x00, 0x38, 0x00, 0xBC,
    0x00, 0x00, 0x7F, 0xFF, 0xFE, 0x00, 0x00, 0xFF, 0xFF, 0xFF, 0x00, 0x00, 0xE0, 0x00, 0x2F, 0x00,
    0x02, 0xD0, 0x00, 0x1F, 0x80, 0x03, 0xC0, 0x00, 0x0F, 0xC0, 0x07, 0x80, 0x00, 0x0B, 0xD0, 0x1F,
    0xD4, 0x00, 0x1F, 0xF8, 0xBF, 0xFC, 0x00, 0xFF, 0xFD, 0x7F, 0xFF, 0xFF, 0xF0, 0x1B, 0xF5, 0x5B,
    0xF0, 0x03, 0xF0, 0x00, 0xF4, 0x03, 0xF0, 0x00, 0x74, 0x03, 0xF0, 0x00, 0x38, 0x03, 0xF0, 0x00,
    0x00, 0x03, 0xF0, 0x00, 0x00, 0x03, 0xF0, 0x00, 0x00, 0x03, 0xFF, 0xFE, 0x00, 0x03, 0xFA, 0xBF,
    0xE0, 0x03, 0xF0, 0x02, 0xFC, 0x03, 0xF0, 0x00, 0xBD, 0x03, 0xF0, 0x00, 0x7E, 0x03, 0xF0, 0x00,
    0x3E, 0x03, 0xF0, 0x00, 0x7E, 0x03, 0xF0, 0x00, 0xBC, 0x03, 0xF0, 0x02, 0xF8, 0x1B, 0xF9, 0xAF,
    0xE0, 0x7F, 0xFF, 0xFE, 0x00, 0x7F, 0xFF, 0xF9, 0x00, 0x1B, 0xF5, 0xAF, 0xD0, 0x03, 0xF0, 0x03,
    0xF0, 0x03, 0xF0, 0x01, 0xF4, 0x03, 0xF0, 0x01, 0xF8, 0x03, 0xF0, 0x01, 0xF4, 0x03, 0xF0, 0x03,
    0xF0, 0x03, 0xF0, 0x0B, 0xC0, 0x03, 0xFA, 0xBE, 0x00, 0x03, 0xFF, 0xFF, 0x80, 0x03, 0xF0, 0x07,
    0xF4, 0x03, 0xF0, 0x00, 0xFC, 0x03, 0xF0, 0x00, 0x7E, 0x03, 0xF0, 0x00, 0x7E, 0x03, 0xF0, 0x00,
    0x7E, 0x03, 0xF0, 0x00, 0xBD, 0x03, 0xF0, 0x02, 0xF8, 0x1B, 0xF9, 0xAF, 0xE0, 0x7F, 0xFF, 0xFA,
    0x00, 0x7F, 0xFF, 0xFF, 0xE0, 0x6F, 0xD5, 0xAF, 0xC0, 0x3F, 0x00, 0x1F, 0x00, 0xFC, 0x00, 0x2D,
    0x03, 0xF0, 0x00, 0x34, 0x0F, 0xC0, 0x00, 0x00, 0x3F, 0x00, 0x00, 0x00, 0xFC, 0x00, 0x00, 0x03,
    0xF0, 0x00, 0x00, 0x0F, 0xC0, 0x00, 0x00, 0x3F, 0x00, 0x00, 0x00, 0xFC, 0x00, 0x00, 0x03, 0xF0,
    0x00, 0x00, 0x0F, 0xC0, 0x00, 0x00, 0x3F, 0x00, 0x00, 0x00, 0xFC, 0x00, 0x00, 0x03, 0xF0, 0x00,
    0x00, 0x6F, 0xE4, 0x00, 0x07, 0xFF, 0xF8, 0x00, 0x00, 0x0B, 0xFF, 0xFF, 0xFF, 0xF0, 0x06, 0xFA,
    0xAB, 0xFE, 0x40, 0x03, 0xC0, 0x03, 0xD0, 0x00, 0x0F, 0x00, 0x0F, 0x40, 0x00, 0x3C, 0x00, 0x3D,
    0x00, 0x00, 0xF0, 0x00, 0xF4, 0x00, 0x03, 0xC0, 0x03, 0xD0, 0x00, 0x0F, 0x00, 0x0F, 0x40, 0x00,
    0x38, 0x00, 0x3D, 0x00, 0x01, 0xE0, 0x00, 0xF4, 0x00, 0x07, 0x40, 0x03, 0xD0, 0x00, 0x2D, 0x00,
    0x0F, 0x40, 0x00, 0xB0, 0x00, 0x3D, 0x00, 0x03, 0xC0, 0x00, 0xF4, 0x00, 0x0E, 0x00, 0x03, 0xD0,
    0x00, 0x74, 0x00, 0x0F, 0x40, 0x03, 0xC0, 0x00, 0x3D, 0x02, 0xBF, 0xAA, 0xAB, 0xFE, 0x8F, 0xFF,
    0xFF, 0xFF, 0xFF, 0x7E, 0x00, 0x00, 0x00, 0x3D, 0xF0, 0x00, 0x00, 0x00, 0xB7, 0xC0, 0x00, 0x00,
    0x02, 0xDE, 0x00, 0x00, 0x00, 0x07, 0x54, 0x00, 0x00, 0x00, 0x04, 0x7F, 0xFF, 0xFF, 0xD0, 0x6F,
    0xD5, 0xBF, 0x80, 0x3F, 0x00, 0x1F, 0x00, 0xFC, 0x00, 0x3C, 0x03, 0xF0, 0x00, 0x60, 0x0F, 0xC0,
    0x00, 0x00, 0x3F, 0x00, 0x60, 0x00, 0xFC, 0x02, 0xC0, 0x03, 0xF5, 0x6F, 0x00, 0x0F, 0xFF, 0xFC,
    0x00, 0x3F, 0x01, 0xF0, 0x00, 0xFC, 0x02, 0xC0, 0x03, 0xF0, 0x01, 0x00, 0x0F, 0xC0, 0x00, 0x00,
    0x3F, 0x00, 0x03, 0x80, 0xFC, 0x00, 0x0E, 0x03, 0xF0, 0x00, 0xB4, 0x6F, 0xD5, 0x6F, 0xD7, 0xFF,
    0xFF, 0xFF, 0x00, 0x00, 0x00, 0x00, 0x00, 0x00, 0x00, 0x00, 0x1F, 0xD0, 0x0F, 0xFF, 0xE0, 0x0B,
    0xF0, 0x2F, 0xF0, 0x06, 0xFF, 0x40, 0x1F, 0xF8, 0x2F, 0xB8, 0x00, 0xBC, 0x00, 0x3E, 0xF4, 0x05,
    0x2C, 0x00, 0x7C, 0x00, 0x74, 0x90, 0x00, 0x1D, 0x00, 0x7C, 0x00, 0xB0, 0x00, 0x00, 0x0E, 0x00,
    0x7C, 0x00, 0xE0, 0x00, 0x00, 0x0B, 0x00, 0x7C, 0x01, 0xD0, 0x00, 0x00, 0x03, 0x80, 0x7C, 0x03,
    0xC0, 0x00, 0x00, 0x01, 0xF5, 0xBD, 0x5F, 0x00, 0x00, 0x00, 0x00, 0xBF, 0xFF, 0xFE, 0x00, 0x00,
    0x00, 0x0B, 0xE4, 0xBD, 0x1F, 0xD0, 0x00, 0x00, 0x1F, 0x80, 0x7C, 0x03, 0xF0, 0x00, 0x00, 0x3F,
    0x00, 0x7C, 0x01, 0xF8, 0x00, 0x00, 0x7E, 0x00, 0x7C, 0x00, 0xFC, 0x00, 0x00, 0xFC, 0x00, 0x7C,
    0x00, 0x7E, 0x00, 0x00, 0xFC, 0x00, 0x7C, 0x00, 0x3F, 0x00, 0x03, 0xF4, 0x00, 0xBC, 0x00, 0x2F,
    0x80, 0x5B, 0xF0, 0x05, 0xFF, 0x40, 0x0F, 0xE4, 0x7F, 0xC0, 0x0F, 0xFF, 0xE0, 0x07, 0xFC, 0x05,
    0x00, 0x00, 0x00, 0x00, 0x00, 0x40, 0x04, 0x01, 0x40, 0x00, 0x39, 0xFF, 0xF8, 0x00, 0xFF, 0x46,
    0xFC, 0x03, 0xE0, 0x02, 0xF4, 0x0F, 0x00, 0x03, 0xE0, 0x3C, 0x00, 0x0F, 0x80, 0x50, 0x00, 0x3E,
    0x00, 0x00, 0x02, 0xF0, 0x00, 0x00, 0x2F, 0x40, 0x02, 0xAB, 0xD0, 0x00, 0x0F, 0xFF, 0xE0, 0x00,
    0x00, 0x07, 0xF4, 0x00, 0x00, 0x03, 0xF0, 0x00, 0x00, 0x0B, 0xD0, 0x00, 0x00, 0x2F, 0x4E, 0x00,
    0x00, 0xBD, 0x3C, 0x00, 0x03, 0xF0, 0x7C, 0x00, 0x2F, 0x40, 0xBE, 0xAB, 0xF8, 0x00, 0x7F, 0xFF,
    0x40, 0x00, 0x05, 0x40, 0x00, 0x7F, 0xFF, 0x00, 0x7F, 0xFF, 0x06, 0xFE, 0x40, 0x06, 0xFE, 0x40,
    0x3F, 0x00, 0x00, 0x3E, 0x00, 0x0F, 0xC0, 0x00, 0x0F, 0x80, 0x03, 0xF0, 0x00, 0x0B, 0xE0, 0x00,
    0xFC, 0x00, 0x0B, 0xF8, 0x00, 0x3F, 0x00, 0x0B, 0xBE, 0x00, 0x0F, 0xC0, 0x0B, 0x8F, 0x80, 0x03,
    0xF0, 0x0B, 0x83, 0xE0, 0x00, 0xFC, 0x0B, 0x80, 0xF8, 0x00, 0x3F, 0x0B, 0x80, 0x3E, 0x00, 0x0F,
    0xCB, 0x40, 0x0F, 0x80, 0x03, 0xFB, 0x40, 0x03, 0xE0, 0x00, 0xFF, 0x40, 0x00, 0xF8, 0x00, 0x3F,
    0x40, 0x00, 0x3E, 0x00, 0x0F, 0xC0, 0x00, 0x0F, 0x80, 0x03, 0xF0, 0x00, 0x03, 0xE0, 0x06, 0xFE,
    0x40, 0x06, 0xFE, 0x47, 0xFF, 0xF0, 0x07, 0xFF, 0xF0, 0x00, 0x0A, 0x00, 0x24, 0x00, 0x00, 0x07,
    0xD0, 0x2F, 0x40, 0x00, 0x02, 0xF0, 0x07, 0xD0, 0x00, 0x00, 0x3E, 0x56, 0xE0, 0x00, 0x00, 0x01,
    0xAA, 0x80, 0x00, 0x00, 0x00, 0x00, 0x00, 0x00, 0x00, 0x00, 0x00, 0x00, 0x00, 0x01, 0xFF, 0xFC,
    0x01, 0xFF, 0xFC, 0x1B, 0xF9, 0x00, 0x1B, 0xF9, 0x00, 0xFC, 0x00, 0x00, 0xF8, 0x00, 0x3F, 0x00,
    0x00, 0x3E, 0x00, 0x0F, 0xC0, 0x00, 0x2F, 0x80, 0x03, 0xF0, 0x00, 0x2F, 0xE0, 0x00, 0xFC, 0x00,
    0x2E, 0xF8, 0x00, 0x3F, 0x00, 0x2E, 0x3E, 0x00, 0x0F, 0xC0, 0x2E, 0x0F, 0x80, 0x03, 0xF0, 0x2E,
    0x03, 0xE0, 0x00, 0xFC, 0x2E, 0x00, 0xF8, 0x00, 0x3F, 0x2D, 0x00, 0x3E, 0x00, 0x0F, 0xED, 0x00,
    0x0F, 0x80, 0x03, 0xFD, 0x00, 0x03, 0xE0, 0x00, 0xFD, 0x00, 0x00, 0xF8, 0x00, 0x3F, 0x00, 0x00,
    0x3E, 0x00, 0x0F, 0xC0, 0x00, 0x0F, 0x80, 0x1B, 0xF9, 0x00, 0x1B, 0xF9, 0x1F, 0xFF, 0xC0, 0x1F,
    0xFF, 0xC0, 0x00, 0x00, 0x00, 0x00, 0x01, 0xFF, 0xFD, 0x00, 0xBF, 0x01, 0xBF, 0x90, 0x07, 0xFD,
    0x00, 0xFC, 0x00, 0x3E, 0xF4, 0x03, 0xF0, 0x01, 0xD2, 0x40, 0x0F, 0xC0, 0x0B, 0x00, 0x00, 0x3F,
    0x00, 0x38, 0x00, 0x00, 0xFC, 0x02, 0xC0, 0x00, 0x03, 0xF0, 0x1E, 0x00, 0x00, 0x0F, 0xC6, 0xE0,
    0x00, 0x00, 0x3F, 0xFF, 0x40, 0x00, 0x00, 0xFC, 0x1F, 0xC0, 0x00, 0x03, 0xF0, 0x0F, 0xC0, 0x00,
    0x0F, 0xC0, 0x1F, 0x80, 0x00, 0x3F, 0x00, 0x3F, 0x00, 0x00, 0xFC, 0x00, 0xBD, 0x00, 0x03, 0xF0,
    0x00, 0xFC, 0x00, 0x0F, 0xC0, 0x02, 0xF4, 0x01, 0xBF, 0x90, 0x03, 0xFA, 0x1F, 0xFF, 0xD0, 0x07,
    0xFC, 0x00, 0x00, 0x00, 0x01, 0x40, 0x01, 0xFF, 0xFF, 0xFF, 0xFC, 0x02, 0xFE, 0xAA, 0xFF, 0x90,
    0x00, 0xE0, 0x01, 0xF4, 0x00, 0x03, 0x80, 0x07, 0xD0, 0x00, 0x0E, 0x00, 0x1F, 0x40, 0x00, 0x38,
    0x00, 0x7D, 0x00, 0x00, 0xE0, 0x01, 0xF4, 0x00, 0x03, 0x80, 0x07, 0xD0, 0x00, 0x0D, 0x00, 0x1F,
    0x40, 0x00, 0x34, 0x00, 0x7D, 0x00, 0x01, 0xD0, 0x01, 0xF4, 0x00, 0x07, 0x00, 0x07, 0xD0, 0x00,
    0x2C, 0x00, 0x1F, 0x40, 0x00, 0xF0, 0x00, 0x7D, 0x00, 0x03, 0x80, 0x01, 0xF4, 0x05, 0x1D, 0x00,
    0x07, 0xD0, 0x7E, 0xF0, 0x00, 0x1F, 0x42, 0xFF, 0x40, 0x01, 0xFF, 0x53, 0xF8, 0x00, 0x2F, 0xFF,
    0xC1, 0x00, 0x00, 0x00, 0x00, 0x1F, 0xFF, 0x00, 0x00, 0x2F, 0xFE, 0x01, 0xBF, 0xD0, 0x00, 0x0F,
    0xFD, 0x00, 0x0F, 0xF8, 0x00, 0x07, 0xFD, 0x00, 0x03, 0xEF, 0x00, 0x03, 0xDF, 0x40, 0x00, 0xE7,
    0xD0, 0x00, 0xE7, 0xD0, 0x00, 0x38, 0xF8, 0x00, 0xB5, 0xF4, 0x00, 0x1E, 0x2F, 0x00, 0x3C, 0x3D,
    0x00, 0x07, 0x83, 0xD0, 0x0E, 0x0F, 0x40, 0x01, 0xD0, 0xF8, 0x0B, 0x03, 0xE0, 0x00, 0x74, 0x2F,
    0x03, 0xC0, 0xF8, 0x00, 0x2D, 0x03, 0xD1, 0xD0, 0x3E, 0x00, 0x0B, 0x40, 0xF8, 0xB0, 0x0F, 0x80,
    0x02, 0xC0, 0x1F, 0x38, 0x03, 0xF0, 0x00, 0xB0, 0x03, 0xFD, 0x00, 0xFC, 0x00, 0x2C, 0x00, 0xFF,
    0x00, 0x3F, 0x00, 0x0F, 0x00, 0x1F, 0x80, 0x0B, 0xC0, 0x03, 0xC0, 0x00, 0x00, 0x02, 0xF0, 0x06,
    0xF9, 0x00, 0x00, 0x06, 0xFE, 0x43, 0xFF, 0xD0, 0x00, 0x03, 0xFF, 0xF8, 0x7F, 0xFF, 0x00, 0x7F,
    0xFF, 0x06, 0xFE, 0x40, 0x06, 0xFE, 0x40, 0x3F, 0x00, 0x00, 0x3E, 0x00, 0x0F, 0xC0, 0x00, 0x0F,
    0x80, 0x03, 0xF0, 0x00, 0x03, 0xE0, 0x00, 0xFC, 0x00, 0x00, 0xF8, 0x00, 0x3F, 0x00, 0x00, 0x3E,
    0x00, 0x0F, 0xC0, 0x00, 0x0F, 0x80, 0x03, 0xFA, 0xAA, 0xAB, 0xE0, 0x00, 0xFF, 0xFF, 0xFF, 0xF8,
    0x00, 0x3F, 0x00, 0x00, 0x3E, 0x00, 0x0F, 0xC0, 0x00, 0x0F, 0x80, 0x03, 0xF0, 0x00, 0x03, 0xE0,
    0x00, 0xFC, 0x00, 0x00, 0xF8, 0x00, 0x3F, 0x00, 0x00, 0x3E, 0x00, 0x0F, 0xC0, 0x00, 0x0F, 0x80,
    0x03, 0xF0, 0x00, 0x03, 0xE0, 0x06, 0xFE, 0x40, 0x06, 0xFE, 0x47, 0xFF, 0xF0, 0x07, 0xFF, 0xF0,
    0x00, 0x00, 0x54, 0x00, 0x00, 0x00, 0xBF, 0xFF, 0x40, 0x00, 0x1F, 0xE5, 0xBF, 0xC0, 0x00, 0xF8,
    0x00, 0x1F, 0xC0, 0x0F, 0x80, 0x00, 0x1F, 0x80, 0xBC, 0x00, 0x00, 0x3F, 0x43, 0xF0, 0x00, 0x00,
    0x7E, 0x0F, 0x80, 0x00, 0x00, 0xFC, 0x7D, 0x00, 0x00, 0x03, 0xF2, 0xF4, 0x00, 0x00, 0x0F, 0xCB,
    0xC0, 0x00, 0x00, 0x2F, 0x2F, 0x40, 0x00, 0x00, 0xFC, 0xBD, 0x00, 0x00, 0x03, 0xF1, 0xF8, 0x00,
    0x00, 0x0F, 0x83, 0xF0, 0x00, 0x00, 0x7D, 0x0B, 0xD0, 0x00, 0x02, 0xF0, 0x0F, 0xC0, 0x00, 0x0F,
    0x40, 0x1F, 0xC0, 0x00, 0xF8, 0x00, 0x1F, 0xF9, 0x6F, 0x80, 0x00, 0x0B, 0xFF, 0xF4, 0x00, 0x00,
    0x00, 0x54, 0x00, 0x00, 0x7F, 0xFF, 0xFF, 0xFF, 0xFF, 0x06, 0xFE, 0xAA, 0xAA, 0xFE, 0x40, 0x3F,
    0x00, 0x00, 0x3E, 0x00, 0x0F, 0xC0, 0x00, 0x0F, 0x80, 0x03, 0xF0, 0x00, 0x03, 0xE0, 0x00, 0xFC,
    0x00, 0x00, 0xF8, 0x00, 0x3F, 0x00, 0x00, 0x3E, 0x00, 0x0F, 0xC0, 0x00, 0x0F, 0x80, 0x03, 0xF0,
    0x00, 0x03, 0xE0, 0x00, 0xFC, 0x00, 0x00, 0xF8, 0x00, 0x3F, 0x00, 0x00, 0x3E, 0x00, 0x0F, 0xC0,
    0x00, 0x0F, 0x80, 0x03, 0xF0, 0x00, 0x03, 0xE0, 0x00, 0xFC, 0x00, 0x00, 0xF8, 0x00, 0x3F, 0x00,
    0x00, 0x3E, 0x00, 0x0F, 0xC0, 0x00, 0x0F, 0x80, 0x03, 0xF0, 0x00, 0x03, 0xE0, 0x06, 0xFE, 0x40,
    0x06, 0xFE, 0x47, 0xFF, 0xF0, 0x07, 0xFF, 0xF0, 0x7F, 0xFF, 0xF9, 0x00, 0x6F, 0xD6, 0xFF, 0x00,
    0x3F, 0x00, 0x7F, 0x00, 0xFC, 0x00, 0xBD, 0x03, 0xF0, 0x01, 0xF8, 0x0F, 0xC0, 0x07, 0xE0, 0x3F,
    0x00, 0x1F, 0x80, 0xFC, 0x00, 0xBD, 0x03, 0xF0, 0x03, 0xF0, 0x0F, 0xC0, 0x7F, 0x00, 0x3F, 0xFF,
    0xE0, 0x00, 0xFD, 0x54, 0x00, 0x03, 0xF0, 0x00, 0x00, 0x0F, 0xC0, 0x00, 0x00, 0x3F, 0x00, 0x00,
    0x00, 0xFC, 0x00, 0x00, 0x03, 0xF0, 0x00, 0x00, 0x6F, 0xE4, 0x00, 0x07, 0xFF, 0xF8, 0x00, 0x00,
    0x00, 0x00, 0x50, 0x04, 0x00, 0x0B, 0xFF, 0xD7, 0x00, 0x1F, 0xE5, 0x7F, 0xD0, 0x1F, 0x80, 0x02,
    0xF8, 0x0F, 0x80, 0x00, 0x2E, 0x0B, 0xC0, 0x00, 0x03, 0xC3, 0xF0, 0x00, 0x00, 0xB1, 0xF8, 0x00,
    0x00, 0x00, 0x7D, 0x00, 0x00, 0x00, 0x2F, 0x40, 0x00, 0x00, 0x0B, 0xD0, 0x00, 0x00, 0x02, 0xF4,
    0x00, 0x00, 0x00, 0x7D, 0x00, 0x00, 0x00, 0x1F, 0x80, 0x00, 0x00, 0x03, 0xF0, 0x00, 0x00, 0x00,
    0xBE, 0x00, 0x00, 0x04, 0x0F, 0xD0, 0x00, 0x0B, 0x01, 0xFD, 0x00, 0x0B, 0x80, 0x0F, 0xF9, 0xAF,
    0x80, 0x00, 0xBF, 0xFF, 0x40, 0x00, 0x00, 0x54, 0x00, 0x00, 0x3F, 0xFF, 0xFF, 0xFF, 0xC3, 0xFA,
    0x6F, 0x9A, 0xFC, 0x7C, 0x01, 0xF4, 0x03, 0xD7, 0x40, 0x1F, 0x40, 0x2D, 0xB0, 0x01, 0xF4, 0x00,
    0xE6, 0x00, 0x1F, 0x40, 0x09, 0x00, 0x01, 0xF4, 0x00, 0x00, 0x00, 0x1F, 0x40, 0x00, 0x00, 0x01,
    0xF4, 0x00, 0x00, 0x00, 0x1F, 0x40, 0x00, 0x00, 0x01, 0xF4, 0x00, 0x00, 0x00, 0x1F, 0x40, 0x00,
    0x00, 0x01, 0xF4, 0x00, 0x00, 0x00, 0x1F, 0x40, 0x00, 0x00, 0x01, 0xF4, 0x00, 0x00, 0x00, 0x1F,
    0x40, 0x00, 0x00, 0x01, 0xF4, 0x00, 0x00, 0x01, 0xBF, 0xE4, 0x00, 0x00, 0x7F, 0xFF, 0xD0, 0x00,
    0xBF, 0xFF, 0x00, 0xFF, 0xF5, 0xBF, 0xD4, 0x01, 0xBE, 0x40, 0x7E, 0x00, 0x01, 0xE0, 0x00, 0xBC,
    0x00, 0x0B, 0x00, 0x00, 0xF8, 0x00, 0x3C, 0x00, 0x02, 0xF0, 0x01, 0xD0, 0x00, 0x03, 0xE0, 0x0B,
    0x00, 0x00, 0x0B, 0xC0, 0x3C, 0x00, 0x00, 0x0F, 0x81, 0xD0, 0x00, 0x00, 0x2F, 0x0B, 0x00, 0x00,
    0x00, 0x3E, 0x38, 0x00, 0x00, 0x00, 0xBE, 0xC0, 0x00, 0x00, 0x00, 0xFF, 0x00, 0x00, 0x00, 0x02,
    0xF4, 0x00, 0x00, 0x00, 0x03, 0xC0, 0x00, 0x00, 0x00, 0x1D, 0x00, 0x00, 0x00, 0xBC, 0xF0, 0x00,
    0x00, 0x03, 0xFF, 0x40, 0x00, 0x00, 0x0F, 0xF4, 0x00, 0x00, 0x00, 0x05, 0x00, 0x00, 0x00, 0x00,
    0x0B, 0xFF, 0xF0, 0x00, 0x00, 0x01, 0xBF, 0xE4, 0x00, 0x00, 0x00, 0x03, 0xE0, 0x00, 0x00, 0x00,
    0x6A, 0xFA, 0x94, 0x00, 0x03, 0xFF, 0xFF, 0xFF, 0xD0, 0x03, 0xF0, 0x0F, 0x40, 0xBE, 0x03, 0xF0,
    0x03, 0xD0, 0x0B, 0xD1, 0xF4, 0x00, 0xF4, 0x00, 0xFC, 0xBC, 0x00, 0x3D, 0x00, 0x2F, 0x3F, 0x00,
    0x0F, 0x40, 0x0B, 0xCF, 0xC0, 0x03, 0xD0, 0x02, 0xF3, 0xF0, 0x00, 0xF4, 0x00, 0xBC, 0xBD, 0x00,
    0x3D, 0x00, 0x3E, 0x0F, 0xC0, 0x0F, 0x40, 0x2F, 0x41, 0xF8, 0x03, 0xD0, 0x1F, 0x80, 0x1F, 0xEB,
    0xFE, 0xBF, 0x40, 0x00, 0x6B, 0xFF, 0xE9, 0x00, 0x00, 0x00, 0x0F, 0x40, 0x00, 0x00, 0x00, 0x07,
    0xE0, 0x00, 0x00, 0x00, 0x2F, 0xFF, 0xC0, 0x00, 0x00, 0x05, 0x55, 0x50, 0x00, 0x00, 0x7F, 0xFD,
    0x00, 0xFF, 0xF1, 0xBF, 0xD0, 0x01, 0xFE, 0x40, 0x7F, 0x00, 0x02, 0xE0, 0x00, 0xBE, 0x00, 0x1F,
    0x00, 0x00, 0xFD, 0x00, 0xF0, 0x00, 0x00, 0xFC, 0x0B, 0x40, 0x00, 0x01, 0xFC, 0x78, 0x00, 0x00,
    0x02, 0xFB, 0xC0, 0x00, 0x00, 0x03, 0xFC, 0x00, 0x00, 0x00, 0x03, 0xF0, 0x00, 0x00, 0x00, 0x1F,
    0xE0, 0x00, 0x00, 0x01, 0xFB, 0xD0, 0x00, 0x00, 0x0F, 0x0F, 0xC0, 0x00, 0x00, 0xF4, 0x0F, 0xC0,
    0x00, 0x0B, 0x80, 0x1F, 0x80, 0x00, 0x7C, 0x00, 0x2F, 0x40, 0x03, 0xC0, 0x00, 0x3F, 0x00, 0xBF,
    0x90, 0x01, 0xFF, 0x9B, 0xFF, 0x80, 0x2F, 0xFF, 0x80, 0x7F, 0xFF, 0x00, 0x7F, 0xFF, 0x06, 0xFE,
    0x40, 0x06, 0xFE, 0x40, 0x3F, 0x00, 0x00, 0x3E, 0x00, 0x0F, 0xC0, 0x00, 0x0F, 0x80, 0x03, 0xF0,
    0x00, 0x03, 0xE0, 0x00, 0xFC, 0x00, 0x00, 0xF8, 0x00, 0x3F, 0x00, 0x00, 0x3E, 0x00, 0x0F, 0xC0,
    0x00, 0x0F, 0x80, 0x03, 0xF0, 0x00, 0x03, 0xE0, 0x00, 0xFC, 0x00, 0x00, 0xF8, 0x00, 0x3F, 0x00,
    0x00, 0x3E, 0x00, 0x0F, 0xC0, 0x00, 0x0F, 0x80, 0x03, 0xF0, 0x00, 0x03, 0xE0, 0x00, 0xFC, 0x00,
    0x00, 0xF8, 0x00, 0x3F, 0x00, 0x00, 0x3E, 0x00, 0x0F, 0xC0, 0x00, 0x0F, 0x80, 0x03, 0xF0, 0x00,
    0x03, 0xE0, 0x06, 0xFE, 0xAA, 0xAA, 0xFE, 0xA7, 0xFF, 0xFF, 0xFF, 0xFF, 0xFC, 0x00, 0x00, 0x00,
    0x00, 0x2F, 0x00, 0x00, 0x00, 0x00, 0x03, 0xC0, 0x00, 0x00, 0x00, 0x00, 0xF0, 0x00, 0x00, 0x00,
    0x00, 0x3C, 0x00, 0x00, 0x00, 0x00, 0x00, 0x7F, 0xFF, 0x01, 0xFF, 0xFC, 0x1B, 0xF9, 0x00, 0x6F,
    0xE4, 0x03, 0xE0, 0x00, 0x0F, 0xC0, 0x03, 0xE0, 0x00, 0x0F, 0x80, 0x03, 0xE0, 0x00, 0x0F, 0x80,
    0x03, 0xE0, 0x00, 0x0F, 0x80, 0x03, 0xE0, 0x00, 0x0F, 0x80, 0x03, 0xF0, 0x00, 0x0F, 0x80, 0x03,
    0xF0, 0x00, 0x0F, 0x80, 0x01, 0xF8, 0x00, 0x7F, 0x80, 0x00, 0xFF, 0xAB, 0xEF, 0x80, 0x00, 0x2F,
    0xFE, 0x4F, 0x80, 0x00, 0x00, 0x00, 0x0F, 0x80, 0x00, 0x00, 0x00, 0x0F, 0x80, 0x00, 0x00, 0x00,
    0x0F, 0x80, 0x00, 0x00, 0x00, 0x0F, 0x80, 0x00, 0x00, 0x00, 0x0F, 0xC0, 0x00, 0x00, 0x01, 0x6F,
    0xE4, 0x00, 0x00, 0x03, 0xFF, 0xFC, 0x7F, 0xFF, 0x03, 0xFF, 0xF4, 0x3F, 0xFF, 0x86, 0xFE, 0x40,
    0x6F, 0xE4, 0x05, 0xFF, 0x40, 0x3F, 0x00, 0x02, 0xF0, 0x00, 0x1F, 0x40, 0x0F, 0xC0, 0x00, 0xBC,
    0x00, 0x07, 0xD0, 0x03, 0xF0, 0x00, 0x2F, 0x00, 0x01, 0xF4, 0x00, 0xFC, 0x00, 0x0B, 0xC0, 0x00,
    0x7D, 0x00, 0x3F, 0x00, 0x02, 0xF0, 0x00, 0x1F, 0x40, 0x0F, 0xC0, 0x00, 0xBC, 0x00, 0x07, 0xD0,
    0x03, 0xF0, 0x00, 0x2F, 0x00, 0x01, 0xF4, 0x00, 0xFC, 0x00, 0x0B, 0xC0, 0x00, 0x7D, 0x00, 0x3F,
    0x00, 0x02, 0xF0, 0x00, 0x1F, 0x40, 0x0F, 0xC0, 0x00, 0xBC, 0x00, 0x07, 0xD0, 0x03, 0xF0, 0x00,
    0x2F, 0x00, 0x01, 0xF4, 0x00, 0xFC, 0x00, 0x0B, 0xC0, 0x00, 0x7D, 0x00, 0x3F, 0x00, 0x02, 0xF0,
    0x00, 0x1F, 0x40, 0x0F, 0xC0, 0x00, 0xBC, 0x00, 0x07, 0xD0, 0x03, 0xF0, 0x00, 0x2F, 0x00, 0x01,
    0xF4, 0x06, 0xFE, 0xAA, 0xAF, 0xEA, 0xAA, 0xFF, 0x47, 0xFF, 0xFF, 0xFF, 0xFF, 0xFF, 0xFF, 0xF8,
    0x7F, 0xFF, 0x03, 0xFF, 0xF4, 0x3F, 0xFF, 0x81, 0xBF, 0x90, 0x1B, 0xF9, 0x01, 0x7F, 0xD0, 0x03,
    0xF0, 0x00, 0x2F, 0x00, 0x01, 0xF4, 0x00, 0x3F, 0x00, 0x02, 0xF0, 0x00, 0x1F, 0x40, 0x03, 0xF0,
    0x00, 0x2F, 0x00, 0x01, 0xF4, 0x00, 0x3F, 0x00, 0x02, 0xF0, 0x00, 0x1F, 0x40, 0x03, 0xF0, 0x00,
    0x2F, 0x00, 0x01, 0xF4, 0x00, 0x3F, 0x00, 0x02, 0xF0, 0x00, 0x1F, 0x40, 0x03, 0xF0, 0x00, 0x2F,
    0x00, 0x01, 0xF4, 0x00, 0x3F, 0x00, 0x02, 0xF0, 0x00, 0x1F, 0x40, 0x03, 0xF0, 0x00, 0x2F, 0x00,
    0x01, 0xF4, 0x00, 0x3F, 0x00, 0x02, 0xF0, 0x00, 0x1F, 0x40, 0x03, 0xF0, 0x00, 0x2F, 0x00, 0x01,
    0xF4, 0x00, 0x3F, 0x00, 0x02, 0xF0, 0x00, 0x1F, 0x40, 0x03, 0xF0, 0x00, 0x2F, 0x00, 0x01, 0xF4,
    0x00, 0x3F, 0x00, 0x02, 0xF0, 0x00, 0x1F, 0x40, 0x03, 0xF0, 0x00, 0x2F, 0x00, 0x01, 0xF4, 0x01,
    0xBF, 0xAA, 0xAB, 0xFA, 0xAA, 0xBF, 0xE9, 0x7F, 0xFF, 0xFF, 0xFF, 0xFF, 0xFF, 0xFF, 0xD0, 0x00,
    0x00, 0x00, 0x00, 0x00, 0x00, 0x7D, 0x00, 0x00, 0x00, 0x00, 0x00, 0x00, 0x02, 0xD0, 0x00, 0x00,
    0x00, 0x00, 0x00, 0x00, 0x1D, 0x00, 0x00, 0x00, 0x00, 0x00, 0x00, 0x00, 0xD0, 0x00, 0x00, 0x00,
    0x00, 0x00, 0x00, 0x00, 0x2F, 0xFF, 0xFF, 0x00, 0x00, 0x3F, 0xA7, 0xF9, 0x00, 0x00, 0x3C, 0x03,
    0xE0, 0x00, 0x00, 0x38, 0x03, 0xE0, 0x00, 0x00, 0x74, 0x03, 0xE0, 0x00, 0x00, 0x60, 0x03, 0xE0,
    0x00, 0x00, 0x00, 0x03, 0xE0, 0x00, 0x00, 0x00, 0x03, 0xE0, 0x00, 0x00, 0x00, 0x03, 0xFF, 0xFE,
    0x00, 0x00, 0x03, 0xFA, 0xAF, 0xE0, 0x00, 0x03, 0xE0, 0x02, 0xF8, 0x00, 0x03, 0xE0, 0x00, 0xFC,
    0x00, 0x03, 0xE0, 0x00, 0xBD, 0x00, 0x03, 0xE0, 0x00, 0x7D, 0x00, 0x03, 0xE0, 0x00, 0xBD, 0x00,
    0x03, 0xE0, 0x00, 0xFC, 0x00, 0x03, 0xE0, 0x02, 0xF8, 0x00, 0x1B, 0xF5, 0x6F, 0xE0, 0x00, 0x7F,
    0xFF, 0xFE, 0x00, 0x7F, 0xFF, 0x00, 0x00, 0xFF, 0xFF, 0x1B, 0xF9, 0x00, 0x00, 0x5F, 0xF5, 0x03,
    0xF0, 0x00, 0x00, 0x07, 0xD0, 0x03, 0xF0, 0x00, 0x00, 0x07, 0xD0, 0x03, 0xF0, 0x00, 0x00, 0x07,
    0xD0, 0x03, 0xF0, 0x00, 0x00, 0x07, 0xD0, 0x03, 0xF0, 0x00, 0x00, 0x07, 0xD0, 0x03, 0xF0, 0x00,
    0x00, 0x07, 0xD0, 0x03, 0xFF, 0xFE, 0x00, 0x07, 0xD0, 0x03, 0xFA, 0xAF, 0xE0, 0x07, 0xD0, 0x03,
    0xF0, 0x02, 0xF8, 0x07, 0xD0, 0x03, 0xF0, 0x00, 0xFC, 0x07, 0xD0, 0x03, 0xF0, 0x00, 0xBC, 0x07,
    0xD0, 0x03, 0xF0, 0x00, 0xBD, 0x07, 0xD0, 0x03, 0xF0, 0x00, 0xBC, 0x07, 0xD0, 0x03, 0xF0, 0x00,
    0xFC, 0x07, 0xD0, 0x03, 0xF0, 0x02, 0xF4, 0x07, 0xD0, 0x1B, 0xF5, 0x6F, 0xD0, 0x5F, 0xF5, 0x7F,
    0xFF, 0xFA, 0x00, 0xFF, 0xFF, 0x7F, 0xFF, 0x00, 0x00, 0x1B, 0xF9, 0x00, 0x00, 0x03, 0xF0, 0x00,
    0x00, 0x03, 0xF0, 0x00, 0x00, 0x03, 0xF0, 0x00, 0x00, 0x03, 0xF0, 0x00, 0x00, 0x03, 0xF0, 0x00,
    0x00, 0x03, 0xF0, 0x00, 0x00, 0x03, 0xFF, 0xFE, 0x00, 0x03, 0xFA, 0xAF, 0xE0, 0x03, 0xF0, 0x02,
    0xF8, 0x03, 0xF0, 0x00, 0xFD, 0x03, 0xF0, 0x00, 0x7D, 0x03, 0xF0, 0x00, 0x7E, 0x03, 0xF0, 0x00,
    0x7D, 0x03, 0xF0, 0x00, 0xFC, 0x03, 0xF0, 0x02, 0xF8, 0x1B, 0xF5, 0x6F, 0xE0, 0x7F, 0xFF, 0xFE,
    0x00, 0x00, 0x01, 0x50, 0x00, 0x03, 0x8B, 0xFF, 0xD0, 0x00, 0xFF, 0x95, 0xFF, 0x00, 0x3F, 0x00,
    0x07, 0xE0, 0x0F, 0x00, 0x00, 0xBD, 0x03, 0xC0, 0x00, 0x0F, 0x80, 0x50, 0x00, 0x03, 0xF0, 0x00,
    0x00, 0x00, 0xBD, 0x00, 0x00, 0x00, 0x2F, 0x40, 0x1A, 0xAA, 0xAB, 0xD0, 0x0F, 0xFF, 0xFF, 0xF4,
    0x00, 0x00, 0x00, 0xBD, 0x00, 0x00, 0x00, 0x2F, 0x00, 0x00, 0x00, 0x0B, 0xC0, 0x00, 0x00, 0x03,
    0xF0, 0xF0, 0x00, 0x01, 0xF4, 0x2E, 0x00, 0x00, 0xFC, 0x03, 0xE0, 0x00, 0xFC, 0x00, 0x3F, 0xAA,
    0xFD, 0x00, 0x02, 0xFF, 0xF8, 0x00, 0x00, 0x05, 0x40, 0x00, 0x00, 0x00, 0x00, 0x00, 0x00, 0x05,
    0x00, 0x00, 0x7F, 0xFF, 0x00, 0x02, 0xFF, 0xF8, 0x00, 0x1B, 0xF9, 0x00, 0x0F, 0xE5, 0xBF, 0x40,
    0x03, 0xF0, 0x00, 0x3E, 0x00, 0x0F, 0xD0, 0x03, 0xF0, 0x00, 0xF8, 0x00, 0x03, 0xF0, 0x03, 0xF0,
    0x01, 0xF0, 0x00, 0x01, 0xF8, 0x03, 0xF0, 0x03, 0xF0, 0x00, 0x00, 0xFC, 0x03, 0xF0, 0x03, 0xE0,
    0x00, 0x00, 0xBC, 0x03, 0xF0, 0x03, 0xD0, 0x00, 0x00, 0xBD, 0x03, 0xFA, 0xAB, 0xD0, 0x00, 0x00,
    0x7D, 0x03, 0xFF, 0xFF, 0xD0, 0x00, 0x00, 0x7D, 0x03, 0xF0, 0x07, 0xD0, 0x00, 0x00, 0x7D, 0x03,
    0xF0, 0x03, 0xD0, 0x00, 0x00, 0xBC, 0x03, 0xF0, 0x03, 0xE0, 0x00, 0x00, 0xBC, 0x03, 0xF0, 0x03,
    0xF0, 0x00, 0x00, 0xF8, 0x03, 0xF0, 0x01, 0xF4, 0x00, 0x01, 0xF4, 0x03, 0xF0, 0x00, 0xFC, 0x00,
    0x03, 0xF0, 0x03, 0xF0, 0x00, 0x3F, 0x00, 0x0B, 0xC0, 0x1B, 0xF9, 0x00, 0x1F, 0xE5, 0xBF, 0x00,
    0x7F, 0xFF, 0x00, 0x02, 0xFF, 0xF8, 0x00, 0x00, 0x00, 0x00, 0x00, 0x05, 0x00, 0x00, 0x00, 0x06,
    0xFF, 0xFF, 0xD0, 0x03, 0xFA, 0x5F, 0xE4, 0x00, 0xFC, 0x00, 0xBC, 0x00, 0x2F, 0x00, 0x0B, 0xC0,
    0x03, 0xF0, 0x00, 0xBC, 0x00, 0x3F, 0x00, 0x0B, 0xC0, 0x03, 0xF0, 0x00, 0xBC, 0x00, 0x2F, 0x40,
    0x0B, 0xC0, 0x00, 0xFD, 0x00, 0xBC, 0x00, 0x01, 0xFF, 0xAF, 0xC0, 0x00, 0x02, 0xFF, 0xFC, 0x00,
    0x00, 0xF4, 0x0B, 0xC0, 0x00, 0x3D, 0x00, 0xBC, 0x00, 0x0B, 0xC0, 0x0B, 0xC0, 0x00, 0xF8, 0x00,
    0xBC, 0x00, 0x2F, 0x00, 0x0B, 0xC0, 0x03, 0xF0, 0x00, 0xBC, 0x06, 0xFD, 0x00, 0x6F, 0xE4, 0x7F,
    0x80, 0x2F, 0xFF, 0xD0, 0x00, 0x00, 0x00, 0x00, 0x00, 0x00, 0x00, 0x00, 0x7F, 0xF8, 0x00, 0x2E,
    0x57, 0xE0, 0x07, 0xC0, 0x0F, 0x40, 0x7D, 0x00, 0xF8, 0x02, 0x80, 0x0F, 0x80, 0x00, 0x00, 0xF8,
    0x00, 0x05, 0xAF, 0x80, 0x0B, 0xFE, 0xF8, 0x03, 0xF4, 0x0F, 0x80, 0x7D, 0x00, 0xF8, 0x0B, 0xC0,
    0x0F, 0x80, 0xBD, 0x02, 0xF8, 0x03, 0xFA, 0xFB, 0xE8, 0x1F, 0xFC, 0x3F, 0xC0, 0x14, 0x00, 0x50,
    0x00, 0x00, 0x00, 0x00, 0x00, 0x00, 0x1C, 0x00, 0x05, 0xAB, 0xC0, 0x07, 0xFF, 0xF8, 0x02, 0xFF,
    0xFE, 0x00, 0x7D, 0x00, 0x00, 0x0F, 0x00, 0x00, 0x01, 0xC0, 0x00, 0x00, 0x3C, 0x1A, 0x90, 0x03,
    0x8F, 0xFF, 0xC0, 0x3B, 0xC0, 0x3F, 0x07, 0xF0, 0x00, 0xF8, 0x7E, 0x00, 0x0B, 0xC7, 0xD0, 0x00,
    0x7D, 0x7D, 0x00, 0x07, 0xD7, 0xD0, 0x00, 0x7D, 0x7D, 0x00, 0x07, 0xD3, 0xE0, 0x00, 0x7C, 0x2F,
    0x00, 0x0F, 0x80, 0xF8, 0x01, 0xF0, 0x07, 0xE5, 0xBD, 0x00, 0x1F, 0xFF, 0x00, 0x00, 0x05, 0x00,
    0x00, 0x6A, 0xAA, 0x90, 0x1B, 0xFA, 0xBF, 0x40, 0xBC, 0x03, 0xF0, 0x2F, 0x00, 0xBC, 0x0B, 0xC0,
    0x2F, 0x02, 0xF0, 0x1F, 0x40, 0xBF, 0xFE, 0x00, 0x2F, 0xAB, 0xF8, 0x0B, 0xC0, 0x1F, 0x82, 0xF0,
    0x03, 0xF0, 0xBC, 0x00, 0xFC, 0x2F, 0x00, 0x7E, 0x1F, 0xD5, 0xBF, 0x2F, 0xFF, 0xF9, 0x00, 0x6A,
    0xAA, 0xA8, 0x7F, 0xEA, 0xFC, 0x0B, 0xC0, 0x3D, 0x0B, 0xC0, 0x1D, 0x0B, 0xC0, 0x0E, 0x0B, 0xC0,
    0x04, 0x0B, 0xC0, 0x00, 0x0B, 0xC0, 0x00, 0x0B, 0xC0, 0x00, 0x0B, 0xC0, 0x00, 0x0B, 0xC0, 0x00,
    0x0B, 0xC0, 0x00, 0x1F, 0xE5, 0x00, 0xBF, 0xFF, 0x00, 0x0A, 0xAA, 0xAA, 0xA8, 0x2F, 0xFF, 0xFF,
    0xE0, 0x0F, 0x00, 0xFC, 0x00, 0x3C, 0x03, 0xE0, 0x00, 0xF0, 0x0F, 0x80, 0x03, 0x80, 0x3E, 0x00,
    0x0E, 0x00, 0xF8, 0x00, 0x78, 0x03, 0xE0, 0x01, 0xD0, 0x0F, 0x80, 0x0B, 0x00, 0x3E, 0x00, 0x3C,
    0x00, 0xF8, 0x00, 0xE0, 0x03, 0xE0, 0x5B, 0x95, 0x5F, 0xD6, 0xFF, 0xFF, 0xFF, 0xFB, 0xC0, 0x00,
    0x0F, 0xED, 0x00, 0x00, 0x0F, 0xB0, 0x00, 0x00, 0x3E, 0xC0, 0x00, 0x00, 0xF0, 0x00, 0x00, 0x00,
    0x00, 0x00, 0x00, 0x00, 0x00, 0x2F, 0xF4, 0x00, 0x7E, 0x5F, 0x80, 0x7C, 0x00, 0xF4, 0x3E, 0x00,
    0x3E, 0x1F, 0x00, 0x0B, 0xCB, 0xC0, 0x03, 0xF2, 0xFF, 0xFF, 0xF8, 0xBD, 0x55, 0x54, 0x2F, 0x00,
    0x00, 0x07, 0xD0, 0x00, 0x00, 0xFC, 0x00, 0x00, 0x2F, 0x80, 0x0E, 0x03, 0xFE, 0xBF, 0x40, 0x2F,
    0xFE, 0x00, 0x00, 0x14, 0x00, 0x00, 0x00, 0x00, 0x00, 0x00, 0x00, 0x3F, 0x02, 0xAA, 0xA0, 0x3F,
    0x42, 0xFF, 0x07, 0xFF, 0x43, 0xFF, 0x0B, 0xCD, 0x03, 0xF0, 0x1C, 0xF8, 0x04, 0x3C, 0x0F, 0xC0,
    0xE0, 0x40, 0x00, 0x70, 0x3F, 0x03, 0x40, 0x00, 0x00, 0xF0, 0xFC, 0x3C, 0x00, 0x00, 0x00, 0xFF,
    0xFF, 0xD0, 0x00, 0x00, 0x2F, 0xAF, 0xEB, 0xF0, 0x00, 0x02, 0xF0, 0x3F, 0x03, 0xF0, 0x00, 0x0F,
    0x40, 0xFC, 0x07, 0xD0, 0x00, 0xBC, 0x03, 0xF0, 0x0F, 0x80, 0x03, 0xE0, 0x0F, 0xC0, 0x2F, 0x01,
    0xBF, 0x40, 0xBF, 0x90, 0x3F, 0x93, 0xF8, 0x0F, 0xFF, 0xC0, 0xBF, 0x00, 0x00, 0x00, 0x00, 0x00,
    0x00, 0x00, 0x00, 0x00, 0x39, 0xFF, 0x80, 0x3F, 0x57, 0xF0, 0x3C, 0x00, 0xF8, 0x38, 0x00, 0xF8,
    0x24, 0x00, 0xF4, 0x00, 0x03, 0xE0, 0x02, 0xFE, 0x00, 0x01, 0xAF, 0xE0, 0x00, 0x00, 0xF8, 0x28,
    0x00, 0xBC, 0xBD, 0x00, 0xBC, 0xBC, 0x00, 0xFC, 0x3D, 0x02, 0xF0, 0x0F, 0xFF, 0x80, 0x00, 0x54,
    0x00, 0x6A, 0xA8, 0x1A, 0xAA, 0x1B, 0xFE, 0x06, 0xFF, 0x80, 0xBC, 0x00, 0x2F, 0x00, 0x2F, 0x00,
    0x0B, 0xC0, 0x0B, 0xC0, 0x0F, 0xF0, 0x02, 0xF0, 0x0F, 0xBC, 0x00, 0xBC, 0x0F, 0x1F, 0x00, 0x2F,
    0x1F, 0x07, 0xC0, 0x0B, 0xDE, 0x01, 0xF0, 0x02, 0xFE, 0x00, 0x7C, 0x00, 0xBD, 0x00, 0x1F, 0x00,
    0x2F, 0x00, 0x07, 0xC0, 0x1F, 0xE4, 0x07, 0xF9, 0x2F, 0xFF, 0x07, 0xFF, 0xC0, 0x00, 0x00, 0x00,
    0x00, 0x00, 0x3D, 0x03, 0xE0, 0x00, 0x1F, 0x40, 0xFC, 0x00, 0x03, 0xD0, 0x3E, 0x00, 0x00, 0x2F,
    0xF9, 0x00, 0x00, 0x00, 0x00, 0x00, 0x00, 0x00, 0x00, 0x00, 0x01, 0xAA, 0xA0, 0x6A, 0xA8, 0x6F,
    0xF8, 0x1B, 0xFE, 0x02, 0xF0, 0x00, 0xBC, 0x00, 0xBC, 0x00, 0x2F, 0x00, 0x2F, 0x00, 0x3F, 0xC0,
    0x0B, 0xC0, 0x3E, 0xF0, 0x02, 0xF0, 0x3C, 0x7C, 0x00, 0xBC, 0x7C, 0x1F, 0x00, 0x2F, 0x78, 0x07,
    0xC0, 0x0B, 0xF8, 0x01, 0xF0, 0x02, 0xF4, 0x00, 0x7C, 0x00, 0xBC, 0x00, 0x1F, 0x00, 0x7F, 0x90,
    0x1F, 0xE4, 0xBF, 0xFC, 0x1F, 0xFF, 0x00, 0x00, 0x00, 0x00, 0x01, 0xAA, 0xA0, 0x3F, 0x46, 0xFF,
    0x83, 0xFF, 0x02, 0xF0, 0x1D, 0xF8, 0x0B, 0xC0, 0xB0, 0x40, 0x2F, 0x03, 0x40, 0x00, 0xBC, 0x3C,
    0x00, 0x02, 0xFF, 0xC0, 0x00, 0x0B, 0xEB, 0xF0, 0x00, 0x2F, 0x03, 0xF0, 0x00, 0xBC, 0x07, 0xD0,
    0x02, 0xF0, 0x0F, 0xC0, 0x0B, 0xC0, 0x2F, 0x40, 0x7F, 0x90, 0x3F, 0x9B, 0xFF, 0xC0, 0x7F, 0x40,
    0x00, 0x00, 0x00, 0x02, 0xAA, 0xAA, 0xA9, 0x02, 0xFF, 0xFF, 0xFD, 0x00, 0x38, 0x03, 0xD0, 0x00,
    0x38, 0x03, 0xD0, 0x00, 0x38, 0x03, 0xD0, 0x00, 0x38, 0x03, 0xD0, 0x00, 0x38, 0x03, 0xD0, 0x00,
    0x34, 0x03, 0xD0, 0x00, 0x74, 0x03, 0xD0, 0x00, 0xB0, 0x03, 0xD0, 0x00, 0xF0, 0x03, 0xD0, 0x3D,
    0xE0, 0x03, 0xD0, 0x7F, 0xC0, 0x1B, 0xF4, 0x7F, 0x40, 0x3F, 0xFE, 0x04, 0x00, 0x00, 0x00, 0x6A,
    0xA0, 0x00, 0x2A, 0xA1, 0xBF, 0xC0, 0x00, 0xFF, 0x80, 0xBF, 0x80, 0x0B, 0xF4, 0x02, 0xEF, 0x00,
    0x3B, 0xD0, 0x0B, 0x3E, 0x01, 0xDF, 0x40, 0x2C, 0xBC, 0x0E, 0x3D, 0x00, 0xB0, 0xF4, 0x70, 0xF4,
    0x02, 0xC3, 0xF3, 0x83, 0xD0, 0x0B, 0x07, 0xEC, 0x0F, 0x40, 0x2C, 0x0F, 0xE0, 0x3D, 0x00, 0xB0,
    0x1F, 0x00, 0xF4, 0x02, 0xC0, 0x10, 0x03, 0xD0, 0x1F, 0x90, 0x00, 0x6F, 0xD2, 0xFF, 0xC0, 0x03,
    0xFF, 0xD0, 0x6A, 0xA8, 0x1A, 0xAA, 0x1B, 0xFE, 0x06, 0xFF, 0x80, 0xBC, 0x00, 0x2F, 0x00, 0x2F,
    0x00, 0x07, 0xC0, 0x0B, 0xC0, 0x01, 0xF0, 0x02, 0xF0, 0x00, 0x7C, 0x00, 0xBE, 0xAA, 0xBF, 0x00,
    0x2F, 0xFF, 0xFF, 0xC0, 0x0B, 0xC0, 0x01, 0xF0, 0x02, 0xF0, 0x00, 0x7C, 0x00, 0xBC, 0x00, 0x1F,
    0x00, 0x2F, 0x00, 0x07, 0xC0, 0x1F, 0xE4, 0x07, 0xF9, 0x2F, 0xFF, 0x07, 0xFF, 0xC0, 0x00, 0x00,
    0x00, 0x00, 0x0B, 0xFE, 0x40, 0x07, 0xEA, 0xFE, 0x01, 0xF4, 0x02, 0xF4, 0x3E, 0x00, 0x0F, 0xC7,
    0xC0, 0x00, 0xBD, 0xBC, 0x00, 0x07, 0xDB, 0xC0, 0x00, 0x3E, 0xBC, 0x00, 0x03, 0xEB, 0xC0, 0x00,
    0x3D, 0xBD, 0x00, 0x07, 0xC3, 0xF0, 0x00, 0xBC, 0x2F, 0x40, 0x0F, 0x40, 0xFE, 0x5B, 0xE0, 0x02,
    0xFF, 0xF4, 0x00, 0x00, 0x50, 0x00, 0x6A, 0xAA, 0xAA, 0xAA, 0x1F, 0xFF, 0xFF, 0xFF, 0x80, 0xBC,
    0x00, 0x2F, 0x00, 0x2F, 0x00, 0x0B, 0xC0, 0x0B, 0xC0, 0x02, 0xF0, 0x02, 0xF0, 0x00, 0xBC, 0x00,
    0xBC, 0x00, 0x2F, 0x00, 0x2F, 0x00, 0x0B, 0xC0, 0x0B, 0xC0, 0x02, 0xF0, 0x02, 0xF0, 0x00, 0xBC,
    0x00, 0xBC, 0x00, 0x2F, 0x00, 0x2F, 0x00, 0x0B, 0xC0, 0x1F, 0xE4, 0x07, 0xF9, 0x2F, 0xFF, 0x0B,
    0xFF, 0xC0, 0x00, 0x00, 0x00, 0x00, 0x2F, 0xC1, 0xFF, 0x80, 0x3F, 0xCB, 0xFF, 0xF0, 0x03, 0xEC,
    0x02, 0xF8, 0x03, 0xF0, 0x00, 0xFC, 0x03, 0xE0, 0x00, 0xBC, 0x03, 0xE0, 0x00, 0x7D, 0x03, 0xE0,
    0x00, 0x7D, 0x03, 0xE0, 0x00, 0x7D, 0x03, 0xE0, 0x00, 0x7D, 0x03, 0xE0, 0x00, 0xBC, 0x03, 0xE0,
    0x00, 0xFC, 0x03, 0xE0, 0x02, 0xF4, 0x03, 0xFE, 0x5F, 0xE0, 0x03, 0xFF, 0xFF, 0x40, 0x03, 0xE0,
    0x50, 0x00, 0x03, 0xE0, 0x00, 0x00, 0x03, 0xE0, 0x00, 0x00, 0x03, 0xE0, 0x00, 0x00, 0x2F, 0xF9,
    0x00, 0x00, 0x3F, 0xFF, 0x00, 0x00, 0x00, 0x00, 0x00, 0x00, 0xBF, 0xE0, 0x07, 0xE5, 0xFC, 0x1F,
    0x40, 0x3E, 0x3E, 0x00, 0xBE, 0x7D, 0x00, 0x7D, 0xBC, 0x00, 0x00, 0xBC, 0x00, 0x00, 0xBC, 0x00,
    0x00, 0xBC, 0x00, 0x00, 0x7D, 0x00, 0x00, 0x3F, 0x00, 0x00, 0x2F, 0xC0, 0x0D, 0x0F, 0xFE, 0xFC,
    0x02, 0xFF, 0xE0, 0x00, 0x05, 0x00, 0x1A, 0xAA, 0xAA, 0xA0, 0xBE, 0xBF, 0xAF, 0xD3, 0xD0, 0x7C,
    0x0B, 0x8F, 0x01, 0xF0, 0x0E, 0x34, 0x07, 0xC0, 0x2C, 0x00, 0x1F, 0x00, 0x00, 0x00, 0x7C, 0x00,
    0x00, 0x01, 0xF0, 0x00, 0x00, 0x07, 0xC0, 0x00, 0x00, 0x1F, 0x00, 0x00, 0x00, 0x7C, 0x00, 0x00,
    0x01, 0xF0, 0x00, 0x00, 0x1F, 0xE4, 0x00, 0x01, 0xFF, 0xF0, 0x00, 0x6A, 0xA8, 0x0A, 0xA9, 0x7F,
    0xF8, 0x0B, 0xFD, 0x0F, 0xC0, 0x01, 0xE0, 0x07, 0xD0, 0x02, 0xC0, 0x03, 0xF0, 0x03, 0x80, 0x02,
    0xF0, 0x07, 0x40, 0x00, 0xF8, 0x0F, 0x00, 0x00, 0xBC, 0x1D, 0x00, 0x00, 0x7D, 0x2C, 0x00, 0x00,
    0x3F, 0x38, 0x00, 0x00, 0x1F, 0xB0, 0x00, 0x00, 0x0F, 0xE0, 0x00, 0x00, 0x0B, 0xD0, 0x00, 0x00,
    0x03, 0xC0, 0x00, 0x00, 0x07, 0x40, 0x00, 0x00, 0x0B, 0x00, 0x00, 0x28, 0x0E, 0x00, 0x00, 0xBD,
    0x2C, 0x00, 0x00, 0xBE, 0xB4, 0x00, 0x00, 0x3F, 0xD0, 0x00, 0x00, 0x00, 0x00, 0x00, 0x00, 0x00,
    0x02, 0xA8, 0x00, 0x00, 0x00, 0x07, 0xFD, 0x00, 0x00, 0x00, 0x00, 0x7D, 0x00, 0x00, 0x00, 0x00,
    0x3D, 0x00, 0x00, 0x00, 0x00, 0x3D, 0x00, 0x00, 0x00, 0x00, 0x3D, 0x00, 0x00, 0x00, 0x00, 0x3D,
    0x00, 0x00, 0x02, 0xFE, 0x3D, 0x7F, 0xD0, 0x0F, 0xFB, 0xFF, 0xFF, 0xF4, 0x2F, 0x40, 0xFF, 0x00,
    0xFC, 0x3E, 0x00, 0x3D, 0x00, 0x3E, 0x7C, 0x00, 0x3D, 0x00, 0x3F, 0xBC, 0x00, 0x3D, 0x00, 0x3F,
    0xBC, 0x00, 0x3D, 0x00, 0x2F, 0xBC, 0x00, 0x3D, 0x00, 0x2F, 0xBC, 0x00, 0x3D, 0x00, 0x3F, 0xBC,
    0x00, 0x3D, 0x00, 0x3E, 0x7D, 0x00, 0x3D, 0x00, 0x3D, 0x3F, 0x00, 0x7E, 0x00, 0xFC, 0x1F, 0xD6,
    0xFF, 0xD7, 0xF4, 0x07, 0xFF, 0x7E, 0xFF, 0xD0, 0x00, 0x50, 0x3D, 0x04, 0x00, 0x00, 0x00, 0x3D,
    0x00, 0x00, 0x00, 0x00, 0x3D, 0x00, 0x00, 0x00, 0x00, 0x3D, 0x00, 0x00, 0x00, 0x01, 0xFF, 0x90,
    0x00, 0x00, 0x07, 0xFF, 0xF0, 0x00, 0x6A, 0xA8, 0x2A, 0xA4, 0xBF, 0xF8, 0x2F, 0xF4, 0x0B, 0xD0,
    0x0B, 0x40, 0x03, 0xF0, 0x1E, 0x00, 0x00, 0xFC, 0x38, 0x00, 0x00, 0x3F, 0xF0, 0x00, 0x00, 0x1F,
    0xC0, 0x00, 0x00, 0x0F, 0xD0, 0x00, 0x00, 0x2F, 0xF0, 0x00, 0x00, 0xB4, 0xFC, 0x00, 0x01, 0xE0,
    0x3F, 0x00, 0x03, 0xC0, 0x1F, 0x80, 0x2F, 0xD0, 0x6F, 0xF4, 0xFF, 0xF4, 0xFF, 0xFD, 0x6A, 0xA8,
    0x1A, 0xAA, 0x1B, 0xFE, 0x06, 0xFF, 0x80, 0xBC, 0x00, 0x2F, 0x00, 0x2F, 0x00, 0x0B, 0xC0, 0x0B,
    0xC0, 0x02, 0xF0, 0x02, 0xF0, 0x00, 0xBC, 0x00, 0xBC, 0x00, 0x2F, 0x00, 0x2F, 0x00, 0x0B, 0xC0,
    0x0B, 0xC0, 0x02, 0xF0, 0x02, 0xF0, 0x00, 0xBC, 0x00, 0xBC, 0x00, 0x2F, 0x00, 0x2F, 0x00, 0x0B,
    0xC0, 0x2F, 0xD5, 0x57, 0xF5, 0x6F, 0xFF, 0xFF, 0xFF, 0xF0, 0x00, 0x00, 0x00, 0xBC, 0x00, 0x00,
    0x00, 0x0F, 0x00, 0x00, 0x00, 0x03, 0xC0, 0x00, 0x00, 0x00, 0xA0, 0x6A, 0xA8, 0x2A, 0xA9, 0x6F,
    0xF8, 0x2F, 0xF9, 0x0B, 0xC0, 0x03, 0xE0, 0x07, 0xC0, 0x03, 0xE0, 0x07, 0xC0, 0x03, 0xE0, 0x07,
    0xC0, 0x03, 0xE0, 0x07, 0xD0, 0x03, 0xE0, 0x03, 0xF4, 0x1F, 0xE0, 0x01, 0xFF, 0xF7, 0xE0, 0x00,
    0x1A, 0x43, 0xE0, 0x00, 0x00, 0x03, 0xE0, 0x00, 0x00, 0x03, 0xE0, 0x00, 0x00, 0x1B, 0xF4, 0x00,
    0x00, 0x3F, 0xFE, 0x6A, 0xA8, 0x2A, 0xA9, 0x1A, 0xAA, 0x6F, 0xF8, 0x2F, 0xF8, 0x1F, 0xFD, 0x0B,
    0xC0, 0x03, 0xD0, 0x03, 0xF0, 0x0B, 0xC0, 0x03, 0xD0, 0x02, 0xF0, 0x0B, 0xC0, 0x03, 0xD0, 0x02,
    0xF0, 0x0B, 0xC0, 0x03, 0xD0, 0x02, 0xF0, 0x0B, 0xC0, 0x03, 0xD0, 0x02, 0xF0, 0x0B, 0xC0, 0x03,
    0xD0, 0x02, 0xF0, 0x0B, 0xC0, 0x03, 0xD0, 0x02, 0xF0, 0x0B, 0xC0, 0x03, 0xD0, 0x02, 0xF0, 0x0B,
    0xC0, 0x03, 0xD0, 0x02, 0xF0, 0x0B, 0xC0, 0x03, 0xD0, 0x02, 0xF0, 0x2F, 0xD5, 0x5B, 0xE5, 0x57,
    0xF9, 0xBF, 0xFF, 0xFF, 0xFF, 0xFF, 0xFF, 0x6A, 0xA8, 0x2A, 0xA9, 0x1A, 0xAA, 0x1B, 0xFE, 0x0B,
    0xFE, 0x07, 0xFF, 0x40, 0xBC, 0x00, 0x3D, 0x00, 0x3F, 0x00, 0x2F, 0x00, 0x0F, 0x40, 0x0B, 0xC0,
    0x0B, 0xC0, 0x03, 0xD0, 0x02, 0xF0, 0x02, 0xF0, 0x00, 0xF4, 0x00, 0xBC, 0x00, 0xBC, 0x00, 0x3D,
    0x00, 0x2F, 0x00, 0x2F, 0x00, 0x0F, 0x40, 0x0B, 0xC0, 0x0B, 0xC0, 0x03, 0xD0, 0x02, 0xF0, 0x02,
    0xF0, 0x00, 0xF4, 0x00, 0xBC, 0x00, 0xBC, 0x00, 0x3D, 0x00, 0x2F, 0x00, 0x2F, 0x00, 0x0F, 0x40,
    0x0B, 0xC0, 0x2F, 0xD5, 0x5B, 0xE5, 0x57, 0xF5, 0x6F, 0xFF, 0xFF, 0xFF, 0xFF, 0xFF, 0xF0, 0x00,
    0x00, 0x00, 0x00, 0x00, 0xBC, 0x00, 0x00, 0x00, 0x00, 0x00, 0x0F, 0x00, 0x00, 0x00, 0x00, 0x00,
    0x03, 0xC0, 0x00, 0x00, 0x00, 0x00, 0x00, 0xA0, 0x1A, 0xAA, 0xA4, 0x00, 0x0F, 0xEB, 0xF9, 0x00,
    0x03, 0xC0, 0xF8, 0x00, 0x00, 0xE0, 0x3D, 0x00, 0x00, 0x34, 0x0F, 0x40, 0x00, 0x00, 0x03, 0xE1,
    0x40, 0x00, 0x00, 0xFF, 0xFF, 0x80, 0x00, 0x3E, 0x02, 0xFC, 0x00, 0x0F, 0x40, 0x2F, 0x40, 0x03,
    0xD0, 0x07, 0xD0, 0x00, 0xF4, 0x01, 0xF4, 0x00, 0x3D, 0x00, 0xFC, 0x00, 0x6F, 0x95, 0xFC, 0x00,
    0x3F, 0xFF, 0xE4, 0x00, 0x6A, 0xA8, 0x00, 0x1A, 0xAA, 0x6F, 0xF8, 0x00, 0x1F, 0xFD, 0x0B, 0xC0,
    0x00, 0x03, 0xF0, 0x0B, 0xC0, 0x00, 0x03, 0xF0, 0x0B, 0xC0, 0x00, 0x03, 0xF0, 0x0B, 0xC5, 0x40,
    0x03, 0xF0, 0x0B, 0xFF, 0xFC, 0x03, 0xF0, 0x0B, 0xC0, 0x7F, 0x03, 0xF0, 0x0B, 0xC0, 0x1F, 0x43,
    0xF0, 0x0B, 0xC0, 0x0F, 0x83, 0xF0, 0x0B, 0xC0, 0x0F, 0x43, 0xF0, 0x0B, 0xC0, 0x2F, 0x03, 0xF0,
    0x1F, 0xD5, 0xBD, 0x07, 0xF9, 0xBF, 0xFF, 0xE0, 0x3F, 0xFF, 0x6A, 0xA8, 0x00, 0x1B, 0xFE, 0x00,
    0x00, 0xBC, 0x00, 0x00, 0x2F, 0x00, 0x00, 0x0B, 0xC0, 0x00, 0x02, 0xF1, 0x50, 0x00, 0xBF, 0xFF,
    0xD0, 0x2F, 0x01, 0xFD, 0x0B, 0xC0, 0x0F, 0x82, 0xF0, 0x03, 0xF0, 0xBC, 0x00, 0xF8, 0x2F, 0x00,
    0x7D, 0x1F, 0xD5, 0xBE, 0x2F, 0xFF, 0xF8, 0x00, 0x00, 0x00, 0x00, 0x36, 0xFF, 0x80, 0x3F, 0x57,
    0xF0, 0x3C, 0x00, 0xF8, 0x38, 0x00, 0x7C, 0x34, 0x00, 0x3D, 0x00, 0x00, 0x3E, 0x02, 0xFF, 0xFE,
    0x01, 0xAA, 0xBE, 0x00, 0x00, 0x3E, 0x28, 0x00, 0x3D, 0xBD, 0x00, 0xBC, 0xBC, 0x00, 0xF4, 0x3D,
    0x07, 0xE0, 0x1F, 0xFF, 0x40, 0x00, 0x50, 0x00, 0x00, 0x00, 0x00, 0x00, 0x00, 0x06, 0xAA, 0x80,
    0x0B, 0xFE, 0x00, 0x6F, 0xF8, 0x07, 0xEA, 0xFD, 0x00, 0xBC, 0x00, 0xF4, 0x03, 0xF0, 0x0B, 0xC0,
    0x2F, 0x00, 0x0F, 0x80, 0xBC, 0x03, 0xD0, 0x00, 0xFC, 0x0B, 0xC0, 0x7D, 0x00, 0x0B, 0xC0, 0xBE,
    0xAF, 0xC0, 0x00, 0xBC, 0x0B, 0xFF, 0xFC, 0x00, 0x07, 0xC0, 0xBC, 0x07, 0xD0, 0x00, 0xBC, 0x0B,
    0xC0, 0x7E, 0x00, 0x0B, 0xC0, 0xBC, 0x03, 0xF0, 0x00, 0xF8, 0x0B, 0xC0, 0x1F, 0x80, 0x2F, 0x01,
    0xFE, 0x40, 0xBE, 0x5B, 0xD0, 0xBF, 0xFC, 0x02, 0xFF, 0xE0, 0x00, 0x00, 0x00, 0x00, 0x50, 0x00,
    0x00, 0x1A, 0xAA, 0xA8, 0x07, 0xFA, 0xBF, 0xE0, 0x3F, 0x00, 0xBC, 0x01, 0xF4, 0x02, 0xF0, 0x07,
    0xD0, 0x0B, 0xC0, 0x0F, 0x80, 0x2F, 0x00, 0x2F, 0x90, 0xBC, 0x00, 0x07, 0xFF, 0xF0, 0x00, 0x3D,
    0x0B, 0xC0, 0x03, 0xD0, 0x2F, 0x00, 0x1F, 0x00, 0xBC, 0x00, 0xFC, 0x02, 0xF0, 0x1B, 0xD0, 0x1F,
    0xE4, 0xFF, 0x02, 0xFF, 0xF0, 0x50, 0x00, 0x00, 0x00, 0x00, 0x00, 0x00, 0x01, 0xF4, 0x3F, 0x00,
    0xBF, 0x0F, 0xC0, 0x1F, 0x43, 0xF0, 0x00, 0x00, 0x00, 0x00, 0x00, 0x00, 0x00, 0x00, 0x00, 0x00,
    0x02, 0xFF, 0x40, 0x07, 0xE5, 0xF8, 0x07, 0xC0, 0x0F, 0x43, 0xE0, 0x03, 0xE1, 0xF0, 0x00, 0xBC,
    0xBC, 0x00, 0x3F, 0x2F, 0xFF, 0xFF, 0x8B, 0xD5, 0x55, 0x42, 0xF0, 0x00, 0x00, 0x7D, 0x00, 0x00,
    0x0F, 0xC0, 0x00, 0x02, 0xF8, 0x00, 0xE0, 0x3F, 0xEB, 0xF4, 0x02, 0xFF, 0xE0, 0x00, 0x01, 0x40,
    0x00, 0x1A, 0xA0, 0x00, 0x00, 0xBF, 0xC0, 0x00, 0x00, 0x2F, 0x00, 0x00, 0x00, 0xBC, 0x00, 0x00,
    0x3F, 0xFF, 0xF0, 0x00, 0xAF, 0xEA, 0x80, 0x00, 0x2F, 0x00, 0x00, 0x00, 0xBC, 0x2F, 0xF0, 0x02,
    0xF7, 0xFF, 0xF0, 0x0B, 0xF4, 0x07, 0xE0, 0x2F, 0x80, 0x0F, 0xC0, 0xBC, 0x00, 0x2F, 0x02, 0xF0,
    0x00, 0xBC, 0x0B, 0xC0, 0x02, 0xF0, 0x2F, 0x00, 0x0B, 0xC0, 0xBC, 0x00, 0x2F, 0x02, 0xF0, 0x00,
    0xBC, 0x0B, 0xC0, 0x02, 0xF0, 0x2F, 0x00, 0x0B, 0xC1, 0xFE, 0x40, 0x2F, 0x2F, 0xFF, 0x00, 0xBC,
    0x00, 0x00, 0x02, 0xF0, 0x00, 0x00, 0x0F, 0x80, 0x00, 0x00, 0x3D, 0x00, 0x00, 0x02, 0xF0, 0x00,
    0x00, 0x1F, 0x00, 0x00, 0x00, 0xB0, 0x00, 0x00, 0x00, 0x00, 0x00, 0x01, 0xC0, 0x00, 0x07, 0xE0,
    0x00, 0x0F, 0xC0, 0x00, 0x2E, 0x00, 0x00, 0x74, 0x00, 0x00, 0x00, 0x00, 0x00, 0x00, 0x00, 0x6A,
    0xAA, 0xA8, 0x7F, 0xEA, 0xFC, 0x0B, 0xC0, 0x3D, 0x0B, 0xC0, 0x1D, 0x0B, 0xC0, 0x0E, 0x0B, 0xC0,
    0x04, 0x0B, 0xC0, 0x00, 0x0B, 0xC0, 0x00, 0x0B, 0xC0, 0x00, 0x0B, 0xC0, 0x00, 0x0B, 0xC0, 0x00,
    0x0B, 0xC0, 0x00, 0x1F, 0xE5, 0x00, 0xBF, 0xFF, 0x00, 0x00, 0x00, 0x00, 0x00, 0xBF, 0xE0, 0x07,
    0xE5, 0xBC, 0x1F, 0x40, 0x3D, 0x3E, 0x00, 0xBE, 0x7D, 0x00, 0x3C, 0xBC, 0x00, 0x00, 0xBF, 0xFF,
    0x80, 0xBE, 0xAA, 0x80, 0xBC, 0x00, 0x00, 0x7D, 0x00, 0x00, 0x3F, 0x00, 0x00, 0x2F, 0x80, 0x1D,
    0x0F, 0xFE, 0xFC, 0x02, 0xFF, 0xE0, 0x00, 0x15, 0x00, 0x00, 0x00, 0x00, 0x1F, 0xFA, 0x82, 0xF5,
    0xBF, 0x0F, 0x00, 0x7C, 0x7C, 0x00, 0xB1, 0xF4, 0x00, 0x43, 0xFD, 0x00, 0x07, 0xFF, 0xD0, 0x02,
    0xFF, 0xE0, 0x00, 0x2F, 0xC1, 0x00, 0x0F, 0x6C, 0x00, 0x3D, 0xBC, 0x00, 0xF1, 0xFD, 0x1F, 0x87,
    0xBF, 0xF8, 0x04, 0x15, 0x00, 0x01, 0x00, 0x0F, 0xC0, 0x1F, 0xC0, 0x0F, 0x80, 0x00, 0x00, 0x00,
    0x00, 0x00, 0x00, 0x6B, 0xC0, 0xBF, 0xC0, 0x0B, 0xC0, 0x0B, 0xC0, 0x0B, 0xC0, 0x0B, 0xC0, 0x0B,
    0xC0, 0x0B, 0xC0, 0x0B, 0xC0, 0x0B, 0xC0, 0x0B, 0xC0, 0x0B, 0xC0, 0x6F, 0xE4, 0xFF, 0xFD, 0x00,
    0x00, 0x03, 0xE0, 0xBC, 0x7F, 0x0F, 0xD3, 0xE0, 0xBC, 0x00, 0x00, 0x00, 0x00, 0x00, 0x00, 0x00,
    0x00, 0x6B, 0xC0, 0x0B, 0xFC, 0x00, 0x0B, 0xC0, 0x00, 0xBC, 0x00, 0x0B, 0xC0, 0x00, 0xBC, 0x00,
    0x0B, 0xC0, 0x00, 0xBC, 0x00, 0x0B, 0xC0, 0x00, 0xBC, 0x00, 0x0B, 0xC0, 0x00, 0xBC, 0x00, 0x6F,
    0xE4, 0x0F, 0xFF, 0xD0, 0x00, 0x40, 0x7E, 0x0B, 0xF0, 0x7E, 0x00, 0x00, 0x00, 0x00, 0x02, 0xAE,
    0x3F, 0xF0, 0x3F, 0x02, 0xF0, 0x2F, 0x02, 0xF0, 0x2F, 0x02, 0xF0, 0x2F, 0x02, 0xF0, 0x2F, 0x02,
    0xF0, 0x2F, 0x02, 0xE0, 0x3E, 0x03, 0xD0, 0x3C, 0x0B, 0x81, 0xF0, 0x38, 0x00, 0x00, 0x02, 0xAA,
    0xAA, 0xA9, 0x00, 0x00, 0x2F, 0xFF, 0xFF, 0x80, 0x00, 0x00, 0x38, 0x07, 0xD0, 0x00, 0x00, 0x03,
    0x80, 0x7D, 0x00, 0x00, 0x00, 0x38, 0x07, 0xD0, 0x00, 0x00, 0x03, 0x40, 0x7D, 0x14, 0x00, 0x00,
    0x34, 0x07, 0xFF, 0xFE, 0x00, 0x07, 0x40, 0x7D, 0x02, 0xF8, 0x00, 0x70, 0x07, 0xD0, 0x0F, 0xC0,
    0x0B, 0x00, 0x7D, 0x00, 0xBC, 0x00, 0xF0, 0x07, 0xD0, 0x0B, 0xC3, 0xDD, 0x00, 0x7D, 0x00, 0xF8,
    0xBF, 0xC0, 0x1B, 0xE5, 0x7F, 0x07, 0xF4, 0x03, 0xFF, 0xFE, 0x40, 0x04, 0x00, 0x00, 0x00, 0x00,
    0x00, 0x6A, 0xA8, 0x1A, 0xAA, 0x00, 0x06, 0xFF, 0x81, 0xFF, 0xE0, 0x00, 0x0B, 0xC0, 0x02, 0xF0,
    0x00, 0x00, 0xBC, 0x00, 0x2F, 0x00, 0x00, 0x0B, 0xC0, 0x02, 0xF0, 0x00, 0x00, 0xBC, 0x00, 0x2F,
    0x15, 0x00, 0x0B, 0xFF, 0xFF, 0xFF, 0xFF, 0x40, 0xBF, 0xFF, 0xFF, 0x01, 0xFC, 0x0B, 0xC0, 0x02,
    0xF0, 0x07, 0xE0, 0xBC, 0x00, 0x2F, 0x00, 0x3E, 0x0B, 0xC0, 0x02, 0xF0, 0x03, 0xE0, 0xBC, 0x00,
    0x2F, 0x00, 0xBC, 0x1F, 0xE4, 0x07, 0xF5, 0x6F, 0x8B, 0xFF, 0xC2, 0xFF, 0xFF, 0x80, 0x1A, 0xA0,
    0x00, 0x00, 0x02, 0xFF, 0x00, 0x00, 0x00, 0x02, 0xF0, 0x00, 0x00, 0x00, 0x2F, 0x00, 0x00, 0x00,
    0xBF, 0xFF, 0xD0, 0x00, 0x06, 0xBF, 0xA8, 0x00, 0x00, 0x02, 0xF0, 0x00, 0x00, 0x00, 0x2F, 0x0B,
    0xF8, 0x00, 0x02, 0xF7, 0xFF, 0xF0, 0x00, 0x2F, 0xD0, 0x1F, 0x80, 0x02, 0xF8, 0x00, 0xFC, 0x00,
    0x2F, 0x00, 0x0B, 0xC0, 0x02, 0xF0, 0x00, 0xBC, 0x00, 0x2F, 0x00, 0x0B, 0xC0, 0x02, 0xF0, 0x00,
    0xBC, 0x00, 0x2F, 0x00, 0x0B, 0xC0, 0x02, 0xF0, 0x00, 0xBC, 0x00, 0x2F, 0x00, 0x0B, 0xC0, 0x02,
    0xF0, 0x00, 0xBC, 0x00, 0x7F, 0x90, 0x1F, 0xE4, 0x2F, 0xFF, 0x0B, 0xFF, 0xC0, 0x00, 0x00, 0x28,
    0x00, 0x00, 0x02, 0xF0, 0x00, 0x00, 0x1F, 0x80, 0x00, 0x00, 0xF4, 0x00, 0x00, 0x0B, 0x00, 0x00,
    0x00, 0x00, 0x00, 0x00, 0x00, 0x00, 0x00, 0x1A, 0xAA, 0x03, 0xF4, 0x6F, 0xF8, 0x3F, 0xF0, 0x2F,
    0x01, 0xDF, 0x80, 0xBC, 0x0B, 0x04, 0x02, 0xF0, 0x34, 0x00, 0x0B, 0xC3, 0xC0, 0x00, 0x2F, 0xFC,
    0x00, 0x00, 0xBE, 0xBF, 0x00, 0x02, 0xF0, 0x3F, 0x00, 0x0B, 0xC0, 0x7D, 0x00, 0x2F, 0x00, 0xFC,
    0x00, 0xBC, 0x02, 0xF4, 0x07, 0xF9, 0x03, 0xF9, 0xBF, 0xFC, 0x07, 0xF4, 0x00, 0x00, 0x00, 0x00,
    0x00, 0x1C, 0x00, 0x00, 0x00, 0x0B, 0xC0, 0x00, 0x00, 0x01, 0xFC, 0x00, 0x00, 0x00, 0x0F, 0x80,
    0x00, 0x00, 0x00, 0x70, 0x00, 0x00, 0x00, 0x00, 0x00, 0x00, 0x00, 0x00, 0x00, 0x01, 0xAA, 0xA0,
    0x6A, 0xA8, 0x6F, 0xF8, 0x1B, 0xFE, 0x02, 0xF0, 0x00, 0xBC, 0x00, 0xBC, 0x00, 0x2F, 0x00, 0x2F,
    0x00, 0x3F, 0xC0, 0x0B, 0xC0, 0x3E, 0xF0, 0x02, 0xF0, 0x3C, 0x7C, 0x00, 0xBC, 0x7C, 0x1F, 0x00,
    0x2F, 0x78, 0x07, 0xC0, 0x0B, 0xF8, 0x01, 0xF0, 0x02, 0xF4, 0x00, 0x7C, 0x00, 0xBC, 0x00, 0x1F,
    0x00, 0x7F, 0x90, 0x1F, 0xE4, 0xBF, 0xFC, 0x1F, 0xFF, 0x00, 0x00, 0x00, 0x00, 0x00, 0x00, 0xF8,
    0x0F, 0xC0, 0x01, 0xF8, 0x0F, 0xC0, 0x00, 0xF4, 0x0B, 0x80, 0x00, 0x2F, 0xFD, 0x00, 0x00, 0x00,
    0x00, 0x00, 0x00, 0x00, 0x00, 0x00, 0x6A, 0xA8, 0x0A, 0xA9, 0x7F, 0xF8, 0x0B, 0xFD, 0x0F, 0xC0,
    0x01, 0xE0, 0x07, 0xD0, 0x02, 0xC0, 0x03, 0xF0, 0x03, 0x80, 0x02, 0xF0, 0x07, 0x40, 0x00, 0xF8,
    0x0F, 0x00, 0x00, 0xBC, 0x1D, 0x00, 0x00, 0x7D, 0x2C, 0x00, 0x00, 0x3F, 0x38, 0x00, 0x00, 0x1F,
    0xB0, 0x00, 0x00, 0x0F, 0xE0, 0x00, 0x00, 0x0B, 0xD0, 0x00, 0x00, 0x03, 0xC0, 0x00, 0x00, 0x07,
    0x40, 0x00, 0x00, 0x0B, 0x00, 0x00, 0x28, 0x0E, 0x00, 0x00, 0xBD, 0x2C, 0x00, 0x00, 0xBE, 0xB4,
    0x00, 0x00, 0x3F, 0xD0, 0x00, 0x00, 0x00, 0x00, 0x00, 0x00, 0x6A, 0xA8, 0x1A, 0xAA, 0x1B, 0xFE,
    0x06, 0xFF, 0x80, 0xBC, 0x00, 0x2F, 0x00, 0x2F, 0x00, 0x07, 0xC0, 0x0B, 0xC0, 0x01, 0xF0, 0x02,
    0xF0, 0x00, 0x7C, 0x00, 0xBC, 0x00, 0x1F, 0x00, 0x2F, 0x00, 0x07, 0xC0, 0x0B, 0xC0, 0x01, 0xF0,
    0x02, 0xF0, 0x00, 0x7C, 0x00, 0xBC, 0x00, 0x1F, 0x00, 0x2F, 0x00, 0x07, 0xC0, 0x2F, 0xD5, 0x56,
    0xF9, 0x2F, 0xFF, 0xFF, 0xFF, 0xC0, 0x00, 0x3E, 0x00, 0x00, 0x00, 0x0F, 0x40, 0x00, 0x00, 0x02,
    0xC0, 0x00, 0x00, 0x00, 0x70, 0x00, 0x00, 0x00, 0x00, 0x00, 0x00, 0x00, 0x00, 0x00, 0xE0, 0x00,
    0x00, 0x07, 0x40, 0x00, 0x00, 0x3C, 0x00, 0x00, 0x02, 0xF1, 0xFF, 0xFF, 0xFF, 0xC1, 0xBF, 0x55,
    0x55, 0x00, 0xFC, 0x00, 0x00, 0x03, 0xF0, 0x00, 0x00, 0x0F, 0xC0, 0x00, 0x00, 0x3F, 0x00, 0x00,
    0x00, 0xFC, 0x00, 0x00, 0x03, 0xF0, 0x00, 0x00, 0x0F, 0xC0, 0x00, 0x00, 0x3F, 0x00, 0x00, 0x00,
    0xFC, 0x00, 0x00, 0x03, 0xF0, 0x00, 0x00, 0x0F, 0xC0, 0x00, 0x00, 0x3F, 0x00, 0x00, 0x00, 0xFC,
    0x00, 0x00, 0x03, 0xF0, 0x00, 0x00, 0x0F, 0xC0, 0x00, 0x01, 0xBF, 0x90, 0x00, 0x1F, 0xFF, 0xE0,
    0x00, 0x00, 0x00, 0x04, 0x00, 0x00, 0x0D, 0x00, 0x00, 0x2C, 0x00, 0x00, 0x3C, 0x6A, 0xAB, 0xFC,
    0x7F, 0xEA, 0xA8, 0x0B, 0xC0, 0x00, 0x0B, 0xC0, 0x00, 0x0B, 0xC0, 0x00, 0x0B, 0xC0, 0x00, 0x0B,
    0xC0, 0x00, 0x0B, 0xC0, 0x00, 0x0B, 0xC0, 0x00, 0x0B, 0xC0, 0x00, 0x0B, 0xC0, 0x00, 0x0B, 0xC0,
    0x00, 0x1F, 0xE5, 0x00, 0xBF, 0xFF, 0x00, 0xBF, 0xFF, 0x00, 0xFF, 0xF8, 0xBF, 0xE4, 0x01, 0xBF,
    0x40, 0x3F, 0x00, 0x00, 0xF0, 0x00, 0xBD, 0x00, 0x07, 0x40, 0x00, 0xFC, 0x00, 0x3C, 0x00, 0x01,
    0xF8, 0x02, 0xC0, 0x00, 0x02, 0xF4, 0x0E, 0x00, 0x00, 0x03, 0xF0, 0xF0, 0x00, 0x00, 0x07, 0xD7,
    0x40, 0x00, 0x00, 0x0F, 0xFC, 0x00, 0x00, 0x00, 0x0F, 0xC0, 0x00, 0x00, 0x00, 0x3F, 0x00, 0x00,
    0x00, 0x00, 0xFC, 0x00, 0x00, 0x00, 0x3F, 0xFF, 0x40, 0x00, 0x00, 0xFF, 0xFD, 0x00, 0x00, 0x00,
    0x3F, 0x00, 0x00, 0x00, 0x00, 0xFC, 0x00, 0x00, 0x00, 0x1B, 0xF9, 0x00, 0x00, 0x01, 0xFF, 0xFD,
    0x00, 0x00, 0x2A, 0xA9, 0x06, 0xAA, 0x0B, 0xFE, 0x41, 0xFF, 0x80, 0x7E, 0x00, 0x0B, 0x40, 0x0F,
    0xC0, 0x03, 0xC0, 0x01, 0xF4, 0x01, 0xD0, 0x00, 0x3E, 0x00, 0xB0, 0x00, 0x0B, 0xC0, 0x38, 0x00,
    0x01, 0xF4, 0x1D, 0x00, 0x00, 0x3E, 0x0B, 0x00, 0x00, 0x0B, 0xC3, 0x80, 0x00, 0x00, 0xF5, 0xC0,
    0x00, 0x00, 0x2F, 0xE0, 0x00, 0x00, 0x07, 0xF4, 0x00, 0x00, 0x00, 0xFC, 0x00, 0x00, 0x00, 0x3F,
    0x00, 0x00, 0x00, 0xFF, 0xFD, 0x00, 0x00, 0x17, 0xF5, 0x00, 0x00, 0x00, 0xFC, 0x00, 0x00, 0x01,
    0xBF, 0x90, 0x00, 0x00, 0xFF, 0xFC, 0x00, 0x15, 0x55, 0x55, 0x4B, 0xFF, 0xFF, 0xFC, 0x15, 0x55,
    0x55, 0x40, 0x15, 0x55, 0x55, 0x55, 0x55, 0x55, 0x56, 0xFF, 0xFF, 0xFF, 0xFF, 0xFF, 0xFF, 0xE1,
    0x55, 0x55, 0x55, 0x55, 0x55, 0x55, 0x00, 0x02, 0x03, 0xC2, 0xC0, 0xD0, 0x7F, 0x1F, 0xD3, 0xF0,
    0x10, 0x19, 0x1F, 0xC7, 0xF4, 0xBD, 0x0B, 0x07, 0x47, 0x80, 0x40, 0x00, 0x0F, 0xC7, 0xF4, 0xFD,
    0x07, 0x03, 0x83, 0xC0, 0x80, 0x02, 0x00, 0x50, 0xF0, 0x2D, 0x2C, 0x07, 0x03, 0x40, 0xE0, 0x7F,
    0x0F, 0xD7, 0xF4, 0xFE, 0x3F, 0x0B, 0xD0, 0x40, 0x00, 0x19, 0x02, 0x47, 0xF0, 0xFD, 0x7F, 0x4F,
    0xE2, 0xF4, 0x6E, 0x0B, 0x01, 0xD1, 0xD0, 0x38, 0x78, 0x0F, 0x01, 0x00, 0x40, 0x00, 0x00, 0x00,
    0xBD, 0x1F, 0x83, 0xFC, 0xBF, 0x0B, 0xF1, 0xFC, 0x03, 0x80, 0xB0, 0x1C, 0x03, 0x41, 0xD0, 0x38,
    0x09, 0x01, 0x80, 0x00, 0x02, 0xFC, 0xBF, 0xEF, 0xFF, 0xBF, 0xE3, 0xFD, 0x05, 0x00, 0x18, 0x00,
    0x0A, 0x00, 0x06, 0x47, 0xF0, 0x03, 0xFC, 0x00, 0xFD, 0xBF, 0x40, 0x3F, 0xC0, 0x1F, 0xE7, 0xF0,
    0x03, 0xF8, 0x00, 0xFD, 0x14, 0x00, 0x05, 0x00, 0x01, 0x00, 0x2C, 0x3D, 0x3C, 0x78, 0x70, 0x60,
    0x00, 0x2C, 0x1E, 0x3D, 0x2F, 0x3C, 0x3D, 0x78, 0x3C, 0x70, 0x38, 0x60, 0x30, 0x00, 0x00, 0x00,
    0x20, 0x03, 0xC0, 0x3D, 0x03, 0xE0, 0x3F, 0x02, 0xF4, 0x07, 0xE0, 0x0B, 0xD0, 0x0B, 0xC0, 0x0B,
    0x80, 0x0B, 0x40, 0x04, 0x20, 0x00, 0xF0, 0x00, 0xF0, 0x01, 0xF0, 0x02, 0xF0, 0x03, 0xF0, 0x0F,
    0x80, 0xFC, 0x0B, 0xC0, 0x7C, 0x03, 0xC0, 0x00, 0x00, 0x00, 0x00, 0x00, 0x40, 0x00, 0x00, 0x2C,
    0x00, 0x00, 0x03, 0x80, 0x00, 0x00, 0xB0, 0x00, 0x00, 0x1D, 0x00, 0x00, 0x03, 0xC0, 0x00, 0x00,
    0x74, 0x00, 0x00, 0x0F, 0x00, 0x00, 0x02, 0xC0, 0x00, 0x00, 0x38, 0x00, 0x00, 0x0F, 0x00, 0x00,
    0x01, 0xD0, 0x00, 0x00, 0x3C, 0x00, 0x00, 0x07, 0x40, 0x00, 0x00, 0xF0, 0x00, 0x00, 0x2C, 0x00,
    0x00, 0x03, 0x80, 0x00, 0x00, 0xF0, 0x00, 0x00, 0x1D, 0x00, 0x00, 0x03, 0xC0, 0x00, 0x00, 0x10,
    0x00, 0x00, 0x00, 0x00, 0x00, 0x15, 0x01, 0x00, 0x00, 0xBF, 0xFA, 0xC0, 0x01, 0xF8, 0x07, 0xF0,
    0x01, 0xF4, 0x00, 0x3D, 0x00, 0xF8, 0x00, 0x07, 0x80, 0xBC, 0x00, 0x00, 0xA0, 0x3F, 0x00, 0x00,
    0x00, 0x0F, 0x80, 0x00, 0x00, 0x7F, 0xFF, 0xFE, 0x00, 0x06, 0xF9, 0x55, 0x00, 0x00, 0xBD, 0x00,
    0x00, 0x01, 0xBF, 0xAA, 0xA0, 0x00, 0xBF, 0xFF, 0xFC, 0x00, 0x00, 0xF8, 0x00, 0x00, 0x00, 0x3F,
    0x00, 0x00, 0x00, 0x0B, 0xC0, 0x00, 0x09, 0x00, 0xF8, 0x00, 0x03, 0x80, 0x1F, 0x40, 0x03, 0xD0,
    0x02, 0xF8, 0x07, 0xF0, 0x00, 0x1F, 0xFF, 0xEC, 0x00, 0x00, 0x15, 0x01, 0x00, 0x00, 0xD0, 0x00,
    0xBF, 0xD0, 0x7F, 0xFF, 0x8B, 0x9F, 0x7C, 0x51, 0xF0, 0x80, 0x1F, 0x00, 0x01, 0xF0, 0x00, 0x1F,
    0x00, 0x01, 0xF0, 0x00, 0x1F, 0x00, 0x01, 0xF0, 0x00, 0x1F, 0x00, 0x01, 0xF0, 0x00, 0x05, 0x00,
    0x01, 0xF0, 0x00, 0x1F, 0x00, 0x01, 0xF0, 0x00, 0x1F, 0x00, 0x01, 0xF0, 0x00, 0x1F, 0x00, 0x01,
    0xF0, 0x00, 0x1F, 0x00, 0x01, 0xF0, 0x0B, 0x5F, 0x2C, 0xBF, 0xFF, 0xC1, 0xFF, 0xE0, 0x02, 0xF4,
    0x00, 0x00, 0x00, 0x00, 0x00, 0x00, 0xFF, 0xFF, 0xFE, 0xAA, 0xAA, 0xA9, 0x00, 0x00, 0x00, 0x40,
    0x00, 0x00, 0xE0, 0x00, 0x00, 0xB0, 0x00, 0x00, 0x74, 0x00, 0x00, 0x3C, 0x00, 0x00, 0x1D, 0x00,
    0x00, 0x0F, 0x00, 0x00, 0x07, 0x40, 0x00, 0x03, 0xC0, 0x00, 0x01, 0xD0, 0x00, 0x00, 0xE0, 0x00,
    0x00, 0xB0, 0x00, 0x00, 0x38, 0x00, 0x00, 0x2C, 0x00, 0x00, 0x0E, 0x00, 0x00, 0x0B, 0x00, 0x00,
    0x03, 0x80, 0x00, 0x03, 0xC0, 0x00, 0x01, 0xD0, 0x00, 0x00, 0xF0, 0x00, 0x00, 0x10, 0x00, 0x00,
    0x00,
};

static const EpdGlyph PROGMEM literata_13_2bGlyphs[] = {
    { 0, 0, 5, 0, 0, 0, 0 }, //  
    { 5, 21, 9, 2, 20, 27, 0 }, // !
    { 8, 8, 10, 1, 22, 16, 27 }, // "
    { 16, 15, 18, 1, 15, 60, 43 }, // #
    { 14, 25, 15, 1, 22, 88, 103 }, // $
    { 21, 18, 23, 1, 17, 95, 191 }, // %
    { 20, 21, 22, 1, 20, 105, 286 }, // &
    { 4, 8, 6, 1, 22, 8, 391 }, // '
    { 7, 29, 9, 2, 23, 51, 399 }, // (
    { 7, 29, 9, 0, 23, 51, 450 }, // )
    { 10, 11, 12, 1, 22, 28, 501 }, // *
    { 12, 13, 16, 2, 15, 39, 529 }, // +
    { 5, 9, 9, 2, 4, 12, 568 }, // ,
    { 8, 3, 10, 1, 9, 6, 580 }, // -
    { 5, 5, 9, 2, 4, 7, 586 }, // .
    { 12, 25, 12, 0, 22, 75, 593 }, // /
    { 15, 21, 16, 0, 20, 79, 668 }, // 0
    { 11, 20, 11, 0, 20, 55, 747 }, // 1
    { 13, 20, 14, 0, 20, 65, 802 }, // 2
    { 14, 21, 15, 0, 20, 74, 867 }, // 3
    { 15, 20, 15, 0, 20, 75, 941 }, // 4
    { 13, 20, 14, 0, 19, 65, 1016 }, // 5
    { 14, 21, 15, 0, 20, 74, 1081 }, // 6
    { 14, 20, 14, 0, 19, 70, 1155 }, // 7
    { 14, 21, 15, 0, 20, 74, 1225 }, // 8
    { 14, 21, 14, 0, 20, 74, 1299 }, // 9
    { 5, 16, 9, 2, 15, 20, 1373 }, // :
    { 5, 20, 9, 2, 15, 25, 1393 }, // ;
    { 12, 14, 16, 1, 15, 42, 1418 }, // <
    { 12, 8, 16, 2, 12, 24, 1460 }, // =
    { 12, 14, 16, 2, 15, 42, 1484 }, // >
    { 12, 21, 15, 1, 20, 63, 1526 }, // ?
    { 21, 21, 23, 1, 16, 111, 1589 }, // @
    { 20, 19, 20, 0, 19, 95, 1700 }, // A
    { 16, 19, 18, 1, 19, 76, 1795 }, // B
    { 17, 21, 19, 1, 20, 90, 1871 }, // C
    { 19, 19, 21, 1, 19, 91, 1961 }, // D
    { 15, 19, 17, 1, 19, 72, 2052 }, // E
    { 15, 19, 17, 1, 19, 72, 2124 }, // F
    { 19, 21, 20, 1, 20, 100, 2196 }, // G
    { 21, 19, 23, 1, 19, 100, 2296 }, // H
    { 9, 19, 11, 1, 19, 43, 2396 }, // I
    { 14, 20, 15, 1, 19, 70, 2439 }, // J
    { 19, 20, 20, 1, 19, 95, 2509 }, // K
    { 15, 19, 17, 1, 19, 72, 2604 }, // L
    { 25, 19, 27, 1, 19, 119, 2676 }, // M
    { 20, 19, 23, 1, 19, 95, 2795 }, // N
    { 19, 21, 21, 1, 20, 100, 2890 }, // O
    { 15, 19, 16, 1, 19, 72, 2990 }, // P
    { 23, 26, 21, 1, 20, 150, 3062 }, // Q
    { 18, 20, 20, 1, 19, 90, 3212 }, // R
    { 14, 21, 16, 1, 20, 74, 3302 }, // S
    { 18, 19, 20, 1, 19, 86, 3376 }, // T
    { 20, 20, 22, 1, 19, 100, 3462 }, // U
    { 20, 19, 20, 0, 19, 95, 3562 }, // V
    { 29, 19, 29, 0, 19, 138, 3657 }, // W
    { 19, 19, 19, 0, 19, 91, 3795 }, // X
    { 19, 19, 19, 0, 19, 91, 3886 }, // Y
    { 16, 19, 18, 1, 19, 76, 3977 }, // Z
    { 6, 28, 9, 2, 22, 42, 4053 }, // [
    { 12, 25, 12, 0, 22, 75, 4095 }, // <backslash>
    { 6, 28, 9, 1, 22, 42, 4170 }, // ]
    { 14, 11, 16, 1, 20, 39, 4212 }, // ^
    { 13, 3, 13, 0, 0, 10, 4251 }, // _
    { 6, 6, 14, 3, 21, 9, 4261 }, // `
    { 14, 16, 15, 1, 15, 56, 4270 }, // a
    { 16, 22, 16, 0, 21, 88, 4326 }, // b
    { 12, 16, 14, 1, 15, 48, 4414 }, // c
    { 15, 22, 17, 1, 21, 83, 4462 }, // d
    { 13, 16, 14, 1, 15, 52, 4545 }, // e
    { 12, 22, 10, 1, 22, 66, 4597 }, // f
    { 16, 23, 15, 0, 16, 92, 4663 }, // g
    { 17, 21, 18, 1, 21, 90, 4755 }, // h
    { 8, 21, 9, 1, 21, 42, 4845 }, // i
    { 6, 28, 8, 0, 21, 42, 4887 }, // j
    { 16, 22, 16, 1, 21, 88, 4929 }, // k
    { 8, 21, 9, 1, 21, 42, 5017 }, // l
    { 25, 15, 26, 1, 15, 94, 5059 }, // m
    { 17, 15, 18, 1, 15, 64, 5153 }, // n
    { 14, 16, 16, 1, 15, 56, 5217 }, // o
    { 16, 21, 17, 0, 15, 84, 5273 }, // p
    { 15, 21, 16, 1, 15, 79, 5357 }, // q
    { 12, 15, 13, 1, 15, 45, 5436 }, // r
    { 11, 16, 12, 1, 15, 44, 5481 }, // s
    { 10, 20, 11, 1, 19, 50, 5525 }, // t
    { 17, 15, 17, 0, 14, 64, 5575 }, // u
    { 16, 14, 16, 0, 14, 56, 5639 }, // v
    { 24, 14, 23, 0, 14, 84, 5695 }, // w
    { 16, 14, 15, 0, 14, 56, 5779 }, // x
    { 16, 21, 16, 0, 14, 84, 5835 }, // y
    { 12, 14, 13, 1, 14, 42, 5919 }, // z
    { 9, 30, 10, 1, 23, 68, 5961 }, // {
    { 3, 25, 11, 4, 22, 19, 6029 }, // |
    { 8, 30, 10, 1, 23, 60, 6048 }, // }
    { 14, 4, 16, 1, 10, 14, 6108 }, // ~
    { 0, 0, 5, 0, 0, 0, 6122 }, //  
    { 5, 21, 9, 2, 15, 27, 6122 }, // ¡
    { 12, 19, 13, 1, 18, 57, 6149 }, // ¢
    { 14, 20, 15, 0, 20, 70, 6206 }, // £
    { 13, 13, 15, 1, 15, 43, 6276 }, // ¤
    { 20, 19, 19, 0, 19, 95, 6319 }, // ¥
    { 3, 25, 11, 4, 22, 19, 6414 }, // ¦
    { 14, 25, 17, 1, 20, 88, 6433 }, // §
    { 10, 5, 14, 2, 21, 13, 6521 }, // ¨
    { 19, 19, 22, 1, 18, 91, 6534 }, // ©
    { 11, 12, 11, 1, 21, 33, 6625 }, // ª
    { 12, 12, 13, 1, 13, 36, 6658 }, // «
    { 12, 6, 16, 2, 10, 18, 6694 }, // ¬
    { 0, 0, 0, 0, 0, 0, 6712 }, // ­
    { 11, 11, 13, 1, 21, 31, 6712 }, // ®
    { 9, 3, 14, 2, 20, 7, 6743 }, // ¯
    { 7, 8, 9, 1, 22, 14, 6750 }, // °
    { 12, 15, 16, 2, 15, 45, 6764 }, // ±
    { 10, 13, 11, 0, 23, 33, 6809 }, // ²
    { 10, 14, 11, 0, 23, 35, 6842 }, // ³
    { 6, 6, 14, 4, 21, 9, 6877 }, // ´
    { 15, 21, 17, 2, 14, 79, 6886 }, // µ
    { 14, 23, 16, 1, 19, 81, 6965 }, // ¶
    { 5, 5, 9, 2, 11, 7, 7046 }, // ·
    { 7, 8, 14, 3, 1, 14, 7053 }, // ¸
    { 9, 13, 9, 0, 23, 30, 7067 }, // ¹
    { 11, 12, 12, 0, 21, 33, 7097 }, // º
    { 11, 12, 13, 1, 13, 33, 7130 }, // »
    { 25, 21, 25, 0, 20, 132, 7163 }, // ¼
    { 25, 21, 26, 0, 20, 132, 7295 }, // ½
    { 26, 21, 26, 0, 20, 137, 7427 }, // ¾
    { 11, 21, 15, 2, 15, 58, 7564 }, // ¿
    { 20, 25, 20, 0, 25, 125, 7622 }, // À
    { 20, 25, 20, 0, 25, 125, 7747 }, // Á
    { 20, 26, 20, 0, 26, 130, 7872 }, // Â
    { 20, 25, 20, 0, 25, 125, 8002 }, // Ã
    { 20, 25, 20, 0, 25, 125, 8127 }, // Ä
    { 20, 26, 20, 0, 26, 130, 8252 }, // Å
    { 26, 19, 27, 0, 19, 124, 8382 }, // Æ
    { 17, 27, 19, 1, 20, 115, 8506 }, // Ç
    { 15, 25, 17, 1, 25, 94, 8621 }, // È
    { 15, 25, 17, 1, 25, 94, 8715 }, // É
    { 15, 26, 17, 1, 26, 98, 8809 }, // Ê
    { 15, 25, 17, 1, 25, 94, 8907 }, // Ë
    { 9, 25, 11, 1, 25, 57, 9001 }, // Ì
    { 9, 25, 11, 1, 25, 57, 9058 }, // Í
    { 9, 26, 11, 1, 26, 59, 9115 }, // Î
    { 9, 25, 11, 1, 25, 57, 9174 }, // Ï
    { 20, 19, 21, 0, 19, 95, 9231 }, // Ð
    { 20, 25, 23, 1, 25, 125, 9326 }, // Ñ
    { 19, 26, 21, 1, 25, 124, 9451 }, // Ò
    { 19, 26, 21, 1, 25, 124, 9575 }, // Ó
    { 19, 27, 21, 1, 26, 129, 9699 }, // Ô
    { 19, 26, 21, 1, 25, 124, 9828 }, // Õ
    { 19, 26, 21, 1, 25, 124, 9952 }, // Ö
    { 11, 11, 16, 2, 14, 31, 10076 }, // ×
    { 19, 21, 21, 1, 20, 100, 10107 }, // Ø
    { 20, 26, 22, 1, 25, 130, 10207 }, // Ù
    { 20, 26, 22, 1, 25, 130, 10337 }, // Ú
    { 20, 27, 22, 1, 26, 135, 10467 }, // Û
    { 20, 26, 22, 1, 25, 130, 10602 }, // Ü
    { 19, 25, 19, 0, 25, 119, 10732 }, // Ý
    { 15, 19, 16, 1, 19, 72, 10851 }, // Þ
    { 17, 23, 18, 1, 22, 98, 10923 }, // ß
    { 14, 22, 15, 1, 21, 77, 11021 }, // à
    { 14, 22, 15, 1, 21, 77, 11098 }, // á
    { 14, 23, 15, 1, 22, 81, 11175 }, // â
    { 14, 22, 15, 1, 21, 77, 11256 }, // ã
    { 14, 22, 15, 1, 21, 77, 11333 }, // ä
    { 14, 23, 15, 1, 22, 81, 11410 }, // å
    { 20, 16, 22, 1, 15, 80, 11491 }, // æ
    { 12, 22, 14, 1, 15, 66, 11571 }, // ç
    { 13, 22, 14, 1, 21, 72, 11637 }, // è
    { 13, 22, 14, 1, 21, 72, 11709 }, // é
    { 13, 23, 14, 1, 22, 75, 11781 }, // ê
    { 13, 22, 14, 1, 21, 72, 11856 }, // ë
    { 9, 21, 9, 0, 21, 48, 11928 }, // ì
    { 8, 21, 9, 1, 21, 42, 11976 }, // í
    { 10, 22, 9, -1, 22, 55, 12018 }, // î
    { 10, 21, 9, -1, 21, 53, 12073 }, // ï
    { 14, 23, 16, 1, 22, 81, 12126 }, // ð
    { 17, 21, 18, 1, 21, 90, 12207 }, // ñ
    { 14, 22, 16, 1, 21, 77, 12297 }, // ò
    { 14, 22, 16, 1, 21, 77, 12374 }, // ó
    { 14, 23, 16, 1, 22, 81, 12451 }, // ô
    { 14, 22, 16, 1, 21, 77, 12532 }, // õ
    { 14, 22, 16, 1, 21, 77, 12609 }, // ö
    { 12, 13, 16, 2, 15, 39, 12686 }, // ÷
    { 17, 16, 16, -1, 15, 68, 12725 }, // ø
    { 17, 22, 17, 0, 21, 94, 12793 }, // ù
    { 17, 22, 17, 0, 21, 94, 12887 }, // ú
    { 17, 23, 17, 0, 22, 98, 12981 }, // û
    { 17, 22, 17, 0, 21, 94, 13079 }, // ü
    { 16, 28, 16, 0, 21, 112, 13173 }, // ý
    { 15, 27, 16, 0, 21, 102, 13285 }, // þ
    { 16, 28, 16, 0, 21, 112, 13387 }, // ÿ
    { 20, 26, 20, 0, 26, 130, 13499 }, // Ă
    { 8, 14, 9, 1, 14, 28, 13629 }, // ı
    { 27, 21, 29, 1, 20, 142, 13657 }, // Œ
    { 23, 16, 25, 1, 15, 92, 13799 }, // œ
    { 7, 6, 0, -4, 21, 11, 13891 }, // ̀
    { 6, 6, 0, -2, 21, 9, 13902 }, // ́
    { 10, 5, 0, -5, 21, 13, 13911 }, // ̃
    { 8, 3, 0, -4, 20, 6, 13924 }, // ̄
    { 10, 5, 0, -5, 21, 13, 13930 }, // ̈
    { 8, 7, 0, -4, 22, 14, 13943 }, // ̉
    { 4, 4, 0, -2, -2, 4, 13957 }, // ̣
    { 15, 25, 17, 1, 25, 94, 13961 }, // Ё
    { 22, 22, 23, 0, 19, 121, 14055 }, // Ђ
    { 15, 25, 16, 1, 25, 94, 14176 }, // Ѓ
    { 17, 21, 18, 1, 20, 90, 14270 }, // Є
    { 14, 21, 16, 1, 20, 74, 14360 }, // Ѕ
    { 9, 19, 11, 1, 19, 43, 14434 }, // І
    { 9, 25, 11, 1, 25, 57, 14477 }, // Ї
    { 14, 20, 15, 1, 19, 70, 14534 }, // Ј
    { 27, 20, 27, 0, 19, 135, 14604 }, // Љ
    { 27, 19, 29, 1, 19, 129, 14739 }, // Њ
    { 25, 19, 25, 0, 19, 119, 14868 }, // Ћ
    { 19, 26, 20, 1, 25, 124, 14987 }, // Ќ
    { 21, 25, 23, 1, 25, 132, 15111 }, // Ѝ
    { 19, 27, 18, 0, 26, 129, 15243 }, // Ў
    { 21, 24, 23, 1, 19, 126, 15372 }, // Џ
    { 20, 19, 20, 0, 19, 95, 15498 }, // А
    { 16, 19, 18, 1, 19, 76, 15593 }, // Б
    { 16, 19, 18, 1, 19, 76, 15669 }, // В
    { 15, 19, 16, 1, 19, 72, 15745 }, // Г
    { 19, 24, 20, 0, 19, 114, 15817 }, // Д
    { 15, 19, 17, 1, 19, 72, 15931 }, // Е
    { 28, 21, 28, 0, 20, 147, 16003 }, // Ж
    { 15, 21, 16, 0, 20, 79, 16150 }, // З
    { 21, 19, 23, 1, 19, 100, 16229 }, // И
    { 21, 26, 23, 1, 26, 137, 16329 }, // Й
    { 19, 21, 20, 1, 20, 100, 16466 }, // К
    { 19, 20, 21, 0, 19, 95, 16566 }, // Л
    { 25, 19, 27, 1, 19, 119, 16661 }, // М
    { 21, 19, 23, 1, 19, 100, 16780 }, // Н
    { 19, 21, 21, 1, 20, 100, 16880 }, // О
    { 21, 19, 23, 1, 19, 100, 16980 }, // П
    { 15, 19, 16, 1, 19, 72, 17080 }, // Р
    { 17, 21, 19, 1, 20, 90, 17152 }, // С
    { 18, 19, 20, 1, 19, 86, 17242 }, // Т
    { 19, 20, 18, 0, 19, 95, 17328 }, // У
    { 21, 21, 22, 1, 20, 111, 17423 }, // Ф
    { 19, 19, 19, 0, 19, 91, 17534 }, // Х
    { 21, 24, 23, 1, 19, 126, 17625 }, // Ц
    { 20, 19, 21, 0, 19, 95, 17751 }, // Ч
    { 29, 19, 31, 1, 19, 138, 17846 }, // Ш
    { 30, 24, 32, 1, 19, 180, 17984 }, // Щ
    { 20, 19, 21, 0, 19, 95, 18164 }, // Ъ
    { 24, 19, 27, 1, 19, 114, 18259 }, // Ы
    { 16, 19, 18, 1, 19, 76, 18373 }, // Ь
    { 17, 21, 18, 0, 20, 90, 18449 }, // Э
    { 28, 21, 30, 1, 20, 147, 18539 }, // Ю
    { 18, 20, 19, 0, 19, 90, 18686 }, // Я
    { 14, 16, 15, 1, 15, 56, 18776 }, // а
    { 14, 23, 16, 1, 22, 81, 18832 }, // б
    { 13, 14, 15, 1, 14, 46, 18913 }, // в
    { 12, 14, 14, 1, 14, 42, 18959 }, // г
    { 15, 19, 16, 0, 14, 72, 19001 }, // д
    { 13, 16, 14, 1, 15, 52, 19073 }, // е
    { 23, 16, 23, 0, 15, 92, 19125 }, // ж
    { 12, 16, 13, 1, 15, 48, 19217 }, // з
    { 17, 14, 18, 1, 14, 60, 19265 }, // и
    { 17, 21, 18, 1, 21, 90, 19325 }, // й
    { 15, 16, 16, 1, 15, 60, 19415 }, // к
    { 16, 15, 17, 0, 14, 60, 19475 }, // л
    { 19, 14, 21, 1, 14, 67, 19535 }, // м
    { 17, 14, 18, 1, 14, 60, 19602 }, // н
    { 14, 16, 16, 1, 15, 56, 19662 }, // о
    { 17, 14, 18, 1, 14, 60, 19718 }, // п
    { 16, 21, 17, 0, 15, 84, 19778 }, // р
    { 12, 16, 14, 1, 15, 48, 19862 }, // с
    { 15, 14, 16, 0, 14, 53, 19910 }, // т
    { 16, 21, 16, 0, 14, 84, 19963 }, // у
    { 20, 27, 22, 1, 21, 135, 20047 }, // ф
    { 16, 14, 15, 0, 14, 56, 20182 }, // х
    { 17, 18, 18, 1, 14, 77, 20238 }, // ц
    { 16, 14, 17, 0, 14, 56, 20315 }, // ч
    { 24, 14, 26, 1, 14, 84, 20371 }, // ш
    { 25, 18, 26, 1, 14, 113, 20455 }, // щ
    { 17, 14, 17, 0, 14, 60, 20568 }, // ъ
    { 20, 14, 22, 1, 14, 70, 20628 }, // ы
    { 13, 14, 15, 1, 14, 46, 20698 }, // ь
    { 12, 16, 14, 1, 15, 48, 20744 }, // э
    { 22, 16, 24, 1, 15, 88, 20792 }, // ю
    { 15, 15, 16, 0, 14, 57, 20880 }, // я
    { 13, 22, 14, 1, 21, 72, 20937 }, // ё
    { 15, 28, 17, 0, 21, 105, 21009 }, // ђ
    { 12, 21, 14, 1, 21, 63, 21114 }, // ѓ
    { 12, 16, 14, 1, 15, 48, 21177 }, // є
    { 11, 16, 12, 1, 15, 44, 21225 }, // ѕ
    { 8, 21, 9, 1, 21, 42, 21269 }, // і
    { 10, 21, 9, -1, 21, 53, 21311 }, // ї
    { 6, 28, 8, 0, 21, 42, 21364 }, // ј
    { 22, 15, 22, 0, 14, 83, 21406 }, // љ
    { 22, 14, 24, 1, 14, 77, 21489 }, // њ
    { 18, 21, 18, 0, 21, 95, 21566 }, // ћ
    { 15, 22, 16, 1, 21, 83, 21661 }, // ќ
    { 17, 21, 18, 1, 21, 90, 21744 }, // ѝ
    { 16, 28, 16, 0, 21, 112, 21834 }, // ў
    { 17, 18, 18, 1, 14, 77, 21946 }, // џ
    { 15, 24, 15, 1, 24, 90, 22023 }, // Ґ
    { 12, 18, 12, 1, 18, 54, 22113 }, // ґ
    { 19, 19, 19, 0, 19, 91, 22167 }, // Ұ
    { 17, 20, 15, -1, 14, 85, 22258 }, // ұ
    { 0, 0, 3, 0, 0, 0, 22343 }, //  
    { 0, 0, 0, 0, 0, 0, 22343 }, // ​
    { 14, 3, 14, 0, 9, 11, 22343 }, // –
    { 27, 3, 27, 0, 9, 21, 22354 }, // —
    { 5, 8, 9, 2, 21, 10, 22375 }, // ‘
    { 5, 8, 9, 2, 21, 10, 22385 }, // ’
    { 5, 8, 9, 2, 4, 10, 22395 }, // ‚
    { 10, 8, 14, 2, 21, 20, 22405 }, // “
    { 10, 8, 14, 2, 21, 20, 22425 }, // ”
    { 11, 8, 11, 0, 4, 22, 22445 }, // „
    { 6, 7, 10, 2, 12, 11, 22467 }, // •
    { 22, 5, 24, 1, 4, 28, 22478 }, // …
    { 4, 7, 6, 1, 22, 7, 22506 }, // ′
    { 8, 7, 10, 1, 22, 14, 22513 }, // ″
    { 7, 12, 8, 1, 13, 21, 22527 }, // ‹
    { 7, 12, 8, 0, 13, 21, 22548 }, // ›
    { 14, 21, 6, -4, 20, 74, 22569 }, // ⁄
    { 17, 21, 19, 0, 20, 90, 22643 }, // €
    { 10, 14, 15, 3, 14, 35, 22733 }, // ↑
    { 10, 14, 15, 3, 14, 35, 22768 }, // ↓
    { 12, 3, 16, 2, 10, 9, 22803 }, // −
    { 13, 21, 16, 1, 20, 69, 22812 }, // ∕
};

static const EpdUnicodeInterval PROGMEM literata_13_2bIntervals[] = {
    { 0x20, 0x7E, 0x0 },
    { 0xA0, 0xFF, 0x5F },
    { 0x102, 0x102, 0xBF },
    { 0x131, 0x131, 0xC0 },
    { 0x152, 0x153, 0xC1 },
    { 0x300, 0x301, 0xC3 },
    { 0x303, 0x304, 0xC5 },
    { 0x308, 0x309, 0xC7 },
    { 0x323, 0x323, 0xC9 },
    { 0x401, 0x44F, 0xCA },
    { 0x451, 0x45F, 0x119 },
    { 0x490, 0x491, 0x128 },
    { 0x4B0, 0x4B1, 0x12A },
    { 0x2009, 0x2009, 0x12C },
    { 0x200B, 0x200B, 0x12D },
    { 0x2013, 0x2014, 0x12E },
    { 0x2018, 0x201A, 0x130 },
    { 0x201C, 0x201E, 0x133 },
    { 0x2022, 0x2022, 0x136 },
    { 0x2026, 0x2026, 0x137 },
    { 0x2032, 0x2033, 0x138 },
    { 0x2039, 0x203A, 0x13A },
    { 0x2044, 0x2044, 0x13C },
    { 0x20AC, 0x20AC, 0x13D },
    { 0x2191, 0x2191, 0x13E },
    { 0x2193, 0x2193, 0x13F },
    { 0x2212, 0x2212, 0x140 },
    { 0x2215, 0x2215, 0x141 },
};

static const EpdFontData literata_13_2b = {
    literata_13_2bBitmaps,
    literata_13_2bGlyphs,
    literata_13_2bIntervals,
    28,
    40,
    32,
    -9,
    true,
};
