/*
 * SIL OPEN FONT LICENSE 1.1 — bundled font notice (required by §56-61).
 *
 * Based on Literata by Type Network for Google Fonts. SIL OFL 1.1.
 * Full license: scripts/literata/OFL.txt
 *
 * Embedded in the snapix firmware as a derivative work — format conversion
 * (TTF → C array) is permitted under OFL §39-42.
 */
/**
 * generated by fontconvert.py
 * name: literata_10_2b
 * size: 10
 * mode: 2-bit
 */
#pragma once
#include "EpdFontData.h"

static const uint8_t PROGMEM literata_10_2bBitmaps[13992] = {
    0x2D, 0x3E, 0x3E, 0x3E, 0x2D, 0x2C, 0x1C, 0x1C, 0x1C, 0x1C, 0x0C, 0x00, 0x18, 0x3E, 0x3E, 0x00,
    0x00, 0x07, 0x5E, 0x75, 0xD7, 0x0D, 0x30, 0xC1, 0x04, 0x00, 0x10, 0x04, 0x00, 0x07, 0x01, 0x80,
    0x00, 0x60, 0x28, 0x00, 0xAF, 0xAB, 0xE8, 0x05, 0xE5, 0x79, 0x40, 0x0C, 0x03, 0x00, 0x00, 0xC0,
    0x30, 0x00, 0x0C, 0x07, 0x00, 0x3F, 0xFF, 0xFF, 0x40, 0x28, 0x0A, 0x00, 0x02, 0x40, 0x90, 0x00,
    0x30, 0x0C, 0x00, 0x00, 0x10, 0x00, 0x01, 0x80, 0x00, 0x2F, 0x89, 0x07, 0xAE, 0xF4, 0x3C, 0x61,
    0xE1, 0xE1, 0x83, 0x87, 0xC6, 0x01, 0x0F, 0x98, 0x00, 0x2F, 0xF4, 0x00, 0x1F, 0xFD, 0x00, 0x0B,
    0xFD, 0x00, 0x18, 0xFC, 0x40, 0x60, 0xF3, 0x81, 0x83, 0xCF, 0x46, 0x0E, 0x2F, 0x59, 0xF0, 0x97,
    0xFF, 0x00, 0x01, 0xC0, 0x00, 0x06, 0x00, 0x00, 0x01, 0x40, 0x00, 0x40, 0x03, 0xFE, 0x00, 0xB0,
    0x02, 0xC2, 0xD0, 0x70, 0x00, 0xE0, 0x34, 0x38, 0x00, 0x38, 0x0D, 0x2C, 0x00, 0x0B, 0x0B, 0x0D,
    0x00, 0x00, 0xFF, 0x4B, 0x05, 0x40, 0x01, 0x07, 0x0F, 0xBC, 0x00, 0x03, 0x8B, 0x07, 0x40, 0x01,
    0xC2, 0xC0, 0xE0, 0x00, 0xD0, 0xF0, 0x38, 0x00, 0xB0, 0x1D, 0x1D, 0x00, 0x74, 0x02, 0xFE, 0x00,
    0x04, 0x00, 0x04, 0x00, 0x01, 0xB8, 0x00, 0x00, 0x0B, 0x5B, 0x00, 0x00, 0x0E, 0x03, 0x80, 0x00,
    0x1E, 0x02, 0x80, 0x00, 0x0F, 0x03, 0x40, 0x00, 0x0F, 0x8E, 0x01, 0xF8, 0x03, 0xF4, 0x07, 0x7C,
    0x0B, 0xF8, 0x0D, 0x10, 0x3C, 0x3E, 0x1C, 0x00, 0x78, 0x0F, 0xA4, 0x00, 0xF4, 0x07, 0xF0, 0x00,
    0xF4, 0x01, 0xF8, 0x00, 0xB8, 0x00, 0xBE, 0x04, 0x3D, 0x02, 0xDF, 0xF8, 0x0F, 0xFE, 0x02, 0xE0,
    0x00, 0x50, 0x00, 0x00, 0x01, 0xD7, 0x5C, 0x30, 0x40, 0x00, 0x00, 0x08, 0x02, 0xC0, 0x34, 0x0B,
    0x00, 0xE0, 0x2C, 0x03, 0xC0, 0x3C, 0x07, 0x80, 0x78, 0x07, 0x80, 0x78, 0x07, 0x80, 0x3C, 0x03,
    0xC0, 0x2C, 0x01, 0xD0, 0x0F, 0x00, 0x74, 0x03, 0x80, 0x0C, 0x00, 0x00, 0x00, 0x02, 0x00, 0x38,
    0x01, 0xC0, 0x0E, 0x00, 0xB0, 0x07, 0x40, 0x3C, 0x03, 0xC0, 0x2C, 0x02, 0xD0, 0x2D, 0x02, 0xD0,
    0x2C, 0x03, 0xC0, 0x3C, 0x03, 0x40, 0xB0, 0x0F, 0x01, 0xC0, 0x28, 0x03, 0x00, 0x00, 0x00, 0x00,
    0x00, 0x03, 0x40, 0x53, 0x48, 0x7B, 0x7C, 0x0B, 0xC0, 0x7F, 0xB4, 0xA3, 0x2C, 0x03, 0x40, 0x01,
    0x00, 0x00, 0xA0, 0x00, 0x0A, 0x00, 0x00, 0xA0, 0x00, 0x0A, 0x00, 0x7F, 0xFF, 0xE0, 0x0E, 0x00,
    0x00, 0xA0, 0x00, 0x0A, 0x00, 0x00, 0xA0, 0x00, 0x00, 0x00, 0x18, 0x0F, 0xC3, 0xF0, 0x2C, 0x0D,
    0x0E, 0x01, 0x00, 0x3F, 0xF4, 0xFF, 0xD0, 0x1D, 0x0F, 0xC3, 0xF0, 0x10, 0x00, 0x02, 0x40, 0x00,
    0xC0, 0x00, 0xA0, 0x00, 0x34, 0x00, 0x1C, 0x00, 0x0A, 0x00, 0x03, 0x40, 0x01, 0xC0, 0x00, 0xA0,
    0x00, 0x30, 0x00, 0x1C, 0x00, 0x0E, 0x00, 0x03, 0x00, 0x02, 0xC0, 0x00, 0xD0, 0x00, 0x30, 0x00,
    0x28, 0x00, 0x0D, 0x00, 0x07, 0x00, 0x00, 0x00, 0x00, 0x00, 0xBE, 0x00, 0x07, 0xD7, 0xD0, 0x0F,
    0x00, 0xF0, 0x2D, 0x00, 0x78, 0x3C, 0x00, 0x3C, 0x3C, 0x00, 0x3C, 0x3C, 0x00, 0x3D, 0x7C, 0x00,
    0x3D, 0x7C, 0x00, 0x3D, 0x3C, 0x00, 0x3C, 0x3C, 0x00, 0x3C, 0x3D, 0x00, 0x38, 0x1F, 0x00, 0xB0,
    0x0B, 0x81, 0xE0, 0x02, 0xFF, 0x40, 0x00, 0x00, 0x00, 0x06, 0x90, 0x3F, 0xD0, 0x03, 0xD0, 0x02,
    0xD0, 0x02, 0xD0, 0x02, 0xD0, 0x02, 0xD0, 0x02, 0xD0, 0x02, 0xD0, 0x02, 0xD0, 0x02, 0xD0, 0x02,
    0xD0, 0x02, 0xD0, 0x07, 0xE0, 0x3F, 0xFF, 0x06, 0xF9, 0x02, 0xE6, 0xF4, 0x78, 0x03, 0xC7, 0xC0,
    0x3D, 0x24, 0x03, 0xD0, 0x00, 0x3D, 0x00, 0x07, 0xC0, 0x00, 0xF4, 0x00, 0x2D, 0x00, 0x0B, 0x80,
    0x01, 0xE0, 0x00, 0x78, 0x07, 0x1E, 0x00, 0xE3, 0xFF, 0xFE, 0x7F, 0xFF, 0xD0, 0x02, 0xFD, 0x00,
    0x3E, 0xBF, 0x03, 0xC0, 0x3D, 0x0F, 0x80, 0x78, 0x08, 0x02, 0xE0, 0x00, 0x0F, 0x00, 0x01, 0xF4,
    0x00, 0x2F, 0x40, 0x00, 0x0B, 0xC0, 0x00, 0x07, 0xC0, 0x00, 0x0F, 0x00, 0x00, 0x3C, 0x30, 0x02,
    0xF0, 0xB9, 0x6F, 0x40, 0xBF, 0xF0, 0x00, 0x00, 0x00, 0x00, 0x02, 0x80, 0x00, 0x0F, 0xC0, 0x00,
    0x2F, 0xC0, 0x00, 0x3B, 0xC0, 0x00, 0xE7, 0xC0, 0x02, 0xC7, 0xC0, 0x03, 0x47, 0xC0, 0x0E, 0x07,
    0xC0, 0x2C, 0x07, 0xC0, 0x34, 0x07, 0xC0, 0xBF, 0xFF, 0xFC, 0x55, 0x5B, 0xD4, 0x00, 0x07, 0xC0,
    0x00, 0x0B, 0xC0, 0x00, 0xFF, 0xF8, 0x0A, 0xAA, 0x80, 0xFF, 0xFC, 0x0E, 0x55, 0x40, 0xC0, 0x00,
    0x1C, 0x00, 0x01, 0xC0, 0x00, 0x1E, 0xFF, 0x01, 0xD5, 0xBC, 0x00, 0x03, 0xE0, 0x00, 0x1F, 0x00,
    0x01, 0xF0, 0x00, 0x1E, 0x70, 0x03, 0xD3, 0xE5, 0xFC, 0x0F, 0xFE, 0x00, 0x05, 0x00, 0x00, 0x6F,
    0x80, 0x0B, 0x97, 0xC0, 0xB4, 0x0F, 0x83, 0xC0, 0x2C, 0x2D, 0x00, 0x00, 0xF0, 0x50, 0x03, 0xDF,
    0xFC, 0x0F, 0xC0, 0xB8, 0x7C, 0x00, 0xF1, 0xF0, 0x02, 0xD3, 0xC0, 0x0B, 0x4F, 0x00, 0x2D, 0x2C,
    0x00, 0xF0, 0x3C, 0x0B, 0x40, 0x3F, 0xF4, 0x00, 0x00, 0x00, 0x2A, 0xAA, 0xA1, 0xFF, 0xFF, 0xC7,
    0x95, 0x5E, 0x28, 0x00, 0xB0, 0x00, 0x07, 0x40, 0x00, 0x3C, 0x00, 0x01, 0xD0, 0x00, 0x0F, 0x00,
    0x00, 0x78, 0x00, 0x02, 0xD0, 0x00, 0x0F, 0x00, 0x00, 0x7C, 0x00, 0x01, 0xF0, 0x00, 0x0B, 0xC0,
    0x00, 0x2F, 0x00, 0x00, 0x00, 0x00, 0x01, 0xFE, 0x40, 0x3D, 0x5F, 0x42, 0xD0, 0x0F, 0x0F, 0x00,
    0x3C, 0x2D, 0x00, 0xF0, 0x7E, 0x0B, 0x40, 0x7F, 0xB4, 0x00, 0xBF, 0xE0, 0x0F, 0x0B, 0xF0, 0xF0,
    0x03, 0xD7, 0x80, 0x0B, 0x9E, 0x00, 0x1E, 0x7C, 0x00, 0xB4, 0xF8, 0x07, 0xC0, 0xBF, 0xF8, 0x00,
    0x00, 0x00, 0x02, 0xFD, 0x00, 0x3D, 0x6E, 0x03, 0xC0, 0x1D, 0x0E, 0x00, 0x3C, 0x78, 0x00, 0xF1,
    0xE0, 0x03, 0xC7, 0x80, 0x0F, 0x0F, 0x00, 0xFC, 0x1F, 0xAE, 0xF0, 0x1B, 0xD3, 0xC0, 0x00, 0x1F,
    0x00, 0x00, 0xB8, 0x10, 0x03, 0xC0, 0xE5, 0x7E, 0x01, 0xFF, 0xE0, 0x00, 0x10, 0x00, 0x1D, 0x0F,
    0xC3, 0xF0, 0x10, 0x00, 0x00, 0x00, 0x00, 0x00, 0x1D, 0x0F, 0xC3, 0xF0, 0x10, 0x2D, 0x0F, 0xC3,
    0xE0, 0x00, 0x00, 0x00, 0x00, 0x00, 0x00, 0x18, 0x0F, 0xC3, 0xF0, 0x2C, 0x0D, 0x0E, 0x01, 0x00,
    0x00, 0x00, 0x00, 0x00, 0xA0, 0x01, 0xF4, 0x03, 0xD0, 0x0B, 0x80, 0x1F, 0x00, 0x07, 0x80, 0x00,
    0x2D, 0x00, 0x01, 0xF4, 0x00, 0x0B, 0x80, 0x00, 0x28, 0x00, 0x00, 0x7F, 0xFF, 0xD1, 0x55, 0x54,
    0x00, 0x00, 0x00, 0x00, 0x00, 0x7F, 0xFF, 0xE0, 0x00, 0x00, 0x00, 0x00, 0x28, 0x00, 0x03, 0xD0,
    0x00, 0x1F, 0x40, 0x00, 0xB8, 0x00, 0x02, 0xD0, 0x00, 0xB4, 0x01, 0xF0, 0x03, 0xD0, 0x0B, 0x80,
    0x0B, 0x00, 0x00, 0x00, 0x00, 0x07, 0xF4, 0x0F, 0x5B, 0x8B, 0x40, 0xF6, 0xE0, 0x2D, 0x10, 0x0F,
    0x40, 0x0B, 0xC0, 0x0B, 0xC0, 0x07, 0xC0, 0x02, 0xC0, 0x00, 0xA0, 0x00, 0x18, 0x00, 0x00, 0x00,
    0x01, 0x80, 0x01, 0xF4, 0x00, 0x3D, 0x00, 0x00, 0x00, 0x00, 0x1B, 0xE9, 0x00, 0x02, 0xF5, 0x5B,
    0xC0, 0x0B, 0x40, 0x00, 0xB0, 0x2C, 0x00, 0x00, 0x2C, 0x34, 0x1F, 0xFD, 0x0C, 0x70, 0x78, 0x1D,
    0x0D, 0xA0, 0xF0, 0x2D, 0x0A, 0xE0, 0xE0, 0x3D, 0x0A, 0xD0, 0xE0, 0x6C, 0x0D, 0xE0, 0xE0, 0x9C,
    0x0C, 0xB0, 0xF1, 0xCC, 0x38, 0x70, 0x7F, 0x0F, 0xE0, 0x3C, 0x00, 0x00, 0x00, 0x0E, 0x00, 0x02,
    0x00, 0x03, 0xE5, 0x6F, 0x00, 0x00, 0x6B, 0xA4, 0x00, 0x00, 0x06, 0x80, 0x00, 0x00, 0x3F, 0x00,
    0x00, 0x00, 0xEE, 0x00, 0x00, 0x07, 0x3C, 0x00, 0x00, 0x34, 0xF4, 0x00, 0x00, 0xC1, 0xE0, 0x00,
    0x0B, 0x03, 0xC0, 0x00, 0x34, 0x0F, 0x40, 0x00, 0xC0, 0x1E, 0x00, 0x0B, 0xFF, 0xFC, 0x00, 0x38,
    0x00, 0xF4, 0x01, 0xC0, 0x01, 0xE0, 0x0A, 0x00, 0x03, 0xC0, 0x78, 0x00, 0x0F, 0x8B, 0xFD, 0x02,
    0xFF, 0xC0, 0x6A, 0xA9, 0x00, 0x6F, 0xAB, 0xF0, 0x0F, 0x00, 0xB8, 0x0F, 0x00, 0x7C, 0x0F, 0x00,
    0x7C, 0x0F, 0x00, 0xB4, 0x0F, 0x46, 0xD0, 0x0F, 0xFF, 0x90, 0x0F, 0x00, 0xBC, 0x0F, 0x00, 0x2E,
    0x0F, 0x00, 0x1F, 0x0F, 0x00, 0x2E, 0x0F, 0x00, 0x3D, 0x0F, 0x41, 0xF8, 0xBF, 0xFF, 0x90, 0x00,
    0xBF, 0x89, 0x01, 0xF9, 0x7F, 0x81, 0xF0, 0x01, 0xE0, 0xF0, 0x00, 0x2C, 0x78, 0x00, 0x03, 0x2D,
    0x00, 0x00, 0x0F, 0x40, 0x00, 0x03, 0xD0, 0x00, 0x00, 0xF4, 0x00, 0x00, 0x3D, 0x00, 0x00, 0x0B,
    0xC0, 0x00, 0x00, 0xF0, 0x00, 0x00, 0x2F, 0x00, 0x07, 0x02, 0xF4, 0x1B, 0x40, 0x1F, 0xFE, 0x00,
    0x00, 0x00, 0x00, 0x6A, 0xAA, 0x40, 0x06, 0xFA, 0xAF, 0x80, 0x0F, 0x00, 0x1F, 0x00, 0xF0, 0x00,
    0x7C, 0x0F, 0x00, 0x03, 0xD0, 0xF0, 0x00, 0x2E, 0x0F, 0x00, 0x01, 0xF0, 0xF0, 0x00, 0x1F, 0x0F,
    0x00, 0x01, 0xF0, 0xF0, 0x00, 0x2E, 0x0F, 0x00, 0x03, 0xD0, 0xF0, 0x00, 0x3C, 0x0F, 0x00, 0x0F,
    0x00, 0xF4, 0x1B, 0xC0, 0xBF, 0xFF, 0x90, 0x00, 0x6A, 0xAA, 0xA0, 0x6F, 0xAA, 0xF0, 0x0F, 0x00,
    0x34, 0x0F, 0x00, 0x28, 0x0F, 0x00, 0x00, 0x0F, 0x00, 0x80, 0x0F, 0x42, 0xC0, 0x0F, 0xFF, 0xC0,
    0x0F, 0x42, 0xC0, 0x0F, 0x00, 0xC0, 0x0F, 0x00, 0x00, 0x0F, 0x00, 0x0C, 0x0F, 0x00, 0x1C, 0x0F,
    0x40, 0x7C, 0xBF, 0xFF, 0xF8, 0x6A, 0xAA, 0xA1, 0xBE, 0xAB, 0xD0, 0xF0, 0x03, 0x83, 0xC0, 0x0B,
    0x0F, 0x00, 0x00, 0x3C, 0x01, 0x00, 0xF0, 0x1C, 0x03, 0xEA, 0xF0, 0x0F, 0xAB, 0xC0, 0x3C, 0x07,
    0x00, 0xF0, 0x08, 0x03, 0xC0, 0x00, 0x0F, 0x00, 0x00, 0x3D, 0x00, 0x0B, 0xFF, 0x40, 0x00, 0x00,
    0xBF, 0x89, 0x00, 0x7E, 0x5B, 0xE0, 0x1F, 0x00, 0x1F, 0x03, 0xC0, 0x00, 0xB0, 0x78, 0x00, 0x03,
    0x4B, 0x40, 0x00, 0x00, 0xF4, 0x00, 0x00, 0x0F, 0x40, 0x00, 0x00, 0xF4, 0x00, 0xBF, 0xFF, 0x40,
    0x00, 0xF4, 0xB8, 0x00, 0x0F, 0x03, 0xC0, 0x00, 0xF0, 0x2F, 0x00, 0x0F, 0x00, 0xBD, 0x07, 0xF0,
    0x01, 0xFF, 0xF7, 0x00, 0x00, 0x40, 0x00, 0x6A, 0xA0, 0x1A, 0xA8, 0x6F, 0xD0, 0x0B, 0xF4, 0x0F,
    0x00, 0x02, 0xD0, 0x0F, 0x00, 0x02, 0xD0, 0x0F, 0x00, 0x02, 0xD0, 0x0F, 0x00, 0x02, 0xD0, 0x0F,
    0x40, 0x03, 0xD0, 0x0F, 0xFF, 0xFF, 0xD0, 0x0F, 0x40, 0x03, 0xD0, 0x0F, 0x00, 0x02, 0xD0, 0x0F,
    0x00, 0x02, 0xD0, 0x0F, 0x00, 0x02, 0xD0, 0x0F, 0x00, 0x02, 0xD0, 0x0F, 0x40, 0x03, 0xE0, 0xBF,
    0xF0, 0x2F, 0xFC, 0x6A, 0xA1, 0xBF, 0x40, 0xF4, 0x03, 0xD0, 0x0F, 0x40, 0x3D, 0x00, 0xF4, 0x03,
    0xD0, 0x0F, 0x40, 0x3D, 0x00, 0xF4, 0x03, 0xD0, 0x0F, 0x40, 0x3E, 0x0B, 0xFF, 0x00, 0x00, 0x2A,
    0xA8, 0x00, 0xBF, 0x90, 0x00, 0x3C, 0x00, 0x00, 0xF0, 0x00, 0x03, 0xC0, 0x00, 0x0F, 0x00, 0x00,
    0x3C, 0x00, 0x00, 0xF0, 0x00, 0x03, 0xC0, 0x00, 0x0F, 0x00, 0x00, 0x3C, 0x0B, 0x40, 0xF0, 0x3E,
    0x07, 0x80, 0xF4, 0x3C, 0x01, 0xFF, 0xD0, 0x00, 0x10, 0x00, 0x6A, 0xA0, 0x6A, 0x81, 0xBF, 0x41,
    0xFE, 0x00, 0xF4, 0x02, 0xC0, 0x03, 0xD0, 0x1C, 0x00, 0x0F, 0x41, 0xC0, 0x00, 0x3D, 0x1C, 0x00,
    0x00, 0xF5, 0xC0, 0x00, 0x03, 0xFF, 0x80, 0x00, 0x0F, 0xDF, 0x00, 0x00, 0x3D, 0x2F, 0x00, 0x00,
    0xF4, 0x3E, 0x00, 0x03, 0xD0, 0x7C, 0x00, 0x0F, 0x40, 0xBC, 0x00, 0x3E, 0x00, 0xF8, 0x0B, 0xFF,
    0x00, 0xFF, 0x00, 0x00, 0x00, 0x00, 0x6A, 0xA0, 0x01, 0xBF, 0x40, 0x00, 0xF0, 0x00, 0x03, 0xC0,
    0x00, 0x0F, 0x00, 0x00, 0x3C, 0x00, 0x00, 0xF0, 0x00, 0x03, 0xC0, 0x00, 0x0F, 0x00, 0x00, 0x3C,
    0x00, 0x00, 0xF0, 0x00, 0x43, 0xC0, 0x07, 0x0F, 0x00, 0x3C, 0x3D, 0x02, 0xEB, 0xFF, 0xFF, 0x80,
    0x2A, 0xA0, 0x00, 0x2A, 0xA0, 0x6F, 0xC0, 0x00, 0xFE, 0x40, 0x3F, 0x80, 0x0B, 0xF0, 0x00, 0xDF,
    0x00, 0x37, 0xC0, 0x07, 0x3C, 0x01, 0xCF, 0x00, 0x1C, 0x78, 0x0A, 0x3D, 0x00, 0x70, 0xF0, 0x34,
    0xB4, 0x01, 0xC3, 0xC1, 0xC2, 0xD0, 0x0B, 0x07, 0x8A, 0x0B, 0x40, 0x2C, 0x0F, 0x34, 0x2D, 0x00,
    0xB0, 0x2E, 0xC0, 0xB8, 0x02, 0x80, 0x7E, 0x01, 0xE0, 0x0E, 0x00, 0xA0, 0x07, 0x80, 0x3C, 0x00,
    0x00, 0x2F, 0x0B, 0xFD, 0x00, 0x07, 0xFF, 0x80, 0x6A, 0x80, 0x0A, 0xA8, 0x6F, 0xE0, 0x06, 0xF4,
    0x0F, 0xF0, 0x00, 0xC0, 0x0E, 0xB8, 0x00, 0xC0, 0x0E, 0x3D, 0x00, 0xC0, 0x0E, 0x2F, 0x00, 0xC0,
    0x0E, 0x0F, 0x40, 0xC0, 0x0E, 0x07, 0xC0, 0xC0, 0x0E, 0x03, 0xE0, 0xC0, 0x0E, 0x00, 0xF0, 0xC0,
    0x0E, 0x00, 0xBC, 0xC0, 0x0E, 0x00, 0x3E, 0xC0, 0x0E, 0x00, 0x1F, 0xC0, 0x0E, 0x00, 0x0F, 0xC0,
    0xBF, 0xD0, 0x03, 0xC0, 0x00, 0x6F, 0x90, 0x00, 0x3E, 0x5F, 0xD0, 0x0F, 0x00, 0x1F, 0x03, 0xC0,
    0x00, 0x7C, 0x78, 0x00, 0x03, 0xDB, 0x40, 0x00, 0x2E, 0xF4, 0x00, 0x02, 0xEF, 0x40, 0x00, 0x2F,
    0xF4, 0x00, 0x02, 0xEF, 0x40, 0x00, 0x2E, 0xB8, 0x00, 0x03, 0xD3, 0xC0, 0x00, 0x3C, 0x2F, 0x00,
    0x0B, 0x40, 0xBD, 0x07, 0xD0, 0x01, 0xFF, 0xF0, 0x00, 0x00, 0x40, 0x00, 0x6A, 0xA9, 0x00, 0x6F,
    0xAB, 0xE0, 0x0F, 0x00, 0xF4, 0x0F, 0x00, 0x7C, 0x0F, 0x00, 0x3C, 0x0F, 0x00, 0x7C, 0x0F, 0x00,
    0xB8, 0x0F, 0x02, 0xF0, 0x0F, 0xFF, 0x80, 0x0F, 0x40, 0x00, 0x0F, 0x00, 0x00, 0x0F, 0x00, 0x00,
    0x0F, 0x00, 0x00, 0x0F, 0x40, 0x00, 0xBF, 0xF4, 0x00, 0x00, 0x6F, 0x90, 0x00, 0x00, 0x3E, 0x5F,
    0xD0, 0x00, 0x0F, 0x00, 0x1F, 0x00, 0x03, 0xC0, 0x00, 0x7C, 0x00, 0x78, 0x00, 0x03, 0xD0, 0x0B,
    0x40, 0x00, 0x2E, 0x00, 0xF4, 0x00, 0x02, 0xE0, 0x0F, 0x40, 0x00, 0x2F, 0x00, 0xF4, 0x00, 0x02,
    0xE0, 0x0F, 0x40, 0x00, 0x2E, 0x00, 0xBA, 0xFD, 0x03, 0xD0, 0x03, 0xE0, 0xB8, 0x3C, 0x00, 0x2F,
    0x02, 0xDB, 0x40, 0x00, 0xBD, 0x0F, 0xD0, 0x00, 0x01, 0xFF, 0xFC, 0x00, 0x00, 0x00, 0x53, 0xE0,
    0x00, 0x00, 0x00, 0x1F, 0x81, 0xC0, 0x00, 0x00, 0xBF, 0xF4, 0x00, 0x00, 0x01, 0xFD, 0x00, 0x6A,
    0xA9, 0x00, 0x06, 0xFA, 0xBE, 0x00, 0x0F, 0x00, 0xB8, 0x00, 0xF0, 0x03, 0xC0, 0x0F, 0x00, 0x3C,
    0x00, 0xF0, 0x07, 0xC0, 0x0F, 0x00, 0xF0, 0x00, 0xFE, 0xF8, 0x00, 0x0F, 0x5F, 0x40, 0x00, 0xF0,
    0x3D, 0x00, 0x0F, 0x02, 0xF0, 0x00, 0xF0, 0x0F, 0x40, 0x0F, 0x00, 0xB8, 0x00, 0xF4, 0x03, 0xD0,
    0xBF, 0xF4, 0x2F, 0xD0, 0x00, 0x00, 0x10, 0x02, 0xF8, 0x90, 0x7D, 0x5F, 0x83, 0xC0, 0x0E, 0x0E,
    0x00, 0x2C, 0x7C, 0x00, 0x10, 0xF8, 0x00, 0x02, 0xFE, 0x40, 0x01, 0xFF, 0xD0, 0x00, 0x6F, 0xD0,
    0x00, 0x0B, 0xC4, 0x00, 0x0F, 0x3C, 0x00, 0x3C, 0xB4, 0x00, 0xF2, 0xF8, 0x0B, 0x46, 0x7F, 0xF4,
    0x00, 0x04, 0x00, 0x0A, 0xAA, 0xAA, 0x90, 0xBE, 0xAF, 0xAF, 0xC2, 0xC0, 0x78, 0x0B, 0x0D, 0x01,
    0xE0, 0x0D, 0x20, 0x07, 0x80, 0x24, 0x00, 0x1E, 0x00, 0x00, 0x00, 0x78, 0x00, 0x00, 0x01, 0xE0,
    0x00, 0x00, 0x07, 0x80, 0x00, 0x00, 0x1E, 0x00, 0x00, 0x00, 0x78, 0x00, 0x00, 0x01, 0xE0, 0x00,
    0x00, 0x07, 0x80, 0x00, 0x00, 0x2F, 0x00, 0x00, 0x0B, 0xFF, 0xC0, 0x00, 0xAA, 0x90, 0x0A, 0xA9,
    0xBE, 0x40, 0x1F, 0x90, 0xF0, 0x00, 0x1C, 0x03, 0xC0, 0x00, 0x70, 0x0F, 0x00, 0x01, 0xC0, 0x3C,
    0x00, 0x07, 0x00, 0xF0, 0x00, 0x1C, 0x03, 0xC0, 0x00, 0x70, 0x0F, 0x00, 0x01, 0xC0, 0x3C, 0x00,
    0x07, 0x00, 0xF0, 0x00, 0x1C, 0x03, 0xC0, 0x00, 0xA0, 0x0B, 0x80, 0x03, 0x40, 0x0F, 0x90, 0x78,
    0x00, 0x0B, 0xFF, 0x80, 0x00, 0x00, 0x40, 0x00, 0x6A, 0xA0, 0x0A, 0xA9, 0xBE, 0x40, 0x1F, 0xD0,
    0xF4, 0x00, 0x1C, 0x02, 0xE0, 0x00, 0xE0, 0x03, 0xC0, 0x03, 0x40, 0x0F, 0x40, 0x1C, 0x00, 0x1E,
    0x00, 0xE0, 0x00, 0x3C, 0x03, 0x40, 0x00, 0xB4, 0x1C, 0x00, 0x01, 0xE0, 0xE0, 0x00, 0x03, 0xC3,
    0x40, 0x00, 0x0B, 0x5C, 0x00, 0x00, 0x1E, 0xE0, 0x00, 0x00, 0x3F, 0x00, 0x00, 0x00, 0xBC, 0x00,
    0x00, 0x6A, 0xA0, 0x06, 0x40, 0x1A, 0xA1, 0xBE, 0x40, 0x3F, 0x00, 0x6F, 0x80, 0xF4, 0x00, 0xFC,
    0x00, 0x34, 0x02, 0xE0, 0x0B, 0xB4, 0x01, 0xC0, 0x07, 0xC0, 0x38, 0xF0, 0x0B, 0x00, 0x0F, 0x00,
    0xD3, 0xC0, 0x38, 0x00, 0x3D, 0x07, 0x0B, 0x40, 0xD0, 0x00, 0xB8, 0x2C, 0x1E, 0x07, 0x00, 0x01,
    0xF0, 0xE0, 0x3C, 0x2C, 0x00, 0x03, 0xC3, 0x40, 0xF0, 0xE0, 0x00, 0x0F, 0x1C, 0x01, 0xE3, 0x40,
    0x00, 0x2D, 0xB0, 0x03, 0xCC, 0x00, 0x00, 0x7B, 0x80, 0x0F, 0xB0, 0x00, 0x00, 0xFD, 0x00, 0x2F,
    0x80, 0x00, 0x02, 0xF0, 0x00, 0x7D, 0x00, 0x00, 0x6A, 0x90, 0x1A, 0xA1, 0xFF, 0x40, 0x7F, 0x40,
    0xF8, 0x00, 0xF0, 0x00, 0xF4, 0x07, 0x00, 0x01, 0xF0, 0x34, 0x00, 0x02, 0xF3, 0x80, 0x00, 0x03,
    0xFC, 0x00, 0x00, 0x03, 0xD0, 0x00, 0x00, 0x1F, 0xC0, 0x00, 0x00, 0xEB, 0xC0, 0x00, 0x0F, 0x0F,
    0x80, 0x00, 0xB0, 0x0F, 0x40, 0x07, 0x40, 0x1F, 0x00, 0x7C, 0x00, 0x3F, 0x4B, 0xFC, 0x03, 0xFF,
    0x40, 0x6A, 0xA0, 0x1A, 0xA5, 0xBF, 0x40, 0x2F, 0x80, 0xB8, 0x00, 0x34, 0x00, 0xF4, 0x02, 0x80,
    0x01, 0xF0, 0x1C, 0x00, 0x03, 0xE0, 0xD0, 0x00, 0x03, 0xCB, 0x00, 0x00, 0x0B, 0xF4, 0x00, 0x00,
    0x0F, 0x80, 0x00, 0x00, 0x2D, 0x00, 0x00, 0x00, 0xB4, 0x00, 0x00, 0x02, 0xD0, 0x00, 0x00, 0x0B,
    0x40, 0x00, 0x00, 0x3E, 0x00, 0x00, 0x0B, 0xFF, 0x40, 0x00, 0x2A, 0xAA, 0xA8, 0x7E, 0x55, 0xBC,
    0x74, 0x00, 0xF8, 0xB0, 0x02, 0xF0, 0x00, 0x07, 0xC0, 0x00, 0x0F, 0x40, 0x00, 0x2F, 0x00, 0x00,
    0x7C, 0x00, 0x00, 0xF4, 0x00, 0x02, 0xE0, 0x00, 0x07, 0xC0, 0x00, 0x0F, 0x40, 0x0D, 0x3E, 0x00,
    0x1D, 0x7C, 0x00, 0x7C, 0xFF, 0xFF, 0xFC, 0xBF, 0x3C, 0x0F, 0x03, 0xC0, 0xF0, 0x3C, 0x0F, 0x03,
    0xC0, 0xF0, 0x3C, 0x0F, 0x03, 0xC0, 0xF0, 0x3C, 0x0F, 0x03, 0xC0, 0xF0, 0x3C, 0x0F, 0x03, 0xC0,
    0xFA, 0x15, 0x40, 0x60, 0x00, 0x0C, 0x00, 0x03, 0x40, 0x00, 0x70, 0x00, 0x0C, 0x00, 0x02, 0x80,
    0x00, 0x70, 0x00, 0x0D, 0x00, 0x02, 0x80, 0x00, 0x70, 0x00, 0x0D, 0x00, 0x02, 0x80, 0x00, 0x30,
    0x00, 0x0D, 0x00, 0x02, 0xC0, 0x00, 0x30, 0x00, 0x0D, 0x00, 0x01, 0xC0, 0x00, 0x30, 0x00, 0x04,
    0x3F, 0x81, 0xF0, 0x3C, 0x0F, 0x03, 0xC0, 0xF0, 0x3C, 0x0F, 0x03, 0xC0, 0xF0, 0x3C, 0x0F, 0x03,
    0xC0, 0xF0, 0x3C, 0x0F, 0x03, 0xC0, 0xF0, 0x3C, 0x0F, 0x2F, 0xC5, 0x50, 0x00, 0xA0, 0x00, 0x07,
    0xD0, 0x00, 0x39, 0xC0, 0x02, 0xC3, 0x80, 0x0C, 0x03, 0x40, 0xE0, 0x07, 0x0B, 0x00, 0x0A, 0x10,
    0x00, 0x08, 0x55, 0x55, 0x5F, 0xFF, 0xFE, 0x00, 0x0E, 0x03, 0xD0, 0x2C, 0x01, 0x80, 0x0B, 0xE4,
    0x01, 0xD1, 0xF4, 0x0F, 0x40, 0xF0, 0x2C, 0x03, 0xC0, 0x00, 0x0F, 0x00, 0x1B, 0xFC, 0x03, 0xE4,
    0xF0, 0x2D, 0x03, 0xC0, 0xF0, 0x0F, 0x02, 0xE1, 0xFD, 0x03, 0xFD, 0x7F, 0x00, 0x00, 0x00, 0x7F,
    0x00, 0x00, 0x1F, 0x00, 0x00, 0x0F, 0x00, 0x00, 0x0F, 0x00, 0x00, 0x0F, 0x00, 0x00, 0x0F, 0x0B,
    0x90, 0x0F, 0x7A, 0xF8, 0x0F, 0xC0, 0x3C, 0x0F, 0x40, 0x2D, 0x0F, 0x00, 0x2E, 0x0F, 0x00, 0x1E,
    0x0F, 0x00, 0x1E, 0x0F, 0x00, 0x2D, 0x0F, 0x00, 0x3C, 0x0F, 0x80, 0xB8, 0x0E, 0xFF, 0xE0, 0x00,
    0x00, 0x00, 0x00, 0xBE, 0x00, 0x7D, 0x6D, 0x0F, 0x02, 0xE2, 0xD0, 0x2E, 0x3C, 0x00, 0x03, 0xC0,
    0x00, 0x3C, 0x00, 0x03, 0xD0, 0x00, 0x2F, 0x00, 0x00, 0xFD, 0x5E, 0x02, 0xFF, 0x40, 0x01, 0x00,
    0x00, 0x03, 0xF4, 0x00, 0x00, 0x6E, 0x00, 0x00, 0x07, 0x80, 0x00, 0x01, 0xE0, 0x00, 0x00, 0x78,
    0x00, 0x2F, 0xAE, 0x00, 0x7E, 0xBF, 0x80, 0x3C, 0x02, 0xE0, 0x2D, 0x00, 0x78, 0x0F, 0x00, 0x1E,
    0x03, 0xC0, 0x07, 0x80, 0xF0, 0x01, 0xE0, 0x3C, 0x00, 0xB8, 0x0B, 0x80, 0x3E, 0x00, 0xF8, 0x7F,
    0x80, 0x1F, 0xF8, 0xFC, 0x00, 0x00, 0x00, 0x00, 0x00, 0xBE, 0x00, 0x1E, 0x5F, 0x00, 0xE0, 0x1E,
    0x0B, 0x40, 0x3C, 0x3D, 0x55, 0xF0, 0xFF, 0xFF, 0x83, 0xC0, 0x00, 0x0F, 0x40, 0x00, 0x2F, 0x00,
    0x00, 0x3F, 0x57, 0x80, 0x2F, 0xF8, 0x00, 0x00, 0x00, 0x00, 0x00, 0x00, 0x0B, 0xFC, 0x02, 0xC2,
    0xD0, 0x38, 0x3C, 0x03, 0x80, 0x00, 0x78, 0x00, 0x1B, 0xE9, 0x02, 0xFE, 0x90, 0x07, 0x80, 0x00,
    0x78, 0x00, 0x07, 0x80, 0x00, 0x78, 0x00, 0x07, 0x80, 0x00, 0x78, 0x00, 0x07, 0x80, 0x00, 0xBC,
    0x00, 0x3F, 0xFC, 0x00, 0x00, 0x00, 0x00, 0x00, 0x00, 0x3D, 0x02, 0xF9, 0xED, 0x0F, 0x4B, 0xC0,
    0x2C, 0x02, 0xD0, 0x3C, 0x01, 0xE0, 0x3C, 0x02, 0xD0, 0x2E, 0x03, 0xC0, 0x0B, 0xFF, 0x40, 0x0D,
    0x50, 0x00, 0x2C, 0x00, 0x00, 0x2F, 0xAA, 0x90, 0x0F, 0xFF, 0xF4, 0x2D, 0x00, 0xB8, 0x78, 0x00,
    0x38, 0x78, 0x00, 0xB4, 0x3F, 0xAB, 0xE0, 0x06, 0xFA, 0x00, 0x3F, 0x80, 0x00, 0x01, 0xB8, 0x00,
    0x00, 0x07, 0x80, 0x00, 0x00, 0x78, 0x00, 0x00, 0x07, 0x80, 0x00, 0x00, 0x78, 0x7E, 0x00, 0x07,
    0xBE, 0xFC, 0x00, 0x7D, 0x03, 0xD0, 0x07, 0xC0, 0x1D, 0x00, 0x78, 0x01, 0xE0, 0x07, 0x80, 0x1E,
    0x00, 0x78, 0x01, 0xE0, 0x07, 0x80, 0x1E, 0x00, 0x78, 0x01, 0xE0, 0x0B, 0xC0, 0x2E, 0x03, 0xFF,
    0x0F, 0xFC, 0x06, 0x00, 0x3E, 0x00, 0xF4, 0x00, 0x00, 0x00, 0x00, 0x69, 0x02, 0xF8, 0x01, 0xE0,
    0x07, 0x80, 0x1E, 0x00, 0x78, 0x01, 0xE0, 0x07, 0x80, 0x1E, 0x00, 0xBC, 0x0F, 0xFD, 0x06, 0x03,
    0xE0, 0xF4, 0x00, 0x00, 0x06, 0x92, 0xF4, 0x2D, 0x07, 0x41, 0xD0, 0x74, 0x1D, 0x07, 0x41, 0xD0,
    0x74, 0x1D, 0x0B, 0x42, 0xC0, 0xE0, 0xF0, 0x20, 0x00, 0x3F, 0x80, 0x00, 0x06, 0xE0, 0x00, 0x00,
    0x78, 0x00, 0x00, 0x1E, 0x00, 0x00, 0x07, 0x80, 0x00, 0x01, 0xE0, 0x6A, 0x80, 0x78, 0x1F, 0xD0,
    0x1E, 0x03, 0x80, 0x07, 0x87, 0x80, 0x01, 0xE7, 0x40, 0x00, 0x7B, 0xD0, 0x00, 0x1E, 0x7C, 0x00,
    0x07, 0x87, 0xC0, 0x01, 0xE0, 0xBC, 0x00, 0xBC, 0x0F, 0xD0, 0xFF, 0xC0, 0xFE, 0x00, 0x00, 0x00,
    0x00, 0x3F, 0x80, 0x6E, 0x00, 0x78, 0x01, 0xE0, 0x07, 0x80, 0x1E, 0x00, 0x78, 0x01, 0xE0, 0x07,
    0x80, 0x1E, 0x00, 0x78, 0x01, 0xE0, 0x07, 0x80, 0x1E, 0x00, 0xBC, 0x0F, 0xFD, 0x1A, 0x07, 0xE0,
    0x2E, 0x40, 0x2F, 0x7E, 0xF9, 0xEB, 0xD0, 0x07, 0xD0, 0x3F, 0x01, 0xE0, 0x07, 0xC0, 0x2D, 0x00,
    0xF0, 0x07, 0x80, 0x2D, 0x00, 0xF0, 0x07, 0x80, 0x2D, 0x00, 0xF0, 0x07, 0x80, 0x2D, 0x00, 0xF0,
    0x07, 0x80, 0x2D, 0x00, 0xF0, 0x07, 0x80, 0x2D, 0x00, 0xF0, 0x0B, 0xC0, 0x3D, 0x00, 0xF0, 0x3F,
    0xF0, 0xFF, 0x87, 0xFE, 0x1A, 0x07, 0xE0, 0x02, 0xF7, 0xEF, 0xC0, 0x07, 0xD0, 0x3D, 0x00, 0x7C,
    0x01, 0xD0, 0x07, 0x80, 0x1E, 0x00, 0x78, 0x01, 0xE0, 0x07, 0x80, 0x1E, 0x00, 0x78, 0x01, 0xE0,
    0x07, 0x80, 0x1E, 0x00, 0xBC, 0x02, 0xE0, 0x3F, 0xF0, 0xFF, 0xC0, 0x00, 0xAE, 0x40, 0x07, 0xD7,
    0xE0, 0x0F, 0x00, 0xF8, 0x2D, 0x00, 0x7C, 0x3C, 0x00, 0x3C, 0x3C, 0x00, 0x3C, 0x3C, 0x00, 0x3C,
    0x3D, 0x00, 0x3C, 0x2F, 0x00, 0x78, 0x0F, 0x81, 0xF0, 0x02, 0xFF, 0x80, 0x00, 0x00, 0x00, 0x2A,
    0x0B, 0xD0, 0x2F, 0x7A, 0xF8, 0x0B, 0xC0, 0x3D, 0x0B, 0x40, 0x2E, 0x0B, 0x40, 0x1F, 0x0B, 0x40,
    0x0F, 0x0B, 0x40, 0x1F, 0x0B, 0x40, 0x1E, 0x0B, 0x40, 0x3D, 0x0B, 0xD0, 0xB8, 0x0B, 0xFF, 0xE0,
    0x0B, 0x40, 0x00, 0x0B, 0x40, 0x00, 0x0B, 0x40, 0x00, 0x2F, 0xE0, 0x00, 0x2A, 0xA0, 0x00, 0x00,
    0xBE, 0x54, 0x01, 0xFA, 0xFE, 0x00, 0xF0, 0x0B, 0x80, 0xB4, 0x01, 0xE0, 0x3C, 0x00, 0x78, 0x0F,
    0x00, 0x1E, 0x03, 0xC0, 0x07, 0x80, 0xF0, 0x01, 0xE0, 0x2E, 0x00, 0xF8, 0x03, 0xE1, 0xFE, 0x00,
    0x7F, 0xE7, 0x80, 0x00, 0x01, 0xE0, 0x00, 0x00, 0x78, 0x00, 0x00, 0x1E, 0x00, 0x00, 0x2F, 0xE0,
    0x00, 0x0A, 0xA8, 0x1A, 0x0B, 0x82, 0xF7, 0xBE, 0x07, 0xD3, 0xE0, 0x7C, 0x18, 0x07, 0x80, 0x00,
    0x78, 0x00, 0x07, 0x80, 0x00, 0x78, 0x00, 0x07, 0x80, 0x00, 0xBC, 0x00, 0x3F, 0xFC, 0x00, 0x0B,
    0x98, 0x39, 0x7D, 0xB0, 0x0D, 0xB4, 0x04, 0x7E, 0x40, 0x2F, 0xF4, 0x01, 0xBD, 0x40, 0x1E, 0xE0,
    0x0E, 0xF8, 0x1D, 0xBF, 0xF4, 0x00, 0x40, 0x00, 0x00, 0x00, 0xD0, 0x00, 0x34, 0x00, 0x2D, 0x00,
    0x2F, 0xA9, 0x0B, 0xFA, 0x40, 0xB4, 0x00, 0x2D, 0x00, 0x0B, 0x40, 0x02, 0xD0, 0x00, 0xB4, 0x00,
    0x2D, 0x00, 0x0B, 0x40, 0x01, 0xF5, 0x80, 0x3F, 0xD0, 0x00, 0x40, 0x2A, 0x01, 0xA8, 0x0B, 0xC0,
    0x7F, 0x00, 0xF0, 0x03, 0xC0, 0x3C, 0x00, 0xF0, 0x0F, 0x00, 0x3C, 0x03, 0xC0, 0x0F, 0x00, 0xF0,
    0x03, 0xC0, 0x3C, 0x00, 0xF0, 0x0B, 0x40, 0x7C, 0x01, 0xF4, 0xBF, 0x00, 0x2F, 0xE3, 0xF8, 0x00,
    0x40, 0x00, 0x6A, 0x80, 0xAA, 0x1F, 0xE0, 0x2F, 0x80, 0xF0, 0x03, 0x40, 0x3D, 0x01, 0xC0, 0x07,
    0x80, 0xA0, 0x00, 0xF0, 0x30, 0x00, 0x2D, 0x1C, 0x00, 0x03, 0xCD, 0x00, 0x00, 0xF7, 0x00, 0x00,
    0x1F, 0x80, 0x00, 0x03, 0xD0, 0x00, 0x6A, 0x80, 0xA4, 0x1A, 0x97, 0xF4, 0x0F, 0x81, 0xFD, 0x1F,
    0x01, 0xFC, 0x07, 0x00, 0xF0, 0x2A, 0xC0, 0xB0, 0x0B, 0x43, 0x5D, 0x0D, 0x00, 0x78, 0x30, 0xE0,
    0xC0, 0x03, 0xC7, 0x0F, 0x1C, 0x00, 0x2C, 0xE0, 0xB6, 0x80, 0x01, 0xED, 0x07, 0xB0, 0x00, 0x0F,
    0xC0, 0x3F, 0x00, 0x00, 0xFC, 0x03, 0xE0, 0x00, 0x6A, 0x82, 0xA8, 0x7F, 0x82, 0xF8, 0x0F, 0x41,
    0xC0, 0x03, 0xD3, 0x40, 0x01, 0xFE, 0x00, 0x00, 0xBC, 0x00, 0x00, 0xBE, 0x00, 0x02, 0xCF, 0x40,
    0x07, 0x03, 0xC0, 0x1E, 0x02, 0xF4, 0xFF, 0xCF, 0xFF, 0x6A, 0x80, 0xAA, 0x7F, 0x80, 0xBD, 0x0F,
    0x00, 0x34, 0x0B, 0x40, 0xB0, 0x07, 0xC0, 0xD0, 0x03, 0xC1, 0xC0, 0x01, 0xE2, 0x80, 0x00, 0xF3,
    0x00, 0x00, 0xBE, 0x00, 0x00, 0x3D, 0x00, 0x00, 0x3C, 0x00, 0x00, 0x34, 0x00, 0x00, 0x70, 0x00,
    0xB8, 0xE0, 0x00, 0xBA, 0xC0, 0x00, 0x2E, 0x00, 0x00, 0x2A, 0xAA, 0x83, 0xEA, 0xBC, 0x38, 0x0B,
    0x43, 0x01, 0xE0, 0x00, 0x3C, 0x00, 0x0F, 0x40, 0x02, 0xE0, 0x00, 0x7C, 0x09, 0x0F, 0x00, 0xD3,
    0xD0, 0x2D, 0x3F, 0xFF, 0xD0, 0x00, 0x00, 0x7E, 0x0F, 0x01, 0xE0, 0x0E, 0x00, 0xF0, 0x0F, 0x00,
    0xF0, 0x0F, 0x00, 0xF0, 0x1D, 0x0F, 0x40, 0x2D, 0x00, 0xF0, 0x0F, 0x00, 0xF0, 0x0F, 0x00, 0xF0,
    0x0E, 0x01, 0xE0, 0x0E, 0x00, 0xF5, 0x02, 0xA0, 0x27, 0x77, 0x77, 0x77, 0x77, 0x77, 0x77, 0x77,
    0x77, 0x71, 0x00, 0x00, 0xFD, 0x00, 0x3C, 0x00, 0xF0, 0x03, 0xC0, 0x0F, 0x00, 0x3C, 0x00, 0xE0,
    0x03, 0x80, 0x0E, 0x00, 0x2C, 0x00, 0x2E, 0x02, 0xD0, 0x0E, 0x00, 0x38, 0x00, 0xE0, 0x03, 0xC0,
    0x0F, 0x00, 0x3C, 0x00, 0xF0, 0x03, 0xC0, 0x6E, 0x02, 0x90, 0x00, 0x04, 0x00, 0x03, 0xFF, 0x9E,
    0x60, 0x6F, 0xC0, 0x2D, 0x3F, 0x3D, 0x00, 0x08, 0x0C, 0x1C, 0x1C, 0x1C, 0x1C, 0x2D, 0x3D, 0x3E,
    0x3E, 0x3E, 0x04, 0x00, 0x04, 0x00, 0x00, 0xC0, 0x00, 0xBE, 0x00, 0x7F, 0xED, 0x0F, 0x26, 0xE2,
    0xD3, 0x2E, 0x3C, 0x30, 0x03, 0xC6, 0x00, 0x3C, 0xA0, 0x03, 0xD9, 0x00, 0x1F, 0xC0, 0x00, 0xFD,
    0x6E, 0x03, 0xFF, 0x40, 0x28, 0x00, 0x01, 0x00, 0x00, 0x00, 0xBF, 0x40, 0x1F, 0x5B, 0x80, 0xF0,
    0x1F, 0x03, 0xC0, 0x7C, 0x1F, 0x00, 0x00, 0x3C, 0x00, 0x00, 0xF4, 0x00, 0x0B, 0xFA, 0xA0, 0x17,
    0xE5, 0x40, 0x0B, 0x40, 0x00, 0x1D, 0x00, 0x00, 0xB0, 0x05, 0x03, 0x80, 0x38, 0x3E, 0xAB, 0xD3,
    0xFF, 0xFF, 0x40, 0x00, 0x00, 0x09, 0x04, 0x1C, 0x3F, 0xFF, 0x42, 0xC0, 0xF0, 0x38, 0x07, 0x03,
    0x80, 0x74, 0x38, 0x07, 0x02, 0xD0, 0xF0, 0x3F, 0xFB, 0x49, 0x00, 0x18, 0x2A, 0xA4, 0x0A, 0xA4,
    0xBF, 0x80, 0x2F, 0x90, 0x7C, 0x00, 0x38, 0x00, 0xB8, 0x01, 0xC0, 0x00, 0xF0, 0x0D, 0x00, 0x01,
    0xF0, 0xB0, 0x00, 0x03, 0xD3, 0x00, 0x03, 0xFF, 0xFF, 0xE0, 0x00, 0x0B, 0xC0, 0x00, 0x2A, 0xAF,
    0xA9, 0x00, 0x55, 0xBD, 0x50, 0x00, 0x01, 0xE0, 0x00, 0x00, 0x07, 0x80, 0x00, 0x00, 0x2F, 0x00,
    0x00, 0x07, 0xFF, 0x80, 0x00, 0x27, 0x77, 0x77, 0x77, 0x00, 0x07, 0x77, 0x77, 0x77, 0x71, 0x00,
    0xBE, 0x00, 0x0E, 0x6E, 0x00, 0xB0, 0xB8, 0x03, 0xC0, 0x40, 0x0B, 0x80, 0x00, 0xBF, 0x80, 0x07,
    0x4F, 0xD0, 0x2C, 0x0B, 0xE0, 0x78, 0x07, 0xE0, 0xF8, 0x03, 0xD0, 0xFC, 0x07, 0x40, 0xFE, 0x1D,
    0x00, 0x7E, 0xF0, 0x00, 0x3F, 0x00, 0x00, 0x38, 0x03, 0xC0, 0xE0, 0x0F, 0x0B, 0x40, 0x2F, 0xF4,
    0x00, 0x00, 0x00, 0x00, 0x14, 0x14, 0x3D, 0x3D, 0x3C, 0x3D, 0x00, 0x00, 0x00, 0x05, 0x40, 0x00,
    0x07, 0xEA, 0xF4, 0x00, 0xB4, 0x00, 0x74, 0x0B, 0x06, 0xE8, 0x74, 0x30, 0xB4, 0x70, 0xB1, 0xC3,
    0x80, 0x90, 0xCA, 0x1D, 0x00, 0x03, 0x28, 0x70, 0x00, 0x0D, 0xA1, 0xD0, 0x00, 0x31, 0xC3, 0x80,
    0x01, 0xC3, 0x07, 0x97, 0x0A, 0x0B, 0x06, 0xE0, 0x70, 0x0B, 0x40, 0x0B, 0x00, 0x07, 0xFF, 0xE0,
    0x00, 0x00, 0x00, 0x00, 0x00, 0x01, 0x40, 0x0B, 0x6D, 0x03, 0x83, 0xC0, 0x40, 0xB0, 0x0B, 0xFC,
    0x0F, 0x0B, 0x03, 0x83, 0xC0, 0xFB, 0xBD, 0x05, 0x05, 0x00, 0x01, 0x42, 0x01, 0xC2, 0xC1, 0xD2,
    0xC1, 0xF2, 0xD0, 0xF4, 0xF0, 0x1F, 0x2E, 0x01, 0xE2, 0xD0, 0x1D, 0x2C, 0x01, 0x42, 0x00, 0x6A,
    0xAA, 0x96, 0xAA, 0xAE, 0x00, 0x00, 0xE0, 0x00, 0x0E, 0x00, 0x00, 0x90, 0x0B, 0xE0, 0x39, 0xBC,
    0x7A, 0xDE, 0xB9, 0x6F, 0xBA, 0x6F, 0x79, 0xCE, 0x2F, 0xF8, 0x06, 0x90, 0xBF, 0xF2, 0xFF, 0xC0,
    0x00, 0x01, 0xFD, 0x34, 0x73, 0x07, 0x2D, 0xE0, 0x64, 0x00, 0xA0, 0x00, 0x0A, 0x00, 0x00, 0xA0,
    0x06, 0xAF, 0xA9, 0x2A, 0xFA, 0x90, 0x0A, 0x00, 0x00, 0xA0, 0x00, 0x0A, 0x00, 0x00, 0x00, 0x01,
    0x55, 0x54, 0x7F, 0xFF, 0xD0, 0x05, 0x40, 0x3E, 0xB8, 0x74, 0x2C, 0x20, 0x2C, 0x00, 0x3C, 0x00,
    0xB0, 0x01, 0xD0, 0x07, 0x05, 0x1D, 0x1D, 0x3F, 0xFD, 0x00, 0x00, 0x01, 0x40, 0x2E, 0xB8, 0x38,
    0x2C, 0x24, 0x2C, 0x00, 0x78, 0x02, 0xF4, 0x00, 0x2D, 0x00, 0x0E, 0x20, 0x2D, 0x2F, 0xF8, 0x01,
    0x40, 0x00, 0x00, 0xD0, 0xF4, 0xB4, 0x20, 0x00, 0x64, 0x01, 0x90, 0x78, 0x02, 0xD0, 0x78, 0x02,
    0xD0, 0x78, 0x02, 0xC0, 0x78, 0x02, 0xC0, 0x78, 0x02, 0xC0, 0x74, 0x02, 0xC0, 0x74, 0x02, 0xC0,
    0x74, 0x03, 0xC0, 0x7D, 0x1E, 0xE0, 0x7F, 0xF4, 0xFD, 0x78, 0x40, 0x00, 0x78, 0x00, 0x00, 0x78,
    0x00, 0x00, 0x3C, 0x00, 0x00, 0x24, 0x00, 0x00, 0x01, 0x86, 0xA0, 0x3F, 0x5F, 0x43, 0xFD, 0x74,
    0x1F, 0xF5, 0xD0, 0x7F, 0xD7, 0x42, 0xFF, 0x5D, 0x07, 0xFD, 0x74, 0x0F, 0xF5, 0xD0, 0x2F, 0xD7,
    0x40, 0x1F, 0x5D, 0x00, 0x00, 0x74, 0x00, 0x01, 0xD0, 0x00, 0x07, 0x40, 0x00, 0x1D, 0x00, 0x00,
    0x74, 0x00, 0x01, 0xD0, 0x00, 0x0B, 0x40, 0x02, 0xFD, 0x00, 0x1D, 0x0F, 0xC3, 0xF0, 0x10, 0x00,
    0x00, 0x90, 0x0F, 0x80, 0x1C, 0x26, 0xC1, 0xA4, 0x01, 0x00, 0xFD, 0x00, 0x74, 0x01, 0xD0, 0x07,
    0x40, 0x1D, 0x00, 0x74, 0x01, 0xD0, 0x07, 0x40, 0xBF, 0x80, 0x00, 0x00, 0x01, 0x50, 0x03, 0xAF,
    0x03, 0x80, 0xF0, 0xD0, 0x2C, 0x34, 0x0B, 0x0E, 0x02, 0xC3, 0xC0, 0xE0, 0x3E, 0xF0, 0x01, 0x50,
    0x00, 0x20, 0x20, 0x02, 0xC3, 0x80, 0x0F, 0x0E, 0x00, 0x3C, 0xB8, 0x02, 0xD3, 0xC0, 0x3C, 0xB8,
    0x0F, 0x0E, 0x02, 0xC3, 0x80, 0x20, 0x20, 0x00, 0x01, 0x00, 0x00, 0x00, 0x00, 0xFD, 0x00, 0x00,
    0xC0, 0x00, 0x74, 0x00, 0x0E, 0x00, 0x01, 0xD0, 0x00, 0x70, 0x00, 0x07, 0x40, 0x03, 0x40, 0x00,
    0x1D, 0x00, 0x1C, 0x00, 0x00, 0x74, 0x00, 0xD0, 0x00, 0x01, 0xD0, 0x0A, 0x01, 0xF0, 0x07, 0x40,
    0x30, 0x0F, 0xC0, 0xBF, 0x83, 0x80, 0x9F, 0x00, 0x00, 0x1C, 0x07, 0x3C, 0x00, 0x00, 0xD0, 0x30,
    0xF0, 0x00, 0x0B, 0x02, 0x43, 0xC0, 0x00, 0x34, 0x1E, 0xAF, 0x90, 0x02, 0x80, 0x2A, 0xBE, 0x40,
    0x0C, 0x00, 0x00, 0xF0, 0x00, 0x00, 0x00, 0x01, 0x40, 0x01, 0x00, 0x00, 0x00, 0x00, 0x3F, 0x40,
    0x00, 0x30, 0x00, 0x07, 0x40, 0x00, 0xE0, 0x00, 0x07, 0x40, 0x01, 0xC0, 0x00, 0x07, 0x40, 0x03,
    0x40, 0x00, 0x07, 0x40, 0x0B, 0x00, 0x00, 0x07, 0x40, 0x0D, 0x05, 0x40, 0x07, 0x40, 0x28, 0x7A,
    0xF0, 0x07, 0x40, 0x30, 0xF0, 0x3C, 0x2F, 0xE0, 0xE0, 0x60, 0x3C, 0x00, 0x01, 0xC0, 0x00, 0x74,
    0x00, 0x03, 0x40, 0x00, 0xE0, 0x00, 0x0B, 0x00, 0x03, 0xC0, 0x00, 0x0D, 0x00, 0x0E, 0x08, 0x00,
    0x28, 0x00, 0x38, 0x2C, 0x00, 0x30, 0x00, 0xBF, 0xFC, 0x00, 0x00, 0x00, 0x00, 0x00, 0x01, 0x40,
    0x00, 0x1C, 0x00, 0x2E, 0xB8, 0x00, 0x34, 0x00, 0x38, 0x2C, 0x00, 0x70, 0x00, 0x24, 0x2C, 0x00,
    0xD0, 0x00, 0x00, 0x78, 0x02, 0xC0, 0x00, 0x02, 0xF4, 0x03, 0x00, 0x00, 0x00, 0x2D, 0x0E, 0x01,
    0xF0, 0x00, 0x0E, 0x1C, 0x03, 0xF0, 0x20, 0x2D, 0x34, 0x0D, 0xF0, 0x2F, 0xF8, 0x70, 0x28, 0xF0,
    0x01, 0x40, 0xD0, 0x30, 0xF0, 0x00, 0x02, 0xC0, 0xD0, 0xF0, 0x00, 0x03, 0x01, 0xEA, 0xF8, 0x00,
    0x0E, 0x01, 0xAA, 0xF8, 0x00, 0x1C, 0x00, 0x00, 0xF0, 0x00, 0x00, 0x00, 0x00, 0x50, 0x00, 0xB0,
    0x00, 0x7E, 0x00, 0x0F, 0x00, 0x00, 0x00, 0x00, 0x50, 0x00, 0x18, 0x00, 0x0A, 0x00, 0x0B, 0x80,
    0x07, 0xC0, 0x07, 0xD0, 0x03, 0xD0, 0x00, 0xF0, 0x1E, 0x3C, 0x07, 0xCF, 0x41, 0xD0, 0xBF, 0xD0,
    0x00, 0x00, 0x00, 0x00, 0x00, 0x00, 0x00, 0xB4, 0x00, 0x00, 0x01, 0xF4, 0x00, 0x00, 0x00, 0xB4,
    0x00, 0x00, 0x00, 0x00, 0x00, 0x00, 0x1A, 0x00, 0x00, 0x00, 0xFC, 0x00, 0x00, 0x03, 0xB8, 0x00,
    0x00, 0x1C, 0xF0, 0x00, 0x00, 0xD3, 0xD0, 0x00, 0x03, 0x07, 0x80, 0x00, 0x2C, 0x0F, 0x00, 0x00,
    0xD0, 0x3D, 0x00, 0x03, 0x00, 0x78, 0x00, 0x2F, 0xFF, 0xF0, 0x00, 0xE0, 0x03, 0xD0, 0x07, 0x00,
    0x07, 0x80, 0x28, 0x00, 0x0F, 0x01, 0xE0, 0x00, 0x3E, 0x2F, 0xF4, 0x0B, 0xFF, 0x00, 0x00, 0x00,
    0x00, 0x00, 0x02, 0xC0, 0x00, 0x00, 0x3F, 0x00, 0x00, 0x03, 0x90, 0x00, 0x00, 0x00, 0x00, 0x00,
    0x00, 0x1A, 0x00, 0x00, 0x00, 0xFC, 0x00, 0x00, 0x03, 0xB8, 0x00, 0x00, 0x1C, 0xF0, 0x00, 0x00,
    0xD3, 0xD0, 0x00, 0x03, 0x07, 0x80, 0x00, 0x2C, 0x0F, 0x00, 0x00, 0xD0, 0x3D, 0x00, 0x03, 0x00,
    0x78, 0x00, 0x2F, 0xFF, 0xF0, 0x00, 0xE0, 0x03, 0xD0, 0x07, 0x00, 0x07, 0x80, 0x28, 0x00, 0x0F,
    0x01, 0xE0, 0x00, 0x3E, 0x2F, 0xF4, 0x0B, 0xFF, 0x00, 0x01, 0x00, 0x00, 0x00, 0x1F, 0x00, 0x00,
    0x01, 0xFF, 0x00, 0x00, 0x1D, 0x0B, 0x00, 0x00, 0x00, 0x00, 0x00, 0x00, 0x1A, 0x00, 0x00, 0x00,
    0xFC, 0x00, 0x00, 0x03, 0xB8, 0x00, 0x00, 0x1C, 0xF0, 0x00, 0x00, 0xD3, 0xD0, 0x00, 0x03, 0x07,
    0x80, 0x00, 0x2C, 0x0F, 0x00, 0x00, 0xD0, 0x3D, 0x00, 0x03, 0x00, 0x78, 0x00, 0x2F, 0xFF, 0xF0,
    0x00, 0xE0, 0x03, 0xD0, 0x07, 0x00, 0x07, 0x80, 0x28, 0x00, 0x0F, 0x01, 0xE0, 0x00, 0x3E, 0x2F,
    0xF4, 0x0B, 0xFF, 0x00, 0x29, 0x04, 0x00, 0x01, 0xFF, 0xF0, 0x00, 0x04, 0x1B, 0x00, 0x00, 0x00,
    0x00, 0x00, 0x00, 0x06, 0x80, 0x00, 0x00, 0x3F, 0x00, 0x00, 0x00, 0xEE, 0x00, 0x00, 0x07, 0x3C,
    0x00, 0x00, 0x34, 0xF4, 0x00, 0x00, 0xC1, 0xE0, 0x00, 0x0B, 0x03, 0xC0, 0x00, 0x34, 0x0F, 0x40,
    0x00, 0xC0, 0x1E, 0x00, 0x0B, 0xFF, 0xFC, 0x00, 0x38, 0x00, 0xF4, 0x01, 0xC0, 0x01, 0xE0, 0x0A,
    0x00, 0x03, 0xC0, 0x78, 0x00, 0x0F, 0x8B, 0xFD, 0x02, 0xFF, 0xC0, 0x00, 0x74, 0x38, 0x00, 0x02,
    0xF1, 0xF0, 0x00, 0x02, 0x42, 0x80, 0x00, 0x00, 0x00, 0x00, 0x00, 0x06, 0x80, 0x00, 0x00, 0x3F,
    0x00, 0x00, 0x00, 0xEE, 0x00, 0x00, 0x07, 0x3C, 0x00, 0x00, 0x34, 0xF4, 0x00, 0x00, 0xC1, 0xE0,
    0x00, 0x0B, 0x03, 0xC0, 0x00, 0x34, 0x0F, 0x40, 0x00, 0xC0, 0x1E, 0x00, 0x0B, 0xFF, 0xFC, 0x00,
    0x38, 0x00, 0xF4, 0x01, 0xC0, 0x01, 0xE0, 0x0A, 0x00, 0x03, 0xC0, 0x78, 0x00, 0x0F, 0x8B, 0xFD,
    0x02, 0xFF, 0xC0, 0x00, 0x07, 0x80, 0x00, 0x00, 0x72, 0xC0, 0x00, 0x02, 0x87, 0x00, 0x00, 0x07,
    0xB8, 0x00, 0x00, 0x06, 0x40, 0x00, 0x00, 0x1A, 0x00, 0x00, 0x00, 0xFC, 0x00, 0x00, 0x03, 0xB8,
    0x00, 0x00, 0x1C, 0xF0, 0x00, 0x00, 0xD3, 0xD0, 0x00, 0x03, 0x07, 0x80, 0x00, 0x2C, 0x0F, 0x00,
    0x00, 0xD0, 0x3D, 0x00, 0x03, 0x00, 0x78, 0x00, 0x2F, 0xFF, 0xF0, 0x00, 0xE0, 0x03, 0xD0, 0x07,
    0x00, 0x07, 0x80, 0x28, 0x00, 0x0F, 0x01, 0xE0, 0x00, 0x3E, 0x2F, 0xF4, 0x0B, 0xFF, 0x00, 0x06,
    0xAA, 0xAA, 0xA4, 0x00, 0x02, 0xEB, 0xEA, 0xF8, 0x00, 0x02, 0xC7, 0x80, 0x2C, 0x00, 0x03, 0x47,
    0x80, 0x0C, 0x00, 0x0B, 0x07, 0x80, 0x00, 0x00, 0x0D, 0x07, 0x80, 0x40, 0x00, 0x2C, 0x07, 0x80,
    0xD0, 0x00, 0x3F, 0xFF, 0xFF, 0xD0, 0x00, 0xB5, 0x5B, 0xD6, 0xD0, 0x00, 0xD0, 0x07, 0x80, 0x90,
    0x02, 0xC0, 0x07, 0x80, 0x00, 0x03, 0x40, 0x07, 0x80, 0x09, 0x0B, 0x00, 0x07, 0x80, 0x0D, 0x1F,
    0x00, 0x0B, 0x80, 0x2D, 0xBF, 0xD0, 0x3F, 0xFF, 0xFC, 0x00, 0xBF, 0x89, 0x01, 0xF9, 0x7F, 0x81,
    0xF0, 0x01, 0xE0, 0xF0, 0x00, 0x2C, 0x78, 0x00, 0x03, 0x2D, 0x00, 0x00, 0x0F, 0x40, 0x00, 0x03,
    0xD0, 0x00, 0x00, 0xF4, 0x00, 0x00, 0x3D, 0x00, 0x00, 0x0B, 0xC0, 0x00, 0x00, 0xF0, 0x00, 0x00,
    0x2F, 0x00, 0x07, 0x02, 0xF4, 0x1B, 0x40, 0x1F, 0xFE, 0x00, 0x00, 0x30, 0x00, 0x00, 0x1E, 0x00,
    0x00, 0x00, 0xE0, 0x00, 0x06, 0x78, 0x00, 0x00, 0xA8, 0x00, 0x00, 0x00, 0x00, 0x02, 0xC0, 0x00,
    0x01, 0xF4, 0x00, 0x00, 0x2D, 0x00, 0x00, 0x00, 0x00, 0x6A, 0xAA, 0xA0, 0x6F, 0xAA, 0xF0, 0x0F,
    0x00, 0x34, 0x0F, 0x00, 0x28, 0x0F, 0x00, 0x00, 0x0F, 0x00, 0x80, 0x0F, 0x42, 0xC0, 0x0F, 0xFF,
    0xC0, 0x0F, 0x42, 0xC0, 0x0F, 0x00, 0xC0, 0x0F, 0x00, 0x00, 0x0F, 0x00, 0x0C, 0x0F, 0x00, 0x1C,
    0x0F, 0x40, 0x7C, 0xBF, 0xFF, 0xF8, 0x00, 0x00, 0x00, 0x00, 0x0B, 0x00, 0x00, 0x3F, 0x00, 0x00,
    0xE4, 0x00, 0x00, 0x00, 0x00, 0x6A, 0xAA, 0xA0, 0x6F, 0xAA, 0xF0, 0x0F, 0x00, 0x34, 0x0F, 0x00,
    0x28, 0x0F, 0x00, 0x00, 0x0F, 0x00, 0x80, 0x0F, 0x42, 0xC0, 0x0F, 0xFF, 0xC0, 0x0F, 0x42, 0xC0,
    0x0F, 0x00, 0xC0, 0x0F, 0x00, 0x00, 0x0F, 0x00, 0x0C, 0x0F, 0x00, 0x1C, 0x0F, 0x40, 0x7C, 0xBF,
    0xFF, 0xF8, 0x00, 0x10, 0x00, 0x00, 0xBC, 0x00, 0x01, 0xFF, 0x00, 0x07, 0x42, 0x80, 0x00, 0x00,
    0x00, 0x6A, 0xAA, 0xA0, 0x6F, 0xAA, 0xF0, 0x0F, 0x00, 0x34, 0x0F, 0x00, 0x28, 0x0F, 0x00, 0x00,
    0x0F, 0x00, 0x80, 0x0F, 0x42, 0xC0, 0x0F, 0xFF, 0xC0, 0x0F, 0x42, 0xC0, 0x0F, 0x00, 0xC0, 0x0F,
    0x00, 0x00, 0x0F, 0x00, 0x0C, 0x0F, 0x00, 0x1C, 0x0F, 0x40, 0x7C, 0xBF, 0xFF, 0xF8, 0x07, 0x43,
    0x80, 0x0B, 0xCB, 0xC0, 0x06, 0x42, 0x80, 0x00, 0x00, 0x00, 0x6A, 0xAA, 0xA0, 0x6F, 0xAA, 0xF0,
    0x0F, 0x00, 0x34, 0x0F, 0x00, 0x28, 0x0F, 0x00, 0x00, 0x0F, 0x00, 0x80, 0x0F, 0x42, 0xC0, 0x0F,
    0xFF, 0xC0, 0x0F, 0x42, 0xC0, 0x0F, 0x00, 0xC0, 0x0F, 0x00, 0x00, 0x0F, 0x00, 0x0C, 0x0F, 0x00,
    0x1C, 0x0F, 0x40, 0x7C, 0xBF, 0xFF, 0xF8, 0x00, 0x00, 0xE0, 0x03, 0xF0, 0x01, 0xB0, 0x00, 0x01,
    0xAA, 0x86, 0xFD, 0x03, 0xD0, 0x0F, 0x40, 0x3D, 0x00, 0xF4, 0x03, 0xD0, 0x0F, 0x40, 0x3D, 0x00,
    0xF4, 0x03, 0xD0, 0x0F, 0x40, 0x3D, 0x00, 0xF8, 0x2F, 0xFC, 0x00, 0x00, 0x07, 0x80, 0x7D, 0x07,
    0x80, 0x00, 0x01, 0xAA, 0x86, 0xFD, 0x03, 0xD0, 0x0F, 0x40, 0x3D, 0x00, 0xF4, 0x03, 0xD0, 0x0F,
    0x40, 0x3D, 0x00, 0xF4, 0x03, 0xD0, 0x0F, 0x40, 0x3D, 0x00, 0xF8, 0x2F, 0xFC, 0x00, 0x40, 0x03,
    0xD0, 0x0F, 0xF4, 0x38, 0x1D, 0x00, 0x00, 0x1A, 0xA8, 0x1B, 0xF4, 0x03, 0xD0, 0x03, 0xD0, 0x03,
    0xD0, 0x03, 0xD0, 0x03, 0xD0, 0x03, 0xD0, 0x03, 0xD0, 0x03, 0xD0, 0x03, 0xD0, 0x03, 0xD0, 0x03,
    0xD0, 0x03, 0xE0, 0x2F, 0xFC, 0x2C, 0x2D, 0x3D, 0x3E, 0x28, 0x18, 0x00, 0x00, 0x1A, 0xA8, 0x1B,
    0xF4, 0x03, 0xD0, 0x03, 0xD0, 0x03, 0xD0, 0x03, 0xD0, 0x03, 0xD0, 0x03, 0xD0, 0x03, 0xD0, 0x03,
    0xD0, 0x03, 0xD0, 0x03, 0xD0, 0x03, 0xD0, 0x03, 0xE0, 0x2F, 0xFC, 0x1A, 0xAA, 0x90, 0x00, 0x6F,
    0xAA, 0xF8, 0x00, 0x3C, 0x00, 0x7C, 0x00, 0xF0, 0x00, 0x7C, 0x03, 0xC0, 0x00, 0xF4, 0x0F, 0x00,
    0x02, 0xE0, 0x3D, 0x00, 0x07, 0xDF, 0xFF, 0xF0, 0x1F, 0x03, 0xD0, 0x00, 0x7C, 0x0F, 0x00, 0x02,
    0xE0, 0x3C, 0x00, 0x0F, 0x40, 0xF0, 0x00, 0x3C, 0x03, 0xC0, 0x03, 0xC0, 0x0F, 0x41, 0xBC, 0x02,
    0xFF, 0xFE, 0x40, 0x00, 0x00, 0x29, 0x04, 0x00, 0x00, 0xBF, 0xF8, 0x00, 0x00, 0x41, 0xA0, 0x00,
    0x00, 0x00, 0x00, 0x00, 0x6A, 0x80, 0x0A, 0xA8, 0x6F, 0xE0, 0x06, 0xF4, 0x0F, 0xF0, 0x00, 0xC0,
    0x0E, 0xB8, 0x00, 0xC0, 0x0E, 0x3D, 0x00, 0xC0, 0x0E, 0x2F, 0x00, 0xC0, 0x0E, 0x0F, 0x40, 0xC0,
    0x0E, 0x07, 0xC0, 0xC0, 0x0E, 0x03, 0xE0, 0xC0, 0x0E, 0x00, 0xF0, 0xC0, 0x0E, 0x00, 0xBC, 0xC0,
    0x0E, 0x00, 0x3E, 0xC0, 0x0E, 0x00, 0x1F, 0xC0, 0x0E, 0x00, 0x0F, 0xC0, 0xBF, 0xD0, 0x03, 0xC0,
    0x00, 0x00, 0x00, 0x00, 0x07, 0x40, 0x00, 0x00, 0x3E, 0x00, 0x00, 0x00, 0x78, 0x00, 0x00, 0x00,
    0x00, 0x00, 0x06, 0xF9, 0x00, 0x03, 0xE5, 0xFD, 0x00, 0xF0, 0x01, 0xF0, 0x3C, 0x00, 0x07, 0xC7,
    0x80, 0x00, 0x3D, 0xB4, 0x00, 0x02, 0xEF, 0x40, 0x00, 0x2E, 0xF4, 0x00, 0x02, 0xFF, 0x40, 0x00,
    0x2E, 0xF4, 0x00, 0x02, 0xEB, 0x80, 0x00, 0x3D, 0x3C, 0x00, 0x03, 0xC2, 0xF0, 0x00, 0xB4, 0x0B,
    0xD0, 0x7D, 0x00, 0x1F, 0xFF, 0x00, 0x00, 0x04, 0x00, 0x00, 0x00, 0x00, 0x00, 0x00, 0x00, 0x2D,
    0x00, 0x00, 0x0B, 0xC0, 0x00, 0x02, 0xD0, 0x00, 0x00, 0x00, 0x00, 0x00, 0x06, 0xF9, 0x00, 0x03,
    0xE5, 0xFD, 0x00, 0xF0, 0x01, 0xF0, 0x3C, 0x00, 0x07, 0xC7, 0x80, 0x00, 0x3D, 0xB4, 0x00, 0x02,
    0xEF, 0x40, 0x00, 0x2E, 0xF4, 0x00, 0x02, 0xFF, 0x40, 0x00, 0x2E, 0xF4, 0x00, 0x02, 0xEB, 0x80,
    0x00, 0x3D, 0x3C, 0x00, 0x03, 0xC2, 0xF0, 0x00, 0xB4, 0x0B, 0xD0, 0x7D, 0x00, 0x1F, 0xFF, 0x00,
    0x00, 0x04, 0x00, 0x00, 0x00, 0x00, 0x00, 0x00, 0x01, 0xF0, 0x00, 0x00, 0x3F, 0xC0, 0x00, 0x0E,
    0x0B, 0x00, 0x00, 0x00, 0x00, 0x00, 0x06, 0xF9, 0x00, 0x03, 0xE5, 0xFD, 0x00, 0xF0, 0x01, 0xF0,
    0x3C, 0x00, 0x07, 0xC7, 0x80, 0x00, 0x3D, 0xB4, 0x00, 0x02, 0xEF, 0x40, 0x00, 0x2E, 0xF4, 0x00,
    0x02, 0xFF, 0x40, 0x00, 0x2E, 0xF4, 0x00, 0x02, 0xEB, 0x80, 0x00, 0x3D, 0x3C, 0x00, 0x03, 0xC2,
    0xF0, 0x00, 0xB4, 0x0B, 0xD0, 0x7D, 0x00, 0x1F, 0xFF, 0x00, 0x00, 0x04, 0x00, 0x00, 0x00, 0x68,
    0x00, 0x00, 0x0F, 0xFF, 0x00, 0x00, 0x06, 0xD0, 0x00, 0x00, 0x00, 0x00, 0x00, 0x6F, 0x90, 0x00,
    0x3E, 0x5F, 0xD0, 0x0F, 0x00, 0x1F, 0x03, 0xC0, 0x00, 0x7C, 0x78, 0x00, 0x03, 0xDB, 0x40, 0x00,
    0x2E, 0xF4, 0x00, 0x02, 0xEF, 0x40, 0x00, 0x2F, 0xF4, 0x00, 0x02, 0xEF, 0x40, 0x00, 0x2E, 0xB8,
    0x00, 0x03, 0xD3, 0xC0, 0x00, 0x3C, 0x2F, 0x00, 0x0B, 0x40, 0xBD, 0x07, 0xD0, 0x01, 0xFF, 0xF0,
    0x00, 0x00, 0x40, 0x00, 0x00, 0xE0, 0xB0, 0x00, 0x1F, 0x1F, 0x40, 0x00, 0xA0, 0xA0, 0x00, 0x00,
    0x00, 0x00, 0x00, 0x6F, 0x90, 0x00, 0x3E, 0x5F, 0xD0, 0x0F, 0x00, 0x1F, 0x03, 0xC0, 0x00, 0x7C,
    0x78, 0x00, 0x03, 0xDB, 0x40, 0x00, 0x2E, 0xF4, 0x00, 0x02, 0xEF, 0x40, 0x00, 0x2F, 0xF4, 0x00,
    0x02, 0xEF, 0x40, 0x00, 0x2E, 0xB8, 0x00, 0x03, 0xD3, 0xC0, 0x00, 0x3C, 0x2F, 0x00, 0x0B, 0x40,
    0xBD, 0x07, 0xD0, 0x01, 0xFF, 0xF0, 0x00, 0x00, 0x40, 0x00, 0x00, 0x00, 0x70, 0x0A, 0x3C, 0x2C,
    0x0F, 0xB0, 0x03, 0xC0, 0x0B, 0xF0, 0x2C, 0x3C, 0x70, 0x0E, 0x00, 0x00, 0x00, 0x1B, 0xE4, 0x38,
    0x00, 0xF9, 0xBF, 0xF0, 0x03, 0xC0, 0x07, 0xD0, 0x0F, 0x00, 0x07, 0xF0, 0x1E, 0x00, 0x1D, 0xF4,
    0x2D, 0x00, 0x38, 0xB8, 0x3D, 0x00, 0xE0, 0xB8, 0x3D, 0x02, 0xC0, 0xBC, 0x3D, 0x0B, 0x00, 0xB8,
    0x3D, 0x1C, 0x00, 0xB8, 0x2E, 0x74, 0x00, 0xF4, 0x0F, 0xE0, 0x00, 0xF0, 0x0B, 0xC0, 0x02, 0xD0,
    0x0B, 0xF4, 0x1F, 0x40, 0x2C, 0x7F, 0xFC, 0x00, 0x10, 0x01, 0x00, 0x00, 0x00, 0x00, 0x00, 0x00,
    0x00, 0xB0, 0x00, 0x00, 0x01, 0xF4, 0x00, 0x00, 0x00, 0xB4, 0x00, 0x00, 0x00, 0x00, 0x02, 0xAA,
    0x40, 0x2A, 0xA6, 0xF9, 0x00, 0x7E, 0x43, 0xC0, 0x00, 0x70, 0x0F, 0x00, 0x01, 0xC0, 0x3C, 0x00,
    0x07, 0x00, 0xF0, 0x00, 0x1C, 0x03, 0xC0, 0x00, 0x70, 0x0F, 0x00, 0x01, 0xC0, 0x3C, 0x00, 0x07,
    0x00, 0xF0, 0x00, 0x1C, 0x03, 0xC0, 0x00, 0x70, 0x0F, 0x00, 0x02, 0x80, 0x2E, 0x00, 0x0D, 0x00,
    0x3E, 0x41, 0xE0, 0x00, 0x2F, 0xFE, 0x00, 0x00, 0x01, 0x00, 0x00, 0x00, 0x00, 0x00, 0x00, 0x00,
    0x03, 0xC0, 0x00, 0x00, 0x3E, 0x00, 0x00, 0x03, 0x90, 0x00, 0x00, 0x00, 0x00, 0x02, 0xAA, 0x40,
    0x2A, 0xA6, 0xF9, 0x00, 0x7E, 0x43, 0xC0, 0x00, 0x70, 0x0F, 0x00, 0x01, 0xC0, 0x3C, 0x00, 0x07,
    0x00, 0xF0, 0x00, 0x1C, 0x03, 0xC0, 0x00, 0x70, 0x0F, 0x00, 0x01, 0xC0, 0x3C, 0x00, 0x07, 0x00,
    0xF0, 0x00, 0x1C, 0x03, 0xC0, 0x00, 0x70, 0x0F, 0x00, 0x02, 0x80, 0x2E, 0x00, 0x0D, 0x00, 0x3E,
    0x41, 0xE0, 0x00, 0x2F, 0xFE, 0x00, 0x00, 0x01, 0x00, 0x00, 0x00, 0x01, 0x00, 0x00, 0x00, 0x2F,
    0x00, 0x00, 0x01, 0xFF, 0x00, 0x00, 0x1D, 0x0A, 0x00, 0x00, 0x00, 0x00, 0x02, 0xAA, 0x40, 0x2A,
    0xA6, 0xF9, 0x00, 0x7E, 0x43, 0xC0, 0x00, 0x70, 0x0F, 0x00, 0x01, 0xC0, 0x3C, 0x00, 0x07, 0x00,
    0xF0, 0x00, 0x1C, 0x03, 0xC0, 0x00, 0x70, 0x0F, 0x00, 0x01, 0xC0, 0x3C, 0x00, 0x07, 0x00, 0xF0,
    0x00, 0x1C, 0x03, 0xC0, 0x00, 0x70, 0x0F, 0x00, 0x02, 0x80, 0x2E, 0x00, 0x0D, 0x00, 0x3E, 0x41,
    0xE0, 0x00, 0x2F, 0xFE, 0x00, 0x00, 0x01, 0x00, 0x00, 0x00, 0x74, 0x38, 0x00, 0x03, 0xF2, 0xF0,
    0x00, 0x06, 0x42, 0x40, 0x00, 0x00, 0x00, 0x00, 0xAA, 0x90, 0x0A, 0xA9, 0xBE, 0x40, 0x1F, 0x90,
    0xF0, 0x00, 0x1C, 0x03, 0xC0, 0x00, 0x70, 0x0F, 0x00, 0x01, 0xC0, 0x3C, 0x00, 0x07, 0x00, 0xF0,
    0x00, 0x1C, 0x03, 0xC0, 0x00, 0x70, 0x0F, 0x00, 0x01, 0xC0, 0x3C, 0x00, 0x07, 0x00, 0xF0, 0x00,
    0x1C, 0x03, 0xC0, 0x00, 0xA0, 0x0B, 0x80, 0x03, 0x40, 0x0F, 0x90, 0x78, 0x00, 0x0B, 0xFF, 0x80,
    0x00, 0x00, 0x40, 0x00, 0x00, 0x00, 0x00, 0x00, 0x00, 0x02, 0xC0, 0x00, 0x00, 0x2F, 0x00, 0x00,
    0x03, 0xD0, 0x00, 0x00, 0x00, 0x00, 0x01, 0xAA, 0x80, 0x6A, 0x96, 0xFD, 0x00, 0xBE, 0x02, 0xE0,
    0x00, 0xD0, 0x03, 0xD0, 0x0A, 0x00, 0x07, 0xC0, 0x70, 0x00, 0x0F, 0x83, 0x40, 0x00, 0x0F, 0x2C,
    0x00, 0x00, 0x2F, 0xD0, 0x00, 0x00, 0x3E, 0x00, 0x00, 0x00, 0xB4, 0x00, 0x00, 0x02, 0xD0, 0x00,
    0x00, 0x0B, 0x40, 0x00, 0x00, 0x2D, 0x00, 0x00, 0x00, 0xF8, 0x00, 0x00, 0x2F, 0xFD, 0x00, 0x6A,
    0xA4, 0x00, 0x6F, 0xD0, 0x00, 0x0F, 0x00, 0x00, 0x0F, 0xA9, 0x00, 0x0F, 0x9B, 0xE0, 0x0F, 0x00,
    0xF8, 0x0F, 0x00, 0x7C, 0x0F, 0x00, 0x3C, 0x0F, 0x00, 0x7C, 0x0F, 0x00, 0xF4, 0x0F, 0x57, 0xE0,
    0x0F, 0xFE, 0x40, 0x0F, 0x00, 0x00, 0x0F, 0x40, 0x00, 0xBF, 0xF4, 0x00, 0x00, 0x01, 0x00, 0x00,
    0x07, 0xFF, 0x40, 0x01, 0xD0, 0x3C, 0x00, 0x3C, 0x01, 0xC0, 0x03, 0x80, 0x2C, 0x00, 0x78, 0x03,
    0x80, 0x1B, 0x80, 0xB0, 0x02, 0xF8, 0x1C, 0x00, 0x07, 0x83, 0xC0, 0x00, 0x78, 0x3E, 0x00, 0x07,
    0x81, 0xFC, 0x00, 0x78, 0x07, 0xF4, 0x07, 0x80, 0x0B, 0xD0, 0x78, 0x40, 0x1E, 0x07, 0x8E, 0x00,
    0xD0, 0xB8, 0xF4, 0x2C, 0x3F, 0x8B, 0xFF, 0x40, 0x00, 0x01, 0x00, 0x00, 0x00, 0x00, 0x38, 0x00,
    0x00, 0xF4, 0x00, 0x00, 0xB0, 0x00, 0x00, 0x60, 0x00, 0x00, 0x00, 0x00, 0xBE, 0x40, 0x1D, 0x1F,
    0x40, 0xF4, 0x0F, 0x02, 0xC0, 0x3C, 0x00, 0x00, 0xF0, 0x01, 0xBF, 0xC0, 0x3E, 0x4F, 0x02, 0xD0,
    0x3C, 0x0F, 0x00, 0xF0, 0x2E, 0x1F, 0xD0, 0x3F, 0xD7, 0xF0, 0x00, 0x00, 0x00, 0x00, 0x00, 0x00,
    0x01, 0xD0, 0x00, 0x0F, 0x40, 0x00, 0xB4, 0x00, 0x02, 0x00, 0x00, 0x00, 0x00, 0x00, 0xBE, 0x40,
    0x1D, 0x1F, 0x40, 0xF4, 0x0F, 0x02, 0xC0, 0x3C, 0x00, 0x00, 0xF0, 0x01, 0xBF, 0xC0, 0x3E, 0x4F,
    0x02, 0xD0, 0x3C, 0x0F, 0x00, 0xF0, 0x2E, 0x1F, 0xD0, 0x3F, 0xD7, 0xF0, 0x00, 0x00, 0x00, 0x00,
    0x00, 0x00, 0x0F, 0x00, 0x00, 0xBF, 0x00, 0x07, 0x4E, 0x00, 0x20, 0x08, 0x00, 0x00, 0x00, 0x00,
    0xBE, 0x40, 0x1D, 0x1F, 0x40, 0xF4, 0x0F, 0x02, 0xC0, 0x3C, 0x00, 0x00, 0xF0, 0x01, 0xBF, 0xC0,
    0x3E, 0x4F, 0x02, 0xD0, 0x3C, 0x0F, 0x00, 0xF0, 0x2E, 0x1F, 0xD0, 0x3F, 0xD7, 0xF0, 0x00, 0x00,
    0x00, 0x05, 0x00, 0x00, 0xBF, 0xA4, 0x02, 0x1F, 0x80, 0x00, 0x00, 0x00, 0x00, 0x00, 0x00, 0x2F,
    0x90, 0x07, 0x47, 0xD0, 0x3D, 0x03, 0xC0, 0xB0, 0x0F, 0x00, 0x00, 0x3C, 0x00, 0x6F, 0xF0, 0x0F,
    0x93, 0xC0, 0xB4, 0x0F, 0x03, 0xC0, 0x3C, 0x0B, 0x87, 0xF4, 0x0F, 0xF5, 0xFC, 0x00, 0x00, 0x00,
    0x04, 0x04, 0x00, 0xF8, 0xF8, 0x03, 0xD2, 0xD0, 0x00, 0x00, 0x00, 0x00, 0x00, 0x00, 0x2F, 0x90,
    0x07, 0x47, 0xD0, 0x3D, 0x03, 0xC0, 0xB0, 0x0F, 0x00, 0x00, 0x3C, 0x00, 0x6F, 0xF0, 0x0F, 0x93,
    0xC0, 0xB4, 0x0F, 0x03, 0xC0, 0x3C, 0x0B, 0x87, 0xF4, 0x0F, 0xF5, 0xFC, 0x00, 0x00, 0x00, 0x01,
    0x40, 0x00, 0x2E, 0xC0, 0x00, 0xC3, 0x40, 0x03, 0x4C, 0x00, 0x07, 0xD0, 0x00, 0x00, 0x00, 0x00,
    0xBE, 0x40, 0x1D, 0x1F, 0x40, 0xF4, 0x0F, 0x02, 0xC0, 0x3C, 0x00, 0x00, 0xF0, 0x01, 0xBF, 0xC0,
    0x3E, 0x4F, 0x02, 0xD0, 0x3C, 0x0F, 0x00, 0xF0, 0x2E, 0x1F, 0xD0, 0x3F, 0xD7, 0xF0, 0x00, 0x00,
    0x00, 0x0B, 0xE4, 0x2F, 0x81, 0xD1, 0xFB, 0x97, 0xCF, 0x40, 0xF8, 0x07, 0xAC, 0x03, 0xD0, 0x0F,
    0x00, 0x0F, 0x55, 0x7C, 0x1B, 0xFF, 0xFF, 0xE3, 0xD4, 0xF0, 0x00, 0x2D, 0x03, 0xD0, 0x00, 0xF0,
    0x0F, 0xC0, 0x02, 0xE1, 0xEF, 0xD5, 0xE3, 0xFE, 0x0B, 0xFD, 0x00, 0x00, 0x01, 0x00, 0x00, 0xBE,
    0x00, 0x7D, 0x6D, 0x0F, 0x02, 0xE2, 0xD0, 0x2E, 0x3C, 0x00, 0x03, 0xC0, 0x00, 0x3C, 0x00, 0x03,
    0xD0, 0x00, 0x2F, 0x00, 0x00, 0xFD, 0x5E, 0x02, 0xFF, 0x40, 0x03, 0x00, 0x00, 0x79, 0x00, 0x00,
    0xB0, 0x00, 0x9E, 0x00, 0x0A, 0x80, 0x00, 0x00, 0x00, 0x07, 0x00, 0x00, 0x1F, 0x00, 0x00, 0x1E,
    0x00, 0x00, 0x08, 0x00, 0x00, 0x00, 0x00, 0x0B, 0xE0, 0x01, 0xE5, 0xF0, 0x0E, 0x01, 0xE0, 0xB4,
    0x03, 0xC3, 0xD5, 0x5F, 0x0F, 0xFF, 0xF8, 0x3C, 0x00, 0x00, 0xF4, 0x00, 0x02, 0xF0, 0x00, 0x03,
    0xF5, 0x78, 0x02, 0xFF, 0x80, 0x00, 0x00, 0x00, 0x00, 0x00, 0x00, 0x00, 0x2C, 0x00, 0x01, 0xF0,
    0x00, 0x0E, 0x00, 0x00, 0x90, 0x00, 0x00, 0x00, 0x00, 0x0B, 0xE0, 0x01, 0xE5, 0xF0, 0x0E, 0x01,
    0xE0, 0xB4, 0x03, 0xC3, 0xD5, 0x5F, 0x0F, 0xFF, 0xF8, 0x3C, 0x00, 0x00, 0xF4, 0x00, 0x02, 0xF0,
    0x00, 0x03, 0xF5, 0x78, 0x02, 0xFF, 0x80, 0x00, 0x00, 0x00, 0x00, 0x00, 0x00, 0x00, 0xF0, 0x00,
    0x0F, 0xE0, 0x00, 0xB1, 0xD0, 0x02, 0x00, 0x80, 0x00, 0x00, 0x00, 0x0B, 0xE0, 0x01, 0xE5, 0xF0,
    0x0E, 0x01, 0xE0, 0xB4, 0x03, 0xC3, 0xD5, 0x5F, 0x0F, 0xFF, 0xF8, 0x3C, 0x00, 0x00, 0xF4, 0x00,
    0x02, 0xF0, 0x00, 0x03, 0xF5, 0x78, 0x02, 0xFF, 0x80, 0x00, 0x00, 0x00, 0x01, 0x41, 0x40, 0x1F,
    0x0F, 0x40, 0x3C, 0x3C, 0x00, 0x00, 0x00, 0x00, 0x00, 0x00, 0x02, 0xF8, 0x00, 0x79, 0x7C, 0x03,
    0x80, 0x78, 0x2D, 0x00, 0xF0, 0xF5, 0x57, 0xC3, 0xFF, 0xFE, 0x0F, 0x00, 0x00, 0x3D, 0x00, 0x00,
    0xBC, 0x00, 0x00, 0xFD, 0x5E, 0x00, 0xBF, 0xE0, 0x00, 0x00, 0x00, 0x00, 0x01, 0xD0, 0x03, 0xC0,
    0x03, 0xC0, 0x02, 0x40, 0x00, 0x01, 0xA4, 0x0B, 0xE0, 0x07, 0x80, 0x1E, 0x00, 0x78, 0x01, 0xE0,
    0x07, 0x80, 0x1E, 0x00, 0x78, 0x02, 0xF0, 0x3F, 0xF4, 0x00, 0x00, 0x0B, 0x00, 0x7C, 0x03, 0xC0,
    0x14, 0x00, 0x00, 0x01, 0xA4, 0x0B, 0xE0, 0x07, 0x80, 0x1E, 0x00, 0x78, 0x01, 0xE0, 0x07, 0x80,
    0x1E, 0x00, 0x78, 0x02, 0xF0, 0x3F, 0xF4, 0x00, 0x00, 0x03, 0xC0, 0x0F, 0xE0, 0x2C, 0x74, 0x20,
    0x08, 0x00, 0x00, 0x06, 0x90, 0x0B, 0xE0, 0x01, 0xE0, 0x01, 0xE0, 0x01, 0xE0, 0x01, 0xE0, 0x01,
    0xE0, 0x01, 0xE0, 0x01, 0xE0, 0x02, 0xF0, 0x0F, 0xFD, 0x14, 0x14, 0x3C, 0x3D, 0x3C, 0x3C, 0x00,
    0x00, 0x00, 0x00, 0x06, 0x90, 0x0B, 0xE0, 0x01, 0xE0, 0x01, 0xE0, 0x01, 0xE0, 0x01, 0xE0, 0x01,
    0xE0, 0x01, 0xE0, 0x01, 0xE0, 0x02, 0xF0, 0x0F, 0xFD, 0x00, 0x00, 0x00, 0x03, 0xE4, 0xB0, 0x00,
    0x2F, 0xC0, 0x00, 0x1F, 0xC0, 0x00, 0x35, 0xF0, 0x00, 0x00, 0xF4, 0x00, 0x10, 0x78, 0x03, 0xFF,
    0x7C, 0x0F, 0x41, 0xFC, 0x2E, 0x00, 0x7C, 0x3D, 0x00, 0x3C, 0x3C, 0x00, 0x3C, 0x3C, 0x00, 0x3C,
    0x3D, 0x00, 0x78, 0x2E, 0x00, 0xB0, 0x0F, 0x41, 0xE0, 0x03, 0xFF, 0x40, 0x00, 0x10, 0x00, 0x00,
    0x14, 0x00, 0x00, 0x0F, 0xFB, 0x00, 0x00, 0x4B, 0xE0, 0x00, 0x00, 0x00, 0x00, 0x00, 0x00, 0x00,
    0x01, 0xA0, 0x7E, 0x00, 0x2F, 0x7E, 0xFC, 0x00, 0x7D, 0x03, 0xD0, 0x07, 0xC0, 0x1D, 0x00, 0x78,
    0x01, 0xE0, 0x07, 0x80, 0x1E, 0x00, 0x78, 0x01, 0xE0, 0x07, 0x80, 0x1E, 0x00, 0x78, 0x01, 0xE0,
    0x0B, 0xC0, 0x2E, 0x03, 0xFF, 0x0F, 0xFC, 0x00, 0x00, 0x00, 0x00, 0xE0, 0x00, 0x00, 0xF4, 0x00,
    0x00, 0x2C, 0x00, 0x00, 0x05, 0x00, 0x00, 0x00, 0x00, 0x00, 0xAE, 0x40, 0x07, 0xD7, 0xE0, 0x0F,
    0x00, 0xF8, 0x2D, 0x00, 0x7C, 0x3C, 0x00, 0x3C, 0x3C, 0x00, 0x3C, 0x3C, 0x00, 0x3C, 0x3D, 0x00,
    0x3C, 0x2F, 0x00, 0x78, 0x0F, 0x81, 0xF0, 0x02, 0xFF, 0x80, 0x00, 0x00, 0x00, 0x00, 0x00, 0x00,
    0x00, 0x07, 0x40, 0x00, 0x0F, 0x40, 0x00, 0x3D, 0x00, 0x00, 0x20, 0x00, 0x00, 0x00, 0x00, 0x00,
    0xAE, 0x40, 0x07, 0xD7, 0xE0, 0x0F, 0x00, 0xF8, 0x2D, 0x00, 0x7C, 0x3C, 0x00, 0x3C, 0x3C, 0x00,
    0x3C, 0x3C, 0x00, 0x3C, 0x3D, 0x00, 0x3C, 0x2F, 0x00, 0x78, 0x0F, 0x81, 0xF0, 0x02, 0xFF, 0x80,
    0x00, 0x00, 0x00, 0x00, 0x00, 0x00, 0x00, 0x3C, 0x00, 0x00, 0xBF, 0x00, 0x01, 0xD3, 0x80, 0x02,
    0x00, 0x80, 0x00, 0x00, 0x00, 0x00, 0xAE, 0x40, 0x07, 0xD7, 0xE0, 0x0F, 0x00, 0xF8, 0x2D, 0x00,
    0x7C, 0x3C, 0x00, 0x3C, 0x3C, 0x00, 0x3C, 0x3C, 0x00, 0x3C, 0x3D, 0x00, 0x3C, 0x2F, 0x00, 0x78,
    0x0F, 0x81, 0xF0, 0x02, 0xFF, 0x80, 0x00, 0x00, 0x00, 0x00, 0x50, 0x00, 0x03, 0xFE, 0x90, 0x02,
    0x1F, 0x80, 0x00, 0x00, 0x00, 0x00, 0x00, 0x00, 0x00, 0xAE, 0x40, 0x07, 0xD7, 0xE0, 0x0F, 0x00,
    0xF8, 0x2D, 0x00, 0x7C, 0x3C, 0x00, 0x3C, 0x3C, 0x00, 0x3C, 0x3C, 0x00, 0x3C, 0x3D, 0x00, 0x3C,
    0x2F, 0x00, 0x78, 0x0F, 0x81, 0xF0, 0x02, 0xFF, 0x80, 0x00, 0x00, 0x00, 0x01, 0x40, 0x40, 0x03,
    0xD3, 0xE0, 0x03, 0xD2, 0xD0, 0x00, 0x00, 0x00, 0x00, 0x00, 0x00, 0x00, 0xAE, 0x40, 0x07, 0xD7,
    0xE0, 0x0F, 0x00, 0xF8, 0x2D, 0x00, 0x7C, 0x3C, 0x00, 0x3C, 0x3C, 0x00, 0x3C, 0x3C, 0x00, 0x3C,
    0x3D, 0x00, 0x3C, 0x2F, 0x00, 0x78, 0x0F, 0x81, 0xF0, 0x02, 0xFF, 0x80, 0x00, 0x00, 0x00, 0x00,
    0xA0, 0x00, 0x1F, 0x40, 0x00, 0xA0, 0x00, 0x00, 0x00, 0x7F, 0xFF, 0xE1, 0x55, 0x54, 0x00, 0x10,
    0x00, 0x0F, 0x40, 0x00, 0xF0, 0x00, 0x00, 0x00, 0x00, 0x2B, 0x97, 0x00, 0x7D, 0x7F, 0x40, 0x3C,
    0x03, 0xD0, 0x2D, 0x03, 0xFC, 0x0F, 0x03, 0x8F, 0x03, 0xC3, 0x83, 0xC0, 0xF2, 0xC0, 0xF0, 0x3F,
    0xC0, 0x3C, 0x07, 0xC0, 0x1E, 0x02, 0xF8, 0x1F, 0x01, 0xDB, 0xFE, 0x00, 0x40, 0x10, 0x00, 0x00,
    0x00, 0x00, 0x00, 0x38, 0x00, 0x00, 0x0F, 0x40, 0x00, 0x00, 0xB0, 0x00, 0x00, 0x06, 0x00, 0x00,
    0x00, 0x00, 0x02, 0xA0, 0x1A, 0x80, 0xBC, 0x07, 0xF0, 0x0F, 0x00, 0x3C, 0x03, 0xC0, 0x0F, 0x00,
    0xF0, 0x03, 0xC0, 0x3C, 0x00, 0xF0, 0x0F, 0x00, 0x3C, 0x03, 0xC0, 0x0F, 0x00, 0xB4, 0x07, 0xC0,
    0x1F, 0x4B, 0xF0, 0x02, 0xFE, 0x3F, 0x80, 0x04, 0x00, 0x00, 0x00, 0x00, 0x00, 0x00, 0x00, 0xD0,
    0x00, 0x00, 0xF4, 0x00, 0x00, 0xB4, 0x00, 0x00, 0x20, 0x00, 0x00, 0x00, 0x00, 0x02, 0xA0, 0x1A,
    0x80, 0xBC, 0x07, 0xF0, 0x0F, 0x00, 0x3C, 0x03, 0xC0, 0x0F, 0x00, 0xF0, 0x03, 0xC0, 0x3C, 0x00,
    0xF0, 0x0F, 0x00, 0x3C, 0x03, 0xC0, 0x0F, 0x00, 0xB4, 0x07, 0xC0, 0x1F, 0x4B, 0xF0, 0x02, 0xFE,
    0x3F, 0x80, 0x04, 0x00, 0x00, 0x00, 0x00, 0x00, 0x00, 0x0B, 0x00, 0x00, 0x0B, 0xF0, 0x00, 0x07,
    0x4E, 0x00, 0x02, 0x00, 0x80, 0x00, 0x00, 0x00, 0x02, 0xA0, 0x1A, 0x80, 0xBC, 0x07, 0xF0, 0x0F,
    0x00, 0x3C, 0x03, 0xC0, 0x0F, 0x00, 0xF0, 0x03, 0xC0, 0x3C, 0x00, 0xF0, 0x0F, 0x00, 0x3C, 0x03,
    0xC0, 0x0F, 0x00, 0xB4, 0x07, 0xC0, 0x1F, 0x4B, 0xF0, 0x02, 0xFE, 0x3F, 0x80, 0x04, 0x00, 0x00,
    0x00, 0x40, 0x40, 0x00, 0xF8, 0xF8, 0x00, 0x2D, 0x2D, 0x00, 0x00, 0x00, 0x00, 0x00, 0x00, 0x00,
    0x0A, 0x80, 0x6A, 0x02, 0xF0, 0x1F, 0xC0, 0x3C, 0x00, 0xF0, 0x0F, 0x00, 0x3C, 0x03, 0xC0, 0x0F,
    0x00, 0xF0, 0x03, 0xC0, 0x3C, 0x00, 0xF0, 0x0F, 0x00, 0x3C, 0x02, 0xD0, 0x1F, 0x00, 0x7D, 0x2F,
    0xC0, 0x0B, 0xF8, 0xFE, 0x00, 0x10, 0x00, 0x00, 0x00, 0x00, 0x00, 0x00, 0x03, 0x80, 0x00, 0x0B,
    0x80, 0x00, 0x1D, 0x00, 0x00, 0x20, 0x00, 0x00, 0x00, 0x00, 0x6A, 0x80, 0xAA, 0x7F, 0x80, 0xBD,
    0x0F, 0x00, 0x34, 0x0B, 0x40, 0xB0, 0x07, 0xC0, 0xD0, 0x03, 0xC1, 0xC0, 0x01, 0xE2, 0x80, 0x00,
    0xF3, 0x00, 0x00, 0xBE, 0x00, 0x00, 0x3D, 0x00, 0x00, 0x3C, 0x00, 0x00, 0x34, 0x00, 0x00, 0x70,
    0x00, 0xB8, 0xE0, 0x00, 0xBA, 0xC0, 0x00, 0x2E, 0x00, 0x00, 0xBF, 0x00, 0x00, 0x1F, 0x00, 0x00,
    0x0F, 0x00, 0x00, 0x0F, 0x00, 0x00, 0x0F, 0x00, 0x00, 0x0F, 0x1B, 0x90, 0x0F, 0xBA, 0xF4, 0x0F,
    0x80, 0x7C, 0x0F, 0x00, 0x3D, 0x0F, 0x00, 0x2D, 0x0F, 0x00, 0x2E, 0x0F, 0x00, 0x2D, 0x0F, 0x00,
    0x3D, 0x0F, 0x00, 0x3C, 0x0F, 0x91, 0xF4, 0x0F, 0xFF, 0xD0, 0x0F, 0x00, 0x00, 0x0F, 0x00, 0x00,
    0x0F, 0x00, 0x00, 0x6F, 0x90, 0x00, 0x6A, 0xA0, 0x00, 0x00, 0x40, 0x40, 0x02, 0xF2, 0xF0, 0x01,
    0xE1, 0xE0, 0x00, 0x00, 0x00, 0x00, 0x00, 0x00, 0x6A, 0x80, 0xAA, 0x7F, 0x80, 0xBD, 0x0F, 0x00,
    0x34, 0x0B, 0x40, 0xB0, 0x07, 0xC0, 0xD0, 0x03, 0xC1, 0xC0, 0x01, 0xE2, 0x80, 0x00, 0xF3, 0x00,
    0x00, 0xBE, 0x00, 0x00, 0x3D, 0x00, 0x00, 0x3C, 0x00, 0x00, 0x34, 0x00, 0x00, 0x70, 0x00, 0xB8,
    0xE0, 0x00, 0xBA, 0xC0, 0x00, 0x2E, 0x00, 0x00, 0x00, 0x00, 0x00, 0x00, 0x01, 0x80, 0x30, 0x00,
    0x03, 0x97, 0x80, 0x00, 0x07, 0xF8, 0x00, 0x00, 0x01, 0x00, 0x00, 0x00, 0x1A, 0x00, 0x00, 0x00,
    0xFC, 0x00, 0x00, 0x03, 0xB8, 0x00, 0x00, 0x1C, 0xF0, 0x00, 0x00, 0xD3, 0xD0, 0x00, 0x03, 0x07,
    0x80, 0x00, 0x2C, 0x0F, 0x00, 0x00, 0xD0, 0x3D, 0x00, 0x03, 0x00, 0x78, 0x00, 0x2F, 0xFF, 0xF0,
    0x00, 0xE0, 0x03, 0xD0, 0x07, 0x00, 0x07, 0x80, 0x28, 0x00, 0x0F, 0x01, 0xE0, 0x00, 0x3E, 0x2F,
    0xF4, 0x0B, 0xFF, 0x1A, 0x40, 0xBE, 0x00, 0x78, 0x01, 0xE0, 0x07, 0x80, 0x1E, 0x00, 0x78, 0x01,
    0xE0, 0x07, 0x80, 0x2F, 0x03, 0xFF, 0x40, 0x00, 0x6F, 0x91, 0xAA, 0xA8, 0x01, 0xF9, 0x7F, 0xBA,
    0xAF, 0x40, 0xF0, 0x01, 0xFD, 0x00, 0xE0, 0xF0, 0x00, 0x1F, 0x40, 0x1C, 0x78, 0x00, 0x03, 0xD0,
    0x00, 0x2D, 0x00, 0x00, 0xB4, 0x08, 0x0F, 0x40, 0x00, 0x2D, 0x07, 0x03, 0xD0, 0x00, 0x0B, 0xFF,
    0xC0, 0xF4, 0x00, 0x02, 0xE0, 0x70, 0x3D, 0x00, 0x00, 0xB4, 0x0C, 0x0B, 0x80, 0x00, 0x3D, 0x00,
    0x00, 0xF0, 0x00, 0x0F, 0x40, 0x09, 0x2F, 0x00, 0x0B, 0xD0, 0x03, 0x02, 0xF4, 0x1F, 0xB8, 0x07,
    0xC0, 0x1F, 0xFE, 0x1F, 0xFF, 0xF0, 0x00, 0x10, 0x00, 0x00, 0x00, 0x00, 0xBE, 0x40, 0xBE, 0x00,
    0x1F, 0x5F, 0x9E, 0x5F, 0x00, 0xF0, 0x0F, 0xF0, 0x0E, 0x0B, 0x40, 0x1F, 0x40, 0x3C, 0x3C, 0x00,
    0x3E, 0x55, 0xF0, 0xF0, 0x00, 0xFF, 0xFF, 0x83, 0xC0, 0x03, 0xC0, 0x00, 0x0F, 0x40, 0x0F, 0x40,
    0x00, 0x2F, 0x00, 0x7F, 0x00, 0x10, 0x3E, 0x07, 0xEF, 0x57, 0xC0, 0x2F, 0xF8, 0x2F, 0xF8, 0x00,
    0x00, 0x00, 0x00, 0x00, 0x00, 0x0D, 0x03, 0xC0, 0x3C, 0x01, 0x40, 0x00, 0x00, 0xE0, 0xF4, 0xB4,
    0x20, 0x00, 0x04, 0x00, 0x3F, 0xEC, 0x12, 0xF8, 0x00, 0x00, 0xBF, 0xEB, 0xFE, 0x14, 0x14, 0x7C,
    0x3D, 0x3C, 0x3C, 0x00, 0x00, 0x1A, 0x47, 0x1D, 0x22, 0xC0, 0x74, 0x0A, 0x00, 0x00, 0x14, 0x7D,
    0x3D, 0x00, 0x07, 0x43, 0x80, 0x0B, 0xCB, 0xC0, 0x06, 0x42, 0x80, 0x00, 0x00, 0x00, 0x6A, 0xAA,
    0xA0, 0x6F, 0xAA, 0xF0, 0x0F, 0x00, 0x34, 0x0F, 0x00, 0x28, 0x0F, 0x00, 0x00, 0x0F, 0x00, 0x80,
    0x0F, 0x42, 0xC0, 0x0F, 0xFF, 0xC0, 0x0F, 0x42, 0xC0, 0x0F, 0x00, 0xC0, 0x0F, 0x00, 0x00, 0x0F,
    0x00, 0x0C, 0x0F, 0x00, 0x1C, 0x0F, 0x40, 0x7C, 0xBF, 0xFF, 0xF8, 0x2A, 0xAA, 0xAA, 0x90, 0x0F,
    0xAF, 0xAA, 0xF8, 0x07, 0x42, 0xD0, 0x0F, 0x02, 0xC0, 0xB4, 0x01, 0xC0, 0x50, 0x2D, 0x00, 0x20,
    0x00, 0x0B, 0x40, 0x00, 0x00, 0x02, 0xD1, 0xA9, 0x00, 0x00, 0xBB, 0xFB, 0xF0, 0x00, 0x2F, 0x80,
    0x2F, 0x00, 0x0B, 0x40, 0x03, 0xC0, 0x02, 0xD0, 0x00, 0xF4, 0x00, 0xB4, 0x00, 0x3D, 0x00, 0x2D,
    0x00, 0x0F, 0x00, 0x0F, 0x80, 0x03, 0xC0, 0x1F, 0xFD, 0x02, 0xD0, 0x00, 0x00, 0x01, 0xD0, 0x00,
    0x00, 0x00, 0xD0, 0x00, 0x00, 0x00, 0x00, 0x00, 0x00, 0x00, 0x00, 0x00, 0x1D, 0x00, 0x02, 0xF0,
    0x00, 0x2D, 0x00, 0x00, 0x00, 0x01, 0xAA, 0xAA, 0x86, 0xFA, 0xAF, 0x43, 0xC0, 0x0E, 0x0F, 0x00,
    0x2C, 0x3C, 0x00, 0x10, 0xF0, 0x00, 0x03, 0xC0, 0x00, 0x0F, 0x00, 0x00, 0x3C, 0x00, 0x00, 0xF0,
    0x00, 0x03, 0xC0, 0x00, 0x0F, 0x00, 0x00, 0x3C, 0x00, 0x00, 0xF4, 0x00, 0x2F, 0xFD, 0x00, 0x00,
    0x6E, 0x89, 0x00, 0xF9, 0xBF, 0x40, 0xF0, 0x02, 0xE0, 0xF4, 0x00, 0x38, 0x3C, 0x00, 0x06, 0x1E,
    0x00, 0x00, 0x0B, 0x80, 0x00, 0x02, 0xFF, 0xFF, 0x80, 0xB8, 0x00, 0x00, 0x2E, 0x00, 0x00, 0x07,
    0xC0, 0x00, 0x00, 0xF4, 0x00, 0x04, 0x1F, 0x00, 0x0B, 0x02, 0xF5, 0x1F, 0x00, 0x1F, 0xFE, 0x00,
    0x00, 0x00, 0x00, 0x02, 0xF8, 0x90, 0x7D, 0x5F, 0x83, 0xC0, 0x0E, 0x0E, 0x00, 0x2C, 0x7C, 0x00,
    0x10, 0xF8, 0x00, 0x02, 0xFE, 0x40, 0x01, 0xFF, 0xD0, 0x00, 0x6F, 0xD0, 0x00, 0x0B, 0xC4, 0x00,
    0x0F, 0x3C, 0x00, 0x3C, 0xB4, 0x00, 0xF2, 0xF8, 0x0B, 0x46, 0x7F, 0xF4, 0x00, 0x04, 0x00, 0x6A,
    0xA1, 0xBF, 0x40, 0xF4, 0x03, 0xD0, 0x0F, 0x40, 0x3D, 0x00, 0xF4, 0x03, 0xD0, 0x0F, 0x40, 0x3D,
    0x00, 0xF4, 0x03, 0xD0, 0x0F, 0x40, 0x3E, 0x0B, 0xFF, 0x00, 0x2C, 0x2D, 0x3D, 0x3E, 0x28, 0x18,
    0x00, 0x00, 0x1A, 0xA8, 0x1B, 0xF4, 0x03, 0xD0, 0x03, 0xD0, 0x03, 0xD0, 0x03, 0xD0, 0x03, 0xD0,
    0x03, 0xD0, 0x03, 0xD0, 0x03, 0xD0, 0x03, 0xD0, 0x03, 0xD0, 0x03, 0xD0, 0x03, 0xE0, 0x2F, 0xFC,
    0x00, 0x2A, 0xA8, 0x00, 0xBF, 0x90, 0x00, 0x3C, 0x00, 0x00, 0xF0, 0x00, 0x03, 0xC0, 0x00, 0x0F,
    0x00, 0x00, 0x3C, 0x00, 0x00, 0xF0, 0x00, 0x03, 0xC0, 0x00, 0x0F, 0x00, 0x00, 0x3C, 0x0B, 0x40,
    0xF0, 0x3E, 0x07, 0x80, 0xF4, 0x3C, 0x01, 0xFF, 0xD0, 0x00, 0x10, 0x00, 0x02, 0xAA, 0xAA, 0xA0,
    0x00, 0x00, 0xBE, 0xAB, 0xF8, 0x00, 0x00, 0x07, 0x00, 0xB8, 0x00, 0x00, 0x01, 0xC0, 0x2E, 0x00,
    0x00, 0x00, 0x70, 0x0B, 0x80, 0x00, 0x00, 0x1C, 0x02, 0xE0, 0x00, 0x00, 0x0B, 0x00, 0xB9, 0x50,
    0x00, 0x02, 0x80, 0x2F, 0xAF, 0xD0, 0x00, 0xA0, 0x0B, 0x80, 0x7D, 0x00, 0x34, 0x02, 0xE0, 0x07,
    0xC0, 0x0D, 0x00, 0xB8, 0x00, 0xF0, 0x03, 0x00, 0x2E, 0x00, 0x3C, 0x22, 0xC0, 0x0B, 0x80, 0x2E,
    0x2F, 0xD0, 0x02, 0xE0, 0x6F, 0x07, 0xE0, 0x07, 0xFF, 0xF9, 0x00, 0x00, 0x00, 0x00, 0x00, 0x00,
    0x6A, 0xA0, 0x1A, 0xA8, 0x00, 0x1B, 0xF4, 0x06, 0xF9, 0x00, 0x00, 0xF0, 0x00, 0x3C, 0x00, 0x00,
    0x3C, 0x00, 0x0F, 0x00, 0x00, 0x0F, 0x00, 0x03, 0xC0, 0x00, 0x03, 0xC0, 0x00, 0xF0, 0x00, 0x00,
    0xF4, 0x00, 0x3D, 0x54, 0x00, 0x3F, 0xFF, 0xFF, 0xEF, 0xE0, 0x0F, 0x40, 0x03, 0xC0, 0x3E, 0x03,
    0xC0, 0x00, 0xF0, 0x03, 0xC0, 0xF0, 0x00, 0x3C, 0x00, 0xF4, 0x3C, 0x00, 0x0F, 0x00, 0x3D, 0x0F,
    0x00, 0x03, 0xC0, 0x1F, 0x03, 0xD0, 0x00, 0xF0, 0x2F, 0x4B, 0xFF, 0x02, 0xFF, 0xFE, 0x00, 0x1A,
    0xAA, 0xAA, 0xA0, 0x00, 0xFE, 0xBE, 0xAB, 0xC0, 0x03, 0xC0, 0xF0, 0x07, 0x40, 0x0C, 0x03, 0xC0,
    0x0E, 0x00, 0x20, 0x0F, 0x00, 0x00, 0x00, 0x00, 0x3C, 0x00, 0x00, 0x00, 0x00, 0xF2, 0xFF, 0xD0,
    0x00, 0x03, 0xF9, 0x0B, 0xC0, 0x00, 0x0F, 0x00, 0x0B, 0x80, 0x00, 0x3C, 0x00, 0x1E, 0x00, 0x00,
    0xF0, 0x00, 0x7C, 0x00, 0x03, 0xC0, 0x01, 0xF0, 0x00, 0x0F, 0x00, 0x07, 0xC0, 0x00, 0x7C, 0x00,
    0x2F, 0x00, 0x0F, 0xFE, 0x03, 0xFF, 0x80, 0x00, 0x00, 0x00, 0x00, 0x00, 0x0B, 0x00, 0x00, 0x03,
    0xF0, 0x00, 0x00, 0xE4, 0x00, 0x00, 0x00, 0x00, 0x06, 0xAA, 0x00, 0xA4, 0x6F, 0xD0, 0x2F, 0xC0,
    0xF4, 0x03, 0x7C, 0x0F, 0x40, 0x70, 0x00, 0xF4, 0x0E, 0x00, 0x0F, 0x41, 0xC0, 0x00, 0xF4, 0x74,
    0x00, 0x0F, 0xFE, 0x00, 0x00, 0xF4, 0x7C, 0x00, 0x0F, 0x41, 0xF0, 0x00, 0xF4, 0x0F, 0x40, 0x0F,
    0x40, 0x7C, 0x00, 0xF4, 0x03, 0xD0, 0x0F, 0x80, 0x2F, 0x0B, 0xFF, 0x00, 0xFE, 0x00, 0x00, 0x01,
    0x00, 0x00, 0x00, 0x00, 0x00, 0x00, 0x2D, 0x00, 0x00, 0x00, 0x1F, 0x40, 0x00, 0x00, 0x02, 0xD0,
    0x00, 0x00, 0x00, 0x00, 0x00, 0x6A, 0xA0, 0x1A, 0xA8, 0x6F, 0xD0, 0x0B, 0xF4, 0x0F, 0x00, 0x02,
    0xD0, 0x0F, 0x00, 0x03, 0xD0, 0x0F, 0x00, 0x0F, 0xD0, 0x0F, 0x00, 0x3F, 0xD0, 0x0F, 0x00, 0xF2,
    0xD0, 0x0F, 0x03, 0xC2, 0xD0, 0x0F, 0x0F, 0x02, 0xD0, 0x0F, 0x78, 0x02, 0xD0, 0x0F, 0xE0, 0x02,
    0xD0, 0x0F, 0x80, 0x02, 0xD0, 0x0F, 0x00, 0x02, 0xD0, 0x0F, 0x40, 0x03, 0xE0, 0xBF, 0xF0, 0x2F,
    0xFC, 0x00, 0xA0, 0x18, 0x00, 0x07, 0xC0, 0xF4, 0x00, 0x0F, 0x57, 0xC0, 0x00, 0x06, 0xA4, 0x00,
    0x00, 0x00, 0x00, 0x01, 0xAA, 0x80, 0xAA, 0x87, 0xF9, 0x01, 0xFD, 0x03, 0xD0, 0x02, 0xC0, 0x03,
    0xC0, 0x0E, 0x00, 0x0B, 0x40, 0x30, 0x00, 0x0F, 0x02, 0xC0, 0x00, 0x2D, 0x0D, 0x00, 0x00, 0x3C,
    0x30, 0x00, 0x00, 0xB6, 0x80, 0x00, 0x00, 0xFD, 0x00, 0x00, 0x02, 0xF0, 0x00, 0x00, 0x03, 0x40,
    0x00, 0x01, 0x1C, 0x00, 0x00, 0x3E, 0xD0, 0x00, 0x00, 0xFD, 0x00, 0x00, 0x00, 0x40, 0x00, 0x00,
    0x6A, 0xA0, 0x1A, 0xA8, 0x6F, 0xD0, 0x0B, 0xF4, 0x0F, 0x00, 0x02, 0xD0, 0x0F, 0x00, 0x02, 0xD0,
    0x0F, 0x00, 0x02, 0xD0, 0x0F, 0x00, 0x02, 0xD0, 0x0F, 0x00, 0x02, 0xD0, 0x0F, 0x00, 0x02, 0xD0,
    0x0F, 0x00, 0x02, 0xD0, 0x0F, 0x00, 0x02, 0xD0, 0x0F, 0x00, 0x02, 0xD0, 0x0F, 0x00, 0x02, 0xD0,
    0x0F, 0x00, 0x02, 0xD0, 0x0F, 0x55, 0x57, 0xE0, 0xBF, 0xFF, 0xFF, 0xFD, 0x00, 0x03, 0xC0, 0x00,
    0x00, 0x03, 0x80, 0x00, 0x00, 0x03, 0x40, 0x00, 0x00, 0x00, 0x00, 0x00, 0x00, 0x06, 0x80, 0x00,
    0x00, 0x3F, 0x00, 0x00, 0x00, 0xEE, 0x00, 0x00, 0x07, 0x3C, 0x00, 0x00, 0x34, 0xF4, 0x00, 0x00,
    0xC1, 0xE0, 0x00, 0x0B, 0x03, 0xC0, 0x00, 0x34, 0x0F, 0x40, 0x00, 0xC0, 0x1E, 0x00, 0x0B, 0xFF,
    0xFC, 0x00, 0x38, 0x00, 0xF4, 0x01, 0xC0, 0x01, 0xE0, 0x0A, 0x00, 0x03, 0xC0, 0x78, 0x00, 0x0F,
    0x8B, 0xFD, 0x02, 0xFF, 0xC0, 0x6A, 0xAA, 0xA4, 0x6F, 0xAA, 0xF8, 0x0F, 0x00, 0x3C, 0x0F, 0x00,
    0x1C, 0x0F, 0x00, 0x04, 0x0F, 0x00, 0x00, 0x0F, 0x55, 0x00, 0x0F, 0xFF, 0xF4, 0x0F, 0x00, 0x7C,
    0x0F, 0x00, 0x2E, 0x0F, 0x00, 0x1F, 0x0F, 0x00, 0x2E, 0x0F, 0x00, 0x3D, 0x0F, 0x41, 0xF8, 0xBF,
    0xFF, 0x90, 0x6A, 0xA9, 0x00, 0x6F, 0xAB, 0xF0, 0x0F, 0x00, 0xB8, 0x0F, 0x00, 0x7C, 0x0F, 0x00,
    0x7C, 0x0F, 0x00, 0xB4, 0x0F, 0x46, 0xD0, 0x0F, 0xFF, 0x90, 0x0F, 0x00, 0xBC, 0x0F, 0x00, 0x2E,
    0x0F, 0x00, 0x1F, 0x0F, 0x00, 0x2E, 0x0F, 0x00, 0x3D, 0x0F, 0x41, 0xF8, 0xBF, 0xFF, 0x90, 0x6A,
    0xAA, 0xA1, 0xBE, 0xAB, 0xD0, 0xF0, 0x03, 0x83, 0xC0, 0x0B, 0x0F, 0x00, 0x04, 0x3C, 0x00, 0x00,
    0xF0, 0x00, 0x03, 0xC0, 0x00, 0x0F, 0x00, 0x00, 0x3C, 0x00, 0x00, 0xF0, 0x00, 0x03, 0xC0, 0x00,
    0x0F, 0x00, 0x00, 0x3D, 0x00, 0x0B, 0xFF, 0x40, 0x00, 0x0A, 0xAA, 0xAA, 0x90, 0x1B, 0xEA, 0xBE,
    0x40, 0x0D, 0x00, 0xF0, 0x00, 0x34, 0x03, 0xC0, 0x00, 0xD0, 0x0F, 0x00, 0x03, 0x40, 0x3C, 0x00,
    0x1C, 0x00, 0xF0, 0x00, 0x70, 0x03, 0xC0, 0x01, 0xC0, 0x0F, 0x00, 0x0B, 0x00, 0x3C, 0x00, 0x38,
    0x00, 0xF0, 0x00, 0xD0, 0x03, 0xC0, 0x07, 0x00, 0x0F, 0x01, 0x7D, 0x55, 0x7D, 0x4F, 0xFF, 0xFF,
    0xFF, 0x3C, 0x00, 0x00, 0x3C, 0xE0, 0x00, 0x00, 0x73, 0x40, 0x00, 0x00, 0xC4, 0x00, 0x00, 0x01,
    0x00, 0x6A, 0xAA, 0xA0, 0x6F, 0xAA, 0xF0, 0x0F, 0x00, 0x34, 0x0F, 0x00, 0x28, 0x0F, 0x00, 0x00,
    0x0F, 0x00, 0x80, 0x0F, 0x42, 0xC0, 0x0F, 0xFF, 0xC0, 0x0F, 0x42, 0xC0, 0x0F, 0x00, 0xC0, 0x0F,
    0x00, 0x00, 0x0F, 0x00, 0x0C, 0x0F, 0x00, 0x1C, 0x0F, 0x40, 0x7C, 0xBF, 0xFF, 0xF8, 0x1A, 0x00,
    0xAA, 0x90, 0x1A, 0x03, 0xF8, 0x07, 0xF9, 0x07, 0xF4, 0x2D, 0xC0, 0x1E, 0x00, 0xDF, 0x00, 0x0A,
    0x01, 0xE0, 0x0C, 0x00, 0x00, 0x70, 0x1E, 0x02, 0x80, 0x00, 0x03, 0x41, 0xE0, 0x34, 0x00, 0x00,
    0x1C, 0x1E, 0x0A, 0x00, 0x00, 0x00, 0xBF, 0xFF, 0xC0, 0x00, 0x00, 0x3E, 0x1E, 0x1F, 0x40, 0x00,
    0x0F, 0x81, 0xE0, 0x3C, 0x00, 0x01, 0xF0, 0x1E, 0x02, 0xE0, 0x00, 0x2E, 0x01, 0xE0, 0x0F, 0x00,
    0x03, 0xC0, 0x1E, 0x00, 0xF8, 0x00, 0xF8, 0x02, 0xF0, 0x07, 0xD0, 0xBF, 0x01, 0xFF, 0xE0, 0x2F,
    0xC0, 0x40, 0x00, 0x00, 0x00, 0x00, 0x18, 0xBF, 0x40, 0x1F, 0x97, 0xF0, 0x1D, 0x00, 0xF4, 0x1C,
    0x00, 0xB8, 0x08, 0x00, 0xB4, 0x00, 0x00, 0xF0, 0x00, 0x07, 0x80, 0x03, 0xFE, 0x40, 0x00, 0x06,
    0xF4, 0x00, 0x00, 0x7C, 0x00, 0x00, 0x3C, 0x30, 0x00, 0x3C, 0x38, 0x00, 0xB8, 0x2E, 0x46, 0xF0,
    0x07, 0xFF, 0x80, 0x00, 0x10, 0x00, 0x6A, 0xA0, 0x1A, 0xA8, 0x6F, 0xD0, 0x0B, 0xF4, 0x0F, 0x00,
    0x02, 0xD0, 0x0F, 0x00, 0x03, 0xD0, 0x0F, 0x00, 0x0F, 0xD0, 0x0F, 0x00, 0x3F, 0xD0, 0x0F, 0x00,
    0xF2, 0xD0, 0x0F, 0x03, 0xC2, 0xD0, 0x0F, 0x0F, 0x02, 0xD0, 0x0F, 0x78, 0x02, 0xD0, 0x0F, 0xE0,
    0x02, 0xD0, 0x0F, 0x80, 0x02, 0xD0, 0x0F, 0x00, 0x02, 0xD0, 0x0F, 0x40, 0x03, 0xE0, 0xBF, 0xF0,
    0x2F, 0xFC, 0x00, 0x60, 0x18, 0x00, 0x00, 0xF0, 0x2E, 0x00, 0x00, 0xB5, 0x6D, 0x00, 0x00, 0x1A,
    0x90, 0x00, 0x00, 0x00, 0x00, 0x00, 0x6A, 0xA0, 0x1A, 0xA8, 0x6F, 0xD0, 0x0B, 0xF4, 0x0F, 0x00,
    0x02, 0xD0, 0x0F, 0x00, 0x03, 0xD0, 0x0F, 0x00, 0x0F, 0xD0, 0x0F, 0x00, 0x3F, 0xD0, 0x0F, 0x00,
    0xF2, 0xD0, 0x0F, 0x03, 0xC2, 0xD0, 0x0F, 0x0F, 0x02, 0xD0, 0x0F, 0x78, 0x02, 0xD0, 0x0F, 0xE0,
    0x02, 0xD0, 0x0F, 0x80, 0x02, 0xD0, 0x0F, 0x00, 0x02, 0xD0, 0x0F, 0x40, 0x03, 0xE0, 0xBF, 0xF0,
    0x2F, 0xFC, 0x6A, 0xA0, 0x0A, 0x46, 0xFD, 0x02, 0xFC, 0x0F, 0x40, 0x37, 0xC0, 0xF4, 0x07, 0x00,
    0x0F, 0x40, 0xE0, 0x00, 0xF4, 0x1C, 0x00, 0x0F, 0x47, 0x40, 0x00, 0xFF, 0xE0, 0x00, 0x0F, 0x47,
    0xC0, 0x00, 0xF4, 0x1F, 0x00, 0x0F, 0x40, 0xF4, 0x00, 0xF4, 0x07, 0xC0, 0x0F, 0x40, 0x3D, 0x00,
    0xF8, 0x02, 0xF0, 0xBF, 0xF0, 0x0F, 0xE0, 0x00, 0x00, 0x10, 0x02, 0xAA, 0xAA, 0xA4, 0x0B, 0xEA,
    0xBF, 0x80, 0x07, 0x00, 0x78, 0x00, 0x1C, 0x01, 0xE0, 0x00, 0x70, 0x07, 0x80, 0x01, 0xC0, 0x1E,
    0x00, 0x0B, 0x00, 0x78, 0x00, 0x28, 0x01, 0xE0, 0x00, 0xA0, 0x07, 0x80, 0x03, 0x80, 0x1E, 0x00,
    0x0D, 0x00, 0x78, 0x00, 0x30, 0x01, 0xE0, 0x21, 0xC0, 0x07, 0x82, 0xFD, 0x00, 0x2F, 0x07, 0xE0,
    0x03, 0xFF, 0x40, 0x00, 0x00, 0x00, 0x2A, 0xA0, 0x00, 0x2A, 0xA0, 0x6F, 0xC0, 0x00, 0xFE, 0x40,
    0x3F, 0x80, 0x0B, 0xF0, 0x00, 0xDF, 0x00, 0x37, 0xC0, 0x07, 0x3C, 0x01, 0xCF, 0x00, 0x1C, 0x78,
    0x0A, 0x3D, 0x00, 0x70, 0xF0, 0x34, 0xB4, 0x01, 0xC3, 0xC1, 0xC2, 0xD0, 0x0B, 0x07, 0x8A, 0x0B,
    0x40, 0x2C, 0x0F, 0x34, 0x2D, 0x00, 0xB0, 0x2E, 0xC0, 0xB8, 0x02, 0x80, 0x7E, 0x01, 0xE0, 0x0E,
    0x00, 0xA0, 0x07, 0x80, 0x3C, 0x00, 0x00, 0x2F, 0x0B, 0xFD, 0x00, 0x07, 0xFF, 0x80, 0x6A, 0xA0,
    0x1A, 0xA8, 0x6F, 0xD0, 0x0B, 0xF4, 0x0F, 0x00, 0x02, 0xD0, 0x0F, 0x00, 0x02, 0xD0, 0x0F, 0x00,
    0x02, 0xD0, 0x0F, 0x00, 0x02, 0xD0, 0x0F, 0x40, 0x03, 0xD0, 0x0F, 0xFF, 0xFF, 0xD0, 0x0F, 0x40,
    0x03, 0xD0, 0x0F, 0x00, 0x02, 0xD0, 0x0F, 0x00, 0x02, 0xD0, 0x0F, 0x00, 0x02, 0xD0, 0x0F, 0x00,
    0x02, 0xD0, 0x0F, 0x40, 0x03, 0xE0, 0xBF, 0xF0, 0x2F, 0xFC, 0x00, 0x6F, 0x90, 0x00, 0x3E, 0x5F,
    0xD0, 0x0F, 0x00, 0x1F, 0x03, 0xC0, 0x00, 0x7C, 0x78, 0x00, 0x03, 0xDB, 0x40, 0x00, 0x2E, 0xF4,
    0x00, 0x02, 0xEF, 0x40, 0x00, 0x2F, 0xF4, 0x00, 0x02, 0xEF, 0x40, 0x00, 0x2E, 0xB8, 0x00, 0x03,
    0xD3, 0xC0, 0x00, 0x3C, 0x2F, 0x00, 0x0B, 0x40, 0xBD, 0x07, 0xD0, 0x01, 0xFF, 0xF0, 0x00, 0x00,
    0x40, 0x00, 0x6A, 0xAA, 0xAA, 0xA8, 0x6F, 0xEA, 0xAB, 0xF4, 0x0F, 0x00, 0x02, 0xD0, 0x0F, 0x00,
    0x02, 0xD0, 0x0F, 0x00, 0x02, 0xD0, 0x0F, 0x00, 0x02, 0xD0, 0x0F, 0x00, 0x02, 0xD0, 0x0F, 0x00,
    0x02, 0xD0, 0x0F, 0x00, 0x02, 0xD0, 0x0F, 0x00, 0x02, 0xD0, 0x0F, 0x00, 0x02, 0xD0, 0x0F, 0x00,
    0x02, 0xD0, 0x0F, 0x00, 0x02, 0xD0, 0x0F, 0x40, 0x03, 0xE0, 0xBF, 0xF0, 0x2F, 0xFC, 0x6A, 0xA9,
    0x00, 0x6F, 0xAB, 0xE0, 0x0F, 0x00, 0xF4, 0x0F, 0x00, 0x7C, 0x0F, 0x00, 0x3C, 0x0F, 0x00, 0x7C,
    0x0F, 0x00, 0xB8, 0x0F, 0x02, 0xF0, 0x0F, 0xFF, 0x80, 0x0F, 0x40, 0x00, 0x0F, 0x00, 0x00, 0x0F,
    0x00, 0x00, 0x0F, 0x00, 0x00, 0x0F, 0x40, 0x00, 0xBF, 0xF4, 0x00, 0x00, 0xBF, 0x89, 0x01, 0xF9,
    0x7F, 0x81, 0xF0, 0x01, 0xE0, 0xF0, 0x00, 0x2C, 0x78, 0x00, 0x03, 0x2D, 0x00, 0x00, 0x0F, 0x40,
    0x00, 0x03, 0xD0, 0x00, 0x00, 0xF4, 0x00, 0x00, 0x3D, 0x00, 0x00, 0x0B, 0xC0, 0x00, 0x00, 0xF0,
    0x00, 0x00, 0x2F, 0x00, 0x07, 0x02, 0xF4, 0x1B, 0x40, 0x1F, 0xFE, 0x00, 0x00, 0x00, 0x00, 0x0A,
    0xAA, 0xAA, 0x90, 0xBE, 0xAF, 0xAF, 0xC2, 0xC0, 0x78, 0x0B, 0x0D, 0x01, 0xE0, 0x0D, 0x20, 0x07,
    0x80, 0x24, 0x00, 0x1E, 0x00, 0x00, 0x00, 0x78, 0x00, 0x00, 0x01, 0xE0, 0x00, 0x00, 0x07, 0x80,
    0x00, 0x00, 0x1E, 0x00, 0x00, 0x00, 0x78, 0x00, 0x00, 0x01, 0xE0, 0x00, 0x00, 0x07, 0x80, 0x00,
    0x00, 0x2F, 0x00, 0x00, 0x0B, 0xFF, 0xC0, 0x00, 0x6A, 0xA0, 0x2A, 0xA1, 0xFE, 0x40, 0x7F, 0x40,
    0xF4, 0x00, 0xB0, 0x00, 0xF0, 0x03, 0x80, 0x02, 0xD0, 0x0C, 0x00, 0x03, 0xC0, 0xB0, 0x00, 0x0B,
    0x43, 0x40, 0x00, 0x0F, 0x0C, 0x00, 0x00, 0x2D, 0xA0, 0x00, 0x00, 0x3F, 0x40, 0x00, 0x00, 0xBC,
    0x00, 0x00, 0x00, 0xD0, 0x00, 0x00, 0x47, 0x00, 0x00, 0x0F, 0xB4, 0x00, 0x00, 0x3F, 0x40, 0x00,
    0x00, 0x10, 0x00, 0x00, 0x00, 0x05, 0x54, 0x00, 0x00, 0x07, 0xFF, 0x40, 0x00, 0x00, 0x2E, 0x00,
    0x00, 0x02, 0xAF, 0xEA, 0x00, 0x07, 0xD6, 0xF5, 0xF8, 0x07, 0xC0, 0x78, 0x0B, 0x83, 0xD0, 0x1E,
    0x00, 0xF0, 0xF0, 0x07, 0x80, 0x3C, 0x3C, 0x01, 0xE0, 0x0F, 0x4F, 0x00, 0x78, 0x03, 0xC3, 0xD0,
    0x1E, 0x01, 0xF0, 0x3C, 0x07, 0x80, 0xF4, 0x07, 0xEB, 0xFA, 0xF4, 0x00, 0x16, 0xBD, 0x50, 0x00,
    0x00, 0x2E, 0x00, 0x00, 0x00, 0x7F, 0xF4, 0x00, 0x00, 0x05, 0x54, 0x00, 0x00, 0x6A, 0x90, 0x1A,
    0xA1, 0xFF, 0x40, 0x7F, 0x40, 0xF8, 0x00, 0xF0, 0x00, 0xF4, 0x07, 0x00, 0x01, 0xF0, 0x34, 0x00,
    0x02, 0xF3, 0x80, 0x00, 0x03, 0xFC, 0x00, 0x00, 0x03, 0xD0, 0x00, 0x00, 0x1F, 0xC0, 0x00, 0x00,
    0xEB, 0xC0, 0x00, 0x0F, 0x0F, 0x80, 0x00, 0xB0, 0x0F, 0x40, 0x07, 0x40, 0x1F, 0x00, 0x7C, 0x00,
    0x3F, 0x4B, 0xFC, 0x03, 0xFF, 0x40, 0x6A, 0xA0, 0x1A, 0xA8, 0x6F, 0xD0, 0x0B, 0xF4, 0x0F, 0x00,
    0x02, 0xD0, 0x0F, 0x00, 0x02, 0xD0, 0x0F, 0x00, 0x02, 0xD0, 0x0F, 0x00, 0x02, 0xD0, 0x0F, 0x00,
    0x02, 0xD0, 0x0F, 0x00, 0x02, 0xD0, 0x0F, 0x00, 0x02, 0xD0, 0x0F, 0x00, 0x02, 0xD0, 0x0F, 0x00,
    0x02, 0xD0, 0x0F, 0x00, 0x02, 0xD0, 0x0F, 0x00, 0x02, 0xD0, 0x0F, 0x55, 0x57, 0xE4, 0xBF, 0xFF,
    0xFF, 0xFF, 0x00, 0x00, 0x00, 0x0F, 0x00, 0x00, 0x00, 0x0B, 0x00, 0x00, 0x00, 0x0B, 0x00, 0x00,
    0x00, 0x00, 0x6A, 0xA0, 0x2A, 0xA4, 0xBF, 0x40, 0x7F, 0x90, 0xB4, 0x00, 0x3C, 0x02, 0xD0, 0x00,
    0xF0, 0x0B, 0x40, 0x03, 0xC0, 0x2D, 0x00, 0x0F, 0x00, 0xB8, 0x00, 0x3C, 0x01, 0xF0, 0x03, 0xF0,
    0x02, 0xFA, 0xFB, 0xC0, 0x01, 0xBA, 0x0F, 0x00, 0x00, 0x00, 0x3C, 0x00, 0x00, 0x00, 0xF0, 0x00,
    0x00, 0x03, 0xC0, 0x00, 0x00, 0x1F, 0x00, 0x00, 0x07, 0xFF, 0x80, 0x6A, 0xA0, 0x6A, 0xA0, 0xAA,
    0x96, 0xFD, 0x06, 0xF9, 0x06, 0xF9, 0x0F, 0x00, 0x0F, 0x00, 0x0F, 0x00, 0xF0, 0x00, 0xF0, 0x00,
    0xF0, 0x0F, 0x00, 0x0F, 0x00, 0x0F, 0x00, 0xF0, 0x00, 0xF0, 0x00, 0xF0, 0x0F, 0x00, 0x0F, 0x00,
    0x0F, 0x00, 0xF0, 0x00, 0xF0, 0x00, 0xF0, 0x0F, 0x00, 0x0F, 0x00, 0x0F, 0x00, 0xF0, 0x00, 0xF0,
    0x00, 0xF0, 0x0F, 0x00, 0x0F, 0x00, 0x0F, 0x00, 0xF0, 0x00, 0xF0, 0x00, 0xF0, 0x0F, 0x00, 0x0F,
    0x00, 0x0F, 0x00, 0xF5, 0x55, 0xF5, 0x55, 0xF4, 0xBF, 0xFF, 0xFF, 0xFF, 0xFF, 0xF0, 0x6A, 0xA0,
    0x6A, 0xA0, 0xAA, 0x91, 0xBF, 0x41, 0xBE, 0x41, 0xBE, 0x40, 0xF0, 0x00, 0xF0, 0x00, 0xF0, 0x03,
    0xC0, 0x03, 0xC0, 0x03, 0xC0, 0x0F, 0x00, 0x0F, 0x00, 0x0F, 0x00, 0x3C, 0x00, 0x3C, 0x00, 0x3C,
    0x00, 0xF0, 0x00, 0xF0, 0x00, 0xF0, 0x03, 0xC0, 0x03, 0xC0, 0x03, 0xC0, 0x0F, 0x00, 0x0F, 0x00,
    0x0F, 0x00, 0x3C, 0x00, 0x3C, 0x00, 0x3C, 0x00, 0xF0, 0x00, 0xF0, 0x00, 0xF0, 0x03, 0xC0, 0x03,
    0xC0, 0x03, 0xC0, 0x0F, 0x00, 0x0F, 0x00, 0x0F, 0x00, 0x3D, 0x55, 0x7D, 0x55, 0x7D, 0x4B, 0xFF,
    0xFF, 0xFF, 0xFF, 0xFF, 0x40, 0x00, 0x00, 0x00, 0x00, 0x2D, 0x00, 0x00, 0x00, 0x00, 0x00, 0x34,
    0x00, 0x00, 0x00, 0x00, 0x00, 0xD0, 0x00, 0x00, 0x00, 0x00, 0x00, 0x00, 0x2A, 0xAA, 0x80, 0x00,
    0xFA, 0xFE, 0x00, 0x07, 0x42, 0xD0, 0x00, 0x1C, 0x0B, 0x40, 0x00, 0x50, 0x2D, 0x00, 0x00, 0x00,
    0xB4, 0x00, 0x00, 0x02, 0xE5, 0x40, 0x00, 0x0B, 0xEB, 0xF4, 0x00, 0x2D, 0x01, 0xF4, 0x00, 0xB4,
    0x02, 0xF0, 0x02, 0xD0, 0x07, 0xC0, 0x0B, 0x40, 0x1F, 0x00, 0x2D, 0x00, 0xB8, 0x00, 0xF4, 0x1B,
    0xC0, 0x1F, 0xFF, 0xE4, 0x00, 0x6A, 0xA0, 0x00, 0x6A, 0xA1, 0xBF, 0x40, 0x01, 0xBF, 0x40, 0xF0,
    0x00, 0x00, 0xF0, 0x03, 0xC0, 0x00, 0x03, 0xC0, 0x0F, 0x00, 0x00, 0x0F, 0x00, 0x3C, 0x00, 0x00,
    0x3C, 0x00, 0xF9, 0x50, 0x00, 0xF0, 0x03, 0xFA, 0xFC, 0x03, 0xC0, 0x0F, 0x00, 0xBC, 0x0F, 0x00,
    0x3C, 0x00, 0xF4, 0x3C, 0x00, 0xF0, 0x02, 0xE0, 0xF0, 0x03, 0xC0, 0x0F, 0x43, 0xC0, 0x0F, 0x00,
    0x3C, 0x0F, 0x00, 0x3D, 0x07, 0xD0, 0x3D, 0x0B, 0xFF, 0xF9, 0x0F, 0xFF, 0x00, 0x6A, 0xA0, 0x00,
    0x6F, 0xD0, 0x00, 0x0F, 0x00, 0x00, 0x0F, 0x00, 0x00, 0x0F, 0x00, 0x00, 0x0F, 0x00, 0x00, 0x0F,
    0x95, 0x00, 0x0F, 0xEF, 0xF0, 0x0F, 0x00, 0x7C, 0x0F, 0x00, 0x3E, 0x0F, 0x00, 0x2E, 0x0F, 0x00,
    0x2E, 0x0F, 0x00, 0x3D, 0x0F, 0x41, 0xF8, 0xBF, 0xFF, 0x90, 0x18, 0xBF, 0x80, 0x07, 0xE5, 0xBE,
    0x01, 0xE0, 0x03, 0xD0, 0x70, 0x00, 0x3C, 0x08, 0x00, 0x0F, 0x40, 0x00, 0x02, 0xE0, 0x00, 0x00,
    0xB8, 0x0F, 0xFF, 0xFE, 0x00, 0x00, 0x0B, 0x80, 0x00, 0x02, 0xD0, 0x00, 0x00, 0xF0, 0xC0, 0x00,
    0x7C, 0x3C, 0x00, 0x3D, 0x03, 0xD0, 0x7E, 0x00, 0x2F, 0xFD, 0x00, 0x00, 0x00, 0x00, 0x6A, 0xA0,
    0x00, 0xBF, 0x80, 0x1B, 0xF4, 0x01, 0xF9, 0xBD, 0x00, 0xF0, 0x01, 0xE0, 0x03, 0xD0, 0x3C, 0x00,
    0xF0, 0x00, 0x7C, 0x0F, 0x00, 0xB4, 0x00, 0x0F, 0x43, 0xC0, 0x3C, 0x00, 0x02, 0xE0, 0xF4, 0x0F,
    0x00, 0x00, 0x7C, 0x3F, 0xFF, 0xC0, 0x00, 0x1F, 0x0F, 0x40, 0xF0, 0x00, 0x07, 0xC3, 0xC0, 0x3C,
    0x00, 0x01, 0xE0, 0xF0, 0x0B, 0x40, 0x00, 0xB4, 0x3C, 0x01, 0xF0, 0x00, 0x3C, 0x0F, 0x00, 0x3E,
    0x00, 0x2D, 0x03, 0xD0, 0x03, 0xE0, 0x2E, 0x0B, 0xFF, 0x00, 0x2F, 0xFD, 0x00, 0x00, 0x00, 0x00,
    0x10, 0x00, 0x00, 0x16, 0xAA, 0x80, 0x1F, 0xAB, 0xF8, 0x03, 0xC0, 0x2E, 0x00, 0x78, 0x02, 0xE0,
    0x0B, 0x80, 0x2E, 0x00, 0xB8, 0x02, 0xE0, 0x03, 0xC0, 0x2E, 0x00, 0x0F, 0x97, 0xE0, 0x00, 0x1F,
    0xFE, 0x00, 0x0B, 0x02, 0xE0, 0x02, 0xD0, 0x2E, 0x00, 0x3C, 0x02, 0xE0, 0x07, 0x80, 0x2E, 0x01,
    0xF4, 0x02, 0xE0, 0xBE, 0x03, 0xFF, 0xD0, 0x00, 0x00, 0x00, 0x0B, 0xE4, 0x01, 0xD1, 0xF4, 0x0F,
    0x40, 0xF0, 0x2C, 0x03, 0xC0, 0x00, 0x0F, 0x00, 0x1B, 0xFC, 0x03, 0xE4, 0xF0, 0x2D, 0x03, 0xC0,
    0xF0, 0x0F, 0x02, 0xE1, 0xFD, 0x03, 0xFD, 0x7F, 0x00, 0x00, 0x00, 0x00, 0x00, 0x00, 0x00, 0x01,
    0x80, 0x1F, 0xFD, 0x02, 0xFF, 0xE0, 0x1D, 0x00, 0x00, 0xD0, 0x00, 0x07, 0x06, 0x40, 0x2D, 0xEB,
    0xD0, 0xBD, 0x03, 0xD3, 0xE0, 0x07, 0xCF, 0x40, 0x0F, 0x3D, 0x00, 0x3C, 0xB4, 0x00, 0xF2, 0xE0,
    0x03, 0xC3, 0xC0, 0x1D, 0x0B, 0x81, 0xF0, 0x0B, 0xFE, 0x00, 0x00, 0x00, 0x00, 0x6A, 0xA4, 0x07,
    0xF6, 0xF8, 0x1E, 0x03, 0xC1, 0xE0, 0x3C, 0x1E, 0x0B, 0x41, 0xFF, 0xD0, 0x1E, 0x07, 0xC1, 0xE0,
    0x1E, 0x1E, 0x01, 0xE2, 0xE0, 0x7C, 0xFF, 0xFE, 0x00, 0x6A, 0xAA, 0x2F, 0xEB, 0xD1, 0xE0, 0x38,
    0x78, 0x0A, 0x1E, 0x00, 0x07, 0x80, 0x01, 0xE0, 0x00, 0x78, 0x00, 0x1E, 0x00, 0x0B, 0xC0, 0x0F,
    0xFF, 0x00, 0x1A, 0xAA, 0xA8, 0x1B, 0xEA, 0xF8, 0x03, 0x40, 0xF0, 0x03, 0x40, 0xF0, 0x03, 0x40,
    0xF0, 0x03, 0x40, 0xF0, 0x03, 0x00, 0xF0, 0x07, 0x00, 0xF0, 0x0A, 0x00, 0xF0, 0x0D, 0x01, 0xF0,
    0xBF, 0xFF, 0xFD, 0xB4, 0x00, 0x2D, 0xA0, 0x00, 0x0D, 0xA0, 0x00, 0x0D, 0x00, 0x00, 0x00, 0x00,
    0xBE, 0x00, 0x1E, 0x5F, 0x00, 0xE0, 0x1E, 0x0B, 0x40, 0x3C, 0x3D, 0x55, 0xF0, 0xFF, 0xFF, 0x83,
    0xC0, 0x00, 0x0F, 0x40, 0x00, 0x2F, 0x00, 0x00, 0x3F, 0x57, 0x80, 0x2F, 0xF8, 0x00, 0x00, 0x00,
    0x1E, 0x06, 0xA8, 0x0B, 0x43, 0xF8, 0x6F, 0x83, 0xFC, 0x28, 0xC0, 0xF0, 0x73, 0x40, 0x09, 0x0F,
    0x0D, 0x00, 0x00, 0x70, 0xF1, 0xC0, 0x00, 0x03, 0xFF, 0xF8, 0x00, 0x01, 0xE0, 0xF0, 0xB4, 0x00,
    0x3C, 0x0F, 0x03, 0xC0, 0x07, 0x80, 0xF0, 0x3C, 0x01, 0xF4, 0x1F, 0x02, 0xF4, 0x7E, 0x0B, 0xFD,
    0x0F, 0xC0, 0x00, 0x00, 0x00, 0x00, 0x66, 0xE4, 0x1F, 0x4B, 0x87, 0x00, 0xF1, 0x80, 0x3C, 0x00,
    0x3C, 0x02, 0xF9, 0x00, 0x02, 0xE1, 0x80, 0x3D, 0xF4, 0x0F, 0x6C, 0x07, 0xC3, 0xFF, 0x80, 0x04,
    0x00, 0x6A, 0x81, 0xAA, 0x1F, 0xE0, 0x7F, 0x81, 0xE0, 0x07, 0x80, 0x78, 0x03, 0xE0, 0x1E, 0x07,
    0xB8, 0x07, 0x87, 0x5E, 0x01, 0xEB, 0x07, 0x80, 0x7F, 0x01, 0xE0, 0x1F, 0x00, 0x78, 0x0B, 0x80,
    0x2E, 0x0F, 0xFC, 0x3F, 0xF0, 0x02, 0x40, 0x80, 0x01, 0xE0, 0x78, 0x00, 0x38, 0x2D, 0x00, 0x02,
    0xA8, 0x00, 0x00, 0x00, 0x00, 0x1A, 0xA0, 0x6A, 0x87, 0xF8, 0x1F, 0xE0, 0x78, 0x01, 0xE0, 0x1E,
    0x00, 0xF8, 0x07, 0x81, 0xEE, 0x01, 0xE1, 0xD7, 0x80, 0x7A, 0xC1, 0xE0, 0x1F, 0xC0, 0x78, 0x07,
    0xC0, 0x1E, 0x02, 0xE0, 0x0B, 0x83, 0xFF, 0x0F, 0xFC, 0x6A, 0x81, 0xE0, 0x7F, 0x83, 0xF4, 0x1E,
    0x0A, 0x70, 0x1E, 0x0C, 0x00, 0x1E, 0x34, 0x00, 0x1F, 0xF4, 0x00, 0x1E, 0x1F, 0x00, 0x1E, 0x0B,
    0x40, 0x1E, 0x03, 0xC0, 0x2E, 0x03, 0xE4, 0xFF, 0xC0, 0xF8, 0x00, 0x00, 0x00, 0x06, 0xAA, 0xAA,
    0x07, 0xEA, 0xFE, 0x00, 0xC0, 0xB4, 0x00, 0xC0, 0xB4, 0x00, 0xC0, 0xB4, 0x01, 0xC0, 0xB4, 0x01,
    0xC0, 0xB4, 0x02, 0x80, 0xB4, 0x13, 0x40, 0xB4, 0xBF, 0x00, 0xF8, 0x7D, 0x03, 0xFF, 0x00, 0x00,
    0x00, 0x1A, 0x80, 0x02, 0xA4, 0x7F, 0x80, 0x1F, 0xD0, 0x7F, 0x00, 0xFD, 0x01, 0xED, 0x07, 0xB4,
    0x07, 0x3C, 0x36, 0xD0, 0x1C, 0xB4, 0xCB, 0x40, 0x70, 0xE9, 0x2D, 0x01, 0xC3, 0xF0, 0xB4, 0x07,
    0x07, 0x42, 0xD0, 0x2C, 0x00, 0x0F, 0x83, 0xFE, 0x00, 0xFF, 0xC0, 0x6A, 0x81, 0xAA, 0x1F, 0xE0,
    0x7F, 0x81, 0xE0, 0x07, 0x80, 0x78, 0x01, 0xE0, 0x1E, 0x00, 0x78, 0x07, 0xFF, 0xFE, 0x01, 0xE0,
    0x07, 0x80, 0x78, 0x01, 0xE0, 0x1E, 0x00, 0x78, 0x0B, 0x80, 0x2E, 0x0F, 0xFC, 0x3F, 0xF0, 0x00,
    0xAE, 0x40, 0x07, 0xD7, 0xE0, 0x0F, 0x00, 0xF8, 0x2D, 0x00, 0x7C, 0x3C, 0x00, 0x3C, 0x3C, 0x00,
    0x3C, 0x3C, 0x00, 0x3C, 0x3D, 0x00, 0x3C, 0x2F, 0x00, 0x78, 0x0F, 0x81, 0xF0, 0x02, 0xFF, 0x80,
    0x00, 0x00, 0x00, 0x6A, 0xAA, 0xAA, 0x2F, 0xEA, 0xBF, 0x81, 0xE0, 0x07, 0x80, 0x78, 0x01, 0xE0,
    0x1E, 0x00, 0x78, 0x07, 0x80, 0x1E, 0x01, 0xE0, 0x07, 0x80, 0x78, 0x01, 0xE0, 0x1E, 0x00, 0x78,
    0x0B, 0xC0, 0x2E, 0x0F, 0xFC, 0x3F, 0xF0, 0x2A, 0x0B, 0xD0, 0x2F, 0x7A, 0xF8, 0x0B, 0xC0, 0x3D,
    0x0B, 0x40, 0x2E, 0x0B, 0x40, 0x1F, 0x0B, 0x40, 0x0F, 0x0B, 0x40, 0x1F, 0x0B, 0x40, 0x1E, 0x0B,
    0x40, 0x3D, 0x0B, 0xD0, 0xB8, 0x0B, 0xFF, 0xE0, 0x0B, 0x40, 0x00, 0x0B, 0x40, 0x00, 0x0B, 0x40,
    0x00, 0x2F, 0xE0, 0x00, 0x2A, 0xA0, 0x00, 0x00, 0xBE, 0x00, 0x7D, 0x6D, 0x0F, 0x02, 0xE2, 0xD0,
    0x2E, 0x3C, 0x00, 0x03, 0xC0, 0x00, 0x3C, 0x00, 0x03, 0xD0, 0x00, 0x2F, 0x00, 0x00, 0xFD, 0x5E,
    0x02, 0xFF, 0x40, 0x01, 0x00, 0x1A, 0xAA, 0xA8, 0x3E, 0xBE, 0xBC, 0x34, 0x3C, 0x1C, 0x70, 0x3C,
    0x0D, 0x00, 0x3C, 0x00, 0x00, 0x3C, 0x00, 0x00, 0x3C, 0x00, 0x00, 0x3C, 0x00, 0x00, 0x3C, 0x00,
    0x00, 0x3D, 0x00, 0x01, 0xFF, 0x80, 0x6A, 0x80, 0xAA, 0x7F, 0x80, 0xBD, 0x0F, 0x00, 0x34, 0x0B,
    0x40, 0xB0, 0x07, 0xC0, 0xD0, 0x03, 0xC1, 0xC0, 0x01, 0xE2, 0x80, 0x00, 0xF3, 0x00, 0x00, 0xBE,
    0x00, 0x00, 0x3D, 0x00, 0x00, 0x3C, 0x00, 0x00, 0x34, 0x00, 0x00, 0x70, 0x00, 0xB8, 0xE0, 0x00,
    0xBA, 0xC0, 0x00, 0x2E, 0x00, 0x00, 0x00, 0x0F, 0xD0, 0x00, 0x00, 0x01, 0xF8, 0x00, 0x00, 0x00,
    0x1E, 0x00, 0x00, 0x00, 0x07, 0x80, 0x00, 0x00, 0x01, 0xE0, 0x00, 0x00, 0x7D, 0x79, 0xB8, 0x00,
    0xBE, 0xFF, 0xEB, 0xC0, 0x7C, 0x0B, 0xC0, 0xB8, 0x2D, 0x01, 0xE0, 0x0F, 0x0F, 0x00, 0x78, 0x03,
    0xC3, 0xC0, 0x1E, 0x00, 0xF0, 0xF0, 0x07, 0x80, 0x3C, 0x3C, 0x01, 0xE0, 0x0F, 0x0B, 0x40, 0x78,
    0x07, 0x80, 0xF4, 0x7F, 0x47, 0xC0, 0x1F, 0xFB, 0xFF, 0xC0, 0x00, 0x01, 0xE0, 0x00, 0x00, 0x00,
    0x78, 0x00, 0x00, 0x00, 0x1E, 0x00, 0x00, 0x00, 0x2F, 0xE0, 0x00, 0x00, 0x0A, 0xA9, 0x00, 0x00,
    0x6A, 0x82, 0xA8, 0x7F, 0x82, 0xF8, 0x0F, 0x41, 0xC0, 0x03, 0xD3, 0x40, 0x01, 0xFE, 0x00, 0x00,
    0xBC, 0x00, 0x00, 0xBE, 0x00, 0x02, 0xCF, 0x40, 0x07, 0x03, 0xC0, 0x1E, 0x02, 0xF4, 0xFF, 0xCF,
    0xFF, 0x6A, 0x82, 0xAA, 0x1F, 0xE0, 0x7F, 0x41, 0xE0, 0x07, 0x80, 0x78, 0x01, 0xE0, 0x1E, 0x00,
    0x78, 0x07, 0x80, 0x1E, 0x01, 0xE0, 0x07, 0x80, 0x78, 0x01, 0xE0, 0x1E, 0x00, 0x78, 0x0B, 0x80,
    0x2E, 0x0F, 0xFF, 0xFF, 0xFC, 0x00, 0x00, 0x0F, 0x00, 0x00, 0x02, 0xC0, 0x00, 0x00, 0x60, 0x00,
    0x00, 0x00, 0x6A, 0x82, 0xAA, 0x1B, 0xE0, 0xBF, 0x40, 0xF0, 0x07, 0x40, 0x3C, 0x01, 0xD0, 0x0F,
    0x00, 0x74, 0x03, 0xD0, 0x2D, 0x00, 0x7E, 0xBF, 0x40, 0x02, 0x91, 0xD0, 0x00, 0x00, 0x74, 0x00,
    0x00, 0x2E, 0x00, 0x00, 0x3F, 0xF0, 0x6A, 0x82, 0xA9, 0x1A, 0xA1, 0xFE, 0x0B, 0xE4, 0x7F, 0x81,
    0xE0, 0x0F, 0x00, 0x78, 0x07, 0x80, 0x3C, 0x01, 0xE0, 0x1E, 0x00, 0xF0, 0x07, 0x80, 0x78, 0x03,
    0xC0, 0x1E, 0x01, 0xE0, 0x0F, 0x00, 0x78, 0x07, 0x80, 0x3C, 0x01, 0xE0, 0x1E, 0x00, 0xF0, 0x07,
    0x80, 0xB8, 0x03, 0xC0, 0x1E, 0x0F, 0xFF, 0xFF, 0xFF, 0xFF, 0x00, 0x6A, 0x82, 0xA9, 0x1A, 0xA1,
    0xFE, 0x0B, 0xE4, 0x7F, 0x81, 0xE0, 0x0F, 0x00, 0x78, 0x07, 0x80, 0x3C, 0x01, 0xE0, 0x1E, 0x00,
    0xF0, 0x07, 0x80, 0x78, 0x03, 0xC0, 0x1E, 0x01, 0xE0, 0x0F, 0x00, 0x78, 0x07, 0x80, 0x3C, 0x01,
    0xE0, 0x1E, 0x00, 0xF0, 0x07, 0x80, 0xB8, 0x03, 0xC0, 0x1E, 0x0F, 0xFF, 0xFF, 0xFF, 0xFF, 0xC0,
    0x00, 0x00, 0x00, 0x0F, 0x00, 0x00, 0x00, 0x00, 0x2C, 0x00, 0x00, 0x00, 0x00, 0x70, 0x00, 0x00,
    0x00, 0x00, 0x00, 0x2A, 0xAA, 0x00, 0x0F, 0xAF, 0x40, 0x03, 0x07, 0x80, 0x01, 0xC1, 0xE0, 0x00,
    0x00, 0x79, 0x50, 0x00, 0x1F, 0xAF, 0x80, 0x07, 0x80, 0xF4, 0x01, 0xE0, 0x1E, 0x00, 0x78, 0x0B,
    0x40, 0x2E, 0x07, 0xC0, 0x3F, 0xFF, 0x80, 0x6A, 0x80, 0x0A, 0xA8, 0x7F, 0x80, 0x0B, 0xF4, 0x1E,
    0x00, 0x02, 0xD0, 0x1E, 0x00, 0x02, 0xD0, 0x1E, 0x54, 0x02, 0xD0, 0x1F, 0xAF, 0x82, 0xD0, 0x1E,
    0x03, 0xD2, 0xD0, 0x1E, 0x02, 0xD2, 0xD0, 0x1E, 0x03, 0xD2, 0xD0, 0x2E, 0x07, 0xC2, 0xE0, 0xFF,
    0xFD, 0x0F, 0xFC, 0x6A, 0x80, 0x07, 0xF8, 0x00, 0x1E, 0x00, 0x01, 0xE0, 0x00, 0x1E, 0x54, 0x01,
    0xFA, 0xF8, 0x1E, 0x03, 0xD1, 0xE0, 0x1E, 0x1E, 0x02, 0xD2, 0xE0, 0x7C, 0xFF, 0xFE, 0x00, 0xA6,
    0xE4, 0x2E, 0x5B, 0x87, 0x00, 0xF1, 0x80, 0x1E, 0x00, 0x07, 0x82, 0xFF, 0xF0, 0x00, 0x79, 0x80,
    0x1E, 0xF4, 0x0F, 0x3C, 0x0B, 0x83, 0xFF, 0x40, 0x04, 0x00, 0x6A, 0x80, 0x1B, 0x90, 0x1F, 0xE0,
    0x3D, 0x7E, 0x01, 0xE0, 0x3C, 0x03, 0xD0, 0x78, 0x1E, 0x00, 0x7C, 0x1E, 0x0B, 0x40, 0x0F, 0x07,
    0xFF, 0xD0, 0x03, 0xC1, 0xE0, 0xB4, 0x00, 0xF0, 0x78, 0x2E, 0x00, 0x3C, 0x1E, 0x03, 0xC0, 0x2D,
    0x0B, 0x80, 0xBC, 0x1F, 0x0F, 0xFC, 0x0B, 0xFE, 0x00, 0x00, 0x00, 0x00, 0x00, 0x00, 0x6A, 0xA8,
    0x07, 0xE5, 0xF8, 0x0F, 0x40, 0xF0, 0x0F, 0x00, 0xF0, 0x0F, 0x40, 0xF0, 0x02, 0xEA, 0xF0, 0x00,
    0xBA, 0xF0, 0x03, 0xC0, 0xF0, 0x07, 0x80, 0xF0, 0x0F, 0x41, 0xF0, 0x7E, 0x0B, 0xFE, 0x00, 0x00,
    0x00, 0x01, 0x41, 0x40, 0x1F, 0x0F, 0x40, 0x3C, 0x3C, 0x00, 0x00, 0x00, 0x00, 0x00, 0x00, 0x02,
    0xF8, 0x00, 0x79, 0x7C, 0x03, 0x80, 0x78, 0x2D, 0x00, 0xF0, 0xF5, 0x57, 0xC3, 0xFF, 0xFE, 0x0F,
    0x00, 0x00, 0x3D, 0x00, 0x00, 0xBC, 0x00, 0x00, 0xFD, 0x5E, 0x00, 0xBF, 0xE0, 0x00, 0x00, 0x00,
    0x3F, 0x80, 0x00, 0x1B, 0x80, 0x00, 0x07, 0x80, 0x00, 0x7F, 0xFE, 0x00, 0x07, 0x80, 0x00, 0x07,
    0x87, 0xE0, 0x07, 0xBE, 0xFC, 0x07, 0xD0, 0x3D, 0x07, 0xC0, 0x1D, 0x07, 0x80, 0x1E, 0x07, 0x80,
    0x1E, 0x07, 0x80, 0x1E, 0x07, 0x80, 0x1E, 0x07, 0x80, 0x1E, 0x0B, 0xC0, 0x1D, 0x3F, 0xF0, 0x1D,
    0x00, 0x00, 0x2D, 0x00, 0x00, 0x2C, 0x00, 0x00, 0x38, 0x00, 0x00, 0xB0, 0x00, 0x00, 0x80, 0x00,
    0x00, 0x00, 0x0B, 0x00, 0x07, 0xC0, 0x03, 0x80, 0x02, 0x40, 0x00, 0x00, 0x06, 0xAA, 0xA2, 0xFE,
    0xBD, 0x1E, 0x03, 0x87, 0x80, 0xA1, 0xE0, 0x00, 0x78, 0x00, 0x1E, 0x00, 0x07, 0x80, 0x01, 0xE0,
    0x00, 0xBC, 0x00, 0xFF, 0xF0, 0x00, 0x00, 0xBE, 0x00, 0x7D, 0x6C, 0x0F, 0x02, 0xE2, 0xD0, 0x2D,
    0x3C, 0x00, 0x03, 0xFF, 0xE0, 0x3D, 0x00, 0x03, 0xD0, 0x00, 0x1F, 0x00, 0x00, 0xFD, 0x6D, 0x02,
    0xFF, 0x40, 0x01, 0x00, 0x0B, 0x98, 0x39, 0x7D, 0xB0, 0x0D, 0xB4, 0x04, 0x7E, 0x40, 0x2F, 0xF4,
    0x01, 0xBD, 0x40, 0x1E, 0xE0, 0x0E, 0xF8, 0x1D, 0xBF, 0xF4, 0x00, 0x40, 0x06, 0x00, 0x3E, 0x00,
    0xF4, 0x00, 0x00, 0x00, 0x00, 0x69, 0x02, 0xF8, 0x01, 0xE0, 0x07, 0x80, 0x1E, 0x00, 0x78, 0x01,
    0xE0, 0x07, 0x80, 0x1E, 0x00, 0xBC, 0x0F, 0xFD, 0x14, 0x14, 0x3C, 0x3D, 0x3C, 0x3C, 0x00, 0x00,
    0x00, 0x00, 0x06, 0x90, 0x0B, 0xE0, 0x01, 0xE0, 0x01, 0xE0, 0x01, 0xE0, 0x01, 0xE0, 0x01, 0xE0,
    0x01, 0xE0, 0x01, 0xE0, 0x02, 0xF0, 0x0F, 0xFD, 0x06, 0x03, 0xE0, 0xF4, 0x00, 0x00, 0x06, 0x92,
    0xF4, 0x2D, 0x07, 0x41, 0xD0, 0x74, 0x1D, 0x07, 0x41, 0xD0, 0x74, 0x1D, 0x0B, 0x42, 0xC0, 0xE0,
    0xF0, 0x20, 0x00, 0x06, 0xAA, 0xA9, 0x00, 0x01, 0xFA, 0xBF, 0x40, 0x00, 0x0C, 0x0B, 0x00, 0x00,
    0x03, 0x02, 0xC0, 0x00, 0x01, 0xC0, 0xB5, 0x50, 0x00, 0x70, 0x2F, 0xBF, 0x40, 0x1C, 0x0B, 0x00,
    0xF0, 0x0A, 0x02, 0xC0, 0x3D, 0x13, 0x40, 0xB0, 0x0F, 0x2F, 0xC0, 0x3D, 0x0B, 0x8B, 0xD0, 0x3F,
    0xFE, 0x40, 0x00, 0x00, 0x00, 0x00, 0x6A, 0x82, 0xAA, 0x00, 0x1F, 0xE0, 0xBF, 0x40, 0x01, 0xE0,
    0x07, 0x40, 0x00, 0x78, 0x01, 0xD0, 0x00, 0x1E, 0x00, 0x79, 0x50, 0x07, 0xFF, 0xFF, 0xAF, 0x81,
    0xE0, 0x0B, 0x40, 0xF4, 0x78, 0x01, 0xD0, 0x2D, 0x1E, 0x00, 0x74, 0x0F, 0x4B, 0x80, 0x2E, 0x07,
    0xCF, 0xFC, 0x3F, 0xFF, 0x40, 0x3F, 0x80, 0x00, 0x01, 0xB8, 0x00, 0x00, 0x07, 0x80, 0x00, 0x0B,
    0xFF, 0xC0, 0x00, 0x07, 0x80, 0x00, 0x00, 0x78, 0x7E, 0x00, 0x07, 0xBE, 0xFC, 0x00, 0x7D, 0x03,
    0xD0, 0x07, 0xC0, 0x1D, 0x00, 0x78, 0x01, 0xE0, 0x07, 0x80, 0x1E, 0x00, 0x78, 0x01, 0xE0, 0x07,
    0x80, 0x1E, 0x00, 0x78, 0x01, 0xE0, 0x0B, 0xC0, 0x2E, 0x03, 0xFF, 0x0F, 0xFC, 0x00, 0x00, 0x00,
    0x00, 0x07, 0x40, 0x00, 0x0F, 0x00, 0x00, 0x3C, 0x00, 0x00, 0x60, 0x00, 0x00, 0x00, 0x00, 0x6A,
    0x81, 0xE0, 0x7F, 0x83, 0xF4, 0x1E, 0x0A, 0x70, 0x1E, 0x0C, 0x00, 0x1E, 0x34, 0x00, 0x1F, 0xF4,
    0x00, 0x1E, 0x1F, 0x00, 0x1E, 0x0B, 0x40, 0x1E, 0x03, 0xC0, 0x2E, 0x03, 0xE4, 0xFF, 0xC0, 0xF8,
    0x00, 0x00, 0x00, 0x00, 0x00, 0x00, 0x00, 0x38, 0x00, 0x00, 0x0F, 0x40, 0x00, 0x00, 0xF0, 0x00,
    0x00, 0x05, 0x00, 0x00, 0x00, 0x00, 0x06, 0xA8, 0x1A, 0xA1, 0xFE, 0x07, 0xF8, 0x1E, 0x00, 0x78,
    0x07, 0x80, 0x3E, 0x01, 0xE0, 0x7B, 0x80, 0x78, 0x75, 0xE0, 0x1E, 0xB0, 0x78, 0x07, 0xF0, 0x1E,
    0x01, 0xF0, 0x07, 0x80, 0xB8, 0x02, 0xE0, 0xFF, 0xC3, 0xFF, 0x00, 0x01, 0x40, 0x50, 0x03, 0xC0,
    0xF0, 0x03, 0xC1, 0xE0, 0x00, 0x6A, 0x40, 0x00, 0x00, 0x00, 0x6A, 0x80, 0xAA, 0x7F, 0x80, 0xBD,
    0x0F, 0x00, 0x34, 0x0B, 0x40, 0xB0, 0x07, 0xC0, 0xD0, 0x03, 0xC1, 0xC0, 0x01, 0xE2, 0x80, 0x00,
    0xF3, 0x00, 0x00, 0xBE, 0x00, 0x00, 0x3D, 0x00, 0x00, 0x3C, 0x00, 0x00, 0x34, 0x00, 0x00, 0x70,
    0x00, 0xB8, 0xE0, 0x00, 0xBA, 0xC0, 0x00, 0x2E, 0x00, 0x00, 0x6A, 0x82, 0xAA, 0x1F, 0xE0, 0x7F,
    0x81, 0xE0, 0x07, 0x80, 0x78, 0x01, 0xE0, 0x1E, 0x00, 0x78, 0x07, 0x80, 0x1E, 0x01, 0xE0, 0x07,
    0x80, 0x78, 0x01, 0xE0, 0x1E, 0x00, 0x78, 0x0B, 0x80, 0x1F, 0x0F, 0xFF, 0xFF, 0xF0, 0x00, 0xF0,
    0x00, 0x00, 0x2C, 0x00, 0x00, 0x07, 0x00, 0x00, 0x00, 0x00, 0x00, 0x00, 0x00, 0x0C, 0x00, 0x00,
    0x2C, 0x00, 0x00, 0x38, 0x6A, 0xAA, 0xF4, 0x6F, 0xAA, 0xA0, 0x0F, 0x00, 0x00, 0x0F, 0x00, 0x00,
    0x0F, 0x00, 0x00, 0x0F, 0x00, 0x00, 0x0F, 0x00, 0x00, 0x0F, 0x00, 0x00, 0x0F, 0x00, 0x00, 0x0F,
    0x00, 0x00, 0x0F, 0x00, 0x00, 0x0F, 0x00, 0x00, 0x0F, 0x00, 0x00, 0x0F, 0x40, 0x00, 0xBF, 0xF4,
    0x00, 0x00, 0x00, 0x00, 0x00, 0xD0, 0x00, 0x35, 0xAA, 0xBC, 0xBF, 0xAA, 0x07, 0x80, 0x01, 0xE0,
    0x00, 0x78, 0x00, 0x1E, 0x00, 0x07, 0x80, 0x01, 0xE0, 0x00, 0x78, 0x00, 0x2F, 0x00, 0x3F, 0xFC,
    0x00, 0x6A, 0xA0, 0x1A, 0xA1, 0xFF, 0x40, 0x6F, 0x80, 0xB8, 0x00, 0x74, 0x00, 0xF0, 0x03, 0x80,
    0x01, 0xF0, 0x1C, 0x00, 0x03, 0xD0, 0xD0, 0x00, 0x03, 0xCB, 0x00, 0x00, 0x0B, 0xF0, 0x00, 0x00,
    0x0F, 0x80, 0x00, 0x00, 0x2D, 0x00, 0x00, 0x01, 0xF9, 0x00, 0x00, 0x1F, 0xFC, 0x00, 0x00, 0x0B,
    0x40, 0x00, 0x00, 0x3E, 0x00, 0x00, 0x0B, 0xFF, 0x40, 0x00, 0x2A, 0xA0, 0x6A, 0x4B, 0xF4, 0x1F,
    0xD0, 0xB8, 0x01, 0xC0, 0x0F, 0x00, 0xA0, 0x02, 0xD0, 0x34, 0x00, 0x78, 0x1C, 0x00, 0x0F, 0x0E,
    0x00, 0x02, 0xD3, 0x00, 0x00, 0x3E, 0x80, 0x00, 0x0F, 0xD0, 0x00, 0x01, 0xF0, 0x00, 0x01, 0x7D,
    0x00, 0x00, 0xFF, 0xE0, 0x00, 0x03, 0xC0, 0x00, 0x0B, 0xF9, 0x00, 0x02, 0xAA, 0x40, 0x55, 0x55,
    0x52, 0xFF, 0xFF, 0xC0, 0x55, 0x55, 0x55, 0x55, 0x55, 0x2F, 0xFF, 0xFF, 0xFF, 0xFF, 0xD0, 0x00,
    0x06, 0x1C, 0x34, 0x3E, 0x3F, 0x04, 0x2D, 0x3F, 0x1F, 0x09, 0x2C, 0x10, 0x04, 0x3E, 0x3F, 0x0A,
    0x0C, 0x30, 0x00, 0x00, 0x00, 0x01, 0x80, 0x81, 0xC0, 0xC0, 0xD0, 0x90, 0x3E, 0x3F, 0x0F, 0xCF,
    0xC0, 0x40, 0x40, 0x2D, 0x1D, 0x0F, 0xCF, 0xC1, 0xF1, 0xF0, 0x24, 0x28, 0x2C, 0x1C, 0x04, 0x04,
    0x00, 0x14, 0x04, 0x3E, 0x3E, 0x3F, 0x3F, 0x09, 0x0A, 0x1C, 0x0C, 0x30, 0x30, 0x00, 0x00, 0x09,
    0x03, 0xFC, 0x7F, 0xC3, 0xFC, 0x1A, 0x00, 0x1D, 0x00, 0xA0, 0x02, 0x83, 0xF0, 0x1F, 0x80, 0xBD,
    0x3F, 0x00, 0xF8, 0x0B, 0xC0, 0x40, 0x01, 0x00, 0x10, 0x32, 0xDB, 0x34, 0x80, 0x30, 0xAB, 0x4E,
    0xB1, 0xDD, 0x1C, 0x81, 0x40, 0x01, 0x41, 0xC1, 0xD1, 0xF0, 0xF4, 0x1F, 0x01, 0xE0, 0x1D, 0x01,
    0x40, 0x20, 0x03, 0xC0, 0x0F, 0x00, 0x7C, 0x03, 0xD0, 0x78, 0x0E, 0x03, 0x80, 0x20, 0x00, 0x00,
    0x00, 0x30, 0x00, 0x02, 0x80, 0x00, 0x1C, 0x00, 0x00, 0xE0, 0x00, 0x07, 0x00, 0x00, 0x34, 0x00,
    0x02, 0xC0, 0x00, 0x0C, 0x00, 0x00, 0xA0, 0x00, 0x07, 0x00, 0x00, 0x38, 0x00, 0x01, 0xC0, 0x00,
    0x0D, 0x00, 0x00, 0xB0, 0x00, 0x03, 0x00, 0x00, 0x04, 0x00, 0x00, 0x00, 0x1B, 0xE6, 0x40, 0x2E,
    0x57, 0xD0, 0x2D, 0x00, 0x38, 0x0F, 0x00, 0x07, 0x0B, 0x80, 0x00, 0x07, 0xE5, 0x50, 0x07, 0xFF,
    0xF8, 0x00, 0x3C, 0x00, 0x00, 0xAF, 0xAA, 0x40, 0x1B, 0xEA, 0x90, 0x00, 0xB4, 0x00, 0x00, 0x1F,
    0x00, 0x02, 0x03, 0xD0, 0x02, 0x80, 0x3D, 0x02, 0xE0, 0x03, 0xFF, 0xF4, 0x00, 0x05, 0x04, 0x01,
    0x40, 0x1F, 0xF0, 0x7F, 0xFC, 0x53, 0x88, 0x03, 0x80, 0x03, 0x80, 0x03, 0x80, 0x03, 0x80, 0x03,
    0x80, 0x03, 0x80, 0x01, 0x40, 0x02, 0x80, 0x03, 0x80, 0x03, 0x80, 0x03, 0x80, 0x03, 0x80, 0x03,
    0x80, 0x03, 0x80, 0x63, 0x8D, 0x3F, 0xFC, 0x0B, 0xE0, 0x00, 0x00, 0x7F, 0xFF, 0xD1, 0x55, 0x54,
    0x00, 0x00, 0x90, 0x00, 0x1C, 0x00, 0x03, 0x80, 0x00, 0x70, 0x00, 0x0D, 0x00, 0x01, 0xC0, 0x00,
    0x34, 0x00, 0x0B, 0x00, 0x00, 0xD0, 0x00, 0x2C, 0x00, 0x03, 0x00, 0x00, 0xA0, 0x00, 0x0C, 0x00,
    0x02, 0x80, 0x00, 0x70, 0x00, 0x00, 0x00, 0x00,
};

static const EpdGlyph PROGMEM literata_10_2bGlyphs[] = {
    { 0, 0, 4, 0, 0, 0, 0 }, //  
    { 4, 16, 7, 1, 15, 16, 0 }, // !
    { 6, 6, 8, 1, 17, 9, 16 }, // "
    { 14, 12, 14, 0, 12, 42, 25 }, // #
    { 11, 19, 12, 1, 17, 53, 67 }, // $
    { 17, 14, 18, 0, 13, 60, 120 }, // %
    { 16, 16, 17, 1, 15, 64, 180 }, // &
    { 3, 6, 5, 1, 17, 5, 244 }, // '
    { 6, 23, 7, 1, 18, 35, 249 }, // (
    { 6, 23, 7, 0, 18, 35, 284 }, // )
    { 8, 9, 9, 1, 17, 18, 319 }, // *
    { 10, 10, 12, 1, 11, 25, 337 }, // +
    { 5, 7, 7, 1, 3, 9, 362 }, // ,
    { 7, 2, 7, 0, 7, 4, 371 }, // -
    { 5, 4, 7, 1, 3, 5, 375 }, // .
    { 9, 20, 9, 0, 17, 45, 380 }, // /
    { 12, 16, 12, 0, 15, 48, 425 }, // 0
    { 8, 15, 8, 0, 15, 30, 473 }, // 1
    { 10, 15, 11, 0, 15, 38, 503 }, // 2
    { 11, 16, 11, 0, 15, 44, 541 }, // 3
    { 12, 15, 11, 0, 15, 45, 585 }, // 4
    { 10, 16, 11, 0, 15, 40, 630 }, // 5
    { 11, 16, 11, 0, 15, 44, 670 }, // 6
    { 11, 16, 11, 0, 15, 44, 714 }, // 7
    { 11, 16, 11, 0, 15, 44, 758 }, // 8
    { 11, 16, 11, 0, 15, 44, 802 }, // 9
    { 5, 12, 7, 1, 11, 15, 846 }, // :
    { 5, 15, 7, 1, 11, 19, 861 }, // ;
    { 9, 12, 12, 1, 12, 27, 880 }, // <
    { 10, 6, 12, 1, 9, 15, 907 }, // =
    { 9, 12, 12, 2, 12, 27, 922 }, // >
    { 9, 16, 11, 1, 15, 36, 949 }, // ?
    { 16, 16, 18, 1, 12, 64, 985 }, // @
    { 15, 15, 15, 0, 15, 57, 1049 }, // A
    { 12, 15, 14, 1, 15, 45, 1106 }, // B
    { 13, 16, 15, 1, 15, 52, 1151 }, // C
    { 14, 15, 16, 1, 15, 53, 1203 }, // D
    { 12, 15, 13, 1, 15, 45, 1256 }, // E
    { 11, 15, 13, 1, 15, 42, 1301 }, // F
    { 14, 16, 16, 1, 15, 56, 1343 }, // G
    { 16, 15, 17, 1, 15, 60, 1399 }, // H
    { 7, 15, 9, 1, 15, 27, 1459 }, // I
    { 11, 16, 12, 0, 15, 44, 1486 }, // J
    { 15, 16, 16, 1, 15, 60, 1530 }, // K
    { 11, 15, 13, 1, 15, 42, 1590 }, // L
    { 19, 15, 21, 1, 15, 72, 1632 }, // M
    { 16, 15, 17, 1, 15, 60, 1704 }, // N
    { 14, 16, 16, 1, 15, 56, 1764 }, // O
    { 12, 15, 13, 1, 15, 45, 1820 }, // P
    { 18, 19, 16, 1, 15, 86, 1865 }, // Q
    { 14, 16, 15, 1, 15, 56, 1951 }, // R
    { 11, 16, 12, 1, 15, 44, 2007 }, // S
    { 15, 15, 15, 0, 15, 57, 2051 }, // T
    { 15, 16, 17, 1, 15, 60, 2108 }, // U
    { 15, 15, 15, 0, 15, 57, 2168 }, // V
    { 23, 15, 23, 0, 15, 87, 2225 }, // W
    { 15, 15, 15, 0, 15, 57, 2312 }, // X
    { 15, 15, 15, 0, 15, 57, 2369 }, // Y
    { 12, 15, 14, 1, 15, 45, 2426 }, // Z
    { 5, 22, 7, 2, 17, 28, 2471 }, // [
    { 9, 20, 9, 0, 17, 45, 2499 }, // <backslash>
    { 5, 22, 7, 0, 17, 28, 2544 }, // ]
    { 11, 8, 12, 1, 15, 22, 2572 }, // ^
    { 10, 2, 10, 0, 0, 5, 2594 }, // _
    { 5, 5, 10, 2, 17, 7, 2599 }, // `
    { 11, 12, 11, 1, 11, 33, 2606 }, // a
    { 12, 17, 13, 0, 16, 51, 2639 }, // b
    { 10, 12, 10, 0, 11, 30, 2690 }, // c
    { 13, 17, 13, 0, 16, 56, 2720 }, // d
    { 11, 12, 11, 0, 11, 33, 2776 }, // e
    { 10, 17, 8, 0, 17, 43, 2809 }, // f
    { 12, 18, 12, 0, 13, 54, 2852 }, // g
    { 14, 16, 14, 0, 16, 56, 2906 }, // h
    { 7, 16, 7, 0, 16, 28, 2962 }, // i
    { 5, 21, 6, 0, 16, 27, 2990 }, // j
    { 13, 17, 13, 0, 16, 56, 3017 }, // k
    { 7, 16, 7, 0, 16, 28, 3073 }, // l
    { 20, 11, 20, 0, 11, 55, 3101 }, // m
    { 14, 11, 14, 0, 11, 39, 3156 }, // n
    { 12, 12, 12, 0, 11, 36, 3195 }, // o
    { 12, 16, 13, 0, 11, 48, 3231 }, // p
    { 13, 16, 13, 0, 11, 52, 3279 }, // q
    { 10, 11, 10, 0, 11, 28, 3331 }, // r
    { 8, 12, 9, 1, 11, 24, 3359 }, // s
    { 9, 16, 8, 0, 15, 36, 3383 }, // t
    { 13, 12, 13, 0, 11, 39, 3419 }, // u
    { 13, 11, 12, 0, 11, 36, 3458 }, // v
    { 18, 11, 18, 0, 11, 50, 3494 }, // w
    { 12, 11, 12, 0, 11, 33, 3544 }, // x
    { 12, 16, 12, 0, 11, 48, 3577 }, // y
    { 10, 11, 10, 0, 11, 28, 3625 }, // z
    { 6, 23, 8, 1, 18, 35, 3653 }, // {
    { 2, 20, 9, 3, 17, 10, 3688 }, // |
    { 7, 23, 8, 0, 18, 41, 3698 }, // }
    { 10, 3, 12, 1, 8, 8, 3739 }, // ~
    { 0, 0, 4, 0, 0, 0, 3747 }, //  
    { 4, 16, 7, 1, 11, 16, 3747 }, // ¡
    { 10, 15, 10, 0, 14, 38, 3763 }, // ¢
    { 11, 15, 11, 0, 15, 42, 3801 }, // £
    { 10, 10, 11, 1, 12, 25, 3843 }, // ¤
    { 15, 15, 15, 0, 15, 57, 3868 }, // ¥
    { 2, 20, 9, 3, 17, 10, 3925 }, // ¦
    { 11, 19, 13, 1, 15, 53, 3935 }, // §
    { 8, 4, 10, 1, 16, 8, 3988 }, // ¨
    { 15, 15, 17, 1, 14, 57, 3996 }, // ©
    { 9, 9, 9, 0, 16, 21, 4053 }, // ª
    { 9, 9, 10, 1, 10, 21, 4074 }, // «
    { 10, 5, 12, 1, 8, 13, 4095 }, // ¬
    { 0, 0, 0, 0, 0, 0, 4108 }, // ­
    { 8, 8, 10, 1, 16, 16, 4108 }, // ®
    { 7, 2, 10, 2, 15, 4, 4124 }, // ¯
    { 6, 6, 7, 0, 17, 9, 4128 }, // °
    { 10, 11, 12, 1, 11, 28, 4137 }, // ±
    { 8, 11, 8, 0, 18, 22, 4165 }, // ²
    { 8, 11, 9, 0, 18, 22, 4187 }, // ³
    { 5, 5, 10, 3, 17, 7, 4209 }, // ´
    { 12, 16, 13, 1, 11, 48, 4216 }, // µ
    { 11, 18, 12, 1, 15, 50, 4264 }, // ¶
    { 5, 4, 7, 1, 8, 5, 4314 }, // ·
    { 6, 6, 10, 2, 1, 9, 4319 }, // ¸
    { 7, 11, 7, 0, 18, 20, 4328 }, // ¹
    { 9, 9, 9, 0, 16, 21, 4348 }, // º
    { 10, 9, 10, 0, 10, 23, 4369 }, // »
    { 19, 17, 19, 0, 16, 81, 4392 }, // ¼
    { 20, 17, 20, 0, 16, 85, 4473 }, // ½
    { 20, 16, 20, 0, 15, 80, 4558 }, // ¾
    { 9, 16, 11, 1, 11, 36, 4638 }, // ¿
    { 15, 20, 15, 0, 20, 75, 4674 }, // À
    { 15, 20, 15, 0, 20, 75, 4749 }, // Á
    { 15, 20, 15, 0, 20, 75, 4824 }, // Â
    { 15, 19, 15, 0, 19, 72, 4899 }, // Ã
    { 15, 19, 15, 0, 19, 72, 4971 }, // Ä
    { 15, 20, 15, 0, 20, 75, 5043 }, // Å
    { 20, 15, 21, 0, 15, 75, 5118 }, // Æ
    { 13, 20, 15, 1, 15, 65, 5193 }, // Ç
    { 12, 20, 13, 1, 20, 60, 5258 }, // È
    { 12, 20, 13, 1, 20, 60, 5318 }, // É
    { 12, 20, 13, 1, 20, 60, 5378 }, // Ê
    { 12, 19, 13, 1, 19, 57, 5438 }, // Ë
    { 7, 20, 9, 1, 20, 35, 5495 }, // Ì
    { 7, 20, 9, 1, 20, 35, 5530 }, // Í
    { 8, 20, 9, 0, 20, 40, 5565 }, // Î
    { 8, 19, 9, 0, 19, 38, 5605 }, // Ï
    { 15, 15, 16, 0, 15, 57, 5643 }, // Ð
    { 16, 19, 17, 1, 19, 76, 5700 }, // Ñ
    { 14, 21, 16, 1, 20, 74, 5776 }, // Ò
    { 14, 21, 16, 1, 20, 74, 5850 }, // Ó
    { 14, 21, 16, 1, 20, 74, 5924 }, // Ô
    { 14, 20, 16, 1, 19, 70, 5998 }, // Õ
    { 14, 20, 16, 1, 19, 70, 6068 }, // Ö
    { 8, 9, 12, 2, 11, 18, 6138 }, // ×
    { 16, 16, 16, 0, 15, 64, 6156 }, // Ø
    { 15, 21, 17, 1, 20, 79, 6220 }, // Ù
    { 15, 21, 17, 1, 20, 79, 6299 }, // Ú
    { 15, 21, 17, 1, 20, 79, 6378 }, // Û
    { 15, 20, 17, 1, 19, 75, 6457 }, // Ü
    { 15, 20, 15, 0, 20, 75, 6532 }, // Ý
    { 12, 15, 13, 1, 15, 45, 6607 }, // Þ
    { 14, 18, 14, 0, 17, 63, 6652 }, // ß
    { 11, 18, 11, 1, 17, 50, 6715 }, // à
    { 11, 18, 11, 1, 17, 50, 6765 }, // á
    { 11, 18, 11, 1, 17, 50, 6815 }, // â
    { 11, 17, 11, 1, 16, 47, 6865 }, // ã
    { 11, 17, 11, 1, 16, 47, 6912 }, // ä
    { 11, 18, 11, 1, 17, 50, 6959 }, // å
    { 15, 12, 17, 1, 11, 45, 7009 }, // æ
    { 10, 16, 10, 0, 11, 40, 7054 }, // ç
    { 11, 18, 11, 0, 17, 50, 7094 }, // è
    { 11, 18, 11, 0, 17, 50, 7144 }, // é
    { 11, 18, 11, 0, 17, 50, 7194 }, // ê
    { 11, 17, 11, 0, 16, 47, 7244 }, // ë
    { 7, 17, 7, 0, 17, 30, 7291 }, // ì
    { 7, 17, 7, 0, 17, 30, 7321 }, // í
    { 8, 17, 7, -1, 17, 34, 7351 }, // î
    { 8, 16, 7, -1, 16, 32, 7385 }, // ï
    { 12, 18, 12, 0, 17, 54, 7417 }, // ð
    { 14, 16, 14, 0, 16, 56, 7471 }, // ñ
    { 12, 18, 12, 0, 17, 54, 7527 }, // ò
    { 12, 18, 12, 0, 17, 54, 7581 }, // ó
    { 12, 18, 12, 0, 17, 54, 7635 }, // ô
    { 12, 17, 12, 0, 16, 51, 7689 }, // õ
    { 12, 17, 12, 0, 16, 51, 7740 }, // ö
    { 10, 10, 12, 1, 11, 25, 7791 }, // ÷
    { 13, 12, 12, -1, 11, 39, 7816 }, // ø
    { 13, 18, 13, 0, 17, 59, 7855 }, // ù
    { 13, 18, 13, 0, 17, 59, 7914 }, // ú
    { 13, 18, 13, 0, 17, 59, 7973 }, // û
    { 13, 17, 13, 0, 16, 56, 8032 }, // ü
    { 12, 22, 12, 0, 17, 66, 8088 }, // ý
    { 12, 21, 13, 0, 16, 63, 8154 }, // þ
    { 12, 21, 12, 0, 16, 63, 8217 }, // ÿ
    { 15, 20, 15, 0, 20, 75, 8280 }, // Ă
    { 7, 11, 7, 0, 11, 20, 8355 }, // ı
    { 21, 16, 23, 1, 15, 84, 8375 }, // Œ
    { 19, 12, 19, 0, 11, 57, 8459 }, // œ
    { 5, 5, 0, -3, 17, 7, 8516 }, // ̀
    { 5, 5, 0, -2, 17, 7, 8523 }, // ́
    { 8, 4, 0, -4, 16, 8, 8530 }, // ̃
    { 6, 2, 0, -3, 15, 3, 8538 }, // ̄
    { 8, 4, 0, -4, 16, 8, 8541 }, // ̈
    { 6, 6, 0, -3, 17, 9, 8549 }, // ̉
    { 4, 4, 0, -2, -1, 4, 8558 }, // ̣
    { 12, 19, 13, 1, 19, 57, 8562 }, // Ё
    { 17, 18, 17, 0, 15, 77, 8619 }, // Ђ
    { 11, 20, 13, 1, 20, 55, 8696 }, // Ѓ
    { 13, 16, 14, 1, 15, 52, 8751 }, // Є
    { 11, 16, 12, 1, 15, 44, 8803 }, // Ѕ
    { 7, 15, 9, 1, 15, 27, 8847 }, // І
    { 8, 19, 9, 0, 19, 38, 8874 }, // Ї
    { 11, 16, 12, 0, 15, 44, 8912 }, // Ј
    { 21, 16, 21, 0, 15, 84, 8956 }, // Љ
    { 21, 15, 22, 1, 15, 79, 9040 }, // Њ
    { 19, 15, 19, 0, 15, 72, 9119 }, // Ћ
    { 14, 21, 15, 1, 20, 74, 9191 }, // Ќ
    { 16, 20, 18, 1, 20, 80, 9265 }, // Ѝ
    { 15, 21, 14, 0, 20, 79, 9345 }, // Ў
    { 16, 19, 18, 1, 15, 76, 9424 }, // Џ
    { 15, 15, 15, 0, 15, 57, 9500 }, // А
    { 12, 15, 14, 1, 15, 45, 9557 }, // Б
    { 12, 15, 14, 1, 15, 45, 9602 }, // В
    { 11, 15, 13, 1, 15, 42, 9647 }, // Г
    { 15, 19, 15, 0, 15, 72, 9689 }, // Д
    { 12, 15, 13, 1, 15, 45, 9761 }, // Е
    { 22, 16, 21, 0, 15, 88, 9806 }, // Ж
    { 12, 16, 12, 0, 15, 48, 9894 }, // З
    { 16, 15, 18, 1, 15, 60, 9942 }, // И
    { 16, 20, 18, 1, 20, 80, 10002 }, // Й
    { 14, 16, 15, 1, 15, 56, 10082 }, // К
    { 15, 16, 16, 0, 15, 60, 10138 }, // Л
    { 19, 15, 21, 1, 15, 72, 10198 }, // М
    { 16, 15, 17, 1, 15, 60, 10270 }, // Н
    { 14, 16, 16, 1, 15, 56, 10330 }, // О
    { 16, 15, 17, 1, 15, 60, 10386 }, // П
    { 12, 15, 13, 1, 15, 45, 10446 }, // Р
    { 13, 16, 15, 1, 15, 52, 10491 }, // С
    { 15, 15, 15, 0, 15, 57, 10543 }, // Т
    { 15, 16, 14, 0, 15, 60, 10600 }, // У
    { 17, 17, 17, 0, 16, 73, 10660 }, // Ф
    { 15, 15, 15, 0, 15, 57, 10733 }, // Х
    { 16, 19, 18, 1, 15, 76, 10790 }, // Ц
    { 15, 15, 16, 0, 15, 57, 10866 }, // Ч
    { 22, 15, 24, 1, 15, 83, 10923 }, // Ш
    { 23, 19, 24, 1, 15, 110, 11006 }, // Щ
    { 15, 15, 16, 0, 15, 57, 11116 }, // Ъ
    { 19, 15, 20, 1, 15, 72, 11173 }, // Ы
    { 12, 15, 14, 1, 15, 45, 11245 }, // Ь
    { 13, 16, 14, 0, 15, 52, 11290 }, // Э
    { 21, 16, 23, 1, 15, 84, 11342 }, // Ю
    { 14, 16, 15, 0, 15, 56, 11426 }, // Я
    { 11, 12, 11, 1, 11, 33, 11482 }, // а
    { 11, 18, 12, 1, 17, 50, 11515 }, // б
    { 10, 11, 12, 1, 11, 28, 11565 }, // в
    { 9, 11, 10, 1, 11, 25, 11593 }, // г
    { 12, 15, 12, 0, 11, 45, 11618 }, // д
    { 11, 12, 11, 0, 11, 33, 11663 }, // е
    { 18, 12, 18, 0, 11, 54, 11696 }, // ж
    { 9, 12, 10, 1, 11, 27, 11750 }, // з
    { 13, 11, 14, 1, 11, 36, 11777 }, // и
    { 13, 16, 14, 1, 16, 52, 11813 }, // й
    { 12, 12, 12, 1, 11, 36, 11865 }, // к
    { 12, 12, 13, 0, 11, 36, 11901 }, // л
    { 15, 11, 16, 0, 11, 42, 11937 }, // м
    { 13, 11, 14, 1, 11, 36, 11979 }, // н
    { 12, 12, 12, 0, 11, 36, 12015 }, // о
    { 13, 11, 14, 1, 11, 36, 12051 }, // п
    { 12, 16, 13, 0, 11, 48, 12087 }, // р
    { 10, 12, 10, 0, 11, 30, 12135 }, // с
    { 12, 11, 12, 0, 11, 33, 12165 }, // т
    { 12, 16, 12, 0, 11, 48, 12198 }, // у
    { 17, 21, 17, 0, 16, 90, 12246 }, // ф
    { 12, 11, 12, 0, 11, 33, 12336 }, // х
    { 13, 15, 14, 1, 11, 49, 12369 }, // ц
    { 13, 11, 13, 0, 11, 36, 12418 }, // ч
    { 19, 11, 20, 1, 11, 53, 12454 }, // ш
    { 19, 15, 20, 1, 11, 72, 12507 }, // щ
    { 13, 11, 13, 0, 11, 36, 12579 }, // ъ
    { 16, 11, 17, 1, 11, 44, 12615 }, // ы
    { 10, 11, 11, 1, 11, 28, 12659 }, // ь
    { 9, 12, 11, 1, 11, 27, 12687 }, // э
    { 17, 12, 18, 1, 11, 51, 12714 }, // ю
    { 12, 12, 13, 0, 11, 36, 12765 }, // я
    { 11, 17, 11, 0, 16, 47, 12801 }, // ё
    { 12, 21, 13, 0, 16, 63, 12848 }, // ђ
    { 9, 17, 10, 1, 17, 39, 12911 }, // ѓ
    { 10, 12, 10, 0, 11, 30, 12950 }, // є
    { 8, 12, 9, 1, 11, 24, 12980 }, // ѕ
    { 7, 16, 7, 0, 16, 28, 13004 }, // і
    { 8, 16, 7, -1, 16, 32, 13032 }, // ї
    { 5, 21, 6, 0, 16, 27, 13064 }, // ј
    { 17, 12, 17, 0, 11, 51, 13091 }, // љ
    { 17, 11, 18, 1, 11, 47, 13142 }, // њ
    { 14, 16, 14, 0, 16, 56, 13189 }, // ћ
    { 12, 18, 12, 1, 17, 54, 13245 }, // ќ
    { 13, 17, 14, 1, 17, 56, 13299 }, // ѝ
    { 12, 21, 12, 0, 16, 63, 13355 }, // ў
    { 13, 15, 14, 1, 11, 49, 13418 }, // џ
    { 12, 18, 12, 1, 18, 54, 13467 }, // Ґ
    { 9, 14, 9, 1, 14, 32, 13521 }, // ґ
    { 15, 15, 15, 0, 15, 57, 13553 }, // Ұ
    { 13, 16, 12, -1, 11, 52, 13610 }, // ұ
    { 0, 0, 3, 0, 0, 0, 13662 }, //  
    { 0, 0, 0, 0, 0, 0, 13662 }, // ​
    { 11, 2, 10, 0, 7, 6, 13662 }, // –
    { 21, 2, 21, 0, 7, 11, 13668 }, // —
    { 4, 7, 7, 1, 17, 7, 13679 }, // ‘
    { 4, 6, 7, 1, 16, 6, 13686 }, // ’
    { 4, 7, 7, 1, 3, 7, 13692 }, // ‚
    { 9, 7, 11, 1, 17, 16, 13699 }, // “
    { 9, 6, 11, 1, 16, 14, 13715 }, // ”
    { 8, 7, 9, 0, 3, 14, 13729 }, // „
    { 6, 5, 8, 1, 9, 8, 13743 }, // •
    { 18, 4, 18, 0, 3, 18, 13751 }, // …
    { 3, 5, 4, 1, 17, 4, 13769 }, // ′
    { 6, 5, 8, 1, 17, 8, 13773 }, // ″
    { 5, 9, 6, 1, 10, 12, 13781 }, // ‹
    { 6, 9, 6, 0, 10, 14, 13793 }, // ›
    { 11, 16, 5, -3, 15, 44, 13807 }, // ⁄
    { 13, 16, 14, 0, 15, 52, 13851 }, // €
    { 8, 11, 12, 2, 11, 22, 13903 }, // ↑
    { 8, 11, 12, 2, 11, 22, 13925 }, // ↓
    { 10, 2, 12, 1, 7, 5, 13947 }, // −
    { 10, 16, 12, 1, 15, 40, 13952 }, // ∕
};

static const EpdUnicodeInterval PROGMEM literata_10_2bIntervals[] = {
    { 0x20, 0x7E, 0x0 },
    { 0xA0, 0xFF, 0x5F },
    { 0x102, 0x102, 0xBF },
    { 0x131, 0x131, 0xC0 },
    { 0x152, 0x153, 0xC1 },
    { 0x300, 0x301, 0xC3 },
    { 0x303, 0x304, 0xC5 },
    { 0x308, 0x309, 0xC7 },
    { 0x323, 0x323, 0xC9 },
    { 0x401, 0x44F, 0xCA },
    { 0x451, 0x45F, 0x119 },
    { 0x490, 0x491, 0x128 },
    { 0x4B0, 0x4B1, 0x12A },
    { 0x2009, 0x2009, 0x12C },
    { 0x200B, 0x200B, 0x12D },
    { 0x2013, 0x2014, 0x12E },
    { 0x2018, 0x201A, 0x130 },
    { 0x201C, 0x201E, 0x133 },
    { 0x2022, 0x2022, 0x136 },
    { 0x2026, 0x2026, 0x137 },
    { 0x2032, 0x2033, 0x138 },
    { 0x2039, 0x203A, 0x13A },
    { 0x2044, 0x2044, 0x13C },
    { 0x20AC, 0x20AC, 0x13D },
    { 0x2191, 0x2191, 0x13E },
    { 0x2193, 0x2193, 0x13F },
    { 0x2212, 0x2212, 0x140 },
    { 0x2215, 0x2215, 0x141 },
};

static const EpdFontData literata_10_2b = {
    literata_10_2bBitmaps,
    literata_10_2bGlyphs,
    literata_10_2bIntervals,
    28,
    31,
    25,
    -7,
    true,
};
