/*
 * SIL OPEN FONT LICENSE 1.1 — bundled font notice (required by §56-61).
 *
 * Based on Literata by Type Network for Google Fonts. SIL OFL 1.1.
 * Full license: scripts/literata/OFL.txt
 *
 * Embedded in the snapix firmware as a derivative work — format conversion
 * (TTF → C array) is permitted under OFL §39-42.
 */
/**
 * generated by fontconvert.py
 * name: literata_12_2b
 * size: 12
 * mode: 2-bit
 */
#pragma once
#include "EpdFontData.h"

static const uint8_t PROGMEM literata_12_2bBitmaps[19706] = {
    0x2C, 0xBE, 0xBE, 0xBE, 0x7D, 0x3C, 0x3C, 0x3C, 0x3C, 0x3C, 0x28, 0x28, 0x28, 0x00, 0x00, 0x7D,
    0xBE, 0x7D, 0x00, 0x14, 0x14, 0xF1, 0xF3, 0xC7, 0x8F, 0x0E, 0x38, 0x34, 0x90, 0xC0, 0x00, 0x00,
    0x00, 0x30, 0x06, 0x00, 0x01, 0xC0, 0x1C, 0x00, 0x0B, 0x00, 0xA0, 0x05, 0x7D, 0x57, 0xD5, 0x3F,
    0xFF, 0xFF, 0xF4, 0x03, 0x40, 0x34, 0x00, 0x0C, 0x00, 0xC0, 0x00, 0x70, 0x07, 0x00, 0x01, 0xC0,
    0x2C, 0x02, 0xFF, 0xFF, 0xFF, 0x85, 0x79, 0x57, 0x95, 0x00, 0xD0, 0x0D, 0x00, 0x03, 0x00, 0x30,
    0x00, 0x1C, 0x01, 0xC0, 0x00, 0x00, 0x0C, 0x00, 0x00, 0x03, 0x00, 0x00, 0x1B, 0xE4, 0xD0, 0x2F,
    0xBB, 0xF8, 0x2F, 0x0C, 0x3E, 0x0F, 0x43, 0x07, 0x83, 0xD0, 0xC0, 0xF0, 0xF8, 0x30, 0x00, 0x3F,
    0x4C, 0x00, 0x07, 0xFF, 0x00, 0x00, 0x7F, 0xF8, 0x00, 0x02, 0xFF, 0xE0, 0x00, 0x0F, 0xFE, 0x00,
    0x03, 0x1F, 0xC0, 0x00, 0xC1, 0xF6, 0xC0, 0x30, 0x3C, 0xB8, 0x0C, 0x0F, 0x2F, 0x43, 0x0B, 0x87,
    0xFA, 0xDB, 0xC1, 0xCB, 0xFF, 0x80, 0x00, 0x1D, 0x00, 0x00, 0x03, 0x00, 0x00, 0x00, 0x40, 0x00,
    0x0B, 0xE0, 0x00, 0x38, 0x00, 0x3E, 0xBD, 0x00, 0xB0, 0x00, 0xB4, 0x1F, 0x01, 0xE0, 0x00, 0xF0,
    0x0F, 0x03, 0xC0, 0x00, 0xF0, 0x0F, 0x07, 0x40, 0x00, 0xB4, 0x0E, 0x0F, 0x00, 0x00, 0x3D, 0x7D,
    0x2C, 0x00, 0x00, 0x1F, 0xF4, 0x38, 0x1A, 0x80, 0x00, 0x00, 0xF0, 0xBE, 0xF0, 0x00, 0x01, 0xD1,
    0xE0, 0x7C, 0x00, 0x03, 0xC2, 0xD0, 0x3C, 0x00, 0x0B, 0x02, 0xC0, 0x3C, 0x00, 0x0E, 0x02, 0xD0,
    0x3C, 0x00, 0x3C, 0x00, 0xF4, 0xB4, 0x00, 0x74, 0x00, 0x7F, 0xE0, 0x00, 0x50, 0x00, 0x05, 0x00,
    0x00, 0x6E, 0x40, 0x00, 0x00, 0x0B, 0xEB, 0xC0, 0x00, 0x00, 0x7C, 0x07, 0x40, 0x00, 0x02, 0xD0,
    0x0E, 0x00, 0x00, 0x0F, 0x40, 0x34, 0x00, 0x00, 0x2F, 0x02, 0xC0, 0x00, 0x00, 0x3E, 0x1E, 0x00,
    0xBE, 0x00, 0xBF, 0xD0, 0x0F, 0xFC, 0x00, 0xFE, 0x00, 0x70, 0xE0, 0x2E, 0xBE, 0x03, 0x40, 0x02,
    0xE0, 0xBE, 0x1C, 0x00, 0x0F, 0x00, 0xBE, 0xA0, 0x00, 0xBC, 0x00, 0xBF, 0x80, 0x02, 0xF0, 0x00,
    0xBE, 0x00, 0x0B, 0xC0, 0x00, 0xFE, 0x00, 0x0F, 0x80, 0x03, 0xFF, 0x5C, 0x2F, 0x90, 0x78, 0xBF,
    0xE0, 0x1F, 0xFF, 0x80, 0x2D, 0x00, 0x01, 0x40, 0x00, 0x00, 0x00, 0x14, 0x3C, 0x3C, 0x3C, 0x38,
    0x24, 0x00, 0x00, 0x00, 0x00, 0xD0, 0x0B, 0x00, 0x74, 0x03, 0xC0, 0x1E, 0x00, 0xF4, 0x03, 0xC0,
    0x1E, 0x00, 0xB8, 0x03, 0xD0, 0x0F, 0x40, 0x3C, 0x00, 0xF0, 0x03, 0xD0, 0x0F, 0x40, 0x3D, 0x00,
    0xB8, 0x01, 0xF0, 0x03, 0xC0, 0x0F, 0x40, 0x1E, 0x00, 0x3C, 0x00, 0x78, 0x00, 0xB0, 0x00, 0xD0,
    0x00, 0x00, 0x00, 0x00, 0xD0, 0x02, 0xC0, 0x03, 0xC0, 0x0B, 0x40, 0x1F, 0x00, 0x3C, 0x00, 0xB8,
    0x01, 0xF0, 0x07, 0xC0, 0x0F, 0x00, 0x3D, 0x00, 0xF4, 0x03, 0xD0, 0x0F, 0x40, 0x3D, 0x00, 0xF0,
    0x07, 0xC0, 0x2E, 0x00, 0xF4, 0x03, 0xC0, 0x1E, 0x00, 0xF0, 0x03, 0x40, 0x2C, 0x00, 0xC0, 0x00,
    0x00, 0x00, 0x00, 0x40, 0x00, 0x38, 0x02, 0x0D, 0x15, 0xF3, 0x3E, 0x1B, 0xF9, 0x01, 0xFD, 0x07,
    0xDD, 0xF5, 0xD3, 0x4E, 0x01, 0xD0, 0x00, 0x30, 0x00, 0x00, 0x00, 0x00, 0x00, 0x2C, 0x00, 0x00,
    0x2C, 0x00, 0x00, 0x2C, 0x00, 0x00, 0x2C, 0x00, 0x15, 0x7D, 0x55, 0x3F, 0xFF, 0xFE, 0x00, 0x2C,
    0x00, 0x00, 0x2C, 0x00, 0x00, 0x2C, 0x00, 0x00, 0x2C, 0x00, 0x00, 0x2C, 0x00, 0x00, 0x1F, 0x8F,
    0xF1, 0xFC, 0x0F, 0x03, 0x43, 0xC2, 0x80, 0x00, 0x00, 0x00, 0x03, 0xFF, 0xFF, 0xFF, 0x80, 0x04,
    0x1F, 0x8B, 0xF1, 0xFC, 0x14, 0x00, 0x00, 0x00, 0x00, 0x00, 0x02, 0xC0, 0x00, 0x0E, 0x00, 0x00,
    0x74, 0x00, 0x02, 0xC0, 0x00, 0x0E, 0x00, 0x00, 0x70, 0x00, 0x02, 0xC0, 0x00, 0x0D, 0x00, 0x00,
    0x70, 0x00, 0x03, 0xC0, 0x00, 0x0D, 0x00, 0x00, 0x70, 0x00, 0x03, 0x80, 0x00, 0x0D, 0x00, 0x00,
    0xB0, 0x00, 0x03, 0x80, 0x00, 0x1D, 0x00, 0x00, 0xB0, 0x00, 0x03, 0x80, 0x00, 0x1C, 0x00, 0x00,
    0xB0, 0x00, 0x03, 0x80, 0x00, 0x1C, 0x00, 0x00, 0x00, 0x2F, 0x90, 0x00, 0x1F, 0xAF, 0xC0, 0x07,
    0xC0, 0x2F, 0x00, 0xF4, 0x00, 0xF4, 0x1F, 0x00, 0x0B, 0xC2, 0xE0, 0x00, 0x7D, 0x3E, 0x00, 0x03,
    0xD3, 0xD0, 0x00, 0x3E, 0x3D, 0x00, 0x03, 0xE3, 0xD0, 0x00, 0x3E, 0x3D, 0x00, 0x03, 0xE3, 0xE0,
    0x00, 0x3D, 0x3E, 0x00, 0x03, 0xC2, 0xF0, 0x00, 0x7C, 0x0F, 0x40, 0x0B, 0x80, 0xBC, 0x01, 0xF0,
    0x03, 0xF5, 0x7C, 0x00, 0x0B, 0xFF, 0x00, 0x00, 0x05, 0x00, 0x00, 0x01, 0xA4, 0x03, 0xFF, 0x80,
    0x16, 0xF8, 0x00, 0x0F, 0x80, 0x00, 0xF8, 0x00, 0x0F, 0x80, 0x00, 0xF8, 0x00, 0x0F, 0x80, 0x00,
    0xF8, 0x00, 0x0F, 0x80, 0x00, 0xF8, 0x00, 0x0F, 0x80, 0x00, 0xF8, 0x00, 0x0F, 0x80, 0x00, 0xF8,
    0x00, 0x0F, 0x80, 0x16, 0xFE, 0x43, 0xFF, 0xFE, 0x01, 0xBE, 0x40, 0x0F, 0xFF, 0xF0, 0x3D, 0x01,
    0xF8, 0x7D, 0x00, 0xBC, 0x3E, 0x00, 0x7D, 0x14, 0x00, 0x7D, 0x00, 0x00, 0x7C, 0x00, 0x00, 0xFC,
    0x00, 0x01, 0xF0, 0x00, 0x03, 0xE0, 0x00, 0x0F, 0x80, 0x00, 0x2F, 0x00, 0x00, 0xBC, 0x00, 0x02,
    0xF0, 0x0A, 0x07, 0xC0, 0x0E, 0x1F, 0x40, 0x7E, 0x3F, 0xFF, 0xFD, 0x3F, 0xFF, 0xFD, 0x00, 0xBF,
    0x80, 0x02, 0xFF, 0xFD, 0x01, 0xF0, 0x0B, 0xC0, 0xBC, 0x00, 0xF4, 0x2F, 0x40, 0x3E, 0x01, 0x40,
    0x0F, 0x40, 0x00, 0x0B, 0xC0, 0x00, 0x07, 0xC0, 0x00, 0x2F, 0x80, 0x00, 0x0B, 0xFC, 0x00, 0x00,
    0x0B, 0xD0, 0x00, 0x00, 0xFC, 0x00, 0x00, 0x2F, 0x00, 0x00, 0x0B, 0xC2, 0x00, 0x03, 0xF0, 0xF4,
    0x02, 0xF8, 0x1F, 0xEB, 0xFC, 0x00, 0xFF, 0xF8, 0x00, 0x01, 0x40, 0x00, 0x00, 0x00, 0x64, 0x00,
    0x00, 0x2F, 0x80, 0x00, 0x03, 0xF8, 0x00, 0x00, 0xFF, 0x80, 0x00, 0x1D, 0xF8, 0x00, 0x03, 0x8F,
    0x80, 0x00, 0xF0, 0xF8, 0x00, 0x1D, 0x0F, 0x80, 0x03, 0x80, 0xF8, 0x00, 0xF0, 0x0F, 0x80, 0x1D,
    0x00, 0xF8, 0x03, 0x80, 0x0F, 0x80, 0xBF, 0xFF, 0xFF, 0xD6, 0xAA, 0xAF, 0xE8, 0x00, 0x00, 0xF8,
    0x00, 0x00, 0x0F, 0x80, 0x00, 0x06, 0xFD, 0x00, 0x03, 0xFF, 0xFC, 0x06, 0xAA, 0xA8, 0x0B, 0xFF,
    0xFC, 0x0B, 0xFF, 0xFC, 0x0F, 0x00, 0x00, 0x0E, 0x00, 0x00, 0x0E, 0x00, 0x00, 0x0D, 0x00, 0x00,
    0x0E, 0xBF, 0xD0, 0x1F, 0xEF, 0xF8, 0x09, 0x00, 0xFD, 0x00, 0x00, 0x3E, 0x00, 0x00, 0x3F, 0x00,
    0x00, 0x3F, 0x00, 0x00, 0x3E, 0x20, 0x00, 0x3E, 0x7C, 0x00, 0xFC, 0x2F, 0xEB, 0xF4, 0x07, 0xFF,
    0xD0, 0x00, 0x14, 0x00, 0x00, 0x0B, 0xF4, 0x00, 0x2F, 0xEF, 0xC0, 0x2F, 0x00, 0xF8, 0x1F, 0x00,
    0x7E, 0x0F, 0x40, 0x0A, 0x07, 0xC0, 0x00, 0x02, 0xF0, 0x10, 0x00, 0xF9, 0xFF, 0xD0, 0x3F, 0xE5,
    0xFD, 0x0F, 0xD0, 0x0B, 0xC3, 0xE0, 0x00, 0xF4, 0xF4, 0x00, 0x3D, 0x3D, 0x00, 0x0F, 0x4F, 0x40,
    0x03, 0xD2, 0xE0, 0x00, 0xF0, 0x3C, 0x00, 0xBC, 0x07, 0xD0, 0xBC, 0x00, 0x7F, 0xF8, 0x00, 0x00,
    0x40, 0x00, 0x2A, 0xAA, 0xAA, 0x1F, 0xFF, 0xFF, 0xC7, 0xFA, 0xAA, 0xF1, 0xE0, 0x00, 0x74, 0xB0,
    0x00, 0x78, 0x00, 0x00, 0x3C, 0x00, 0x00, 0x2D, 0x00, 0x00, 0x0F, 0x00, 0x00, 0x0B, 0x80, 0x00,
    0x03, 0xC0, 0x00, 0x02, 0xF0, 0x00, 0x00, 0xF8, 0x00, 0x00, 0x3D, 0x00, 0x00, 0x1F, 0x00, 0x00,
    0x0B, 0xC0, 0x00, 0x03, 0xF0, 0x00, 0x00, 0xFC, 0x00, 0x00, 0x3F, 0x00, 0x00, 0x00, 0x00, 0x00,
    0x00, 0x6F, 0x90, 0x00, 0xF9, 0xBF, 0x00, 0xF4, 0x03, 0xF0, 0x7C, 0x00, 0x7C, 0x2F, 0x00, 0x0F,
    0x07, 0xC0, 0x07, 0xC0, 0xFD, 0x03, 0xD0, 0x1F, 0xF7, 0xD0, 0x00, 0xFF, 0xE0, 0x00, 0xBA, 0xFF,
    0x00, 0xF8, 0x0B, 0xF0, 0xF8, 0x00, 0x7E, 0x3D, 0x00, 0x0F, 0xDF, 0x00, 0x02, 0xF3, 0xD0, 0x00,
    0xF8, 0xFC, 0x00, 0x3D, 0x1F, 0xD0, 0x7E, 0x00, 0xBF, 0xFD, 0x00, 0x00, 0x50, 0x00, 0x00, 0xBF,
    0x80, 0x01, 0xF9, 0xBD, 0x01, 0xF0, 0x07, 0xC0, 0xF4, 0x00, 0xB8, 0x3C, 0x00, 0x1F, 0x1F, 0x00,
    0x07, 0xC7, 0xC0, 0x01, 0xF1, 0xF0, 0x00, 0xBC, 0x3E, 0x00, 0x3F, 0x0B, 0xD0, 0x2F, 0xC0, 0xFF,
    0xFE, 0xF0, 0x06, 0xE4, 0xBC, 0x00, 0x00, 0x2F, 0x00, 0x00, 0x0F, 0x80, 0x00, 0x07, 0xC0, 0x90,
    0x03, 0xE0, 0x3F, 0xAB, 0xF0, 0x02, 0xFF, 0xE0, 0x00, 0x01, 0x40, 0x00, 0x00, 0x0F, 0x4B, 0xF2,
    0xFC, 0x28, 0x00, 0x00, 0x00, 0x00, 0x00, 0x00, 0x00, 0x41, 0xF8, 0xBF, 0x1F, 0xC1, 0x40, 0x00,
    0x1F, 0x4F, 0xF3, 0xF8, 0x28, 0x00, 0x00, 0x00, 0x00, 0x00, 0x00, 0x00, 0x01, 0xF8, 0xFF, 0x1F,
    0xC0, 0xF0, 0x34, 0x3C, 0x28, 0x00, 0x00, 0x00, 0x00, 0x00, 0x00, 0x01, 0xE0, 0x00, 0x2F, 0x00,
    0x07, 0xD0, 0x01, 0xF8, 0x00, 0x2F, 0x00, 0x03, 0xD0, 0x00, 0x0F, 0x80, 0x00, 0x07, 0xD0, 0x00,
    0x02, 0xF4, 0x00, 0x01, 0xF8, 0x00, 0x00, 0x7D, 0x00, 0x00, 0x28, 0x00, 0x00, 0x00, 0x2A, 0xAA,
    0xA9, 0x3F, 0xFF, 0xFE, 0x00, 0x00, 0x00, 0x00, 0x00, 0x00, 0x00, 0x00, 0x00, 0x3F, 0xFF, 0xFE,
    0x15, 0x55, 0x55, 0x00, 0x00, 0x00, 0xE0, 0x00, 0x02, 0xF4, 0x00, 0x00, 0xBC, 0x00, 0x00, 0x7E,
    0x00, 0x00, 0x1F, 0x40, 0x00, 0x0B, 0x80, 0x00, 0x7E, 0x00, 0x0B, 0xC0, 0x02, 0xF4, 0x00, 0x7E,
    0x00, 0x0F, 0xC0, 0x00, 0x34, 0x00, 0x00, 0x00, 0x00, 0x00, 0x01, 0xFE, 0x00, 0x7E, 0xAF, 0x43,
    0xC0, 0x2F, 0x1F, 0x40, 0x3C, 0x3D, 0x00, 0xF4, 0x00, 0x0B, 0xC0, 0x00, 0x7E, 0x00, 0x07, 0xF0,
    0x00, 0x3F, 0x00, 0x02, 0xF0, 0x00, 0x0B, 0x00, 0x00, 0x2C, 0x00, 0x00, 0xB0, 0x00, 0x00, 0x00,
    0x00, 0x00, 0x00, 0x00, 0x7D, 0x00, 0x02, 0xFC, 0x00, 0x07, 0xE0, 0x00, 0x01, 0x00, 0x00, 0x00,
    0x00, 0x00, 0x00, 0x00, 0x00, 0x2F, 0xFF, 0x90, 0x00, 0x0B, 0xD4, 0x06, 0xF0, 0x00, 0xF4, 0x00,
    0x00, 0xF0, 0x0F, 0x00, 0x00, 0x00, 0xF0, 0x74, 0x06, 0xF9, 0x81, 0xD3, 0x80, 0xB9, 0x6F, 0x03,
    0x8D, 0x07, 0x80, 0x7C, 0x0F, 0x70, 0x3D, 0x02, 0xF0, 0x2E, 0xC0, 0xF0, 0x0F, 0x80, 0xBB, 0x03,
    0xC0, 0x3E, 0x02, 0xAC, 0x0F, 0x02, 0xB8, 0x0E, 0x70, 0x3C, 0x0C, 0xE0, 0x70, 0xD0, 0xF9, 0xE3,
    0x87, 0x43, 0xC0, 0xFF, 0x0F, 0xF4, 0x07, 0x40, 0x00, 0x00, 0x00, 0x0B, 0x40, 0x00, 0x04, 0x00,
    0x0B, 0x90, 0x01, 0xF0, 0x00, 0x07, 0xFF, 0xFE, 0x00, 0x00, 0x00, 0x69, 0x40, 0x00, 0x00, 0x00,
    0xA4, 0x00, 0x00, 0x00, 0x1F, 0xC0, 0x00, 0x00, 0x03, 0xFD, 0x00, 0x00, 0x00, 0x37, 0xE0, 0x00,
    0x00, 0x07, 0x1F, 0x00, 0x00, 0x00, 0xF0, 0xF4, 0x00, 0x00, 0x0D, 0x0F, 0x80, 0x00, 0x02, 0xC0,
    0x7C, 0x00, 0x00, 0x38, 0x03, 0xD0, 0x00, 0x03, 0x40, 0x3F, 0x00, 0x00, 0xB0, 0x02, 0xF0, 0x00,
    0x0F, 0xFF, 0xFF, 0x40, 0x01, 0xD0, 0x00, 0xFC, 0x00, 0x2C, 0x00, 0x07, 0xC0, 0x03, 0x80, 0x00,
    0x3E, 0x00, 0x74, 0x00, 0x03, 0xF0, 0x1F, 0x90, 0x00, 0x7F, 0x9B, 0xFF, 0x40, 0x2F, 0xFF, 0x2A,
    0xA9, 0x50, 0x01, 0xFF, 0xFF, 0xF8, 0x00, 0x7D, 0x01, 0xFC, 0x00, 0xF4, 0x02, 0xF0, 0x03, 0xD0,
    0x07, 0xD0, 0x0F, 0x40, 0x1F, 0x40, 0x3D, 0x00, 0xBC, 0x00, 0xF4, 0x0B, 0xC0, 0x03, 0xFB, 0xF8,
    0x00, 0x0F, 0xAA, 0xFD, 0x00, 0x3D, 0x00, 0x7E, 0x00, 0xF4, 0x00, 0xBC, 0x03, 0xD0, 0x01, 0xF4,
    0x0F, 0x40, 0x07, 0xD0, 0x3D, 0x00, 0x2F, 0x00, 0xF4, 0x01, 0xF8, 0x1B, 0xE5, 0x7F, 0x81, 0xFF,
    0xFF, 0xE0, 0x00, 0x00, 0x1B, 0xE4, 0x70, 0x01, 0xFF, 0xBF, 0xF0, 0x07, 0xD0, 0x03, 0xF0, 0x0F,
    0x40, 0x00, 0xF4, 0x2F, 0x00, 0x00, 0x38, 0x3D, 0x00, 0x00, 0x38, 0x7C, 0x00, 0x00, 0x00, 0xBC,
    0x00, 0x00, 0x00, 0xBC, 0x00, 0x00, 0x00, 0xBC, 0x00, 0x00, 0x00, 0xBC, 0x00, 0x00, 0x00, 0xBC,
    0x00, 0x00, 0x00, 0x7D, 0x00, 0x00, 0x00, 0x3F, 0x00, 0x00, 0x00, 0x1F, 0x80, 0x00, 0x28, 0x0B,
    0xE0, 0x00, 0xB4, 0x02, 0xFE, 0x5B, 0xE0, 0x00, 0x7F, 0xFE, 0x40, 0x00, 0x01, 0x40, 0x00, 0x2A,
    0xAA, 0x54, 0x00, 0x1F, 0xFF, 0xFF, 0xE0, 0x00, 0x7D, 0x00, 0x7F, 0x40, 0x0F, 0x40, 0x02, 0xF4,
    0x03, 0xD0, 0x00, 0x3F, 0x00, 0xF4, 0x00, 0x07, 0xD0, 0x3D, 0x00, 0x00, 0xF8, 0x0F, 0x40, 0x00,
    0x3F, 0x03, 0xD0, 0x00, 0x0F, 0xC0, 0xF4, 0x00, 0x03, 0xF0, 0x3D, 0x00, 0x00, 0xF8, 0x0F, 0x40,
    0x00, 0x3E, 0x03, 0xD0, 0x00, 0x1F, 0x00, 0xF4, 0x00, 0x0B, 0x80, 0x3D, 0x00, 0x07, 0xC0, 0x0F,
    0x40, 0x07, 0xD0, 0x1B, 0xE5, 0x6F, 0xC0, 0x1F, 0xFF, 0xFE, 0x00, 0x00, 0x2A, 0xAA, 0xAA, 0x07,
    0xFF, 0xFF, 0xF4, 0x07, 0xD0, 0x0B, 0x80, 0x3D, 0x00, 0x3C, 0x03, 0xD0, 0x01, 0x80, 0x3D, 0x00,
    0x00, 0x03, 0xD0, 0x08, 0x00, 0x3D, 0x02, 0xC0, 0x03, 0xFA, 0xFC, 0x00, 0x3F, 0xFF, 0xC0, 0x03,
    0xD0, 0x2C, 0x00, 0x3D, 0x01, 0x80, 0x03, 0xD0, 0x00, 0x00, 0x3D, 0x00, 0x09, 0x03, 0xD0, 0x00,
    0xD0, 0x3D, 0x00, 0x2D, 0x1B, 0xD5, 0x5B, 0xC7, 0xFF, 0xFF, 0xFC, 0x2A, 0xAA, 0xAA, 0x07, 0xFF,
    0xFF, 0xF8, 0x07, 0xD0, 0x0B, 0xC0, 0x3D, 0x00, 0x3C, 0x03, 0xD0, 0x01, 0xC0, 0x3D, 0x00, 0x00,
    0x03, 0xD0, 0x04, 0x00, 0x3D, 0x01, 0xC0, 0x03, 0xD0, 0x3C, 0x00, 0x3F, 0xFF, 0xC0, 0x03, 0xD5,
    0x7C, 0x00, 0x3D, 0x02, 0xC0, 0x03, 0xD0, 0x18, 0x00, 0x3D, 0x00, 0x00, 0x03, 0xD0, 0x00, 0x00,
    0x3D, 0x00, 0x00, 0x1B, 0xE4, 0x00, 0x07, 0xFF, 0xF0, 0x00, 0x00, 0x1B, 0xE4, 0x70, 0x00, 0x7F,
    0xEF, 0xEC, 0x00, 0x7E, 0x00, 0x2F, 0x40, 0x3D, 0x00, 0x02, 0xE0, 0x2F, 0x00, 0x00, 0x3C, 0x0F,
    0x40, 0x00, 0x0B, 0x07, 0xC0, 0x00, 0x00, 0x02, 0xF0, 0x00, 0x00, 0x00, 0xBC, 0x00, 0x00, 0x00,
    0x2F, 0x00, 0x01, 0x55, 0x5B, 0xC0, 0x00, 0xBF, 0xFE, 0xF0, 0x00, 0x02, 0xF0, 0x7D, 0x00, 0x00,
    0xBC, 0x0F, 0xC0, 0x00, 0x2F, 0x01, 0xF4, 0x00, 0x0B, 0xC0, 0x3F, 0x40, 0x03, 0xF0, 0x02, 0xF9,
    0x5B, 0xFC, 0x00, 0x1F, 0xFF, 0xD7, 0x00, 0x00, 0x14, 0x00, 0x00, 0x2A, 0xA8, 0x00, 0xAA, 0xA1,
    0xFF, 0xF4, 0x07, 0xFF, 0xD0, 0x7D, 0x00, 0x01, 0xF4, 0x00, 0xF4, 0x00, 0x07, 0xC0, 0x03, 0xD0,
    0x00, 0x1F, 0x00, 0x0F, 0x40, 0x00, 0x7C, 0x00, 0x3D, 0x00, 0x01, 0xF0, 0x00, 0xF4, 0x00, 0x07,
    0xC0, 0x03, 0xFF, 0xFF, 0xFF, 0x00, 0x0F, 0xFF, 0xFF, 0xFC, 0x00, 0x3D, 0x00, 0x01, 0xF0, 0x00,
    0xF4, 0x00, 0x07, 0xC0, 0x03, 0xD0, 0x00, 0x1F, 0x00, 0x0F, 0x40, 0x00, 0x7C, 0x00, 0x3D, 0x00,
    0x01, 0xF0, 0x00, 0xF4, 0x00, 0x07, 0xC0, 0x1B, 0xE4, 0x00, 0x6F, 0x91, 0xFF, 0xF4, 0x07, 0xFF,
    0xD0, 0x2A, 0xA9, 0x7F, 0xFD, 0x03, 0xD0, 0x03, 0xD0, 0x03, 0xD0, 0x03, 0xD0, 0x03, 0xD0, 0x03,
    0xD0, 0x03, 0xD0, 0x03, 0xD0, 0x03, 0xD0, 0x03, 0xD0, 0x03, 0xD0, 0x03, 0xD0, 0x03, 0xD0, 0x03,
    0xD0, 0x1B, 0xF4, 0x7F, 0xFE, 0x00, 0x2A, 0xAA, 0x00, 0x0F, 0xFF, 0x80, 0x00, 0x3F, 0x00, 0x00,
    0x0F, 0x80, 0x00, 0x03, 0xE0, 0x00, 0x00, 0xF8, 0x00, 0x00, 0x3E, 0x00, 0x00, 0x0F, 0x80, 0x00,
    0x03, 0xE0, 0x00, 0x00, 0xF8, 0x00, 0x00, 0x3E, 0x00, 0x00, 0x0F, 0x80, 0x00, 0x03, 0xE0, 0x0A,
    0x00, 0xF8, 0x0F, 0xD0, 0x3D, 0x03, 0xF0, 0x0F, 0x00, 0xBD, 0x5F, 0x80, 0x0B, 0xFF, 0x40, 0x00,
    0x14, 0x00, 0x00, 0x2A, 0xA9, 0x06, 0xAA, 0x07, 0xFF, 0xD0, 0xFF, 0xF0, 0x03, 0xD0, 0x01, 0xF0,
    0x00, 0x3D, 0x00, 0x3C, 0x00, 0x03, 0xD0, 0x0F, 0x00, 0x00, 0x3D, 0x03, 0xC0, 0x00, 0x03, 0xD0,
    0xF0, 0x00, 0x00, 0x3D, 0x3C, 0x00, 0x00, 0x03, 0xDF, 0xC0, 0x00, 0x00, 0x3F, 0xFE, 0x00, 0x00,
    0x03, 0xF2, 0xF0, 0x00, 0x00, 0x3D, 0x0F, 0xC0, 0x00, 0x03, 0xD0, 0x7E, 0x00, 0x00, 0x3D, 0x02,
    0xF0, 0x00, 0x03, 0xD0, 0x0F, 0xC0, 0x00, 0x3D, 0x00, 0x7E, 0x00, 0x1B, 0xF4, 0x03, 0xF9, 0x47,
    0xFF, 0xE0, 0x0B, 0xFC, 0x00, 0x00, 0x00, 0x04, 0x00, 0x2A, 0xA9, 0x00, 0x07, 0xFF, 0xD0, 0x00,
    0x07, 0xD0, 0x00, 0x00, 0x3D, 0x00, 0x00, 0x03, 0xD0, 0x00, 0x00, 0x3D, 0x00, 0x00, 0x03, 0xD0,
    0x00, 0x00, 0x3D, 0x00, 0x00, 0x03, 0xD0, 0x00, 0x00, 0x3D, 0x00, 0x00, 0x03, 0xD0, 0x00, 0x00,
    0x3D, 0x00, 0x00, 0x03, 0xD0, 0x00, 0x40, 0x3D, 0x00, 0x0D, 0x03, 0xD0, 0x02, 0xC0, 0x3D, 0x00,
    0x3C, 0x1B, 0xE5, 0x6F, 0xC7, 0xFF, 0xFF, 0xFC, 0x1A, 0xA8, 0x00, 0x00, 0xAA, 0x90, 0x7F, 0xF8,
    0x00, 0x07, 0xFF, 0x80, 0x1F, 0xF0, 0x00, 0x2F, 0xE0, 0x00, 0x7B, 0xC0, 0x00, 0xEF, 0x80, 0x02,
    0xCF, 0x80, 0x07, 0x7E, 0x00, 0x0B, 0x2F, 0x00, 0x3C, 0xF8, 0x00, 0x2C, 0x3C, 0x00, 0xE3, 0xE0,
    0x00, 0xB0, 0xF8, 0x07, 0x0B, 0xC0, 0x03, 0xC2, 0xF0, 0x3C, 0x2F, 0x00, 0x0F, 0x03, 0xC0, 0xD0,
    0xBC, 0x00, 0x3C, 0x0F, 0x8B, 0x02, 0xF0, 0x00, 0xF0, 0x1F, 0x38, 0x07, 0xC0, 0x03, 0x80, 0x3E,
    0xD0, 0x1F, 0x00, 0x0E, 0x00, 0xBF, 0x00, 0x7C, 0x00, 0x38, 0x01, 0xF8, 0x01, 0xF0, 0x00, 0xE0,
    0x00, 0x00, 0x07, 0xC0, 0x1B, 0xD0, 0x00, 0x00, 0x6F, 0x91, 0xFF, 0xF0, 0x00, 0x0B, 0xFF, 0xE0,
    0x2A, 0xA0, 0x00, 0x6A, 0xA1, 0xFF, 0xE0, 0x02, 0xFF, 0xC0, 0x7F, 0xD0, 0x00, 0xB0, 0x01, 0xEF,
    0xC0, 0x02, 0xC0, 0x07, 0x5F, 0x40, 0x0B, 0x00, 0x1D, 0x3F, 0x00, 0x2C, 0x00, 0x74, 0x7E, 0x00,
    0xB0, 0x01, 0xD0, 0xBC, 0x02, 0xC0, 0x07, 0x40, 0xF8, 0x0B, 0x00, 0x1D, 0x02, 0xF4, 0x2C, 0x00,
    0x74, 0x03, 0xF0, 0xB0, 0x01, 0xD0, 0x07, 0xD2, 0xC0, 0x07, 0x40, 0x0B, 0xCB, 0x00, 0x1D, 0x00,
    0x0F, 0xAC, 0x00, 0x74, 0x00, 0x2F, 0xF0, 0x01, 0xD0, 0x00, 0x3F, 0xC0, 0x1B, 0xD0, 0x00, 0x7F,
    0x01, 0xFF, 0xE0, 0x00, 0xFC, 0x00, 0x00, 0x1B, 0xF9, 0x00, 0x00, 0x3F, 0xEF, 0xF4, 0x00, 0x7E,
    0x00, 0x2F, 0x40, 0x3D, 0x00, 0x02, 0xF0, 0x2F, 0x00, 0x00, 0x3F, 0x0F, 0x40, 0x00, 0x0B, 0xC7,
    0xC0, 0x00, 0x01, 0xFA, 0xF0, 0x00, 0x00, 0x3E, 0xBC, 0x00, 0x00, 0x0F, 0xAF, 0x00, 0x00, 0x03,
    0xEB, 0xC0, 0x00, 0x00, 0xFA, 0xF0, 0x00, 0x00, 0x3D, 0x7D, 0x00, 0x00, 0x1F, 0x0F, 0xC0, 0x00,
    0x0B, 0xC2, 0xF4, 0x00, 0x03, 0xD0, 0x3F, 0x40, 0x03, 0xE0, 0x02, 0xFD, 0x5B, 0xE0, 0x00, 0x1F,
    0xFF, 0xD0, 0x00, 0x00, 0x14, 0x00, 0x00, 0x2A, 0xA9, 0x40, 0x07, 0xFF, 0xFF, 0xD0, 0x07, 0xD0,
    0x2F, 0x80, 0x3D, 0x00, 0xBC, 0x03, 0xD0, 0x07, 0xD0, 0x3D, 0x00, 0x7D, 0x03, 0xD0, 0x07, 0xD0,
    0x3D, 0x00, 0xBC, 0x03, 0xD0, 0x0F, 0x40, 0x3E, 0x5B, 0xE0, 0x03, 0xFF, 0xE4, 0x00, 0x3D, 0x00,
    0x00, 0x03, 0xD0, 0x00, 0x00, 0x3D, 0x00, 0x00, 0x03, 0xD0, 0x00, 0x00, 0x3D, 0x00, 0x00, 0x1B,
    0xE4, 0x00, 0x07, 0xFF, 0xF0, 0x00, 0x00, 0x1B, 0xF9, 0x00, 0x00, 0x00, 0x3F, 0xEF, 0xF4, 0x00,
    0x00, 0x7E, 0x00, 0x2F, 0x40, 0x00, 0x3D, 0x00, 0x02, 0xF0, 0x00, 0x2F, 0x00, 0x00, 0x3F, 0x00,
    0x0F, 0x40, 0x00, 0x0B, 0xC0, 0x07, 0xC0, 0x00, 0x01, 0xF8, 0x02, 0xF0, 0x00, 0x00, 0x3E, 0x00,
    0xBC, 0x00, 0x00, 0x0F, 0x80, 0x2F, 0x00, 0x00, 0x03, 0xE0, 0x0B, 0xC0, 0x00, 0x00, 0xF8, 0x02,
    0xF0, 0x10, 0x00, 0x3D, 0x00, 0x7D, 0xBF, 0xC0, 0x1F, 0x00, 0x0F, 0xF4, 0x7C, 0x0B, 0xC0, 0x02,
    0xF4, 0x07, 0xC3, 0xD0, 0x00, 0x3F, 0x40, 0xBF, 0xE0, 0x00, 0x02, 0xFD, 0x5F, 0xE0, 0x00, 0x00,
    0x1F, 0xFF, 0xF0, 0x00, 0x00, 0x00, 0x15, 0x3F, 0x00, 0x00, 0x00, 0x00, 0x07, 0xF0, 0x06, 0x00,
    0x00, 0x00, 0xBF, 0xAF, 0x40, 0x00, 0x00, 0x0F, 0xFF, 0x40, 0x00, 0x00, 0x00, 0x6E, 0x00, 0x2A,
    0xA9, 0x50, 0x00, 0x1F, 0xFF, 0xFF, 0x80, 0x00, 0x7D, 0x01, 0xF8, 0x00, 0x0F, 0x40, 0x1F, 0x40,
    0x03, 0xD0, 0x03, 0xD0, 0x00, 0xF4, 0x00, 0xF4, 0x00, 0x3D, 0x00, 0x7C, 0x00, 0x0F, 0x40, 0x3E,
    0x00, 0x03, 0xD1, 0xBE, 0x00, 0x00, 0xFF, 0xF8, 0x00, 0x00, 0x3D, 0x0F, 0x80, 0x00, 0x0F, 0x41,
    0xF8, 0x00, 0x03, 0xD0, 0x3F, 0x00, 0x00, 0xF4, 0x07, 0xD0, 0x00, 0x3D, 0x00, 0xFC, 0x00, 0x0F,
    0x40, 0x2F, 0x40, 0x1B, 0xE4, 0x03, 0xF5, 0x1F, 0xFF, 0xC0, 0x7F, 0xC0, 0x00, 0x00, 0x01, 0x00,
    0x00, 0xBE, 0x4A, 0x01, 0xFA, 0xBF, 0x81, 0xF0, 0x03, 0xF0, 0xB8, 0x00, 0x3C, 0x3D, 0x00, 0x0B,
    0x0F, 0x80, 0x00, 0x42, 0xF8, 0x00, 0x00, 0x7F, 0xE0, 0x00, 0x07, 0xFF, 0xD0, 0x00, 0x2F, 0xFF,
    0x00, 0x00, 0x6F, 0xF0, 0x00, 0x00, 0xFD, 0x10, 0x00, 0x0F, 0x6C, 0x00, 0x03, 0xD7, 0x80, 0x00,
    0xF5, 0xF8, 0x00, 0x7C, 0x7F, 0xD1, 0xBC, 0x0C, 0x7F, 0xFC, 0x00, 0x00, 0x50, 0x00, 0x2A, 0xAA,
    0xAA, 0xA9, 0x0F, 0xFF, 0xFF, 0xFF, 0x87, 0xC0, 0x3D, 0x02, 0xF2, 0xD0, 0x0F, 0x40, 0x3C, 0xF0,
    0x03, 0xD0, 0x07, 0x24, 0x00, 0xF4, 0x00, 0x80, 0x00, 0x3D, 0x00, 0x00, 0x00, 0x0F, 0x40, 0x00,
    0x00, 0x03, 0xD0, 0x00, 0x00, 0x00, 0xF4, 0x00, 0x00, 0x00, 0x3D, 0x00, 0x00, 0x00, 0x0F, 0x40,
    0x00, 0x00, 0x03, 0xD0, 0x00, 0x00, 0x00, 0xF4, 0x00, 0x00, 0x00, 0x3D, 0x00, 0x00, 0x00, 0x0F,
    0x40, 0x00, 0x00, 0x1B, 0xF5, 0x00, 0x00, 0x3F, 0xFF, 0xD0, 0x00, 0x6A, 0xA8, 0x00, 0xAA, 0xA2,
    0xFF, 0xF0, 0x02, 0xFF, 0x80, 0xBC, 0x00, 0x00, 0xF0, 0x02, 0xF0, 0x00, 0x03, 0xC0, 0x0B, 0xC0,
    0x00, 0x0F, 0x00, 0x2F, 0x00, 0x00, 0x3C, 0x00, 0xBC, 0x00, 0x00, 0xF0, 0x02, 0xF0, 0x00, 0x03,
    0xC0, 0x0B, 0xC0, 0x00, 0x0F, 0x00, 0x2F, 0x00, 0x00, 0x3C, 0x00, 0xBC, 0x00, 0x00, 0xF0, 0x02,
    0xF0, 0x00, 0x03, 0xC0, 0x07, 0xC0, 0x00, 0x0F, 0x00, 0x1F, 0x00, 0x00, 0x38, 0x00, 0x3D, 0x00,
    0x02, 0xD0, 0x00, 0xBC, 0x00, 0x1F, 0x00, 0x00, 0xFE, 0x56, 0xF0, 0x00, 0x00, 0xBF, 0xFE, 0x00,
    0x00, 0x00, 0x05, 0x00, 0x00, 0x00, 0x2A, 0xA8, 0x00, 0xAA, 0x97, 0xFF, 0x80, 0x0B, 0xFE, 0x0B,
    0xC0, 0x00, 0x0F, 0x00, 0x3D, 0x00, 0x01, 0xD0, 0x03, 0xE0, 0x00, 0x2C, 0x00, 0x2F, 0x00, 0x03,
    0xC0, 0x00, 0xF4, 0x00, 0x74, 0x00, 0x0F, 0x80, 0x0B, 0x00, 0x00, 0x7C, 0x00, 0xE0, 0x00, 0x03,
    0xD0, 0x1D, 0x00, 0x00, 0x3E, 0x02, 0xC0, 0x00, 0x01, 0xF0, 0x38, 0x00, 0x00, 0x0F, 0x47, 0x40,
    0x00, 0x00, 0xB8, 0xB0, 0x00, 0x00, 0x07, 0xCE, 0x00, 0x00, 0x00, 0x3E, 0xD0, 0x00, 0x00, 0x02,
    0xFC, 0x00, 0x00, 0x00, 0x1F, 0x80, 0x00, 0x2A, 0xA8, 0x00, 0x68, 0x00, 0x2A, 0xA5, 0xFF, 0xE0,
    0x03, 0xF4, 0x00, 0xFF, 0xE0, 0xBC, 0x00, 0x0F, 0xE0, 0x00, 0x78, 0x01, 0xF4, 0x00, 0x7B, 0xC0,
    0x01, 0xD0, 0x03, 0xE0, 0x02, 0xCF, 0x40, 0x0B, 0x00, 0x0B, 0xC0, 0x0E, 0x3E, 0x00, 0x3C, 0x00,
    0x1F, 0x00, 0x34, 0xBC, 0x00, 0xE0, 0x00, 0x3D, 0x01, 0xC1, 0xF0, 0x07, 0x00, 0x00, 0xF8, 0x0B,
    0x03, 0xD0, 0x2C, 0x00, 0x02, 0xF0, 0x38, 0x0B, 0x80, 0xE0, 0x00, 0x07, 0xC1, 0xD0, 0x1F, 0x03,
    0x40, 0x00, 0x0F, 0x0B, 0x00, 0x3D, 0x1C, 0x00, 0x00, 0x3D, 0x3C, 0x00, 0xF8, 0xB0, 0x00, 0x00,
    0xB8, 0xE0, 0x02, 0xF3, 0x80, 0x00, 0x01, 0xF7, 0x40, 0x03, 0xCD, 0x00, 0x00, 0x03, 0xEC, 0x00,
    0x0F, 0xF0, 0x00, 0x00, 0x0F, 0xF0, 0x00, 0x2F, 0xC0, 0x00, 0x00, 0x2F, 0x80, 0x00, 0x7E, 0x00,
    0x00, 0x2A, 0xA4, 0x01, 0xAA, 0x47, 0xFF, 0x80, 0x2F, 0xF8, 0x0B, 0xD0, 0x00, 0xB8, 0x00, 0x3F,
    0x00, 0x0F, 0x00, 0x00, 0xF8, 0x03, 0xC0, 0x00, 0x07, 0xD0, 0xB4, 0x00, 0x00, 0x2F, 0x0E, 0x00,
    0x00, 0x00, 0xFF, 0xC0, 0x00, 0x00, 0x07, 0xF0, 0x00, 0x00, 0x00, 0x2F, 0x40, 0x00, 0x00, 0x07,
    0xFC, 0x00, 0x00, 0x00, 0xF3, 0xF0, 0x00, 0x00, 0x3C, 0x1F, 0x80, 0x00, 0x0B, 0x40, 0xBD, 0x00,
    0x01, 0xE0, 0x03, 0xF0, 0x00, 0x3C, 0x00, 0x0F, 0xC0, 0x1F, 0xD0, 0x01, 0xFF, 0x4B, 0xFF, 0x00,
    0x7F, 0xFD, 0x2A, 0xA9, 0x01, 0xAA, 0x87, 0xFF, 0xD0, 0x1F, 0xFC, 0x0B, 0xD0, 0x00, 0x3C, 0x00,
    0x3F, 0x00, 0x07, 0x80, 0x00, 0xF8, 0x00, 0xF0, 0x00, 0x0B, 0xC0, 0x1D, 0x00, 0x00, 0x3E, 0x03,
    0x80, 0x00, 0x01, 0xF4, 0xB0, 0x00, 0x00, 0x0B, 0xDD, 0x00, 0x00, 0x00, 0x3F, 0xC0, 0x00, 0x00,
    0x02, 0xF0, 0x00, 0x00, 0x00, 0x1F, 0x00, 0x00, 0x00, 0x01, 0xF0, 0x00, 0x00, 0x00, 0x1F, 0x00,
    0x00, 0x00, 0x01, 0xF0, 0x00, 0x00, 0x00, 0x1F, 0x00, 0x00, 0x00, 0x07, 0xF9, 0x00, 0x00, 0x02,
    0xFF, 0xF4, 0x00, 0x2A, 0xAA, 0xAA, 0x93, 0xFF, 0xFF, 0xFE, 0x3D, 0x00, 0x0B, 0xC3, 0x80, 0x01,
    0xF4, 0x74, 0x00, 0x3F, 0x00, 0x00, 0x0F, 0xC0, 0x00, 0x01, 0xF4, 0x00, 0x00, 0x3E, 0x00, 0x00,
    0x0F, 0xC0, 0x00, 0x02, 0xF4, 0x00, 0x00, 0x3E, 0x00, 0x00, 0x0F, 0xC0, 0x00, 0x02, 0xF4, 0x00,
    0x00, 0x7E, 0x00, 0x0B, 0x0F, 0xC0, 0x00, 0xF2, 0xF0, 0x00, 0x2E, 0x7F, 0x55, 0x5F, 0xEB, 0xFF,
    0xFF, 0xFD, 0x15, 0x47, 0xFD, 0x7C, 0x07, 0x80, 0x78, 0x07, 0x80, 0x78, 0x07, 0x80, 0x78, 0x07,
    0x80, 0x78, 0x07, 0x80, 0x78, 0x07, 0x80, 0x78, 0x07, 0x80, 0x78, 0x07, 0x80, 0x78, 0x07, 0x80,
    0x78, 0x07, 0x80, 0x78, 0x07, 0x80, 0x7C, 0x07, 0xFD, 0x15, 0x40, 0x00, 0x00, 0x01, 0xC0, 0x00,
    0x03, 0x80, 0x00, 0x0B, 0x00, 0x00, 0x0D, 0x00, 0x00, 0x38, 0x00, 0x00, 0xB0, 0x00, 0x00, 0xD0,
    0x00, 0x03, 0x80, 0x00, 0x07, 0x00, 0x00, 0x0D, 0x00, 0x00, 0x3C, 0x00, 0x00, 0x70, 0x00, 0x00,
    0xE0, 0x00, 0x02, 0xC0, 0x00, 0x07, 0x00, 0x00, 0x0E, 0x00, 0x00, 0x2C, 0x00, 0x00, 0x74, 0x00,
    0x00, 0xE0, 0x00, 0x02, 0xC0, 0x00, 0x03, 0x40, 0x00, 0x0E, 0x00, 0x00, 0x18, 0x55, 0x3F, 0xE0,
    0xB8, 0x1E, 0x07, 0x81, 0xE0, 0x78, 0x1E, 0x07, 0x81, 0xE0, 0x78, 0x1E, 0x07, 0x81, 0xE0, 0x78,
    0x1E, 0x07, 0x81, 0xE0, 0x78, 0x1E, 0x07, 0x81, 0xE0, 0x78, 0x1E, 0x0B, 0xBF, 0xE5, 0x50, 0x00,
    0x1C, 0x00, 0x00, 0x0F, 0x80, 0x00, 0x0F, 0xB4, 0x00, 0x07, 0x4F, 0x00, 0x03, 0x80, 0xE0, 0x02,
    0xC0, 0x1D, 0x01, 0xD0, 0x03, 0xC0, 0xE0, 0x00, 0x38, 0xB0, 0x00, 0x07, 0x00, 0x00, 0x00, 0x00,
    0xFF, 0xFF, 0xFE, 0xFF, 0xFF, 0xFE, 0x00, 0x07, 0x80, 0x7D, 0x01, 0xF0, 0x02, 0xC0, 0x04, 0x00,
    0x00, 0x00, 0x01, 0xFF, 0x80, 0x03, 0xD5, 0xBC, 0x01, 0xF0, 0x0F, 0x40, 0xBC, 0x02, 0xE0, 0x05,
    0x00, 0xBC, 0x00, 0x00, 0x2F, 0x00, 0x0B, 0xFF, 0xC0, 0x2F, 0x92, 0xF0, 0x1F, 0x00, 0xBC, 0x0B,
    0xC0, 0x2F, 0x02, 0xF0, 0x0F, 0xC0, 0x7E, 0x5E, 0xF5, 0x0B, 0xFD, 0x3F, 0xC0, 0x10, 0x01, 0x40,
    0x00, 0x00, 0x00, 0x01, 0xFF, 0x00, 0x00, 0x01, 0xFC, 0x00, 0x00, 0x01, 0xF0, 0x00, 0x00, 0x07,
    0xC0, 0x00, 0x00, 0x1F, 0x00, 0x00, 0x00, 0x7C, 0x00, 0x00, 0x01, 0xF1, 0xBF, 0x40, 0x07, 0xDF,
    0xFF, 0x80, 0x1F, 0xD0, 0x2F, 0x00, 0x7D, 0x00, 0x3E, 0x01, 0xF0, 0x00, 0xBC, 0x07, 0xC0, 0x02,
    0xF0, 0x1F, 0x00, 0x0B, 0xC0, 0x7C, 0x00, 0x2F, 0x01, 0xF0, 0x00, 0xBC, 0x07, 0xC0, 0x03, 0xE0,
    0x1F, 0x00, 0x2F, 0x00, 0x7F, 0x56, 0xF4, 0x01, 0xDF, 0xFF, 0x40, 0x00, 0x01, 0x40, 0x00, 0x00,
    0x00, 0x00, 0x07, 0xFE, 0x00, 0xBD, 0x6F, 0x0B, 0xC0, 0x3E, 0x3C, 0x01, 0xFA, 0xF0, 0x02, 0xCB,
    0x80, 0x00, 0x3E, 0x00, 0x00, 0xFC, 0x00, 0x02, 0xF0, 0x00, 0x07, 0xD0, 0x00, 0x0F, 0xD0, 0x09,
    0x1F, 0xFA, 0xF4, 0x0F, 0xFF, 0x00, 0x01, 0x40, 0x00, 0x00, 0x00, 0x00, 0x00, 0x00, 0x3F, 0xE0,
    0x00, 0x00, 0x7E, 0x00, 0x00, 0x02, 0xE0, 0x00, 0x00, 0x2E, 0x00, 0x00, 0x02, 0xE0, 0x00, 0x00,
    0x2E, 0x00, 0x1F, 0xFB, 0xE0, 0x0B, 0xEB, 0xFE, 0x02, 0xF0, 0x03, 0xE0, 0x3C, 0x00, 0x2E, 0x07,
    0xC0, 0x02, 0xE0, 0xB8, 0x00, 0x2E, 0x0F, 0x80, 0x02, 0xE0, 0xF8, 0x00, 0x2E, 0x0B, 0xC0, 0x03,
    0xE0, 0xBC, 0x00, 0x3E, 0x03, 0xE0, 0x0B, 0xE0, 0x2F, 0xD7, 0xEF, 0x40, 0xBF, 0xF1, 0xFE, 0x00,
    0x10, 0x00, 0x00, 0x00, 0x00, 0x00, 0x01, 0xFF, 0x80, 0x0B, 0x97, 0xF0, 0x2E, 0x00, 0xF4, 0x3C,
    0x00, 0xB8, 0xBC, 0x00, 0xBC, 0xBE, 0xAA, 0xF8, 0xFF, 0xFF, 0xF4, 0xFC, 0x00, 0x00, 0xBC, 0x00,
    0x00, 0x7D, 0x00, 0x00, 0x3F, 0x00, 0x18, 0x1F, 0xEA, 0xF4, 0x03, 0xFF, 0xD0, 0x00, 0x14, 0x00,
    0x00, 0x19, 0x40, 0x03, 0xFF, 0x80, 0x3C, 0x0F, 0x01, 0xE0, 0x7C, 0x0B, 0x80, 0x40, 0x2E, 0x00,
    0x00, 0xF8, 0x00, 0x1B, 0xFA, 0x80, 0xBF, 0xFF, 0x00, 0x3E, 0x00, 0x00, 0xF8, 0x00, 0x03, 0xE0,
    0x00, 0x0F, 0x80, 0x00, 0x3E, 0x00, 0x00, 0xF8, 0x00, 0x03, 0xE0, 0x00, 0x0F, 0x80, 0x00, 0x3E,
    0x00, 0x01, 0xFD, 0x40, 0x3F, 0xFF, 0x80, 0x00, 0x00, 0x01, 0x40, 0x00, 0x00, 0xBF, 0x01, 0xBF,
    0x9D, 0xE0, 0xBD, 0x6F, 0x80, 0x1F, 0x00, 0x7C, 0x02, 0xE0, 0x03, 0xD0, 0x3E, 0x00, 0x3D, 0x02,
    0xF0, 0x03, 0xD0, 0x1F, 0x40, 0xBC, 0x00, 0x7F, 0xBF, 0x00, 0x07, 0xAA, 0x40, 0x00, 0xE0, 0x00,
    0x00, 0x2F, 0x00, 0x00, 0x01, 0xFF, 0xFF, 0xE0, 0x0B, 0xFF, 0xFF, 0x81, 0xE0, 0x01, 0xFC, 0x3C,
    0x00, 0x07, 0xC7, 0xC0, 0x00, 0xB8, 0x3E, 0x00, 0x1F, 0x42, 0xFF, 0xFF, 0xD0, 0x01, 0xAA, 0x90,
    0x00, 0x00, 0x00, 0x00, 0x03, 0xFE, 0x00, 0x00, 0x05, 0xF8, 0x00, 0x00, 0x03, 0xE0, 0x00, 0x00,
    0x0F, 0x80, 0x00, 0x00, 0x3E, 0x00, 0x00, 0x00, 0xF8, 0x00, 0x00, 0x03, 0xE1, 0xFE, 0x00, 0x0F,
    0xBF, 0xFF, 0x00, 0x3F, 0x80, 0x3E, 0x00, 0xFC, 0x00, 0xB8, 0x03, 0xE0, 0x02, 0xF0, 0x0F, 0x80,
    0x0B, 0xC0, 0x3E, 0x00, 0x2F, 0x00, 0xF8, 0x00, 0xBC, 0x03, 0xE0, 0x02, 0xF0, 0x0F, 0x80, 0x0B,
    0xC0, 0x3E, 0x00, 0x2F, 0x01, 0xFD, 0x01, 0xFD, 0x2F, 0xFE, 0x1F, 0xFF, 0x0A, 0x00, 0xBE, 0x01,
    0xF8, 0x01, 0x40, 0x00, 0x00, 0x00, 0x06, 0xA4, 0x2F, 0xE0, 0x0F, 0x80, 0x3E, 0x00, 0xF8, 0x03,
    0xE0, 0x0F, 0x80, 0x3E, 0x00, 0xF8, 0x03, 0xE0, 0x0F, 0x81, 0x7F, 0x4F, 0xFF, 0x80, 0x03, 0x80,
    0xFD, 0x0B, 0xD0, 0x14, 0x00, 0x00, 0x00, 0x2A, 0x83, 0xFD, 0x03, 0xD0, 0x3D, 0x03, 0xD0, 0x3D,
    0x03, 0xD0, 0x3D, 0x03, 0xD0, 0x3D, 0x03, 0xD0, 0x3D, 0x03, 0xD0, 0x3C, 0x03, 0xC0, 0x78, 0x0F,
    0x03, 0xD0, 0x10, 0x00, 0x00, 0x00, 0x00, 0x03, 0xFE, 0x00, 0x00, 0x05, 0xF8, 0x00, 0x00, 0x03,
    0xE0, 0x00, 0x00, 0x0F, 0x80, 0x00, 0x00, 0x3E, 0x00, 0x00, 0x00, 0xF8, 0x00, 0x00, 0x03, 0xE0,
    0x2A, 0xA4, 0x0F, 0x80, 0xBF, 0x80, 0x3E, 0x01, 0xF0, 0x00, 0xF8, 0x1F, 0x00, 0x03, 0xE1, 0xE0,
    0x00, 0x0F, 0xAE, 0x00, 0x00, 0x3E, 0xFC, 0x00, 0x00, 0xF9, 0xF8, 0x00, 0x03, 0xE1, 0xF8, 0x00,
    0x0F, 0x82, 0xF4, 0x00, 0x3E, 0x03, 0xF4, 0x01, 0xFD, 0x03, 0xFA, 0x3F, 0xFC, 0x03, 0xFC, 0x00,
    0x00, 0x00, 0x00, 0x00, 0x03, 0xFE, 0x06, 0xF8, 0x03, 0xE0, 0x0F, 0x80, 0x3E, 0x00, 0xF8, 0x03,
    0xE0, 0x0F, 0x80, 0x3E, 0x00, 0xF8, 0x03, 0xE0, 0x0F, 0x80, 0x3E, 0x00, 0xF8, 0x03, 0xE0, 0x0F,
    0x80, 0x3E, 0x05, 0xFD, 0x3F, 0xFF, 0x00, 0x00, 0x00, 0x00, 0x00, 0x01, 0xAC, 0x1F, 0xE0, 0x1F,
    0xE0, 0x0B, 0xF2, 0xFF, 0xE3, 0xFF, 0xF0, 0x03, 0xF8, 0x07, 0xF8, 0x07, 0xC0, 0x0F, 0xC0, 0x0F,
    0xC0, 0x0F, 0x40, 0x3E, 0x00, 0x3E, 0x00, 0x3D, 0x00, 0xF8, 0x00, 0xF8, 0x00, 0xF8, 0x03, 0xE0,
    0x03, 0xE0, 0x03, 0xE0, 0x0F, 0x80, 0x0F, 0x80, 0x0F, 0x80, 0x3E, 0x00, 0x3E, 0x00, 0x3E, 0x00,
    0xF8, 0x00, 0xF8, 0x00, 0xF8, 0x03, 0xE0, 0x03, 0xE0, 0x03, 0xE0, 0x1F, 0xD0, 0x1F, 0xD0, 0x1F,
    0xD2, 0xFF, 0xD1, 0xFF, 0xD1, 0xFF, 0xD0, 0x00, 0x00, 0x00, 0x01, 0xAC, 0x1F, 0xE0, 0x0B, 0xF3,
    0xFF, 0xF0, 0x03, 0xF8, 0x03, 0xE0, 0x0F, 0xC0, 0x0B, 0x80, 0x3E, 0x00, 0x2F, 0x00, 0xF8, 0x00,
    0xBC, 0x03, 0xE0, 0x02, 0xF0, 0x0F, 0x80, 0x0B, 0xC0, 0x3E, 0x00, 0x2F, 0x00, 0xF8, 0x00, 0xBC,
    0x03, 0xE0, 0x02, 0xF0, 0x1F, 0xD0, 0x1F, 0xD2, 0xFF, 0xE1, 0xFF, 0xF0, 0x00, 0x00, 0x00, 0x00,
    0x6F, 0xE4, 0x00, 0xBE, 0x6F, 0x80, 0xB8, 0x01, 0xF4, 0x3C, 0x00, 0x2F, 0x2F, 0x00, 0x07, 0xDB,
    0x80, 0x00, 0xF7, 0xE0, 0x00, 0x3D, 0xFC, 0x00, 0x0F, 0x6F, 0x00, 0x03, 0xC7, 0xD0, 0x01, 0xF0,
    0xFC, 0x00, 0xF4, 0x1F, 0xD1, 0xF8, 0x00, 0xFF, 0xF4, 0x00, 0x01, 0x40, 0x00, 0x00, 0x00, 0x00,
    0x00, 0xAE, 0x0B, 0xF8, 0x02, 0xFD, 0xFF, 0xFC, 0x01, 0xFD, 0x01, 0xF4, 0x03, 0xE0, 0x03, 0xF0,
    0x0F, 0x00, 0x07, 0xC0, 0x3C, 0x00, 0x1F, 0x00, 0xF0, 0x00, 0x7D, 0x03, 0xC0, 0x01, 0xF0, 0x0F,
    0x00, 0x07, 0xC0, 0x3C, 0x00, 0x3F, 0x00, 0xF0, 0x01, 0xF4, 0x03, 0xF9, 0x6F, 0x80, 0x0F, 0xFF,
    0xF8, 0x00, 0x3C, 0x04, 0x00, 0x00, 0xF0, 0x00, 0x00, 0x03, 0xC0, 0x00, 0x00, 0x1F, 0x40, 0x00,
    0x03, 0xFF, 0xD0, 0x00, 0x05, 0x55, 0x00, 0x00, 0x00, 0x00, 0x00, 0x00, 0x1F, 0xF8, 0xA0, 0x0B,
    0xEB, 0xFE, 0x02, 0xF0, 0x03, 0xE0, 0x3C, 0x00, 0x2E, 0x07, 0xC0, 0x02, 0xE0, 0xB8, 0x00, 0x2E,
    0x0F, 0x80, 0x02, 0xE0, 0xF8, 0x00, 0x2E, 0x0B, 0xC0, 0x02, 0xE0, 0xBC, 0x00, 0x3E, 0x03, 0xE0,
    0x0B, 0xE0, 0x2F, 0xD7, 0xFE, 0x00, 0xBF, 0xE2, 0xE0, 0x00, 0x50, 0x2E, 0x00, 0x00, 0x02, 0xE0,
    0x00, 0x00, 0x2E, 0x00, 0x00, 0x03, 0xF0, 0x00, 0x03, 0xFF, 0xD0, 0x00, 0x15, 0x54, 0x00, 0x00,
    0x01, 0xAC, 0x2F, 0x8B, 0xF3, 0xEF, 0x43, 0xF8, 0x7E, 0x0F, 0xC1, 0xF4, 0x3E, 0x01, 0x00, 0xF8,
    0x00, 0x03, 0xE0, 0x00, 0x0F, 0x80, 0x00, 0x3E, 0x00, 0x00, 0xF8, 0x00, 0x03, 0xE0, 0x00, 0x1F,
    0xD4, 0x02, 0xFF, 0xF4, 0x00, 0x00, 0x00, 0x00, 0x7F, 0xAC, 0x2E, 0x5F, 0xC7, 0xC0, 0x3C, 0x78,
    0x01, 0xC7, 0xD0, 0x00, 0x3F, 0xE4, 0x00, 0xFF, 0xF0, 0x00, 0xBF, 0xC0, 0x00, 0x7D, 0xB0, 0x02,
    0xEB, 0x40, 0x2D, 0xBE, 0x0B, 0xC7, 0xFF, 0xE0, 0x00, 0x50, 0x00, 0x01, 0xC0, 0x00, 0x1C, 0x00,
    0x02, 0xC0, 0x00, 0x3C, 0x00, 0x2F, 0xEA, 0x83, 0xFF, 0xFC, 0x03, 0xC0, 0x00, 0x3C, 0x00, 0x03,
    0xC0, 0x00, 0x3C, 0x00, 0x03, 0xC0, 0x00, 0x3C, 0x00, 0x03, 0xC0, 0x00, 0x3C, 0x00, 0x03, 0xD0,
    0x00, 0x3F, 0xAE, 0x00, 0xFF, 0x80, 0x01, 0x40, 0x2B, 0xC0, 0x2B, 0xC0, 0x2F, 0xC0, 0x2F, 0xC0,
    0x07, 0xC0, 0x07, 0xC0, 0x07, 0xC0, 0x07, 0xC0, 0x07, 0xC0, 0x07, 0xC0, 0x07, 0xC0, 0x07, 0xC0,
    0x07, 0xC0, 0x07, 0xC0, 0x07, 0xC0, 0x07, 0xC0, 0x07, 0xC0, 0x07, 0xC0, 0x07, 0xC0, 0x0B, 0xC0,
    0x03, 0xD0, 0x0F, 0xC0, 0x03, 0xF9, 0xBB, 0xE4, 0x00, 0xFF, 0xD3, 0xFC, 0x00, 0x04, 0x00, 0x00,
    0x6A, 0xA4, 0x2A, 0xA5, 0xFF, 0x80, 0xBF, 0x80, 0xF8, 0x00, 0x38, 0x02, 0xF0, 0x01, 0xC0, 0x03,
    0xD0, 0x0F, 0x00, 0x0F, 0x80, 0x34, 0x00, 0x1F, 0x02, 0xC0, 0x00, 0x3D, 0x0E, 0x00, 0x00, 0xBC,
    0x74, 0x00, 0x00, 0xF2, 0xC0, 0x00, 0x03, 0xEE, 0x00, 0x00, 0x07, 0xF0, 0x00, 0x00, 0x0F, 0x80,
    0x00, 0x6A, 0xA0, 0x0A, 0x40, 0xAA, 0x87, 0xFE, 0x01, 0xFC, 0x0B, 0xF8, 0x0F, 0x80, 0x3F, 0xC0,
    0x1D, 0x00, 0xBC, 0x03, 0xBD, 0x02, 0xC0, 0x07, 0xC0, 0x72, 0xE0, 0x3C, 0x00, 0x3D, 0x0B, 0x1F,
    0x03, 0x40, 0x03, 0xE0, 0xE0, 0xF0, 0x70, 0x00, 0x1F, 0x0D, 0x0F, 0x4B, 0x00, 0x00, 0xF1, 0xC0,
    0xB8, 0xE0, 0x00, 0x0F, 0x6C, 0x07, 0xCC, 0x00, 0x00, 0xBB, 0x80, 0x3E, 0xC0, 0x00, 0x03, 0xF4,
    0x03, 0xF8, 0x00, 0x00, 0x3F, 0x00, 0x2F, 0x40, 0x00, 0x6A, 0xA4, 0x6A, 0x91, 0xFF, 0x81, 0xFE,
    0x40, 0xBC, 0x02, 0xD0, 0x00, 0xFC, 0x0D, 0x00, 0x00, 0xF8, 0xE0, 0x00, 0x01, 0xFF, 0x00, 0x00,
    0x02, 0xF4, 0x00, 0x00, 0x0F, 0xF0, 0x00, 0x00, 0xB3, 0xF0, 0x00, 0x07, 0x43, 0xE0, 0x00, 0x78,
    0x07, 0xE0, 0x07, 0xE0, 0x1F, 0xE4, 0xFF, 0xF2, 0xFF, 0xF0, 0x6A, 0xA4, 0x2A, 0xA1, 0xFF, 0x90,
    0xBF, 0x80, 0xFC, 0x00, 0x74, 0x01, 0xF0, 0x02, 0xC0, 0x03, 0xD0, 0x0E, 0x00, 0x0B, 0xC0, 0x70,
    0x00, 0x0F, 0x43, 0xC0, 0x00, 0x3E, 0x0D, 0x00, 0x00, 0x7C, 0xB0, 0x00, 0x00, 0xFB, 0x40, 0x00,
    0x02, 0xFC, 0x00, 0x00, 0x03, 0xE0, 0x00, 0x00, 0x0B, 0x00, 0x00, 0x00, 0x3C, 0x00, 0x00, 0x01,
    0xD0, 0x00, 0x0E, 0x0B, 0x00, 0x00, 0xBC, 0x74, 0x00, 0x02, 0xFB, 0x80, 0x00, 0x01, 0xA4, 0x00,
    0x00, 0x00, 0x1A, 0xAA, 0xA8, 0x3F, 0xAA, 0xFC, 0x3C, 0x00, 0xF4, 0x38, 0x03, 0xE0, 0x10, 0x0B,
    0xC0, 0x00, 0x1F, 0x00, 0x00, 0x3D, 0x00, 0x00, 0xF8, 0x00, 0x02, 0xF0, 0x04, 0x07, 0xD0, 0x0D,
    0x0F, 0x80, 0x2D, 0x3F, 0x55, 0xBC, 0x3F, 0xFF, 0xFC, 0x00, 0x64, 0x03, 0xFC, 0x0B, 0x80, 0x0B,
    0x80, 0x0B, 0x80, 0x0B, 0x80, 0x0B, 0x80, 0x07, 0xC0, 0x07, 0xC0, 0x07, 0xC0, 0x07, 0xC0, 0x07,
    0x80, 0x2F, 0x00, 0xBC, 0x00, 0x0F, 0x40, 0x07, 0xC0, 0x07, 0xC0, 0x07, 0xC0, 0x07, 0xC0, 0x07,
    0xC0, 0x0B, 0x80, 0x0B, 0x80, 0x0B, 0x80, 0x0B, 0x80, 0x0B, 0x80, 0x03, 0xF8, 0x00, 0xA8, 0x0B,
    0xBB, 0xBB, 0xBB, 0xBB, 0xBB, 0xBB, 0xBB, 0xBB, 0xBB, 0xBB, 0xB7, 0x19, 0x00, 0x2F, 0xD0, 0x01,
    0xF0, 0x01, 0xF0, 0x01, 0xF0, 0x01, 0xF0, 0x01, 0xF0, 0x02, 0xE0, 0x02, 0xE0, 0x02, 0xE0, 0x02,
    0xE0, 0x01, 0xF0, 0x00, 0xB9, 0x00, 0x2F, 0x00, 0xF4, 0x02, 0xE0, 0x02, 0xE0, 0x02, 0xE0, 0x02,
    0xE0, 0x02, 0xF0, 0x01, 0xF0, 0x01, 0xF0, 0x01, 0xF0, 0x01, 0xF0, 0x01, 0xF0, 0x2B, 0xD0, 0x2A,
    0x00, 0x0A, 0x90, 0x05, 0x3F, 0xFF, 0xFE, 0x30, 0x16, 0xF8, 0x00, 0x7D, 0xBE, 0xBE, 0x14, 0x00,
    0x28, 0x28, 0x28, 0x3C, 0x3C, 0x3C, 0x3C, 0x3C, 0x7D, 0x7D, 0xBE, 0xBE, 0x7D, 0x00, 0x00, 0x00,
    0x00, 0x00, 0x34, 0x00, 0x00, 0xD0, 0x00, 0xBF, 0xF4, 0x0F, 0xAD, 0xF0, 0xF8, 0xA3, 0xE7, 0xC3,
    0x5F, 0xAF, 0x0C, 0x18, 0xB8, 0x30, 0x03, 0xE1, 0xC0, 0x0F, 0xCA, 0x00, 0x2F, 0x34, 0x00, 0x7E,
    0xC0, 0x00, 0xFF, 0x00, 0xD0, 0xFF, 0xFF, 0x00, 0xFF, 0xE0, 0x03, 0x40, 0x00, 0x08, 0x00, 0x00,
    0x00, 0x2F, 0xE0, 0x00, 0x7E, 0xAF, 0x40, 0x7C, 0x02, 0xF0, 0x2E, 0x00, 0xFC, 0x0F, 0x80, 0x2E,
    0x03, 0xE0, 0x00, 0x00, 0xF8, 0x00, 0x00, 0x2F, 0x00, 0x00, 0x07, 0xE0, 0x00, 0x0F, 0xFF, 0xFE,
    0x00, 0x1F, 0x40, 0x00, 0x03, 0xE0, 0x00, 0x00, 0xF8, 0x00, 0x00, 0x3D, 0x00, 0x50, 0x0F, 0x00,
    0x38, 0x0B, 0x00, 0x2E, 0x1F, 0xFF, 0xFF, 0x4F, 0xFF, 0xFF, 0xD0, 0x00, 0x00, 0x00, 0x70, 0x14,
    0x2C, 0x3F, 0xFF, 0xF0, 0x0F, 0x42, 0xE0, 0x1D, 0x00, 0xF0, 0x2D, 0x00, 0xF0, 0x2D, 0x00, 0xB0,
    0x1D, 0x00, 0xF0, 0x0F, 0x01, 0xE0, 0x2F, 0xFF, 0xF0, 0x74, 0x64, 0x3C, 0x10, 0x00, 0x04, 0x2A,
    0xA9, 0x00, 0xAA, 0x93, 0xFF, 0xE0, 0x0F, 0xFD, 0x07, 0xF0, 0x00, 0x2E, 0x00, 0x1F, 0x00, 0x03,
    0xC0, 0x00, 0xFC, 0x00, 0x70, 0x00, 0x03, 0xD0, 0x0E, 0x00, 0x00, 0x2F, 0x02, 0xC0, 0x00, 0x00,
    0xF8, 0x74, 0x00, 0x0A, 0xAF, 0xDF, 0xA8, 0x00, 0xAA, 0xBF, 0xEA, 0x80, 0x00, 0x00, 0xF8, 0x00,
    0x00, 0xAA, 0xAF, 0xEA, 0x80, 0x0A, 0xAA, 0xFE, 0xA8, 0x00, 0x00, 0x0F, 0x40, 0x00, 0x00, 0x00,
    0xF4, 0x00, 0x00, 0x00, 0x0F, 0x40, 0x00, 0x00, 0x06, 0xFD, 0x00, 0x00, 0x01, 0xFF, 0xFC, 0x00,
    0x0B, 0xBB, 0xBB, 0xBB, 0xBB, 0x00, 0x00, 0xBB, 0xBB, 0xBB, 0xBB, 0xB6, 0x00, 0x2F, 0x90, 0x00,
    0x3E, 0xBD, 0x00, 0x3C, 0x0F, 0x80, 0x0F, 0x03, 0xD0, 0x03, 0xC0, 0x00, 0x00, 0xFC, 0x00, 0x01,
    0xFF, 0xC0, 0x00, 0xF1, 0xFE, 0x00, 0x78, 0x1F, 0xF0, 0x1F, 0x00, 0xBF, 0x43, 0xE0, 0x07, 0xF0,
    0xBE, 0x00, 0x3E, 0x0B, 0xF4, 0x07, 0xC0, 0xBF, 0x81, 0xE0, 0x03, 0xFC, 0xB4, 0x00, 0x2F, 0xF8,
    0x00, 0x01, 0xF8, 0x00, 0x00, 0x2E, 0x00, 0x7C, 0x07, 0x80, 0x2F, 0x02, 0xD0, 0x07, 0xEB, 0xE0,
    0x00, 0x6F, 0x90, 0x00, 0x24, 0x09, 0x2F, 0x0F, 0xCB, 0xC3, 0xF0, 0x50, 0x14, 0x00, 0x00, 0x00,
    0x00, 0x00, 0x02, 0xFF, 0xF8, 0x00, 0x01, 0xF9, 0x06, 0xF4, 0x00, 0x78, 0x00, 0x02, 0xD0, 0x0E,
    0x02, 0xFA, 0x4B, 0x02, 0xC1, 0xF4, 0xB4, 0x38, 0x38, 0x3C, 0x02, 0x82, 0xC7, 0x07, 0x80, 0x04,
    0x1D, 0x70, 0xB4, 0x00, 0x00, 0xD7, 0x0B, 0x40, 0x00, 0x0D, 0x70, 0x78, 0x00, 0x00, 0xC3, 0x43,
    0xC0, 0x00, 0x1C, 0x38, 0x2F, 0x02, 0x83, 0x81, 0xD0, 0xBF, 0xE0, 0xB0, 0x0B, 0x40, 0x50, 0x1D,
    0x00, 0x2E, 0x40, 0x1F, 0x40, 0x00, 0x7F, 0xFF, 0x80, 0x00, 0x00, 0x05, 0x00, 0x00, 0x01, 0x90,
    0x00, 0x7A, 0xF8, 0x03, 0xC0, 0xF0, 0x0A, 0x02, 0xD0, 0x00, 0x5F, 0x40, 0x2F, 0xBD, 0x03, 0xD0,
    0xB4, 0x0F, 0x03, 0xD0, 0x3E, 0x6F, 0xD0, 0x2F, 0x8F, 0x80, 0x00, 0x50, 0x20, 0x07, 0x43, 0xC0,
    0x78, 0x3C, 0x07, 0xC3, 0xD0, 0x7D, 0x3E, 0x02, 0xF0, 0xF4, 0x03, 0xE2, 0xF0, 0x03, 0xD2, 0xE0,
    0x03, 0xC2, 0xD0, 0x03, 0x82, 0xC0, 0x00, 0x01, 0x00, 0x00, 0x00, 0x00, 0x3F, 0xFF, 0xFE, 0x15,
    0x55, 0x5E, 0x00, 0x00, 0x0E, 0x00, 0x00, 0x0E, 0x00, 0x00, 0x0E, 0x00, 0x00, 0x00, 0x00, 0x00,
    0x00, 0x7F, 0xD0, 0x1D, 0x5F, 0x83, 0xDB, 0x3D, 0x7D, 0xB3, 0xE7, 0xD4, 0xFE, 0x7D, 0xA7, 0xE3,
    0xDB, 0x2C, 0x1E, 0xBE, 0x40, 0x6F, 0x90, 0x2A, 0xAA, 0x7F, 0xFF, 0x00, 0x00, 0x05, 0x40, 0xFF,
    0x8A, 0x0B, 0x38, 0x1C, 0xB0, 0xB0, 0xFF, 0x40, 0x10, 0x00, 0x00, 0x00, 0x00, 0x00, 0x2C, 0x00,
    0x00, 0x2C, 0x00, 0x00, 0x2C, 0x00, 0x00, 0x2C, 0x00, 0x3F, 0xFF, 0xFE, 0x15, 0x6D, 0x54, 0x00,
    0x2C, 0x00, 0x00, 0x2C, 0x00, 0x00, 0x2C, 0x00, 0x00, 0x14, 0x00, 0x00, 0x00, 0x00, 0x2A, 0xAA,
    0xA9, 0x3F, 0xFF, 0xFE, 0x0B, 0xF8, 0x03, 0xD1, 0xF0, 0x7C, 0x0B, 0x82, 0x80, 0x78, 0x00, 0x0B,
    0x40, 0x00, 0xF0, 0x00, 0x3C, 0x00, 0x0F, 0x00, 0x03, 0xC0, 0xC0, 0xE0, 0x2C, 0x3F, 0xFF, 0xC2,
    0xAA, 0xA4, 0x07, 0xF9, 0x02, 0xD1, 0xF4, 0x3D, 0x07, 0x81, 0x80, 0x78, 0x00, 0x0F, 0x00, 0x0F,
    0xC0, 0x00, 0x6F, 0x40, 0x00, 0x7C, 0x00, 0x03, 0xC2, 0x00, 0x7C, 0x3E, 0xAF, 0x40, 0x7F, 0x90,
    0x00, 0x00, 0x3C, 0x0F, 0xC2, 0xF0, 0x74, 0x00, 0x00, 0x2D, 0x00, 0x2D, 0x03, 0xD0, 0x03, 0xD0,
    0x3D, 0x00, 0x3D, 0x03, 0xD0, 0x03, 0xD0, 0x3D, 0x00, 0x3D, 0x03, 0xC0, 0x03, 0xC0, 0x3C, 0x00,
    0x3C, 0x03, 0xC0, 0x03, 0xC0, 0x3C, 0x00, 0x3C, 0x03, 0xC0, 0x07, 0xC0, 0x3C, 0x00, 0xFD, 0x03,
    0xF9, 0xBE, 0xF5, 0x3E, 0xFF, 0x0F, 0xE3, 0xC1, 0x00, 0x10, 0x3C, 0x00, 0x00, 0x03, 0xD0, 0x00,
    0x00, 0x3D, 0x00, 0x00, 0x03, 0xE0, 0x00, 0x00, 0x15, 0x00, 0x00, 0x00, 0x00, 0x54, 0x6A, 0x01,
    0xFE, 0x3F, 0x80, 0xFF, 0x8F, 0x40, 0xFF, 0xE3, 0xD0, 0x3F, 0xF8, 0xF4, 0x0F, 0xFE, 0x3D, 0x03,
    0xFF, 0x8F, 0x40, 0xFF, 0xE3, 0xD0, 0x3F, 0xF8, 0xF4, 0x0B, 0xFE, 0x3D, 0x00, 0xBF, 0x8F, 0x40,
    0x07, 0xE3, 0xD0, 0x00, 0x00, 0xF4, 0x00, 0x00, 0x3D, 0x00, 0x00, 0x0F, 0x40, 0x00, 0x03, 0xD0,
    0x00, 0x00, 0xF4, 0x00, 0x00, 0x3D, 0x00, 0x00, 0x0F, 0x40, 0x00, 0x03, 0xD0, 0x00, 0x1B, 0xF4,
    0x00, 0x06, 0xA8, 0x00, 0x04, 0x1F, 0x8B, 0xF1, 0xFC, 0x14, 0x00, 0x00, 0x00, 0x90, 0x0E, 0x40,
    0x6E, 0x00, 0xE7, 0xBD, 0x1A, 0x40, 0x1A, 0xC0, 0x2F, 0xD0, 0x03, 0xD0, 0x03, 0xD0, 0x03, 0xD0,
    0x03, 0xD0, 0x03, 0xD0, 0x03, 0xD0, 0x03, 0xD0, 0x03, 0xD0, 0x1B, 0xF4, 0x2A, 0xA9, 0x00, 0x64,
    0x00, 0xBA, 0xF4, 0x1D, 0x03, 0xC3, 0xC0, 0x1E, 0x3C, 0x01, 0xF3, 0xC0, 0x0E, 0x3C, 0x01, 0xE2,
    0xD0, 0x2D, 0x0F, 0x57, 0x80, 0x2F, 0xD0, 0x24, 0x08, 0x00, 0x2D, 0x0E, 0x00, 0x0F, 0x47, 0x80,
    0x03, 0xD2, 0xE0, 0x01, 0xF0, 0xF8, 0x00, 0xF8, 0xBC, 0x02, 0xF0, 0xF4, 0x07, 0xC3, 0xD0, 0x0F,
    0x0B, 0x40, 0x2C, 0x1D, 0x00, 0x10, 0x04, 0x00, 0x1A, 0xC0, 0x00, 0x02, 0xC0, 0x00, 0xBF, 0x40,
    0x00, 0x0D, 0x00, 0x00, 0x3D, 0x00, 0x00, 0xB0, 0x00, 0x00, 0xF4, 0x00, 0x07, 0x40, 0x00, 0x03,
    0xD0, 0x00, 0x3C, 0x00, 0x00, 0x0F, 0x40, 0x01, 0xC0, 0x00, 0x00, 0x3D, 0x00, 0x0E, 0x00, 0xA0,
    0x00, 0xF4, 0x00, 0xB0, 0x0B, 0xD0, 0x03, 0xD0, 0x03, 0x40, 0x7F, 0x40, 0x0F, 0x40, 0x2C, 0x03,
    0x6D, 0x01, 0xBF, 0x41, 0xD0, 0x2C, 0xB4, 0x0A, 0xAA, 0x4F, 0x01, 0xC2, 0xD0, 0x00, 0x00, 0x70,
    0x0D, 0x0B, 0x40, 0x00, 0x03, 0x80, 0xB0, 0x2D, 0x00, 0x00, 0x2C, 0x03, 0xEA, 0xFE, 0x00, 0x00,
    0xD0, 0x0A, 0xAB, 0xF8, 0x00, 0x0F, 0x00, 0x00, 0x0B, 0x40, 0x00, 0x74, 0x00, 0x00, 0x2D, 0x00,
    0x00, 0x40, 0x00, 0x00, 0x00, 0x00, 0x1A, 0xC0, 0x00, 0x02, 0xC0, 0x00, 0xBF, 0x40, 0x00, 0x0D,
    0x00, 0x00, 0x3D, 0x00, 0x00, 0xB0, 0x00, 0x00, 0xF4, 0x00, 0x07, 0x40, 0x00, 0x03, 0xD0, 0x00,
    0x3C, 0x00, 0x00, 0x0F, 0x40, 0x01, 0xC0, 0x00, 0x00, 0x3D, 0x00, 0x0E, 0x0B, 0xF8, 0x00, 0xF4,
    0x00, 0xB0, 0xF4, 0xBC, 0x03, 0xD0, 0x03, 0x47, 0xC0, 0xB8, 0x0F, 0x40, 0x3C, 0x0A, 0x02, 0xE1,
    0xBF, 0x41, 0xD0, 0x00, 0x0F, 0x4A, 0xAA, 0x4F, 0x00, 0x00, 0x78, 0x00, 0x00, 0x70, 0x00, 0x03,
    0xC0, 0x00, 0x03, 0x80, 0x00, 0x3C, 0x00, 0x00, 0x2C, 0x00, 0x03, 0x81, 0x80, 0x00, 0xD0, 0x00,
    0x78, 0x0F, 0x00, 0x0F, 0x00, 0x03, 0xFF, 0xF8, 0x00, 0x74, 0x00, 0x0A, 0xAA, 0x90, 0x01, 0x40,
    0x00, 0x00, 0x00, 0x00, 0x07, 0xF9, 0x00, 0x00, 0x70, 0x00, 0x2D, 0x1F, 0x40, 0x00, 0xE0, 0x00,
    0x3D, 0x07, 0x80, 0x02, 0xC0, 0x00, 0x18, 0x07, 0x80, 0x03, 0x40, 0x00, 0x00, 0x0F, 0x00, 0x0F,
    0x00, 0x00, 0x00, 0xFC, 0x00, 0x1D, 0x00, 0x00, 0x00, 0x6F, 0x40, 0x38, 0x01, 0x80, 0x00, 0x07,
    0xC0, 0xB0, 0x0B, 0xD0, 0x00, 0x03, 0xC0, 0xE0, 0x0F, 0xD0, 0x20, 0x07, 0xC2, 0xC0, 0x3A, 0xD0,
    0x3E, 0xAF, 0x47, 0x40, 0xB2, 0xD0, 0x07, 0xF9, 0x0F, 0x01, 0xC2, 0xD0, 0x00, 0x00, 0x1D, 0x03,
    0x42, 0xD0, 0x00, 0x00, 0x38, 0x0B, 0x02, 0xD0, 0x00, 0x00, 0xB0, 0x0F, 0xAB, 0xF8, 0x00, 0x00,
    0xE0, 0x0A, 0xAB, 0xF8, 0x00, 0x02, 0xC0, 0x00, 0x02, 0xD0, 0x00, 0x07, 0x40, 0x00, 0x02, 0xD0,
    0x00, 0x01, 0x00, 0x00, 0x00, 0x00, 0x00, 0x00, 0x00, 0x0F, 0x80, 0x01, 0xFC, 0x00, 0x0F, 0xC0,
    0x00, 0x10, 0x00, 0x00, 0x00, 0x00, 0x70, 0x00, 0x07, 0x00, 0x00, 0xB0, 0x00, 0x1F, 0x00, 0x07,
    0xE0, 0x01, 0xFC, 0x00, 0x3F, 0x00, 0x0B, 0xC0, 0x00, 0xF8, 0x02, 0xDF, 0x80, 0x3F, 0xBC, 0x02,
    0xE3, 0xF5, 0x7C, 0x0B, 0xFE, 0x00, 0x00, 0x00, 0x00, 0x00, 0x00, 0x00, 0x00, 0x00, 0x74, 0x00,
    0x00, 0x00, 0x0B, 0xD0, 0x00, 0x00, 0x00, 0x2F, 0x80, 0x00, 0x00, 0x00, 0x1D, 0x00, 0x00, 0x00,
    0x00, 0x00, 0x00, 0x00, 0x00, 0xA4, 0x00, 0x00, 0x00, 0x1F, 0xC0, 0x00, 0x00, 0x03, 0xFD, 0x00,
    0x00, 0x00, 0x37, 0xE0, 0x00, 0x00, 0x07, 0x1F, 0x00, 0x00, 0x00, 0xF0, 0xF4, 0x00, 0x00, 0x0D,
    0x0F, 0x80, 0x00, 0x02, 0xC0, 0x7C, 0x00, 0x00, 0x38, 0x03, 0xD0, 0x00, 0x03, 0x40, 0x3F, 0x00,
    0x00, 0xB0, 0x02, 0xF0, 0x00, 0x0F, 0xFF, 0xFF, 0x40, 0x01, 0xD0, 0x00, 0xFC, 0x00, 0x2C, 0x00,
    0x07, 0xC0, 0x03, 0x80, 0x00, 0x3E, 0x00, 0x74, 0x00, 0x03, 0xF0, 0x1F, 0x90, 0x00, 0x7F, 0x9B,
    0xFF, 0x40, 0x2F, 0xFF, 0x00, 0x00, 0x00, 0x00, 0x00, 0x00, 0x00, 0xB0, 0x00, 0x00, 0x00, 0x3F,
    0x00, 0x00, 0x00, 0x0F, 0xD0, 0x00, 0x00, 0x03, 0x90, 0x00, 0x00, 0x00, 0x00, 0x00, 0x00, 0x00,
    0x00, 0xA4, 0x00, 0x00, 0x00, 0x1F, 0xC0, 0x00, 0x00, 0x03, 0xFD, 0x00, 0x00, 0x00, 0x37, 0xE0,
    0x00, 0x00, 0x07, 0x1F, 0x00, 0x00, 0x00, 0xF0, 0xF4, 0x00, 0x00, 0x0D, 0x0F, 0x80, 0x00, 0x02,
    0xC0, 0x7C, 0x00, 0x00, 0x38, 0x03, 0xD0, 0x00, 0x03, 0x40, 0x3F, 0x00, 0x00, 0xB0, 0x02, 0xF0,
    0x00, 0x0F, 0xFF, 0xFF, 0x40, 0x01, 0xD0, 0x00, 0xFC, 0x00, 0x2C, 0x00, 0x07, 0xC0, 0x03, 0x80,
    0x00, 0x3E, 0x00, 0x74, 0x00, 0x03, 0xF0, 0x1F, 0x90, 0x00, 0x7F, 0x9B, 0xFF, 0x40, 0x2F, 0xFF,
    0x00, 0x00, 0x00, 0x00, 0x00, 0x00, 0x0F, 0x40, 0x00, 0x00, 0x03, 0xFD, 0x00, 0x00, 0x00, 0xB9,
    0xF4, 0x00, 0x00, 0x2D, 0x01, 0xC0, 0x00, 0x00, 0x00, 0x00, 0x00, 0x00, 0x00, 0xA4, 0x00, 0x00,
    0x00, 0x1F, 0xC0, 0x00, 0x00, 0x03, 0xFD, 0x00, 0x00, 0x00, 0x37, 0xE0, 0x00, 0x00, 0x07, 0x1F,
    0x00, 0x00, 0x00, 0xF0, 0xF4, 0x00, 0x00, 0x0D, 0x0F, 0x80, 0x00, 0x02, 0xC0, 0x7C, 0x00, 0x00,
    0x38, 0x03, 0xD0, 0x00, 0x03, 0x40, 0x3F, 0x00, 0x00, 0xB0, 0x02, 0xF0, 0x00, 0x0F, 0xFF, 0xFF,
    0x40, 0x01, 0xD0, 0x00, 0xFC, 0x00, 0x2C, 0x00, 0x07, 0xC0, 0x03, 0x80, 0x00, 0x3E, 0x00, 0x74,
    0x00, 0x03, 0xF0, 0x1F, 0x90, 0x00, 0x7F, 0x9B, 0xFF, 0x40, 0x2F, 0xFF, 0x00, 0x01, 0x40, 0x00,
    0x00, 0x00, 0xFF, 0x9D, 0x00, 0x00, 0x29, 0xFF, 0xC0, 0x00, 0x00, 0x00, 0x50, 0x00, 0x00, 0x00,
    0x00, 0x00, 0x00, 0x00, 0x0A, 0x40, 0x00, 0x00, 0x01, 0xFC, 0x00, 0x00, 0x00, 0x3F, 0xD0, 0x00,
    0x00, 0x03, 0x7E, 0x00, 0x00, 0x00, 0x71, 0xF0, 0x00, 0x00, 0x0F, 0x0F, 0x40, 0x00, 0x00, 0xD0,
    0xF8, 0x00, 0x00, 0x2C, 0x07, 0xC0, 0x00, 0x03, 0x80, 0x3D, 0x00, 0x00, 0x34, 0x03, 0xF0, 0x00,
    0x0B, 0x00, 0x2F, 0x00, 0x00, 0xFF, 0xFF, 0xF4, 0x00, 0x1D, 0x00, 0x0F, 0xC0, 0x02, 0xC0, 0x00,
    0x7C, 0x00, 0x38, 0x00, 0x03, 0xE0, 0x07, 0x40, 0x00, 0x3F, 0x01, 0xF9, 0x00, 0x07, 0xF9, 0xBF,
    0xF4, 0x02, 0xFF, 0xF0, 0x00, 0x09, 0x02, 0x40, 0x00, 0x03, 0xF4, 0xBD, 0x00, 0x00, 0x2F, 0x0B,
    0xD0, 0x00, 0x00, 0x50, 0x14, 0x00, 0x00, 0x00, 0x00, 0x00, 0x00, 0x00, 0x0A, 0x40, 0x00, 0x00,
    0x01, 0xFC, 0x00, 0x00, 0x00, 0x3F, 0xD0, 0x00, 0x00, 0x03, 0x7E, 0x00, 0x00, 0x00, 0x71, 0xF0,
    0x00, 0x00, 0x0F, 0x0F, 0x40, 0x00, 0x00, 0xD0, 0xF8, 0x00, 0x00, 0x2C, 0x07, 0xC0, 0x00, 0x03,
    0x80, 0x3D, 0x00, 0x00, 0x34, 0x03, 0xF0, 0x00, 0x0B, 0x00, 0x2F, 0x00, 0x00, 0xFF, 0xFF, 0xF4,
    0x00, 0x1D, 0x00, 0x0F, 0xC0, 0x02, 0xC0, 0x00, 0x7C, 0x00, 0x38, 0x00, 0x03, 0xE0, 0x07, 0x40,
    0x00, 0x3F, 0x01, 0xF9, 0x00, 0x07, 0xF9, 0xBF, 0xF4, 0x02, 0xFF, 0xF0, 0x00, 0x00, 0xA8, 0x00,
    0x00, 0x00, 0x39, 0xE0, 0x00, 0x00, 0x07, 0x0B, 0x00, 0x00, 0x00, 0x70, 0xB0, 0x00, 0x00, 0x03,
    0xFD, 0x00, 0x00, 0x00, 0x05, 0x00, 0x00, 0x00, 0x00, 0xA4, 0x00, 0x00, 0x00, 0x1F, 0xC0, 0x00,
    0x00, 0x03, 0xFD, 0x00, 0x00, 0x00, 0x37, 0xE0, 0x00, 0x00, 0x07, 0x1F, 0x00, 0x00, 0x00, 0xF0,
    0xF4, 0x00, 0x00, 0x0D, 0x0F, 0x80, 0x00, 0x02, 0xC0, 0x7C, 0x00, 0x00, 0x38, 0x03, 0xD0, 0x00,
    0x03, 0x40, 0x3F, 0x00, 0x00, 0xB0, 0x02, 0xF0, 0x00, 0x0F, 0xFF, 0xFF, 0x40, 0x01, 0xD0, 0x00,
    0xFC, 0x00, 0x2C, 0x00, 0x07, 0xC0, 0x03, 0x80, 0x00, 0x3E, 0x00, 0x74, 0x00, 0x03, 0xF0, 0x1F,
    0x90, 0x00, 0x7F, 0x9B, 0xFF, 0x40, 0x2F, 0xFF, 0x00, 0x00, 0xAA, 0xAA, 0xAA, 0xA0, 0x00, 0x00,
    0xBF, 0xFF, 0xFF, 0xF4, 0x00, 0x00, 0x3C, 0x3C, 0x00, 0xB8, 0x00, 0x00, 0x74, 0x3C, 0x00, 0x3C,
    0x00, 0x00, 0xF0, 0x3C, 0x00, 0x18, 0x00, 0x01, 0xD0, 0x3C, 0x00, 0x00, 0x00, 0x03, 0xC0, 0x3C,
    0x00, 0x40, 0x00, 0x07, 0x40, 0x3C, 0x01, 0xC0, 0x00, 0x0F, 0x55, 0x7D, 0x57, 0xC0, 0x00, 0x1F,
    0xFF, 0xFF, 0xFF, 0xC0, 0x00, 0x3C, 0x00, 0x7D, 0x03, 0xC0, 0x00, 0x74, 0x00, 0x3C, 0x01, 0xC0,
    0x00, 0xF0, 0x00, 0x3C, 0x00, 0x00, 0x01, 0xD0, 0x00, 0x3C, 0x00, 0x09, 0x03, 0xC0, 0x00, 0x3C,
    0x00, 0x0D, 0x07, 0x80, 0x00, 0x3C, 0x00, 0x2D, 0x1F, 0x90, 0x01, 0xBD, 0x55, 0xBC, 0xBF, 0xF4,
    0x07, 0xFF, 0xFF, 0xFC, 0x00, 0x1B, 0xE4, 0x70, 0x01, 0xFF, 0xBF, 0xF0, 0x07, 0xD0, 0x03, 0xF0,
    0x0F, 0x40, 0x00, 0xF4, 0x2F, 0x00, 0x00, 0x38, 0x3D, 0x00, 0x00, 0x38, 0x7C, 0x00, 0x00, 0x00,
    0xBC, 0x00, 0x00, 0x00, 0xBC, 0x00, 0x00, 0x00, 0xBC, 0x00, 0x00, 0x00, 0xBC, 0x00, 0x00, 0x00,
    0xBC, 0x00, 0x00, 0x00, 0x3D, 0x00, 0x00, 0x00, 0x3F, 0x00, 0x00, 0x00, 0x1F, 0x80, 0x00, 0x28,
    0x0B, 0xE0, 0x00, 0xB4, 0x02, 0xFE, 0x5B, 0xE0, 0x00, 0x7F, 0xFE, 0x40, 0x00, 0x03, 0x80, 0x00,
    0x00, 0x03, 0x90, 0x00, 0x00, 0x01, 0xB8, 0x00, 0x00, 0x00, 0x38, 0x00, 0x00, 0x1E, 0xF4, 0x00,
    0x00, 0x06, 0x90, 0x00, 0x00, 0x00, 0x00, 0x00, 0x0B, 0x00, 0x00, 0x00, 0xFC, 0x00, 0x00, 0x02,
    0xF4, 0x00, 0x00, 0x02, 0xC0, 0x00, 0x00, 0x00, 0x00, 0x2A, 0xAA, 0xAA, 0x07, 0xFF, 0xFF, 0xF4,
    0x07, 0xD0, 0x0B, 0x80, 0x3D, 0x00, 0x3C, 0x03, 0xD0, 0x01, 0x80, 0x3D, 0x00, 0x00, 0x03, 0xD0,
    0x08, 0x00, 0x3D, 0x02, 0xC0, 0x03, 0xFA, 0xFC, 0x00, 0x3F, 0xFF, 0xC0, 0x03, 0xD0, 0x2C, 0x00,
    0x3D, 0x01, 0x80, 0x03, 0xD0, 0x00, 0x00, 0x3D, 0x00, 0x09, 0x03, 0xD0, 0x00, 0xD0, 0x3D, 0x00,
    0x2D, 0x1B, 0xD5, 0x5B, 0xC7, 0xFF, 0xFF, 0xFC, 0x00, 0x00, 0x00, 0x00, 0x00, 0x0E, 0x00, 0x00,
    0x03, 0xF0, 0x00, 0x01, 0xF8, 0x00, 0x00, 0x38, 0x00, 0x00, 0x00, 0x00, 0x00, 0x2A, 0xAA, 0xAA,
    0x07, 0xFF, 0xFF, 0xF4, 0x07, 0xD0, 0x0B, 0x80, 0x3D, 0x00, 0x3C, 0x03, 0xD0, 0x01, 0x80, 0x3D,
    0x00, 0x00, 0x03, 0xD0, 0x08, 0x00, 0x3D, 0x02, 0xC0, 0x03, 0xFA, 0xFC, 0x00, 0x3F, 0xFF, 0xC0,
    0x03, 0xD0, 0x2C, 0x00, 0x3D, 0x01, 0x80, 0x03, 0xD0, 0x00, 0x00, 0x3D, 0x00, 0x09, 0x03, 0xD0,
    0x00, 0xD0, 0x3D, 0x00, 0x2D, 0x1B, 0xD5, 0x5B, 0xC7, 0xFF, 0xFF, 0xFC, 0x00, 0x00, 0x00, 0x00,
    0x00, 0xF4, 0x00, 0x00, 0x3F, 0xC0, 0x00, 0x0F, 0x5F, 0x00, 0x03, 0x80, 0x2C, 0x00, 0x00, 0x00,
    0x00, 0x2A, 0xAA, 0xAA, 0x07, 0xFF, 0xFF, 0xF4, 0x07, 0xD0, 0x0B, 0x80, 0x3D, 0x00, 0x3C, 0x03,
    0xD0, 0x01, 0x80, 0x3D, 0x00, 0x00, 0x03, 0xD0, 0x08, 0x00, 0x3D, 0x02, 0xC0, 0x03, 0xFA, 0xFC,
    0x00, 0x3F, 0xFF, 0xC0, 0x03, 0xD0, 0x2C, 0x00, 0x3D, 0x01, 0x80, 0x03, 0xD0, 0x00, 0x00, 0x3D,
    0x00, 0x09, 0x03, 0xD0, 0x00, 0xD0, 0x3D, 0x00, 0x2D, 0x1B, 0xD5, 0x5B, 0xC7, 0xFF, 0xFF, 0xFC,
    0x01, 0x90, 0x64, 0x00, 0x3F, 0x0F, 0xC0, 0x03, 0xF0, 0xFC, 0x00, 0x04, 0x01, 0x00, 0x00, 0x00,
    0x00, 0x02, 0xAA, 0xAA, 0xA0, 0x7F, 0xFF, 0xFF, 0x40, 0x7D, 0x00, 0xB8, 0x03, 0xD0, 0x03, 0xC0,
    0x3D, 0x00, 0x18, 0x03, 0xD0, 0x00, 0x00, 0x3D, 0x00, 0x80, 0x03, 0xD0, 0x2C, 0x00, 0x3F, 0xAF,
    0xC0, 0x03, 0xFF, 0xFC, 0x00, 0x3D, 0x02, 0xC0, 0x03, 0xD0, 0x18, 0x00, 0x3D, 0x00, 0x00, 0x03,
    0xD0, 0x00, 0x90, 0x3D, 0x00, 0x0D, 0x03, 0xD0, 0x02, 0xD1, 0xBD, 0x55, 0xBC, 0x7F, 0xFF, 0xFF,
    0xC0, 0x00, 0x00, 0x2C, 0x00, 0x3F, 0x40, 0x0B, 0xD0, 0x00, 0xB0, 0x00, 0x00, 0x2A, 0xA9, 0x7F,
    0xFD, 0x03, 0xD0, 0x03, 0xD0, 0x03, 0xD0, 0x03, 0xD0, 0x03, 0xD0, 0x03, 0xD0, 0x03, 0xD0, 0x03,
    0xD0, 0x03, 0xD0, 0x03, 0xD0, 0x03, 0xD0, 0x03, 0xD0, 0x03, 0xD0, 0x03, 0xD0, 0x1B, 0xF4, 0x7F,
    0xFE, 0x00, 0x00, 0x00, 0x3C, 0x00, 0xFC, 0x03, 0xF0, 0x0E, 0x00, 0x00, 0x00, 0x2A, 0xA9, 0x7F,
    0xFD, 0x03, 0xD0, 0x03, 0xD0, 0x03, 0xD0, 0x03, 0xD0, 0x03, 0xD0, 0x03, 0xD0, 0x03, 0xD0, 0x03,
    0xD0, 0x03, 0xD0, 0x03, 0xD0, 0x03, 0xD0, 0x03, 0xD0, 0x03, 0xD0, 0x03, 0xD0, 0x1B, 0xF4, 0x7F,
    0xFE, 0x00, 0x00, 0x00, 0xF4, 0x00, 0xFF, 0x00, 0xF9, 0xF0, 0xA0, 0x0B, 0x00, 0x00, 0x02, 0xAA,
    0x91, 0xFF, 0xF4, 0x03, 0xD0, 0x00, 0xF4, 0x00, 0x3D, 0x00, 0x0F, 0x40, 0x03, 0xD0, 0x00, 0xF4,
    0x00, 0x3D, 0x00, 0x0F, 0x40, 0x03, 0xD0, 0x00, 0xF4, 0x00, 0x3D, 0x00, 0x0F, 0x40, 0x03, 0xD0,
    0x00, 0xF4, 0x01, 0xBF, 0x41, 0xFF, 0xF8, 0x19, 0x02, 0x43, 0xF0, 0xFC, 0x3F, 0x0F, 0xC0, 0x40,
    0x10, 0x00, 0x00, 0x00, 0xAA, 0xA4, 0x1F, 0xFF, 0x40, 0x0F, 0x40, 0x00, 0xF4, 0x00, 0x0F, 0x40,
    0x00, 0xF4, 0x00, 0x0F, 0x40, 0x00, 0xF4, 0x00, 0x0F, 0x40, 0x00, 0xF4, 0x00, 0x0F, 0x40, 0x00,
    0xF4, 0x00, 0x0F, 0x40, 0x00, 0xF4, 0x00, 0x0F, 0x40, 0x00, 0xF4, 0x00, 0x6F, 0xD0, 0x1F, 0xFF,
    0x80, 0x0A, 0xAA, 0x95, 0x00, 0x01, 0xFF, 0xFF, 0xFE, 0x00, 0x01, 0xF4, 0x01, 0xFD, 0x00, 0x0F,
    0x40, 0x02, 0xF4, 0x00, 0xF4, 0x00, 0x0F, 0xC0, 0x0F, 0x40, 0x00, 0x7D, 0x00, 0xF4, 0x00, 0x03,
    0xE0, 0x0F, 0x40, 0x00, 0x3F, 0x3F, 0xFF, 0xF8, 0x03, 0xF2, 0xBF, 0xEA, 0x80, 0x3F, 0x00, 0xF4,
    0x00, 0x03, 0xE0, 0x0F, 0x40, 0x00, 0x3E, 0x00, 0xF4, 0x00, 0x07, 0xC0, 0x0F, 0x40, 0x00, 0xB8,
    0x00, 0xF4, 0x00, 0x1F, 0x00, 0x0F, 0x40, 0x07, 0xD0, 0x06, 0xF9, 0x5B, 0xF0, 0x01, 0xFF, 0xFF,
    0xE0, 0x00, 0x00, 0x01, 0x40, 0x00, 0x00, 0x00, 0x3F, 0xE7, 0x00, 0x00, 0x02, 0x9F, 0xFC, 0x00,
    0x00, 0x00, 0x01, 0x40, 0x00, 0x00, 0x00, 0x00, 0x00, 0x00, 0xAA, 0x80, 0x01, 0xAA, 0x87, 0xFF,
    0x80, 0x0B, 0xFF, 0x01, 0xFF, 0x40, 0x02, 0xC0, 0x07, 0xBF, 0x00, 0x0B, 0x00, 0x1D, 0x7D, 0x00,
    0x2C, 0x00, 0x74, 0xFC, 0x00, 0xB0, 0x01, 0xD1, 0xF8, 0x02, 0xC0, 0x07, 0x42, 0xF0, 0x0B, 0x00,
    0x1D, 0x03, 0xE0, 0x2C, 0x00, 0x74, 0x0B, 0xD0, 0xB0, 0x01, 0xD0, 0x0F, 0xC2, 0xC0, 0x07, 0x40,
    0x1F, 0x4B, 0x00, 0x1D, 0x00, 0x2F, 0x2C, 0x00, 0x74, 0x00, 0x3E, 0xB0, 0x01, 0xD0, 0x00, 0xBF,
    0xC0, 0x07, 0x40, 0x00, 0xFF, 0x00, 0x6F, 0x40, 0x01, 0xFC, 0x07, 0xFF, 0x80, 0x03, 0xF0, 0x00,
    0x00, 0x00, 0x00, 0x00, 0x00, 0x03, 0x80, 0x00, 0x00, 0x01, 0xF8, 0x00, 0x00, 0x00, 0x1F, 0x80,
    0x00, 0x00, 0x00, 0x78, 0x00, 0x00, 0x00, 0x00, 0x00, 0x00, 0x01, 0xBF, 0x90, 0x00, 0x03, 0xFE,
    0xFF, 0x40, 0x07, 0xE0, 0x02, 0xF4, 0x03, 0xD0, 0x00, 0x2F, 0x02, 0xF0, 0x00, 0x03, 0xF0, 0xF4,
    0x00, 0x00, 0xBC, 0x7C, 0x00, 0x00, 0x1F, 0xAF, 0x00, 0x00, 0x03, 0xEB, 0xC0, 0x00, 0x00, 0xFA,
    0xF0, 0x00, 0x00, 0x3E, 0xBC, 0x00, 0x00, 0x0F, 0xAF, 0x00, 0x00, 0x03, 0xD7, 0xD0, 0x00, 0x01,
    0xF0, 0xFC, 0x00, 0x00, 0xBC, 0x2F, 0x40, 0x00, 0x3D, 0x03, 0xF4, 0x00, 0x3E, 0x00, 0x2F, 0xD5,
    0xBE, 0x00, 0x01, 0xFF, 0xFD, 0x00, 0x00, 0x01, 0x40, 0x00, 0x00, 0x00, 0x00, 0x00, 0x00, 0x00,
    0x00, 0x07, 0x40, 0x00, 0x00, 0x0B, 0xD0, 0x00, 0x00, 0x0B, 0xD0, 0x00, 0x00, 0x0B, 0x40, 0x00,
    0x00, 0x00, 0x00, 0x00, 0x00, 0x01, 0xBF, 0x90, 0x00, 0x03, 0xFE, 0xFF, 0x40, 0x07, 0xE0, 0x02,
    0xF4, 0x03, 0xD0, 0x00, 0x2F, 0x02, 0xF0, 0x00, 0x03, 0xF0, 0xF4, 0x00, 0x00, 0xBC, 0x7C, 0x00,
    0x00, 0x1F, 0xAF, 0x00, 0x00, 0x03, 0xEB, 0xC0, 0x00, 0x00, 0xFA, 0xF0, 0x00, 0x00, 0x3E, 0xBC,
    0x00, 0x00, 0x0F, 0xAF, 0x00, 0x00, 0x03, 0xD7, 0xD0, 0x00, 0x01, 0xF0, 0xFC, 0x00, 0x00, 0xBC,
    0x2F, 0x40, 0x00, 0x3D, 0x03, 0xF4, 0x00, 0x3E, 0x00, 0x2F, 0xD5, 0xBE, 0x00, 0x01, 0xFF, 0xFD,
    0x00, 0x00, 0x01, 0x40, 0x00, 0x00, 0x00, 0x00, 0x40, 0x00, 0x00, 0x00, 0xB8, 0x00, 0x00, 0x00,
    0xBF, 0x80, 0x00, 0x00, 0xBD, 0xB8, 0x00, 0x00, 0x74, 0x07, 0x40, 0x00, 0x00, 0x00, 0x00, 0x00,
    0x01, 0xBF, 0x90, 0x00, 0x03, 0xFE, 0xFF, 0x40, 0x07, 0xE0, 0x02, 0xF4, 0x03, 0xD0, 0x00, 0x2F,
    0x02, 0xF0, 0x00, 0x03, 0xF0, 0xF4, 0x00, 0x00, 0xBC, 0x7C, 0x00, 0x00, 0x1F, 0xAF, 0x00, 0x00,
    0x03, 0xEB, 0xC0, 0x00, 0x00, 0xFA, 0xF0, 0x00, 0x00, 0x3E, 0xBC, 0x00, 0x00, 0x0F, 0xAF, 0x00,
    0x00, 0x03, 0xD7, 0xD0, 0x00, 0x01, 0xF0, 0xFC, 0x00, 0x00, 0xBC, 0x2F, 0x40, 0x00, 0x3D, 0x03,
    0xF4, 0x00, 0x3E, 0x00, 0x2F, 0xD5, 0xBE, 0x00, 0x01, 0xFF, 0xFD, 0x00, 0x00, 0x01, 0x40, 0x00,
    0x00, 0x00, 0x05, 0x00, 0x00, 0x00, 0x0F, 0xF9, 0xA0, 0x00, 0x07, 0x6F, 0xF0, 0x00, 0x00, 0x00,
    0x60, 0x00, 0x00, 0x00, 0x00, 0x00, 0x00, 0x06, 0xFE, 0x40, 0x00, 0x0F, 0xFB, 0xFD, 0x00, 0x1F,
    0x80, 0x0B, 0xD0, 0x0F, 0x40, 0x00, 0xBC, 0x0B, 0xC0, 0x00, 0x0F, 0xC3, 0xD0, 0x00, 0x02, 0xF1,
    0xF0, 0x00, 0x00, 0x7E, 0xBC, 0x00, 0x00, 0x0F, 0xAF, 0x00, 0x00, 0x03, 0xEB, 0xC0, 0x00, 0x00,
    0xFA, 0xF0, 0x00, 0x00, 0x3E, 0xBC, 0x00, 0x00, 0x0F, 0x5F, 0x40, 0x00, 0x07, 0xC3, 0xF0, 0x00,
    0x02, 0xF0, 0xBD, 0x00, 0x00, 0xF4, 0x0F, 0xD0, 0x00, 0xF8, 0x00, 0xBF, 0x56, 0xF8, 0x00, 0x07,
    0xFF, 0xF4, 0x00, 0x00, 0x05, 0x00, 0x00, 0x00, 0x28, 0x0A, 0x00, 0x00, 0x2F, 0x87, 0xE0, 0x00,
    0x07, 0xD1, 0xF8, 0x00, 0x00, 0x50, 0x14, 0x00, 0x00, 0x00, 0x00, 0x00, 0x00, 0x06, 0xFE, 0x40,
    0x00, 0x0F, 0xFB, 0xFD, 0x00, 0x1F, 0x80, 0x0B, 0xD0, 0x0F, 0x40, 0x00, 0xBC, 0x0B, 0xC0, 0x00,
    0x0F, 0xC3, 0xD0, 0x00, 0x02, 0xF1, 0xF0, 0x00, 0x00, 0x7E, 0xBC, 0x00, 0x00, 0x0F, 0xAF, 0x00,
    0x00, 0x03, 0xEB, 0xC0, 0x00, 0x00, 0xFA, 0xF0, 0x00, 0x00, 0x3E, 0xBC, 0x00, 0x00, 0x0F, 0x5F,
    0x40, 0x00, 0x07, 0xC3, 0xF0, 0x00, 0x02, 0xF0, 0xBD, 0x00, 0x00, 0xF4, 0x0F, 0xD0, 0x00, 0xF8,
    0x00, 0xBF, 0x56, 0xF8, 0x00, 0x07, 0xFF, 0xF4, 0x00, 0x00, 0x05, 0x00, 0x00, 0x00, 0x00, 0x03,
    0x40, 0x0D, 0x2D, 0x03, 0xC0, 0xB4, 0xF0, 0x02, 0xFC, 0x00, 0x0F, 0x80, 0x03, 0xED, 0x00, 0xF0,
    0xB4, 0x3C, 0x02, 0xD2, 0x00, 0x08, 0x00, 0x06, 0xFE, 0x41, 0xE0, 0x00, 0xFF, 0xBF, 0xDF, 0x00,
    0x1F, 0x80, 0x0B, 0xF0, 0x00, 0xF4, 0x00, 0x0F, 0xD0, 0x0B, 0xC0, 0x00, 0xBF, 0xC0, 0x3D, 0x00,
    0x07, 0xAF, 0x01, 0xF0, 0x00, 0x78, 0x7D, 0x0B, 0xC0, 0x03, 0xC0, 0xF8, 0x2F, 0x00, 0x3C, 0x03,
    0xE0, 0xBC, 0x02, 0xC0, 0x0F, 0x82, 0xF0, 0x2D, 0x00, 0x3E, 0x0B, 0xC1, 0xE0, 0x00, 0xF4, 0x1F,
    0x4E, 0x00, 0x07, 0xC0, 0x3F, 0xF0, 0x00, 0x2F, 0x00, 0xBF, 0x00, 0x00, 0xF4, 0x00, 0xFD, 0x00,
    0x0F, 0x80, 0x0B, 0xFF, 0x56, 0xF8, 0x00, 0x78, 0x7F, 0xFF, 0x40, 0x01, 0x40, 0x05, 0x00, 0x00,
    0x00, 0x00, 0x00, 0x00, 0x00, 0x00, 0x00, 0x1D, 0x00, 0x00, 0x00, 0x00, 0x7E, 0x00, 0x00, 0x00,
    0x00, 0xBE, 0x00, 0x00, 0x00, 0x00, 0x1E, 0x00, 0x00, 0x00, 0x00, 0x00, 0x00, 0x06, 0xAA, 0x80,
    0x0A, 0xAA, 0x2F, 0xFF, 0x00, 0x2F, 0xF8, 0x0B, 0xC0, 0x00, 0x0F, 0x00, 0x2F, 0x00, 0x00, 0x3C,
    0x00, 0xBC, 0x00, 0x00, 0xF0, 0x02, 0xF0, 0x00, 0x03, 0xC0, 0x0B, 0xC0, 0x00, 0x0F, 0x00, 0x2F,
    0x00, 0x00, 0x3C, 0x00, 0xBC, 0x00, 0x00, 0xF0, 0x02, 0xF0, 0x00, 0x03, 0xC0, 0x0B, 0xC0, 0x00,
    0x0F, 0x00, 0x2F, 0x00, 0x00, 0x3C, 0x00, 0x7C, 0x00, 0x00, 0xF0, 0x01, 0xF0, 0x00, 0x03, 0x80,
    0x03, 0xD0, 0x00, 0x2D, 0x00, 0x0B, 0xC0, 0x01, 0xF0, 0x00, 0x0F, 0xE5, 0x6F, 0x00, 0x00, 0x0B,
    0xFF, 0xE0, 0x00, 0x00, 0x00, 0x50, 0x00, 0x00, 0x00, 0x00, 0x00, 0x00, 0x00, 0x00, 0x00, 0x2C,
    0x00, 0x00, 0x00, 0x02, 0xF4, 0x00, 0x00, 0x00, 0x3F, 0x40, 0x00, 0x00, 0x02, 0xD0, 0x00, 0x00,
    0x00, 0x00, 0x00, 0x00, 0x06, 0xAA, 0x80, 0x0A, 0xAA, 0x2F, 0xFF, 0x00, 0x2F, 0xF8, 0x0B, 0xC0,
    0x00, 0x0F, 0x00, 0x2F, 0x00, 0x00, 0x3C, 0x00, 0xBC, 0x00, 0x00, 0xF0, 0x02, 0xF0, 0x00, 0x03,
    0xC0, 0x0B, 0xC0, 0x00, 0x0F, 0x00, 0x2F, 0x00, 0x00, 0x3C, 0x00, 0xBC, 0x00, 0x00, 0xF0, 0x02,
    0xF0, 0x00, 0x03, 0xC0, 0x0B, 0xC0, 0x00, 0x0F, 0x00, 0x2F, 0x00, 0x00, 0x3C, 0x00, 0x7C, 0x00,
    0x00, 0xF0, 0x01, 0xF0, 0x00, 0x03, 0x80, 0x03, 0xD0, 0x00, 0x2D, 0x00, 0x0B, 0xC0, 0x01, 0xF0,
    0x00, 0x0F, 0xE5, 0x6F, 0x00, 0x00, 0x0B, 0xFF, 0xE0, 0x00, 0x00, 0x00, 0x50, 0x00, 0x00, 0x00,
    0x00, 0x10, 0x00, 0x00, 0x00, 0x03, 0xE0, 0x00, 0x00, 0x00, 0x2F, 0xE0, 0x00, 0x00, 0x02, 0xE7,
    0xD0, 0x00, 0x00, 0x1D, 0x01, 0xC0, 0x00, 0x00, 0x00, 0x00, 0x00, 0x06, 0xAA, 0x80, 0x0A, 0xAA,
    0x2F, 0xFF, 0x00, 0x2F, 0xF8, 0x0B, 0xC0, 0x00, 0x0F, 0x00, 0x2F, 0x00, 0x00, 0x3C, 0x00, 0xBC,
    0x00, 0x00, 0xF0, 0x02, 0xF0, 0x00, 0x03, 0xC0, 0x0B, 0xC0, 0x00, 0x0F, 0x00, 0x2F, 0x00, 0x00,
    0x3C, 0x00, 0xBC, 0x00, 0x00, 0xF0, 0x02, 0xF0, 0x00, 0x03, 0xC0, 0x0B, 0xC0, 0x00, 0x0F, 0x00,
    0x2F, 0x00, 0x00, 0x3C, 0x00, 0x7C, 0x00, 0x00, 0xF0, 0x01, 0xF0, 0x00, 0x03, 0x80, 0x03, 0xD0,
    0x00, 0x2D, 0x00, 0x0B, 0xC0, 0x01, 0xF0, 0x00, 0x0F, 0xE5, 0x6F, 0x00, 0x00, 0x0B, 0xFF, 0xE0,
    0x00, 0x00, 0x00, 0x50, 0x00, 0x00, 0x00, 0x09, 0x02, 0x80, 0x00, 0x00, 0xBD, 0x2F, 0x40, 0x00,
    0x02, 0xF4, 0xBD, 0x00, 0x00, 0x01, 0x40, 0x50, 0x00, 0x00, 0x00, 0x00, 0x00, 0x01, 0xAA, 0xA0,
    0x02, 0xAA, 0x8B, 0xFF, 0xC0, 0x0B, 0xFE, 0x02, 0xF0, 0x00, 0x03, 0xC0, 0x0B, 0xC0, 0x00, 0x0F,
    0x00, 0x2F, 0x00, 0x00, 0x3C, 0x00, 0xBC, 0x00, 0x00, 0xF0, 0x02, 0xF0, 0x00, 0x03, 0xC0, 0x0B,
    0xC0, 0x00, 0x0F, 0x00, 0x2F, 0x00, 0x00, 0x3C, 0x00, 0xBC, 0x00, 0x00, 0xF0, 0x02, 0xF0, 0x00,
    0x03, 0xC0, 0x0B, 0xC0, 0x00, 0x0F, 0x00, 0x1F, 0x00, 0x00, 0x3C, 0x00, 0x7C, 0x00, 0x00, 0xE0,
    0x00, 0xF4, 0x00, 0x0B, 0x40, 0x02, 0xF0, 0x00, 0x7C, 0x00, 0x03, 0xF9, 0x5B, 0xC0, 0x00, 0x02,
    0xFF, 0xF8, 0x00, 0x00, 0x00, 0x14, 0x00, 0x00, 0x00, 0x00, 0x00, 0x00, 0x00, 0x00, 0x00, 0xB0,
    0x00, 0x00, 0x00, 0x3F, 0x00, 0x00, 0x00, 0x0F, 0xD0, 0x00, 0x00, 0x03, 0x90, 0x00, 0x00, 0x00,
    0x00, 0x00, 0x00, 0x2A, 0xA9, 0x01, 0xAA, 0x87, 0xFF, 0xD0, 0x1F, 0xFC, 0x0B, 0xD0, 0x00, 0x3C,
    0x00, 0x3F, 0x00, 0x07, 0x80, 0x00, 0xF8, 0x00, 0xF0, 0x00, 0x0B, 0xC0, 0x1D, 0x00, 0x00, 0x3E,
    0x03, 0x80, 0x00, 0x01, 0xF4, 0xB0, 0x00, 0x00, 0x0B, 0xDD, 0x00, 0x00, 0x00, 0x3F, 0xC0, 0x00,
    0x00, 0x02, 0xF0, 0x00, 0x00, 0x00, 0x1F, 0x00, 0x00, 0x00, 0x01, 0xF0, 0x00, 0x00, 0x00, 0x1F,
    0x00, 0x00, 0x00, 0x01, 0xF0, 0x00, 0x00, 0x00, 0x1F, 0x00, 0x00, 0x00, 0x07, 0xF9, 0x00, 0x00,
    0x02, 0xFF, 0xF4, 0x00, 0x2A, 0xA9, 0x00, 0x07, 0xFF, 0xE0, 0x00, 0x07, 0xD0, 0x00, 0x00, 0x3D,
    0x00, 0x00, 0x03, 0xFF, 0xE4, 0x00, 0x3E, 0x5B, 0xF0, 0x03, 0xD0, 0x0F, 0xC0, 0x3D, 0x00, 0x7D,
    0x03, 0xD0, 0x07, 0xD0, 0x3D, 0x00, 0x7D, 0x03, 0xD0, 0x0B, 0xC0, 0x3D, 0x00, 0xF8, 0x03, 0xD0,
    0x7F, 0x00, 0x3F, 0xFF, 0x40, 0x03, 0xD0, 0x00, 0x00, 0x3D, 0x00, 0x00, 0x1B, 0xE4, 0x00, 0x07,
    0xFF, 0xF0, 0x00, 0x00, 0x06, 0x90, 0x00, 0x00, 0xBF, 0xFE, 0x00, 0x02, 0xE0, 0x0F, 0x40, 0x03,
    0xC0, 0x0B, 0x80, 0x0B, 0x80, 0x0B, 0x40, 0x0B, 0x80, 0x0F, 0x00, 0x0F, 0x80, 0x1D, 0x00, 0x6F,
    0x80, 0x38, 0x00, 0xBF, 0x80, 0xF0, 0x00, 0x0F, 0x81, 0xF0, 0x00, 0x0F, 0x81, 0xF0, 0x00, 0x0F,
    0x81, 0xFC, 0x00, 0x0F, 0x80, 0xBF, 0x80, 0x0F, 0x80, 0x2F, 0xF0, 0x0F, 0x80, 0x02, 0xFC, 0x0F,
    0x80, 0x00, 0x7C, 0x0F, 0x8B, 0x00, 0x3D, 0x0F, 0x8B, 0x40, 0x3C, 0x1F, 0x8B, 0xE0, 0xB8, 0xFF,
    0x87, 0xBF, 0xE0, 0x00, 0x00, 0x05, 0x00, 0x00, 0x00, 0x00, 0x01, 0xE0, 0x00, 0x00, 0x7D, 0x00,
    0x00, 0x07, 0xC0, 0x00, 0x00, 0x3C, 0x00, 0x00, 0x01, 0x00, 0x00, 0x00, 0x00, 0x00, 0x1F, 0xF8,
    0x00, 0x3D, 0x5B, 0xC0, 0x1F, 0x00, 0xF4, 0x0B, 0xC0, 0x2E, 0x00, 0x50, 0x0B, 0xC0, 0x00, 0x02,
    0xF0, 0x00, 0xBF, 0xFC, 0x02, 0xF9, 0x2F, 0x01, 0xF0, 0x0B, 0xC0, 0xBC, 0x02, 0xF0, 0x2F, 0x00,
    0xFC, 0x07, 0xE5, 0xEF, 0x50, 0xBF, 0xD3, 0xFC, 0x01, 0x00, 0x14, 0x00, 0x00, 0x00, 0x00, 0x00,
    0x03, 0xC0, 0x00, 0x03, 0xF0, 0x00, 0x02, 0xE0, 0x00, 0x01, 0xD0, 0x00, 0x00, 0x00, 0x00, 0x00,
    0x00, 0x00, 0x00, 0x1F, 0xF8, 0x00, 0x3D, 0x5B, 0xC0, 0x1F, 0x00, 0xF4, 0x0B, 0xC0, 0x2E, 0x00,
    0x50, 0x0B, 0xC0, 0x00, 0x02, 0xF0, 0x00, 0xBF, 0xFC, 0x02, 0xF9, 0x2F, 0x01, 0xF0, 0x0B, 0xC0,
    0xBC, 0x02, 0xF0, 0x2F, 0x00, 0xFC, 0x07, 0xE5, 0xEF, 0x50, 0xBF, 0xD3, 0xFC, 0x01, 0x00, 0x14,
    0x00, 0x00, 0x10, 0x00, 0x00, 0x3D, 0x00, 0x00, 0x3F, 0xD0, 0x00, 0x2E, 0x7C, 0x00, 0x1D, 0x03,
    0x80, 0x00, 0x00, 0x00, 0x00, 0x00, 0x00, 0x00, 0x1F, 0xF8, 0x00, 0x3D, 0x5B, 0xC0, 0x1F, 0x00,
    0xF4, 0x0B, 0xC0, 0x2E, 0x00, 0x50, 0x0B, 0xC0, 0x00, 0x02, 0xF0, 0x00, 0xBF, 0xFC, 0x02, 0xF9,
    0x2F, 0x01, 0xF0, 0x0B, 0xC0, 0xBC, 0x02, 0xF0, 0x2F, 0x00, 0xFC, 0x07, 0xE5, 0xEF, 0x50, 0xBF,
    0xD3, 0xFC, 0x01, 0x00, 0x14, 0x00, 0x06, 0x40, 0x00, 0x03, 0xFE, 0x70, 0x02, 0x9F, 0xF8, 0x00,
    0x00, 0x14, 0x00, 0x00, 0x00, 0x00, 0x00, 0x00, 0x00, 0x00, 0x7F, 0xE0, 0x00, 0xF5, 0x6F, 0x00,
    0x7C, 0x03, 0xD0, 0x2F, 0x00, 0xB8, 0x01, 0x40, 0x2F, 0x00, 0x00, 0x0B, 0xC0, 0x02, 0xFF, 0xF0,
    0x0B, 0xE4, 0xBC, 0x07, 0xC0, 0x2F, 0x02, 0xF0, 0x0B, 0xC0, 0xBC, 0x03, 0xF0, 0x1F, 0x97, 0xBD,
    0x42, 0xFF, 0x4F, 0xF0, 0x04, 0x00, 0x50, 0x09, 0x02, 0x40, 0x0B, 0xD2, 0xF4, 0x01, 0xF4, 0xBD,
    0x00, 0x14, 0x05, 0x00, 0x00, 0x00, 0x00, 0x00, 0x00, 0x00, 0x00, 0x7F, 0xE0, 0x00, 0xF5, 0x6F,
    0x00, 0x7C, 0x03, 0xD0, 0x2F, 0x00, 0xB8, 0x01, 0x40, 0x2F, 0x00, 0x00, 0x0B, 0xC0, 0x02, 0xFF,
    0xF0, 0x0B, 0xE4, 0xBC, 0x07, 0xC0, 0x2F, 0x02, 0xF0, 0x0B, 0xC0, 0xBC, 0x03, 0xF0, 0x1F, 0x97,
    0xBD, 0x42, 0xFF, 0x4F, 0xF0, 0x04, 0x00, 0x50, 0x00, 0xA4, 0x00, 0x00, 0xEB, 0x80, 0x00, 0x70,
    0xB0, 0x00, 0x1C, 0x2C, 0x00, 0x03, 0xFD, 0x00, 0x00, 0x14, 0x00, 0x00, 0x00, 0x00, 0x00, 0x1F,
    0xF8, 0x00, 0x3D, 0x5B, 0xC0, 0x1F, 0x00, 0xF4, 0x0B, 0xC0, 0x2E, 0x00, 0x50, 0x0B, 0xC0, 0x00,
    0x02, 0xF0, 0x00, 0xBF, 0xFC, 0x02, 0xF9, 0x2F, 0x01, 0xF0, 0x0B, 0xC0, 0xBC, 0x02, 0xF0, 0x2F,
    0x00, 0xFC, 0x07, 0xE5, 0xEF, 0x50, 0xBF, 0xD3, 0xFC, 0x01, 0x00, 0x14, 0x00, 0x00, 0x00, 0x00,
    0x00, 0x00, 0x1F, 0xF8, 0x1B, 0xF8, 0x03, 0xD5, 0xBE, 0xE5, 0xBC, 0x1F, 0x00, 0xFE, 0x00, 0xF8,
    0xBC, 0x02, 0xF0, 0x01, 0xF0, 0x50, 0x0B, 0xC0, 0x07, 0xC0, 0x00, 0x2F, 0xAA, 0xAF, 0x01, 0xBF,
    0xFF, 0xFF, 0xF8, 0x2F, 0x92, 0xF0, 0x00, 0x01, 0xF0, 0x0B, 0xC0, 0x00, 0x0B, 0xC0, 0x2F, 0x40,
    0x00, 0x2F, 0x00, 0xFF, 0x40, 0x18, 0x7E, 0x6F, 0x3F, 0xAB, 0xE0, 0xBF, 0xE0, 0x2F, 0xFD, 0x00,
    0x14, 0x00, 0x05, 0x00, 0x00, 0x00, 0x00, 0x00, 0x07, 0xFE, 0x00, 0xBD, 0x6F, 0x0B, 0xC0, 0x3E,
    0x3C, 0x01, 0xFA, 0xF0, 0x02, 0xCB, 0x80, 0x00, 0x3E, 0x00, 0x00, 0xFC, 0x00, 0x02, 0xF0, 0x00,
    0x07, 0xD0, 0x00, 0x0F, 0xD0, 0x09, 0x1F, 0xFA, 0xF4, 0x1F, 0xFF, 0x00, 0x03, 0x40, 0x00, 0x1E,
    0x40, 0x00, 0x1F, 0x40, 0x00, 0x1D, 0x00, 0x2E, 0xF0, 0x00, 0x2A, 0x00, 0x00, 0x00, 0x00, 0x02,
    0xD0, 0x00, 0x02, 0xF0, 0x00, 0x00, 0xBC, 0x00, 0x00, 0x1E, 0x00, 0x00, 0x00, 0x00, 0x00, 0x00,
    0x00, 0x01, 0xFF, 0x80, 0x0B, 0x97, 0xF0, 0x2E, 0x00, 0xF4, 0x3C, 0x00, 0xB8, 0xBC, 0x00, 0xBC,
    0xBE, 0xAA, 0xF8, 0xFF, 0xFF, 0xF4, 0xFC, 0x00, 0x00, 0xBC, 0x00, 0x00, 0x7D, 0x00, 0x00, 0x3F,
    0x00, 0x18, 0x1F, 0xEA, 0xF4, 0x03, 0xFF, 0xD0, 0x00, 0x14, 0x00, 0x00, 0x00, 0x00, 0x00, 0x07,
    0x80, 0x00, 0x0F, 0x80, 0x00, 0x3E, 0x00, 0x00, 0xB4, 0x00, 0x00, 0x40, 0x00, 0x00, 0x00, 0x00,
    0x01, 0xFF, 0x80, 0x0B, 0x97, 0xF0, 0x2E, 0x00, 0xF4, 0x3C, 0x00, 0xB8, 0xBC, 0x00, 0xBC, 0xBE,
    0xAA, 0xF8, 0xFF, 0xFF, 0xF4, 0xFC, 0x00, 0x00, 0xBC, 0x00, 0x00, 0x7D, 0x00, 0x00, 0x3F, 0x00,
    0x18, 0x1F, 0xEA, 0xF4, 0x03, 0xFF, 0xD0, 0x00, 0x14, 0x00, 0x00, 0x14, 0x00, 0x00, 0x7D, 0x00,
    0x00, 0xFF, 0x00, 0x03, 0xD7, 0x80, 0x0B, 0x00, 0xD0, 0x00, 0x00, 0x00, 0x00, 0x00, 0x00, 0x01,
    0xFF, 0x80, 0x0B, 0x97, 0xF0, 0x2E, 0x00, 0xF4, 0x3C, 0x00, 0xB8, 0xBC, 0x00, 0xBC, 0xBE, 0xAA,
    0xF8, 0xFF, 0xFF, 0xF4, 0xFC, 0x00, 0x00, 0xBC, 0x00, 0x00, 0x7D, 0x00, 0x00, 0x3F, 0x00, 0x18,
    0x1F, 0xEA, 0xF4, 0x03, 0xFF, 0xD0, 0x00, 0x14, 0x00, 0x02, 0x40, 0x90, 0x0F, 0xC3, 0xF0, 0x0B,
    0xC3, 0xF0, 0x01, 0x00, 0x40, 0x00, 0x00, 0x00, 0x00, 0x00, 0x00, 0x01, 0xFF, 0x80, 0x0B, 0x97,
    0xF0, 0x2E, 0x00, 0xF4, 0x3C, 0x00, 0xB8, 0xBC, 0x00, 0xBC, 0xBE, 0xAA, 0xF8, 0xFF, 0xFF, 0xF4,
    0xFC, 0x00, 0x00, 0xBC, 0x00, 0x00, 0x7D, 0x00, 0x00, 0x3F, 0x00, 0x18, 0x1F, 0xEA, 0xF4, 0x03,
    0xFF, 0xD0, 0x00, 0x14, 0x00, 0x00, 0x00, 0x3C, 0x00, 0x3E, 0x00, 0x1F, 0x40, 0x02, 0xC0, 0x00,
    0x40, 0x00, 0x00, 0x1A, 0x90, 0x2F, 0xE0, 0x03, 0xE0, 0x03, 0xE0, 0x03, 0xE0, 0x03, 0xE0, 0x03,
    0xE0, 0x03, 0xE0, 0x03, 0xE0, 0x03, 0xE0, 0x03, 0xE0, 0x17, 0xF4, 0x3F, 0xFE, 0x00, 0x00, 0x0F,
    0x00, 0xBC, 0x07, 0xC0, 0x38, 0x00, 0x00, 0x00, 0x00, 0x1A, 0x90, 0xBF, 0x80, 0x3E, 0x00, 0xF8,
    0x03, 0xE0, 0x0F, 0x80, 0x3E, 0x00, 0xF8, 0x03, 0xE0, 0x0F, 0x80, 0x3E, 0x05, 0xFD, 0x3F, 0xFE,
    0x00, 0x40, 0x00, 0xF8, 0x00, 0xBF, 0x40, 0x7C, 0xF4, 0x38, 0x0B, 0x04, 0x00, 0x40, 0x00, 0x00,
    0x1A, 0x90, 0x0B, 0xF8, 0x00, 0x3E, 0x00, 0x0F, 0x80, 0x03, 0xE0, 0x00, 0xF8, 0x00, 0x3E, 0x00,
    0x0F, 0x80, 0x03, 0xE0, 0x00, 0xF8, 0x00, 0x3E, 0x00, 0x5F, 0xD0, 0x3F, 0xFE, 0x18, 0x06, 0x1F,
    0x87, 0xE3, 0xE1, 0xF8, 0x50, 0x14, 0x00, 0x00, 0x00, 0x00, 0x00, 0x6A, 0x40, 0x2F, 0xE0, 0x00,
    0xF8, 0x00, 0x3E, 0x00, 0x0F, 0x80, 0x03, 0xE0, 0x00, 0xF8, 0x00, 0x3E, 0x00, 0x0F, 0x80, 0x03,
    0xE0, 0x00, 0xF8, 0x01, 0x7F, 0x40, 0xFF, 0xF8, 0x00, 0x00, 0x04, 0x01, 0xFE, 0x0F, 0x00, 0x06,
    0xFE, 0x00, 0x00, 0x2F, 0x80, 0x00, 0x3D, 0xF4, 0x00, 0x08, 0x1F, 0x00, 0x00, 0x03, 0xE0, 0x00,
    0x50, 0xBC, 0x07, 0xFF, 0x9F, 0x07, 0xE0, 0x7F, 0xC3, 0xE0, 0x03, 0xF1, 0xF0, 0x00, 0xBD, 0xBC,
    0x00, 0x1F, 0x3F, 0x00, 0x07, 0xCF, 0x80, 0x01, 0xF2, 0xF0, 0x00, 0x78, 0x7C, 0x00, 0x3D, 0x0F,
    0x80, 0x0F, 0x01, 0xF9, 0x1F, 0x00, 0x1F, 0xFF, 0x00, 0x00, 0x14, 0x00, 0x00, 0x00, 0x14, 0x00,
    0x00, 0x03, 0xFE, 0x74, 0x00, 0x19, 0xBF, 0xC0, 0x00, 0x00, 0x14, 0x00, 0x00, 0x00, 0x00, 0x00,
    0x00, 0x00, 0x00, 0x06, 0xB0, 0x7F, 0x80, 0x2F, 0xCF, 0xFF, 0xC0, 0x0F, 0xE0, 0x0F, 0x80, 0x3F,
    0x00, 0x2E, 0x00, 0xF8, 0x00, 0xBC, 0x03, 0xE0, 0x02, 0xF0, 0x0F, 0x80, 0x0B, 0xC0, 0x3E, 0x00,
    0x2F, 0x00, 0xF8, 0x00, 0xBC, 0x03, 0xE0, 0x02, 0xF0, 0x0F, 0x80, 0x0B, 0xC0, 0x7F, 0x40, 0x7F,
    0x4B, 0xFF, 0x87, 0xFF, 0xC0, 0x00, 0x00, 0x00, 0x00, 0x78, 0x00, 0x00, 0x1F, 0x80, 0x00, 0x01,
    0xF4, 0x00, 0x00, 0x0B, 0x00, 0x00, 0x00, 0x40, 0x00, 0x00, 0x00, 0x00, 0x06, 0xFE, 0x40, 0x0B,
    0xE6, 0xF8, 0x0B, 0x80, 0x1F, 0x43, 0xC0, 0x02, 0xF2, 0xF0, 0x00, 0x7D, 0xB8, 0x00, 0x0F, 0x7E,
    0x00, 0x03, 0xDF, 0xC0, 0x00, 0xF6, 0xF0, 0x00, 0x3C, 0x7D, 0x00, 0x1F, 0x0F, 0xC0, 0x0F, 0x41,
    0xFD, 0x1F, 0x80, 0x0F, 0xFF, 0x40, 0x00, 0x14, 0x00, 0x00, 0x00, 0x00, 0x00, 0x00, 0x00, 0xF0,
    0x00, 0x00, 0xFC, 0x00, 0x00, 0xBC, 0x00, 0x00, 0x78, 0x00, 0x00, 0x00, 0x00, 0x00, 0x00, 0x00,
    0x00, 0x06, 0xFE, 0x40, 0x0B, 0xE6, 0xF8, 0x0B, 0x80, 0x1F, 0x43, 0xC0, 0x02, 0xF2, 0xF0, 0x00,
    0x7D, 0xB8, 0x00, 0x0F, 0x7E, 0x00, 0x03, 0xDF, 0xC0, 0x00, 0xF6, 0xF0, 0x00, 0x3C, 0x7D, 0x00,
    0x1F, 0x0F, 0xC0, 0x0F, 0x41, 0xFD, 0x1F, 0x80, 0x0F, 0xFF, 0x40, 0x00, 0x14, 0x00, 0x00, 0x00,
    0x04, 0x00, 0x00, 0x0F, 0x80, 0x00, 0x0B, 0xF4, 0x00, 0x07, 0x8F, 0x00, 0x03, 0x40, 0xB0, 0x00,
    0x00, 0x04, 0x00, 0x00, 0x00, 0x00, 0x06, 0xFE, 0x40, 0x0B, 0xE6, 0xF8, 0x0B, 0x80, 0x1F, 0x43,
    0xC0, 0x02, 0xF2, 0xF0, 0x00, 0x7D, 0xB8, 0x00, 0x0F, 0x7E, 0x00, 0x03, 0xDF, 0xC0, 0x00, 0xF6,
    0xF0, 0x00, 0x3C, 0x7D, 0x00, 0x1F, 0x0F, 0xC0, 0x0F, 0x41, 0xFD, 0x1F, 0x80, 0x0F, 0xFF, 0x40,
    0x00, 0x14, 0x00, 0x00, 0x00, 0x50, 0x00, 0x00, 0xFF, 0x9C, 0x00, 0xA6, 0xFE, 0x00, 0x00, 0x05,
    0x00, 0x00, 0x00, 0x00, 0x00, 0x00, 0x00, 0x00, 0x1B, 0xF9, 0x00, 0x2F, 0x9B, 0xE0, 0x2E, 0x00,
    0x7D, 0x0F, 0x00, 0x0B, 0xCB, 0xC0, 0x01, 0xF6, 0xE0, 0x00, 0x3D, 0xF8, 0x00, 0x0F, 0x7F, 0x00,
    0x03, 0xDB, 0xC0, 0x00, 0xF1, 0xF4, 0x00, 0x7C, 0x3F, 0x00, 0x3D, 0x07, 0xF4, 0x7E, 0x00, 0x3F,
    0xFD, 0x00, 0x00, 0x50, 0x00, 0x01, 0x80, 0x60, 0x01, 0xF8, 0x7E, 0x00, 0x7E, 0x1F, 0x40, 0x05,
    0x01, 0x40, 0x00, 0x00, 0x00, 0x00, 0x00, 0x00, 0x00, 0x1B, 0xF9, 0x00, 0x2F, 0x9B, 0xE0, 0x2E,
    0x00, 0x7D, 0x0F, 0x00, 0x0B, 0xCB, 0xC0, 0x01, 0xF6, 0xE0, 0x00, 0x3D, 0xF8, 0x00, 0x0F, 0x7F,
    0x00, 0x03, 0xDB, 0xC0, 0x00, 0xF1, 0xF4, 0x00, 0x7C, 0x3F, 0x00, 0x3D, 0x07, 0xF4, 0x7E, 0x00,
    0x3F, 0xFD, 0x00, 0x00, 0x50, 0x00, 0x00, 0x00, 0x00, 0x00, 0x3D, 0x00, 0x00, 0x7F, 0x00, 0x00,
    0x3D, 0x00, 0x00, 0x00, 0x00, 0x15, 0x55, 0x55, 0x3F, 0xFF, 0xFE, 0x00, 0x00, 0x00, 0x00, 0x00,
    0x00, 0x00, 0x3E, 0x00, 0x00, 0x7F, 0x00, 0x00, 0x28, 0x00, 0x00, 0x00, 0x00, 0x00, 0x00, 0x6F,
    0xE5, 0xD0, 0x0B, 0xE6, 0xFE, 0x00, 0xB8, 0x02, 0xF4, 0x03, 0xC0, 0x0F, 0xF0, 0x2F, 0x00, 0xF7,
    0xD0, 0xB8, 0x0F, 0x0F, 0x43, 0xE0, 0xF0, 0x3D, 0x0F, 0xCF, 0x00, 0xF4, 0x2F, 0xB0, 0x03, 0xC0,
    0x7F, 0x40, 0x1F, 0x00, 0xFC, 0x00, 0xF4, 0x07, 0xFD, 0x1F, 0x80, 0x78, 0xFF, 0xF4, 0x01, 0x40,
    0x14, 0x00, 0x00, 0x00, 0x00, 0x00, 0x00, 0x00, 0x3C, 0x00, 0x00, 0x00, 0x3E, 0x00, 0x00, 0x00,
    0x1F, 0x40, 0x00, 0x00, 0x02, 0xC0, 0x00, 0x00, 0x00, 0x40, 0x00, 0x00, 0x00, 0x00, 0x00, 0x2B,
    0xC0, 0x2B, 0xC0, 0x2F, 0xC0, 0x2F, 0xC0, 0x07, 0xC0, 0x07, 0xC0, 0x07, 0xC0, 0x07, 0xC0, 0x07,
    0xC0, 0x07, 0xC0, 0x07, 0xC0, 0x07, 0xC0, 0x07, 0xC0, 0x07, 0xC0, 0x07, 0xC0, 0x07, 0xC0, 0x07,
    0xC0, 0x07, 0xC0, 0x07, 0xC0, 0x0B, 0xC0, 0x03, 0xD0, 0x0F, 0xC0, 0x03, 0xF9, 0xBB, 0xE4, 0x00,
    0xFF, 0xD3, 0xFC, 0x00, 0x04, 0x00, 0x00, 0x00, 0x00, 0x00, 0x00, 0x00, 0x00, 0xF0, 0x00, 0x00,
    0x02, 0xF0, 0x00, 0x00, 0x07, 0xC0, 0x00, 0x00, 0x0E, 0x00, 0x00, 0x00, 0x00, 0x00, 0x00, 0x00,
    0x00, 0x00, 0x00, 0x2B, 0xC0, 0x2B, 0xC0, 0x2F, 0xC0, 0x2F, 0xC0, 0x07, 0xC0, 0x07, 0xC0, 0x07,
    0xC0, 0x07, 0xC0, 0x07, 0xC0, 0x07, 0xC0, 0x07, 0xC0, 0x07, 0xC0, 0x07, 0xC0, 0x07, 0xC0, 0x07,
    0xC0, 0x07, 0xC0, 0x07, 0xC0, 0x07, 0xC0, 0x07, 0xC0, 0x0B, 0xC0, 0x03, 0xD0, 0x0F, 0xC0, 0x03,
    0xF9, 0xBB, 0xE4, 0x00, 0xFF, 0xD3, 0xFC, 0x00, 0x04, 0x00, 0x00, 0x00, 0x01, 0x00, 0x00, 0x00,
    0x0F, 0x80, 0x00, 0x00, 0x2F, 0xD0, 0x00, 0x00, 0x7C, 0xF4, 0x00, 0x00, 0xE0, 0x2C, 0x00, 0x00,
    0x40, 0x04, 0x00, 0x00, 0x00, 0x00, 0x00, 0x2B, 0xC0, 0x2B, 0xC0, 0x2F, 0xC0, 0x2F, 0xC0, 0x07,
    0xC0, 0x07, 0xC0, 0x07, 0xC0, 0x07, 0xC0, 0x07, 0xC0, 0x07, 0xC0, 0x07, 0xC0, 0x07, 0xC0, 0x07,
    0xC0, 0x07, 0xC0, 0x07, 0xC0, 0x07, 0xC0, 0x07, 0xC0, 0x07, 0xC0, 0x07, 0xC0, 0x0B, 0xC0, 0x03,
    0xD0, 0x0F, 0xC0, 0x03, 0xF9, 0xBB, 0xE4, 0x00, 0xFF, 0xD3, 0xFC, 0x00, 0x04, 0x00, 0x00, 0x00,
    0x60, 0x18, 0x00, 0x01, 0xF8, 0x7E, 0x00, 0x01, 0xF8, 0x7E, 0x00, 0x00, 0x50, 0x14, 0x00, 0x00,
    0x00, 0x00, 0x00, 0x00, 0x00, 0x00, 0x00, 0x2B, 0xC0, 0x2B, 0xC0, 0x2F, 0xC0, 0x2F, 0xC0, 0x07,
    0xC0, 0x07, 0xC0, 0x07, 0xC0, 0x07, 0xC0, 0x07, 0xC0, 0x07, 0xC0, 0x07, 0xC0, 0x07, 0xC0, 0x07,
    0xC0, 0x07, 0xC0, 0x07, 0xC0, 0x07, 0xC0, 0x07, 0xC0, 0x07, 0xC0, 0x07, 0xC0, 0x0B, 0xC0, 0x03,
    0xD0, 0x0F, 0xC0, 0x03, 0xF9, 0xBB, 0xE4, 0x00, 0xFF, 0xD3, 0xFC, 0x00, 0x04, 0x00, 0x00, 0x00,
    0x00, 0x00, 0x00, 0x00, 0x02, 0xD0, 0x00, 0x00, 0x1F, 0x40, 0x00, 0x00, 0xF4, 0x00, 0x00, 0x0F,
    0x00, 0x00, 0x00, 0x10, 0x00, 0x00, 0x00, 0x00, 0x00, 0x1A, 0xA9, 0x0A, 0xA8, 0x7F, 0xE4, 0x2F,
    0xE0, 0x3F, 0x00, 0x1D, 0x00, 0x7C, 0x00, 0xB0, 0x00, 0xF4, 0x03, 0x80, 0x02, 0xF0, 0x1C, 0x00,
    0x03, 0xD0, 0xF0, 0x00, 0x0F, 0x83, 0x40, 0x00, 0x1F, 0x2C, 0x00, 0x00, 0x3E, 0xD0, 0x00, 0x00,
    0xBF, 0x00, 0x00, 0x00, 0xF8, 0x00, 0x00, 0x02, 0xC0, 0x00, 0x00, 0x0F, 0x00, 0x00, 0x00, 0x74,
    0x00, 0x03, 0x82, 0xC0, 0x00, 0x2F, 0x1D, 0x00, 0x00, 0xBE, 0xE0, 0x00, 0x00, 0x69, 0x00, 0x00,
    0x00, 0x00, 0x00, 0x00, 0x0B, 0xF8, 0x00, 0x00, 0x1F, 0xC0, 0x00, 0x00, 0xBC, 0x00, 0x00, 0x0B,
    0xC0, 0x00, 0x00, 0xBC, 0x00, 0x00, 0x0B, 0xC0, 0x00, 0x00, 0xBC, 0x7F, 0xD0, 0x0B, 0xEF, 0xFF,
    0x40, 0xBF, 0x00, 0xFC, 0x0B, 0xC0, 0x03, 0xD0, 0xBC, 0x00, 0x3E, 0x0B, 0xC0, 0x02, 0xF0, 0xBC,
    0x00, 0x2F, 0x0B, 0xC0, 0x02, 0xE0, 0xBC, 0x00, 0x3E, 0x0B, 0xC0, 0x03, 0xD0, 0xBC, 0x00, 0xBC,
    0x0B, 0xF9, 0x7F, 0x40, 0xBF, 0xFF, 0xC0, 0x0B, 0xC0, 0x00, 0x00, 0xBC, 0x00, 0x00, 0x0B, 0xC0,
    0x00, 0x00, 0xBC, 0x00, 0x00, 0x7F, 0xFC, 0x00, 0x01, 0x55, 0x40, 0x00, 0x00, 0x60, 0x18, 0x00,
    0x03, 0xF0, 0xFC, 0x00, 0x0F, 0xC3, 0xF0, 0x00, 0x04, 0x01, 0x00, 0x00, 0x00, 0x00, 0x00, 0x00,
    0x00, 0x00, 0x06, 0xAA, 0x42, 0xAA, 0x1F, 0xF9, 0x0B, 0xF8, 0x0F, 0xC0, 0x07, 0x40, 0x1F, 0x00,
    0x2C, 0x00, 0x3D, 0x00, 0xE0, 0x00, 0xBC, 0x07, 0x00, 0x00, 0xF4, 0x3C, 0x00, 0x03, 0xE0, 0xD0,
    0x00, 0x07, 0xCB, 0x00, 0x00, 0x0F, 0xB4, 0x00, 0x00, 0x2F, 0xC0, 0x00, 0x00, 0x3E, 0x00, 0x00,
    0x00, 0xB0, 0x00, 0x00, 0x03, 0xC0, 0x00, 0x00, 0x1D, 0x00, 0x00, 0xE0, 0xB0, 0x00, 0x0B, 0xC7,
    0x40, 0x00, 0x2F, 0xB8, 0x00, 0x00, 0x1A, 0x40, 0x00, 0x00, 0x00, 0x00, 0x00, 0x00, 0x00, 0x02,
    0x80, 0x0C, 0x00, 0x00, 0x1D, 0x02, 0xC0, 0x00, 0x00, 0xFF, 0xF4, 0x00, 0x00, 0x03, 0xFD, 0x00,
    0x00, 0x00, 0x00, 0x00, 0x00, 0x00, 0x00, 0xA4, 0x00, 0x00, 0x00, 0x1F, 0xC0, 0x00, 0x00, 0x03,
    0xFD, 0x00, 0x00, 0x00, 0x37, 0xE0, 0x00, 0x00, 0x07, 0x1F, 0x00, 0x00, 0x00, 0xF0, 0xF4, 0x00,
    0x00, 0x0D, 0x0F, 0x80, 0x00, 0x02, 0xC0, 0x7C, 0x00, 0x00, 0x38, 0x03, 0xD0, 0x00, 0x03, 0x40,
    0x3F, 0x00, 0x00, 0xB0, 0x02, 0xF0, 0x00, 0x0F, 0xFF, 0xFF, 0x40, 0x01, 0xD0, 0x00, 0xFC, 0x00,
    0x2C, 0x00, 0x07, 0xC0, 0x03, 0x80, 0x00, 0x3E, 0x00, 0x74, 0x00, 0x03, 0xF0, 0x1F, 0x90, 0x00,
    0x7F, 0x9B, 0xFF, 0x40, 0x2F, 0xFF, 0x6A, 0x42, 0xFE, 0x00, 0xF8, 0x03, 0xE0, 0x0F, 0x80, 0x3E,
    0x00, 0xF8, 0x03, 0xE0, 0x0F, 0x80, 0x3E, 0x00, 0xF8, 0x17, 0xF4, 0xFF, 0xF8, 0x00, 0x1B, 0xF9,
    0x0A, 0xAA, 0xA8, 0x00, 0x3F, 0xEF, 0xF3, 0xFF, 0xFF, 0x40, 0x7E, 0x00, 0x2F, 0xF4, 0x02, 0xE0,
    0x3D, 0x00, 0x02, 0xFD, 0x00, 0x3C, 0x2F, 0x00, 0x00, 0x3F, 0x40, 0x07, 0x0F, 0x40, 0x00, 0x0B,
    0xD0, 0x00, 0x07, 0xC0, 0x00, 0x01, 0xF4, 0x03, 0x02, 0xF0, 0x00, 0x00, 0x3D, 0x02, 0xC0, 0xBC,
    0x00, 0x00, 0x0F, 0xEA, 0xF0, 0x2F, 0x00, 0x00, 0x03, 0xFF, 0xFC, 0x0B, 0xC0, 0x00, 0x00, 0xF4,
    0x0B, 0x02, 0xF0, 0x00, 0x00, 0x3D, 0x00, 0xC0, 0x7D, 0x00, 0x00, 0x1F, 0x40, 0x00, 0x0F, 0xC0,
    0x00, 0x0B, 0xD0, 0x00, 0x52, 0xF4, 0x00, 0x03, 0xF4, 0x00, 0x38, 0x3F, 0x40, 0x03, 0xFD, 0x00,
    0x1D, 0x02, 0xFD, 0x5B, 0xDF, 0x95, 0x6F, 0x40, 0x1F, 0xFF, 0x83, 0xFF, 0xFF, 0xC0, 0x00, 0x14,
    0x00, 0x00, 0x00, 0x00, 0x00, 0x00, 0x00, 0x00, 0x00, 0x00, 0x6F, 0xE0, 0x0B, 0xFD, 0x00, 0xBE,
    0x6F, 0x8F, 0x97, 0xD0, 0xB8, 0x01, 0xFF, 0x40, 0x3C, 0x3C, 0x00, 0x2F, 0xC0, 0x0F, 0x6F, 0x00,
    0x07, 0xE0, 0x02, 0xEB, 0x80, 0x00, 0xFE, 0xAA, 0xF7, 0xE0, 0x00, 0x3F, 0xFF, 0xFC, 0xFC, 0x00,
    0x0F, 0x40, 0x00, 0x2F, 0x00, 0x03, 0xE0, 0x00, 0x07, 0xD0, 0x01, 0xFC, 0x00, 0x00, 0xFC, 0x00,
    0xFF, 0x80, 0x09, 0x1F, 0xD1, 0xF9, 0xFE, 0xAF, 0x00, 0xFF, 0xF4, 0x1F, 0xFE, 0x00, 0x01, 0x40,
    0x00, 0x14, 0x00, 0x00, 0x2D, 0x0B, 0xC0, 0xBC, 0x07, 0x80, 0x10, 0x00, 0x00, 0x3C, 0x0B, 0xC1,
    0xF0, 0x38, 0x00, 0x00, 0x05, 0x40, 0x01, 0xFF, 0x9C, 0x35, 0xFF, 0x40, 0x00, 0x50, 0x6A, 0xA9,
    0xBF, 0xFE, 0x00, 0x00, 0x09, 0x06, 0x43, 0xF0, 0xFC, 0x3F, 0x0F, 0xC0, 0x40, 0x10, 0x00, 0x07,
    0xFD, 0xF0, 0xFA, 0x1E, 0x07, 0xC0, 0xF0, 0x09, 0x00, 0x00, 0x7D, 0xBE, 0x7D, 0x00, 0x01, 0x90,
    0x64, 0x00, 0x3F, 0x0F, 0xC0, 0x03, 0xF0, 0xFC, 0x00, 0x04, 0x01, 0x00, 0x00, 0x00, 0x00, 0x02,
    0xAA, 0xAA, 0xA0, 0x7F, 0xFF, 0xFF, 0x40, 0x7D, 0x00, 0xB8, 0x03, 0xD0, 0x03, 0xC0, 0x3D, 0x00,
    0x18, 0x03, 0xD0, 0x00, 0x00, 0x3D, 0x00, 0x80, 0x03, 0xD0, 0x2C, 0x00, 0x3F, 0xAF, 0xC0, 0x03,
    0xFF, 0xFC, 0x00, 0x3D, 0x02, 0xC0, 0x03, 0xD0, 0x18, 0x00, 0x3D, 0x00, 0x00, 0x03, 0xD0, 0x00,
    0x90, 0x3D, 0x00, 0x0D, 0x03, 0xD0, 0x02, 0xD1, 0xBD, 0x55, 0xBC, 0x7F, 0xFF, 0xFF, 0xC0, 0x1A,
    0xAA, 0xAA, 0xAA, 0x00, 0x3F, 0xFF, 0xFF, 0xFF, 0x40, 0x3D, 0x0B, 0xC0, 0x0F, 0x80, 0x78, 0x0B,
    0xC0, 0x03, 0xC0, 0xB0, 0x0B, 0xC0, 0x02, 0xC0, 0x60, 0x0B, 0xC0, 0x01, 0x80, 0x00, 0x0B, 0xC0,
    0x00, 0x00, 0x00, 0x0B, 0xC0, 0x15, 0x00, 0x00, 0x0B, 0xCB, 0xFF, 0xE0, 0x00, 0x0B, 0xFE, 0x46,
    0xF8, 0x00, 0x0B, 0xE0, 0x00, 0xBC, 0x00, 0x0B, 0xC0, 0x00, 0x3E, 0x00, 0x0B, 0xC0, 0x00, 0x3E,
    0x00, 0x0B, 0xC0, 0x00, 0x3E, 0x00, 0x0B, 0xC0, 0x00, 0x3E, 0x00, 0x0B, 0xC0, 0x00, 0x3D, 0x00,
    0x1F, 0xE4, 0x00, 0xBC, 0x00, 0xFF, 0xFC, 0x00, 0xF4, 0x00, 0x00, 0x00, 0x03, 0xE0, 0x00, 0x00,
    0x00, 0x0F, 0x40, 0x00, 0x00, 0x00, 0x04, 0x00, 0x00, 0x00, 0x00, 0x00, 0x00, 0x0B, 0x00, 0x00,
    0x02, 0xF4, 0x00, 0x00, 0xBD, 0x00, 0x00, 0x2D, 0x00, 0x00, 0x00, 0x00, 0x00, 0x2A, 0xAA, 0xAA,
    0x47, 0xFF, 0xFF, 0xF8, 0x07, 0xD0, 0x0B, 0xC0, 0x3D, 0x00, 0x3C, 0x03, 0xD0, 0x01, 0xC0, 0x3D,
    0x00, 0x04, 0x03, 0xD0, 0x00, 0x00, 0x3D, 0x00, 0x00, 0x03, 0xD0, 0x00, 0x00, 0x3D, 0x00, 0x00,
    0x03, 0xD0, 0x00, 0x00, 0x3D, 0x00, 0x00, 0x03, 0xD0, 0x00, 0x00, 0x3D, 0x00, 0x00, 0x03, 0xD0,
    0x00, 0x00, 0x7D, 0x00, 0x00, 0x1B, 0xE4, 0x00, 0x07, 0xFF, 0xF0, 0x00, 0x00, 0x1A, 0xE4, 0x60,
    0x03, 0xFE, 0xFF, 0xC0, 0x3E, 0x00, 0x3F, 0x03, 0xE0, 0x00, 0x3C, 0x1F, 0x00, 0x00, 0x74, 0xF8,
    0x00, 0x00, 0x93, 0xD0, 0x00, 0x00, 0x1F, 0x40, 0x00, 0x00, 0x7F, 0xAA, 0xA9, 0x01, 0xFE, 0xAA,
    0xA4, 0x07, 0xD0, 0x00, 0x00, 0x1F, 0x40, 0x00, 0x00, 0x3E, 0x00, 0x00, 0x00, 0xBC, 0x00, 0x00,
    0x01, 0xF8, 0x00, 0x03, 0x42, 0xF8, 0x00, 0x3C, 0x02, 0xFE, 0x5B, 0xC0, 0x01, 0xFF, 0xF8, 0x00,
    0x00, 0x04, 0x00, 0x00, 0x00, 0xBE, 0x4A, 0x01, 0xFA, 0xBF, 0x81, 0xF0, 0x03, 0xF0, 0xB8, 0x00,
    0x3C, 0x3D, 0x00, 0x0B, 0x0F, 0x80, 0x00, 0x42, 0xF8, 0x00, 0x00, 0x7F, 0xE0, 0x00, 0x07, 0xFF,
    0xD0, 0x00, 0x2F, 0xFF, 0x00, 0x00, 0x6F, 0xF0, 0x00, 0x00, 0xFD, 0x10, 0x00, 0x0F, 0x6C, 0x00,
    0x03, 0xD7, 0x80, 0x00, 0xF5, 0xF8, 0x00, 0x7C, 0x7F, 0xD1, 0xBC, 0x0C, 0x7F, 0xFC, 0x00, 0x00,
    0x50, 0x00, 0x2A, 0xA9, 0x7F, 0xFD, 0x03, 0xD0, 0x03, 0xD0, 0x03, 0xD0, 0x03, 0xD0, 0x03, 0xD0,
    0x03, 0xD0, 0x03, 0xD0, 0x03, 0xD0, 0x03, 0xD0, 0x03, 0xD0, 0x03, 0xD0, 0x03, 0xD0, 0x03, 0xD0,
    0x03, 0xD0, 0x1B, 0xF4, 0x7F, 0xFE, 0x19, 0x02, 0x43, 0xF0, 0xFC, 0x3F, 0x0F, 0xC0, 0x40, 0x10,
    0x00, 0x00, 0x00, 0xAA, 0xA4, 0x1F, 0xFF, 0x40, 0x0F, 0x40, 0x00, 0xF4, 0x00, 0x0F, 0x40, 0x00,
    0xF4, 0x00, 0x0F, 0x40, 0x00, 0xF4, 0x00, 0x0F, 0x40, 0x00, 0xF4, 0x00, 0x0F, 0x40, 0x00, 0xF4,
    0x00, 0x0F, 0x40, 0x00, 0xF4, 0x00, 0x0F, 0x40, 0x00, 0xF4, 0x00, 0x6F, 0xD0, 0x1F, 0xFF, 0x80,
    0x00, 0x2A, 0xAA, 0x00, 0x0F, 0xFF, 0x80, 0x00, 0x3F, 0x00, 0x00, 0x0F, 0x80, 0x00, 0x03, 0xE0,
    0x00, 0x00, 0xF8, 0x00, 0x00, 0x3E, 0x00, 0x00, 0x0F, 0x80, 0x00, 0x03, 0xE0, 0x00, 0x00, 0xF8,
    0x00, 0x00, 0x3E, 0x00, 0x00, 0x0F, 0x80, 0x00, 0x03, 0xE0, 0x0A, 0x00, 0xF8, 0x0F, 0xD0, 0x3D,
    0x03, 0xF0, 0x0F, 0x00, 0xBD, 0x5F, 0x80, 0x0B, 0xFF, 0x40, 0x00, 0x14, 0x00, 0x00, 0x01, 0xAA,
    0xAA, 0xAA, 0x80, 0x00, 0x00, 0xBF, 0xFF, 0xFF, 0xF0, 0x00, 0x00, 0x02, 0xC0, 0x07, 0xC0, 0x00,
    0x00, 0x00, 0xB0, 0x01, 0xF0, 0x00, 0x00, 0x00, 0x2C, 0x00, 0x7C, 0x00, 0x00, 0x00, 0x0B, 0x00,
    0x1F, 0x00, 0x00, 0x00, 0x02, 0xC0, 0x07, 0xC0, 0x00, 0x00, 0x00, 0xB0, 0x01, 0xF0, 0x00, 0x00,
    0x00, 0x2C, 0x00, 0x7F, 0xFF, 0x90, 0x00, 0x0B, 0x00, 0x1F, 0x41, 0xBE, 0x00, 0x03, 0x80, 0x07,
    0xC0, 0x07, 0xD0, 0x00, 0xE0, 0x01, 0xF0, 0x00, 0xFC, 0x00, 0x34, 0x00, 0x7C, 0x00, 0x2F, 0x00,
    0x1C, 0x00, 0x1F, 0x00, 0x0B, 0xC0, 0x0B, 0x00, 0x07, 0xC0, 0x03, 0xF1, 0xF7, 0x80, 0x01, 0xF0,
    0x02, 0xF4, 0xBF, 0xC0, 0x01, 0xFD, 0x5B, 0xF4, 0x1F, 0xD0, 0x02, 0xFF, 0xFF, 0xE0, 0x00, 0x40,
    0x00, 0x00, 0x00, 0x00, 0x00, 0x2A, 0xA8, 0x01, 0xAA, 0xA0, 0x00, 0x1F, 0xFF, 0x40, 0xBF, 0xFC,
    0x00, 0x00, 0x7D, 0x00, 0x02, 0xF0, 0x00, 0x00, 0x0F, 0x40, 0x00, 0xBC, 0x00, 0x00, 0x03, 0xD0,
    0x00, 0x2F, 0x00, 0x00, 0x00, 0xF4, 0x00, 0x0B, 0xC0, 0x00, 0x00, 0x3D, 0x00, 0x02, 0xF0, 0x00,
    0x00, 0x0F, 0x40, 0x00, 0xBC, 0x00, 0x00, 0x03, 0xFF, 0xFF, 0xFF, 0xFF, 0xE0, 0x00, 0xFF, 0xFF,
    0xFF, 0xD1, 0x7F, 0x40, 0x3D, 0x00, 0x02, 0xF0, 0x03, 0xF0, 0x0F, 0x40, 0x00, 0xBC, 0x00, 0x7D,
    0x03, 0xD0, 0x00, 0x2F, 0x00, 0x0F, 0x80, 0xF4, 0x00, 0x0B, 0xC0, 0x03, 0xE0, 0x3D, 0x00, 0x02,
    0xF0, 0x01, 0xF4, 0x1F, 0x40, 0x00, 0xBC, 0x00, 0xFC, 0x1B, 0xE4, 0x00, 0x7F, 0x56, 0xFC, 0x1F,
    0xFF, 0x40, 0xBF, 0xFF, 0xE4, 0x00, 0x0A, 0xAA, 0xAA, 0xAA, 0x40, 0x00, 0x7F, 0xFF, 0xFF, 0xFF,
    0x00, 0x02, 0xE0, 0x3D, 0x00, 0x7C, 0x00, 0x0F, 0x00, 0xF4, 0x00, 0x74, 0x00, 0x38, 0x03, 0xD0,
    0x00, 0xD0, 0x00, 0x80, 0x0F, 0x40, 0x00, 0x00, 0x00, 0x00, 0x3D, 0x00, 0x00, 0x00, 0x00, 0x00,
    0xF4, 0x6F, 0xF8, 0x00, 0x00, 0x03, 0xFF, 0xEA, 0xFC, 0x00, 0x00, 0x0F, 0xE0, 0x01, 0xF8, 0x00,
    0x00, 0x3D, 0x00, 0x02, 0xF0, 0x00, 0x00, 0xF4, 0x00, 0x07, 0xC0, 0x00, 0x03, 0xD0, 0x00, 0x1F,
    0x00, 0x00, 0x0F, 0x40, 0x00, 0x7C, 0x00, 0x00, 0x3D, 0x00, 0x01, 0xF0, 0x00, 0x00, 0xF4, 0x00,
    0x07, 0xC0, 0x00, 0x1B, 0xF4, 0x00, 0x7F, 0x90, 0x01, 0xFF, 0xF8, 0x0B, 0xFF, 0xD0, 0x00, 0x00,
    0x00, 0x00, 0x00, 0x00, 0x02, 0xC0, 0x00, 0x00, 0x02, 0xF4, 0x00, 0x00, 0x02, 0xF4, 0x00, 0x00,
    0x02, 0xD0, 0x00, 0x00, 0x00, 0x00, 0x00, 0x02, 0xAA, 0x90, 0x06, 0x81, 0xFF, 0xF4, 0x07, 0xFC,
    0x03, 0xD0, 0x03, 0xFF, 0x00, 0xF4, 0x01, 0xD6, 0x40, 0x3D, 0x00, 0xB0, 0x00, 0x0F, 0x40, 0x38,
    0x00, 0x03, 0xD0, 0x1C, 0x00, 0x00, 0xF4, 0x1E, 0x00, 0x00, 0x3E, 0x6E, 0x00, 0x00, 0x0F, 0xFF,
    0x90, 0x00, 0x03, 0xD0, 0x7D, 0x00, 0x00, 0xF4, 0x0B, 0xC0, 0x00, 0x3D, 0x00, 0xF8, 0x00, 0x0F,
    0x40, 0x2F, 0x00, 0x03, 0xD0, 0x07, 0xE0, 0x00, 0xF4, 0x00, 0xFC, 0x01, 0xBF, 0x40, 0x1F, 0xD5,
    0xFF, 0xF8, 0x02, 0xFE, 0x00, 0x00, 0x00, 0x04, 0x00, 0x00, 0x00, 0x00, 0x00, 0x00, 0x00, 0x0E,
    0x00, 0x00, 0x00, 0x00, 0x7E, 0x00, 0x00, 0x00, 0x00, 0x7E, 0x00, 0x00, 0x00, 0x00, 0x1E, 0x00,
    0x00, 0x00, 0x00, 0x00, 0x00, 0x02, 0xAA, 0x80, 0x0A, 0xAA, 0x1F, 0xFF, 0x40, 0x7F, 0xFD, 0x07,
    0xD0, 0x00, 0x1F, 0x40, 0x0F, 0x40, 0x00, 0x7C, 0x00, 0x3D, 0x00, 0x02, 0xF0, 0x00, 0xF4, 0x00,
    0x2F, 0xC0, 0x03, 0xD0, 0x02, 0xEF, 0x00, 0x0F, 0x40, 0x2D, 0x7C, 0x00, 0x3D, 0x02, 0xD1, 0xF0,
    0x00, 0xF4, 0x2D, 0x07, 0xC0, 0x03, 0xD2, 0xD0, 0x1F, 0x00, 0x0F, 0x6D, 0x00, 0x7C, 0x00, 0x3F,
    0xD0, 0x01, 0xF0, 0x00, 0xFD, 0x00, 0x07, 0xC0, 0x03, 0xD0, 0x00, 0x1F, 0x00, 0x1F, 0x40, 0x00,
    0x7C, 0x01, 0xBE, 0x40, 0x06, 0xF9, 0x1F, 0xFF, 0x40, 0x7F, 0xFD, 0x00, 0x28, 0x01, 0x80, 0x00,
    0x1F, 0x00, 0xF8, 0x00, 0x07, 0xC0, 0x3E, 0x00, 0x00, 0xBE, 0xBE, 0x00, 0x00, 0x01, 0x54, 0x00,
    0x00, 0x00, 0x00, 0x00, 0x06, 0xAA, 0x80, 0x2A, 0xA5, 0xFF, 0xF0, 0x0F, 0xFE, 0x0B, 0xC0, 0x00,
    0x78, 0x00, 0xF8, 0x00, 0x2C, 0x00, 0x2F, 0x00, 0x0F, 0x00, 0x03, 0xE0, 0x03, 0x40, 0x00, 0xBC,
    0x02, 0xC0, 0x00, 0x0F, 0x80, 0xE0, 0x00, 0x02, 0xF0, 0x74, 0x00, 0x00, 0x3E, 0x2C, 0x00, 0x00,
    0x07, 0xCD, 0x00, 0x00, 0x00, 0xFF, 0x00, 0x00, 0x00, 0x1F, 0x80, 0x00, 0x00, 0x03, 0xD0, 0x00,
    0x00, 0x00, 0xF0, 0x00, 0x00, 0x3C, 0x74, 0x00, 0x00, 0x1F, 0xF8, 0x00, 0x00, 0x03, 0xF8, 0x00,
    0x00, 0x00, 0x10, 0x00, 0x00, 0x00, 0x2A, 0xA8, 0x00, 0xAA, 0xA1, 0xFF, 0xF4, 0x07, 0xFF, 0xD0,
    0x7D, 0x00, 0x01, 0xF4, 0x00, 0xF4, 0x00, 0x07, 0xC0, 0x03, 0xD0, 0x00, 0x1F, 0x00, 0x0F, 0x40,
    0x00, 0x7C, 0x00, 0x3D, 0x00, 0x01, 0xF0, 0x00, 0xF4, 0x00, 0x07, 0xC0, 0x03, 0xD0, 0x00, 0x1F,
    0x00, 0x0F, 0x40, 0x00, 0x7C, 0x00, 0x3D, 0x00, 0x01, 0xF0, 0x00, 0xF4, 0x00, 0x07, 0xC0, 0x03,
    0xD0, 0x00, 0x1F, 0x00, 0x0F, 0x40, 0x00, 0x7C, 0x00, 0x3D, 0x00, 0x01, 0xF0, 0x00, 0xF4, 0x00,
    0x07, 0xC0, 0x1B, 0xEA, 0xAA, 0xAF, 0x91, 0xFF, 0xFF, 0xFF, 0xFF, 0xE0, 0x00, 0x0B, 0x80, 0x00,
    0x00, 0x00, 0x1E, 0x00, 0x00, 0x00, 0x00, 0x74, 0x00, 0x00, 0x00, 0x00, 0xC0, 0x00, 0x00, 0x00,
    0x00, 0xA4, 0x00, 0x00, 0x00, 0x1F, 0xC0, 0x00, 0x00, 0x03, 0xFD, 0x00, 0x00, 0x00, 0x37, 0xE0,
    0x00, 0x00, 0x07, 0x1F, 0x00, 0x00, 0x00, 0xF0, 0xF4, 0x00, 0x00, 0x0D, 0x0F, 0x80, 0x00, 0x02,
    0xC0, 0x7C, 0x00, 0x00, 0x38, 0x03, 0xD0, 0x00, 0x03, 0x40, 0x3F, 0x00, 0x00, 0xB0, 0x02, 0xF0,
    0x00, 0x0F, 0xFF, 0xFF, 0x40, 0x01, 0xD0, 0x00, 0xFC, 0x00, 0x2C, 0x00, 0x07, 0xC0, 0x03, 0x80,
    0x00, 0x3E, 0x00, 0x74, 0x00, 0x03, 0xF0, 0x1F, 0x90, 0x00, 0x7F, 0x9B, 0xFF, 0x40, 0x2F, 0xFF,
    0x2A, 0xAA, 0xAA, 0x41, 0xFF, 0xFF, 0xFF, 0x00, 0x7D, 0x00, 0x7C, 0x00, 0xF4, 0x00, 0xB0, 0x03,
    0xD0, 0x00, 0xD0, 0x0F, 0x40, 0x00, 0x00, 0x3D, 0x00, 0x00, 0x00, 0xF4, 0x00, 0x00, 0x03, 0xFF,
    0xFD, 0x00, 0x0F, 0x95, 0xBF, 0x00, 0x3D, 0x00, 0x3F, 0x00, 0xF4, 0x00, 0xBC, 0x03, 0xD0, 0x01,
    0xF4, 0x0F, 0x40, 0x07, 0xD0, 0x3D, 0x00, 0x2F, 0x01, 0xF4, 0x01, 0xF8, 0x1B, 0xE5, 0x7F, 0x81,
    0xFF, 0xFF, 0xE0, 0x00, 0x2A, 0xA9, 0x50, 0x01, 0xFF, 0xFF, 0xF8, 0x00, 0x7D, 0x01, 0xFC, 0x00,
    0xF4, 0x02, 0xF0, 0x03, 0xD0, 0x07, 0xD0, 0x0F, 0x40, 0x1F, 0x40, 0x3D, 0x00, 0xBC, 0x00, 0xF4,
    0x0B, 0xC0, 0x03, 0xFB, 0xF8, 0x00, 0x0F, 0xAA, 0xFD, 0x00, 0x3D, 0x00, 0x7E, 0x00, 0xF4, 0x00,
    0xBC, 0x03, 0xD0, 0x01, 0xF4, 0x0F, 0x40, 0x07, 0xD0, 0x3D, 0x00, 0x2F, 0x00, 0xF4, 0x01, 0xF8,
    0x1B, 0xE5, 0x7F, 0x81, 0xFF, 0xFF, 0xE0, 0x00, 0x2A, 0xAA, 0xAA, 0x47, 0xFF, 0xFF, 0xF8, 0x07,
    0xD0, 0x0B, 0xC0, 0x3D, 0x00, 0x3C, 0x03, 0xD0, 0x01, 0xC0, 0x3D, 0x00, 0x04, 0x03, 0xD0, 0x00,
    0x00, 0x3D, 0x00, 0x00, 0x03, 0xD0, 0x00, 0x00, 0x3D, 0x00, 0x00, 0x03, 0xD0, 0x00, 0x00, 0x3D,
    0x00, 0x00, 0x03, 0xD0, 0x00, 0x00, 0x3D, 0x00, 0x00, 0x03, 0xD0, 0x00, 0x00, 0x7D, 0x00, 0x00,
    0x1B, 0xE4, 0x00, 0x07, 0xFF, 0xF0, 0x00, 0x06, 0xAA, 0xAA, 0xAA, 0x01, 0xFF, 0xFF, 0xFF, 0xD0,
    0x07, 0x40, 0x0F, 0x40, 0x01, 0xD0, 0x03, 0xD0, 0x00, 0x74, 0x00, 0xF4, 0x00, 0x1D, 0x00, 0x3D,
    0x00, 0x07, 0x40, 0x0F, 0x40, 0x02, 0xD0, 0x03, 0xD0, 0x00, 0xB0, 0x00, 0xF4, 0x00, 0x2C, 0x00,
    0x3D, 0x00, 0x0F, 0x00, 0x0F, 0x40, 0x03, 0xC0, 0x03, 0xD0, 0x00, 0xE0, 0x00, 0xF4, 0x00, 0x74,
    0x00, 0x3D, 0x00, 0x2C, 0x00, 0x0F, 0x40, 0x0F, 0x00, 0x03, 0xD0, 0xAB, 0xEA, 0xAA, 0xFA, 0xBF,
    0xFF, 0xFF, 0xFF, 0xFF, 0x40, 0x00, 0x00, 0x7F, 0xC0, 0x00, 0x00, 0x0F, 0xE0, 0x00, 0x00, 0x03,
    0xF8, 0x00, 0x00, 0x00, 0xB0, 0x00, 0x00, 0x00, 0x00, 0x2A, 0xAA, 0xAA, 0x07, 0xFF, 0xFF, 0xF4,
    0x07, 0xD0, 0x0B, 0x80, 0x3D, 0x00, 0x3C, 0x03, 0xD0, 0x01, 0x80, 0x3D, 0x00, 0x00, 0x03, 0xD0,
    0x08, 0x00, 0x3D, 0x02, 0xC0, 0x03, 0xFA, 0xFC, 0x00, 0x3F, 0xFF, 0xC0, 0x03, 0xD0, 0x2C, 0x00,
    0x3D, 0x01, 0x80, 0x03, 0xD0, 0x00, 0x00, 0x3D, 0x00, 0x09, 0x03, 0xD0, 0x00, 0xD0, 0x3D, 0x00,
    0x2D, 0x1B, 0xD5, 0x5B, 0xC7, 0xFF, 0xFF, 0xFC, 0x0A, 0x40, 0x1A, 0xAA, 0x00, 0x29, 0x03, 0xFE,
    0x02, 0xFF, 0xF0, 0x0F, 0xF4, 0x2F, 0xF0, 0x02, 0xF0, 0x01, 0xEF, 0x40, 0x93, 0x40, 0x1F, 0x00,
    0x38, 0xA0, 0x00, 0x3C, 0x01, 0xF0, 0x03, 0x40, 0x00, 0x01, 0xC0, 0x1F, 0x00, 0xB0, 0x00, 0x00,
    0x0D, 0x01, 0xF0, 0x0E, 0x00, 0x00, 0x00, 0xB0, 0x1F, 0x02, 0xC0, 0x00, 0x00, 0x02, 0xE6, 0xF6,
    0xF4, 0x00, 0x00, 0x00, 0x6F, 0xFF, 0xFF, 0x80, 0x00, 0x00, 0x1F, 0x81, 0xF0, 0x3F, 0x00, 0x00,
    0x03, 0xF0, 0x1F, 0x00, 0xF8, 0x00, 0x00, 0xBC, 0x01, 0xF0, 0x0B, 0xC0, 0x00, 0x0F, 0xC0, 0x1F,
    0x00, 0x3E, 0x00, 0x01, 0xF4, 0x01, 0xF0, 0x03, 0xF0, 0x00, 0x3F, 0x00, 0x1F, 0x00, 0x1F, 0x80,
    0x5B, 0xD0, 0x07, 0xF9, 0x00, 0xFD, 0x47, 0xF8, 0x03, 0xFF, 0xF4, 0x03, 0xFC, 0x04, 0x00, 0x00,
    0x00, 0x00, 0x04, 0x00, 0x0C, 0x2F, 0xE4, 0x00, 0xFF, 0xAF, 0xE0, 0x0F, 0x80, 0x2F, 0x40, 0xF0,
    0x00, 0xF8, 0x0E, 0x00, 0x0F, 0x80, 0x90, 0x00, 0xF8, 0x00, 0x00, 0x1F, 0x00, 0x00, 0x07, 0xC0,
    0x00, 0xFF, 0xD0, 0x00, 0x0F, 0xFF, 0xD0, 0x00, 0x00, 0x2F, 0x80, 0x00, 0x00, 0xBC, 0x00, 0x00,
    0x07, 0xC2, 0x40, 0x00, 0x7C, 0x38, 0x00, 0x0B, 0xC2, 0xD0, 0x01, 0xF8, 0x0F, 0xE5, 0xBE, 0x00,
    0x2F, 0xFF, 0x40, 0x00, 0x05, 0x00, 0x00, 0x2A, 0xA8, 0x00, 0xAA, 0xA1, 0xFF, 0xF4, 0x07, 0xFF,
    0xD0, 0x7D, 0x00, 0x01, 0xF4, 0x00, 0xF4, 0x00, 0x07, 0xC0, 0x03, 0xD0, 0x00, 0x2F, 0x00, 0x0F,
    0x40, 0x02, 0xFC, 0x00, 0x3D, 0x00, 0x2E, 0xF0, 0x00, 0xF4, 0x02, 0xD7, 0xC0, 0x03, 0xD0, 0x2D,
    0x1F, 0x00, 0x0F, 0x42, 0xD0, 0x7C, 0x00, 0x3D, 0x2D, 0x01, 0xF0, 0x00, 0xF6, 0xD0, 0x07, 0xC0,
    0x03, 0xFD, 0x00, 0x1F, 0x00, 0x0F, 0xD0, 0x00, 0x7C, 0x00, 0x3D, 0x00, 0x01, 0xF0, 0x01, 0xF4,
    0x00, 0x07, 0xC0, 0x1B, 0xE4, 0x00, 0x6F, 0x91, 0xFF, 0xF4, 0x07, 0xFF, 0xD0, 0x00, 0x18, 0x00,
    0x90, 0x00, 0x00, 0xF8, 0x0B, 0xC0, 0x00, 0x03, 0xD0, 0x1F, 0x00, 0x00, 0x03, 0xFB, 0xF4, 0x00,
    0x00, 0x00, 0x54, 0x00, 0x00, 0x00, 0x00, 0x00, 0x00, 0x02, 0xAA, 0x80, 0x0A, 0xAA, 0x1F, 0xFF,
    0x40, 0x7F, 0xFD, 0x07, 0xD0, 0x00, 0x1F, 0x40, 0x0F, 0x40, 0x00, 0x7C, 0x00, 0x3D, 0x00, 0x02,
    0xF0, 0x00, 0xF4, 0x00, 0x2F, 0xC0, 0x03, 0xD0, 0x02, 0xEF, 0x00, 0x0F, 0x40, 0x2D, 0x7C, 0x00,
    0x3D, 0x02, 0xD1, 0xF0, 0x00, 0xF4, 0x2D, 0x07, 0xC0, 0x03, 0xD2, 0xD0, 0x1F, 0x00, 0x0F, 0x6D,
    0x00, 0x7C, 0x00, 0x3F, 0xD0, 0x01, 0xF0, 0x00, 0xFD, 0x00, 0x07, 0xC0, 0x03, 0xD0, 0x00, 0x1F,
    0x00, 0x1F, 0x40, 0x00, 0x7C, 0x01, 0xBE, 0x40, 0x06, 0xF9, 0x1F, 0xFF, 0x40, 0x7F, 0xFD, 0x2A,
    0xA9, 0x00, 0x68, 0x1F, 0xFF, 0x40, 0x7F, 0xC0, 0x3D, 0x00, 0x3F, 0xF0, 0x0F, 0x40, 0x1D, 0x64,
    0x03, 0xD0, 0x0B, 0x00, 0x00, 0xF4, 0x03, 0x80, 0x00, 0x3D, 0x01, 0xC0, 0x00, 0x0F, 0x41, 0xE0,
    0x00, 0x03, 0xE6, 0xE0, 0x00, 0x00, 0xFF, 0xF9, 0x00, 0x00, 0x3D, 0x07, 0xD0, 0x00, 0x0F, 0x40,
    0xBC, 0x00, 0x03, 0xD0, 0x0F, 0x80, 0x00, 0xF4, 0x02, 0xF0, 0x00, 0x3D, 0x00, 0x7E, 0x00, 0x0F,
    0x40, 0x0F, 0xC0, 0x1B, 0xF4, 0x01, 0xFD, 0x5F, 0xFF, 0x80, 0x2F, 0xE0, 0x00, 0x00, 0x00, 0x40,
    0x01, 0xAA, 0xAA, 0xAA, 0x80, 0x2F, 0xFF, 0xFF, 0xFD, 0x00, 0x2C, 0x00, 0x7D, 0x00, 0x02, 0xC0,
    0x07, 0xC0, 0x00, 0x2C, 0x00, 0x7C, 0x00, 0x02, 0xC0, 0x07, 0xC0, 0x00, 0x2C, 0x00, 0x7C, 0x00,
    0x02, 0xC0, 0x07, 0xC0, 0x00, 0x2C, 0x00, 0x7C, 0x00, 0x02, 0xC0, 0x07, 0xC0, 0x00, 0x38, 0x00,
    0x7C, 0x00, 0x03, 0x80, 0x07, 0xC0, 0x00, 0x34, 0x00, 0x7C, 0x00, 0x07, 0x00, 0x07, 0xC0, 0x00,
    0xB0, 0x00, 0x7C, 0x07, 0xDE, 0x00, 0x07, 0xC0, 0xBF, 0xC0, 0x01, 0xBE, 0x47, 0xF4, 0x00, 0xBF,
    0xFD, 0x04, 0x00, 0x00, 0x00, 0x00, 0x1A, 0xA8, 0x00, 0x00, 0xAA, 0x90, 0x7F, 0xF8, 0x00, 0x07,
    0xFF, 0x80, 0x1F, 0xF0, 0x00, 0x2F, 0xE0, 0x00, 0x7B, 0xC0, 0x00, 0xEF, 0x80, 0x02, 0xCF, 0x80,
    0x07, 0x7E, 0x00, 0x0B, 0x2F, 0x00, 0x3C, 0xF8, 0x00, 0x2C, 0x3C, 0x00, 0xE3, 0xE0, 0x00, 0xB0,
    0xF8, 0x07, 0x0B, 0xC0, 0x03, 0xC2, 0xF0, 0x3C, 0x2F, 0x00, 0x0F, 0x03, 0xC0, 0xD0, 0xBC, 0x00,
    0x3C, 0x0F, 0x8B, 0x02, 0xF0, 0x00, 0xF0, 0x1F, 0x38, 0x07, 0xC0, 0x03, 0x80, 0x3E, 0xD0, 0x1F,
    0x00, 0x0E, 0x00, 0xBF, 0x00, 0x7C, 0x00, 0x38, 0x01, 0xF8, 0x01, 0xF0, 0x00, 0xE0, 0x00, 0x00,
    0x07, 0xC0, 0x1B, 0xD0, 0x00, 0x00, 0x6F, 0x91, 0xFF, 0xF0, 0x00, 0x0B, 0xFF, 0xE0, 0x2A, 0xA8,
    0x00, 0xAA, 0xA1, 0xFF, 0xF4, 0x07, 0xFF, 0xD0, 0x7D, 0x00, 0x01, 0xF4, 0x00, 0xF4, 0x00, 0x07,
    0xC0, 0x03, 0xD0, 0x00, 0x1F, 0x00, 0x0F, 0x40, 0x00, 0x7C, 0x00, 0x3D, 0x00, 0x01, 0xF0, 0x00,
    0xF4, 0x00, 0x07, 0xC0, 0x03, 0xFF, 0xFF, 0xFF, 0x00, 0x0F, 0xFF, 0xFF, 0xFC, 0x00, 0x3D, 0x00,
    0x01, 0xF0, 0x00, 0xF4, 0x00, 0x07, 0xC0, 0x03, 0xD0, 0x00, 0x1F, 0x00, 0x0F, 0x40, 0x00, 0x7C,
    0x00, 0x3D, 0x00, 0x01, 0xF0, 0x00, 0xF4, 0x00, 0x07, 0xC0, 0x1B, 0xE4, 0x00, 0x6F, 0x91, 0xFF,
    0xF4, 0x07, 0xFF, 0xD0, 0x00, 0x1B, 0xF9, 0x00, 0x00, 0x3F, 0xEF, 0xF4, 0x00, 0x7E, 0x00, 0x2F,
    0x40, 0x3D, 0x00, 0x02, 0xF0, 0x2F, 0x00, 0x00, 0x3F, 0x0F, 0x40, 0x00, 0x0B, 0xC7, 0xC0, 0x00,
    0x01, 0xFA, 0xF0, 0x00, 0x00, 0x3E, 0xBC, 0x00, 0x00, 0x0F, 0xAF, 0x00, 0x00, 0x03, 0xEB, 0xC0,
    0x00, 0x00, 0xFA, 0xF0, 0x00, 0x00, 0x3D, 0x7D, 0x00, 0x00, 0x1F, 0x0F, 0xC0, 0x00, 0x0B, 0xC2,
    0xF4, 0x00, 0x03, 0xD0, 0x3F, 0x40, 0x03, 0xE0, 0x02, 0xFD, 0x5B, 0xE0, 0x00, 0x1F, 0xFF, 0xD0,
    0x00, 0x00, 0x14, 0x00, 0x00, 0x2A, 0xAA, 0xAA, 0xAA, 0xA1, 0xFF, 0xFF, 0xFF, 0xFF, 0xD0, 0x7D,
    0x00, 0x01, 0xF4, 0x00, 0xF4, 0x00, 0x07, 0xC0, 0x03, 0xD0, 0x00, 0x1F, 0x00, 0x0F, 0x40, 0x00,
    0x7C, 0x00, 0x3D, 0x00, 0x01, 0xF0, 0x00, 0xF4, 0x00, 0x07, 0xC0, 0x03, 0xD0, 0x00, 0x1F, 0x00,
    0x0F, 0x40, 0x00, 0x7C, 0x00, 0x3D, 0x00, 0x01, 0xF0, 0x00, 0xF4, 0x00, 0x07, 0xC0, 0x03, 0xD0,
    0x00, 0x1F, 0x00, 0x0F, 0x40, 0x00, 0x7C, 0x00, 0x3D, 0x00, 0x01, 0xF0, 0x01, 0xF4, 0x00, 0x07,
    0xC0, 0x1B, 0xE4, 0x00, 0x6F, 0x91, 0xFF, 0xF4, 0x07, 0xFF, 0xD0, 0x2A, 0xA9, 0x40, 0x07, 0xFF,
    0xFF, 0xD0, 0x07, 0xD0, 0x2F, 0x80, 0x3D, 0x00, 0xBC, 0x03, 0xD0, 0x07, 0xD0, 0x3D, 0x00, 0x7D,
    0x03, 0xD0, 0x07, 0xD0, 0x3D, 0x00, 0xBC, 0x03, 0xD0, 0x0F, 0x40, 0x3E, 0x5B, 0xE0, 0x03, 0xFF,
    0xE4, 0x00, 0x3D, 0x00, 0x00, 0x03, 0xD0, 0x00, 0x00, 0x3D, 0x00, 0x00, 0x03, 0xD0, 0x00, 0x00,
    0x3D, 0x00, 0x00, 0x1B, 0xE4, 0x00, 0x07, 0xFF, 0xF0, 0x00, 0x00, 0x1B, 0xE4, 0x70, 0x01, 0xFF,
    0xBF, 0xF0, 0x07, 0xD0, 0x03, 0xF0, 0x0F, 0x40, 0x00, 0xF4, 0x2F, 0x00, 0x00, 0x38, 0x3D, 0x00,
    0x00, 0x38, 0x7C, 0x00, 0x00, 0x00, 0xBC, 0x00, 0x00, 0x00, 0xBC, 0x00, 0x00, 0x00, 0xBC, 0x00,
    0x00, 0x00, 0xBC, 0x00, 0x00, 0x00, 0xBC, 0x00, 0x00, 0x00, 0x7D, 0x00, 0x00, 0x00, 0x3F, 0x00,
    0x00, 0x00, 0x1F, 0x80, 0x00, 0x28, 0x0B, 0xE0, 0x00, 0xB4, 0x02, 0xFE, 0x5B, 0xE0, 0x00, 0x7F,
    0xFE, 0x40, 0x00, 0x01, 0x40, 0x00, 0x2A, 0xAA, 0xAA, 0xA9, 0x0F, 0xFF, 0xFF, 0xFF, 0x87, 0xC0,
    0x3D, 0x02, 0xF2, 0xD0, 0x0F, 0x40, 0x3C, 0xF0, 0x03, 0xD0, 0x07, 0x24, 0x00, 0xF4, 0x00, 0x80,
    0x00, 0x3D, 0x00, 0x00, 0x00, 0x0F, 0x40, 0x00, 0x00, 0x03, 0xD0, 0x00, 0x00, 0x00, 0xF4, 0x00,
    0x00, 0x00, 0x3D, 0x00, 0x00, 0x00, 0x0F, 0x40, 0x00, 0x00, 0x03, 0xD0, 0x00, 0x00, 0x00, 0xF4,
    0x00, 0x00, 0x00, 0x3D, 0x00, 0x00, 0x00, 0x0F, 0x40, 0x00, 0x00, 0x1B, 0xF5, 0x00, 0x00, 0x3F,
    0xFF, 0xD0, 0x00, 0x6A, 0xA8, 0x02, 0xAA, 0x5F, 0xFF, 0x00, 0xFF, 0xE0, 0xBC, 0x00, 0x07, 0x80,
    0x0F, 0x80, 0x02, 0xC0, 0x02, 0xF0, 0x00, 0xF0, 0x00, 0x3E, 0x00, 0x34, 0x00, 0x0B, 0xC0, 0x2C,
    0x00, 0x00, 0xF8, 0x0E, 0x00, 0x00, 0x2F, 0x07, 0x40, 0x00, 0x03, 0xE2, 0xC0, 0x00, 0x00, 0x7C,
    0xD0, 0x00, 0x00, 0x0F, 0xF0, 0x00, 0x00, 0x01, 0xF8, 0x00, 0x00, 0x00, 0x3D, 0x00, 0x00, 0x00,
    0x0F, 0x00, 0x00, 0x03, 0xC7, 0x40, 0x00, 0x01, 0xFF, 0x80, 0x00, 0x00, 0x3F, 0x80, 0x00, 0x00,
    0x01, 0x00, 0x00, 0x00, 0x00, 0x05, 0x55, 0x40, 0x00, 0x00, 0x3F, 0xFE, 0x00, 0x00, 0x00, 0x0F,
    0x80, 0x00, 0x00, 0x01, 0x7E, 0x50, 0x00, 0x02, 0xFF, 0xFF, 0xFE, 0x00, 0x7E, 0x03, 0xE0, 0x7F,
    0x03, 0xE0, 0x0F, 0x80, 0x3E, 0x2F, 0x00, 0x3E, 0x00, 0x7C, 0xF8, 0x00, 0xF8, 0x00, 0xF7, 0xE0,
    0x03, 0xE0, 0x03, 0xEF, 0x80, 0x0F, 0x80, 0x0F, 0xBF, 0x00, 0x3E, 0x00, 0x3D, 0x7C, 0x00, 0xF8,
    0x02, 0xF0, 0xFC, 0x03, 0xE0, 0x1F, 0x40, 0xFD, 0x5F, 0x96, 0xF4, 0x00, 0x7F, 0xFF, 0xFE, 0x00,
    0x00, 0x00, 0xF8, 0x00, 0x00, 0x00, 0x03, 0xE0, 0x00, 0x00, 0x00, 0xFF, 0xF8, 0x00, 0x00, 0x01,
    0x55, 0x50, 0x00, 0x2A, 0xA4, 0x01, 0xAA, 0x47, 0xFF, 0x80, 0x2F, 0xF8, 0x0B, 0xD0, 0x00, 0xB8,
    0x00, 0x3F, 0x00, 0x0F, 0x00, 0x00, 0xF8, 0x03, 0xC0, 0x00, 0x07, 0xD0, 0xB4, 0x00, 0x00, 0x2F,
    0x0E, 0x00, 0x00, 0x00, 0xFF, 0xC0, 0x00, 0x00, 0x07, 0xF0, 0x00, 0x00, 0x00, 0x2F, 0x40, 0x00,
    0x00, 0x07, 0xFC, 0x00, 0x00, 0x00, 0xF3, 0xF0, 0x00, 0x00, 0x3C, 0x1F, 0x80, 0x00, 0x0B, 0x40,
    0xBD, 0x00, 0x01, 0xE0, 0x03, 0xF0, 0x00, 0x3C, 0x00, 0x0F, 0xC0, 0x1F, 0xD0, 0x01, 0xFF, 0x4B,
    0xFF, 0x00, 0x7F, 0xFD, 0x2A, 0xA8, 0x00, 0xAA, 0xA0, 0x7F, 0xFD, 0x01, 0xFF, 0xF4, 0x07, 0xD0,
    0x00, 0x1F, 0x40, 0x03, 0xD0, 0x00, 0x1F, 0x00, 0x03, 0xD0, 0x00, 0x1F, 0x00, 0x03, 0xD0, 0x00,
    0x1F, 0x00, 0x03, 0xD0, 0x00, 0x1F, 0x00, 0x03, 0xD0, 0x00, 0x1F, 0x00, 0x03, 0xD0, 0x00, 0x1F,
    0x00, 0x03, 0xD0, 0x00, 0x1F, 0x00, 0x03, 0xD0, 0x00, 0x1F, 0x00, 0x03, 0xD0, 0x00, 0x1F, 0x00,
    0x03, 0xD0, 0x00, 0x1F, 0x00, 0x03, 0xD0, 0x00, 0x1F, 0x00, 0x03, 0xD0, 0x00, 0x1F, 0x00, 0x03,
    0xD0, 0x00, 0x1F, 0x00, 0x1B, 0xEA, 0xAA, 0xAF, 0xA8, 0x7F, 0xFF, 0xFF, 0xFF, 0xFC, 0x00, 0x00,
    0x00, 0x00, 0x7C, 0x00, 0x00, 0x00, 0x00, 0x2C, 0x00, 0x00, 0x00, 0x00, 0x1C, 0x00, 0x00, 0x00,
    0x00, 0x1C, 0x6A, 0xA8, 0x02, 0xAA, 0x97, 0xFF, 0xD0, 0x3F, 0xFD, 0x07, 0xD0, 0x00, 0x3E, 0x00,
    0x7C, 0x00, 0x03, 0xD0, 0x07, 0xC0, 0x00, 0x3D, 0x00, 0x7C, 0x00, 0x03, 0xD0, 0x07, 0xC0, 0x00,
    0x3D, 0x00, 0x3D, 0x00, 0x03, 0xD0, 0x03, 0xE0, 0x00, 0x7D, 0x00, 0x2F, 0x80, 0x2F, 0xD0, 0x00,
    0xBF, 0xFF, 0x7D, 0x00, 0x01, 0xAA, 0x43, 0xD0, 0x00, 0x00, 0x00, 0x3D, 0x00, 0x00, 0x00, 0x03,
    0xD0, 0x00, 0x00, 0x00, 0x3D, 0x00, 0x00, 0x00, 0x03, 0xD0, 0x00, 0x00, 0x01, 0xBF, 0x40, 0x00,
    0x00, 0xBF, 0xFE, 0x2A, 0xA8, 0x0A, 0xAA, 0x40, 0xAA, 0xA1, 0xFF, 0xF4, 0x2F, 0xFE, 0x07, 0xFF,
    0xD0, 0x7D, 0x00, 0x0F, 0xC0, 0x01, 0xF4, 0x00, 0xF4, 0x00, 0x3E, 0x00, 0x07, 0xC0, 0x03, 0xD0,
    0x00, 0xF8, 0x00, 0x1F, 0x00, 0x0F, 0x40, 0x03, 0xE0, 0x00, 0x7C, 0x00, 0x3D, 0x00, 0x0F, 0x80,
    0x01, 0xF0, 0x00, 0xF4, 0x00, 0x3E, 0x00, 0x07, 0xC0, 0x03, 0xD0, 0x00, 0xF8, 0x00, 0x1F, 0x00,
    0x0F, 0x40, 0x03, 0xE0, 0x00, 0x7C, 0x00, 0x3D, 0x00, 0x0F, 0x80, 0x01, 0xF0, 0x00, 0xF4, 0x00,
    0x3E, 0x00, 0x07, 0xC0, 0x03, 0xD0, 0x00, 0xF8, 0x00, 0x1F, 0x00, 0x0F, 0x40, 0x03, 0xE0, 0x00,
    0x7C, 0x00, 0x3D, 0x00, 0x0F, 0x80, 0x01, 0xF0, 0x00, 0xF4, 0x00, 0x3E, 0x00, 0x07, 0xC0, 0x1B,
    0xEA, 0xAA, 0xFE, 0xAA, 0xAF, 0x91, 0xFF, 0xFF, 0xFF, 0xFF, 0xFF, 0xFF, 0xD0, 0x2A, 0xA8, 0x0A,
    0xAA, 0x40, 0xAA, 0xA0, 0x7F, 0xFD, 0x0B, 0xFF, 0x81, 0xFF, 0xF4, 0x07, 0xD0, 0x00, 0xFC, 0x00,
    0x1F, 0x40, 0x03, 0xD0, 0x00, 0xF8, 0x00, 0x1F, 0x00, 0x03, 0xD0, 0x00, 0xF8, 0x00, 0x1F, 0x00,
    0x03, 0xD0, 0x00, 0xF8, 0x00, 0x1F, 0x00, 0x03, 0xD0, 0x00, 0xF8, 0x00, 0x1F, 0x00, 0x03, 0xD0,
    0x00, 0xF8, 0x00, 0x1F, 0x00, 0x03, 0xD0, 0x00, 0xF8, 0x00, 0x1F, 0x00, 0x03, 0xD0, 0x00, 0xF8,
    0x00, 0x1F, 0x00, 0x03, 0xD0, 0x00, 0xF8, 0x00, 0x1F, 0x00, 0x03, 0xD0, 0x00, 0xF8, 0x00, 0x1F,
    0x00, 0x03, 0xD0, 0x00, 0xF8, 0x00, 0x1F, 0x00, 0x03, 0xD0, 0x00, 0xF8, 0x00, 0x1F, 0x00, 0x03,
    0xD0, 0x00, 0xF8, 0x00, 0x1F, 0x00, 0x03, 0xD0, 0x00, 0xF8, 0x00, 0x1F, 0x00, 0x1B, 0xEA, 0xAA,
    0xFE, 0xAA, 0xAF, 0xA8, 0x7F, 0xFF, 0xFF, 0xFF, 0xFF, 0xFF, 0xFC, 0x00, 0x00, 0x00, 0x00, 0x00,
    0x00, 0x7C, 0x00, 0x00, 0x00, 0x00, 0x00, 0x00, 0x2C, 0x00, 0x00, 0x00, 0x00, 0x00, 0x00, 0x1C,
    0x00, 0x00, 0x00, 0x00, 0x00, 0x00, 0x1C, 0x1A, 0xAA, 0xA8, 0x00, 0x03, 0xFF, 0xFF, 0xC0, 0x00,
    0x3C, 0x0B, 0xC0, 0x00, 0x03, 0x80, 0xBC, 0x00, 0x00, 0x70, 0x0B, 0xC0, 0x00, 0x06, 0x00, 0xBC,
    0x00, 0x00, 0x00, 0x0B, 0xC0, 0x00, 0x00, 0x00, 0xBC, 0x00, 0x00, 0x00, 0x0B, 0xFF, 0xF9, 0x00,
    0x00, 0xBD, 0x16, 0xF8, 0x00, 0x0B, 0xC0, 0x0B, 0xD0, 0x00, 0xBC, 0x00, 0x3F, 0x00, 0x0B, 0xC0,
    0x02, 0xF0, 0x00, 0xBC, 0x00, 0x3F, 0x00, 0x0B, 0xC0, 0x03, 0xE0, 0x00, 0xBC, 0x00, 0xBC, 0x00,
    0x1F, 0xD5, 0xBF, 0x40, 0x0F, 0xFF, 0xFE, 0x40, 0x2A, 0xA8, 0x00, 0x02, 0xAA, 0xA7, 0xFF, 0xD0,
    0x00, 0x3F, 0xFE, 0x07, 0xD0, 0x00, 0x00, 0x3F, 0x00, 0x3D, 0x00, 0x00, 0x03, 0xE0, 0x03, 0xD0,
    0x00, 0x00, 0x3E, 0x00, 0x3D, 0x00, 0x00, 0x03, 0xE0, 0x03, 0xD0, 0x00, 0x00, 0x3E, 0x00, 0x3D,
    0x00, 0x00, 0x03, 0xE0, 0x03, 0xFF, 0xFD, 0x00, 0x3E, 0x00, 0x3D, 0x06, 0xF8, 0x03, 0xE0, 0x03,
    0xD0, 0x07, 0xE0, 0x3E, 0x00, 0x3D, 0x00, 0x3F, 0x03, 0xE0, 0x03, 0xD0, 0x02, 0xF0, 0x3E, 0x00,
    0x3D, 0x00, 0x2F, 0x03, 0xE0, 0x03, 0xD0, 0x03, 0xF0, 0x3E, 0x00, 0x3D, 0x00, 0x7D, 0x03, 0xE0,
    0x1B, 0xD5, 0x7F, 0x41, 0x7F, 0x47, 0xFF, 0xFF, 0x80, 0x3F, 0xFF, 0x2A, 0xA8, 0x00, 0x01, 0xFF,
    0xF4, 0x00, 0x00, 0x7D, 0x00, 0x00, 0x00, 0xF4, 0x00, 0x00, 0x03, 0xD0, 0x00, 0x00, 0x0F, 0x40,
    0x00, 0x00, 0x3D, 0x00, 0x00, 0x00, 0xF4, 0x00, 0x00, 0x03, 0xFF, 0xFD, 0x00, 0x0F, 0x45, 0xBF,
    0x00, 0x3D, 0x00, 0x3F, 0x00, 0xF4, 0x00, 0xBC, 0x03, 0xD0, 0x01, 0xF4, 0x0F, 0x40, 0x07, 0xC0,
    0x3D, 0x00, 0x2F, 0x00, 0xF4, 0x01, 0xF8, 0x1B, 0xD5, 0x6F, 0x81, 0xFF, 0xFF, 0xE0, 0x00, 0x0C,
    0x1B, 0xE4, 0x00, 0x0E, 0xFA, 0xFF, 0x40, 0x0F, 0x80, 0x0B, 0xD0, 0x0F, 0x00, 0x02, 0xF0, 0x0E,
    0x00, 0x00, 0xF4, 0x09, 0x00, 0x00, 0xFC, 0x00, 0x00, 0x00, 0xBC, 0x00, 0x00, 0x00, 0xBC, 0x00,
    0xAA, 0xAA, 0xFC, 0x00, 0xFF, 0xFF, 0xFC, 0x00, 0x00, 0x00, 0xBC, 0x00, 0x00, 0x00, 0xBC, 0x00,
    0x00, 0x00, 0xF8, 0x24, 0x00, 0x00, 0xF4, 0x3C, 0x00, 0x02, 0xF0, 0x1F, 0x00, 0x0B, 0xD0, 0x07,
    0xE5, 0xBF, 0x40, 0x01, 0xFF, 0xF8, 0x00, 0x00, 0x05, 0x00, 0x00, 0x2A, 0xA8, 0x00, 0x02, 0xFE,
    0x40, 0x07, 0xFF, 0xD0, 0x02, 0xFE, 0xFF, 0x00, 0x07, 0xD0, 0x00, 0xF8, 0x00, 0xFC, 0x00, 0x3D,
    0x00, 0x2E, 0x00, 0x03, 0xF0, 0x03, 0xD0, 0x07, 0xC0, 0x00, 0x1F, 0x40, 0x3D, 0x00, 0xB8, 0x00,
    0x00, 0xF8, 0x03, 0xD0, 0x0F, 0x40, 0x00, 0x0B, 0xC0, 0x3D, 0x00, 0xF4, 0x00, 0x00, 0x7C, 0x03,
    0xFF, 0xFF, 0x00, 0x00, 0x07, 0xC0, 0x3F, 0xFF, 0xF0, 0x00, 0x00, 0x7C, 0x03, 0xD0, 0x0F, 0x40,
    0x00, 0x07, 0xC0, 0x3D, 0x00, 0xF4, 0x00, 0x00, 0xBC, 0x03, 0xD0, 0x0F, 0x80, 0x00, 0x0B, 0x80,
    0x3D, 0x00, 0xBC, 0x00, 0x00, 0xF4, 0x03, 0xD0, 0x03, 0xE0, 0x00, 0x1F, 0x00, 0x7D, 0x00, 0x1F,
    0x80, 0x07, 0xD0, 0x1B, 0xE4, 0x00, 0x7F, 0x56, 0xF4, 0x07, 0xFF, 0xD0, 0x01, 0xFF, 0xF8, 0x00,
    0x00, 0x00, 0x00, 0x00, 0x50, 0x00, 0x00, 0x00, 0x01, 0x6A, 0xAA, 0x00, 0x0B, 0xFF, 0xFF, 0x80,
    0x0F, 0x80, 0x2F, 0x00, 0x0F, 0xC0, 0x0B, 0xC0, 0x03, 0xD0, 0x02, 0xF0, 0x00, 0xF4, 0x00, 0xBC,
    0x00, 0x3E, 0x00, 0x2F, 0x00, 0x0B, 0xC0, 0x0B, 0xC0, 0x00, 0xFD, 0x02, 0xF0, 0x00, 0x06, 0xFF,
    0xFC, 0x00, 0x00, 0xBA, 0xBF, 0x00, 0x00, 0xF0, 0x0B, 0xC0, 0x00, 0xF8, 0x02, 0xF0, 0x00, 0x7C,
    0x00, 0xBC, 0x00, 0x2F, 0x00, 0x2F, 0x00, 0x0F, 0x40, 0x0B, 0xC0, 0x6F, 0xC0, 0x17, 0xF5, 0x1F,
    0xD0, 0x1F, 0xFF, 0xC0, 0x00, 0x00, 0x00, 0x00, 0x00, 0x00, 0x00, 0x01, 0xFF, 0x80, 0x03, 0xD5,
    0xBC, 0x01, 0xF0, 0x0F, 0x40, 0xBC, 0x02, 0xE0, 0x05, 0x00, 0xBC, 0x00, 0x00, 0x2F, 0x00, 0x0B,
    0xFF, 0xC0, 0x2F, 0x92, 0xF0, 0x1F, 0x00, 0xBC, 0x0B, 0xC0, 0x2F, 0x02, 0xF0, 0x0F, 0xC0, 0x7E,
    0x5E, 0xF5, 0x0B, 0xFD, 0x3F, 0xC0, 0x10, 0x01, 0x40, 0x00, 0x00, 0x02, 0x00, 0x00, 0x01, 0xC0,
    0x06, 0xFF, 0xE0, 0x0B, 0xFF, 0xF0, 0x0B, 0xE5, 0x40, 0x03, 0x80, 0x00, 0x02, 0xC0, 0x00, 0x00,
    0xE0, 0x69, 0x00, 0x35, 0xFF, 0xF4, 0x1D, 0xD0, 0x2F, 0x07, 0xE0, 0x03, 0xF2, 0xF4, 0x00, 0x7C,
    0xBC, 0x00, 0x1F, 0x6F, 0x00, 0x03, 0xD7, 0xC0, 0x00, 0xF5, 0xF0, 0x00, 0x7C, 0x3D, 0x00, 0x2F,
    0x0B, 0xC0, 0x0F, 0x40, 0xFD, 0x1F, 0x40, 0x0B, 0xFF, 0x40, 0x00, 0x14, 0x00, 0x00, 0x6A, 0xAA,
    0x40, 0x6F, 0xEB, 0xF4, 0x0F, 0x40, 0xBC, 0x0F, 0x40, 0x7C, 0x0F, 0x40, 0xBC, 0x0F, 0x96, 0xE0,
    0x0F, 0xFF, 0x90, 0x0F, 0x80, 0xBC, 0x0F, 0x40, 0x3E, 0x0F, 0x40, 0x2F, 0x0F, 0x40, 0x3E, 0x1F,
    0x95, 0xFC, 0xBF, 0xFF, 0xE0, 0x6A, 0xAA, 0xA1, 0xFF, 0xAF, 0xD0, 0xF8, 0x0B, 0x43, 0xE0, 0x0E,
    0x0F, 0x80, 0x28, 0x3E, 0x00, 0x00, 0xF8, 0x00, 0x03, 0xE0, 0x00, 0x0F, 0x80, 0x00, 0x3E, 0x00,
    0x00, 0xF8, 0x00, 0x07, 0xF5, 0x00, 0xBF, 0xFD, 0x00, 0x0A, 0xAA, 0xAA, 0x90, 0xBF, 0xAB, 0xFD,
    0x01, 0xD0, 0x2F, 0x00, 0x1D, 0x02, 0xE0, 0x01, 0xD0, 0x2E, 0x00, 0x1D, 0x02, 0xE0, 0x01, 0xC0,
    0x2E, 0x00, 0x2C, 0x02, 0xE0, 0x03, 0xC0, 0x2E, 0x00, 0x38, 0x02, 0xE0, 0x07, 0x40, 0x2E, 0x01,
    0xB5, 0x56, 0xF5, 0xBF, 0xFF, 0xFF, 0xEB, 0x80, 0x00, 0x2E, 0xB0, 0x00, 0x00, 0xEB, 0x00, 0x00,
    0x0E, 0xA0, 0x00, 0x00, 0xA0, 0x00, 0x00, 0x00, 0x01, 0xFF, 0x80, 0x0B, 0x97, 0xF0, 0x2E, 0x00,
    0xF4, 0x3C, 0x00, 0xB8, 0xBC, 0x00, 0xBC, 0xBE, 0xAA, 0xF8, 0xFF, 0xFF, 0xF4, 0xFC, 0x00, 0x00,
    0xBC, 0x00, 0x00, 0x7D, 0x00, 0x00, 0x3F, 0x00, 0x18, 0x1F, 0xEA, 0xF4, 0x03, 0xFF, 0xD0, 0x00,
    0x14, 0x00, 0x00, 0x00, 0x00, 0x00, 0x00, 0x07, 0xE0, 0x2A, 0xA4, 0x1F, 0x83, 0xFD, 0x0B, 0xF9,
    0x0F, 0xF0, 0xB5, 0xC0, 0xBC, 0x0B, 0x3C, 0x00, 0x34, 0x2F, 0x03, 0x40, 0x00, 0x0B, 0x0B, 0xC2,
    0xC0, 0x00, 0x00, 0xE2, 0xF1, 0xD0, 0x00, 0x00, 0x7F, 0xFF, 0xF8, 0x00, 0x00, 0xBC, 0x2F, 0x07,
    0xC0, 0x00, 0x7C, 0x0B, 0xC0, 0xB8, 0x00, 0x2E, 0x02, 0xF0, 0x1F, 0x00, 0x0F, 0x40, 0xBC, 0x03,
    0xD0, 0x6F, 0xC0, 0x7F, 0x40, 0xBE, 0x4F, 0xD0, 0x7F, 0xF8, 0x0F, 0xD0, 0x00, 0x00, 0x00, 0x00,
    0x00, 0x00, 0x00, 0x01, 0xDB, 0xFD, 0x03, 0xE5, 0xBD, 0x0F, 0x00, 0xF8, 0x34, 0x02, 0xE0, 0x80,
    0x0F, 0x40, 0x01, 0xF4, 0x00, 0xFF, 0x40, 0x00, 0x07, 0xD0, 0x40, 0x07, 0xCB, 0xC0, 0x1F, 0x2F,
    0x00, 0x7C, 0x7C, 0x07, 0xD0, 0x7F, 0xFD, 0x00, 0x05, 0x00, 0x00, 0x6A, 0xA0, 0x2A, 0xA9, 0xFF,
    0x80, 0xBF, 0xD0, 0xF8, 0x00, 0x7C, 0x03, 0xD0, 0x03, 0xF0, 0x0F, 0x40, 0x3F, 0xC0, 0x3D, 0x03,
    0xEF, 0x00, 0xF4, 0x78, 0x7C, 0x03, 0xD7, 0x81, 0xF0, 0x0F, 0xF4, 0x07, 0xC0, 0x3F, 0x40, 0x1F,
    0x00, 0xF4, 0x00, 0x7C, 0x07, 0xF4, 0x07, 0xF4, 0xBF, 0xF4, 0x7F, 0xFC, 0x00, 0x90, 0x18, 0x00,
    0x0B, 0xC0, 0xFC, 0x00, 0x2E, 0x02, 0xE0, 0x00, 0x2F, 0xFE, 0x00, 0x00, 0x00, 0x00, 0x00, 0x00,
    0x00, 0x00, 0x06, 0xAA, 0x02, 0xAA, 0x9F, 0xF8, 0x0B, 0xFD, 0x0F, 0x80, 0x07, 0xC0, 0x3D, 0x00,
    0x3F, 0x00, 0xF4, 0x03, 0xFC, 0x03, 0xD0, 0x3E, 0xF0, 0x0F, 0x47, 0x87, 0xC0, 0x3D, 0x78, 0x1F,
    0x00, 0xFF, 0x40, 0x7C, 0x03, 0xF4, 0x01, 0xF0, 0x0F, 0x40, 0x07, 0xC0, 0x7F, 0x40, 0x7F, 0x4B,
    0xFF, 0x47, 0xFF, 0xC0, 0x00, 0x00, 0x00, 0x06, 0xAA, 0x02, 0xF0, 0x7F, 0xE0, 0xBF, 0x80, 0xF8,
    0x0D, 0xF4, 0x0F, 0x42, 0xC0, 0x00, 0xF4, 0x34, 0x00, 0x0F, 0x9E, 0x00, 0x00, 0xFF, 0xE4, 0x00,
    0x0F, 0x47, 0xE0, 0x00, 0xF4, 0x1F, 0x40, 0x0F, 0x40, 0xF8, 0x00, 0xF4, 0x07, 0xC0, 0x1F, 0xD0,
    0x3F, 0x9B, 0xFF, 0x41, 0xFC, 0x00, 0x00, 0x00, 0x00, 0x02, 0xAA, 0xAA, 0xA0, 0x0B, 0xFA, 0xBF,
    0x80, 0x07, 0x00, 0xF4, 0x00, 0x1C, 0x03, 0xD0, 0x00, 0x70, 0x0F, 0x40, 0x01, 0xC0, 0x3D, 0x00,
    0x0B, 0x00, 0xF4, 0x00, 0x2C, 0x03, 0xD0, 0x00, 0xE0, 0x0F, 0x40, 0x03, 0x40, 0x3D, 0x02, 0x5C,
    0x00, 0xF4, 0x2F, 0xF0, 0x07, 0xF4, 0x7F, 0x00, 0xFF, 0xF4, 0x10, 0x00, 0x00, 0x00, 0x6A, 0x80,
    0x00, 0xAA, 0x9F, 0xF8, 0x00, 0x3F, 0xD0, 0xFF, 0x00, 0x2F, 0xC0, 0x3B, 0xE0, 0x0E, 0xF0, 0x0E,
    0x7C, 0x0B, 0x7C, 0x03, 0x8F, 0x43, 0x5F, 0x00, 0xE2, 0xF1, 0xC7, 0xC0, 0x38, 0x3D, 0xD1, 0xF0,
    0x0E, 0x0B, 0xF0, 0x7C, 0x03, 0x80, 0xF8, 0x1F, 0x00, 0xE0, 0x14, 0x07, 0xC0, 0x7D, 0x00, 0x06,
    0xF8, 0xBF, 0xE0, 0x03, 0xFF, 0xC0, 0x6A, 0xA0, 0x2A, 0xA9, 0xFF, 0x80, 0xBF, 0xD0, 0xF8, 0x00,
    0x7C, 0x03, 0xD0, 0x01, 0xF0, 0x0F, 0x40, 0x07, 0xC0, 0x3E, 0x00, 0x1F, 0x00, 0xFF, 0xFF, 0xFC,
    0x03, 0xE0, 0x02, 0xF0, 0x0F, 0x40, 0x07, 0xC0, 0x3D, 0x00, 0x1F, 0x00, 0xF4, 0x00, 0x7C, 0x07,
    0xF4, 0x07, 0xF4, 0xBF, 0xF4, 0x7F, 0xFC, 0x00, 0x00, 0x00, 0x00, 0x6F, 0xE4, 0x00, 0xBE, 0x6F,
    0x80, 0xB8, 0x01, 0xF4, 0x3C, 0x00, 0x2F, 0x2F, 0x00, 0x07, 0xDB, 0x80, 0x00, 0xF7, 0xE0, 0x00,
    0x3D, 0xFC, 0x00, 0x0F, 0x6F, 0x00, 0x03, 0xC7, 0xD0, 0x01, 0xF0, 0xFC, 0x00, 0xF4, 0x1F, 0xD1,
    0xF8, 0x00, 0xFF, 0xF4, 0x00, 0x01, 0x40, 0x00, 0x6A, 0xAA, 0xAA, 0xA9, 0xFF, 0xAA, 0xBF, 0xD0,
    0xF8, 0x00, 0xBC, 0x03, 0xE0, 0x02, 0xF0, 0x0F, 0x80, 0x0B, 0xC0, 0x3E, 0x00, 0x2F, 0x00, 0xF8,
    0x00, 0xBC, 0x03, 0xE0, 0x02, 0xF0, 0x0F, 0x80, 0x0B, 0xC0, 0x3E, 0x00, 0x2F, 0x00, 0xF8, 0x00,
    0xBC, 0x07, 0xF4, 0x07, 0xF4, 0xBF, 0xF4, 0x7F, 0xFC, 0x00, 0x00, 0x00, 0x00, 0xAE, 0x0B, 0xF8,
    0x02, 0xFD, 0xFF, 0xFC, 0x01, 0xFD, 0x01, 0xF4, 0x03, 0xE0, 0x03, 0xF0, 0x0F, 0x00, 0x07, 0xC0,
    0x3C, 0x00, 0x1F, 0x00, 0xF0, 0x00, 0x7D, 0x03, 0xC0, 0x01, 0xF0, 0x0F, 0x00, 0x07, 0xC0, 0x3C,
    0x00, 0x3F, 0x00, 0xF0, 0x01, 0xF4, 0x03, 0xF9, 0x6F, 0x80, 0x0F, 0xFF, 0xF8, 0x00, 0x3C, 0x04,
    0x00, 0x00, 0xF0, 0x00, 0x00, 0x03, 0xC0, 0x00, 0x00, 0x1F, 0x40, 0x00, 0x03, 0xFF, 0xD0, 0x00,
    0x05, 0x55, 0x00, 0x00, 0x00, 0x00, 0x00, 0x07, 0xFE, 0x00, 0xBD, 0x6F, 0x0B, 0xC0, 0x3E, 0x3C,
    0x01, 0xFA, 0xF0, 0x02, 0xCB, 0x80, 0x00, 0x3E, 0x00, 0x00, 0xFC, 0x00, 0x02, 0xF0, 0x00, 0x07,
    0xD0, 0x00, 0x0F, 0xD0, 0x09, 0x1F, 0xFA, 0xF4, 0x0F, 0xFF, 0x00, 0x01, 0x40, 0x00, 0x1A, 0xAA,
    0xAA, 0x83, 0xFA, 0xFE, 0xBD, 0x3C, 0x0F, 0x41, 0xD3, 0x80, 0xF4, 0x0E, 0x30, 0x0F, 0x40, 0xA0,
    0x00, 0xF4, 0x00, 0x00, 0x0F, 0x40, 0x00, 0x00, 0xF4, 0x00, 0x00, 0x0F, 0x40, 0x00, 0x00, 0xF4,
    0x00, 0x00, 0x0F, 0x40, 0x00, 0x01, 0xFD, 0x00, 0x00, 0xFF, 0xF4, 0x00, 0x6A, 0xA4, 0x2A, 0xA1,
    0xFF, 0x90, 0xBF, 0x80, 0xFC, 0x00, 0x74, 0x01, 0xF0, 0x02, 0xC0, 0x03, 0xD0, 0x0E, 0x00, 0x0B,
    0xC0, 0x70, 0x00, 0x0F, 0x43, 0xC0, 0x00, 0x3E, 0x0D, 0x00, 0x00, 0x7C, 0xB0, 0x00, 0x00, 0xFB,
    0x40, 0x00, 0x02, 0xFC, 0x00, 0x00, 0x03, 0xE0, 0x00, 0x00, 0x0B, 0x00, 0x00, 0x00, 0x3C, 0x00,
    0x00, 0x01, 0xD0, 0x00, 0x0E, 0x0B, 0x00, 0x00, 0xBC, 0x74, 0x00, 0x02, 0xFB, 0x80, 0x00, 0x01,
    0xA4, 0x00, 0x00, 0x00, 0x00, 0x00, 0x00, 0x00, 0x00, 0x00, 0x3F, 0xD0, 0x00, 0x00, 0x00, 0x6F,
    0x40, 0x00, 0x00, 0x00, 0x3D, 0x00, 0x00, 0x00, 0x00, 0xF4, 0x00, 0x00, 0x00, 0x03, 0xD0, 0x00,
    0x00, 0x00, 0x0F, 0x40, 0x00, 0x00, 0xBF, 0x3D, 0x7F, 0x80, 0x0F, 0xEF, 0xFF, 0xEF, 0xC0, 0xF8,
    0x07, 0xF0, 0x0F, 0x87, 0xC0, 0x0F, 0x40, 0x2F, 0x2F, 0x00, 0x3D, 0x00, 0x7C, 0xB8, 0x00, 0xF4,
    0x00, 0xF7, 0xE0, 0x03, 0xD0, 0x03, 0xDF, 0x80, 0x0F, 0x40, 0x0F, 0x2F, 0x00, 0x3D, 0x00, 0x7C,
    0x7C, 0x00, 0xF4, 0x02, 0xF0, 0xF4, 0x03, 0xE0, 0x0F, 0x42, 0xF5, 0x7F, 0xE5, 0xFC, 0x02, 0xFF,
    0xBE, 0xFF, 0x80, 0x00, 0x50, 0xF4, 0x10, 0x00, 0x00, 0x03, 0xD0, 0x00, 0x00, 0x00, 0x0F, 0x40,
    0x00, 0x00, 0x00, 0x3E, 0x00, 0x00, 0x00, 0x0F, 0xFF, 0x80, 0x00, 0x00, 0x15, 0x55, 0x00, 0x00,
    0x6A, 0xA4, 0x6A, 0x91, 0xFF, 0x81, 0xFE, 0x40, 0xBC, 0x02, 0xD0, 0x00, 0xFC, 0x0D, 0x00, 0x00,
    0xF8, 0xE0, 0x00, 0x01, 0xFF, 0x00, 0x00, 0x02, 0xF4, 0x00, 0x00, 0x0F, 0xF0, 0x00, 0x00, 0xB3,
    0xF0, 0x00, 0x07, 0x43, 0xE0, 0x00, 0x78, 0x07, 0xE0, 0x07, 0xE0, 0x1F, 0xE4, 0xFF, 0xF2, 0xFF,
    0xF0, 0x6A, 0xA4, 0x2A, 0xA4, 0x6F, 0xE0, 0x2F, 0xE4, 0x0F, 0x80, 0x0B, 0xC0, 0x0F, 0x80, 0x0B,
    0xC0, 0x0F, 0x80, 0x0B, 0xC0, 0x0F, 0x80, 0x0B, 0xC0, 0x0F, 0x80, 0x0B, 0xC0, 0x0F, 0x80, 0x0B,
    0xC0, 0x0F, 0x80, 0x0B, 0xC0, 0x0F, 0x80, 0x0B, 0xC0, 0x0F, 0x80, 0x0B, 0xC0, 0x1F, 0x95, 0x5B,
    0xD4, 0xFF, 0xFF, 0xFF, 0xFE, 0x00, 0x00, 0x00, 0x2E, 0x00, 0x00, 0x00, 0x1E, 0x00, 0x00, 0x00,
    0x0E, 0x00, 0x00, 0x00, 0x08, 0x6A, 0xA4, 0x6A, 0xA5, 0xBF, 0x91, 0xBF, 0x80, 0xB8, 0x00, 0xF8,
    0x02, 0xE0, 0x03, 0xE0, 0x0B, 0x80, 0x0F, 0x80, 0x2F, 0x00, 0x3E, 0x00, 0x7C, 0x00, 0xF8, 0x00,
    0xFE, 0xBF, 0xE0, 0x00, 0xBF, 0x8F, 0x80, 0x00, 0x00, 0x3E, 0x00, 0x00, 0x00, 0xF8, 0x00, 0x00,
    0x07, 0xF4, 0x00, 0x00, 0xBF, 0xF8, 0x6A, 0xA4, 0xAA, 0xA0, 0xAA, 0xA6, 0xFE, 0x0B, 0xFE, 0x0B,
    0xFE, 0x0F, 0x80, 0x0F, 0x40, 0x1F, 0x00, 0xF8, 0x00, 0xF4, 0x01, 0xF0, 0x0F, 0x80, 0x0F, 0x40,
    0x1F, 0x00, 0xF8, 0x00, 0xF4, 0x01, 0xF0, 0x0F, 0x80, 0x0F, 0x40, 0x1F, 0x00, 0xF8, 0x00, 0xF4,
    0x01, 0xF0, 0x0F, 0x80, 0x0F, 0x40, 0x1F, 0x00, 0xF8, 0x00, 0xF4, 0x01, 0xF0, 0x0F, 0x80, 0x0F,
    0x40, 0x1F, 0x01, 0xF9, 0x55, 0xF9, 0x56, 0xF8, 0xFF, 0xFF, 0xFF, 0xFF, 0xFF, 0xF0, 0x6A, 0xA4,
    0xAA, 0xA0, 0xAA, 0xA1, 0xBF, 0x82, 0xFF, 0x82, 0xFF, 0x80, 0xF8, 0x00, 0xF4, 0x01, 0xF0, 0x03,
    0xE0, 0x03, 0xD0, 0x07, 0xC0, 0x0F, 0x80, 0x0F, 0x40, 0x1F, 0x00, 0x3E, 0x00, 0x3D, 0x00, 0x7C,
    0x00, 0xF8, 0x00, 0xF4, 0x01, 0xF0, 0x03, 0xE0, 0x03, 0xD0, 0x07, 0xC0, 0x0F, 0x80, 0x0F, 0x40,
    0x1F, 0x00, 0x3E, 0x00, 0x3D, 0x00, 0x7C, 0x00, 0xF8, 0x00, 0xF4, 0x01, 0xF0, 0x07, 0xE5, 0x57,
    0xE5, 0x5B, 0xD5, 0xFF, 0xFF, 0xFF, 0xFF, 0xFF, 0xFC, 0x00, 0x00, 0x00, 0x00, 0x01, 0xF0, 0x00,
    0x00, 0x00, 0x00, 0x03, 0xC0, 0x00, 0x00, 0x00, 0x00, 0x0B, 0x00, 0x00, 0x00, 0x00, 0x00, 0x14,
    0x2A, 0xAA, 0x90, 0x00, 0x3F, 0xBF, 0x90, 0x00, 0x3C, 0x2F, 0x00, 0x00, 0x34, 0x2F, 0x00, 0x00,
    0x70, 0x2F, 0x00, 0x00, 0x00, 0x2F, 0xAA, 0x40, 0x00, 0x2F, 0xAB, 0xF4, 0x00, 0x2F, 0x00, 0xFC,
    0x00, 0x2F, 0x00, 0x7C, 0x00, 0x2F, 0x00, 0x7C, 0x00, 0x2F, 0x00, 0xBC, 0x00, 0x7F, 0x06, 0xF0,
    0x01, 0xFF, 0xFE, 0x40, 0x6A, 0xA0, 0x00, 0xAA, 0xA1, 0xBF, 0x80, 0x02, 0xFF, 0x80, 0xF8, 0x00,
    0x00, 0xF4, 0x03, 0xD0, 0x00, 0x03, 0xD0, 0x0F, 0x40, 0x00, 0x0F, 0x40, 0x3E, 0xAA, 0x00, 0x3D,
    0x00, 0xFE, 0xBF, 0x80, 0xF4, 0x03, 0xD0, 0x2F, 0x43, 0xD0, 0x0F, 0x40, 0x3E, 0x0F, 0x40, 0x3D,
    0x00, 0xF4, 0x3D, 0x00, 0xF4, 0x07, 0xC0, 0xF4, 0x07, 0xE0, 0x7E, 0x07, 0xE4, 0xBF, 0xFF, 0x80,
    0xFF, 0xF4, 0x6A, 0xA0, 0x00, 0x7F, 0xE0, 0x00, 0x0F, 0x80, 0x00, 0x0F, 0x40, 0x00, 0x0F, 0x40,
    0x00, 0x0F, 0xAA, 0x90, 0x0F, 0xEB, 0xFC, 0x0F, 0x40, 0x7E, 0x0F, 0x40, 0x3F, 0x0F, 0x40, 0x3E,
    0x0F, 0x40, 0x3D, 0x1F, 0x81, 0xF8, 0xBF, 0xFF, 0x90, 0x00, 0x00, 0x01, 0xDB, 0xF8, 0x07, 0xE5,
    0xBC, 0x0E, 0x00, 0xBC, 0x34, 0x00, 0xF4, 0x80, 0x03, 0xE0, 0x00, 0x0F, 0x80, 0xFF, 0xFF, 0x00,
    0x00, 0xF8, 0x50, 0x03, 0xEB, 0xC0, 0x0F, 0x2F, 0x00, 0xB8, 0x7C, 0x0B, 0xC0, 0x7F, 0xF8, 0x00,
    0x04, 0x00, 0x00, 0x00, 0x00, 0x00, 0x00, 0x00, 0x6A, 0xA0, 0x02, 0xFF, 0x40, 0x7F, 0xE0, 0x0F,
    0x9B, 0xE0, 0x0F, 0x80, 0x3D, 0x00, 0xF8, 0x0F, 0x40, 0xB8, 0x00, 0xBC, 0x0F, 0x40, 0xF4, 0x00,
    0x3D, 0x0F, 0x80, 0xF4, 0x00, 0x3D, 0x0F, 0xFF, 0xF4, 0x00, 0x3E, 0x0F, 0x81, 0xF4, 0x00, 0x3D,
    0x0F, 0x40, 0xF8, 0x00, 0x3D, 0x0F, 0x40, 0xFC, 0x00, 0x7C, 0x0F, 0x40, 0x7D, 0x00, 0xF8, 0x1F,
    0xD0, 0x2F, 0x86, 0xF0, 0xBF, 0xF4, 0x0B, 0xFF, 0x80, 0x00, 0x00, 0x00, 0x10, 0x00, 0x00, 0x1A,
    0xAA, 0x90, 0x2F, 0xAB, 0xF9, 0x07, 0xD0, 0x1F, 0x00, 0xBC, 0x01, 0xF0, 0x0B, 0xC0, 0x1F, 0x00,
    0x3D, 0x01, 0xF0, 0x01, 0xFE, 0xBF, 0x00, 0x02, 0xEB, 0xF0, 0x00, 0xF0, 0x1F, 0x00, 0x2E, 0x01,
    0xF0, 0x03, 0xD0, 0x1F, 0x01, 0xBC, 0x07, 0xF4, 0x3F, 0x41, 0xFF, 0xF0, 0x40, 0x00, 0x00, 0x02,
    0x40, 0x90, 0x0F, 0xC3, 0xF0, 0x0B, 0xC3, 0xF0, 0x01, 0x00, 0x40, 0x00, 0x00, 0x00, 0x00, 0x00,
    0x00, 0x01, 0xFF, 0x80, 0x0B, 0x97, 0xF0, 0x2E, 0x00, 0xF4, 0x3C, 0x00, 0xB8, 0xBC, 0x00, 0xBC,
    0xBE, 0xAA, 0xF8, 0xFF, 0xFF, 0xF4, 0xFC, 0x00, 0x00, 0xBC, 0x00, 0x00, 0x7D, 0x00, 0x00, 0x3F,
    0x00, 0x18, 0x1F, 0xEA, 0xF4, 0x03, 0xFF, 0xD0, 0x00, 0x14, 0x00, 0x00, 0x00, 0x00, 0x03, 0xFE,
    0x00, 0x00, 0x17, 0xE0, 0x00, 0x00, 0x3E, 0x00, 0x00, 0x2B, 0xFA, 0x80, 0x03, 0xFF, 0xFC, 0x00,
    0x03, 0xE0, 0x00, 0x00, 0x3E, 0x1F, 0xE0, 0x03, 0xEF, 0xFF, 0xC0, 0x3F, 0x80, 0x3E, 0x03, 0xF0,
    0x02, 0xF0, 0x3E, 0x00, 0x2F, 0x03, 0xE0, 0x02, 0xF0, 0x3E, 0x00, 0x2F, 0x03, 0xE0, 0x02, 0xF0,
    0x3E, 0x00, 0x2F, 0x03, 0xE0, 0x02, 0xF0, 0x3E, 0x00, 0x2F, 0x07, 0xF4, 0x02, 0xF2, 0xFF, 0xE0,
    0x2E, 0x00, 0x00, 0x02, 0xE0, 0x00, 0x00, 0x2D, 0x00, 0x00, 0x03, 0xC0, 0x00, 0x00, 0xB8, 0x00,
    0x00, 0x1E, 0x00, 0x00, 0x00, 0x40, 0x00, 0x00, 0x00, 0x00, 0x1E, 0x00, 0x00, 0xF8, 0x00, 0x0F,
    0x80, 0x00, 0xB0, 0x00, 0x01, 0x00, 0x00, 0x00, 0x00, 0x1A, 0xAA, 0xA8, 0x7F, 0xEB, 0xF4, 0x3E,
    0x02, 0xD0, 0xF8, 0x03, 0x83, 0xE0, 0x0A, 0x0F, 0x80, 0x00, 0x3E, 0x00, 0x00, 0xF8, 0x00, 0x03,
    0xE0, 0x00, 0x0F, 0x80, 0x00, 0x3E, 0x00, 0x01, 0xFD, 0x40, 0x2F, 0xFF, 0x40, 0x00, 0x00, 0x00,
    0x07, 0xFE, 0x00, 0xBD, 0x6F, 0x0B, 0xC0, 0x3E, 0x3C, 0x01, 0xFA, 0xF0, 0x01, 0x8B, 0xC0, 0x00,
    0x3F, 0xFF, 0xC0, 0xFC, 0x00, 0x02, 0xF0, 0x00, 0x07, 0xD0, 0x00, 0x0F, 0xC0, 0x08, 0x0F, 0xEA,
    0xF0, 0x0F, 0xFE, 0x00, 0x01, 0x40, 0x00, 0x00, 0x00, 0x00, 0x7F, 0xAC, 0x2E, 0x5F, 0xC7, 0xC0,
    0x3C, 0x78, 0x01, 0xC7, 0xD0, 0x00, 0x3F, 0xE4, 0x00, 0xFF, 0xF0, 0x00, 0xBF, 0xC0, 0x00, 0x7D,
    0xB0, 0x02, 0xEB, 0x40, 0x2D, 0xBE, 0x0B, 0xC7, 0xFF, 0xE0, 0x00, 0x50, 0x00, 0x0A, 0x00, 0xBE,
    0x01, 0xF8, 0x01, 0x40, 0x00, 0x00, 0x00, 0x06, 0xA4, 0x2F, 0xE0, 0x0F, 0x80, 0x3E, 0x00, 0xF8,
    0x03, 0xE0, 0x0F, 0x80, 0x3E, 0x00, 0xF8, 0x03, 0xE0, 0x0F, 0x81, 0x7F, 0x4F, 0xFF, 0x80, 0x18,
    0x06, 0x1F, 0x87, 0xE3, 0xE1, 0xF8, 0x50, 0x14, 0x00, 0x00, 0x00, 0x00, 0x00, 0x6A, 0x40, 0x2F,
    0xE0, 0x00, 0xF8, 0x00, 0x3E, 0x00, 0x0F, 0x80, 0x03, 0xE0, 0x00, 0xF8, 0x00, 0x3E, 0x00, 0x0F,
    0x80, 0x03, 0xE0, 0x00, 0xF8, 0x01, 0x7F, 0x40, 0xFF, 0xF8, 0x03, 0x80, 0xFD, 0x0B, 0xD0, 0x14,
    0x00, 0x00, 0x00, 0x2A, 0x83, 0xFD, 0x03, 0xD0, 0x3D, 0x03, 0xD0, 0x3D, 0x03, 0xD0, 0x3D, 0x03,
    0xD0, 0x3D, 0x03, 0xD0, 0x3D, 0x03, 0xD0, 0x3C, 0x03, 0xC0, 0x78, 0x0F, 0x03, 0xD0, 0x10, 0x00,
    0x02, 0xAA, 0xAA, 0xA0, 0x00, 0x02, 0xFA, 0xAF, 0xE0, 0x00, 0x00, 0xB0, 0x0F, 0x40, 0x00, 0x00,
    0x70, 0x0F, 0x40, 0x00, 0x00, 0x70, 0x0F, 0x40, 0x00, 0x00, 0xB0, 0x0F, 0xAA, 0x80, 0x00, 0xB0,
    0x0F, 0xEB, 0xF8, 0x00, 0xB0, 0x0F, 0x40, 0xBD, 0x00, 0xE0, 0x0F, 0x40, 0x3E, 0x00, 0xD0, 0x0F,
    0x40, 0x3D, 0x35, 0xC0, 0x0F, 0x40, 0x7C, 0xBF, 0x80, 0x2F, 0x41, 0xF4, 0x7F, 0x00, 0xFF, 0xFF,
    0x80, 0x04, 0x00, 0x00, 0x00, 0x00, 0x6A, 0xA0, 0x2A, 0xA4, 0x00, 0x7F, 0xE0, 0x2F, 0xE4, 0x00,
    0x0F, 0x80, 0x0B, 0xC0, 0x00, 0x0F, 0x40, 0x0B, 0xC0, 0x00, 0x0F, 0x40, 0x0B, 0xC0, 0x00, 0x0F,
    0x80, 0x0B, 0xEA, 0x90, 0x0F, 0xFF, 0xFF, 0xEA, 0xFC, 0x0F, 0x80, 0x0B, 0xC0, 0x3E, 0x0F, 0x40,
    0x0B, 0xC0, 0x2F, 0x0F, 0x40, 0x0B, 0xC0, 0x2F, 0x0F, 0x40, 0x0B, 0xC0, 0x3E, 0x1F, 0xD0, 0x1F,
    0xC1, 0xFC, 0xBF, 0xF4, 0x7F, 0xFF, 0x90, 0x00, 0x00, 0x00, 0x00, 0x3F, 0xE0, 0x00, 0x00, 0x17,
    0xE0, 0x00, 0x00, 0x03, 0xE0, 0x00, 0x00, 0x6B, 0xFA, 0x40, 0x00, 0xBF, 0xFF, 0x40, 0x00, 0x03,
    0xE0, 0x00, 0x00, 0x03, 0xE1, 0xFE, 0x00, 0x03, 0xEF, 0xFF, 0xC0, 0x03, 0xF8, 0x03, 0xE0, 0x03,
    0xF0, 0x02, 0xE0, 0x03, 0xE0, 0x02, 0xF0, 0x03, 0xE0, 0x02, 0xF0, 0x03, 0xE0, 0x02, 0xF0, 0x03,
    0xE0, 0x02, 0xF0, 0x03, 0xE0, 0x02, 0xF0, 0x03, 0xE0, 0x02, 0xF0, 0x03, 0xE0, 0x02, 0xF0, 0x07,
    0xF4, 0x07, 0xF4, 0x2F, 0xFE, 0x1F, 0xFF, 0x00, 0x00, 0x00, 0x00, 0x00, 0x0F, 0x00, 0x00, 0x02,
    0xF0, 0x00, 0x00, 0x7D, 0x00, 0x00, 0x0E, 0x00, 0x00, 0x00, 0x40, 0x00, 0x00, 0x00, 0x00, 0x06,
    0xAA, 0x02, 0xF0, 0x7F, 0xE0, 0xBF, 0x80, 0xF8, 0x0D, 0xF4, 0x0F, 0x42, 0xC0, 0x00, 0xF4, 0x34,
    0x00, 0x0F, 0x9E, 0x00, 0x00, 0xFF, 0xE4, 0x00, 0x0F, 0x47, 0xE0, 0x00, 0xF4, 0x1F, 0x40, 0x0F,
    0x40, 0xF8, 0x00, 0xF4, 0x07, 0xC0, 0x1F, 0xD0, 0x3F, 0x9B, 0xFF, 0x41, 0xFC, 0x00, 0x00, 0x00,
    0x00, 0x00, 0x00, 0x00, 0x00, 0x00, 0xF0, 0x00, 0x00, 0x03, 0xE0, 0x00, 0x00, 0x03, 0xD0, 0x00,
    0x00, 0x02, 0xC0, 0x00, 0x00, 0x00, 0x00, 0x00, 0x00, 0x00, 0x00, 0x1A, 0xA8, 0x0A, 0xAA, 0x7F,
    0xE0, 0x2F, 0xF4, 0x3E, 0x00, 0x1F, 0x00, 0xF4, 0x00, 0xFC, 0x03, 0xD0, 0x0F, 0xF0, 0x0F, 0x40,
    0xFB, 0xC0, 0x3D, 0x1E, 0x1F, 0x00, 0xF5, 0xE0, 0x7C, 0x03, 0xFD, 0x01, 0xF0, 0x0F, 0xD0, 0x07,
    0xC0, 0x3D, 0x00, 0x1F, 0x01, 0xFD, 0x01, 0xFD, 0x2F, 0xFD, 0x1F, 0xFF, 0x00, 0xA0, 0x19, 0x00,
    0x0B, 0xC0, 0xBC, 0x00, 0x1F, 0x01, 0xF0, 0x00, 0x2F, 0xFE, 0x00, 0x00, 0x00, 0x00, 0x00, 0x00,
    0x00, 0x00, 0x06, 0xAA, 0x42, 0xAA, 0x1F, 0xF9, 0x0B, 0xF8, 0x0F, 0xC0, 0x07, 0x40, 0x1F, 0x00,
    0x2C, 0x00, 0x3D, 0x00, 0xE0, 0x00, 0xBC, 0x07, 0x00, 0x00, 0xF4, 0x3C, 0x00, 0x03, 0xE0, 0xD0,
    0x00, 0x07, 0xCB, 0x00, 0x00, 0x0F, 0xB4, 0x00, 0x00, 0x2F, 0xC0, 0x00, 0x00, 0x3E, 0x00, 0x00,
    0x00, 0xB0, 0x00, 0x00, 0x03, 0xC0, 0x00, 0x00, 0x1D, 0x00, 0x00, 0xE0, 0xB0, 0x00, 0x0B, 0xC7,
    0x40, 0x00, 0x2F, 0xB8, 0x00, 0x00, 0x1A, 0x40, 0x00, 0x00, 0x6A, 0xA4, 0x2A, 0xA9, 0xBF, 0x80,
    0xBF, 0xD0, 0xF8, 0x00, 0x7C, 0x03, 0xE0, 0x01, 0xF0, 0x0F, 0x80, 0x07, 0xC0, 0x3E, 0x00, 0x1F,
    0x00, 0xF8, 0x00, 0x7C, 0x03, 0xE0, 0x01, 0xF0, 0x0F, 0x80, 0x07, 0xC0, 0x3E, 0x00, 0x1F, 0x00,
    0xF8, 0x00, 0x7C, 0x07, 0xE5, 0x56, 0xF8, 0xFF, 0xFF, 0xFF, 0xFC, 0x00, 0x2E, 0x00, 0x00, 0x00,
    0x78, 0x00, 0x00, 0x00, 0xD0, 0x00, 0x00, 0x02, 0x00, 0x00, 0x00, 0x00, 0x00, 0x40, 0x00, 0x00,
    0x0D, 0x00, 0x00, 0x02, 0xC0, 0x00, 0x00, 0x3C, 0x2A, 0xAA, 0xAF, 0xC7, 0xFF, 0xFF, 0xF4, 0x07,
    0xD0, 0x00, 0x00, 0x3D, 0x00, 0x00, 0x03, 0xD0, 0x00, 0x00, 0x3D, 0x00, 0x00, 0x03, 0xD0, 0x00,
    0x00, 0x3D, 0x00, 0x00, 0x03, 0xD0, 0x00, 0x00, 0x3D, 0x00, 0x00, 0x03, 0xD0, 0x00, 0x00, 0x3D,
    0x00, 0x00, 0x03, 0xD0, 0x00, 0x00, 0x3D, 0x00, 0x00, 0x03, 0xD0, 0x00, 0x00, 0x3D, 0x00, 0x00,
    0x1B, 0xE4, 0x00, 0x07, 0xFF, 0xF0, 0x00, 0x00, 0x00, 0x00, 0x00, 0x00, 0xD0, 0x00, 0x07, 0x40,
    0x00, 0x2C, 0x6A, 0xAB, 0xF1, 0xFF, 0xAA, 0x80, 0xF8, 0x00, 0x03, 0xE0, 0x00, 0x0F, 0x80, 0x00,
    0x3E, 0x00, 0x00, 0xF8, 0x00, 0x03, 0xE0, 0x00, 0x0F, 0x80, 0x00, 0x3E, 0x00, 0x00, 0xF8, 0x00,
    0x07, 0xF5, 0x00, 0xBF, 0xFD, 0x00, 0x6A, 0xA8, 0x01, 0xAA, 0x87, 0xFF, 0xD0, 0x2F, 0xFC, 0x0B,
    0xD0, 0x00, 0x3C, 0x00, 0x3F, 0x00, 0x07, 0x40, 0x01, 0xF4, 0x00, 0xF0, 0x00, 0x0B, 0xC0, 0x2C,
    0x00, 0x00, 0x3E, 0x03, 0x80, 0x00, 0x01, 0xF4, 0xB0, 0x00, 0x00, 0x0F, 0xDD, 0x00, 0x00, 0x00,
    0x3F, 0x80, 0x00, 0x00, 0x02, 0xF0, 0x00, 0x00, 0x00, 0x1F, 0x00, 0x00, 0x00, 0x06, 0xF5, 0x00,
    0x00, 0x02, 0xFF, 0xF4, 0x00, 0x00, 0x02, 0xF0, 0x00, 0x00, 0x00, 0x2F, 0x00, 0x00, 0x00, 0x07,
    0xF9, 0x00, 0x00, 0x03, 0xFF, 0xF4, 0x00, 0x2A, 0xA8, 0x0A, 0xA8, 0x2F, 0xF8, 0x0B, 0xF8, 0x07,
    0xD0, 0x02, 0xC0, 0x03, 0xE0, 0x03, 0xC0, 0x02, 0xF0, 0x03, 0x40, 0x00, 0xF4, 0x0B, 0x00, 0x00,
    0xF8, 0x0E, 0x00, 0x00, 0x7C, 0x1C, 0x00, 0x00, 0x3D, 0x2C, 0x00, 0x00, 0x2F, 0x34, 0x00, 0x00,
    0x0F, 0xB0, 0x00, 0x00, 0x0F, 0xE0, 0x00, 0x00, 0x07, 0xD0, 0x00, 0x00, 0x07, 0xC0, 0x00, 0x00,
    0x7F, 0xFE, 0x00, 0x00, 0x07, 0xD0, 0x00, 0x00, 0x07, 0xC0, 0x00, 0x00, 0x7F, 0xFC, 0x00, 0x00,
    0x15, 0x54, 0x00, 0x7F, 0xFF, 0xFF, 0x2F, 0xFF, 0xFF, 0xC0, 0x7F, 0xFF, 0xFF, 0xFF, 0xFF, 0xFF,
    0x6F, 0xFF, 0xFF, 0xFF, 0xFF, 0xFF, 0xE0, 0x00, 0x0A, 0x2C, 0x70, 0xB9, 0xBF, 0x7E, 0x04, 0x00,
    0x7D, 0xBF, 0x7F, 0x0E, 0x1C, 0x74, 0x00, 0x3D, 0xBF, 0x7F, 0x0E, 0x1C, 0x74, 0x10, 0x00, 0x00,
    0x02, 0x80, 0xA2, 0xC0, 0xA1, 0xC0, 0x70, 0xB9, 0x2E, 0x2F, 0xCB, 0xF7, 0xE1, 0xF8, 0x10, 0x04,
    0x00, 0x00, 0x1F, 0x47, 0xDB, 0xF2, 0xFD, 0xFC, 0x7F, 0x0E, 0x03, 0x87, 0x01, 0xC7, 0x41, 0xD0,
    0x00, 0x00, 0x2E, 0x0B, 0x83, 0xF4, 0xFD, 0x2F, 0x4F, 0xD0, 0x30, 0x1C, 0x0A, 0x03, 0x82, 0xC0,
    0xB0, 0x10, 0x04, 0x00, 0x01, 0x00, 0x7F, 0x83, 0xFF, 0x0F, 0xFC, 0x2F, 0xF0, 0x2F, 0x00, 0x04,
    0x00, 0x04, 0x00, 0x00, 0x7E, 0x00, 0xBE, 0x00, 0xBE, 0xFF, 0x00, 0xFF, 0x00, 0xFF, 0xBE, 0x00,
    0xBE, 0x00, 0xBE, 0x14, 0x00, 0x14, 0x00, 0x14, 0x00, 0x3C, 0x7C, 0x74, 0x70, 0xA0, 0x00, 0x00,
    0x00, 0x3C, 0x3C, 0x7C, 0x7C, 0x74, 0x78, 0x70, 0x70, 0xA0, 0x60, 0x00, 0x00, 0x00, 0x50, 0x1D,
    0x07, 0x81, 0xF0, 0x7D, 0x0B, 0xC0, 0x3E, 0x00, 0xF4, 0x03, 0xC0, 0x0E, 0x00, 0x00, 0x20, 0x00,
    0xF0, 0x00, 0xF0, 0x01, 0xF0, 0x02, 0xF0, 0x03, 0xD0, 0x3E, 0x02, 0xF0, 0x0F, 0x00, 0xF0, 0x01,
    0x00, 0x00, 0x00, 0x00, 0x03, 0x80, 0x00, 0x01, 0xC0, 0x00, 0x00, 0xE0, 0x00, 0x00, 0xB0, 0x00,
    0x00, 0x34, 0x00, 0x00, 0x3C, 0x00, 0x00, 0x1D, 0x00, 0x00, 0x0E, 0x00, 0x00, 0x0B, 0x00, 0x00,
    0x03, 0x80, 0x00, 0x02, 0xC0, 0x00, 0x00, 0xD0, 0x00, 0x00, 0xF0, 0x00, 0x00, 0x74, 0x00, 0x00,
    0x38, 0x00, 0x00, 0x2C, 0x00, 0x00, 0x0E, 0x00, 0x00, 0x0B, 0x00, 0x00, 0x01, 0x00, 0x00, 0x00,
    0x00, 0x02, 0xFE, 0x18, 0x00, 0x1F, 0x9B, 0xFC, 0x00, 0xBC, 0x00, 0x7C, 0x01, 0xF0, 0x00, 0x2C,
    0x03, 0xE0, 0x00, 0x0D, 0x03, 0xD0, 0x00, 0x00, 0x07, 0xD0, 0x00, 0x00, 0x7F, 0xFF, 0xF8, 0x00,
    0x0B, 0xC0, 0x00, 0x00, 0x0B, 0xC0, 0x00, 0x00, 0xBF, 0xFF, 0xF4, 0x00, 0x5B, 0xE5, 0x50, 0x00,
    0x07, 0xD0, 0x00, 0x00, 0x03, 0xE0, 0x00, 0x04, 0x02, 0xF0, 0x00, 0x0D, 0x00, 0xF8, 0x00, 0x3C,
    0x00, 0x3E, 0x00, 0xBC, 0x00, 0x0B, 0xFF, 0xEC, 0x00, 0x00, 0x54, 0x04, 0x01, 0x80, 0x07, 0xFD,
    0x0B, 0xFF, 0xF3, 0xCF, 0x2C, 0x43, 0xC1, 0x00, 0xF0, 0x00, 0x3C, 0x00, 0x0F, 0x00, 0x03, 0xC0,
    0x00, 0xF0, 0x00, 0x3C, 0x00, 0x0F, 0x00, 0x01, 0x40, 0x00, 0x03, 0xC0, 0x00, 0xF0, 0x00, 0x3C,
    0x00, 0x0F, 0x00, 0x03, 0xC0, 0x00, 0xF0, 0x00, 0x3C, 0x00, 0x0F, 0x00, 0x93, 0xC3, 0x3E, 0xFB,
    0xC3, 0xFF, 0xD0, 0x1F, 0x80, 0x00, 0x00, 0x00, 0x15, 0x55, 0x54, 0x3F, 0xFF, 0xFE, 0x00, 0x00,
    0x00, 0x00, 0x00, 0x0A, 0x00, 0x00, 0x1C, 0x00, 0x00, 0x38, 0x00, 0x00, 0x70, 0x00, 0x00, 0xE0,
    0x00, 0x02, 0xC0, 0x00, 0x03, 0x80, 0x00, 0x0B, 0x00, 0x00, 0x0D, 0x00, 0x00, 0x2C, 0x00, 0x00,
    0x34, 0x00, 0x00, 0xF0, 0x00, 0x01, 0xD0, 0x00, 0x03, 0xC0, 0x00, 0x07, 0x40, 0x00, 0x0E, 0x00,
    0x00, 0x1C, 0x00, 0x00, 0x38, 0x00, 0x00, 0x10, 0x00, 0x00,
};

static const EpdGlyph PROGMEM literata_12_2bGlyphs[] = {
    { 0, 0, 5, 0, 0, 0, 0 }, //  
    { 4, 19, 8, 2, 18, 19, 0 }, // !
    { 7, 7, 10, 1, 20, 13, 19 }, // "
    { 15, 14, 17, 1, 14, 53, 32 }, // #
    { 13, 23, 14, 1, 20, 75, 85 }, // $
    { 20, 16, 21, 1, 15, 80, 160 }, // %
    { 19, 19, 20, 1, 18, 91, 240 }, // &
    { 4, 7, 6, 1, 20, 7, 331 }, // '
    { 7, 27, 8, 1, 21, 48, 338 }, // (
    { 7, 27, 8, 0, 21, 48, 386 }, // )
    { 9, 10, 11, 1, 20, 23, 434 }, // *
    { 12, 12, 15, 1, 14, 36, 457 }, // +
    { 5, 9, 8, 2, 4, 12, 493 }, // ,
    { 7, 3, 9, 1, 9, 6, 505 }, // -
    { 5, 5, 8, 2, 4, 7, 511 }, // .
    { 11, 24, 11, 0, 21, 66, 518 }, // /
    { 14, 19, 14, 0, 18, 67, 584 }, // 0
    { 10, 18, 10, 0, 18, 45, 651 }, // 1
    { 12, 18, 13, 0, 18, 54, 696 }, // 2
    { 13, 19, 14, 0, 18, 62, 750 }, // 3
    { 14, 18, 14, 0, 18, 63, 812 }, // 4
    { 12, 19, 13, 0, 18, 57, 875 }, // 5
    { 13, 19, 13, 0, 18, 62, 932 }, // 6
    { 13, 19, 13, 0, 18, 62, 994 }, // 7
    { 13, 19, 14, 0, 18, 62, 1056 }, // 8
    { 13, 19, 13, 0, 18, 62, 1118 }, // 9
    { 5, 15, 8, 2, 14, 19, 1180 }, // :
    { 5, 19, 8, 2, 14, 24, 1199 }, // ;
    { 11, 14, 15, 1, 14, 39, 1223 }, // <
    { 12, 7, 15, 1, 11, 21, 1262 }, // =
    { 11, 14, 15, 2, 14, 39, 1283 }, // >
    { 11, 19, 13, 1, 18, 53, 1322 }, // ?
    { 19, 20, 21, 1, 15, 95, 1375 }, // @
    { 18, 18, 18, 0, 18, 81, 1470 }, // A
    { 15, 18, 16, 1, 18, 68, 1551 }, // B
    { 16, 19, 17, 1, 18, 76, 1619 }, // C
    { 17, 18, 19, 1, 18, 77, 1695 }, // D
    { 14, 18, 16, 1, 18, 63, 1772 }, // E
    { 14, 18, 15, 1, 18, 63, 1835 }, // F
    { 17, 19, 19, 1, 18, 81, 1898 }, // G
    { 19, 18, 21, 1, 18, 86, 1979 }, // H
    { 8, 18, 10, 1, 18, 36, 2065 }, // I
    { 13, 19, 14, 1, 18, 62, 2101 }, // J
    { 18, 19, 19, 1, 18, 86, 2163 }, // K
    { 14, 18, 16, 1, 18, 63, 2249 }, // L
    { 23, 18, 25, 1, 18, 104, 2312 }, // M
    { 19, 18, 21, 1, 18, 86, 2416 }, // N
    { 17, 19, 19, 1, 18, 81, 2502 }, // O
    { 14, 18, 15, 1, 18, 63, 2583 }, // P
    { 21, 23, 19, 1, 18, 121, 2646 }, // Q
    { 17, 19, 18, 1, 18, 81, 2767 }, // R
    { 13, 19, 15, 1, 18, 62, 2848 }, // S
    { 17, 18, 18, 1, 18, 77, 2910 }, // T
    { 19, 19, 20, 1, 18, 91, 2987 }, // U
    { 18, 18, 18, 0, 18, 81, 3078 }, // V
    { 27, 18, 27, 0, 18, 122, 3159 }, // W
    { 18, 18, 18, 0, 18, 81, 3281 }, // X
    { 18, 18, 18, 0, 18, 81, 3362 }, // Y
    { 14, 18, 16, 1, 18, 63, 3443 }, // Z
    { 6, 27, 8, 2, 21, 41, 3506 }, // [
    { 11, 24, 11, 0, 21, 66, 3547 }, // <backslash>
    { 5, 27, 8, 1, 21, 34, 3613 }, // ]
    { 13, 10, 15, 1, 18, 33, 3647 }, // ^
    { 12, 2, 12, 0, -1, 6, 3680 }, // _
    { 6, 6, 13, 3, 20, 9, 3686 }, // `
    { 13, 15, 13, 1, 14, 49, 3695 }, // a
    { 15, 21, 15, 0, 20, 79, 3744 }, // b
    { 11, 15, 12, 1, 14, 42, 3823 }, // c
    { 14, 21, 15, 1, 20, 74, 3865 }, // d
    { 12, 15, 13, 1, 14, 45, 3939 }, // e
    { 11, 20, 10, 1, 20, 55, 3984 }, // f
    { 14, 21, 14, 0, 15, 74, 4039 }, // g
    { 15, 20, 17, 1, 20, 75, 4113 }, // h
    { 7, 19, 8, 1, 19, 34, 4188 }, // i
    { 6, 25, 8, 0, 19, 38, 4222 }, // j
    { 15, 21, 15, 1, 20, 79, 4260 }, // k
    { 7, 20, 8, 1, 20, 35, 4339 }, // l
    { 23, 14, 24, 1, 14, 81, 4374 }, // m
    { 15, 14, 17, 1, 14, 53, 4455 }, // n
    { 13, 15, 15, 1, 14, 49, 4508 }, // o
    { 15, 20, 15, 0, 14, 75, 4557 }, // p
    { 14, 20, 15, 1, 14, 70, 4632 }, // q
    { 11, 14, 12, 1, 14, 39, 4702 }, // r
    { 10, 15, 11, 1, 14, 38, 4741 }, // s
    { 10, 18, 10, 0, 17, 45, 4779 }, // t
    { 16, 14, 16, 0, 13, 56, 4824 }, // u
    { 15, 13, 15, 0, 13, 49, 4880 }, // v
    { 22, 13, 21, 0, 13, 72, 4929 }, // w
    { 15, 13, 14, 0, 13, 49, 5001 }, // x
    { 15, 19, 14, 0, 13, 72, 5050 }, // y
    { 12, 13, 12, 0, 13, 39, 5122 }, // z
    { 8, 27, 9, 1, 21, 54, 5161 }, // {
    { 2, 24, 11, 4, 21, 12, 5215 }, // |
    { 8, 27, 9, 0, 21, 54, 5227 }, // }
    { 12, 3, 15, 1, 9, 9, 5281 }, // ~
    { 0, 0, 5, 0, 0, 0, 5290 }, //  
    { 4, 20, 8, 2, 14, 20, 5290 }, // ¡
    { 11, 18, 12, 1, 17, 50, 5310 }, // ¢
    { 13, 18, 14, 0, 18, 59, 5360 }, // £
    { 12, 12, 13, 1, 14, 36, 5419 }, // ¤
    { 18, 18, 17, 0, 18, 81, 5455 }, // ¥
    { 2, 24, 11, 4, 21, 12, 5536 }, // ¦
    { 13, 22, 15, 1, 18, 72, 5548 }, // §
    { 9, 4, 13, 2, 19, 9, 5620 }, // ¨
    { 18, 18, 20, 1, 17, 81, 5629 }, // ©
    { 11, 10, 11, 0, 19, 28, 5710 }, // ª
    { 11, 11, 12, 1, 12, 31, 5738 }, // «
    { 12, 7, 15, 1, 10, 21, 5769 }, // ¬
    { 0, 0, 0, 0, 0, 0, 5790 }, // ­
    { 10, 10, 12, 1, 20, 25, 5790 }, // ®
    { 8, 3, 13, 2, 18, 6, 5815 }, // ¯
    { 7, 7, 8, 1, 20, 13, 5821 }, // °
    { 12, 14, 15, 1, 14, 42, 5834 }, // ±
    { 10, 12, 10, 0, 21, 30, 5876 }, // ²
    { 10, 12, 11, 0, 21, 30, 5906 }, // ³
    { 6, 6, 13, 4, 20, 9, 5936 }, // ´
    { 14, 19, 15, 1, 13, 67, 5945 }, // µ
    { 13, 22, 14, 1, 18, 72, 6012 }, // ¶
    { 5, 5, 8, 2, 10, 7, 6084 }, // ·
    { 6, 7, 13, 3, 1, 11, 6091 }, // ¸
    { 8, 12, 8, 0, 21, 24, 6102 }, // ¹
    { 10, 10, 11, 0, 19, 25, 6126 }, // º
    { 12, 11, 12, 0, 12, 33, 6151 }, // »
    { 23, 19, 23, 0, 18, 110, 6184 }, // ¼
    { 23, 19, 24, 0, 18, 110, 6294 }, // ½
    { 24, 19, 24, 0, 18, 114, 6404 }, // ¾
    { 10, 20, 13, 2, 14, 50, 6518 }, // ¿
    { 18, 24, 18, 0, 24, 108, 6568 }, // À
    { 18, 24, 18, 0, 24, 108, 6676 }, // Á
    { 18, 24, 18, 0, 24, 108, 6784 }, // Â
    { 18, 23, 18, 0, 23, 104, 6892 }, // Ã
    { 18, 23, 18, 0, 23, 104, 6996 }, // Ä
    { 18, 24, 18, 0, 24, 108, 7100 }, // Å
    { 24, 18, 25, 0, 18, 108, 7208 }, // Æ
    { 16, 24, 17, 1, 18, 96, 7316 }, // Ç
    { 14, 24, 16, 1, 24, 84, 7412 }, // È
    { 14, 24, 16, 1, 24, 84, 7496 }, // É
    { 14, 24, 16, 1, 24, 84, 7580 }, // Ê
    { 14, 23, 16, 1, 23, 81, 7664 }, // Ë
    { 8, 24, 10, 1, 24, 48, 7745 }, // Ì
    { 8, 24, 10, 1, 24, 48, 7793 }, // Í
    { 9, 24, 10, 1, 24, 54, 7841 }, // Î
    { 10, 23, 10, 0, 23, 58, 7895 }, // Ï
    { 18, 18, 19, 0, 18, 81, 7953 }, // Ð
    { 19, 23, 21, 1, 23, 110, 8034 }, // Ñ
    { 17, 25, 19, 1, 24, 107, 8144 }, // Ò
    { 17, 25, 19, 1, 24, 107, 8251 }, // Ó
    { 17, 25, 19, 1, 24, 107, 8358 }, // Ô
    { 17, 24, 19, 1, 23, 102, 8465 }, // Õ
    { 17, 24, 19, 1, 23, 102, 8567 }, // Ö
    { 10, 10, 15, 2, 13, 25, 8669 }, // ×
    { 19, 19, 19, 0, 18, 91, 8694 }, // Ø
    { 19, 25, 20, 1, 24, 119, 8785 }, // Ù
    { 19, 25, 20, 1, 24, 119, 8904 }, // Ú
    { 19, 25, 20, 1, 24, 119, 9023 }, // Û
    { 19, 24, 20, 1, 23, 114, 9142 }, // Ü
    { 18, 24, 18, 0, 24, 108, 9256 }, // Ý
    { 14, 18, 15, 1, 18, 63, 9364 }, // Þ
    { 16, 21, 17, 1, 20, 84, 9427 }, // ß
    { 13, 21, 13, 1, 20, 69, 9511 }, // à
    { 13, 21, 13, 1, 20, 69, 9580 }, // á
    { 13, 21, 13, 1, 20, 69, 9649 }, // â
    { 13, 20, 13, 1, 19, 65, 9718 }, // ã
    { 13, 20, 13, 1, 19, 65, 9783 }, // ä
    { 13, 21, 13, 1, 20, 69, 9848 }, // å
    { 19, 15, 20, 1, 14, 72, 9917 }, // æ
    { 11, 20, 12, 1, 14, 55, 9989 }, // ç
    { 12, 21, 13, 1, 20, 63, 10044 }, // è
    { 12, 21, 13, 1, 20, 63, 10107 }, // é
    { 12, 21, 13, 1, 20, 63, 10170 }, // ê
    { 12, 20, 13, 1, 19, 60, 10233 }, // ë
    { 8, 20, 8, 0, 20, 40, 10293 }, // ì
    { 7, 20, 8, 1, 20, 35, 10333 }, // í
    { 9, 20, 8, -1, 20, 45, 10368 }, // î
    { 9, 19, 8, -1, 19, 43, 10413 }, // ï
    { 13, 21, 14, 1, 20, 69, 10456 }, // ð
    { 15, 19, 17, 1, 19, 72, 10525 }, // ñ
    { 13, 21, 15, 1, 20, 69, 10597 }, // ò
    { 13, 21, 15, 1, 20, 69, 10666 }, // ó
    { 13, 21, 15, 1, 20, 69, 10735 }, // ô
    { 13, 20, 15, 1, 19, 65, 10804 }, // õ
    { 13, 20, 15, 1, 19, 65, 10869 }, // ö
    { 12, 12, 15, 1, 14, 36, 10934 }, // ÷
    { 15, 15, 15, -1, 14, 57, 10970 }, // ø
    { 16, 21, 16, 0, 20, 84, 11027 }, // ù
    { 16, 21, 16, 0, 20, 84, 11111 }, // ú
    { 16, 21, 16, 0, 20, 84, 11195 }, // û
    { 16, 20, 16, 0, 19, 80, 11279 }, // ü
    { 15, 26, 14, 0, 20, 98, 11359 }, // ý
    { 14, 26, 15, 0, 20, 91, 11457 }, // þ
    { 15, 25, 14, 0, 19, 94, 11548 }, // ÿ
    { 18, 24, 18, 0, 24, 108, 11642 }, // Ă
    { 7, 13, 8, 1, 13, 23, 11750 }, // ı
    { 25, 19, 27, 1, 18, 119, 11773 }, // Œ
    { 21, 15, 23, 1, 14, 79, 11892 }, // œ
    { 5, 6, 0, -3, 20, 8, 11971 }, // ̀
    { 6, 6, 0, -2, 20, 9, 11979 }, // ́
    { 10, 4, 0, -5, 19, 10, 11988 }, // ̃
    { 8, 3, 0, -4, 18, 6, 11998 }, // ̄
    { 10, 4, 0, -5, 19, 10, 12004 }, // ̈
    { 6, 7, 0, -3, 21, 11, 12014 }, // ̉
    { 4, 5, 0, -2, -1, 5, 12025 }, // ̣
    { 14, 23, 16, 1, 23, 81, 12030 }, // Ё
    { 20, 21, 21, 0, 18, 105, 12111 }, // Ђ
    { 14, 24, 15, 1, 24, 84, 12216 }, // Ѓ
    { 15, 19, 17, 1, 18, 72, 12300 }, // Є
    { 13, 19, 15, 1, 18, 62, 12372 }, // Ѕ
    { 8, 18, 10, 1, 18, 36, 12434 }, // І
    { 10, 23, 10, 0, 23, 58, 12470 }, // Ї
    { 13, 19, 14, 1, 18, 62, 12528 }, // Ј
    { 25, 19, 25, 0, 18, 119, 12590 }, // Љ
    { 25, 18, 27, 1, 18, 113, 12709 }, // Њ
    { 23, 18, 23, 0, 18, 104, 12822 }, // Ћ
    { 17, 25, 18, 1, 24, 107, 12926 }, // Ќ
    { 19, 24, 21, 1, 24, 114, 13033 }, // Ѝ
    { 17, 25, 17, 0, 24, 107, 13147 }, // Ў
    { 19, 22, 21, 1, 18, 105, 13254 }, // Џ
    { 18, 18, 18, 0, 18, 81, 13359 }, // А
    { 15, 18, 17, 1, 18, 68, 13440 }, // Б
    { 15, 18, 16, 1, 18, 68, 13508 }, // В
    { 14, 18, 15, 1, 18, 63, 13576 }, // Г
    { 17, 23, 18, 0, 18, 98, 13639 }, // Д
    { 14, 18, 16, 1, 18, 63, 13737 }, // Е
    { 26, 19, 26, 0, 18, 124, 13800 }, // Ж
    { 14, 19, 14, 0, 18, 67, 13924 }, // З
    { 19, 18, 21, 1, 18, 86, 13991 }, // И
    { 19, 24, 21, 1, 24, 114, 14077 }, // Й
    { 17, 19, 18, 1, 18, 81, 14191 }, // К
    { 18, 19, 19, 0, 18, 86, 14272 }, // Л
    { 23, 18, 25, 1, 18, 104, 14358 }, // М
    { 19, 18, 21, 1, 18, 86, 14462 }, // Н
    { 17, 19, 19, 1, 18, 81, 14548 }, // О
    { 19, 18, 21, 1, 18, 86, 14629 }, // П
    { 14, 18, 15, 1, 18, 63, 14715 }, // Р
    { 16, 19, 17, 1, 18, 76, 14778 }, // С
    { 17, 18, 18, 1, 18, 77, 14854 }, // Т
    { 17, 19, 17, 0, 18, 81, 14931 }, // У
    { 19, 20, 21, 1, 19, 95, 15012 }, // Ф
    { 18, 18, 18, 0, 18, 81, 15107 }, // Х
    { 20, 22, 21, 1, 18, 110, 15188 }, // Ц
    { 18, 18, 19, 0, 18, 81, 15298 }, // Ч
    { 27, 18, 29, 1, 18, 122, 15379 }, // Ш
    { 28, 22, 29, 1, 18, 154, 15501 }, // Щ
    { 18, 18, 19, 0, 18, 81, 15655 }, // Ъ
    { 22, 18, 25, 1, 18, 99, 15736 }, // Ы
    { 15, 18, 16, 1, 18, 68, 15835 }, // Ь
    { 16, 19, 17, 0, 18, 76, 15903 }, // Э
    { 26, 19, 28, 1, 18, 124, 15979 }, // Ю
    { 17, 19, 18, 0, 18, 81, 16103 }, // Я
    { 13, 15, 13, 1, 14, 49, 16184 }, // а
    { 13, 21, 14, 1, 20, 69, 16233 }, // б
    { 12, 13, 14, 1, 13, 39, 16302 }, // в
    { 11, 13, 13, 1, 13, 36, 16341 }, // г
    { 14, 17, 15, 0, 13, 60, 16377 }, // д
    { 12, 15, 13, 1, 14, 45, 16437 }, // е
    { 21, 15, 21, 0, 14, 79, 16482 }, // ж
    { 11, 15, 12, 1, 14, 42, 16561 }, // з
    { 15, 13, 17, 1, 13, 49, 16603 }, // и
    { 15, 19, 17, 1, 19, 72, 16652 }, // й
    { 14, 15, 15, 1, 14, 53, 16724 }, // к
    { 15, 14, 16, 0, 13, 53, 16777 }, // л
    { 17, 13, 19, 1, 13, 56, 16830 }, // м
    { 15, 13, 17, 1, 13, 49, 16886 }, // н
    { 13, 15, 15, 1, 14, 49, 16935 }, // о
    { 15, 13, 17, 1, 13, 49, 16984 }, // п
    { 15, 20, 15, 0, 14, 75, 17033 }, // р
    { 11, 15, 12, 1, 14, 42, 17108 }, // с
    { 14, 13, 15, 0, 13, 46, 17150 }, // т
    { 15, 19, 14, 0, 13, 72, 17196 }, // у
    { 19, 26, 21, 1, 20, 124, 17268 }, // ф
    { 15, 13, 14, 0, 13, 49, 17392 }, // х
    { 16, 17, 17, 1, 13, 68, 17441 }, // ц
    { 15, 13, 16, 0, 13, 49, 17509 }, // ч
    { 22, 13, 24, 1, 13, 72, 17558 }, // ш
    { 23, 17, 24, 1, 13, 98, 17630 }, // щ
    { 16, 13, 16, 0, 13, 52, 17728 }, // ъ
    { 19, 13, 20, 1, 13, 62, 17780 }, // ы
    { 12, 13, 14, 1, 13, 39, 17842 }, // ь
    { 11, 15, 13, 1, 14, 42, 17881 }, // э
    { 20, 15, 22, 1, 14, 75, 17923 }, // ю
    { 14, 14, 15, 0, 13, 49, 17998 }, // я
    { 12, 20, 13, 1, 19, 60, 18047 }, // ё
    { 14, 26, 16, 0, 20, 91, 18107 }, // ђ
    { 11, 20, 13, 1, 20, 55, 18198 }, // ѓ
    { 11, 15, 13, 1, 14, 42, 18253 }, // є
    { 10, 15, 11, 1, 14, 38, 18295 }, // ѕ
    { 7, 19, 8, 1, 19, 34, 18333 }, // і
    { 9, 19, 8, -1, 19, 43, 18367 }, // ї
    { 6, 25, 8, 0, 19, 38, 18410 }, // ј
    { 20, 14, 20, 0, 13, 70, 18448 }, // љ
    { 20, 13, 22, 1, 13, 65, 18518 }, // њ
    { 16, 20, 17, 0, 20, 80, 18583 }, // ћ
    { 14, 21, 15, 1, 20, 74, 18663 }, // ќ
    { 15, 20, 17, 1, 20, 75, 18737 }, // ѝ
    { 15, 25, 14, 0, 19, 94, 18812 }, // ў
    { 15, 17, 17, 1, 13, 64, 18906 }, // џ
    { 14, 22, 14, 1, 22, 77, 18970 }, // Ґ
    { 11, 17, 11, 1, 17, 47, 19047 }, // ґ
    { 18, 18, 18, 0, 18, 81, 19094 }, // Ұ
    { 16, 19, 14, -1, 13, 76, 19175 }, // ұ
    { 0, 0, 3, 0, 0, 0, 19251 }, //  
    { 0, 0, 0, 0, 0, 0, 19251 }, // ​
    { 13, 2, 13, 0, 8, 7, 19251 }, // –
    { 25, 2, 25, 0, 8, 13, 19258 }, // —
    { 4, 8, 8, 2, 20, 8, 19271 }, // ‘
    { 4, 8, 8, 2, 20, 8, 19279 }, // ’
    { 4, 7, 8, 2, 3, 7, 19287 }, // ‚
    { 9, 8, 13, 2, 20, 18, 19294 }, // “
    { 9, 8, 13, 2, 20, 18, 19312 }, // ”
    { 10, 7, 10, 0, 3, 18, 19330 }, // „
    { 7, 6, 9, 1, 11, 11, 19348 }, // •
    { 20, 5, 22, 1, 4, 25, 19359 }, // …
    { 4, 7, 5, 1, 21, 7, 19384 }, // ′
    { 8, 7, 9, 1, 21, 14, 19391 }, // ″
    { 6, 11, 8, 1, 12, 17, 19405 }, // ‹
    { 7, 11, 8, 0, 12, 20, 19422 }, // ›
    { 13, 19, 6, -4, 18, 62, 19442 }, // ⁄
    { 16, 19, 17, 0, 18, 76, 19504 }, // €
    { 9, 13, 14, 3, 13, 30, 19580 }, // ↑
    { 9, 13, 14, 3, 13, 30, 19610 }, // ↓
    { 12, 3, 15, 1, 9, 9, 19640 }, // −
    { 12, 19, 15, 1, 18, 57, 19649 }, // ∕
};

static const EpdUnicodeInterval PROGMEM literata_12_2bIntervals[] = {
    { 0x20, 0x7E, 0x0 },
    { 0xA0, 0xFF, 0x5F },
    { 0x102, 0x102, 0xBF },
    { 0x131, 0x131, 0xC0 },
    { 0x152, 0x153, 0xC1 },
    { 0x300, 0x301, 0xC3 },
    { 0x303, 0x304, 0xC5 },
    { 0x308, 0x309, 0xC7 },
    { 0x323, 0x323, 0xC9 },
    { 0x401, 0x44F, 0xCA },
    { 0x451, 0x45F, 0x119 },
    { 0x490, 0x491, 0x128 },
    { 0x4B0, 0x4B1, 0x12A },
    { 0x2009, 0x2009, 0x12C },
    { 0x200B, 0x200B, 0x12D },
    { 0x2013, 0x2014, 0x12E },
    { 0x2018, 0x201A, 0x130 },
    { 0x201C, 0x201E, 0x133 },
    { 0x2022, 0x2022, 0x136 },
    { 0x2026, 0x2026, 0x137 },
    { 0x2032, 0x2033, 0x138 },
    { 0x2039, 0x203A, 0x13A },
    { 0x2044, 0x2044, 0x13C },
    { 0x20AC, 0x20AC, 0x13D },
    { 0x2191, 0x2191, 0x13E },
    { 0x2193, 0x2193, 0x13F },
    { 0x2212, 0x2212, 0x140 },
    { 0x2215, 0x2215, 0x141 },
};

static const EpdFontData literata_12_2b = {
    literata_12_2bBitmaps,
    literata_12_2bGlyphs,
    literata_12_2bIntervals,
    28,
    37,
    30,
    -8,
    true,
};
