/*
 * SIL OPEN FONT LICENSE 1.1 — bundled font notice (required by §56-61).
 *
 * Based on PT Mono by ParaType Ltd. SIL OFL 1.1.
 * Full license: scripts/pt-mono/OFL.txt
 *
 * Embedded in the snapix firmware as a derivative work — format conversion
 * (TTF → C array) is permitted under OFL §39-42.
 */
/**
 * generated by fontconvert.py
 * name: pt_mono_13_2b
 * size: 13
 * mode: 2-bit
 */
#pragma once
#include "EpdFontData.h"

static const uint8_t PROGMEM pt_mono_13_2bBitmaps[18152] = {
    0x3C, 0x3C, 0x3C, 0x3C, 0x3C, 0x3C, 0x3C, 0x3C, 0x3C, 0x3C, 0x3C, 0x3C, 0x2C, 0x2C, 0x00, 0x00,
    0x3D, 0x7E, 0x3D, 0xF4, 0x1F, 0x3D, 0x07, 0xCF, 0x01, 0xF3, 0xC0, 0x78, 0xF0, 0x1E, 0x3C, 0x07,
    0x4F, 0x01, 0xD3, 0x80, 0x74, 0x00, 0x0F, 0x01, 0xE0, 0x00, 0x1D, 0x02, 0xD0, 0x00, 0x2C, 0x03,
    0xC0, 0x0B, 0xFF, 0xFF, 0xFD, 0x0F, 0xFF, 0xFF, 0xFC, 0x00, 0x74, 0x0B, 0x00, 0x00, 0xB0, 0x0F,
    0x00, 0x00, 0xF0, 0x0F, 0x00, 0x00, 0xF0, 0x1E, 0x00, 0x3F, 0xFF, 0xFF, 0xF0, 0x3F, 0xFF, 0xFF,
    0xE0, 0x02, 0xC0, 0x3C, 0x00, 0x03, 0xC0, 0x3C, 0x00, 0x03, 0xC0, 0x78, 0x00, 0x07, 0x80, 0xB4,
    0x00, 0x07, 0x40, 0xB0, 0x00, 0x00, 0x3C, 0x00, 0x00, 0x3C, 0x00, 0x02, 0xFF, 0xE0, 0x0F, 0xFF,
    0xF8, 0x3F, 0x6C, 0x20, 0x3C, 0x1C, 0x00, 0x7C, 0x1C, 0x00, 0x3C, 0x1C, 0x00, 0x3F, 0x1C, 0x00,
    0x1F, 0xEC, 0x00, 0x07, 0xFD, 0x00, 0x00, 0xBF, 0xC0, 0x00, 0x3F, 0xF0, 0x00, 0x38, 0xFC, 0x00,
    0x38, 0x3D, 0x00, 0x38, 0x3E, 0x00, 0x38, 0x2E, 0x00, 0x38, 0x3D, 0x24, 0x39, 0xFC, 0x3F, 0xFF,
    0xF0, 0x1B, 0xFF, 0x40, 0x00, 0x3C, 0x00, 0x00, 0x3C, 0x00, 0x07, 0xE0, 0x01, 0x80, 0x1F, 0xFC,
    0x03, 0xC0, 0x3D, 0x3D, 0x07, 0x80, 0x3C, 0x1E, 0x0F, 0x00, 0x38, 0x0E, 0x1E, 0x00, 0x3C, 0x1E,
    0x3C, 0x00, 0x3D, 0x3D, 0x78, 0x00, 0x2F, 0xFC, 0xF0, 0x00, 0x0B, 0xE1, 0xD0, 0x00, 0x00, 0x03,
    0xC0, 0x00, 0x00, 0x07, 0x4B, 0xE0, 0x00, 0x0F, 0x2F, 0xF8, 0x00, 0x1D, 0x3C, 0x3C, 0x00, 0x3C,
    0x78, 0x2D, 0x00, 0xB4, 0x74, 0x1D, 0x00, 0xF0, 0x78, 0x2D, 0x02, 0xD0, 0x3C, 0x3C, 0x03, 0xC0,
    0x3F, 0xF8, 0x03, 0x40, 0x0B, 0xE0, 0x00, 0x7F, 0xD0, 0x00, 0x01, 0xFF, 0xF4, 0x00, 0x03, 0xE0,
    0xB8, 0x00, 0x03, 0xC0, 0x3C, 0x00, 0x03, 0xD0, 0x74, 0x00, 0x01, 0xE1, 0xF0, 0x00, 0x00, 0xFF,
    0xC0, 0x00, 0x00, 0xBE, 0x00, 0x00, 0x03, 0xFF, 0x00, 0x00, 0x0F, 0x8F, 0x40, 0x2C, 0x1F, 0x03,
    0xC0, 0x3C, 0x3D, 0x01, 0xF0, 0x3C, 0x3C, 0x00, 0xBC, 0x78, 0x3C, 0x00, 0x3F, 0xF0, 0x3C, 0x00,
    0x0F, 0xE0, 0x3F, 0x00, 0x0B, 0xE0, 0x1F, 0xD0, 0x2F, 0xF8, 0x07, 0xFF, 0xFC, 0x3D, 0x00, 0xBF,
    0xD0, 0x05, 0xF7, 0xDF, 0x3C, 0xF3, 0xCE, 0x38, 0x00, 0x00, 0x6C, 0x00, 0x07, 0xFD, 0x00, 0x3F,
    0x90, 0x00, 0xFC, 0x00, 0x02, 0xE0, 0x00, 0x07, 0xC0, 0x00, 0x0F, 0x40, 0x00, 0x1F, 0x00, 0x00,
    0x2E, 0x00, 0x00, 0x3D, 0x00, 0x00, 0x3C, 0x00, 0x00, 0x3C, 0x00, 0x00, 0x3C, 0x00, 0x00, 0x3C,
    0x00, 0x00, 0x3D, 0x00, 0x00, 0x3D, 0x00, 0x00, 0x2E, 0x00, 0x00, 0x1F, 0x00, 0x00, 0x0F, 0x40,
    0x00, 0x07, 0xC0, 0x00, 0x03, 0xF0, 0x00, 0x00, 0xFC, 0x00, 0x00, 0x3F, 0x90, 0x00, 0x0B, 0xFE,
    0x00, 0x00, 0x6D, 0x2E, 0x00, 0x00, 0x3F, 0xF4, 0x00, 0x01, 0xFE, 0x00, 0x00, 0x1F, 0x80, 0x00,
    0x03, 0xE0, 0x00, 0x01, 0xF0, 0x00, 0x00, 0xB8, 0x00, 0x00, 0x7C, 0x00, 0x00, 0x3D, 0x00, 0x00,
    0x2E, 0x00, 0x00, 0x2E, 0x00, 0x00, 0x1E, 0x00, 0x00, 0x1E, 0x00, 0x00, 0x1E, 0x00, 0x00, 0x2E,
    0x00, 0x00, 0x2D, 0x00, 0x00, 0x3C, 0x00, 0x00, 0x3C, 0x00, 0x00, 0xB8, 0x00, 0x00, 0xF0, 0x00,
    0x03, 0xD0, 0x00, 0x1F, 0x80, 0x01, 0xFE, 0x00, 0x2F, 0xF4, 0x00, 0x1E, 0x00, 0x00, 0x00, 0x00,
    0x00, 0x00, 0x1C, 0x02, 0x40, 0x03, 0xE0, 0x7C, 0x00, 0x0F, 0x0F, 0x00, 0x00, 0x78, 0xD0, 0x00,
    0x02, 0xF8, 0x00, 0x7F, 0xAF, 0xAF, 0xE7, 0xFA, 0xFE, 0xFE, 0x00, 0x2F, 0xC0, 0x00, 0x07, 0x5E,
    0x00, 0x00, 0xF0, 0xB4, 0x00, 0x3D, 0x03, 0xC0, 0x01, 0xC0, 0x24, 0x00, 0x00, 0x0F, 0x00, 0x00,
    0x00, 0xF0, 0x00, 0x00, 0x0F, 0x00, 0x00, 0x00, 0xF0, 0x00, 0x00, 0x0F, 0x00, 0x00, 0x00, 0xF0,
    0x00, 0xBF, 0xFF, 0xFF, 0xFB, 0xFF, 0xFF, 0xFF, 0x00, 0x0F, 0x00, 0x00, 0x00, 0xF0, 0x00, 0x00,
    0x0F, 0x00, 0x00, 0x00, 0xF0, 0x00, 0x00, 0x0F, 0x00, 0x00, 0x00, 0xF0, 0x00, 0x3D, 0x2F, 0xCB,
    0xF1, 0xFC, 0x0B, 0x03, 0x87, 0xC2, 0x80, 0xBF, 0xFF, 0xEB, 0xFF, 0xFE, 0x3D, 0xBF, 0xBF, 0x3D,
    0x00, 0x00, 0x0D, 0x00, 0x00, 0x1E, 0x00, 0x00, 0x3C, 0x00, 0x00, 0x78, 0x00, 0x00, 0xF0, 0x00,
    0x01, 0xF0, 0x00, 0x02, 0xD0, 0x00, 0x03, 0xC0, 0x00, 0x0B, 0x40, 0x00, 0x0F, 0x00, 0x00, 0x1E,
    0x00, 0x00, 0x3C, 0x00, 0x00, 0x78, 0x00, 0x00, 0xF0, 0x00, 0x00, 0xF0, 0x00, 0x02, 0xD0, 0x00,
    0x03, 0xC0, 0x00, 0x0B, 0x40, 0x00, 0x0F, 0x00, 0x00, 0x1E, 0x00, 0x00, 0x3C, 0x00, 0x00, 0x78,
    0x00, 0x00, 0x70, 0x00, 0x00, 0x00, 0x7F, 0xE0, 0x00, 0x3F, 0xFF, 0xD0, 0x0F, 0xD0, 0x7F, 0x01,
    0xF0, 0x00, 0xF8, 0x3D, 0x00, 0x07, 0xC3, 0xC0, 0x00, 0xBD, 0x7C, 0x00, 0x3F, 0xD7, 0xC0, 0x0F,
    0xAE, 0x7C, 0x03, 0xE2, 0xEB, 0x81, 0xF4, 0x2E, 0x7C, 0x7D, 0x02, 0xE7, 0xEF, 0x00, 0x2E, 0x7F,
    0xC0, 0x02, 0xD3, 0xF0, 0x00, 0x3D, 0x3E, 0x00, 0x07, 0xC1, 0xF0, 0x00, 0xF8, 0x0F, 0xD0, 0x2F,
    0x00, 0x3F, 0xFF, 0xC0, 0x00, 0x7F, 0xE0, 0x00, 0x00, 0x1F, 0x00, 0x00, 0xBF, 0x00, 0x03, 0xFF,
    0x00, 0x1F, 0xDF, 0x00, 0x7E, 0x1F, 0x00, 0x30, 0x1F, 0x00, 0x00, 0x1F, 0x00, 0x00, 0x1F, 0x00,
    0x00, 0x1F, 0x00, 0x00, 0x1F, 0x00, 0x00, 0x1F, 0x00, 0x00, 0x1F, 0x00, 0x00, 0x1F, 0x00, 0x00,
    0x1F, 0x00, 0x00, 0x1F, 0x00, 0x00, 0x1F, 0x00, 0x00, 0x1F, 0x00, 0x2F, 0xFF, 0xFF, 0x2F, 0xFF,
    0xFF, 0x02, 0xFF, 0x80, 0x0B, 0xFF, 0xFD, 0x02, 0xD0, 0x1F, 0xC0, 0x00, 0x00, 0xF4, 0x00, 0x00,
    0x2D, 0x00, 0x00, 0x0B, 0x40, 0x00, 0x03, 0xD0, 0x00, 0x00, 0xF0, 0x00, 0x00, 0xB4, 0x00, 0x00,
    0x7C, 0x00, 0x00, 0x3C, 0x00, 0x00, 0x3D, 0x00, 0x00, 0x3D, 0x00, 0x00, 0x3D, 0x00, 0x00, 0x3D,
    0x00, 0x00, 0x3D, 0x00, 0x00, 0x7C, 0x00, 0x00, 0x3F, 0xFF, 0xFF, 0xCF, 0xFF, 0xFF, 0xF0, 0xBF,
    0xFF, 0xFC, 0xBF, 0xFF, 0xFC, 0x00, 0x00, 0xF8, 0x00, 0x02, 0xE0, 0x00, 0x0B, 0xC0, 0x00, 0x1F,
    0x00, 0x00, 0x3C, 0x00, 0x00, 0xF0, 0x00, 0x02, 0xFF, 0x80, 0x03, 0xFF, 0xF4, 0x00, 0x01, 0xFC,
    0x00, 0x00, 0x3E, 0x00, 0x00, 0x1F, 0x00, 0x00, 0x1E, 0x00, 0x00, 0x2E, 0x00, 0x00, 0x7C, 0x20,
    0x02, 0xF8, 0x7F, 0xFF, 0xE0, 0x2F, 0xFE, 0x00, 0x00, 0x00, 0x3C, 0x00, 0x00, 0x03, 0xF0, 0x00,
    0x00, 0x3F, 0xC0, 0x00, 0x02, 0xFF, 0x00, 0x00, 0x1F, 0x3C, 0x00, 0x00, 0xF0, 0xF0, 0x00, 0x0F,
    0x43, 0xC0, 0x00, 0xF8, 0x0F, 0x00, 0x0B, 0x80, 0x3C, 0x00, 0x7C, 0x00, 0xF0, 0x03, 0xC0, 0x03,
    0xC0, 0x3F, 0xFF, 0xFF, 0xFE, 0xFF, 0xFF, 0xFF, 0xF8, 0x00, 0x00, 0xF0, 0x00, 0x00, 0x03, 0xC0,
    0x00, 0x00, 0x0F, 0x00, 0x00, 0x00, 0x3C, 0x00, 0x00, 0x00, 0xF0, 0x00, 0x00, 0x03, 0xC0, 0x00,
    0x0F, 0xFF, 0xFC, 0x0F, 0xFF, 0xFC, 0x0F, 0x00, 0x00, 0x0F, 0x00, 0x00, 0x0F, 0x00, 0x00, 0x0F,
    0x00, 0x00, 0x0F, 0x00, 0x00, 0x0F, 0xFE, 0x40, 0x0F, 0xFF, 0xF0, 0x00, 0x06, 0xFC, 0x00, 0x00,
    0x7D, 0x00, 0x00, 0x2E, 0x00, 0x00, 0x1E, 0x00, 0x00, 0x1E, 0x00, 0x00, 0x2D, 0x00, 0x00, 0x7C,
    0x34, 0x02, 0xF4, 0xBF, 0xFF, 0xD0, 0x1B, 0xFE, 0x00, 0x00, 0x00, 0xBC, 0x00, 0x00, 0xBF, 0xC0,
    0x00, 0x3F, 0x90, 0x00, 0x0F, 0xD0, 0x00, 0x03, 0xF0, 0x00, 0x00, 0xBC, 0x00, 0x00, 0x0F, 0x00,
    0x00, 0x01, 0xE0, 0x00, 0x00, 0x3D, 0x6F, 0xE4, 0x03, 0xEF, 0xFF, 0xF0, 0x3F, 0x80, 0x1F, 0xC7,
    0xD0, 0x00, 0x3C, 0x7C, 0x00, 0x03, 0xD7, 0xC0, 0x00, 0x2E, 0x3C, 0x00, 0x03, 0xD3, 0xE0, 0x00,
    0x7C, 0x0F, 0xD0, 0x2F, 0x40, 0x7F, 0xFF, 0xE0, 0x00, 0xBF, 0xE0, 0x00, 0x3F, 0xFF, 0xFF, 0xCF,
    0xFF, 0xFF, 0xF0, 0x00, 0x00, 0xB4, 0x00, 0x00, 0x3C, 0x00, 0x00, 0x2E, 0x00, 0x00, 0x0F, 0x00,
    0x00, 0x0B, 0x80, 0x00, 0x03, 0xC0, 0x00, 0x02, 0xE0, 0x00, 0x00, 0xF0, 0x00, 0x00, 0xB8, 0x00,
    0x00, 0x3C, 0x00, 0x00, 0x1E, 0x00, 0x00, 0x0F, 0x00, 0x00, 0x07, 0x80, 0x00, 0x03, 0xC0, 0x00,
    0x01, 0xF0, 0x00, 0x00, 0xF4, 0x00, 0x00, 0x7C, 0x00, 0x00, 0x01, 0xFF, 0x90, 0x03, 0xFF, 0xFE,
    0x03, 0xF4, 0x0B, 0xD1, 0xF0, 0x00, 0xF8, 0xB8, 0x00, 0x1E, 0x1E, 0x00, 0x0B, 0x83, 0xD0, 0x03,
    0xC0, 0x7E, 0x03, 0xD0, 0x03, 0xFB, 0xD0, 0x00, 0xBF, 0xF4, 0x00, 0xF8, 0x7F, 0x80, 0xF4, 0x01,
    0xF4, 0xB8, 0x00, 0x1F, 0x3C, 0x00, 0x03, 0xCF, 0x00, 0x00, 0xF3, 0xE0, 0x00, 0xBC, 0x7E, 0x40,
    0xBD, 0x0B, 0xFF, 0xFE, 0x00, 0x2F, 0xF8, 0x00, 0x00, 0xBF, 0xE0, 0x00, 0x7F, 0xFF, 0xD0, 0x1F,
    0x80, 0x2F, 0x43, 0xD0, 0x00, 0xBC, 0x3C, 0x00, 0x03, 0xD7, 0xC0, 0x00, 0x2D, 0x7C, 0x00, 0x02,
    0xE3, 0xD0, 0x00, 0x2D, 0x2F, 0x80, 0x1F, 0xD0, 0xBF, 0xFF, 0xFD, 0x01, 0xBF, 0xE3, 0xC0, 0x00,
    0x00, 0x7C, 0x00, 0x00, 0x0F, 0x40, 0x00, 0x01, 0xF0, 0x00, 0x00, 0x7D, 0x00, 0x00, 0x2F, 0x80,
    0x00, 0x2F, 0xE0, 0x00, 0x3F, 0xF4, 0x00, 0x02, 0xE4, 0x00, 0x00, 0x3D, 0xBF, 0xBF, 0x3D, 0x00,
    0x00, 0x00, 0x00, 0x00, 0x00, 0x00, 0x3D, 0xBF, 0xBF, 0x3D, 0x3D, 0x1F, 0xC7, 0xF0, 0xF4, 0x00,
    0x00, 0x00, 0x00, 0x00, 0x00, 0x00, 0x00, 0x00, 0xF4, 0xBF, 0x2F, 0xC7, 0xF0, 0x2C, 0x0E, 0x1F,
    0x0A, 0x00, 0x00, 0x00, 0x00, 0x80, 0x00, 0x00, 0x7E, 0x00, 0x00, 0x3F, 0x80, 0x00, 0x1F, 0xD0,
    0x00, 0x0F, 0xE0, 0x00, 0x0B, 0xF0, 0x00, 0x03, 0xF4, 0x00, 0x02, 0xF8, 0x00, 0x00, 0xBE, 0x00,
    0x00, 0x02, 0xFC, 0x00, 0x00, 0x07, 0xF8, 0x00, 0x00, 0x07, 0xF8, 0x00, 0x00, 0x07, 0xF4, 0x00,
    0x00, 0x0B, 0xF4, 0x00, 0x00, 0x0B, 0xE0, 0x00, 0x00, 0x0D, 0x3F, 0xFF, 0xFF, 0xD3, 0xFF, 0xFF,
    0xFD, 0x00, 0x00, 0x00, 0x00, 0x00, 0x00, 0x00, 0x3F, 0xFF, 0xFF, 0xD3, 0xFF, 0xFF, 0xFD, 0x30,
    0x00, 0x00, 0x0B, 0xE0, 0x00, 0x00, 0x2F, 0xD0, 0x00, 0x00, 0x3F, 0x80, 0x00, 0x00, 0x7F, 0x40,
    0x00, 0x00, 0xBE, 0x00, 0x00, 0x01, 0xFD, 0x00, 0x00, 0x02, 0xF8, 0x00, 0x00, 0x07, 0xF0, 0x00,
    0x02, 0xFD, 0x00, 0x02, 0xFD, 0x00, 0x01, 0xFD, 0x00, 0x01, 0xFE, 0x00, 0x01, 0xFE, 0x00, 0x00,
    0x7F, 0x00, 0x00, 0x03, 0x40, 0x00, 0x00, 0x01, 0xBF, 0xE4, 0x00, 0xFF, 0xFF, 0xE0, 0x3F, 0x40,
    0x7F, 0x42, 0x40, 0x00, 0xFC, 0x00, 0x00, 0x07, 0xC0, 0x00, 0x00, 0x3C, 0x00, 0x00, 0x07, 0xC0,
    0x00, 0x00, 0xF0, 0x00, 0x00, 0x7D, 0x00, 0x00, 0x2F, 0x40, 0x00, 0x0B, 0xC0, 0x00, 0x01, 0xF0,
    0x00, 0x00, 0x2D, 0x00, 0x00, 0x03, 0xC0, 0x00, 0x00, 0x00, 0x00, 0x00, 0x00, 0x00, 0x00, 0x00,
    0x3D, 0x00, 0x00, 0x03, 0xF0, 0x00, 0x00, 0x3D, 0x00, 0x00, 0x00, 0x07, 0xFE, 0x00, 0x00, 0x1F,
    0xFF, 0xF0, 0x00, 0x2F, 0x80, 0x7E, 0x00, 0x1F, 0x40, 0x07, 0xC0, 0x0F, 0x40, 0x00, 0xF0, 0x07,
    0x80, 0x00, 0x3C, 0x03, 0xD0, 0x00, 0x0F, 0x00, 0xF0, 0x1B, 0xFF, 0xC0, 0x38, 0x2F, 0xFF, 0xF0,
    0x1E, 0x1F, 0x40, 0x3C, 0x07, 0x8B, 0x80, 0x0F, 0x01, 0xE3, 0xD0, 0x07, 0xC0, 0x78, 0xBD, 0x07,
    0xF0, 0x0F, 0x0F, 0xFF, 0xAF, 0xC3, 0xC0, 0xBF, 0x4B, 0xF0, 0xB8, 0x00, 0x00, 0x00, 0x0F, 0x40,
    0x00, 0x00, 0x02, 0xF4, 0x00, 0x07, 0x00, 0x2F, 0x90, 0x1F, 0xD0, 0x02, 0xFF, 0xFF, 0xD0, 0x00,
    0x0B, 0xFE, 0x40, 0x00, 0x00, 0x07, 0xE0, 0x00, 0x00, 0x0F, 0xF0, 0x00, 0x00, 0x0F, 0xF0, 0x00,
    0x00, 0x1E, 0xB8, 0x00, 0x00, 0x2D, 0x7C, 0x00, 0x00, 0x3C, 0x3C, 0x00, 0x00, 0x7C, 0x2E, 0x00,
    0x00, 0xB4, 0x1F, 0x00, 0x00, 0xF0, 0x0F, 0x00, 0x01, 0xF0, 0x0B, 0x80, 0x02, 0xE0, 0x07, 0xC0,
    0x03, 0xC0, 0x03, 0xC0, 0x07, 0xFF, 0xFF, 0xE0, 0x0B, 0xFF, 0xFF, 0xF0, 0x0F, 0x00, 0x00, 0xF4,
    0x1F, 0x00, 0x00, 0xF8, 0x2E, 0x00, 0x00, 0x7C, 0x3C, 0x00, 0x00, 0x3D, 0x7C, 0x00, 0x00, 0x3E,
    0x2F, 0xFF, 0x90, 0x1F, 0xFF, 0xFF, 0x07, 0xC0, 0x0B, 0xE1, 0xF0, 0x00, 0xBC, 0x7C, 0x00, 0x1F,
    0x1F, 0x00, 0x07, 0xC7, 0xC0, 0x03, 0xD1, 0xF0, 0x07, 0xD0, 0x7F, 0xFF, 0xC0, 0x1F, 0xFF, 0xFE,
    0x07, 0xC0, 0x0B, 0xE1, 0xF0, 0x00, 0x7D, 0x7C, 0x00, 0x0F, 0x9F, 0x00, 0x02, 0xE7, 0xC0, 0x00,
    0xF9, 0xF0, 0x00, 0x7C, 0x7C, 0x01, 0xBE, 0x1F, 0xFF, 0xFE, 0x03, 0xFF, 0xF8, 0x00, 0x00, 0x1B,
    0xFF, 0x40, 0x0F, 0xFF, 0xFD, 0x03, 0xF8, 0x02, 0xD0, 0xFC, 0x00, 0x2D, 0x1F, 0x40, 0x02, 0xD2,
    0xF0, 0x00, 0x00, 0x3E, 0x00, 0x00, 0x03, 0xD0, 0x00, 0x00, 0x3C, 0x00, 0x00, 0x03, 0xC0, 0x00,
    0x00, 0x3C, 0x00, 0x00, 0x03, 0xD0, 0x00, 0x00, 0x3E, 0x00, 0x00, 0x02, 0xF0, 0x00, 0x00, 0x1F,
    0x40, 0x01, 0xE0, 0xFD, 0x00, 0x1E, 0x03, 0xF8, 0x02, 0xE0, 0x0F, 0xFF, 0xFE, 0x00, 0x1B, 0xFE,
    0x00, 0xBF, 0xFE, 0x00, 0x3F, 0xFF, 0xF8, 0x0F, 0x40, 0x6F, 0xC3, 0xD0, 0x01, 0xF8, 0xF4, 0x00,
    0x2F, 0x3D, 0x00, 0x03, 0xDF, 0x40, 0x00, 0xFB, 0xD0, 0x00, 0x2F, 0xF4, 0x00, 0x0B, 0xFD, 0x00,
    0x01, 0xFF, 0x40, 0x00, 0xBF, 0xD0, 0x00, 0x2E, 0xF4, 0x00, 0x0F, 0xBD, 0x00, 0x03, 0xDF, 0x40,
    0x02, 0xF3, 0xD0, 0x01, 0xF4, 0xF4, 0x06, 0xF8, 0x3F, 0xFF, 0xF8, 0x0B, 0xFF, 0xD0, 0x00, 0x3F,
    0xFF, 0xFF, 0x0F, 0xFF, 0xFF, 0xC3, 0xC0, 0x00, 0x00, 0xF0, 0x00, 0x00, 0x3C, 0x00, 0x00, 0x0F,
    0x00, 0x00, 0x03, 0xC0, 0x00, 0x00, 0xF0, 0x00, 0x00, 0x3F, 0xFF, 0xFD, 0x0F, 0xFF, 0xFF, 0x43,
    0xC0, 0x00, 0x00, 0xF0, 0x00, 0x00, 0x3C, 0x00, 0x00, 0x0F, 0x00, 0x00, 0x03, 0xC0, 0x00, 0x00,
    0xF0, 0x00, 0x00, 0x3C, 0x00, 0x00, 0x0F, 0xFF, 0xFF, 0xC3, 0xFF, 0xFF, 0xF0, 0xFF, 0xFF, 0xFF,
    0xFF, 0xFF, 0xFF, 0x40, 0x00, 0x3D, 0x00, 0x00, 0xF4, 0x00, 0x03, 0xD0, 0x00, 0x0F, 0x40, 0x00,
    0x3D, 0x00, 0x00, 0xFF, 0xFF, 0xF7, 0xFF, 0xFF, 0xDF, 0x40, 0x00, 0x3D, 0x00, 0x00, 0xF4, 0x00,
    0x03, 0xD0, 0x00, 0x0F, 0x40, 0x00, 0x3D, 0x00, 0x00, 0xF4, 0x00, 0x03, 0xD0, 0x00, 0x0F, 0x40,
    0x00, 0x00, 0x00, 0x1F, 0xFE, 0x40, 0x1F, 0xFF, 0xFC, 0x07, 0xF4, 0x07, 0xC0, 0xF8, 0x00, 0x3C,
    0x2F, 0x00, 0x03, 0xC3, 0xD0, 0x00, 0x00, 0x3C, 0x00, 0x00, 0x07, 0xC0, 0x00, 0x00, 0x7C, 0x00,
    0x00, 0x0B, 0xC0, 0x00, 0x00, 0xBC, 0x01, 0xFF, 0xD7, 0xC0, 0x1F, 0xFD, 0x7C, 0x00, 0x02, 0xD3,
    0xD0, 0x00, 0x2D, 0x2F, 0x00, 0x02, 0xD1, 0xF8, 0x00, 0x2D, 0x0B, 0xF4, 0x07, 0xD0, 0x2F, 0xFF,
    0xFD, 0x00, 0x2F, 0xFE, 0x00, 0x7C, 0x00, 0x02, 0xE7, 0xC0, 0x00, 0x2E, 0x7C, 0x00, 0x02, 0xE7,
    0xC0, 0x00, 0x2E, 0x7C, 0x00, 0x02, 0xE7, 0xC0, 0x00, 0x2E, 0x7C, 0x00, 0x02, 0xE7, 0xC0, 0x00,
    0x2E, 0x7F, 0xFF, 0xFF, 0xE7, 0xFF, 0xFF, 0xFE, 0x7C, 0x00, 0x02, 0xE7, 0xC0, 0x00, 0x2E, 0x7C,
    0x00, 0x02, 0xE7, 0xC0, 0x00, 0x2E, 0x7C, 0x00, 0x02, 0xE7, 0xC0, 0x00, 0x2E, 0x7C, 0x00, 0x02,
    0xE7, 0xC0, 0x00, 0x2E, 0x7C, 0x00, 0x02, 0xE0, 0x7F, 0xFF, 0xFF, 0xE7, 0xFF, 0xFF, 0xFE, 0x00,
    0x0F, 0x00, 0x00, 0x00, 0xF0, 0x00, 0x00, 0x0F, 0x00, 0x00, 0x00, 0xF0, 0x00, 0x00, 0x0F, 0x00,
    0x00, 0x00, 0xF0, 0x00, 0x00, 0x0F, 0x00, 0x00, 0x00, 0xF0, 0x00, 0x00, 0x0F, 0x00, 0x00, 0x00,
    0xF0, 0x00, 0x00, 0x0F, 0x00, 0x00, 0x00, 0xF0, 0x00, 0x00, 0x0F, 0x00, 0x00, 0x00, 0xF0, 0x00,
    0x00, 0x0F, 0x00, 0x07, 0xFF, 0xFF, 0xFE, 0x7F, 0xFF, 0xFF, 0xE0, 0x7F, 0xFF, 0xFD, 0x7F, 0xFF,
    0xFD, 0x00, 0x00, 0x3D, 0x00, 0x00, 0x3D, 0x00, 0x00, 0x3D, 0x00, 0x00, 0x3D, 0x00, 0x00, 0x3D,
    0x00, 0x00, 0x3D, 0x00, 0x00, 0x3D, 0x00, 0x00, 0x3D, 0x00, 0x00, 0x3D, 0x00, 0x00, 0x3D, 0x00,
    0x00, 0x3D, 0x00, 0x00, 0x3C, 0x00, 0x00, 0x7C, 0x00, 0x00, 0xF8, 0x34, 0x07, 0xF0, 0xBF, 0xFF,
    0xD0, 0x1B, 0xFE, 0x00, 0xB8, 0x00, 0x0B, 0xC2, 0xE0, 0x00, 0xBC, 0x0B, 0x80, 0x07, 0xD0, 0x2E,
    0x00, 0x3E, 0x00, 0xB8, 0x03, 0xF0, 0x02, 0xE0, 0x2F, 0x00, 0x0B, 0x81, 0xF0, 0x00, 0x2E, 0x0F,
    0x40, 0x00, 0xBF, 0xFC, 0x00, 0x02, 0xFF, 0xF0, 0x00, 0x0B, 0x83, 0xF0, 0x00, 0x2E, 0x07, 0xE0,
    0x00, 0xB8, 0x0B, 0xD0, 0x02, 0xE0, 0x0F, 0xC0, 0x0B, 0x80, 0x0F, 0xC0, 0x2E, 0x00, 0x1F, 0x80,
    0xB8, 0x00, 0x2F, 0x42, 0xE0, 0x00, 0x3F, 0x0B, 0x80, 0x00, 0x3E, 0x00, 0xB8, 0x00, 0x00, 0x2E,
    0x00, 0x00, 0x0B, 0x80, 0x00, 0x02, 0xE0, 0x00, 0x00, 0xB8, 0x00, 0x00, 0x2E, 0x00, 0x00, 0x0B,
    0x80, 0x00, 0x02, 0xE0, 0x00, 0x00, 0xB8, 0x00, 0x00, 0x2E, 0x00, 0x00, 0x0B, 0x80, 0x00, 0x02,
    0xE0, 0x00, 0x00, 0xB8, 0x00, 0x0B, 0x6E, 0x00, 0x02, 0xDB, 0x80, 0x00, 0xB6, 0xE0, 0x00, 0x2D,
    0xB8, 0x00, 0x0B, 0x6F, 0xFF, 0xFF, 0xDB, 0xFF, 0xFF, 0xF4, 0x7C, 0x00, 0x02, 0xE7, 0xE0, 0x00,
    0x7E, 0x7F, 0x00, 0x0F, 0xE7, 0xFC, 0x01, 0xFE, 0x7B, 0xD0, 0x3E, 0xE7, 0x9F, 0x0B, 0xAE, 0x7C,
    0xF9, 0xF2, 0xE7, 0xC7, 0xFD, 0x2E, 0x7C, 0x2F, 0xC2, 0xE7, 0xC0, 0xF4, 0x2E, 0x7C, 0x0A, 0x02,
    0xE7, 0xC0, 0x00, 0x2E, 0x7C, 0x00, 0x02, 0xE7, 0xC0, 0x00, 0x2E, 0x7C, 0x00, 0x02, 0xE7, 0xC0,
    0x00, 0x2E, 0x7C, 0x00, 0x02, 0xE7, 0xC0, 0x00, 0x2E, 0x7C, 0x00, 0x02, 0xE0, 0x38, 0x00, 0x03,
    0xD3, 0xD0, 0x00, 0x3D, 0x3F, 0x00, 0x03, 0xD3, 0xF8, 0x00, 0x3D, 0x3F, 0xC0, 0x03, 0xD3, 0xEF,
    0x00, 0x3D, 0x3C, 0xF8, 0x03, 0xD3, 0xC7, 0xC0, 0x3D, 0x3C, 0x3F, 0x03, 0xD3, 0xC0, 0xF4, 0x3D,
    0x3C, 0x0B, 0xC3, 0xD3, 0xC0, 0x3F, 0x3D, 0x3C, 0x01, 0xF6, 0xD3, 0xC0, 0x0B, 0xED, 0x3C, 0x00,
    0x3F, 0xD3, 0xC0, 0x01, 0xFD, 0x3C, 0x00, 0x0B, 0xD3, 0xC0, 0x00, 0x3D, 0x3C, 0x00, 0x01, 0xD0,
    0x00, 0xBF, 0xE0, 0x00, 0x3F, 0xFF, 0xD0, 0x0F, 0xD0, 0x7F, 0x42, 0xF0, 0x00, 0xFC, 0x3D, 0x00,
    0x07, 0xC7, 0xC0, 0x00, 0x3E, 0x7C, 0x00, 0x02, 0xEB, 0xC0, 0x00, 0x2F, 0xB8, 0x00, 0x02, 0xFB,
    0x80, 0x00, 0x1F, 0xB8, 0x00, 0x02, 0xFB, 0xC0, 0x00, 0x2F, 0x7C, 0x00, 0x02, 0xE7, 0xC0, 0x00,
    0x3D, 0x3E, 0x00, 0x03, 0xC2, 0xF0, 0x00, 0xFC, 0x0F, 0xD0, 0x3F, 0x00, 0x7F, 0xFF, 0xD0, 0x00,
    0xBF, 0xE0, 0x00, 0x2F, 0xFF, 0x80, 0x1F, 0xFF, 0xFE, 0x07, 0xC0, 0x1F, 0xE1, 0xF0, 0x00, 0xBC,
    0x7C, 0x00, 0x0F, 0x5F, 0x00, 0x03, 0xD7, 0xC0, 0x00, 0xF5, 0xF0, 0x00, 0x3D, 0x7C, 0x00, 0x2F,
    0x1F, 0x00, 0x7F, 0x47, 0xFF, 0xFF, 0x41, 0xFF, 0xFD, 0x00, 0x7C, 0x00, 0x00, 0x1F, 0x00, 0x00,
    0x07, 0xC0, 0x00, 0x01, 0xF0, 0x00, 0x00, 0x7C, 0x00, 0x00, 0x1F, 0x00, 0x00, 0x07, 0xC0, 0x00,
    0x00, 0x00, 0xBF, 0xE0, 0x00, 0x3F, 0xFF, 0xD0, 0x0F, 0xD0, 0x7F, 0x42, 0xF0, 0x00, 0xFC, 0x3D,
    0x00, 0x07, 0xC7, 0xC0, 0x00, 0x3D, 0x7C, 0x00, 0x02, 0xEB, 0xC0, 0x00, 0x2F, 0xB8, 0x00, 0x02,
    0xFB, 0x80, 0x00, 0x1F, 0xB8, 0x00, 0x02, 0xFB, 0xC0, 0x00, 0x2F, 0x7C, 0x00, 0x02, 0xE7, 0xC0,
    0x00, 0x3E, 0x3D, 0x00, 0x03, 0xC2, 0xF0, 0x00, 0xFC, 0x0F, 0xD0, 0x2F, 0x40, 0x7F, 0xFF, 0xD0,
    0x00, 0xBF, 0xE4, 0x00, 0x00, 0xF4, 0x00, 0x00, 0x0B, 0xD0, 0x40, 0x00, 0x3F, 0xFD, 0x00, 0x00,
    0xBF, 0x80, 0x2F, 0xFF, 0x80, 0x07, 0xFF, 0xFF, 0x00, 0x7C, 0x01, 0xFC, 0x07, 0xC0, 0x07, 0xD0,
    0x7C, 0x00, 0x3E, 0x07, 0xC0, 0x02, 0xE0, 0x7C, 0x00, 0x3E, 0x07, 0xC0, 0x07, 0xC0, 0x7C, 0x02,
    0xF8, 0x07, 0xFF, 0xFE, 0x00, 0x7F, 0xFF, 0x80, 0x07, 0xC0, 0x7C, 0x00, 0x7C, 0x03, 0xE0, 0x07,
    0xC0, 0x1F, 0x00, 0x7C, 0x00, 0xBC, 0x07, 0xC0, 0x03, 0xD0, 0x7C, 0x00, 0x2F, 0x07, 0xC0, 0x00,
    0xF8, 0x7C, 0x00, 0x0B, 0xC0, 0x02, 0xFF, 0xE8, 0x07, 0xFF, 0xFF, 0x83, 0xF4, 0x02, 0xE2, 0xF0,
    0x00, 0x78, 0xF4, 0x00, 0x1E, 0x2E, 0x00, 0x00, 0x07, 0xE0, 0x00, 0x00, 0xBF, 0x40, 0x00, 0x0B,
    0xFD, 0x00, 0x00, 0x2F, 0xF4, 0x00, 0x00, 0xBF, 0x80, 0x00, 0x02, 0xF8, 0x00, 0x00, 0x1F, 0x3C,
    0x00, 0x03, 0xDF, 0x00, 0x00, 0xF7, 0xC0, 0x00, 0x7C, 0xFD, 0x00, 0xBE, 0x2F, 0xFF, 0xFE, 0x00,
    0x6F, 0xF9, 0x00, 0xFF, 0xFF, 0xFF, 0xF3, 0xFF, 0xFF, 0xFF, 0xCF, 0x00, 0xF0, 0x0F, 0x3C, 0x03,
    0xC0, 0x3C, 0xF0, 0x0F, 0x00, 0xF0, 0x00, 0x3C, 0x00, 0x00, 0x00, 0xF0, 0x00, 0x00, 0x03, 0xC0,
    0x00, 0x00, 0x0F, 0x00, 0x00, 0x00, 0x3C, 0x00, 0x00, 0x00, 0xF0, 0x00, 0x00, 0x03, 0xC0, 0x00,
    0x00, 0x0F, 0x00, 0x00, 0x00, 0x3C, 0x00, 0x00, 0x00, 0xF0, 0x00, 0x00, 0x03, 0xC0, 0x00, 0x00,
    0x0F, 0x00, 0x00, 0x0F, 0xFF, 0xF0, 0x00, 0x3F, 0xFF, 0xC0, 0x00, 0x7C, 0x00, 0x02, 0xE7, 0xC0,
    0x00, 0x2E, 0x7C, 0x00, 0x02, 0xE7, 0xC0, 0x00, 0x2E, 0x7C, 0x00, 0x02, 0xE7, 0xC0, 0x00, 0x2E,
    0x7C, 0x00, 0x02, 0xE7, 0xC0, 0x00, 0x2E, 0x7C, 0x00, 0x02, 0xE7, 0xC0, 0x00, 0x2E, 0x7C, 0x00,
    0x02, 0xE7, 0xC0, 0x00, 0x2E, 0x7C, 0x00, 0x02, 0xE7, 0xC0, 0x00, 0x2E, 0x3C, 0x00, 0x03, 0xD3,
    0xE0, 0x00, 0x7C, 0x1F, 0x90, 0x1F, 0x80, 0xBF, 0xFF, 0xE0, 0x00, 0xBF, 0xE4, 0x00, 0x7C, 0x00,
    0x00, 0x2E, 0x3D, 0x00, 0x00, 0x3D, 0x3E, 0x00, 0x00, 0x3C, 0x1F, 0x00, 0x00, 0xB8, 0x0F, 0x40,
    0x00, 0xF4, 0x0F, 0x80, 0x00, 0xF0, 0x07, 0xC0, 0x01, 0xE0, 0x03, 0xD0, 0x03, 0xD0, 0x02, 0xE0,
    0x03, 0xC0, 0x01, 0xF0, 0x07, 0x80, 0x00, 0xF4, 0x0B, 0x40, 0x00, 0xB8, 0x0F, 0x00, 0x00, 0x7C,
    0x1E, 0x00, 0x00, 0x3D, 0x2D, 0x00, 0x00, 0x2E, 0x3C, 0x00, 0x00, 0x1F, 0x78, 0x00, 0x00, 0x0F,
    0xF4, 0x00, 0x00, 0x0B, 0xF0, 0x00, 0x00, 0x07, 0xE0, 0x00, 0xB8, 0x00, 0x00, 0x1E, 0x7C, 0x00,
    0x00, 0x1E, 0x3C, 0x00, 0x00, 0x2D, 0x3C, 0x00, 0x00, 0x2D, 0x3C, 0x00, 0x00, 0x3C, 0x2D, 0x00,
    0x00, 0x3C, 0x2E, 0x03, 0xD0, 0x3C, 0x1E, 0x03, 0xE0, 0x78, 0x1F, 0x07, 0xF0, 0x74, 0x0F, 0x0B,
    0xF0, 0xB4, 0x0F, 0x0F, 0xB4, 0xF0, 0x0F, 0x4E, 0x78, 0xF0, 0x0B, 0x9D, 0x3C, 0xF0, 0x0B, 0xAC,
    0x3D, 0xE0, 0x07, 0xBC, 0x2E, 0xE0, 0x03, 0xF8, 0x1F, 0xD0, 0x03, 0xF4, 0x0F, 0xD0, 0x03, 0xF0,
    0x0F, 0xC0, 0x02, 0xF0, 0x0B, 0xC0, 0x2F, 0x00, 0x00, 0x7C, 0x0F, 0x80, 0x00, 0xF4, 0x07, 0xD0,
    0x02, 0xF0, 0x03, 0xF0, 0x07, 0xC0, 0x00, 0xF4, 0x0F, 0x40, 0x00, 0xBC, 0x2F, 0x00, 0x00, 0x3E,
    0x3C, 0x00, 0x00, 0x1F, 0xF8, 0x00, 0x00, 0x0B, 0xF0, 0x00, 0x00, 0x07, 0xE0, 0x00, 0x00, 0x0F,
    0xF4, 0x00, 0x00, 0x2E, 0xBC, 0x00, 0x00, 0x7C, 0x3E, 0x00, 0x00, 0xF8, 0x1F, 0x00, 0x02, 0xF0,
    0x0F, 0xC0, 0x03, 0xD0, 0x03, 0xD0, 0x0F, 0x80, 0x02, 0xF0, 0x1F, 0x00, 0x00, 0xF8, 0x3D, 0x00,
    0x00, 0x7D, 0x7C, 0x00, 0x00, 0x2E, 0x3E, 0x00, 0x00, 0x7C, 0x1F, 0x40, 0x00, 0xF8, 0x0B, 0xC0,
    0x01, 0xF0, 0x03, 0xD0, 0x03, 0xD0, 0x02, 0xF0, 0x0B, 0xC0, 0x00, 0xF8, 0x0F, 0x00, 0x00, 0x7C,
    0x2E, 0x00, 0x00, 0x3F, 0x3C, 0x00, 0x00, 0x1F, 0xF4, 0x00, 0x00, 0x0B, 0xF0, 0x00, 0x00, 0x03,
    0xD0, 0x00, 0x00, 0x03, 0xC0, 0x00, 0x00, 0x03, 0xC0, 0x00, 0x00, 0x03, 0xC0, 0x00, 0x00, 0x03,
    0xC0, 0x00, 0x00, 0x03, 0xC0, 0x00, 0x00, 0x03, 0xC0, 0x00, 0x00, 0x03, 0xC0, 0x00, 0xBF, 0xFF,
    0xFF, 0xEB, 0xFF, 0xFF, 0xFE, 0x00, 0x00, 0x03, 0xD0, 0x00, 0x00, 0xF8, 0x00, 0x00, 0x2F, 0x00,
    0x00, 0x07, 0xC0, 0x00, 0x00, 0xF8, 0x00, 0x00, 0x3F, 0x00, 0x00, 0x07, 0xC0, 0x00, 0x00, 0xF4,
    0x00, 0x00, 0x3E, 0x00, 0x00, 0x0B, 0xC0, 0x00, 0x01, 0xF0, 0x00, 0x00, 0x3E, 0x00, 0x00, 0x0B,
    0xC0, 0x00, 0x01, 0xF0, 0x00, 0x00, 0x3D, 0x00, 0x00, 0x0B, 0xFF, 0xFF, 0xFE, 0xBF, 0xFF, 0xFF,
    0xE0, 0xFF, 0xFF, 0xF7, 0xFF, 0xFF, 0xDF, 0x00, 0x00, 0x3C, 0x00, 0x00, 0xF0, 0x00, 0x03, 0xC0,
    0x00, 0x0F, 0x00, 0x00, 0x3C, 0x00, 0x00, 0xF0, 0x00, 0x03, 0xC0, 0x00, 0x0F, 0x00, 0x00, 0x3C,
    0x00, 0x00, 0xF0, 0x00, 0x03, 0xC0, 0x00, 0x0F, 0x00, 0x00, 0x3C, 0x00, 0x00, 0xF0, 0x00, 0x03,
    0xC0, 0x00, 0x0F, 0x00, 0x00, 0x3C, 0x00, 0x00, 0xF0, 0x00, 0x03, 0xC0, 0x00, 0x0F, 0x00, 0x00,
    0x3F, 0xFF, 0xFD, 0xFF, 0xFF, 0xF4, 0x70, 0x00, 0x00, 0x78, 0x00, 0x00, 0x3C, 0x00, 0x00, 0x2E,
    0x00, 0x00, 0x0F, 0x00, 0x00, 0x0B, 0x40, 0x00, 0x03, 0xC0, 0x00, 0x03, 0xD0, 0x00, 0x01, 0xF0,
    0x00, 0x00, 0xF4, 0x00, 0x00, 0x78, 0x00, 0x00, 0x3C, 0x00, 0x00, 0x2E, 0x00, 0x00, 0x0F, 0x00,
    0x00, 0x0B, 0x80, 0x00, 0x03, 0xC0, 0x00, 0x02, 0xD0, 0x00, 0x01, 0xF0, 0x00, 0x00, 0xF4, 0x00,
    0x00, 0x7C, 0x00, 0x00, 0x3C, 0x00, 0x00, 0x1E, 0x00, 0x00, 0x0D, 0x3F, 0xFF, 0xFC, 0x3F, 0xFF,
    0xFC, 0x00, 0x00, 0x3C, 0x00, 0x00, 0x3C, 0x00, 0x00, 0x3C, 0x00, 0x00, 0x3C, 0x00, 0x00, 0x3C,
    0x00, 0x00, 0x3C, 0x00, 0x00, 0x3C, 0x00, 0x00, 0x3C, 0x00, 0x00, 0x3C, 0x00, 0x00, 0x3C, 0x00,
    0x00, 0x3C, 0x00, 0x00, 0x3C, 0x00, 0x00, 0x3C, 0x00, 0x00, 0x3C, 0x00, 0x00, 0x3C, 0x00, 0x00,
    0x3C, 0x00, 0x00, 0x3C, 0x00, 0x00, 0x3C, 0x00, 0x00, 0x3C, 0x00, 0x00, 0x3C, 0x00, 0x00, 0x3C,
    0x3F, 0xFF, 0xFC, 0x3F, 0xFF, 0xFC, 0x00, 0x01, 0xC0, 0x00, 0x00, 0x03, 0xE0, 0x00, 0x00, 0x0B,
    0xF0, 0x00, 0x00, 0x1F, 0x7C, 0x00, 0x00, 0x3C, 0x2D, 0x00, 0x00, 0xB8, 0x0F, 0x00, 0x00, 0xF0,
    0x0B, 0x80, 0x03, 0xD0, 0x03, 0xC0, 0x07, 0x80, 0x01, 0xF0, 0x0F, 0x00, 0x00, 0xF4, 0x2E, 0x00,
    0x00, 0x3C, 0x00, 0x00, 0x00, 0x00, 0x7F, 0xFF, 0xFF, 0xE7, 0xFF, 0xFF, 0xFE, 0x7D, 0x0B, 0xC0,
    0xB4, 0x0F, 0x06, 0xFF, 0x80, 0x0F, 0xFF, 0xFC, 0x02, 0x90, 0x1F, 0x40, 0x00, 0x01, 0xE0, 0x00,
    0x00, 0x3C, 0x00, 0x00, 0x0F, 0x00, 0x6F, 0xFF, 0xC0, 0xFF, 0xFF, 0xF0, 0xBD, 0x00, 0x7C, 0x3D,
    0x00, 0x1F, 0x0F, 0x40, 0x0B, 0xC3, 0xF0, 0x1F, 0xF0, 0x7F, 0xFF, 0x3F, 0x82, 0xFE, 0x0F, 0xE0,
    0xFF, 0x40, 0x00, 0x03, 0xFD, 0x00, 0x00, 0x00, 0xB4, 0x00, 0x00, 0x02, 0xD0, 0x00, 0x00, 0x0B,
    0x40, 0x00, 0x00, 0x2D, 0x2F, 0xF4, 0x00, 0xBB, 0xFF, 0xFC, 0x02, 0xFE, 0x02, 0xF8, 0x0B, 0xD0,
    0x01, 0xF0, 0x2E, 0x00, 0x03, 0xD0, 0xB4, 0x00, 0x0B, 0x82, 0xD0, 0x00, 0x2E, 0x0B, 0x40, 0x00,
    0xB8, 0x2D, 0x00, 0x03, 0xE0, 0xB4, 0x00, 0x0F, 0x42, 0xD0, 0x00, 0xBC, 0x0B, 0x90, 0x1B, 0xD0,
    0x2F, 0xFF, 0xFD, 0x00, 0x1B, 0xFF, 0x40, 0x00, 0x00, 0x7F, 0xF9, 0x00, 0x3F, 0xFF, 0xFC, 0x0F,
    0xD0, 0x07, 0xC2, 0xF0, 0x00, 0x3C, 0x3D, 0x00, 0x03, 0xC7, 0xC0, 0x00, 0x00, 0x7C, 0x00, 0x00,
    0x07, 0xC0, 0x00, 0x00, 0x3C, 0x00, 0x00, 0x03, 0xD0, 0x00, 0x00, 0x2F, 0x00, 0x00, 0x80, 0xFE,
    0x00, 0xBD, 0x03, 0xFF, 0xFF, 0x80, 0x06, 0xFF, 0x80, 0x00, 0x00, 0xBF, 0xC0, 0x00, 0x02, 0xFF,
    0x00, 0x00, 0x00, 0x7C, 0x00, 0x00, 0x01, 0xF0, 0x00, 0x00, 0x07, 0xC0, 0x01, 0xFF, 0xFF, 0x00,
    0x7F, 0xFF, 0xFC, 0x03, 0xF4, 0x06, 0xF0, 0x3E, 0x00, 0x07, 0xC0, 0xF0, 0x00, 0x1F, 0x07, 0xC0,
    0x00, 0x7C, 0x1F, 0x00, 0x01, 0xF0, 0x7C, 0x00, 0x07, 0xC1, 0xF0, 0x00, 0x1F, 0x03, 0xC0, 0x00,
    0xBC, 0x0F, 0x80, 0x03, 0xF0, 0x2F, 0x80, 0x7F, 0xC0, 0x3F, 0xFF, 0xCF, 0xF0, 0x1F, 0xF8, 0x2F,
    0xC0, 0x00, 0x6F, 0xF4, 0x00, 0x3F, 0xFF, 0xF0, 0x0F, 0x90, 0x1F, 0x82, 0xE0, 0x00, 0x3C, 0x3C,
    0x00, 0x02, 0xC3, 0xFF, 0xFF, 0xFD, 0x7F, 0xFF, 0xFF, 0xD7, 0xC0, 0x00, 0x00, 0x3C, 0x00, 0x00,
    0x03, 0xD0, 0x00, 0x00, 0x2F, 0x00, 0x01, 0x80, 0xFD, 0x01, 0xBC, 0x03, 0xFF, 0xFF, 0x40, 0x07,
    0xFE, 0x40, 0x00, 0x1B, 0xFD, 0x00, 0xBF, 0xFE, 0x00, 0xF8, 0x04, 0x01, 0xF0, 0x00, 0x01, 0xE0,
    0x00, 0xBF, 0xFF, 0xFD, 0xBF, 0xFF, 0xFD, 0x01, 0xE0, 0x00, 0x01, 0xE0, 0x00, 0x01, 0xE0, 0x00,
    0x01, 0xE0, 0x00, 0x01, 0xE0, 0x00, 0x01, 0xE0, 0x00, 0x01, 0xE0, 0x00, 0x01, 0xE0, 0x00, 0x01,
    0xE0, 0x00, 0x01, 0xE0, 0x00, 0xBF, 0xFF, 0xFD, 0xBF, 0xFF, 0xFD, 0x00, 0x6F, 0xFE, 0x40, 0x3F,
    0xFF, 0xFC, 0x0F, 0xD0, 0x07, 0xC1, 0xF0, 0x00, 0x3C, 0x3E, 0x00, 0x03, 0xC3, 0xC0, 0x00, 0x3C,
    0x3C, 0x00, 0x03, 0xC3, 0xC0, 0x00, 0x3C, 0x3C, 0x00, 0x03, 0xC3, 0xE0, 0x00, 0x3C, 0x2F, 0x00,
    0x0B, 0xC0, 0xFD, 0x02, 0xFC, 0x07, 0xFF, 0xFB, 0xC0, 0x0B, 0xFD, 0x3C, 0x00, 0x00, 0x03, 0xC0,
    0x00, 0x00, 0x3C, 0x00, 0x00, 0x0B, 0xC0, 0x74, 0x02, 0xF4, 0x0B, 0xFF, 0xFE, 0x00, 0x1B, 0xFE,
    0x00, 0xFF, 0x40, 0x00, 0x03, 0xFD, 0x00, 0x00, 0x00, 0xF4, 0x00, 0x00, 0x03, 0xD0, 0x00, 0x00,
    0x0F, 0x40, 0x00, 0x00, 0x3D, 0x1F, 0xF8, 0x00, 0xF7, 0xFF, 0xFC, 0x03, 0xFE, 0x01, 0xF8, 0x0F,
    0xD0, 0x01, 0xF0, 0x3E, 0x00, 0x03, 0xC0, 0xF4, 0x00, 0x0F, 0x03, 0xD0, 0x00, 0x3C, 0x0F, 0x40,
    0x00, 0xF0, 0x3D, 0x00, 0x03, 0xC0, 0xF4, 0x00, 0x0F, 0x03, 0xD0, 0x00, 0x3C, 0x0F, 0x40, 0x00,
    0xF0, 0x3D, 0x00, 0x03, 0xC0, 0xF4, 0x00, 0x0F, 0x00, 0x00, 0x2E, 0x00, 0x00, 0x0F, 0xD0, 0x00,
    0x02, 0xE0, 0x00, 0x00, 0x00, 0x00, 0x00, 0x00, 0x00, 0x0F, 0xFF, 0x80, 0x03, 0xFF, 0xE0, 0x00,
    0x00, 0x78, 0x00, 0x00, 0x1E, 0x00, 0x00, 0x07, 0x80, 0x00, 0x01, 0xE0, 0x00, 0x00, 0x78, 0x00,
    0x00, 0x1E, 0x00, 0x00, 0x07, 0x80, 0x00, 0x01, 0xE0, 0x00, 0x00, 0x78, 0x00, 0x00, 0x1E, 0x00,
    0x0F, 0xFF, 0xFF, 0xD3, 0xFF, 0xFF, 0xF4, 0x00, 0x02, 0xF0, 0x00, 0x0F, 0xD0, 0x00, 0x2F, 0x00,
    0x00, 0x00, 0x00, 0x00, 0x00, 0x7F, 0xFF, 0xC1, 0xFF, 0xFF, 0x00, 0x00, 0x3C, 0x00, 0x00, 0xF0,
    0x00, 0x03, 0xC0, 0x00, 0x0F, 0x00, 0x00, 0x3C, 0x00, 0x00, 0xF0, 0x00, 0x03, 0xC0, 0x00, 0x0F,
    0x00, 0x00, 0x3C, 0x00, 0x00, 0xF0, 0x00, 0x03, 0xC0, 0x00, 0x0F, 0x00, 0x00, 0x3C, 0x00, 0x00,
    0xF0, 0x00, 0x07, 0xC3, 0xD0, 0x7E, 0x0F, 0xFF, 0xF0, 0x07, 0xFD, 0x00, 0x7F, 0xC0, 0x00, 0x00,
    0x7F, 0xC0, 0x00, 0x00, 0x03, 0xC0, 0x00, 0x00, 0x03, 0xC0, 0x00, 0x00, 0x03, 0xC0, 0x00, 0x00,
    0x03, 0xC0, 0x02, 0xF0, 0x03, 0xC0, 0x0B, 0xC0, 0x03, 0xC0, 0x1F, 0x00, 0x03, 0xC0, 0x7D, 0x00,
    0x03, 0xC0, 0xF4, 0x00, 0x03, 0xC3, 0xE0, 0x00, 0x03, 0xFF, 0x80, 0x00, 0x03, 0xFF, 0xC0, 0x00,
    0x03, 0xC3, 0xF0, 0x00, 0x03, 0xC0, 0xFC, 0x00, 0x03, 0xC0, 0x3F, 0x00, 0x03, 0xC0, 0x0F, 0xC0,
    0x03, 0xC0, 0x03, 0xFC, 0x03, 0xC0, 0x00, 0xFC, 0x3F, 0xD0, 0x00, 0x3F, 0xD0, 0x00, 0x02, 0xD0,
    0x00, 0x02, 0xD0, 0x00, 0x02, 0xD0, 0x00, 0x02, 0xD0, 0x00, 0x02, 0xD0, 0x00, 0x02, 0xD0, 0x00,
    0x02, 0xD0, 0x00, 0x02, 0xD0, 0x00, 0x02, 0xD0, 0x00, 0x02, 0xD0, 0x00, 0x02, 0xD0, 0x00, 0x02,
    0xD0, 0x00, 0x02, 0xD0, 0x00, 0x02, 0xE0, 0x00, 0x01, 0xF4, 0x2C, 0x00, 0xFF, 0xFC, 0x00, 0x2F,
    0xE0, 0xE2, 0xF8, 0x2F, 0x83, 0xEF, 0xF6, 0xFF, 0x8F, 0xD1, 0xFD, 0x1F, 0x3E, 0x03, 0xE0, 0x3C,
    0xF0, 0x0F, 0x40, 0xF3, 0xC0, 0x3C, 0x03, 0xCF, 0x00, 0xF0, 0x0F, 0x3C, 0x03, 0xC0, 0x3C, 0xF0,
    0x0F, 0x00, 0xF3, 0xC0, 0x3C, 0x03, 0xCF, 0x00, 0xF0, 0x0F, 0x3C, 0x03, 0xC0, 0x3C, 0xF0, 0x0F,
    0x00, 0xF3, 0xC0, 0x3C, 0x03, 0xC0, 0xBF, 0x06, 0xFE, 0x02, 0xFD, 0xBF, 0xFF, 0x00, 0xBF, 0xD0,
    0x7E, 0x02, 0xF8, 0x00, 0xBC, 0x0B, 0xC0, 0x00, 0xF0, 0x1E, 0x00, 0x03, 0xC0, 0x78, 0x00, 0x0F,
    0x01, 0xE0, 0x00, 0x3C, 0x07, 0x80, 0x00, 0xF0, 0x1E, 0x00, 0x03, 0xC0, 0x78, 0x00, 0x0F, 0x01,
    0xE0, 0x00, 0x3C, 0x07, 0x80, 0x00, 0xF0, 0x1E, 0x00, 0x03, 0xC0, 0x00, 0xBF, 0xE0, 0x00, 0x7F,
    0xFF, 0xD0, 0x0F, 0x80, 0x2F, 0x43, 0xE0, 0x00, 0xBC, 0x3C, 0x00, 0x03, 0xD7, 0xC0, 0x00, 0x2E,
    0x7C, 0x00, 0x02, 0xE7, 0xC0, 0x00, 0x2E, 0x7C, 0x00, 0x02, 0xE3, 0xD0, 0x00, 0x3D, 0x3F, 0x00,
    0x07, 0xC0, 0xFD, 0x02, 0xF4, 0x07, 0xFF, 0xFE, 0x00, 0x0B, 0xFE, 0x00, 0x7F, 0x07, 0xFE, 0x01,
    0xFD, 0xBF, 0xFF, 0x40, 0xBF, 0x80, 0x7F, 0x01, 0xF8, 0x00, 0x3E, 0x07, 0xC0, 0x00, 0xB8, 0x1E,
    0x00, 0x01, 0xF0, 0x78, 0x00, 0x07, 0xC1, 0xE0, 0x00, 0x1F, 0x07, 0x80, 0x00, 0xBC, 0x1E, 0x00,
    0x03, 0xE0, 0x78, 0x00, 0x2F, 0x01, 0xF4, 0x02, 0xF4, 0x07, 0xFF, 0xFF, 0x40, 0x1F, 0xBF, 0xE0,
    0x00, 0x78, 0x00, 0x00, 0x01, 0xE0, 0x00, 0x00, 0x07, 0x80, 0x00, 0x00, 0x1E, 0x00, 0x00, 0x00,
    0x78, 0x00, 0x00, 0x01, 0xE0, 0x00, 0x00, 0x00, 0x6F, 0xFE, 0x41, 0xFF, 0xFF, 0xF0, 0xFD, 0x00,
    0xBC, 0xBC, 0x00, 0x0F, 0x3D, 0x00, 0x03, 0xDF, 0x00, 0x00, 0xF7, 0xC0, 0x00, 0x3D, 0xF0, 0x00,
    0x0F, 0x7C, 0x00, 0x03, 0xCF, 0x00, 0x01, 0xF3, 0xE0, 0x00, 0xFC, 0x7E, 0x01, 0xFF, 0x0B, 0xFF,
    0xFB, 0xC0, 0x6F, 0xE4, 0xF0, 0x00, 0x00, 0x3C, 0x00, 0x00, 0x0F, 0x00, 0x00, 0x03, 0xC0, 0x00,
    0x00, 0xF0, 0x00, 0x00, 0x3C, 0x00, 0x00, 0x0F, 0x3F, 0xF0, 0x7F, 0x80, 0xFF, 0xDF, 0xFF, 0x80,
    0x0B, 0xF8, 0x1F, 0x00, 0x2F, 0x00, 0x3C, 0x00, 0xB8, 0x00, 0xF0, 0x02, 0xE0, 0x00, 0x00, 0x0B,
    0x80, 0x00, 0x00, 0x2E, 0x00, 0x00, 0x00, 0xB8, 0x00, 0x00, 0x02, 0xE0, 0x00, 0x00, 0x0B, 0x80,
    0x00, 0x00, 0x2E, 0x00, 0x00, 0x3F, 0xFF, 0xFE, 0x00, 0xFF, 0xFF, 0xF8, 0x00, 0x02, 0xFF, 0x90,
    0x1F, 0xFF, 0xFD, 0x3F, 0x40, 0x7C, 0x3C, 0x00, 0x00, 0x3C, 0x00, 0x00, 0x2F, 0x90, 0x00, 0x0B,
    0xFF, 0x90, 0x00, 0x6F, 0xFC, 0x00, 0x00, 0x7E, 0x00, 0x00, 0x1F, 0x20, 0x00, 0x1F, 0x7E, 0x00,
    0x7D, 0x2F, 0xFF, 0xF8, 0x02, 0xFF, 0x90, 0x00, 0xB0, 0x00, 0x00, 0x03, 0xC0, 0x00, 0x00, 0x0F,
    0x00, 0x00, 0x0F, 0xFF, 0xFF, 0xF4, 0x3F, 0xFF, 0xFF, 0xD0, 0x03, 0xC0, 0x00, 0x00, 0x0F, 0x00,
    0x00, 0x00, 0x3C, 0x00, 0x00, 0x00, 0xF0, 0x00, 0x00, 0x03, 0xC0, 0x00, 0x00, 0x0F, 0x00, 0x00,
    0x00, 0x3C, 0x00, 0x00, 0x00, 0xF4, 0x00, 0x00, 0x02, 0xF0, 0x00, 0x00, 0x07, 0xE0, 0x0B, 0x00,
    0x0B, 0xFF, 0xFC, 0x00, 0x06, 0xFE, 0x40, 0x7F, 0x80, 0x0F, 0xE0, 0x7F, 0x80, 0x0F, 0xE0, 0x0B,
    0x80, 0x01, 0xE0, 0x0B, 0x80, 0x01, 0xE0, 0x0B, 0x80, 0x01, 0xE0, 0x0B, 0x80, 0x01, 0xE0, 0x0B,
    0x80, 0x01, 0xE0, 0x0B, 0x80, 0x01, 0xE0, 0x07, 0x80, 0x01, 0xE0, 0x07, 0x80, 0x03, 0xE0, 0x07,
    0xC0, 0x0B, 0xE0, 0x03, 0xE0, 0x2F, 0xF0, 0x02, 0xFF, 0xFC, 0xFE, 0x00, 0x7F, 0xD0, 0xFE, 0xBC,
    0x00, 0x02, 0xF0, 0xF0, 0x00, 0x0F, 0x43, 0xE0, 0x00, 0x7C, 0x07, 0xC0, 0x02, 0xE0, 0x0F, 0x40,
    0x0F, 0x00, 0x2F, 0x00, 0x7C, 0x00, 0x3C, 0x03, 0xD0, 0x00, 0xB8, 0x0F, 0x00, 0x01, 0xF0, 0xB8,
    0x00, 0x03, 0xD3, 0xC0, 0x00, 0x07, 0xDF, 0x00, 0x00, 0x0F, 0xF4, 0x00, 0x00, 0x2F, 0xC0, 0x00,
    0x00, 0x3E, 0x00, 0x00, 0xB4, 0x00, 0x00, 0x0F, 0x78, 0x00, 0x00, 0x1E, 0x3C, 0x00, 0x00, 0x1D,
    0x3C, 0x03, 0xD0, 0x2D, 0x3C, 0x03, 0xE0, 0x3C, 0x2D, 0x0B, 0xF0, 0x3C, 0x1E, 0x0F, 0xB4, 0x38,
    0x0F, 0x0F, 0x78, 0x78, 0x0F, 0x2D, 0x3C, 0xB4, 0x0F, 0x3C, 0x2D, 0xB0, 0x0B, 0xB8, 0x1F, 0xF0,
    0x07, 0xF4, 0x0F, 0xF0, 0x03, 0xF0, 0x0B, 0xE0, 0x03, 0xE0, 0x07, 0xD0, 0x3E, 0x00, 0x03, 0xD0,
    0xF4, 0x00, 0xF4, 0x07, 0xC0, 0x2E, 0x00, 0x2F, 0x07, 0xC0, 0x00, 0xF8, 0xF0, 0x00, 0x03, 0xFD,
    0x00, 0x00, 0x1F, 0x80, 0x00, 0x02, 0xFC, 0x00, 0x00, 0x7E, 0xF0, 0x00, 0x1F, 0x0F, 0x80, 0x03,
    0xD0, 0x7D, 0x00, 0xF8, 0x02, 0xF0, 0x2F, 0x00, 0x0F, 0xC7, 0xC0, 0x00, 0x3E, 0xBC, 0x00, 0x01,
    0xF3, 0xD0, 0x00, 0x2E, 0x3E, 0x00, 0x03, 0xC1, 0xF0, 0x00, 0x3C, 0x0F, 0x40, 0x07, 0x80, 0xBC,
    0x00, 0xF4, 0x03, 0xC0, 0x0F, 0x00, 0x2E, 0x01, 0xE0, 0x01, 0xF0, 0x2D, 0x00, 0x0F, 0x43, 0xC0,
    0x00, 0xBC, 0x3C, 0x00, 0x03, 0xC7, 0x80, 0x00, 0x2F, 0xF4, 0x00, 0x01, 0xFF, 0x00, 0x00, 0x01,
    0xE0, 0x00, 0x00, 0x2D, 0x00, 0x00, 0x03, 0xC0, 0x00, 0x50, 0xF8, 0x00, 0x0F, 0xFF, 0x00, 0x00,
    0x7F, 0x80, 0x00, 0xBF, 0xFF, 0xFF, 0xBF, 0xFF, 0xFF, 0x00, 0x00, 0x3D, 0x00, 0x00, 0xF8, 0x00,
    0x03, 0xE0, 0x00, 0x0F, 0x80, 0x00, 0x2E, 0x00, 0x00, 0xBC, 0x00, 0x02, 0xF0, 0x00, 0x07, 0xC0,
    0x00, 0x1F, 0x00, 0x00, 0x7C, 0x00, 0x00, 0xBF, 0xFF, 0xFF, 0xBF, 0xFF, 0xFF, 0x00, 0x0B, 0xFF,
    0x00, 0x0F, 0xFF, 0xC0, 0x0B, 0xD0, 0x00, 0x03, 0xD0, 0x00, 0x00, 0xF0, 0x00, 0x00, 0x3C, 0x00,
    0x00, 0x0F, 0x00, 0x00, 0x03, 0xC0, 0x00, 0x01, 0xF0, 0x00, 0x00, 0xF4, 0x00, 0x01, 0xF8, 0x00,
    0x03, 0xF4, 0x00, 0x00, 0xFE, 0x00, 0x00, 0x07, 0xE0, 0x00, 0x00, 0x3D, 0x00, 0x00, 0x0B, 0xC0,
    0x00, 0x00, 0xF0, 0x00, 0x00, 0x3C, 0x00, 0x00, 0x0F, 0x00, 0x00, 0x03, 0xC0, 0x00, 0x00, 0xF0,
    0x00, 0x00, 0x3D, 0x00, 0x00, 0x0B, 0xD0, 0x00, 0x00, 0xFF, 0xFC, 0x00, 0x0B, 0xFF, 0x00, 0xF3,
    0xCF, 0x3C, 0xF3, 0xCF, 0x3C, 0xF3, 0xCF, 0x3C, 0xF3, 0xCF, 0x3C, 0xF3, 0xCF, 0x3C, 0xF3, 0xCF,
    0x00, 0xFF, 0xE0, 0x00, 0x3F, 0xFF, 0x40, 0x00, 0x03, 0xF0, 0x00, 0x00, 0x3C, 0x00, 0x00, 0x0F,
    0x40, 0x00, 0x03, 0xD0, 0x00, 0x00, 0xF4, 0x00, 0x00, 0x3D, 0x00, 0x00, 0x0B, 0x80, 0x00, 0x01,
    0xF0, 0x00, 0x00, 0x2F, 0x40, 0x00, 0x01, 0xFC, 0x00, 0x00, 0x7F, 0x00, 0x00, 0x7D, 0x00, 0x00,
    0x3D, 0x00, 0x00, 0x2E, 0x00, 0x00, 0x0F, 0x40, 0x00, 0x03, 0xD0, 0x00, 0x00, 0xF4, 0x00, 0x00,
    0x3D, 0x00, 0x00, 0x0F, 0x40, 0x00, 0x03, 0xC0, 0x00, 0x07, 0xF0, 0x03, 0xFF, 0xF4, 0x00, 0xFF,
    0xF4, 0x00, 0x00, 0x1B, 0xF8, 0x09, 0x2F, 0xFF, 0xFF, 0xC6, 0x41, 0xBF, 0x80, 0x3D, 0x7E, 0x3D,
    0x00, 0x00, 0x2C, 0x2C, 0x3C, 0x3C, 0x3C, 0x3C, 0x3C, 0x3C, 0x3C, 0x3C, 0x3C, 0x3C, 0x3C, 0x3C,
    0x3C, 0x00, 0x0F, 0x00, 0x00, 0x0F, 0x00, 0x00, 0xBF, 0xF8, 0x07, 0xFF, 0xFE, 0x1F, 0x8E, 0x18,
    0x3E, 0x0A, 0x00, 0x7C, 0x0A, 0x00, 0xB8, 0x0A, 0x00, 0xB8, 0x0A, 0x00, 0xB8, 0x0A, 0x00, 0xB8,
    0x0A, 0x00, 0x7C, 0x0A, 0x00, 0x3E, 0x0A, 0x00, 0x1F, 0x8A, 0x09, 0x0B, 0xFF, 0xFF, 0x01, 0xBF,
    0xF8, 0x00, 0x0F, 0x00, 0x00, 0x0F, 0x00, 0x00, 0xBF, 0xF8, 0x01, 0xFF, 0xFF, 0x40, 0xF8, 0x01,
    0x80, 0xBC, 0x00, 0x00, 0x3D, 0x00, 0x00, 0x0F, 0x40, 0x00, 0x03, 0xD0, 0x00, 0x00, 0xB8, 0x00,
    0x00, 0x1F, 0x00, 0x00, 0x3F, 0xFF, 0xE0, 0x0F, 0xFF, 0xF8, 0x00, 0x0F, 0x00, 0x00, 0x03, 0xD0,
    0x00, 0x00, 0xB8, 0x00, 0x00, 0x3D, 0x00, 0x00, 0x0F, 0x00, 0x00, 0x1F, 0x40, 0x00, 0x3F, 0xFF,
    0xFF, 0xCF, 0xFF, 0xFF, 0xF0, 0x20, 0x00, 0x00, 0xC7, 0xD0, 0x00, 0x3E, 0x1F, 0x6F, 0x9F, 0x80,
    0x7F, 0xFF, 0xE0, 0x03, 0xD0, 0x7C, 0x00, 0x78, 0x01, 0xE0, 0x0B, 0x40, 0x0E, 0x00, 0x78, 0x01,
    0xE0, 0x03, 0xD0, 0x7C, 0x00, 0x7F, 0xFF, 0xE0, 0x1F, 0x6F, 0xDF, 0x87, 0xC0, 0x00, 0x3E, 0x20,
    0x00, 0x00, 0xC0, 0x3E, 0x00, 0x00, 0x3C, 0x1F, 0x00, 0x00, 0xB8, 0x0F, 0x80, 0x00, 0xF0, 0x07,
    0xC0, 0x03, 0xE0, 0x03, 0xE0, 0x07, 0xC0, 0x00, 0xF0, 0x0F, 0x40, 0x00, 0xBC, 0x1F, 0x00, 0x00,
    0x3D, 0x3D, 0x00, 0x00, 0x2F, 0x7C, 0x00, 0x00, 0x0F, 0xF0, 0x00, 0x01, 0xFF, 0xFF, 0x80, 0x01,
    0xFF, 0xFF, 0x80, 0x00, 0x03, 0xC0, 0x00, 0x00, 0x03, 0xC0, 0x00, 0x01, 0xFF, 0xFF, 0x80, 0x01,
    0xFF, 0xFF, 0x80, 0x00, 0x03, 0xC0, 0x00, 0x00, 0x03, 0xC0, 0x00, 0x00, 0x03, 0xC0, 0x00, 0xF3,
    0xCF, 0x3C, 0xF3, 0xCF, 0x3C, 0xF0, 0x00, 0x00, 0x03, 0xCF, 0x3C, 0xF3, 0xCF, 0x3C, 0xF3, 0xCF,
    0x00, 0x01, 0xBF, 0x90, 0x07, 0xFF, 0xF0, 0x0F, 0x80, 0x70, 0x0F, 0x00, 0x00, 0x0F, 0x80, 0x00,
    0x07, 0xF8, 0x00, 0x07, 0xFF, 0xD0, 0x1F, 0x47, 0xF8, 0x3D, 0x00, 0x7C, 0x3C, 0x00, 0x3C, 0x3E,
    0x00, 0x3C, 0x1F, 0xD0, 0xF8, 0x07, 0xFF, 0xE0, 0x00, 0x1F, 0xD0, 0x00, 0x01, 0xF0, 0x00, 0x00,
    0xF0, 0x09, 0x01, 0xF0, 0x0F, 0xFF, 0xE0, 0x06, 0xFF, 0x40, 0x3C, 0x03, 0xC7, 0xE0, 0x7E, 0x3C,
    0x03, 0xC0, 0x00, 0xBF, 0xE0, 0x00, 0x1E, 0x00, 0xB8, 0x01, 0xD0, 0x00, 0x38, 0x0D, 0x0B, 0xE0,
    0x70, 0x70, 0xBF, 0xC0, 0xE2, 0x83, 0xC0, 0x02, 0xCE, 0x0E, 0x00, 0x07, 0x38, 0x38, 0x00, 0x1C,
    0xA0, 0xF4, 0x00, 0xB1, 0xC2, 0xFF, 0x03, 0x83, 0x42, 0xF8, 0x1C, 0x07, 0x40, 0x00, 0xE0, 0x0B,
    0x80, 0x2E, 0x00, 0x02, 0xFF, 0x80, 0x00, 0x2F, 0xF8, 0x0F, 0xFF, 0x80, 0x00, 0xF0, 0x2F, 0xFC,
    0x3F, 0xFF, 0x2E, 0x03, 0xCF, 0x42, 0xF1, 0xFF, 0xFC, 0x2F, 0xCB, 0x00, 0x00, 0x24, 0x01, 0x80,
    0x0B, 0xC0, 0x3D, 0x01, 0xF0, 0x0F, 0x80, 0x3D, 0x02, 0xF0, 0x0F, 0x80, 0xBC, 0x03, 0xF0, 0x1F,
    0x40, 0x7C, 0x03, 0xE0, 0x03, 0xF0, 0x1F, 0x40, 0x0F, 0x80, 0x7C, 0x00, 0x3E, 0x02, 0xF0, 0x01,
    0xF4, 0x0F, 0xC0, 0x07, 0xC0, 0x3E, 0x00, 0x24, 0x00, 0x80, 0xBF, 0xFF, 0xFF, 0xBF, 0xFF, 0xFF,
    0x00, 0x00, 0x0F, 0x00, 0x00, 0x0F, 0x00, 0x00, 0x0F, 0x3F, 0xFD, 0x3F, 0xFD, 0x00, 0x2F, 0xF9,
    0x00, 0x02, 0xFF, 0xFF, 0x80, 0x0B, 0xD0, 0x07, 0xE0, 0x0F, 0x2F, 0xE0, 0xF4, 0x2C, 0x28, 0x38,
    0x3C, 0x3C, 0x28, 0x38, 0x2C, 0x38, 0x2F, 0xE0, 0x2C, 0x38, 0x28, 0xF0, 0x2C, 0x3C, 0x28, 0x38,
    0x2C, 0x2D, 0x28, 0x1D, 0x3C, 0x0F, 0x00, 0x00, 0xB4, 0x0B, 0xE0, 0x07, 0xE0, 0x02, 0xFF, 0xFF,
    0x80, 0x00, 0x2F, 0xF9, 0x00, 0xFF, 0xFF, 0x3F, 0xFF, 0xC0, 0x0B, 0xE0, 0x3F, 0xFC, 0x78, 0x2E,
    0xB0, 0x0F, 0xB0, 0x0F, 0x78, 0x2E, 0x3F, 0xFC, 0x0B, 0xE0, 0x00, 0x3C, 0x00, 0x00, 0x3C, 0x00,
    0x00, 0x3C, 0x00, 0x00, 0x3C, 0x00, 0x00, 0x3C, 0x00, 0xBF, 0xFF, 0xFF, 0xBF, 0xFF, 0xFF, 0x00,
    0x3C, 0x00, 0x00, 0x3C, 0x00, 0x00, 0x3C, 0x00, 0x00, 0x3C, 0x00, 0x00, 0x00, 0x00, 0xBF, 0xFF,
    0xFF, 0xBF, 0xFF, 0xFF, 0x07, 0xF8, 0x07, 0xFF, 0xF4, 0x34, 0x0B, 0xC0, 0x00, 0x3C, 0x00, 0x03,
    0xC0, 0x00, 0x78, 0x00, 0x1F, 0x00, 0x0B, 0xC0, 0x07, 0xE0, 0x02, 0xE0, 0x00, 0xFF, 0xFF, 0xEF,
    0xFF, 0xFE, 0x0F, 0xFF, 0xF4, 0x3F, 0xFF, 0xD0, 0x00, 0x2E, 0x00, 0x02, 0xD0, 0x00, 0x2D, 0x00,
    0x01, 0xFE, 0x00, 0x0B, 0xFF, 0x00, 0x00, 0x2E, 0x14, 0x00, 0x38, 0xF9, 0x02, 0xE1, 0xFF, 0xFF,
    0x00, 0xBF, 0xE0, 0x0F, 0x8B, 0xC3, 0xC1, 0xC0, 0xB4, 0x00, 0x2E, 0x0B, 0x40, 0x02, 0xE0, 0xB4,
    0x00, 0x2E, 0x0B, 0x40, 0x02, 0xE0, 0xB4, 0x00, 0x2E, 0x0B, 0x40, 0x02, 0xE0, 0xB4, 0x00, 0x2E,
    0x0B, 0x40, 0x02, 0xE0, 0xB4, 0x00, 0x2E, 0x0B, 0x80, 0x03, 0xE0, 0xBC, 0x00, 0xBE, 0x0B, 0xE0,
    0x2F, 0xE0, 0xBF, 0xFF, 0xDF, 0xDB, 0x6F, 0xD0, 0xFD, 0xB4, 0x00, 0x00, 0x0B, 0x40, 0x00, 0x00,
    0xB4, 0x00, 0x00, 0x0B, 0x40, 0x00, 0x00, 0xB4, 0x00, 0x00, 0x0B, 0x40, 0x00, 0x00, 0x07, 0xF0,
    0xB0, 0x7F, 0xC2, 0xC3, 0xFF, 0x0B, 0x2F, 0xFC, 0x2C, 0xFF, 0xF0, 0xB3, 0xFF, 0xC2, 0xCF, 0xFF,
    0x0B, 0x2F, 0xFC, 0x2C, 0x3F, 0xF0, 0xB0, 0xBF, 0xC2, 0xC0, 0xBF, 0x0B, 0x00, 0x3C, 0x2C, 0x00,
    0xF0, 0xB0, 0x03, 0xC2, 0xC0, 0x0F, 0x0B, 0x00, 0x3C, 0x2C, 0x00, 0xF0, 0xB0, 0x03, 0xC2, 0xC0,
    0x0F, 0x0B, 0x00, 0x3C, 0x2C, 0x00, 0xF0, 0xB0, 0x03, 0xC2, 0xC0, 0x0F, 0x0B, 0x00, 0x3D, 0xBF,
    0xBF, 0x3D, 0x0E, 0x02, 0xF4, 0x07, 0xC0, 0x2D, 0x03, 0xC3, 0xE0, 0x00, 0xB4, 0x00, 0x2F, 0xD0,
    0x07, 0xFB, 0x40, 0x0D, 0x1D, 0x00, 0x00, 0x74, 0x00, 0x01, 0xD0, 0x00, 0x07, 0x40, 0x00, 0x1D,
    0x00, 0x00, 0x74, 0x00, 0x01, 0xD0, 0x07, 0xFF, 0xFF, 0x1F, 0xFF, 0xFC, 0x02, 0xFD, 0x00, 0xFF,
    0xF4, 0x2E, 0x07, 0xC3, 0xC0, 0x3C, 0x3C, 0x03, 0xD3, 0xC0, 0x3C, 0x3E, 0x07, 0xC1, 0xFF, 0xF4,
    0x06, 0xFD, 0x00, 0x28, 0x00, 0xC0, 0x03, 0xD0, 0x2F, 0x00, 0x1F, 0x00, 0xF8, 0x00, 0xBC, 0x03,
    0xD0, 0x03, 0xE0, 0x1F, 0x00, 0x0F, 0x80, 0xBC, 0x00, 0x7C, 0x03, 0xE0, 0x0F, 0x80, 0xBC, 0x03,
    0xE0, 0x1F, 0x00, 0xFC, 0x07, 0xD0, 0x2F, 0x00, 0xF4, 0x07, 0xC0, 0x3E, 0x00, 0x24, 0x01, 0x80,
    0x00, 0x01, 0xC0, 0x02, 0x80, 0x1F, 0x00, 0x0D, 0x02, 0xFC, 0x00, 0x70, 0x09, 0x70, 0x03, 0x80,
    0x01, 0xC0, 0x1C, 0x00, 0x07, 0x00, 0xE0, 0x00, 0x1C, 0x07, 0x00, 0x00, 0x70, 0x2C, 0x34, 0x01,
    0xC0, 0xD2, 0xD0, 0x07, 0x0B, 0x0F, 0x40, 0x1C, 0x34, 0xBD, 0x00, 0x02, 0xC3, 0x74, 0x00, 0x0E,
    0x28, 0xD0, 0x00, 0x71, 0xC3, 0x40, 0x03, 0x8B, 0xFF, 0xC0, 0x1C, 0x3F, 0xFF, 0x00, 0xE0, 0x00,
    0xD0, 0x07, 0x40, 0x03, 0x40, 0x18, 0x00, 0x0D, 0x00, 0x01, 0xC0, 0x03, 0x40, 0x07, 0xC0, 0x07,
    0x00, 0x2F, 0xC0, 0x0E, 0x00, 0x25, 0xC0, 0x0D, 0x00, 0x01, 0xC0, 0x2C, 0x00, 0x01, 0xC0, 0x34,
    0x00, 0x01, 0xC0, 0xB0, 0x00, 0x01, 0xC0, 0xDB, 0xE0, 0x01, 0xC2, 0xCF, 0xF8, 0x01, 0xC3, 0x80,
    0x38, 0x01, 0xC7, 0x00, 0x38, 0x00, 0x0E, 0x00, 0x38, 0x00, 0x1C, 0x00, 0x34, 0x00, 0x3C, 0x00,
    0xB0, 0x00, 0x34, 0x00, 0xD0, 0x00, 0xB0, 0x03, 0x80, 0x00, 0xD0, 0x0B, 0x00, 0x02, 0xC0, 0x0F,
    0xFC, 0x02, 0x80, 0x0F, 0xFC, 0xBF, 0xC0, 0x06, 0x0B, 0xFC, 0x00, 0xE0, 0x07, 0x00, 0x1D, 0x00,
    0xD0, 0x02, 0xC0, 0x3F, 0x40, 0x34, 0x03, 0xFC, 0x0B, 0x00, 0x02, 0xC0, 0xD0, 0x00, 0x1D, 0x2C,
    0x34, 0x01, 0xC3, 0x8B, 0x40, 0x3C, 0x70, 0xF4, 0xBF, 0x8E, 0x2F, 0x4B, 0xE1, 0xC3, 0x74, 0x00,
    0x3C, 0xA3, 0x40, 0x03, 0x5C, 0x34, 0x00, 0xB2, 0xFF, 0xF0, 0x0D, 0x3F, 0xFF, 0x02, 0xC0, 0x03,
    0x40, 0x38, 0x00, 0x34, 0x03, 0x00, 0x03, 0x40, 0x00, 0x1F, 0x00, 0x00, 0x0B, 0xD0, 0x00, 0x01,
    0xF0, 0x00, 0x00, 0x00, 0x00, 0x00, 0x00, 0x00, 0x00, 0x03, 0xC0, 0x00, 0x00, 0xF0, 0x00, 0x00,
    0xB8, 0x00, 0x00, 0xBC, 0x00, 0x00, 0xBC, 0x00, 0x00, 0xBC, 0x00, 0x00, 0xBC, 0x00, 0x00, 0x7C,
    0x00, 0x00, 0x2E, 0x00, 0x00, 0x0F, 0x40, 0x00, 0x03, 0xE0, 0x00, 0x00, 0xBC, 0x00, 0x07, 0x0F,
    0xD0, 0x1B, 0xD1, 0xFF, 0xFF, 0xD0, 0x0B, 0xFF, 0x40, 0x00, 0xFD, 0x00, 0x00, 0x00, 0x1F, 0x80,
    0x00, 0x00, 0x02, 0xE0, 0x00, 0x00, 0x00, 0x00, 0x00, 0x00, 0x07, 0xE0, 0x00, 0x00, 0x0F, 0xF0,
    0x00, 0x00, 0x0F, 0xF0, 0x00, 0x00, 0x1E, 0xB8, 0x00, 0x00, 0x2D, 0x7C, 0x00, 0x00, 0x3C, 0x3C,
    0x00, 0x00, 0x7C, 0x2E, 0x00, 0x00, 0xB4, 0x1F, 0x00, 0x00, 0xF0, 0x0F, 0x00, 0x01, 0xF0, 0x0B,
    0x80, 0x02, 0xE0, 0x07, 0xC0, 0x03, 0xC0, 0x03, 0xC0, 0x07, 0xFF, 0xFF, 0xE0, 0x0B, 0xFF, 0xFF,
    0xF0, 0x0F, 0x00, 0x00, 0xF4, 0x1F, 0x00, 0x00, 0xF8, 0x2E, 0x00, 0x00, 0x7C, 0x3C, 0x00, 0x00,
    0x3D, 0x7C, 0x00, 0x00, 0x3E, 0x00, 0x00, 0x7F, 0x00, 0x00, 0x01, 0xF4, 0x00, 0x00, 0x0B, 0x80,
    0x00, 0x00, 0x00, 0x00, 0x00, 0x00, 0x07, 0xE0, 0x00, 0x00, 0x0F, 0xF0, 0x00, 0x00, 0x0F, 0xF0,
    0x00, 0x00, 0x1E, 0xB8, 0x00, 0x00, 0x2D, 0x7C, 0x00, 0x00, 0x3C, 0x3C, 0x00, 0x00, 0x7C, 0x2E,
    0x00, 0x00, 0xB4, 0x1F, 0x00, 0x00, 0xF0, 0x0F, 0x00, 0x01, 0xF0, 0x0B, 0x80, 0x02, 0xE0, 0x07,
    0xC0, 0x03, 0xC0, 0x03, 0xC0, 0x07, 0xFF, 0xFF, 0xE0, 0x0B, 0xFF, 0xFF, 0xF0, 0x0F, 0x00, 0x00,
    0xF4, 0x1F, 0x00, 0x00, 0xF8, 0x2E, 0x00, 0x00, 0x7C, 0x3C, 0x00, 0x00, 0x3D, 0x7C, 0x00, 0x00,
    0x3E, 0x00, 0x03, 0xD0, 0x00, 0x00, 0x0F, 0xF4, 0x00, 0x00, 0x7E, 0x7D, 0x00, 0x01, 0xF4, 0x1F,
    0x40, 0x00, 0x00, 0x00, 0x00, 0x00, 0x07, 0xE0, 0x00, 0x00, 0x0F, 0xF0, 0x00, 0x00, 0x0F, 0xF0,
    0x00, 0x00, 0x1E, 0xB8, 0x00, 0x00, 0x2D, 0x7C, 0x00, 0x00, 0x3C, 0x3C, 0x00, 0x00, 0x7C, 0x2E,
    0x00, 0x00, 0xB4, 0x1F, 0x00, 0x00, 0xF0, 0x0F, 0x00, 0x01, 0xF0, 0x0B, 0x80, 0x02, 0xE0, 0x07,
    0xC0, 0x03, 0xC0, 0x03, 0xC0, 0x07, 0xFF, 0xFF, 0xE0, 0x0B, 0xFF, 0xFF, 0xF0, 0x0F, 0x00, 0x00,
    0xF4, 0x1F, 0x00, 0x00, 0xF8, 0x2E, 0x00, 0x00, 0x7C, 0x3C, 0x00, 0x00, 0x3D, 0x7C, 0x00, 0x00,
    0x3E, 0x00, 0x7F, 0x82, 0x00, 0x01, 0xFF, 0xFF, 0x40, 0x00, 0x81, 0xBE, 0x00, 0x00, 0x00, 0x00,
    0x00, 0x00, 0x07, 0xE0, 0x00, 0x00, 0x0F, 0xF0, 0x00, 0x00, 0x0F, 0xF0, 0x00, 0x00, 0x1E, 0xB8,
    0x00, 0x00, 0x2D, 0x7C, 0x00, 0x00, 0x3C, 0x3C, 0x00, 0x00, 0x7C, 0x2E, 0x00, 0x00, 0xB4, 0x1F,
    0x00, 0x00, 0xF0, 0x0F, 0x00, 0x01, 0xF0, 0x0B, 0x80, 0x02, 0xE0, 0x07, 0xC0, 0x03, 0xC0, 0x03,
    0xC0, 0x07, 0xFF, 0xFF, 0xE0, 0x0B, 0xFF, 0xFF, 0xF0, 0x0F, 0x00, 0x00, 0xF4, 0x1F, 0x00, 0x00,
    0xF8, 0x2E, 0x00, 0x00, 0x7C, 0x3C, 0x00, 0x00, 0x3D, 0x7C, 0x00, 0x00, 0x3E, 0x00, 0xF4, 0x0F,
    0x40, 0x02, 0xF8, 0x1F, 0x80, 0x00, 0xF4, 0x0F, 0x40, 0x00, 0x00, 0x00, 0x00, 0x00, 0x07, 0xE0,
    0x00, 0x00, 0x0F, 0xF0, 0x00, 0x00, 0x0F, 0xF0, 0x00, 0x00, 0x1E, 0xB8, 0x00, 0x00, 0x2D, 0x7C,
    0x00, 0x00, 0x3C, 0x3C, 0x00, 0x00, 0x7C, 0x2E, 0x00, 0x00, 0xB4, 0x1F, 0x00, 0x00, 0xF0, 0x0F,
    0x00, 0x01, 0xF0, 0x0B, 0x80, 0x02, 0xE0, 0x07, 0xC0, 0x03, 0xC0, 0x03, 0xC0, 0x07, 0xFF, 0xFF,
    0xE0, 0x0B, 0xFF, 0xFF, 0xF0, 0x0F, 0x00, 0x00, 0xF4, 0x1F, 0x00, 0x00, 0xF8, 0x2E, 0x00, 0x00,
    0x7C, 0x3C, 0x00, 0x00, 0x3D, 0x7C, 0x00, 0x00, 0x3E, 0x00, 0x0B, 0xF0, 0x00, 0x00, 0x2C, 0x3C,
    0x00, 0x00, 0x2C, 0x3C, 0x00, 0x00, 0x0F, 0xF0, 0x00, 0x00, 0x03, 0xC0, 0x00, 0x00, 0x03, 0xD0,
    0x00, 0x00, 0x0B, 0xE0, 0x00, 0x00, 0x0F, 0xF0, 0x00, 0x00, 0x1E, 0xB4, 0x00, 0x00, 0x2D, 0x7C,
    0x00, 0x00, 0x3C, 0x3C, 0x00, 0x00, 0x78, 0x2E, 0x00, 0x00, 0xF4, 0x1F, 0x00, 0x00, 0xF0, 0x0F,
    0x40, 0x02, 0xE0, 0x0B, 0x80, 0x03, 0xD0, 0x07, 0xC0, 0x03, 0xFF, 0xFF, 0xD0, 0x0B, 0xFF, 0xFF,
    0xF0, 0x0F, 0x40, 0x01, 0xF0, 0x1F, 0x00, 0x00, 0xF4, 0x2E, 0x00, 0x00, 0xBC, 0x3C, 0x00, 0x00,
    0x3C, 0x7C, 0x00, 0x00, 0x3E, 0x00, 0x01, 0xFF, 0xFD, 0x00, 0x02, 0xFF, 0xFD, 0x00, 0x03, 0xF4,
    0x00, 0x00, 0x07, 0xF4, 0x00, 0x00, 0x0F, 0xF4, 0x00, 0x00, 0x0E, 0xB4, 0x00, 0x00, 0x2D, 0xB4,
    0x00, 0x00, 0x3C, 0xB4, 0x00, 0x00, 0x78, 0xBF, 0xFC, 0x00, 0xF4, 0xBF, 0xFC, 0x00, 0xF0, 0xB4,
    0x00, 0x02, 0xE0, 0xB4, 0x00, 0x03, 0xFF, 0xF4, 0x00, 0x07, 0xFF, 0xF4, 0x00, 0x0B, 0x80, 0xB4,
    0x00, 0x0F, 0x00, 0xB4, 0x00, 0x1F, 0x00, 0xB4, 0x00, 0x3D, 0x00, 0xBF, 0xFD, 0x7C, 0x00, 0xBF,
    0xFD, 0x00, 0x1B, 0xFF, 0x40, 0x0F, 0xFF, 0xFD, 0x03, 0xF8, 0x02, 0xD0, 0xFC, 0x00, 0x2D, 0x1F,
    0x40, 0x02, 0xD2, 0xF0, 0x00, 0x00, 0x3E, 0x00, 0x00, 0x03, 0xD0, 0x00, 0x00, 0x3C, 0x00, 0x00,
    0x03, 0xC0, 0x00, 0x00, 0x3C, 0x00, 0x00, 0x03, 0xD0, 0x00, 0x00, 0x3E, 0x00, 0x00, 0x02, 0xF0,
    0x00, 0x00, 0x1F, 0x40, 0x01, 0xE0, 0xFD, 0x00, 0x1E, 0x03, 0xF8, 0x02, 0xE0, 0x0F, 0xFF, 0xFE,
    0x00, 0x1F, 0xFE, 0x40, 0x00, 0x1D, 0x00, 0x00, 0x03, 0xF4, 0x00, 0x00, 0x0B, 0xC0, 0x00, 0x00,
    0x3C, 0x00, 0x00, 0x03, 0xC0, 0x00, 0x03, 0xE0, 0x00, 0x0B, 0xF0, 0x00, 0x00, 0x7F, 0x00, 0x00,
    0x01, 0xF0, 0x00, 0x00, 0x00, 0x00, 0x3F, 0xFF, 0xFF, 0x0F, 0xFF, 0xFF, 0xC3, 0xC0, 0x00, 0x00,
    0xF0, 0x00, 0x00, 0x3C, 0x00, 0x00, 0x0F, 0x00, 0x00, 0x03, 0xC0, 0x00, 0x00, 0xF0, 0x00, 0x00,
    0x3F, 0xFF, 0xFD, 0x0F, 0xFF, 0xFF, 0x43, 0xC0, 0x00, 0x00, 0xF0, 0x00, 0x00, 0x3C, 0x00, 0x00,
    0x0F, 0x00, 0x00, 0x03, 0xC0, 0x00, 0x00, 0xF0, 0x00, 0x00, 0x3C, 0x00, 0x00, 0x0F, 0xFF, 0xFF,
    0xC3, 0xFF, 0xFF, 0xF0, 0x00, 0x03, 0xF4, 0x00, 0x03, 0xE0, 0x00, 0x03, 0xD0, 0x00, 0x00, 0x00,
    0x00, 0x3F, 0xFF, 0xFF, 0x0F, 0xFF, 0xFF, 0xC3, 0xC0, 0x00, 0x00, 0xF0, 0x00, 0x00, 0x3C, 0x00,
    0x00, 0x0F, 0x00, 0x00, 0x03, 0xC0, 0x00, 0x00, 0xF0, 0x00, 0x00, 0x3F, 0xFF, 0xFD, 0x0F, 0xFF,
    0xFF, 0x43, 0xC0, 0x00, 0x00, 0xF0, 0x00, 0x00, 0x3C, 0x00, 0x00, 0x0F, 0x00, 0x00, 0x03, 0xC0,
    0x00, 0x00, 0xF0, 0x00, 0x00, 0x3C, 0x00, 0x00, 0x0F, 0xFF, 0xFF, 0xC3, 0xFF, 0xFF, 0xF0, 0x00,
    0x3E, 0x00, 0x00, 0x3F, 0xE0, 0x00, 0x3F, 0x3E, 0x00, 0x3E, 0x03, 0xE0, 0x00, 0x00, 0x00, 0x0F,
    0xFF, 0xFF, 0xC3, 0xFF, 0xFF, 0xF0, 0xF0, 0x00, 0x00, 0x3C, 0x00, 0x00, 0x0F, 0x00, 0x00, 0x03,
    0xC0, 0x00, 0x00, 0xF0, 0x00, 0x00, 0x3C, 0x00, 0x00, 0x0F, 0xFF, 0xFF, 0x43, 0xFF, 0xFF, 0xD0,
    0xF0, 0x00, 0x00, 0x3C, 0x00, 0x00, 0x0F, 0x00, 0x00, 0x03, 0xC0, 0x00, 0x00, 0xF0, 0x00, 0x00,
    0x3C, 0x00, 0x00, 0x0F, 0x00, 0x00, 0x03, 0xFF, 0xFF, 0xF0, 0xFF, 0xFF, 0xFC, 0x0B, 0x80, 0xB8,
    0x03, 0xF0, 0x3F, 0x00, 0xB8, 0x0B, 0x80, 0x00, 0x00, 0x00, 0x3F, 0xFF, 0xFF, 0x0F, 0xFF, 0xFF,
    0xC3, 0xC0, 0x00, 0x00, 0xF0, 0x00, 0x00, 0x3C, 0x00, 0x00, 0x0F, 0x00, 0x00, 0x03, 0xC0, 0x00,
    0x00, 0xF0, 0x00, 0x00, 0x3F, 0xFF, 0xFD, 0x0F, 0xFF, 0xFF, 0x43, 0xC0, 0x00, 0x00, 0xF0, 0x00,
    0x00, 0x3C, 0x00, 0x00, 0x0F, 0x00, 0x00, 0x03, 0xC0, 0x00, 0x00, 0xF0, 0x00, 0x00, 0x3C, 0x00,
    0x00, 0x0F, 0xFF, 0xFF, 0xC3, 0xFF, 0xFF, 0xF0, 0x02, 0xF8, 0x00, 0x00, 0x07, 0xF0, 0x00, 0x00,
    0x07, 0xC0, 0x00, 0x00, 0x00, 0x00, 0x7F, 0xFF, 0xFF, 0xE7, 0xFF, 0xFF, 0xFE, 0x00, 0x0F, 0x00,
    0x00, 0x00, 0xF0, 0x00, 0x00, 0x0F, 0x00, 0x00, 0x00, 0xF0, 0x00, 0x00, 0x0F, 0x00, 0x00, 0x00,
    0xF0, 0x00, 0x00, 0x0F, 0x00, 0x00, 0x00, 0xF0, 0x00, 0x00, 0x0F, 0x00, 0x00, 0x00, 0xF0, 0x00,
    0x00, 0x0F, 0x00, 0x00, 0x00, 0xF0, 0x00, 0x00, 0x0F, 0x00, 0x00, 0x00, 0xF0, 0x00, 0x00, 0x0F,
    0x00, 0x07, 0xFF, 0xFF, 0xFE, 0x7F, 0xFF, 0xFF, 0xE0, 0x00, 0x02, 0xFC, 0x00, 0x00, 0xBD, 0x00,
    0x00, 0x2E, 0x00, 0x00, 0x00, 0x00, 0x00, 0x7F, 0xFF, 0xFF, 0xE7, 0xFF, 0xFF, 0xFE, 0x00, 0x0F,
    0x00, 0x00, 0x00, 0xF0, 0x00, 0x00, 0x0F, 0x00, 0x00, 0x00, 0xF0, 0x00, 0x00, 0x0F, 0x00, 0x00,
    0x00, 0xF0, 0x00, 0x00, 0x0F, 0x00, 0x00, 0x00, 0xF0, 0x00, 0x00, 0x0F, 0x00, 0x00, 0x00, 0xF0,
    0x00, 0x00, 0x0F, 0x00, 0x00, 0x00, 0xF0, 0x00, 0x00, 0x0F, 0x00, 0x00, 0x00, 0xF0, 0x00, 0x00,
    0x0F, 0x00, 0x07, 0xFF, 0xFF, 0xFE, 0x7F, 0xFF, 0xFF, 0xE0, 0x00, 0x0F, 0x40, 0x00, 0x07, 0xFD,
    0x00, 0x01, 0xF9, 0xF4, 0x00, 0x7D, 0x07, 0xD0, 0x00, 0x00, 0x00, 0x07, 0xFF, 0xFF, 0xFE, 0x7F,
    0xFF, 0xFF, 0xE0, 0x00, 0xF0, 0x00, 0x00, 0x0F, 0x00, 0x00, 0x00, 0xF0, 0x00, 0x00, 0x0F, 0x00,
    0x00, 0x00, 0xF0, 0x00, 0x00, 0x0F, 0x00, 0x00, 0x00, 0xF0, 0x00, 0x00, 0x0F, 0x00, 0x00, 0x00,
    0xF0, 0x00, 0x00, 0x0F, 0x00, 0x00, 0x00, 0xF0, 0x00, 0x00, 0x0F, 0x00, 0x00, 0x00, 0xF0, 0x00,
    0x00, 0x0F, 0x00, 0x00, 0x00, 0xF0, 0x00, 0x7F, 0xFF, 0xFF, 0xE7, 0xFF, 0xFF, 0xFE, 0x03, 0xD0,
    0x3D, 0x00, 0xBE, 0x07, 0xE0, 0x03, 0xD0, 0x3D, 0x00, 0x00, 0x00, 0x00, 0x7F, 0xFF, 0xFF, 0xE7,
    0xFF, 0xFF, 0xFE, 0x00, 0x0F, 0x00, 0x00, 0x00, 0xF0, 0x00, 0x00, 0x0F, 0x00, 0x00, 0x00, 0xF0,
    0x00, 0x00, 0x0F, 0x00, 0x00, 0x00, 0xF0, 0x00, 0x00, 0x0F, 0x00, 0x00, 0x00, 0xF0, 0x00, 0x00,
    0x0F, 0x00, 0x00, 0x00, 0xF0, 0x00, 0x00, 0x0F, 0x00, 0x00, 0x00, 0xF0, 0x00, 0x00, 0x0F, 0x00,
    0x00, 0x00, 0xF0, 0x00, 0x00, 0x0F, 0x00, 0x07, 0xFF, 0xFF, 0xFE, 0x7F, 0xFF, 0xFF, 0xE0, 0x07,
    0xFF, 0xF8, 0x00, 0x07, 0xFF, 0xFF, 0x80, 0x07, 0xC0, 0x1B, 0xE0, 0x07, 0xC0, 0x01, 0xF4, 0x07,
    0xC0, 0x00, 0xBC, 0x07, 0xC0, 0x00, 0x3C, 0x07, 0xC0, 0x00, 0x3D, 0x07, 0xC0, 0x00, 0x3E, 0xFF,
    0xFF, 0x80, 0x2E, 0xFF, 0xFF, 0x80, 0x2E, 0x07, 0xC0, 0x00, 0x3E, 0x07, 0xC0, 0x00, 0x3E, 0x07,
    0xC0, 0x00, 0x3D, 0x07, 0xC0, 0x00, 0x7C, 0x07, 0xC0, 0x00, 0xBC, 0x07, 0xC0, 0x02, 0xF0, 0x07,
    0xC0, 0x1F, 0xD0, 0x07, 0xFF, 0xFF, 0x40, 0x07, 0xFF, 0xF4, 0x00, 0x01, 0xFE, 0x08, 0x00, 0x7F,
    0xFF, 0xD0, 0x02, 0x06, 0xF8, 0x00, 0x00, 0x00, 0x00, 0x38, 0x00, 0x03, 0xD3, 0xD0, 0x00, 0x3D,
    0x3F, 0x00, 0x03, 0xD3, 0xF8, 0x00, 0x3D, 0x3F, 0xC0, 0x03, 0xD3, 0xEF, 0x00, 0x3D, 0x3C, 0xF8,
    0x03, 0xD3, 0xC7, 0xC0, 0x3D, 0x3C, 0x3F, 0x03, 0xD3, 0xC0, 0xF4, 0x3D, 0x3C, 0x0B, 0xC3, 0xD3,
    0xC0, 0x3F, 0x3D, 0x3C, 0x01, 0xF6, 0xD3, 0xC0, 0x0B, 0xED, 0x3C, 0x00, 0x3F, 0xD3, 0xC0, 0x01,
    0xFD, 0x3C, 0x00, 0x0B, 0xD3, 0xC0, 0x00, 0x3D, 0x3C, 0x00, 0x01, 0xD0, 0x03, 0xF4, 0x00, 0x00,
    0x0B, 0xD0, 0x00, 0x00, 0x0B, 0x40, 0x00, 0x00, 0x00, 0x00, 0x00, 0xBF, 0xE0, 0x00, 0x3F, 0xFF,
    0xD0, 0x0F, 0xD0, 0x7F, 0x42, 0xF0, 0x00, 0xFC, 0x3D, 0x00, 0x07, 0xC7, 0xC0, 0x00, 0x3E, 0x7C,
    0x00, 0x02, 0xEB, 0xC0, 0x00, 0x2F, 0xB8, 0x00, 0x02, 0xFB, 0x80, 0x00, 0x1F, 0xB8, 0x00, 0x02,
    0xFB, 0xC0, 0x00, 0x2F, 0x7C, 0x00, 0x02, 0xE7, 0xC0, 0x00, 0x3D, 0x3E, 0x00, 0x03, 0xC2, 0xF0,
    0x00, 0xFC, 0x0F, 0xD0, 0x3F, 0x00, 0x7F, 0xFF, 0xD0, 0x00, 0xBF, 0xE0, 0x00, 0x00, 0x00, 0x7F,
    0x00, 0x00, 0x2F, 0x40, 0x00, 0x0B, 0x80, 0x00, 0x00, 0x00, 0x00, 0x00, 0xBF, 0xE0, 0x00, 0x3F,
    0xFF, 0xD0, 0x0F, 0xD0, 0x7F, 0x42, 0xF0, 0x00, 0xFC, 0x3D, 0x00, 0x07, 0xC7, 0xC0, 0x00, 0x3E,
    0x7C, 0x00, 0x02, 0xEB, 0xC0, 0x00, 0x2F, 0xB8, 0x00, 0x02, 0xFB, 0x80, 0x00, 0x1F, 0xB8, 0x00,
    0x02, 0xFB, 0xC0, 0x00, 0x2F, 0x7C, 0x00, 0x02, 0xE7, 0xC0, 0x00, 0x3D, 0x3E, 0x00, 0x03, 0xC2,
    0xF0, 0x00, 0xFC, 0x0F, 0xD0, 0x3F, 0x00, 0x7F, 0xFF, 0xD0, 0x00, 0xBF, 0xE0, 0x00, 0x00, 0x0F,
    0x40, 0x00, 0x07, 0xFD, 0x00, 0x01, 0xF9, 0xF4, 0x00, 0x7D, 0x07, 0xD0, 0x00, 0x00, 0x00, 0x00,
    0x0B, 0xFE, 0x00, 0x03, 0xFF, 0xFD, 0x00, 0xFD, 0x07, 0xF4, 0x2F, 0x00, 0x0F, 0xC3, 0xD0, 0x00,
    0x7C, 0x7C, 0x00, 0x03, 0xE7, 0xC0, 0x00, 0x2E, 0xBC, 0x00, 0x02, 0xFB, 0x80, 0x00, 0x2F, 0xB8,
    0x00, 0x01, 0xFB, 0x80, 0x00, 0x2F, 0xBC, 0x00, 0x02, 0xF7, 0xC0, 0x00, 0x2E, 0x7C, 0x00, 0x03,
    0xD3, 0xE0, 0x00, 0x3C, 0x2F, 0x00, 0x0F, 0xC0, 0xFD, 0x03, 0xF0, 0x07, 0xFF, 0xFD, 0x00, 0x0B,
    0xFE, 0x00, 0x01, 0xFE, 0x08, 0x00, 0x7F, 0xFF, 0xD0, 0x02, 0x06, 0xF8, 0x00, 0x00, 0x00, 0x00,
    0x00, 0xBF, 0xE0, 0x00, 0x3F, 0xFF, 0xD0, 0x0F, 0xD0, 0x7F, 0x42, 0xF0, 0x00, 0xFC, 0x3D, 0x00,
    0x07, 0xC7, 0xC0, 0x00, 0x3E, 0x7C, 0x00, 0x02, 0xEB, 0xC0, 0x00, 0x2F, 0xB8, 0x00, 0x02, 0xFB,
    0x80, 0x00, 0x1F, 0xB8, 0x00, 0x02, 0xFB, 0xC0, 0x00, 0x2F, 0x7C, 0x00, 0x02, 0xE7, 0xC0, 0x00,
    0x3D, 0x3E, 0x00, 0x03, 0xC2, 0xF0, 0x00, 0xFC, 0x0F, 0xD0, 0x3F, 0x00, 0x7F, 0xFF, 0xD0, 0x00,
    0xBF, 0xE0, 0x00, 0x03, 0xD0, 0x3D, 0x00, 0xBE, 0x0B, 0xE0, 0x03, 0xD0, 0x3D, 0x00, 0x00, 0x00,
    0x00, 0x00, 0xBF, 0xE0, 0x00, 0x3F, 0xFF, 0xD0, 0x0F, 0xD0, 0x7F, 0x42, 0xF0, 0x00, 0xFC, 0x3D,
    0x00, 0x07, 0xC7, 0xC0, 0x00, 0x3E, 0x7C, 0x00, 0x02, 0xEB, 0xC0, 0x00, 0x2F, 0xB8, 0x00, 0x02,
    0xFB, 0x80, 0x00, 0x1F, 0xB8, 0x00, 0x02, 0xFB, 0xC0, 0x00, 0x2F, 0x7C, 0x00, 0x02, 0xE7, 0xC0,
    0x00, 0x3D, 0x3E, 0x00, 0x03, 0xC2, 0xF0, 0x00, 0xFC, 0x0F, 0xD0, 0x3F, 0x00, 0x7F, 0xFF, 0xD0,
    0x00, 0xBF, 0xE0, 0x00, 0x20, 0x00, 0x87, 0xC0, 0x3E, 0x2F, 0x0F, 0xC0, 0xBF, 0xF0, 0x02, 0xFC,
    0x00, 0x3F, 0xC0, 0x0B, 0xFF, 0x02, 0xF0, 0xFC, 0x7C, 0x03, 0xE2, 0x00, 0x08, 0x00, 0x00, 0x00,
    0x00, 0x00, 0x2F, 0xF9, 0x1C, 0x02, 0xFF, 0xFF, 0xBC, 0x0B, 0xE4, 0x0B, 0xF4, 0x1F, 0x80, 0x02,
    0xF4, 0x3F, 0x00, 0x03, 0xFC, 0x3D, 0x00, 0x0F, 0x7D, 0x7C, 0x00, 0x2D, 0x3E, 0xBC, 0x00, 0x78,
    0x2E, 0xBC, 0x00, 0xF0, 0x2F, 0xBC, 0x03, 0xC0, 0x2F, 0xBC, 0x0B, 0x40, 0x2F, 0xBC, 0x1E, 0x00,
    0x2E, 0x7C, 0x3C, 0x00, 0x3E, 0x3E, 0xF4, 0x00, 0x3D, 0x3F, 0xE0, 0x00, 0xBC, 0x1F, 0xC0, 0x01,
    0xF4, 0x0F, 0xE0, 0x0B, 0xF0, 0x2F, 0xFF, 0xFF, 0x80, 0x28, 0x2F, 0xF9, 0x00, 0x00, 0x00, 0x00,
    0x00, 0x03, 0xF8, 0x00, 0x00, 0x07, 0xE0, 0x00, 0x00, 0x0B, 0x80, 0x00, 0x00, 0x00, 0x00, 0x7C,
    0x00, 0x02, 0xE7, 0xC0, 0x00, 0x2E, 0x7C, 0x00, 0x02, 0xE7, 0xC0, 0x00, 0x2E, 0x7C, 0x00, 0x02,
    0xE7, 0xC0, 0x00, 0x2E, 0x7C, 0x00, 0x02, 0xE7, 0xC0, 0x00, 0x2E, 0x7C, 0x00, 0x02, 0xE7, 0xC0,
    0x00, 0x2E, 0x7C, 0x00, 0x02, 0xE7, 0xC0, 0x00, 0x2E, 0x7C, 0x00, 0x02, 0xE7, 0xC0, 0x00, 0x2E,
    0x3C, 0x00, 0x03, 0xD3, 0xE0, 0x00, 0x7C, 0x1F, 0x90, 0x1F, 0x80, 0xBF, 0xFF, 0xE0, 0x00, 0xBF,
    0xE4, 0x00, 0x00, 0x00, 0xBE, 0x00, 0x00, 0x2F, 0x40, 0x00, 0x0F, 0x40, 0x00, 0x00, 0x00, 0x00,
    0x7C, 0x00, 0x02, 0xE7, 0xC0, 0x00, 0x2E, 0x7C, 0x00, 0x02, 0xE7, 0xC0, 0x00, 0x2E, 0x7C, 0x00,
    0x02, 0xE7, 0xC0, 0x00, 0x2E, 0x7C, 0x00, 0x02, 0xE7, 0xC0, 0x00, 0x2E, 0x7C, 0x00, 0x02, 0xE7,
    0xC0, 0x00, 0x2E, 0x7C, 0x00, 0x02, 0xE7, 0xC0, 0x00, 0x2E, 0x7C, 0x00, 0x02, 0xE7, 0xC0, 0x00,
    0x2E, 0x3C, 0x00, 0x03, 0xD3, 0xE0, 0x00, 0x7C, 0x1F, 0x90, 0x1F, 0x80, 0xBF, 0xFF, 0xE0, 0x00,
    0xBF, 0xE4, 0x00, 0x00, 0x0F, 0x80, 0x00, 0x03, 0xFD, 0x00, 0x00, 0xF9, 0xF4, 0x00, 0x7E, 0x07,
    0xD0, 0x00, 0x00, 0x00, 0x07, 0xC0, 0x00, 0x2E, 0x7C, 0x00, 0x02, 0xE7, 0xC0, 0x00, 0x2E, 0x7C,
    0x00, 0x02, 0xE7, 0xC0, 0x00, 0x2E, 0x7C, 0x00, 0x02, 0xE7, 0xC0, 0x00, 0x2E, 0x7C, 0x00, 0x02,
    0xE7, 0xC0, 0x00, 0x2E, 0x7C, 0x00, 0x02, 0xE7, 0xC0, 0x00, 0x2E, 0x7C, 0x00, 0x02, 0xE7, 0xC0,
    0x00, 0x2E, 0x7C, 0x00, 0x02, 0xE3, 0xC0, 0x00, 0x3D, 0x3E, 0x00, 0x07, 0xC1, 0xF9, 0x01, 0xF8,
    0x0B, 0xFF, 0xFE, 0x00, 0x0B, 0xFE, 0x40, 0x03, 0xD0, 0x3D, 0x00, 0xBE, 0x07, 0xF0, 0x03, 0xD0,
    0x3D, 0x00, 0x00, 0x00, 0x00, 0x7C, 0x00, 0x02, 0xE7, 0xC0, 0x00, 0x2E, 0x7C, 0x00, 0x02, 0xE7,
    0xC0, 0x00, 0x2E, 0x7C, 0x00, 0x02, 0xE7, 0xC0, 0x00, 0x2E, 0x7C, 0x00, 0x02, 0xE7, 0xC0, 0x00,
    0x2E, 0x7C, 0x00, 0x02, 0xE7, 0xC0, 0x00, 0x2E, 0x7C, 0x00, 0x02, 0xE7, 0xC0, 0x00, 0x2E, 0x7C,
    0x00, 0x02, 0xE7, 0xC0, 0x00, 0x2E, 0x3C, 0x00, 0x03, 0xD3, 0xE0, 0x00, 0x7C, 0x1F, 0x90, 0x1F,
    0x80, 0xBF, 0xFF, 0xE0, 0x00, 0xBF, 0xE4, 0x00, 0x00, 0x00, 0x3F, 0x40, 0x00, 0x00, 0xF8, 0x00,
    0x00, 0x03, 0xD0, 0x00, 0x00, 0x00, 0x00, 0x00, 0x7C, 0x00, 0x00, 0x2E, 0x3E, 0x00, 0x00, 0x7C,
    0x1F, 0x40, 0x00, 0xF8, 0x0B, 0xC0, 0x01, 0xF0, 0x03, 0xD0, 0x03, 0xD0, 0x02, 0xF0, 0x0B, 0xC0,
    0x00, 0xF8, 0x0F, 0x00, 0x00, 0x7C, 0x2E, 0x00, 0x00, 0x3F, 0x3C, 0x00, 0x00, 0x1F, 0xF4, 0x00,
    0x00, 0x0B, 0xF0, 0x00, 0x00, 0x03, 0xD0, 0x00, 0x00, 0x03, 0xC0, 0x00, 0x00, 0x03, 0xC0, 0x00,
    0x00, 0x03, 0xC0, 0x00, 0x00, 0x03, 0xC0, 0x00, 0x00, 0x03, 0xC0, 0x00, 0x00, 0x03, 0xC0, 0x00,
    0x00, 0x03, 0xC0, 0x00, 0xB8, 0x00, 0x00, 0x2E, 0x00, 0x00, 0x0B, 0xFF, 0xF9, 0x02, 0xFF, 0xFF,
    0xF0, 0xB8, 0x01, 0xBF, 0x2E, 0x00, 0x07, 0xDB, 0x80, 0x00, 0xFA, 0xE0, 0x00, 0x2F, 0xB8, 0x00,
    0x0B, 0xAE, 0x00, 0x03, 0xEB, 0x80, 0x01, 0xF2, 0xE0, 0x06, 0xF8, 0xBF, 0xFF, 0xF8, 0x2F, 0xFF,
    0xE0, 0x0B, 0x80, 0x00, 0x02, 0xE0, 0x00, 0x00, 0xB8, 0x00, 0x00, 0x2E, 0x00, 0x00, 0x0B, 0x80,
    0x00, 0x00, 0x00, 0xBF, 0xD0, 0x00, 0x0F, 0xFF, 0xF0, 0x00, 0xBD, 0x07, 0xE0, 0x03, 0xE0, 0x07,
    0xC0, 0x0F, 0x40, 0x1F, 0x03, 0xFD, 0x01, 0xF4, 0x0F, 0xF4, 0x1F, 0x40, 0x03, 0xD0, 0xF4, 0x00,
    0x0F, 0x47, 0x80, 0x00, 0x3D, 0x1F, 0x00, 0x00, 0xF4, 0x3F, 0x90, 0x03, 0xD0, 0x2F, 0xE0, 0x0F,
    0x40, 0x0B, 0xE0, 0x3D, 0x00, 0x07, 0xC0, 0xF4, 0x00, 0x0F, 0x03, 0xD0, 0x00, 0x7C, 0x0F, 0x44,
    0x07, 0xE0, 0x3D, 0x3F, 0xFF, 0x00, 0xF4, 0x7F, 0xE0, 0x00, 0x02, 0xF0, 0x00, 0x00, 0x2E, 0x00,
    0x00, 0x03, 0xC0, 0x00, 0x00, 0x38, 0x00, 0x00, 0x00, 0x00, 0x01, 0xBF, 0xE0, 0x03, 0xFF, 0xFF,
    0x00, 0xA4, 0x07, 0xD0, 0x00, 0x00, 0x78, 0x00, 0x00, 0x0F, 0x00, 0x00, 0x03, 0xC0, 0x1B, 0xFF,
    0xF0, 0x3F, 0xFF, 0xFC, 0x2F, 0x40, 0x1F, 0x0F, 0x40, 0x07, 0xC3, 0xD0, 0x02, 0xF0, 0xFC, 0x07,
    0xFC, 0x1F, 0xFF, 0xCF, 0xE0, 0xBF, 0x83, 0xF8, 0x00, 0x0F, 0x80, 0x00, 0x0B, 0xC0, 0x00, 0x03,
    0xC0, 0x00, 0x01, 0xC0, 0x00, 0x00, 0x00, 0x00, 0x01, 0xBF, 0xE0, 0x03, 0xFF, 0xFF, 0x00, 0xA4,
    0x07, 0xD0, 0x00, 0x00, 0x78, 0x00, 0x00, 0x0F, 0x00, 0x00, 0x03, 0xC0, 0x1B, 0xFF, 0xF0, 0x3F,
    0xFF, 0xFC, 0x2F, 0x40, 0x1F, 0x0F, 0x40, 0x07, 0xC3, 0xD0, 0x02, 0xF0, 0xFC, 0x07, 0xFC, 0x1F,
    0xFF, 0xCF, 0xE0, 0xBF, 0x83, 0xF8, 0x00, 0x3C, 0x00, 0x00, 0x2F, 0x80, 0x00, 0x1E, 0xB4, 0x00,
    0x0F, 0x0F, 0x00, 0x0F, 0x00, 0xF0, 0x00, 0x00, 0x00, 0x00, 0x6F, 0xF8, 0x00, 0xFF, 0xFF, 0xC0,
    0x29, 0x01, 0xF4, 0x00, 0x00, 0x1E, 0x00, 0x00, 0x03, 0xC0, 0x00, 0x00, 0xF0, 0x06, 0xFF, 0xFC,
    0x0F, 0xFF, 0xFF, 0x0B, 0xD0, 0x07, 0xC3, 0xD0, 0x01, 0xF0, 0xF4, 0x00, 0xBC, 0x3F, 0x01, 0xFF,
    0x07, 0xFF, 0xF3, 0xF8, 0x2F, 0xE0, 0xFE, 0x02, 0xF4, 0x00, 0x03, 0xFF, 0xFC, 0x00, 0x41, 0xFC,
    0x00, 0x00, 0x00, 0x00, 0x00, 0x00, 0x00, 0x01, 0xBF, 0xE0, 0x03, 0xFF, 0xFF, 0x00, 0xA4, 0x07,
    0xD0, 0x00, 0x00, 0x78, 0x00, 0x00, 0x0F, 0x00, 0x00, 0x03, 0xC0, 0x1B, 0xFF, 0xF0, 0x3F, 0xFF,
    0xFC, 0x2F, 0x40, 0x1F, 0x0F, 0x40, 0x07, 0xC3, 0xD0, 0x02, 0xF0, 0xFC, 0x07, 0xFC, 0x1F, 0xFF,
    0xCF, 0xE0, 0xBF, 0x83, 0xF8, 0x0F, 0x00, 0xF0, 0x0B, 0xD0, 0xBD, 0x00, 0xF0, 0x0F, 0x00, 0x00,
    0x00, 0x00, 0x00, 0x00, 0x00, 0x01, 0xBF, 0xE0, 0x03, 0xFF, 0xFF, 0x00, 0xA4, 0x07, 0xD0, 0x00,
    0x00, 0x78, 0x00, 0x00, 0x0F, 0x00, 0x00, 0x03, 0xC0, 0x1B, 0xFF, 0xF0, 0x3F, 0xFF, 0xFC, 0x2F,
    0x40, 0x1F, 0x0F, 0x40, 0x07, 0xC3, 0xD0, 0x02, 0xF0, 0xFC, 0x07, 0xFC, 0x1F, 0xFF, 0xCF, 0xE0,
    0xBF, 0x83, 0xF8, 0x00, 0xBE, 0x00, 0x00, 0x70, 0xD0, 0x00, 0x2C, 0x38, 0x00, 0x07, 0x0D, 0x00,
    0x00, 0xBE, 0x00, 0x00, 0x00, 0x00, 0x00, 0x6F, 0xF8, 0x00, 0xFF, 0xFF, 0xC0, 0x29, 0x01, 0xF4,
    0x00, 0x00, 0x1E, 0x00, 0x00, 0x03, 0xC0, 0x00, 0x00, 0xF0, 0x06, 0xFF, 0xFC, 0x0F, 0xFF, 0xFF,
    0x0B, 0xD0, 0x07, 0xC3, 0xD0, 0x01, 0xF0, 0xF4, 0x00, 0xBC, 0x3F, 0x01, 0xFF, 0x07, 0xFF, 0xF3,
    0xF8, 0x2F, 0xE0, 0xFE, 0x07, 0xF8, 0x1F, 0xD0, 0x1F, 0xFF, 0xBF, 0xF4, 0x08, 0x0F, 0xF4, 0x7C,
    0x00, 0x03, 0xD0, 0x3D, 0x00, 0x03, 0xC0, 0x2D, 0x00, 0x03, 0xC0, 0x1D, 0x07, 0xFF, 0xFF, 0xFD,
    0x1F, 0xFF, 0xFF, 0xFD, 0x3D, 0x03, 0xC0, 0x00, 0x3C, 0x03, 0xC0, 0x00, 0x3C, 0x03, 0xD0, 0x00,
    0x3D, 0x0B, 0xF4, 0x14, 0x2F, 0xFD, 0xFF, 0xFC, 0x0B, 0xF4, 0x2F, 0xE0, 0x00, 0x7F, 0xF9, 0x00,
    0x3F, 0xFF, 0xFC, 0x0F, 0xD0, 0x07, 0xC2, 0xF0, 0x00, 0x3C, 0x3D, 0x00, 0x03, 0xC3, 0xC0, 0x00,
    0x00, 0x7C, 0x00, 0x00, 0x07, 0xC0, 0x00, 0x00, 0x3C, 0x00, 0x00, 0x03, 0xD0, 0x00, 0x00, 0x2F,
    0x00, 0x00, 0x80, 0xFE, 0x00, 0xBD, 0x03, 0xFF, 0xFF, 0x80, 0x07, 0xFF, 0x80, 0x00, 0x07, 0x00,
    0x00, 0x00, 0xFC, 0x00, 0x00, 0x02, 0xF0, 0x00, 0x00, 0x0F, 0x00, 0x00, 0x01, 0xE0, 0x00, 0x01,
    0xF8, 0x00, 0x00, 0x7D, 0x00, 0x00, 0x02, 0xF0, 0x00, 0x00, 0x0F, 0x00, 0x00, 0x00, 0x38, 0x00,
    0x00, 0x00, 0x00, 0x00, 0x06, 0xFF, 0x40, 0x03, 0xFF, 0xFF, 0x00, 0xF9, 0x01, 0xF8, 0x2E, 0x00,
    0x03, 0xC3, 0xC0, 0x00, 0x2C, 0x3F, 0xFF, 0xFF, 0xD7, 0xFF, 0xFF, 0xFD, 0x7C, 0x00, 0x00, 0x03,
    0xC0, 0x00, 0x00, 0x3D, 0x00, 0x00, 0x02, 0xF0, 0x00, 0x18, 0x0F, 0xD0, 0x1B, 0xC0, 0x3F, 0xFF,
    0xF4, 0x00, 0x7F, 0xE4, 0x00, 0x00, 0x03, 0xF0, 0x00, 0x00, 0x3C, 0x00, 0x00, 0x0B, 0x40, 0x00,
    0x00, 0xE0, 0x00, 0x00, 0x00, 0x00, 0x00, 0x06, 0xFF, 0x40, 0x03, 0xFF, 0xFF, 0x00, 0xF9, 0x01,
    0xF8, 0x2E, 0x00, 0x03, 0xC3, 0xC0, 0x00, 0x2C, 0x3F, 0xFF, 0xFF, 0xD7, 0xFF, 0xFF, 0xFD, 0x7C,
    0x00, 0x00, 0x03, 0xC0, 0x00, 0x00, 0x3D, 0x00, 0x00, 0x02, 0xF0, 0x00, 0x18, 0x0F, 0xD0, 0x1B,
    0xC0, 0x3F, 0xFF, 0xF4, 0x00, 0x7F, 0xE4, 0x00, 0x00, 0x0B, 0x00, 0x00, 0x01, 0xFC, 0x00, 0x00,
    0x3A, 0xE0, 0x00, 0x0F, 0x0F, 0x40, 0x02, 0xC0, 0x3C, 0x00, 0x00, 0x00, 0x00, 0x00, 0x6F, 0xF4,
    0x00, 0x3F, 0xFF, 0xF0, 0x0F, 0x90, 0x1F, 0x82, 0xE0, 0x00, 0x3C, 0x3C, 0x00, 0x02, 0xC3, 0xFF,
    0xFF, 0xFD, 0x7F, 0xFF, 0xFF, 0xD7, 0xC0, 0x00, 0x00, 0x3C, 0x00, 0x00, 0x03, 0xD0, 0x00, 0x00,
    0x2F, 0x00, 0x01, 0x80, 0xFD, 0x01, 0xBC, 0x03, 0xFF, 0xFF, 0x40, 0x07, 0xFE, 0x40, 0x02, 0xD0,
    0x2D, 0x00, 0x3F, 0x03, 0xF0, 0x02, 0xD0, 0x2D, 0x00, 0x00, 0x00, 0x00, 0x00, 0x00, 0x00, 0x00,
    0x06, 0xFF, 0x40, 0x03, 0xFF, 0xFF, 0x00, 0xF9, 0x01, 0xF8, 0x2E, 0x00, 0x03, 0xC3, 0xC0, 0x00,
    0x2C, 0x3F, 0xFF, 0xFF, 0xD7, 0xFF, 0xFF, 0xFD, 0x7C, 0x00, 0x00, 0x03, 0xC0, 0x00, 0x00, 0x3D,
    0x00, 0x00, 0x02, 0xF0, 0x00, 0x18, 0x0F, 0xD0, 0x1B, 0xC0, 0x3F, 0xFF, 0xF4, 0x00, 0x7F, 0xE4,
    0x00, 0x07, 0xD0, 0x00, 0x00, 0xBC, 0x00, 0x00, 0x0B, 0x40, 0x00, 0x00, 0xE0, 0x00, 0x00, 0x00,
    0x00, 0x0F, 0xFF, 0xC0, 0x03, 0xFF, 0xF0, 0x00, 0x00, 0x7C, 0x00, 0x00, 0x1F, 0x00, 0x00, 0x07,
    0xC0, 0x00, 0x01, 0xF0, 0x00, 0x00, 0x7C, 0x00, 0x00, 0x1F, 0x00, 0x00, 0x07, 0xC0, 0x00, 0x01,
    0xF0, 0x00, 0x00, 0x7C, 0x00, 0x00, 0x1F, 0x00, 0x0F, 0xFF, 0xFF, 0xD3, 0xFF, 0xFF, 0xF4, 0x00,
    0x0F, 0x80, 0x00, 0x0B, 0x80, 0x00, 0x03, 0xC0, 0x00, 0x02, 0xC0, 0x00, 0x00, 0x00, 0x00, 0x0F,
    0xFF, 0x80, 0x03, 0xFF, 0xE0, 0x00, 0x00, 0x78, 0x00, 0x00, 0x1E, 0x00, 0x00, 0x07, 0x80, 0x00,
    0x01, 0xE0, 0x00, 0x00, 0x78, 0x00, 0x00, 0x1E, 0x00, 0x00, 0x07, 0x80, 0x00, 0x01, 0xE0, 0x00,
    0x00, 0x78, 0x00, 0x00, 0x1E, 0x00, 0x0F, 0xFF, 0xFF, 0xD3, 0xFF, 0xFF, 0xF4, 0x00, 0x3C, 0x00,
    0x00, 0x2F, 0x40, 0x00, 0x2D, 0xF0, 0x00, 0x1E, 0x0F, 0x00, 0x0F, 0x01, 0xE0, 0x00, 0x00, 0x00,
    0x03, 0xFF, 0xE0, 0x00, 0xFF, 0xF8, 0x00, 0x00, 0x1E, 0x00, 0x00, 0x07, 0x80, 0x00, 0x01, 0xE0,
    0x00, 0x00, 0x78, 0x00, 0x00, 0x1E, 0x00, 0x00, 0x07, 0x80, 0x00, 0x01, 0xE0, 0x00, 0x00, 0x78,
    0x00, 0x00, 0x1E, 0x00, 0x00, 0x07, 0x80, 0x03, 0xFF, 0xFF, 0xF4, 0xFF, 0xFF, 0xFD, 0x0F, 0x00,
    0xF0, 0x07, 0xE0, 0x7E, 0x00, 0xF0, 0x0F, 0x00, 0x00, 0x00, 0x00, 0x00, 0x00, 0x00, 0x0F, 0xFF,
    0x80, 0x03, 0xFF, 0xE0, 0x00, 0x00, 0x78, 0x00, 0x00, 0x1E, 0x00, 0x00, 0x07, 0x80, 0x00, 0x01,
    0xE0, 0x00, 0x00, 0x78, 0x00, 0x00, 0x1E, 0x00, 0x00, 0x07, 0x80, 0x00, 0x01, 0xE0, 0x00, 0x00,
    0x78, 0x00, 0x00, 0x1E, 0x00, 0x0F, 0xFF, 0xFF, 0xD3, 0xFF, 0xFF, 0xF4, 0x00, 0x1D, 0x18, 0x00,
    0x03, 0xFF, 0x80, 0x00, 0x0F, 0xF4, 0x00, 0x00, 0xD3, 0xD0, 0x00, 0x00, 0x0F, 0x00, 0x0B, 0xFE,
    0xB8, 0x07, 0xFF, 0xFF, 0xC0, 0xFD, 0x01, 0xFD, 0x2F, 0x00, 0x02, 0xE3, 0xC0, 0x00, 0x0F, 0x7C,
    0x00, 0x00, 0xF7, 0x80, 0x00, 0x0F, 0x7C, 0x00, 0x01, 0xF7, 0xC0, 0x00, 0x2E, 0x3C, 0x00, 0x03,
    0xD3, 0xF0, 0x00, 0xBC, 0x0F, 0xD0, 0x2F, 0x40, 0x7F, 0xFF, 0xD0, 0x00, 0xBF, 0xE0, 0x00, 0x00,
    0x2F, 0x40, 0x00, 0x03, 0xFF, 0xFC, 0x00, 0x05, 0x0B, 0xD0, 0x00, 0x00, 0x00, 0x00, 0x00, 0x00,
    0x00, 0x02, 0xFC, 0x1B, 0xF8, 0x0B, 0xF6, 0xFF, 0xFC, 0x02, 0xFF, 0x41, 0xF8, 0x0B, 0xE0, 0x02,
    0xF0, 0x2F, 0x00, 0x03, 0xC0, 0x78, 0x00, 0x0F, 0x01, 0xE0, 0x00, 0x3C, 0x07, 0x80, 0x00, 0xF0,
    0x1E, 0x00, 0x03, 0xC0, 0x78, 0x00, 0x0F, 0x01, 0xE0, 0x00, 0x3C, 0x07, 0x80, 0x00, 0xF0, 0x1E,
    0x00, 0x03, 0xC0, 0x78, 0x00, 0x0F, 0x00, 0x00, 0xF8, 0x00, 0x00, 0x07, 0xC0, 0x00, 0x00, 0x2E,
    0x00, 0x00, 0x00, 0xB0, 0x00, 0x00, 0x00, 0x00, 0x00, 0x0B, 0xFE, 0x00, 0x07, 0xFF, 0xFD, 0x00,
    0xF8, 0x02, 0xF4, 0x3E, 0x00, 0x0B, 0xC3, 0xC0, 0x00, 0x3D, 0x7C, 0x00, 0x02, 0xE7, 0xC0, 0x00,
    0x2E, 0x7C, 0x00, 0x02, 0xE7, 0xC0, 0x00, 0x2E, 0x3D, 0x00, 0x03, 0xD3, 0xF0, 0x00, 0x7C, 0x0F,
    0xD0, 0x2F, 0x40, 0x7F, 0xFF, 0xE0, 0x00, 0xBF, 0xE0, 0x00, 0x00, 0x01, 0xF4, 0x00, 0x00, 0x3D,
    0x00, 0x00, 0x07, 0x80, 0x00, 0x00, 0xF0, 0x00, 0x00, 0x00, 0x00, 0x00, 0x0B, 0xFE, 0x00, 0x07,
    0xFF, 0xFD, 0x00, 0xF8, 0x02, 0xF4, 0x3E, 0x00, 0x0B, 0xC3, 0xC0, 0x00, 0x3D, 0x7C, 0x00, 0x02,
    0xE7, 0xC0, 0x00, 0x2E, 0x7C, 0x00, 0x02, 0xE7, 0xC0, 0x00, 0x2E, 0x3D, 0x00, 0x03, 0xD3, 0xF0,
    0x00, 0x7C, 0x0F, 0xD0, 0x2F, 0x40, 0x7F, 0xFF, 0xE0, 0x00, 0xBF, 0xE0, 0x00, 0x00, 0x0B, 0x00,
    0x00, 0x01, 0xFC, 0x00, 0x00, 0x3A, 0xE0, 0x00, 0x0F, 0x0F, 0x40, 0x02, 0xC0, 0x3C, 0x00, 0x00,
    0x00, 0x00, 0x00, 0xBF, 0xE0, 0x00, 0x7F, 0xFF, 0xD0, 0x0F, 0x80, 0x2F, 0x43, 0xE0, 0x00, 0xBC,
    0x3C, 0x00, 0x03, 0xD7, 0xC0, 0x00, 0x2E, 0x7C, 0x00, 0x02, 0xE7, 0xC0, 0x00, 0x2E, 0x7C, 0x00,
    0x02, 0xE3, 0xD0, 0x00, 0x3D, 0x3F, 0x00, 0x07, 0xC0, 0xFD, 0x02, 0xF4, 0x07, 0xFF, 0xFE, 0x00,
    0x0B, 0xFE, 0x00, 0x00, 0xBD, 0x00, 0x00, 0x3F, 0xFF, 0xC0, 0x01, 0x42, 0xF4, 0x00, 0x00, 0x00,
    0x00, 0x00, 0x00, 0x00, 0x00, 0x0B, 0xFE, 0x00, 0x07, 0xFF, 0xFD, 0x00, 0xF8, 0x02, 0xF4, 0x3E,
    0x00, 0x0B, 0xC3, 0xC0, 0x00, 0x3D, 0x7C, 0x00, 0x02, 0xE7, 0xC0, 0x00, 0x2E, 0x7C, 0x00, 0x02,
    0xE7, 0xC0, 0x00, 0x2E, 0x3D, 0x00, 0x03, 0xD3, 0xF0, 0x00, 0x7C, 0x0F, 0xD0, 0x2F, 0x40, 0x7F,
    0xFF, 0xE0, 0x00, 0xBF, 0xE0, 0x00, 0x03, 0xC0, 0x3C, 0x00, 0x7E, 0x07, 0xE0, 0x03, 0xC0, 0x3C,
    0x00, 0x00, 0x00, 0x00, 0x00, 0x00, 0x00, 0x00, 0x0B, 0xFE, 0x00, 0x07, 0xFF, 0xFD, 0x00, 0xF8,
    0x02, 0xF4, 0x3E, 0x00, 0x0B, 0xC3, 0xC0, 0x00, 0x3D, 0x7C, 0x00, 0x02, 0xE7, 0xC0, 0x00, 0x2E,
    0x7C, 0x00, 0x02, 0xE7, 0xC0, 0x00, 0x2E, 0x3D, 0x00, 0x03, 0xD3, 0xF0, 0x00, 0x7C, 0x0F, 0xD0,
    0x2F, 0x40, 0x7F, 0xFF, 0xE0, 0x00, 0xBF, 0xE0, 0x00, 0x00, 0x0F, 0x40, 0x00, 0x02, 0xFC, 0x00,
    0x00, 0x2F, 0xC0, 0x00, 0x00, 0xF4, 0x00, 0x00, 0x00, 0x00, 0x00, 0x00, 0x00, 0x00, 0x3F, 0xFF,
    0xFF, 0xD3, 0xFF, 0xFF, 0xFD, 0x00, 0x00, 0x00, 0x00, 0x00, 0x00, 0x00, 0x00, 0x0F, 0x40, 0x00,
    0x02, 0xFC, 0x00, 0x00, 0x2F, 0xC0, 0x00, 0x00, 0xF4, 0x00, 0x00, 0x00, 0x00, 0x00, 0x0B, 0xFE,
    0xB0, 0x07, 0xFF, 0xFF, 0x00, 0xF8, 0x03, 0xF4, 0x3E, 0x00, 0x7F, 0xC3, 0xC0, 0x0F, 0x3D, 0x7C,
    0x03, 0xC3, 0xE7, 0xC0, 0xB4, 0x2E, 0x7C, 0x1E, 0x02, 0xE7, 0xC3, 0xC0, 0x2E, 0x3D, 0xF0, 0x03,
    0xD3, 0xFD, 0x00, 0x7C, 0x0F, 0xD0, 0x2F, 0x40, 0xFF, 0xFF, 0xE0, 0x0D, 0xBF, 0xE0, 0x00, 0x00,
    0x00, 0x00, 0x00, 0xBC, 0x00, 0x00, 0x00, 0x3E, 0x00, 0x00, 0x00, 0x0F, 0x00, 0x00, 0x00, 0x03,
    0x40, 0x00, 0x00, 0x00, 0x00, 0x00, 0x7F, 0x80, 0x0F, 0xE0, 0x7F, 0x80, 0x0F, 0xE0, 0x0B, 0x80,
    0x01, 0xE0, 0x0B, 0x80, 0x01, 0xE0, 0x0B, 0x80, 0x01, 0xE0, 0x0B, 0x80, 0x01, 0xE0, 0x0B, 0x80,
    0x01, 0xE0, 0x0B, 0x80, 0x01, 0xE0, 0x07, 0x80, 0x01, 0xE0, 0x07, 0x80, 0x03, 0xE0, 0x07, 0xC0,
    0x0B, 0xE0, 0x03, 0xE0, 0x2F, 0xF0, 0x02, 0xFF, 0xFC, 0xFE, 0x00, 0x7F, 0xD0, 0xFE, 0x00, 0x02,
    0xF0, 0x00, 0x00, 0x03, 0xD0, 0x00, 0x00, 0x07, 0x80, 0x00, 0x00, 0x0F, 0x00, 0x00, 0x00, 0x00,
    0x00, 0x00, 0x7F, 0x80, 0x0F, 0xE0, 0x7F, 0x80, 0x0F, 0xE0, 0x0B, 0x80, 0x01, 0xE0, 0x0B, 0x80,
    0x01, 0xE0, 0x0B, 0x80, 0x01, 0xE0, 0x0B, 0x80, 0x01, 0xE0, 0x0B, 0x80, 0x01, 0xE0, 0x0B, 0x80,
    0x01, 0xE0, 0x07, 0x80, 0x01, 0xE0, 0x07, 0x80, 0x03, 0xE0, 0x07, 0xC0, 0x0B, 0xE0, 0x03, 0xE0,
    0x2F, 0xF0, 0x02, 0xFF, 0xFC, 0xFE, 0x00, 0x7F, 0xD0, 0xFE, 0x00, 0x03, 0xC0, 0x00, 0x00, 0x0B,
    0xE0, 0x00, 0x00, 0x1E, 0xB4, 0x00, 0x00, 0x3C, 0x3C, 0x00, 0x00, 0xF0, 0x1F, 0x00, 0x00, 0x00,
    0x00, 0x00, 0x7F, 0x80, 0x0F, 0xE0, 0x7F, 0x80, 0x0F, 0xE0, 0x0B, 0x80, 0x01, 0xE0, 0x0B, 0x80,
    0x01, 0xE0, 0x0B, 0x80, 0x01, 0xE0, 0x0B, 0x80, 0x01, 0xE0, 0x0B, 0x80, 0x01, 0xE0, 0x0B, 0x80,
    0x01, 0xE0, 0x07, 0x80, 0x01, 0xE0, 0x07, 0x80, 0x03, 0xE0, 0x07, 0xC0, 0x0B, 0xE0, 0x03, 0xE0,
    0x2F, 0xF0, 0x02, 0xFF, 0xFC, 0xFE, 0x00, 0x7F, 0xD0, 0xFE, 0x00, 0xF0, 0x0F, 0x00, 0x02, 0xF4,
    0x2F, 0x40, 0x00, 0xF0, 0x0F, 0x00, 0x00, 0x00, 0x00, 0x00, 0x00, 0x00, 0x00, 0x00, 0x7F, 0x80,
    0x0F, 0xE0, 0x7F, 0x80, 0x0F, 0xE0, 0x0B, 0x80, 0x01, 0xE0, 0x0B, 0x80, 0x01, 0xE0, 0x0B, 0x80,
    0x01, 0xE0, 0x0B, 0x80, 0x01, 0xE0, 0x0B, 0x80, 0x01, 0xE0, 0x0B, 0x80, 0x01, 0xE0, 0x07, 0x80,
    0x01, 0xE0, 0x07, 0x80, 0x03, 0xE0, 0x07, 0xC0, 0x0B, 0xE0, 0x03, 0xE0, 0x2F, 0xF0, 0x02, 0xFF,
    0xFC, 0xFE, 0x00, 0x7F, 0xD0, 0xFE, 0x00, 0x00, 0xF8, 0x00, 0x00, 0x2F, 0x00, 0x00, 0x03, 0xC0,
    0x00, 0x00, 0x74, 0x00, 0x00, 0x00, 0x00, 0x0B, 0xC0, 0x00, 0x1F, 0x3D, 0x00, 0x02, 0xE3, 0xE0,
    0x00, 0x3C, 0x1F, 0x00, 0x03, 0xC0, 0xF4, 0x00, 0x78, 0x0B, 0xC0, 0x0F, 0x40, 0x3C, 0x00, 0xF0,
    0x02, 0xE0, 0x1E, 0x00, 0x1F, 0x02, 0xD0, 0x00, 0xF4, 0x3C, 0x00, 0x0B, 0xC3, 0xC0, 0x00, 0x3C,
    0x78, 0x00, 0x02, 0xFF, 0x40, 0x00, 0x1F, 0xF0, 0x00, 0x00, 0x1E, 0x00, 0x00, 0x02, 0xD0, 0x00,
    0x00, 0x3C, 0x00, 0x05, 0x0F, 0x80, 0x00, 0xFF, 0xF0, 0x00, 0x07, 0xF8, 0x00, 0x00, 0x7F, 0x80,
    0x00, 0x01, 0xFE, 0x00, 0x00, 0x00, 0x78, 0x00, 0x00, 0x01, 0xE0, 0x00, 0x00, 0x07, 0x80, 0x00,
    0x00, 0x1E, 0x1F, 0xF8, 0x00, 0x7A, 0xFF, 0xFD, 0x01, 0xFE, 0x01, 0xFC, 0x07, 0xE0, 0x00, 0xF8,
    0x1F, 0x00, 0x02, 0xE0, 0x78, 0x00, 0x07, 0xC1, 0xE0, 0x00, 0x1F, 0x07, 0x80, 0x00, 0x7C, 0x1E,
    0x00, 0x02, 0xF0, 0x78, 0x00, 0x0F, 0x81, 0xE0, 0x00, 0xBC, 0x07, 0xD0, 0x0B, 0xD0, 0x1F, 0xFF,
    0xFD, 0x00, 0x7E, 0xFF, 0x80, 0x01, 0xE0, 0x00, 0x00, 0x07, 0x80, 0x00, 0x00, 0x1E, 0x00, 0x00,
    0x00, 0x78, 0x00, 0x00, 0x01, 0xE0, 0x00, 0x00, 0x07, 0x80, 0x00, 0x00, 0x02, 0xD0, 0x2D, 0x00,
    0x3F, 0x03, 0xF0, 0x02, 0xD0, 0x2D, 0x00, 0x00, 0x00, 0x00, 0x00, 0x00, 0x00, 0x0B, 0xC0, 0x00,
    0x1F, 0x3D, 0x00, 0x02, 0xE3, 0xE0, 0x00, 0x3C, 0x1F, 0x00, 0x03, 0xC0, 0xF4, 0x00, 0x78, 0x0B,
    0xC0, 0x0F, 0x40, 0x3C, 0x00, 0xF0, 0x02, 0xE0, 0x1E, 0x00, 0x1F, 0x02, 0xD0, 0x00, 0xF4, 0x3C,
    0x00, 0x0B, 0xC3, 0xC0, 0x00, 0x3C, 0x78, 0x00, 0x02, 0xFF, 0x40, 0x00, 0x1F, 0xF0, 0x00, 0x00,
    0x1E, 0x00, 0x00, 0x02, 0xD0, 0x00, 0x00, 0x3C, 0x00, 0x05, 0x0F, 0x80, 0x00, 0xFF, 0xF0, 0x00,
    0x07, 0xF8, 0x00, 0x00, 0x3F, 0xFE, 0x00, 0x0F, 0xFF, 0x80, 0x00, 0x01, 0xE0, 0x00, 0x00, 0x78,
    0x00, 0x00, 0x1E, 0x00, 0x00, 0x07, 0x80, 0x00, 0x01, 0xE0, 0x00, 0x00, 0x78, 0x00, 0x00, 0x1E,
    0x00, 0x00, 0x07, 0x80, 0x00, 0x01, 0xE0, 0x00, 0x00, 0x78, 0x00, 0x3F, 0xFF, 0xFF, 0x4F, 0xFF,
    0xFF, 0xD0, 0x00, 0xBF, 0xFF, 0xFE, 0x03, 0xFF, 0xFF, 0xFE, 0x0F, 0x80, 0xB8, 0x00, 0x1F, 0x00,
    0xB8, 0x00, 0x2E, 0x00, 0xB8, 0x00, 0x3D, 0x00, 0xB8, 0x00, 0x3C, 0x00, 0xB8, 0x00, 0x3C, 0x00,
    0xB8, 0x00, 0x3C, 0x00, 0xBF, 0xFC, 0x3C, 0x00, 0xBF, 0xFC, 0x3C, 0x00, 0xB8, 0x00, 0x3C, 0x00,
    0xB8, 0x00, 0x3C, 0x00, 0xB8, 0x00, 0x3D, 0x00, 0xB8, 0x00, 0x2E, 0x00, 0xB8, 0x00, 0x1F, 0x00,
    0xB8, 0x00, 0x0F, 0xC0, 0xB8, 0x00, 0x03, 0xFF, 0xFF, 0xFE, 0x00, 0xBF, 0xFF, 0xFE, 0x07, 0xF0,
    0x7F, 0x40, 0x7F, 0xF7, 0xFF, 0x43, 0xD2, 0xFD, 0x2E, 0x1E, 0x03, 0xE0, 0x3C, 0xB4, 0x0F, 0x40,
    0xF3, 0xC0, 0x2F, 0xFF, 0xCF, 0x00, 0xBF, 0xFF, 0x3C, 0x02, 0xD0, 0x00, 0xF0, 0x0B, 0x40, 0x02,
    0xD0, 0x3E, 0x00, 0x07, 0x80, 0xFC, 0x00, 0x0F, 0x4B, 0xF8, 0x24, 0x2F, 0xFD, 0xFF, 0xE0, 0x2F,
    0xC1, 0xFE, 0x00, 0x0F, 0x8B, 0xC3, 0xC1, 0xC0, 0x0B, 0x80, 0xB8, 0x03, 0xF0, 0x3F, 0x00, 0xB8,
    0x0B, 0x80, 0x00, 0x00, 0x00, 0x3F, 0xFF, 0xFF, 0x0F, 0xFF, 0xFF, 0xC3, 0xC0, 0x00, 0x00, 0xF0,
    0x00, 0x00, 0x3C, 0x00, 0x00, 0x0F, 0x00, 0x00, 0x03, 0xC0, 0x00, 0x00, 0xF0, 0x00, 0x00, 0x3F,
    0xFF, 0xFD, 0x0F, 0xFF, 0xFF, 0x43, 0xC0, 0x00, 0x00, 0xF0, 0x00, 0x00, 0x3C, 0x00, 0x00, 0x0F,
    0x00, 0x00, 0x03, 0xC0, 0x00, 0x00, 0xF0, 0x00, 0x00, 0x3C, 0x00, 0x00, 0x0F, 0xFF, 0xFF, 0xC3,
    0xFF, 0xFF, 0xF0, 0x7F, 0xFF, 0xFF, 0xC0, 0x7F, 0xFF, 0xFF, 0xC0, 0x00, 0x3D, 0x00, 0x00, 0x00,
    0x3D, 0x00, 0x00, 0x00, 0x3D, 0x00, 0x00, 0x00, 0x3D, 0x00, 0x00, 0x00, 0x3D, 0x00, 0x00, 0x00,
    0x3E, 0xBF, 0xD0, 0x00, 0x3F, 0xFF, 0xF8, 0x00, 0x3E, 0x00, 0xFC, 0x00, 0x3D, 0x00, 0x3E, 0x00,
    0x3D, 0x00, 0x2F, 0x00, 0x3D, 0x00, 0x2F, 0x00, 0x3D, 0x00, 0x2F, 0x00, 0x3D, 0x00, 0x2E, 0x00,
    0x3D, 0x00, 0x3D, 0x00, 0x3D, 0x00, 0xBC, 0x00, 0x3D, 0x7F, 0xF4, 0x00, 0x3D, 0x3F, 0x90, 0x00,
    0x00, 0x3F, 0x40, 0x00, 0x1F, 0x80, 0x00, 0x07, 0xC0, 0x00, 0x00, 0x00, 0x00, 0x3F, 0xFF, 0xFF,
    0xF3, 0xFF, 0xFF, 0xFF, 0x02, 0xE0, 0x00, 0xF0, 0x2E, 0x00, 0x0F, 0x02, 0xE0, 0x00, 0xF0, 0x2E,
    0x00, 0x00, 0x02, 0xE0, 0x00, 0x00, 0x2E, 0x00, 0x00, 0x02, 0xE0, 0x00, 0x00, 0x2E, 0x00, 0x00,
    0x02, 0xE0, 0x00, 0x00, 0x2E, 0x00, 0x00, 0x02, 0xE0, 0x00, 0x00, 0x2E, 0x00, 0x00, 0x02, 0xE0,
    0x00, 0x00, 0x2E, 0x00, 0x00, 0x02, 0xE0, 0x00, 0x03, 0xFF, 0xFF, 0x00, 0x3F, 0xFF, 0xF0, 0x00,
    0x00, 0x1B, 0xFF, 0x40, 0x0F, 0xFF, 0xFD, 0x07, 0xF8, 0x02, 0xD0, 0xFC, 0x00, 0x2D, 0x2F, 0x00,
    0x02, 0xD3, 0xE0, 0x00, 0x00, 0x3C, 0x00, 0x00, 0x07, 0xC0, 0x00, 0x00, 0x7F, 0xFF, 0xFC, 0x07,
    0xFF, 0xFF, 0xC0, 0x7C, 0x00, 0x00, 0x07, 0xC0, 0x00, 0x00, 0x3D, 0x00, 0x00, 0x03, 0xE0, 0x00,
    0x00, 0x2F, 0x40, 0x01, 0xE0, 0xFC, 0x00, 0x1E, 0x07, 0xF8, 0x02, 0xE0, 0x1F, 0xFF, 0xFE, 0x00,
    0x1B, 0xFE, 0x00, 0x02, 0xFF, 0xE8, 0x07, 0xFF, 0xFF, 0x83, 0xF4, 0x02, 0xE2, 0xF0, 0x00, 0x78,
    0xF4, 0x00, 0x1E, 0x2E, 0x00, 0x00, 0x07, 0xE0, 0x00, 0x00, 0xBF, 0x40, 0x00, 0x0B, 0xFD, 0x00,
    0x00, 0x2F, 0xF4, 0x00, 0x00, 0xBF, 0x80, 0x00, 0x02, 0xF8, 0x00, 0x00, 0x1F, 0x3C, 0x00, 0x03,
    0xDF, 0x00, 0x00, 0xF7, 0xC0, 0x00, 0x7C, 0xFD, 0x00, 0xBE, 0x2F, 0xFF, 0xFE, 0x00, 0x6F, 0xF9,
    0x00, 0x7F, 0xFF, 0xFF, 0xE7, 0xFF, 0xFF, 0xFE, 0x00, 0x0F, 0x00, 0x00, 0x00, 0xF0, 0x00, 0x00,
    0x0F, 0x00, 0x00, 0x00, 0xF0, 0x00, 0x00, 0x0F, 0x00, 0x00, 0x00, 0xF0, 0x00, 0x00, 0x0F, 0x00,
    0x00, 0x00, 0xF0, 0x00, 0x00, 0x0F, 0x00, 0x00, 0x00, 0xF0, 0x00, 0x00, 0x0F, 0x00, 0x00, 0x00,
    0xF0, 0x00, 0x00, 0x0F, 0x00, 0x00, 0x00, 0xF0, 0x00, 0x00, 0x0F, 0x00, 0x07, 0xFF, 0xFF, 0xFE,
    0x7F, 0xFF, 0xFF, 0xE0, 0x03, 0xD0, 0x3D, 0x00, 0xBE, 0x07, 0xE0, 0x03, 0xD0, 0x3D, 0x00, 0x00,
    0x00, 0x00, 0x7F, 0xFF, 0xFF, 0xE7, 0xFF, 0xFF, 0xFE, 0x00, 0x0F, 0x00, 0x00, 0x00, 0xF0, 0x00,
    0x00, 0x0F, 0x00, 0x00, 0x00, 0xF0, 0x00, 0x00, 0x0F, 0x00, 0x00, 0x00, 0xF0, 0x00, 0x00, 0x0F,
    0x00, 0x00, 0x00, 0xF0, 0x00, 0x00, 0x0F, 0x00, 0x00, 0x00, 0xF0, 0x00, 0x00, 0x0F, 0x00, 0x00,
    0x00, 0xF0, 0x00, 0x00, 0x0F, 0x00, 0x00, 0x00, 0xF0, 0x00, 0x00, 0x0F, 0x00, 0x07, 0xFF, 0xFF,
    0xFE, 0x7F, 0xFF, 0xFF, 0xE0, 0x7F, 0xFF, 0xFD, 0x7F, 0xFF, 0xFD, 0x00, 0x00, 0x3D, 0x00, 0x00,
    0x3D, 0x00, 0x00, 0x3D, 0x00, 0x00, 0x3D, 0x00, 0x00, 0x3D, 0x00, 0x00, 0x3D, 0x00, 0x00, 0x3D,
    0x00, 0x00, 0x3D, 0x00, 0x00, 0x3D, 0x00, 0x00, 0x3D, 0x00, 0x00, 0x3D, 0x00, 0x00, 0x3C, 0x00,
    0x00, 0x7C, 0x00, 0x00, 0xF8, 0x34, 0x07, 0xF0, 0xBF, 0xFF, 0xD0, 0x1B, 0xFE, 0x00, 0x03, 0xFF,
    0xF0, 0x00, 0x00, 0xFF, 0xFC, 0x00, 0x00, 0x3C, 0x0F, 0x00, 0x00, 0x0F, 0x03, 0xC0, 0x00, 0x03,
    0xC0, 0xF0, 0x00, 0x00, 0xF0, 0x3C, 0x00, 0x00, 0x3C, 0x0F, 0x00, 0x00, 0x0F, 0x03, 0xFF, 0x80,
    0x07, 0xC0, 0xFF, 0xFC, 0x01, 0xE0, 0x3D, 0x0F, 0x80, 0x78, 0x0F, 0x01, 0xF0, 0x1E, 0x03, 0xC0,
    0x3C, 0x0B, 0x40, 0xF0, 0x0F, 0x02, 0xD0, 0x3C, 0x03, 0xC0, 0xF0, 0x0F, 0x00, 0xF0, 0x3C, 0x03,
    0xC0, 0x7C, 0x2E, 0x00, 0xF4, 0x7D, 0x3F, 0x40, 0x3F, 0xFF, 0x0F, 0x40, 0x0B, 0xFE, 0x00, 0xB8,
    0x02, 0xE0, 0x00, 0xB8, 0x02, 0xE0, 0x00, 0xB8, 0x02, 0xE0, 0x00, 0xB8, 0x02, 0xE0, 0x00, 0xB8,
    0x02, 0xE0, 0x00, 0xB8, 0x02, 0xE0, 0x00, 0xB8, 0x02, 0xE0, 0x00, 0xB8, 0x02, 0xE0, 0x00, 0xBF,
    0xFF, 0xFF, 0xE0, 0xBF, 0xFF, 0xFF, 0xFC, 0xB8, 0x02, 0xE0, 0x7D, 0xB8, 0x02, 0xE0, 0x2E, 0xB8,
    0x02, 0xE0, 0x1E, 0xB8, 0x02, 0xE0, 0x1E, 0xB8, 0x02, 0xE0, 0x2E, 0xB8, 0x02, 0xE0, 0x2E, 0xB8,
    0x02, 0xE0, 0x7C, 0xB8, 0x02, 0xFF, 0xF8, 0xB8, 0x01, 0xFF, 0xD0, 0xBF, 0xFF, 0xFF, 0x80, 0xBF,
    0xFF, 0xFF, 0x80, 0x00, 0x3D, 0x00, 0x00, 0x00, 0x3D, 0x00, 0x00, 0x00, 0x3D, 0x00, 0x00, 0x00,
    0x3D, 0x00, 0x00, 0x00, 0x3D, 0x00, 0x00, 0x00, 0x3D, 0x6F, 0xE0, 0x00, 0x3F, 0xFF, 0xFC, 0x00,
    0x3F, 0x80, 0x7D, 0x00, 0x3D, 0x00, 0x3E, 0x00, 0x3D, 0x00, 0x2E, 0x00, 0x3D, 0x00, 0x2E, 0x00,
    0x3D, 0x00, 0x2E, 0x00, 0x3D, 0x00, 0x2E, 0x00, 0x3D, 0x00, 0x2E, 0x00, 0x3D, 0x00, 0x2E, 0x00,
    0x3D, 0x00, 0x2E, 0x00, 0x3D, 0x00, 0x2E, 0x00, 0x07, 0xF0, 0x00, 0x00, 0x7E, 0x00, 0x00, 0x07,
    0x80, 0x00, 0x00, 0x00, 0x00, 0x00, 0xB8, 0x00, 0x0B, 0xC2, 0xE0, 0x00, 0xBC, 0x0B, 0x80, 0x07,
    0xD0, 0x2E, 0x00, 0x3E, 0x00, 0xB8, 0x03, 0xF0, 0x02, 0xE0, 0x2F, 0x00, 0x0B, 0x81, 0xF0, 0x00,
    0x2E, 0x0F, 0x40, 0x00, 0xBF, 0xFC, 0x00, 0x02, 0xFF, 0xF0, 0x00, 0x0B, 0x83, 0xF0, 0x00, 0x2E,
    0x07, 0xE0, 0x00, 0xB8, 0x0B, 0xD0, 0x02, 0xE0, 0x0F, 0xC0, 0x0B, 0x80, 0x0F, 0xC0, 0x2E, 0x00,
    0x1F, 0x80, 0xB8, 0x00, 0x2F, 0x42, 0xE0, 0x00, 0x3F, 0x0B, 0x80, 0x00, 0x3E, 0x00, 0x00, 0xB0,
    0x07, 0x40, 0x00, 0xF8, 0x0F, 0x40, 0x00, 0x7F, 0xFF, 0x00, 0x00, 0x1B, 0xF8, 0x00, 0x00, 0x00,
    0x00, 0x00, 0x3E, 0x00, 0x00, 0x3C, 0x2F, 0x00, 0x00, 0x7C, 0x0F, 0x40, 0x00, 0xB8, 0x0B, 0xC0,
    0x00, 0xF4, 0x03, 0xD0, 0x01, 0xF0, 0x02, 0xE0, 0x02, 0xE0, 0x01, 0xF0, 0x03, 0xD0, 0x00, 0xF8,
    0x03, 0xC0, 0x00, 0x7C, 0x07, 0x80, 0x00, 0x3D, 0x0F, 0x40, 0x00, 0x1F, 0x0F, 0x00, 0x00, 0x0F,
    0xFF, 0x00, 0x00, 0x0B, 0xFD, 0x00, 0x00, 0x00, 0x3C, 0x00, 0x00, 0x00, 0x7C, 0x00, 0x00, 0x00,
    0xF4, 0x00, 0x00, 0x02, 0xF0, 0x00, 0x00, 0xBF, 0xD0, 0x00, 0x00, 0xBF, 0x40, 0x00, 0xF4, 0x00,
    0x0F, 0x3D, 0x00, 0x03, 0xCF, 0x40, 0x00, 0xF3, 0xD0, 0x00, 0x3C, 0xF4, 0x00, 0x0F, 0x3D, 0x00,
    0x03, 0xCF, 0x40, 0x00, 0xF3, 0xD0, 0x00, 0x3C, 0xF4, 0x00, 0x0F, 0x3D, 0x00, 0x03, 0xCF, 0x40,
    0x00, 0xF3, 0xD0, 0x00, 0x3C, 0xF4, 0x00, 0x0F, 0x3D, 0x00, 0x03, 0xCF, 0x40, 0x00, 0xF3, 0xD0,
    0x00, 0x3C, 0xF4, 0x00, 0x0F, 0x3F, 0xFF, 0xFF, 0xCF, 0xFF, 0xFF, 0xF0, 0x00, 0xF0, 0x00, 0x00,
    0x3C, 0x00, 0x00, 0x0F, 0x00, 0x00, 0x03, 0xC0, 0x00, 0x00, 0xF0, 0x00, 0x00, 0x07, 0xE0, 0x00,
    0x00, 0x0F, 0xF0, 0x00, 0x00, 0x0F, 0xF0, 0x00, 0x00, 0x1E, 0xB8, 0x00, 0x00, 0x2D, 0x7C, 0x00,
    0x00, 0x3C, 0x3C, 0x00, 0x00, 0x7C, 0x2E, 0x00, 0x00, 0xB4, 0x1F, 0x00, 0x00, 0xF0, 0x0F, 0x00,
    0x01, 0xF0, 0x0B, 0x80, 0x02, 0xE0, 0x07, 0xC0, 0x03, 0xC0, 0x03, 0xC0, 0x07, 0xFF, 0xFF, 0xE0,
    0x0B, 0xFF, 0xFF, 0xF0, 0x0F, 0x00, 0x00, 0xF4, 0x1F, 0x00, 0x00, 0xF8, 0x2E, 0x00, 0x00, 0x7C,
    0x3C, 0x00, 0x00, 0x3D, 0x7C, 0x00, 0x00, 0x3E, 0x3F, 0xFF, 0xFC, 0x0F, 0xFF, 0xFF, 0x03, 0xC0,
    0x00, 0x00, 0xF0, 0x00, 0x00, 0x3C, 0x00, 0x00, 0x0F, 0x00, 0x00, 0x03, 0xC0, 0x00, 0x00, 0xFF,
    0xFE, 0x40, 0x3F, 0xFF, 0xF8, 0x0F, 0x40, 0x6F, 0x83, 0xC0, 0x02, 0xF0, 0xF0, 0x00, 0x3D, 0x3C,
    0x00, 0x0F, 0x4F, 0x00, 0x03, 0xD3, 0xC0, 0x00, 0xF0, 0xF0, 0x00, 0xFC, 0x3C, 0x01, 0xFD, 0x0F,
    0xFF, 0xFD, 0x02, 0xFF, 0xF4, 0x00, 0x2F, 0xFF, 0x90, 0x1F, 0xFF, 0xFF, 0x07, 0xC0, 0x0B, 0xE1,
    0xF0, 0x00, 0xBC, 0x7C, 0x00, 0x1F, 0x1F, 0x00, 0x07, 0xC7, 0xC0, 0x03, 0xD1, 0xF0, 0x07, 0xD0,
    0x7F, 0xFF, 0xC0, 0x1F, 0xFF, 0xFE, 0x07, 0xC0, 0x0B, 0xE1, 0xF0, 0x00, 0x7D, 0x7C, 0x00, 0x0F,
    0x9F, 0x00, 0x02, 0xE7, 0xC0, 0x00, 0xF9, 0xF0, 0x00, 0x7C, 0x7C, 0x01, 0xBE, 0x1F, 0xFF, 0xFE,
    0x03, 0xFF, 0xF8, 0x00, 0x3F, 0xFF, 0xFF, 0xF3, 0xFF, 0xFF, 0xFF, 0x02, 0xE0, 0x00, 0xF0, 0x2E,
    0x00, 0x0F, 0x02, 0xE0, 0x00, 0xF0, 0x2E, 0x00, 0x00, 0x02, 0xE0, 0x00, 0x00, 0x2E, 0x00, 0x00,
    0x02, 0xE0, 0x00, 0x00, 0x2E, 0x00, 0x00, 0x02, 0xE0, 0x00, 0x00, 0x2E, 0x00, 0x00, 0x02, 0xE0,
    0x00, 0x00, 0x2E, 0x00, 0x00, 0x02, 0xE0, 0x00, 0x00, 0x2E, 0x00, 0x00, 0x02, 0xE0, 0x00, 0x03,
    0xFF, 0xFF, 0x00, 0x3F, 0xFF, 0xF0, 0x00, 0x00, 0xBF, 0xFF, 0xF0, 0x00, 0xBF, 0xFF, 0xF0, 0x00,
    0xB8, 0x02, 0xF0, 0x00, 0xB4, 0x02, 0xF0, 0x00, 0xB4, 0x02, 0xF0, 0x00, 0xB4, 0x02, 0xF0, 0x00,
    0xF4, 0x02, 0xF0, 0x00, 0xF0, 0x02, 0xF0, 0x00, 0xF0, 0x02, 0xF0, 0x00, 0xF0, 0x02, 0xF0, 0x01,
    0xF0, 0x02, 0xF0, 0x02, 0xE0, 0x02, 0xF0, 0x02, 0xD0, 0x02, 0xF0, 0x03, 0xD0, 0x02, 0xF0, 0x03,
    0xC0, 0x02, 0xF0, 0x07, 0xC0, 0x02, 0xF0, 0x0F, 0x80, 0x02, 0xF0, 0xFF, 0xFF, 0xFF, 0xFF, 0xFF,
    0xFF, 0xFF, 0xFF, 0xF0, 0x00, 0x00, 0x0F, 0xF0, 0x00, 0x00, 0x0F, 0xF0, 0x00, 0x00, 0x0F, 0xF0,
    0x00, 0x00, 0x0F, 0x3F, 0xFF, 0xFF, 0x0F, 0xFF, 0xFF, 0xC3, 0xC0, 0x00, 0x00, 0xF0, 0x00, 0x00,
    0x3C, 0x00, 0x00, 0x0F, 0x00, 0x00, 0x03, 0xC0, 0x00, 0x00, 0xF0, 0x00, 0x00, 0x3F, 0xFF, 0xFD,
    0x0F, 0xFF, 0xFF, 0x43, 0xC0, 0x00, 0x00, 0xF0, 0x00, 0x00, 0x3C, 0x00, 0x00, 0x0F, 0x00, 0x00,
    0x03, 0xC0, 0x00, 0x00, 0xF0, 0x00, 0x00, 0x3C, 0x00, 0x00, 0x0F, 0xFF, 0xFF, 0xC3, 0xFF, 0xFF,
    0xF0, 0x7C, 0x03, 0xC0, 0x2E, 0x0F, 0x40, 0xF0, 0x0F, 0x03, 0xE0, 0x3C, 0x07, 0xC0, 0x7C, 0x0F,
    0x02, 0xE0, 0x0F, 0x03, 0xC0, 0xF0, 0x03, 0xD0, 0xF0, 0x7C, 0x00, 0xB8, 0x3C, 0x2E, 0x00, 0x0F,
    0x0F, 0x0F, 0x00, 0x03, 0xD3, 0xC7, 0xC0, 0x00, 0xBF, 0xFF, 0xE0, 0x00, 0x2F, 0xFF, 0xF8, 0x00,
    0x0F, 0x4F, 0x0F, 0x00, 0x07, 0xC3, 0xC3, 0xD0, 0x03, 0xE0, 0xF0, 0x7C, 0x00, 0xF0, 0x3C, 0x0F,
    0x40, 0xB8, 0x0F, 0x02, 0xE0, 0x3D, 0x03, 0xC0, 0x7C, 0x1F, 0x00, 0xF0, 0x0F, 0x8F, 0x80, 0x3C,
    0x01, 0xF0, 0x1B, 0xFF, 0x80, 0x2F, 0xFF, 0xFE, 0x0B, 0x80, 0x1F, 0xD2, 0xD0, 0x00, 0xF8, 0xB4,
    0x00, 0x2E, 0x00, 0x00, 0x0B, 0x80, 0x00, 0x07, 0xC0, 0x00, 0x07, 0xD0, 0x00, 0xFF, 0x80, 0x00,
    0x3F, 0xFD, 0x00, 0x00, 0x1F, 0xD0, 0x00, 0x00, 0xBC, 0x00, 0x00, 0x0F, 0x40, 0x00, 0x03, 0xDF,
    0x00, 0x00, 0xF3, 0xC0, 0x00, 0xFC, 0xF4, 0x01, 0xFC, 0x3F, 0xFF, 0xFD, 0x01, 0xBF, 0xF4, 0x00,
    0x7C, 0x00, 0x03, 0xE7, 0xC0, 0x00, 0x7E, 0x7C, 0x00, 0x0F, 0xE7, 0xC0, 0x02, 0xFE, 0x7C, 0x00,
    0x3E, 0xE7, 0xC0, 0x0B, 0x6E, 0x7C, 0x00, 0xF2, 0xE7, 0xC0, 0x3D, 0x2E, 0x7C, 0x07, 0xC2, 0xE7,
    0xC0, 0xF0, 0x2E, 0x7C, 0x1E, 0x02, 0xE7, 0xC3, 0xC0, 0x2E, 0x7C, 0xB4, 0x02, 0xE7, 0xCF, 0x00,
    0x2E, 0x7E, 0xD0, 0x02, 0xE7, 0xFC, 0x00, 0x2E, 0x7F, 0x00, 0x02, 0xE7, 0xE0, 0x00, 0x2E, 0x7C,
    0x00, 0x02, 0xE0, 0x02, 0xC0, 0x0D, 0x00, 0x3F, 0x03, 0xE0, 0x01, 0xFF, 0xFC, 0x00, 0x02, 0xFE,
    0x00, 0x00, 0x00, 0x00, 0x07, 0xC0, 0x00, 0x3E, 0x7C, 0x00, 0x07, 0xE7, 0xC0, 0x00, 0xFE, 0x7C,
    0x00, 0x2F, 0xE7, 0xC0, 0x03, 0xEE, 0x7C, 0x00, 0xB6, 0xE7, 0xC0, 0x0F, 0x2E, 0x7C, 0x03, 0xD2,
    0xE7, 0xC0, 0x7C, 0x2E, 0x7C, 0x0F, 0x02, 0xE7, 0xC1, 0xE0, 0x2E, 0x7C, 0x3C, 0x02, 0xE7, 0xCB,
    0x40, 0x2E, 0x7C, 0xF0, 0x02, 0xE7, 0xED, 0x00, 0x2E, 0x7F, 0xC0, 0x02, 0xE7, 0xF0, 0x00, 0x2E,
    0x7E, 0x00, 0x02, 0xE7, 0xC0, 0x00, 0x2E, 0xB8, 0x00, 0x0B, 0xC2, 0xE0, 0x00, 0xBC, 0x0B, 0x80,
    0x07, 0xD0, 0x2E, 0x00, 0x3E, 0x00, 0xB8, 0x03, 0xF0, 0x02, 0xE0, 0x2F, 0x00, 0x0B, 0x81, 0xF0,
    0x00, 0x2E, 0x0F, 0x40, 0x00, 0xBF, 0xFC, 0x00, 0x02, 0xFF, 0xF0, 0x00, 0x0B, 0x83, 0xF0, 0x00,
    0x2E, 0x07, 0xE0, 0x00, 0xB8, 0x0B, 0xD0, 0x02, 0xE0, 0x0F, 0xC0, 0x0B, 0x80, 0x0F, 0xC0, 0x2E,
    0x00, 0x1F, 0x80, 0xB8, 0x00, 0x2F, 0x42, 0xE0, 0x00, 0x3F, 0x0B, 0x80, 0x00, 0x3E, 0x00, 0x00,
    0x7F, 0xFF, 0xF0, 0x01, 0xFF, 0xFF, 0xC0, 0x07, 0xC0, 0x0F, 0x00, 0x1E, 0x00, 0x3C, 0x00, 0x78,
    0x00, 0xF0, 0x02, 0xE0, 0x03, 0xC0, 0x0B, 0x80, 0x0F, 0x00, 0x2D, 0x00, 0x3C, 0x00, 0xB4, 0x00,
    0xF0, 0x03, 0xC0, 0x03, 0xC0, 0x0F, 0x00, 0x0F, 0x00, 0x3C, 0x00, 0x3C, 0x01, 0xF0, 0x00, 0xF0,
    0x0B, 0x80, 0x03, 0xC0, 0x3D, 0x00, 0x0F, 0x00, 0xF0, 0x00, 0x3C, 0x0F, 0x80, 0x00, 0xF2, 0xFC,
    0x00, 0x03, 0xCF, 0xD0, 0x00, 0x0F, 0x00, 0x7C, 0x00, 0x02, 0xE7, 0xE0, 0x00, 0x7E, 0x7F, 0x00,
    0x0F, 0xE7, 0xFC, 0x01, 0xFE, 0x7B, 0xD0, 0x3E, 0xE7, 0x9F, 0x0B, 0xAE, 0x7C, 0xF9, 0xF2, 0xE7,
    0xC7, 0xFD, 0x2E, 0x7C, 0x2F, 0xC2, 0xE7, 0xC0, 0xF4, 0x2E, 0x7C, 0x0A, 0x02, 0xE7, 0xC0, 0x00,
    0x2E, 0x7C, 0x00, 0x02, 0xE7, 0xC0, 0x00, 0x2E, 0x7C, 0x00, 0x02, 0xE7, 0xC0, 0x00, 0x2E, 0x7C,
    0x00, 0x02, 0xE7, 0xC0, 0x00, 0x2E, 0x7C, 0x00, 0x02, 0xE0, 0x7C, 0x00, 0x02, 0xE7, 0xC0, 0x00,
    0x2E, 0x7C, 0x00, 0x02, 0xE7, 0xC0, 0x00, 0x2E, 0x7C, 0x00, 0x02, 0xE7, 0xC0, 0x00, 0x2E, 0x7C,
    0x00, 0x02, 0xE7, 0xC0, 0x00, 0x2E, 0x7F, 0xFF, 0xFF, 0xE7, 0xFF, 0xFF, 0xFE, 0x7C, 0x00, 0x02,
    0xE7, 0xC0, 0x00, 0x2E, 0x7C, 0x00, 0x02, 0xE7, 0xC0, 0x00, 0x2E, 0x7C, 0x00, 0x02, 0xE7, 0xC0,
    0x00, 0x2E, 0x7C, 0x00, 0x02, 0xE7, 0xC0, 0x00, 0x2E, 0x7C, 0x00, 0x02, 0xE0, 0x00, 0xBF, 0xE0,
    0x00, 0x3F, 0xFF, 0xD0, 0x0F, 0xD0, 0x7F, 0x42, 0xF0, 0x00, 0xFC, 0x3D, 0x00, 0x07, 0xC7, 0xC0,
    0x00, 0x3E, 0x7C, 0x00, 0x02, 0xEB, 0xC0, 0x00, 0x2F, 0xB8, 0x00, 0x02, 0xFB, 0x80, 0x00, 0x1F,
    0xB8, 0x00, 0x02, 0xFB, 0xC0, 0x00, 0x2F, 0x7C, 0x00, 0x02, 0xE7, 0xC0, 0x00, 0x3D, 0x3E, 0x00,
    0x03, 0xC2, 0xF0, 0x00, 0xFC, 0x0F, 0xD0, 0x3F, 0x00, 0x7F, 0xFF, 0xD0, 0x00, 0xBF, 0xE0, 0x00,
    0x3F, 0xFF, 0xFF, 0xD3, 0xFF, 0xFF, 0xFD, 0x3C, 0x00, 0x03, 0xD3, 0xC0, 0x00, 0x3D, 0x3C, 0x00,
    0x03, 0xD3, 0xC0, 0x00, 0x3D, 0x3C, 0x00, 0x03, 0xD3, 0xC0, 0x00, 0x3D, 0x3C, 0x00, 0x03, 0xD3,
    0xC0, 0x00, 0x3D, 0x3C, 0x00, 0x03, 0xD3, 0xC0, 0x00, 0x3D, 0x3C, 0x00, 0x03, 0xD3, 0xC0, 0x00,
    0x3D, 0x3C, 0x00, 0x03, 0xD3, 0xC0, 0x00, 0x3D, 0x3C, 0x00, 0x03, 0xD3, 0xC0, 0x00, 0x3D, 0x3C,
    0x00, 0x03, 0xD0, 0x2F, 0xFF, 0x80, 0x1F, 0xFF, 0xFE, 0x07, 0xC0, 0x1F, 0xE1, 0xF0, 0x00, 0xBC,
    0x7C, 0x00, 0x0F, 0x5F, 0x00, 0x03, 0xD7, 0xC0, 0x00, 0xF5, 0xF0, 0x00, 0x3D, 0x7C, 0x00, 0x2F,
    0x1F, 0x00, 0x7F, 0x47, 0xFF, 0xFF, 0x41, 0xFF, 0xFD, 0x00, 0x7C, 0x00, 0x00, 0x1F, 0x00, 0x00,
    0x07, 0xC0, 0x00, 0x01, 0xF0, 0x00, 0x00, 0x7C, 0x00, 0x00, 0x1F, 0x00, 0x00, 0x07, 0xC0, 0x00,
    0x00, 0x00, 0x1B, 0xFF, 0x40, 0x0F, 0xFF, 0xFD, 0x03, 0xF8, 0x02, 0xD0, 0xFC, 0x00, 0x2D, 0x1F,
    0x40, 0x02, 0xD2, 0xF0, 0x00, 0x00, 0x3E, 0x00, 0x00, 0x03, 0xD0, 0x00, 0x00, 0x3C, 0x00, 0x00,
    0x03, 0xC0, 0x00, 0x00, 0x3C, 0x00, 0x00, 0x03, 0xD0, 0x00, 0x00, 0x3E, 0x00, 0x00, 0x02, 0xF0,
    0x00, 0x00, 0x1F, 0x40, 0x01, 0xE0, 0xFD, 0x00, 0x1E, 0x03, 0xF8, 0x02, 0xE0, 0x0F, 0xFF, 0xFE,
    0x00, 0x1B, 0xFE, 0x00, 0xFF, 0xFF, 0xFF, 0xF3, 0xFF, 0xFF, 0xFF, 0xCF, 0x00, 0xF0, 0x0F, 0x3C,
    0x03, 0xC0, 0x3C, 0xF0, 0x0F, 0x00, 0xF0, 0x00, 0x3C, 0x00, 0x00, 0x00, 0xF0, 0x00, 0x00, 0x03,
    0xC0, 0x00, 0x00, 0x0F, 0x00, 0x00, 0x00, 0x3C, 0x00, 0x00, 0x00, 0xF0, 0x00, 0x00, 0x03, 0xC0,
    0x00, 0x00, 0x0F, 0x00, 0x00, 0x00, 0x3C, 0x00, 0x00, 0x00, 0xF0, 0x00, 0x00, 0x03, 0xC0, 0x00,
    0x00, 0x0F, 0x00, 0x00, 0x0F, 0xFF, 0xF0, 0x00, 0x3F, 0xFF, 0xC0, 0x00, 0x3E, 0x00, 0x00, 0x3C,
    0x2F, 0x00, 0x00, 0x7C, 0x0F, 0x40, 0x00, 0xB8, 0x0B, 0xC0, 0x00, 0xF4, 0x03, 0xD0, 0x01, 0xF0,
    0x02, 0xE0, 0x02, 0xE0, 0x01, 0xF0, 0x03, 0xD0, 0x00, 0xF8, 0x03, 0xC0, 0x00, 0x7C, 0x07, 0x80,
    0x00, 0x3D, 0x0F, 0x40, 0x00, 0x1F, 0x0F, 0x00, 0x00, 0x0F, 0xFF, 0x00, 0x00, 0x0B, 0xFD, 0x00,
    0x00, 0x00, 0x3C, 0x00, 0x00, 0x00, 0x7C, 0x00, 0x00, 0x00, 0xF4, 0x00, 0x00, 0x02, 0xF0, 0x00,
    0x00, 0xBF, 0xD0, 0x00, 0x00, 0xBF, 0x40, 0x00, 0x00, 0x03, 0xC0, 0x00, 0x00, 0x03, 0xC0, 0x00,
    0x00, 0xBF, 0xFE, 0x00, 0x07, 0xFF, 0xFF, 0xE0, 0x0F, 0x83, 0xC2, 0xF4, 0x2F, 0x03, 0xC0, 0xBC,
    0x3D, 0x03, 0xC0, 0x3C, 0x3C, 0x03, 0xC0, 0x3D, 0x7C, 0x03, 0xC0, 0x2E, 0x7C, 0x03, 0xC0, 0x2E,
    0x7C, 0x03, 0xC0, 0x2E, 0x7C, 0x03, 0xC0, 0x3D, 0x3C, 0x03, 0xC0, 0x3C, 0x3E, 0x03, 0xC0, 0xBC,
    0x1F, 0x83, 0xC2, 0xF4, 0x0B, 0xFF, 0xFF, 0xD0, 0x01, 0xBF, 0xFE, 0x00, 0x00, 0x03, 0xC0, 0x00,
    0x00, 0x03, 0xC0, 0x00, 0x2F, 0x00, 0x00, 0x7C, 0x0F, 0x80, 0x00, 0xF4, 0x07, 0xD0, 0x02, 0xF0,
    0x03, 0xF0, 0x07, 0xC0, 0x00, 0xF4, 0x0F, 0x40, 0x00, 0xBC, 0x2F, 0x00, 0x00, 0x3E, 0x3C, 0x00,
    0x00, 0x1F, 0xF8, 0x00, 0x00, 0x0B, 0xF0, 0x00, 0x00, 0x07, 0xE0, 0x00, 0x00, 0x0F, 0xF4, 0x00,
    0x00, 0x2E, 0xBC, 0x00, 0x00, 0x7C, 0x3E, 0x00, 0x00, 0xF8, 0x1F, 0x00, 0x02, 0xF0, 0x0F, 0xC0,
    0x03, 0xD0, 0x03, 0xD0, 0x0F, 0x80, 0x02, 0xF0, 0x1F, 0x00, 0x00, 0xF8, 0x3D, 0x00, 0x00, 0x7D,
    0x3C, 0x00, 0x07, 0xC0, 0x3C, 0x00, 0x07, 0xC0, 0x3C, 0x00, 0x07, 0xC0, 0x3C, 0x00, 0x07, 0xC0,
    0x3C, 0x00, 0x07, 0xC0, 0x3C, 0x00, 0x07, 0xC0, 0x3C, 0x00, 0x07, 0xC0, 0x3C, 0x00, 0x07, 0xC0,
    0x3C, 0x00, 0x07, 0xC0, 0x3C, 0x00, 0x07, 0xC0, 0x3C, 0x00, 0x07, 0xC0, 0x3C, 0x00, 0x07, 0xC0,
    0x3C, 0x00, 0x07, 0xC0, 0x3C, 0x00, 0x07, 0xC0, 0x3C, 0x00, 0x07, 0xC0, 0x3C, 0x00, 0x07, 0xC0,
    0x3C, 0x00, 0x07, 0xC0, 0x3F, 0xFF, 0xFF, 0xFC, 0x3F, 0xFF, 0xFF, 0xFC, 0x00, 0x00, 0x00, 0x3C,
    0x00, 0x00, 0x00, 0x3C, 0x00, 0x00, 0x00, 0x3C, 0x00, 0x00, 0x00, 0x3C, 0xF4, 0x00, 0x0F, 0x3D,
    0x00, 0x03, 0xCF, 0x40, 0x00, 0xF3, 0xD0, 0x00, 0x3C, 0xF4, 0x00, 0x0F, 0x3D, 0x00, 0x03, 0xCF,
    0x40, 0x00, 0xF2, 0xE0, 0x00, 0x3C, 0xBC, 0x00, 0x0F, 0x1F, 0xC0, 0x1F, 0xC2, 0xFF, 0xFF, 0xF0,
    0x1F, 0xF9, 0x3C, 0x00, 0x00, 0x0F, 0x00, 0x00, 0x03, 0xC0, 0x00, 0x00, 0xF0, 0x00, 0x00, 0x3C,
    0x00, 0x00, 0x0F, 0x00, 0x00, 0x03, 0xC0, 0x00, 0x00, 0xF0, 0xB4, 0x0F, 0x01, 0xFB, 0x40, 0xF0,
    0x1F, 0xB4, 0x0F, 0x01, 0xFB, 0x40, 0xF0, 0x1F, 0xB4, 0x0F, 0x01, 0xFB, 0x40, 0xF0, 0x1F, 0xB4,
    0x0F, 0x01, 0xFB, 0x40, 0xF0, 0x1F, 0xB4, 0x0F, 0x01, 0xFB, 0x40, 0xF0, 0x1F, 0xB4, 0x0F, 0x01,
    0xFB, 0x40, 0xF0, 0x1F, 0xB4, 0x0F, 0x01, 0xFB, 0x40, 0xF0, 0x1F, 0xB4, 0x0F, 0x01, 0xFB, 0x40,
    0xF0, 0x1F, 0xB4, 0x0F, 0x01, 0xFB, 0xFF, 0xFF, 0xFF, 0xBF, 0xFF, 0xFF, 0xF0, 0xF0, 0x0F, 0x02,
    0xE0, 0xF0, 0x0F, 0x02, 0xE0, 0xF0, 0x0F, 0x02, 0xE0, 0xF0, 0x0F, 0x02, 0xE0, 0xF0, 0x0F, 0x02,
    0xE0, 0xF0, 0x0F, 0x02, 0xE0, 0xF0, 0x0F, 0x02, 0xE0, 0xF0, 0x0F, 0x02, 0xE0, 0xF0, 0x0F, 0x02,
    0xE0, 0xF0, 0x0F, 0x02, 0xE0, 0xF0, 0x0F, 0x02, 0xE0, 0xF0, 0x0F, 0x02, 0xE0, 0xF0, 0x0F, 0x02,
    0xE0, 0xF0, 0x0F, 0x02, 0xE0, 0xF0, 0x0F, 0x02, 0xE0, 0xF0, 0x0F, 0x02, 0xE0, 0xF0, 0x0F, 0x02,
    0xE0, 0xFF, 0xFF, 0xFF, 0xFC, 0xFF, 0xFF, 0xFF, 0xFC, 0x00, 0x00, 0x00, 0x2C, 0x00, 0x00, 0x00,
    0x2C, 0x00, 0x00, 0x00, 0x2C, 0x00, 0x00, 0x00, 0x2C, 0x7F, 0xF8, 0x00, 0x00, 0x7F, 0xF8, 0x00,
    0x00, 0x00, 0xB8, 0x00, 0x00, 0x00, 0xB8, 0x00, 0x00, 0x00, 0xB8, 0x00, 0x00, 0x00, 0xB8, 0x00,
    0x00, 0x00, 0xB8, 0x00, 0x00, 0x00, 0xBF, 0xFE, 0x00, 0x00, 0xBF, 0xFF, 0xE0, 0x00, 0xB8, 0x07,
    0xF4, 0x00, 0xB8, 0x00, 0xBC, 0x00, 0xB8, 0x00, 0x3C, 0x00, 0xB8, 0x00, 0x3D, 0x00, 0xB8, 0x00,
    0x3D, 0x00, 0xB8, 0x00, 0x7C, 0x00, 0xB8, 0x00, 0xFC, 0x00, 0xB8, 0x07, 0xF0, 0x00, 0xBF, 0xFF,
    0xD0, 0x00, 0x7F, 0xFD, 0x00, 0xB8, 0x00, 0x01, 0xFB, 0x80, 0x00, 0x1F, 0xB8, 0x00, 0x01, 0xFB,
    0x80, 0x00, 0x1F, 0xB8, 0x00, 0x01, 0xFB, 0x80, 0x00, 0x1F, 0xB8, 0x00, 0x01, 0xFB, 0xFF, 0x80,
    0x1F, 0xBF, 0xFF, 0x41, 0xFB, 0x80, 0xFC, 0x1F, 0xB8, 0x03, 0xE1, 0xFB, 0x80, 0x2E, 0x1F, 0xB8,
    0x01, 0xF1, 0xFB, 0x80, 0x1F, 0x1F, 0xB8, 0x02, 0xE1, 0xFB, 0x80, 0x3D, 0x1F, 0xB8, 0x1F, 0xC1,
    0xFB, 0xFF, 0xF0, 0x1F, 0x7F, 0xF8, 0x01, 0xF0, 0xF4, 0x00, 0x00, 0xF4, 0x00, 0x00, 0xF4, 0x00,
    0x00, 0xF4, 0x00, 0x00, 0xF4, 0x00, 0x00, 0xF4, 0x00, 0x00, 0xF4, 0x00, 0x00, 0xFF, 0xFE, 0x40,
    0xFF, 0xFF, 0xF4, 0xF8, 0x01, 0xFC, 0xF4, 0x00, 0x3E, 0xF4, 0x00, 0x2F, 0xF4, 0x00, 0x1F, 0xF4,
    0x00, 0x1F, 0xF4, 0x00, 0x2E, 0xF4, 0x00, 0x7D, 0xF4, 0x02, 0xF8, 0xFF, 0xFF, 0xE0, 0xBF, 0xFE,
    0x00, 0x0B, 0xFF, 0x80, 0x03, 0xFF, 0xFF, 0x80, 0x3D, 0x01, 0xBE, 0x03, 0xC0, 0x01, 0xF4, 0x3C,
    0x00, 0x0B, 0x80, 0x00, 0x00, 0x3C, 0x00, 0x00, 0x03, 0xD0, 0x00, 0x00, 0x2D, 0x00, 0x7F, 0xFF,
    0xE0, 0x07, 0xFF, 0xFE, 0x00, 0x00, 0x02, 0xE0, 0x00, 0x00, 0x3D, 0x00, 0x00, 0x03, 0xD0, 0x00,
    0x00, 0x7C, 0x78, 0x00, 0x0F, 0x87, 0x80, 0x02, 0xF0, 0x7D, 0x01, 0xFD, 0x07, 0xFF, 0xFF, 0x40,
    0x1B, 0xFE, 0x40, 0x00, 0x3C, 0x00, 0xBF, 0x40, 0x3C, 0x02, 0xFF, 0xE0, 0x3C, 0x07, 0xD1, 0xF4,
    0x3C, 0x0F, 0x40, 0xBC, 0x3C, 0x0F, 0x00, 0x3C, 0x3C, 0x1F, 0x00, 0x3D, 0x3C, 0x1F, 0x00, 0x3D,
    0x3C, 0x2E, 0x00, 0x3D, 0x3F, 0xFE, 0x00, 0x2E, 0x3F, 0xFE, 0x00, 0x2E, 0x3C, 0x2E, 0x00, 0x2E,
    0x3C, 0x2E, 0x00, 0x2D, 0x3C, 0x1F, 0x00, 0x3D, 0x3C, 0x1F, 0x00, 0x3C, 0x3C, 0x0F, 0x00, 0x3C,
    0x3C, 0x0F, 0x80, 0x78, 0x3C, 0x07, 0xD1, 0xF4, 0x3C, 0x03, 0xFF, 0xE0, 0x3C, 0x00, 0xBF, 0x40,
    0x00, 0x6F, 0xFF, 0x40, 0xBF, 0xFF, 0xE0, 0xBE, 0x40, 0xF8, 0x3D, 0x00, 0x2E, 0x1F, 0x00, 0x0B,
    0x87, 0xC0, 0x02, 0xE1, 0xF0, 0x00, 0xB8, 0x3E, 0x00, 0x2E, 0x0B, 0xE4, 0x0B, 0x80, 0xBF, 0xFF,
    0xE0, 0x07, 0xFF, 0xF8, 0x00, 0xF0, 0x2E, 0x00, 0xF8, 0x0B, 0x80, 0x7C, 0x02, 0xE0, 0x3D, 0x00,
    0xB8, 0x2F, 0x00, 0x2E, 0x1F, 0x40, 0x0B, 0x8F, 0x80, 0x02, 0xEB, 0xC0, 0x00, 0xB8, 0x06, 0xFF,
    0x80, 0x0F, 0xFF, 0xFC, 0x02, 0x90, 0x1F, 0x40, 0x00, 0x01, 0xE0, 0x00, 0x00, 0x3C, 0x00, 0x00,
    0x0F, 0x00, 0x6F, 0xFF, 0xC0, 0xFF, 0xFF, 0xF0, 0xBD, 0x00, 0x7C, 0x3D, 0x00, 0x1F, 0x0F, 0x40,
    0x0B, 0xC3, 0xF0, 0x1F, 0xF0, 0x7F, 0xFF, 0x3F, 0x82, 0xFE, 0x0F, 0xE0, 0x00, 0x00, 0x06, 0x40,
    0x06, 0xFF, 0xF8, 0x03, 0xFF, 0xFE, 0x00, 0xFD, 0x00, 0x00, 0x1E, 0x00, 0x00, 0x03, 0xC0, 0x00,
    0x00, 0x3C, 0x2F, 0xF4, 0x03, 0x9F, 0xFF, 0xF0, 0x7F, 0xD0, 0x2F, 0x87, 0xE0, 0x00, 0x7C, 0x7C,
    0x00, 0x03, 0xD7, 0xC0, 0x00, 0x2E, 0x7C, 0x00, 0x02, 0xE7, 0xC0, 0x00, 0x2E, 0x3C, 0x00, 0x03,
    0xD3, 0xD0, 0x00, 0x3D, 0x2F, 0x00, 0x0B, 0xC0, 0xFD, 0x02, 0xF4, 0x03, 0xFF, 0xFD, 0x00, 0x0B,
    0xFE, 0x00, 0xBF, 0xFF, 0x80, 0xFF, 0xFF, 0xF0, 0xF4, 0x01, 0xF8, 0xF4, 0x00, 0xB8, 0xF4, 0x00,
    0xB4, 0xF4, 0x02, 0xF0, 0xFF, 0xFF, 0x80, 0xFF, 0xFF, 0xE0, 0xF4, 0x01, 0xBC, 0xF4, 0x00, 0x3C,
    0xF4, 0x00, 0x3D, 0xF4, 0x00, 0xBC, 0xFF, 0xFF, 0xF4, 0xBF, 0xFF, 0x80, 0x7F, 0xFF, 0xFE, 0x7F,
    0xFF, 0xFE, 0x0B, 0x80, 0x0E, 0x0B, 0x80, 0x0E, 0x0B, 0x80, 0x0E, 0x0B, 0x80, 0x00, 0x0B, 0x80,
    0x00, 0x0B, 0x80, 0x00, 0x0B, 0x80, 0x00, 0x0B, 0x80, 0x00, 0x0B, 0x80, 0x00, 0x0B, 0x80, 0x00,
    0x7F, 0xFF, 0x80, 0x7F, 0xFF, 0x80, 0x00, 0x7F, 0xFF, 0xC0, 0x00, 0x7F, 0xFF, 0xC0, 0x00, 0x78,
    0x03, 0xC0, 0x00, 0x78, 0x03, 0xC0, 0x00, 0xB4, 0x03, 0xC0, 0x00, 0xB4, 0x03, 0xC0, 0x00, 0xF0,
    0x03, 0xC0, 0x00, 0xF0, 0x03, 0xC0, 0x01, 0xE0, 0x03, 0xC0, 0x02, 0xD0, 0x03, 0xC0, 0x03, 0xC0,
    0x03, 0xC0, 0x07, 0x80, 0x03, 0xC0, 0x7F, 0xFF, 0xFF, 0xFD, 0x7F, 0xFF, 0xFF, 0xFD, 0x78, 0x00,
    0x00, 0x2D, 0x78, 0x00, 0x00, 0x2D, 0x78, 0x00, 0x00, 0x2D, 0x00, 0x6F, 0xF4, 0x00, 0x3F, 0xFF,
    0xF0, 0x0F, 0x90, 0x1F, 0x82, 0xE0, 0x00, 0x3C, 0x3C, 0x00, 0x02, 0xC3, 0xFF, 0xFF, 0xFD, 0x7F,
    0xFF, 0xFF, 0xD7, 0xC0, 0x00, 0x00, 0x3C, 0x00, 0x00, 0x03, 0xD0, 0x00, 0x00, 0x2F, 0x00, 0x01,
    0x80, 0xFD, 0x01, 0xBC, 0x03, 0xFF, 0xFF, 0x40, 0x07, 0xFE, 0x40, 0x7C, 0x03, 0xC0, 0x3D, 0x0F,
    0x40, 0xF0, 0x1F, 0x01, 0xF0, 0x3C, 0x0B, 0x40, 0x3D, 0x0F, 0x03, 0xC0, 0x07, 0x83, 0xC2, 0xE0,
    0x00, 0xF0, 0xF0, 0xF0, 0x00, 0x2F, 0xFF, 0xF8, 0x00, 0x0B, 0xFF, 0xFF, 0x00, 0x03, 0xC3, 0xC3,
    0xD0, 0x02, 0xE0, 0xF0, 0xBC, 0x00, 0xF0, 0x3C, 0x0F, 0x40, 0xB8, 0x0F, 0x02, 0xF0, 0x3C, 0x03,
    0xC0, 0x3D, 0x2E, 0x00, 0xF0, 0x0B, 0xC0, 0x06, 0xFF, 0x90, 0x0F, 0xFF, 0xFF, 0x03, 0xD0, 0x0B,
    0xD0, 0xE0, 0x00, 0xB8, 0x38, 0x00, 0x2D, 0x00, 0x00, 0x2E, 0x00, 0x0B, 0xFE, 0x00, 0x02, 0xFF,
    0xF0, 0x00, 0x00, 0x7F, 0x00, 0x00, 0x03, 0xC2, 0x00, 0x00, 0xF2, 0xF8, 0x01, 0xFC, 0x3F, 0xFF,
    0xFC, 0x01, 0xBF, 0xE4, 0x00, 0xB4, 0x00, 0x1F, 0xB4, 0x00, 0x3F, 0xB4, 0x00, 0xFF, 0xB4, 0x01,
    0xFF, 0xB4, 0x03, 0xDF, 0xB4, 0x0F, 0x4F, 0xB4, 0x2E, 0x0F, 0xB4, 0x7C, 0x0F, 0xB4, 0xF0, 0x0F,
    0xB6, 0xD0, 0x0F, 0xBB, 0x80, 0x0F, 0xBF, 0x00, 0x0F, 0xBD, 0x00, 0x0F, 0xB8, 0x00, 0x0F, 0x0B,
    0x00, 0x60, 0x0F, 0x81, 0xF0, 0x03, 0xFF, 0xD0, 0x00, 0xBF, 0x40, 0x00, 0x00, 0x00, 0xB4, 0x00,
    0x1F, 0xB4, 0x00, 0x3F, 0xB4, 0x00, 0xFF, 0xB4, 0x01, 0xFF, 0xB4, 0x03, 0xDF, 0xB4, 0x0F, 0x4F,
    0xB4, 0x2E, 0x0F, 0xB4, 0x7C, 0x0F, 0xB4, 0xF0, 0x0F, 0xB6, 0xD0, 0x0F, 0xBB, 0x80, 0x0F, 0xBF,
    0x00, 0x0F, 0xBD, 0x00, 0x0F, 0xB8, 0x00, 0x0F, 0x3C, 0x00, 0x2F, 0x03, 0xC0, 0x0B, 0xC0, 0x3C,
    0x01, 0xF0, 0x03, 0xC0, 0x7D, 0x00, 0x3C, 0x0F, 0x40, 0x03, 0xC3, 0xE0, 0x00, 0x3F, 0xF8, 0x00,
    0x03, 0xFF, 0xC0, 0x00, 0x3C, 0x3F, 0x00, 0x03, 0xC0, 0xFC, 0x00, 0x3C, 0x03, 0xF0, 0x03, 0xC0,
    0x0F, 0xC0, 0x3C, 0x00, 0x3F, 0xC3, 0xC0, 0x00, 0xFC, 0x00, 0xFF, 0xFF, 0x80, 0x3F, 0xFF, 0xE0,
    0x0F, 0x00, 0xB8, 0x07, 0xC0, 0x2E, 0x01, 0xE0, 0x0B, 0x80, 0x78, 0x02, 0xE0, 0x1E, 0x00, 0xB8,
    0x0B, 0x40, 0x2E, 0x02, 0xD0, 0x0B, 0x80, 0xF0, 0x02, 0xE0, 0x3C, 0x00, 0xB8, 0x2E, 0x00, 0x2E,
    0xBF, 0x00, 0x0B, 0xBF, 0x00, 0x02, 0xE0, 0x7C, 0x00, 0x03, 0xD7, 0xF0, 0x00, 0xBD, 0x7F, 0x40,
    0x0F, 0xD7, 0xFC, 0x03, 0xFD, 0x7B, 0xE0, 0x7E, 0xD7, 0x8F, 0x4F, 0x2D, 0x78, 0xBE, 0xE2, 0xD7,
    0x83, 0xFC, 0x2D, 0x78, 0x1F, 0x42, 0xD7, 0x80, 0xA0, 0x2D, 0x78, 0x00, 0x02, 0xD7, 0x80, 0x00,
    0x2D, 0x78, 0x00, 0x02, 0xD7, 0x80, 0x00, 0x2D, 0xB4, 0x00, 0x1F, 0xB4, 0x00, 0x1F, 0xB4, 0x00,
    0x1F, 0xB4, 0x00, 0x1F, 0xB4, 0x00, 0x1F, 0xB4, 0x00, 0x1F, 0xBF, 0xFF, 0xFF, 0xBF, 0xFF, 0xFF,
    0xB4, 0x00, 0x1F, 0xB4, 0x00, 0x1F, 0xB4, 0x00, 0x1F, 0xB4, 0x00, 0x1F, 0xB4, 0x00, 0x1F, 0xB4,
    0x00, 0x1F, 0x00, 0xBF, 0xE0, 0x00, 0x7F, 0xFF, 0xD0, 0x0F, 0x80, 0x2F, 0x43, 0xE0, 0x00, 0xBC,
    0x3C, 0x00, 0x03, 0xD7, 0xC0, 0x00, 0x2E, 0x7C, 0x00, 0x02, 0xE7, 0xC0, 0x00, 0x2E, 0x7C, 0x00,
    0x02, 0xE3, 0xD0, 0x00, 0x3D, 0x3F, 0x00, 0x07, 0xC0, 0xFD, 0x02, 0xF4, 0x07, 0xFF, 0xFE, 0x00,
    0x0B, 0xFE, 0x00, 0xBF, 0xFF, 0xFE, 0xBF, 0xFF, 0xFE, 0xB8, 0x00, 0x1E, 0xB8, 0x00, 0x1E, 0xB8,
    0x00, 0x1E, 0xB8, 0x00, 0x1E, 0xB8, 0x00, 0x1E, 0xB8, 0x00, 0x1E, 0xB8, 0x00, 0x1E, 0xB8, 0x00,
    0x1E, 0xB8, 0x00, 0x1E, 0xB8, 0x00, 0x1E, 0xB8, 0x00, 0x1E, 0xB8, 0x00, 0x1E, 0x7F, 0x07, 0xFE,
    0x01, 0xFD, 0xBF, 0xFF, 0x40, 0xBF, 0x80, 0x7F, 0x01, 0xF8, 0x00, 0x3E, 0x07, 0xC0, 0x00, 0xB8,
    0x1E, 0x00, 0x01, 0xF0, 0x78, 0x00, 0x07, 0xC1, 0xE0, 0x00, 0x1F, 0x07, 0x80, 0x00, 0xBC, 0x1E,
    0x00, 0x03, 0xE0, 0x78, 0x00, 0x2F, 0x01, 0xF4, 0x02, 0xF4, 0x07, 0xFF, 0xFF, 0x40, 0x1F, 0xBF,
    0xE0, 0x00, 0x78, 0x00, 0x00, 0x01, 0xE0, 0x00, 0x00, 0x07, 0x80, 0x00, 0x00, 0x1E, 0x00, 0x00,
    0x00, 0x78, 0x00, 0x00, 0x01, 0xE0, 0x00, 0x00, 0x00, 0x7F, 0xF9, 0x00, 0x3F, 0xFF, 0xFC, 0x0F,
    0xD0, 0x07, 0xC2, 0xF0, 0x00, 0x3C, 0x3D, 0x00, 0x03, 0xC7, 0xC0, 0x00, 0x00, 0x7C, 0x00, 0x00,
    0x07, 0xC0, 0x00, 0x00, 0x3C, 0x00, 0x00, 0x03, 0xD0, 0x00, 0x00, 0x2F, 0x00, 0x00, 0x80, 0xFE,
    0x00, 0xBD, 0x03, 0xFF, 0xFF, 0x80, 0x06, 0xFF, 0x80, 0xBF, 0xFF, 0xFF, 0xFB, 0xFF, 0xFF, 0xFF,
    0xB0, 0x0F, 0x00, 0xFB, 0x00, 0xF0, 0x0F, 0xB0, 0x0F, 0x00, 0xF0, 0x00, 0xF0, 0x00, 0x00, 0x0F,
    0x00, 0x00, 0x00, 0xF0, 0x00, 0x00, 0x0F, 0x00, 0x00, 0x00, 0xF0, 0x00, 0x00, 0x0F, 0x00, 0x00,
    0x00, 0xF0, 0x00, 0x07, 0xFF, 0xFD, 0x00, 0x7F, 0xFF, 0xD0, 0xBC, 0x00, 0x01, 0xF3, 0xD0, 0x00,
    0x2E, 0x3E, 0x00, 0x03, 0xC1, 0xF0, 0x00, 0x3C, 0x0F, 0x40, 0x07, 0x80, 0xBC, 0x00, 0xF4, 0x03,
    0xC0, 0x0F, 0x00, 0x2E, 0x01, 0xE0, 0x01, 0xF0, 0x2D, 0x00, 0x0F, 0x43, 0xC0, 0x00, 0xBC, 0x3C,
    0x00, 0x03, 0xC7, 0x80, 0x00, 0x2F, 0xF4, 0x00, 0x01, 0xFF, 0x00, 0x00, 0x01, 0xE0, 0x00, 0x00,
    0x2D, 0x00, 0x00, 0x03, 0xC0, 0x00, 0x50, 0xF8, 0x00, 0x0F, 0xFF, 0x00, 0x00, 0x7F, 0x80, 0x00,
    0x00, 0x3F, 0xC0, 0x00, 0x00, 0x3F, 0xC0, 0x00, 0x00, 0x03, 0xC0, 0x00, 0x00, 0x03, 0xC0, 0x00,
    0x00, 0x03, 0xC0, 0x00, 0x02, 0xFF, 0xFF, 0x80, 0x0F, 0xFF, 0xFF, 0xF4, 0x1F, 0x43, 0xC0, 0xFC,
    0x3D, 0x03, 0xC0, 0x3C, 0x3C, 0x03, 0xC0, 0x3D, 0x7C, 0x03, 0xC0, 0x2D, 0x7C, 0x03, 0xC0, 0x2E,
    0x7C, 0x03, 0xC0, 0x2E, 0x7C, 0x03, 0xC0, 0x2D, 0x3C, 0x03, 0xC0, 0x3D, 0x3D, 0x03, 0xC0, 0x7C,
    0x2F, 0x43, 0xC0, 0xF8, 0x0F, 0xFF, 0xFF, 0xF0, 0x02, 0xFF, 0xFF, 0x80, 0x00, 0x03, 0xC0, 0x00,
    0x00, 0x03, 0xC0, 0x00, 0x00, 0x03, 0xC0, 0x00, 0x00, 0x03, 0xC0, 0x00, 0x00, 0x03, 0xC0, 0x00,
    0x00, 0x03, 0xC0, 0x00, 0x3E, 0x00, 0x03, 0xD0, 0xF4, 0x00, 0xF4, 0x07, 0xC0, 0x2E, 0x00, 0x2F,
    0x07, 0xC0, 0x00, 0xF8, 0xF0, 0x00, 0x03, 0xFD, 0x00, 0x00, 0x1F, 0x80, 0x00, 0x02, 0xFC, 0x00,
    0x00, 0x7E, 0xF0, 0x00, 0x1F, 0x0F, 0x80, 0x03, 0xD0, 0x7D, 0x00, 0xF8, 0x02, 0xF0, 0x2F, 0x00,
    0x0F, 0xC7, 0xC0, 0x00, 0x3E, 0xB8, 0x00, 0x2E, 0x0B, 0x80, 0x02, 0xE0, 0xB8, 0x00, 0x2E, 0x0B,
    0x80, 0x02, 0xE0, 0xB8, 0x00, 0x2E, 0x0B, 0x80, 0x02, 0xE0, 0xB8, 0x00, 0x2E, 0x0B, 0x80, 0x02,
    0xE0, 0xB8, 0x00, 0x2E, 0x0B, 0x80, 0x02, 0xE0, 0xB8, 0x00, 0x2E, 0x0B, 0x80, 0x02, 0xE0, 0xBF,
    0xFF, 0xFF, 0xFB, 0xFF, 0xFF, 0xFF, 0x00, 0x00, 0x00, 0xF0, 0x00, 0x00, 0x0F, 0x00, 0x00, 0x00,
    0xF0, 0xB8, 0x00, 0x3C, 0xB8, 0x00, 0x3C, 0xB8, 0x00, 0x3C, 0xB8, 0x00, 0x3C, 0xB8, 0x00, 0x3C,
    0x7C, 0x00, 0x3C, 0x3E, 0x01, 0xBC, 0x2F, 0xFF, 0xFC, 0x0B, 0xFE, 0x7C, 0x00, 0x00, 0x3C, 0x00,
    0x00, 0x3C, 0x00, 0x00, 0x3C, 0x00, 0x00, 0x3C, 0x00, 0x00, 0x3C, 0xB4, 0x0F, 0x01, 0xEB, 0x40,
    0xF0, 0x1E, 0xB4, 0x0F, 0x01, 0xEB, 0x40, 0xF0, 0x1E, 0xB4, 0x0F, 0x01, 0xEB, 0x40, 0xF0, 0x1E,
    0xB4, 0x0F, 0x01, 0xEB, 0x40, 0xF0, 0x1E, 0xB4, 0x0F, 0x01, 0xEB, 0x40, 0xF0, 0x1E, 0xB4, 0x0F,
    0x01, 0xEB, 0x40, 0xF0, 0x1E, 0xBF, 0xFF, 0xFF, 0xEB, 0xFF, 0xFF, 0xFE, 0x3C, 0x0F, 0x02, 0xD0,
    0xF0, 0x3C, 0x0B, 0x43, 0xC0, 0xF0, 0x2D, 0x0F, 0x03, 0xC0, 0xB4, 0x3C, 0x0F, 0x02, 0xD0, 0xF0,
    0x3C, 0x0B, 0x43, 0xC0, 0xF0, 0x2D, 0x0F, 0x03, 0xC0, 0xB4, 0x3C, 0x0F, 0x02, 0xD0, 0xF0, 0x3C,
    0x0B, 0x43, 0xC0, 0xF0, 0x2D, 0x0F, 0x03, 0xC0, 0xB4, 0x3F, 0xFF, 0xFF, 0xFC, 0xFF, 0xFF, 0xFF,
    0xF0, 0x00, 0x00, 0x03, 0xC0, 0x00, 0x00, 0x0F, 0x00, 0x00, 0x00, 0x3C, 0xFF, 0xE0, 0x00, 0x03,
    0xFF, 0x80, 0x00, 0x00, 0x1E, 0x00, 0x00, 0x00, 0x78, 0x00, 0x00, 0x01, 0xE0, 0x00, 0x00, 0x07,
    0xFF, 0xF4, 0x00, 0x1F, 0xFF, 0xFC, 0x00, 0x78, 0x02, 0xF8, 0x01, 0xE0, 0x02, 0xF0, 0x07, 0x80,
    0x07, 0xC0, 0x1E, 0x00, 0x2F, 0x00, 0x78, 0x02, 0xF4, 0x01, 0xFF, 0xFF, 0x80, 0x07, 0xFF, 0xE4,
    0x00, 0xB4, 0x00, 0x00, 0xFB, 0x40, 0x00, 0x0F, 0xB4, 0x00, 0x00, 0xFB, 0x40, 0x00, 0x0F, 0xB4,
    0x00, 0x00, 0xFB, 0xFF, 0xD0, 0x0F, 0xBF, 0xFF, 0xC0, 0xFB, 0x80, 0xBD, 0x0F, 0xB4, 0x03, 0xE0,
    0xFB, 0x40, 0x2E, 0x0F, 0xB4, 0x03, 0xE0, 0xFB, 0x40, 0xBC, 0x0F, 0xBF, 0xFF, 0x80, 0xFB, 0xFF,
    0x90, 0x0F, 0xF0, 0x00, 0x00, 0xF0, 0x00, 0x00, 0xF0, 0x00, 0x00, 0xF0, 0x00, 0x00, 0xF0, 0x00,
    0x00, 0xFF, 0xFF, 0x80, 0xFF, 0xFF, 0xF4, 0xF0, 0x01, 0xFC, 0xF0, 0x00, 0x7C, 0xF0, 0x00, 0x3D,
    0xF0, 0x00, 0x7C, 0xF4, 0x01, 0xFC, 0xFF, 0xFF, 0xF0, 0xBF, 0xFE, 0x40, 0x1B, 0xFF, 0x80, 0x1F,
    0xFF, 0xFD, 0x07, 0x80, 0x1F, 0xC1, 0xE0, 0x00, 0xBC, 0x00, 0x00, 0x0F, 0x00, 0x00, 0x02, 0xD0,
    0x0F, 0xFF, 0xF8, 0x03, 0xFF, 0xFE, 0x00, 0x00, 0x0B, 0x40, 0x00, 0x03, 0xC0, 0x00, 0x02, 0xF1,
    0xD0, 0x07, 0xF0, 0xBF, 0xFF, 0xF0, 0x06, 0xFF, 0x90, 0x00, 0xB4, 0x02, 0xFE, 0x02, 0xD0, 0x3F,
    0xFF, 0x0B, 0x42, 0xF0, 0x7D, 0x2D, 0x0F, 0x00, 0x7C, 0xB4, 0x3C, 0x01, 0xF2, 0xD1, 0xF0, 0x03,
    0xCB, 0xFF, 0xC0, 0x0F, 0x2F, 0xFF, 0x00, 0x3C, 0xB4, 0x7C, 0x00, 0xF2, 0xD0, 0xF0, 0x03, 0xCB,
    0x43, 0xC0, 0x1F, 0x2D, 0x0B, 0xC0, 0xF4, 0xB4, 0x0F, 0xFF, 0xC2, 0xD0, 0x0B, 0xF8, 0x00, 0x00,
    0x6F, 0xFE, 0x00, 0xBF, 0xFF, 0xC0, 0xBE, 0x00, 0xF0, 0x3D, 0x00, 0x3C, 0x0F, 0x00, 0x0F, 0x03,
    0xD0, 0x03, 0xC0, 0xFD, 0x00, 0xF0, 0x0F, 0xFF, 0xFC, 0x00, 0xFF, 0xFF, 0x00, 0x3D, 0x03, 0xC0,
    0x2F, 0x00, 0xF0, 0x1F, 0x00, 0x3C, 0x7F, 0x40, 0x0F, 0x1F, 0xC0, 0x03, 0xC0, 0x03, 0xC0, 0x3C,
    0x00, 0x7E, 0x07, 0xE0, 0x03, 0xC0, 0x3C, 0x00, 0x00, 0x00, 0x00, 0x00, 0x6F, 0xF4, 0x00, 0x3F,
    0xFF, 0xF0, 0x0F, 0x90, 0x1F, 0x82, 0xE0, 0x00, 0x3C, 0x3C, 0x00, 0x02, 0xC3, 0xFF, 0xFF, 0xFD,
    0x7F, 0xFF, 0xFF, 0xD7, 0xC0, 0x00, 0x00, 0x3C, 0x00, 0x00, 0x03, 0xD0, 0x00, 0x00, 0x2F, 0x00,
    0x01, 0x80, 0xFD, 0x01, 0xBC, 0x03, 0xFF, 0xFF, 0x40, 0x07, 0xFE, 0x40, 0x07, 0xC0, 0x00, 0x00,
    0x7C, 0x00, 0x00, 0x07, 0xC0, 0x00, 0x00, 0x7C, 0x00, 0x00, 0x07, 0xC0, 0x00, 0x07, 0xFF, 0xFC,
    0x00, 0x7F, 0xFF, 0xC0, 0x00, 0x7C, 0x00, 0x00, 0x07, 0xC0, 0x00, 0x00, 0x7C, 0x7F, 0xE0, 0x07,
    0xEF, 0xFF, 0x80, 0x7F, 0x80, 0xBC, 0x07, 0xE0, 0x03, 0xD0, 0x7C, 0x00, 0x2E, 0x07, 0xC0, 0x02,
    0xE0, 0x7C, 0x00, 0x2E, 0x07, 0xC0, 0x02, 0xE0, 0x7C, 0x00, 0x2E, 0x07, 0xC0, 0x02, 0xE0, 0x00,
    0x00, 0x2E, 0x00, 0x00, 0x02, 0xE0, 0x00, 0x00, 0x3D, 0x00, 0x00, 0x07, 0xC0, 0x00, 0x03, 0xFC,
    0x00, 0x00, 0x3E, 0x00, 0x00, 0x0B, 0xC0, 0x00, 0x0F, 0x40, 0x00, 0x1E, 0x00, 0x00, 0x38, 0x00,
    0x00, 0x00, 0x00, 0x7F, 0xFF, 0xFE, 0x7F, 0xFF, 0xFE, 0x0B, 0x80, 0x0E, 0x0B, 0x80, 0x0E, 0x0B,
    0x80, 0x0E, 0x0B, 0x80, 0x00, 0x0B, 0x80, 0x00, 0x0B, 0x80, 0x00, 0x0B, 0x80, 0x00, 0x0B, 0x80,
    0x00, 0x0B, 0x80, 0x00, 0x0B, 0x80, 0x00, 0x7F, 0xFF, 0x80, 0x7F, 0xFF, 0x80, 0x00, 0x7F, 0xF9,
    0x00, 0x3F, 0xFF, 0xFC, 0x0F, 0xD0, 0x07, 0xC2, 0xF0, 0x00, 0x3C, 0x3D, 0x00, 0x03, 0xC7, 0xC0,
    0x00, 0x00, 0x7F, 0xFF, 0xC0, 0x07, 0xFF, 0xFC, 0x00, 0x3C, 0x00, 0x00, 0x03, 0xD0, 0x00, 0x00,
    0x2F, 0x00, 0x00, 0x80, 0xFE, 0x00, 0xBD, 0x03, 0xFF, 0xFF, 0x80, 0x06, 0xFF, 0x80, 0x02, 0xFF,
    0x90, 0x1F, 0xFF, 0xFD, 0x3F, 0x40, 0x7C, 0x3C, 0x00, 0x00, 0x3C, 0x00, 0x00, 0x2F, 0x90, 0x00,
    0x0B, 0xFF, 0x90, 0x00, 0x6F, 0xFC, 0x00, 0x00, 0x7E, 0x00, 0x00, 0x1F, 0x20, 0x00, 0x1F, 0x7E,
    0x00, 0x7D, 0x2F, 0xFF, 0xF8, 0x02, 0xFF, 0x90, 0x00, 0x2E, 0x00, 0x00, 0x0F, 0xD0, 0x00, 0x02,
    0xE0, 0x00, 0x00, 0x00, 0x00, 0x00, 0x00, 0x00, 0x0F, 0xFF, 0x80, 0x03, 0xFF, 0xE0, 0x00, 0x00,
    0x78, 0x00, 0x00, 0x1E, 0x00, 0x00, 0x07, 0x80, 0x00, 0x01, 0xE0, 0x00, 0x00, 0x78, 0x00, 0x00,
    0x1E, 0x00, 0x00, 0x07, 0x80, 0x00, 0x01, 0xE0, 0x00, 0x00, 0x78, 0x00, 0x00, 0x1E, 0x00, 0x0F,
    0xFF, 0xFF, 0xD3, 0xFF, 0xFF, 0xF4, 0x0F, 0x00, 0xF0, 0x07, 0xE0, 0x7E, 0x00, 0xF0, 0x0F, 0x00,
    0x00, 0x00, 0x00, 0x00, 0x00, 0x00, 0x0F, 0xFF, 0x80, 0x03, 0xFF, 0xE0, 0x00, 0x00, 0x78, 0x00,
    0x00, 0x1E, 0x00, 0x00, 0x07, 0x80, 0x00, 0x01, 0xE0, 0x00, 0x00, 0x78, 0x00, 0x00, 0x1E, 0x00,
    0x00, 0x07, 0x80, 0x00, 0x01, 0xE0, 0x00, 0x00, 0x78, 0x00, 0x00, 0x1E, 0x00, 0x0F, 0xFF, 0xFF,
    0xD3, 0xFF, 0xFF, 0xF4, 0x00, 0x02, 0xF0, 0x00, 0x0F, 0xD0, 0x00, 0x2F, 0x00, 0x00, 0x00, 0x00,
    0x00, 0x00, 0x7F, 0xFF, 0xC1, 0xFF, 0xFF, 0x00, 0x00, 0x3C, 0x00, 0x00, 0xF0, 0x00, 0x03, 0xC0,
    0x00, 0x0F, 0x00, 0x00, 0x3C, 0x00, 0x00, 0xF0, 0x00, 0x03, 0xC0, 0x00, 0x0F, 0x00, 0x00, 0x3C,
    0x00, 0x00, 0xF0, 0x00, 0x03, 0xC0, 0x00, 0x0F, 0x00, 0x00, 0x3C, 0x00, 0x00, 0xF0, 0x00, 0x07,
    0xC3, 0xD0, 0x7E, 0x0F, 0xFF, 0xF0, 0x07, 0xFD, 0x00, 0x02, 0xFF, 0xF0, 0x00, 0x02, 0xFF, 0xF0,
    0x00, 0x02, 0xD0, 0xF0, 0x00, 0x02, 0xD0, 0xF0, 0x00, 0x02, 0xC0, 0xF0, 0x00, 0x03, 0xC0, 0xFF,
    0xE0, 0x03, 0xC0, 0xFF, 0xFC, 0x03, 0xC0, 0xF0, 0x3E, 0x03, 0xC0, 0xF0, 0x1E, 0x07, 0x80, 0xF0,
    0x1E, 0x0B, 0x40, 0xF0, 0x1E, 0x0F, 0x00, 0xF0, 0x3D, 0xBE, 0x00, 0xFF, 0xFC, 0xB8, 0x00, 0xFF,
    0xD0, 0x78, 0x03, 0xD0, 0x00, 0x78, 0x03, 0xD0, 0x00, 0x78, 0x03, 0xD0, 0x00, 0x78, 0x03, 0xD0,
    0x00, 0x78, 0x03, 0xD0, 0x00, 0x78, 0x03, 0xFF, 0xE0, 0x7F, 0xFF, 0xFF, 0xFC, 0x7F, 0xFF, 0xD0,
    0x7E, 0x78, 0x03, 0xD0, 0x1F, 0x78, 0x03, 0xD0, 0x1F, 0x78, 0x03, 0xD0, 0x1F, 0x78, 0x03, 0xD0,
    0x7E, 0x78, 0x03, 0xFF, 0xFC, 0x78, 0x02, 0xFF, 0xE0, 0x07, 0xC0, 0x00, 0x00, 0x7C, 0x00, 0x00,
    0x07, 0xC0, 0x00, 0x00, 0x7C, 0x00, 0x00, 0x07, 0xC0, 0x00, 0x07, 0xFF, 0xFC, 0x00, 0x7F, 0xFF,
    0xC0, 0x00, 0x7C, 0x00, 0x00, 0x07, 0xC0, 0x00, 0x00, 0x7C, 0x7F, 0xE0, 0x07, 0xEF, 0xFF, 0x80,
    0x7F, 0x80, 0xBC, 0x07, 0xE0, 0x03, 0xD0, 0x7C, 0x00, 0x2E, 0x07, 0xC0, 0x02, 0xE0, 0x7C, 0x00,
    0x2E, 0x07, 0xC0, 0x02, 0xE0, 0x7C, 0x00, 0x2E, 0x07, 0xC0, 0x02, 0xE0, 0x00, 0x0F, 0x80, 0x00,
    0x02, 0xF0, 0x00, 0x00, 0x3C, 0x00, 0x00, 0x07, 0x00, 0x00, 0x00, 0x00, 0x00, 0x03, 0xC0, 0x02,
    0xF0, 0x3C, 0x00, 0xBC, 0x03, 0xC0, 0x1F, 0x00, 0x3C, 0x07, 0xD0, 0x03, 0xC0, 0xF4, 0x00, 0x3C,
    0x3E, 0x00, 0x03, 0xFF, 0x80, 0x00, 0x3F, 0xFC, 0x00, 0x03, 0xC3, 0xF0, 0x00, 0x3C, 0x0F, 0xC0,
    0x03, 0xC0, 0x3F, 0x00, 0x3C, 0x00, 0xFC, 0x03, 0xC0, 0x03, 0xFC, 0x3C, 0x00, 0x0F, 0xC0, 0x01,
    0xD0, 0x0D, 0x00, 0x2F, 0x03, 0xD0, 0x00, 0xFF, 0xF8, 0x00, 0x02, 0xFE, 0x00, 0x00, 0x00, 0x00,
    0x0B, 0xC0, 0x00, 0x1F, 0x3D, 0x00, 0x02, 0xE3, 0xE0, 0x00, 0x3C, 0x1F, 0x00, 0x03, 0xC0, 0xF4,
    0x00, 0x78, 0x0B, 0xC0, 0x0F, 0x40, 0x3C, 0x00, 0xF0, 0x02, 0xE0, 0x1E, 0x00, 0x1F, 0x02, 0xD0,
    0x00, 0xF4, 0x3C, 0x00, 0x0B, 0xC3, 0xC0, 0x00, 0x3C, 0x78, 0x00, 0x02, 0xFF, 0x40, 0x00, 0x1F,
    0xF0, 0x00, 0x00, 0x1E, 0x00, 0x00, 0x02, 0xD0, 0x00, 0x00, 0x3C, 0x00, 0x05, 0x0F, 0x80, 0x00,
    0xFF, 0xF0, 0x00, 0x07, 0xF8, 0x00, 0x00, 0x7C, 0x00, 0x2E, 0x7C, 0x00, 0x2E, 0x7C, 0x00, 0x2E,
    0x7C, 0x00, 0x2E, 0x7C, 0x00, 0x2E, 0x7C, 0x00, 0x2E, 0x7C, 0x00, 0x2E, 0x7C, 0x00, 0x2E, 0x7C,
    0x00, 0x2E, 0x7C, 0x00, 0x2E, 0x7C, 0x00, 0x2E, 0x7C, 0x00, 0x2E, 0x7F, 0xFF, 0xFE, 0x7F, 0xFF,
    0xFE, 0x00, 0x2C, 0x00, 0x00, 0x2C, 0x00, 0x00, 0x2C, 0x00, 0x00, 0x2C, 0x00, 0x00, 0x00, 0x00,
    0xF0, 0x00, 0x00, 0x0F, 0x00, 0x00, 0x00, 0xF3, 0xFF, 0xFF, 0xFF, 0x3F, 0xFF, 0xFF, 0xF0, 0x2E,
    0x00, 0x00, 0x02, 0xE0, 0x00, 0x00, 0x2E, 0x00, 0x00, 0x02, 0xE0, 0x00, 0x00, 0x2E, 0x00, 0x00,
    0x02, 0xE0, 0x00, 0x00, 0x2E, 0x00, 0x00, 0x02, 0xE0, 0x00, 0x00, 0x2E, 0x00, 0x00, 0x02, 0xE0,
    0x00, 0x00, 0x2E, 0x00, 0x00, 0x02, 0xE0, 0x00, 0x00, 0x2E, 0x00, 0x00, 0x02, 0xE0, 0x00, 0x00,
    0x2E, 0x00, 0x00, 0x3F, 0xFF, 0xF0, 0x03, 0xFF, 0xFF, 0x00, 0x00, 0x00, 0x0E, 0x00, 0x00, 0x0E,
    0x00, 0x00, 0x0E, 0x7F, 0xFF, 0xFE, 0x7F, 0xFF, 0xFE, 0x0B, 0x80, 0x00, 0x0B, 0x80, 0x00, 0x0B,
    0x80, 0x00, 0x0B, 0x80, 0x00, 0x0B, 0x80, 0x00, 0x0B, 0x80, 0x00, 0x0B, 0x80, 0x00, 0x0B, 0x80,
    0x00, 0x0B, 0x80, 0x00, 0x0B, 0x80, 0x00, 0x7F, 0xFF, 0x80, 0x7F, 0xFF, 0x80, 0x7C, 0x00, 0x00,
    0x2E, 0x3E, 0x00, 0x00, 0x7C, 0x1F, 0x40, 0x00, 0xF4, 0x0B, 0xC0, 0x01, 0xF0, 0x03, 0xD0, 0x03,
    0xD0, 0x02, 0xF0, 0x0B, 0x80, 0x00, 0xF8, 0x0F, 0x00, 0x00, 0x7C, 0x2E, 0x00, 0x00, 0x3F, 0x3C,
    0x00, 0x00, 0x0F, 0xF4, 0x00, 0x00, 0x0B, 0xF0, 0x00, 0x03, 0xFF, 0xFF, 0xD0, 0x03, 0xFF, 0xFF,
    0xD0, 0x00, 0x03, 0xC0, 0x00, 0x00, 0x03, 0xC0, 0x00, 0x00, 0x03, 0xC0, 0x00, 0x00, 0x03, 0xC0,
    0x00, 0x00, 0x03, 0xC0, 0x00, 0x00, 0x03, 0xC0, 0x00, 0xBC, 0x00, 0x02, 0xF0, 0xF0, 0x00, 0x0F,
    0x43, 0xE0, 0x00, 0x3C, 0x07, 0xC0, 0x02, 0xE0, 0x0F, 0x40, 0x0F, 0x00, 0x2F, 0x00, 0x7C, 0x00,
    0x3C, 0x02, 0xD0, 0x00, 0xB8, 0x0F, 0x00, 0x01, 0xF0, 0x78, 0x00, 0x03, 0xD3, 0xC0, 0x00, 0x07,
    0xCE, 0x00, 0x00, 0x0F, 0xB4, 0x00, 0x00, 0x2F, 0xC0, 0x00, 0x00, 0x3E, 0x00, 0x00, 0x3F, 0xFF,
    0xD0, 0x00, 0xFF, 0xFF, 0x40, 0x00, 0x0F, 0x00, 0x00, 0x00, 0x3C, 0x00, 0x00, 0x00, 0xF0, 0x00,
    0x00, 0x03, 0xC0, 0x00, 0xBF, 0xFF, 0xFF, 0xBF, 0xFF, 0xFF, 0xFF, 0xFF, 0xFF, 0xFF, 0xFF, 0xFF,
    0xFF, 0xFF, 0x09, 0x3C, 0xB0, 0xFD, 0xBF, 0x3D, 0x7D, 0x2F, 0xC7, 0xF0, 0x38, 0x2C, 0x1C, 0x00,
    0x7D, 0x2F, 0xC7, 0xF0, 0x38, 0x2C, 0x1C, 0x00, 0x0A, 0x01, 0xC2, 0xD0, 0x78, 0x34, 0x0F, 0x07,
    0xE0, 0xFC, 0x7F, 0x0F, 0xE2, 0xE0, 0x7C, 0x3E, 0x0B, 0xC7, 0xF0, 0xFE, 0x3F, 0x4B, 0xE0, 0xB0,
    0x0D, 0x2D, 0x07, 0xC3, 0x40, 0xA0, 0x3E, 0x0B, 0xC7, 0xF0, 0xFE, 0x3F, 0x4B, 0xE0, 0xB0, 0x0D,
    0x2D, 0x07, 0xC3, 0x40, 0xA0, 0x0B, 0xE0, 0x3F, 0xFC, 0x7F, 0xFE, 0xBF, 0xFF, 0xBF, 0xFF, 0x7F,
    0xFE, 0x3F, 0xFC, 0x0B, 0xE0, 0x3D, 0x00, 0xF4, 0x07, 0xC7, 0xF0, 0x2F, 0xC0, 0xFE, 0x7F, 0x02,
    0xFC, 0x0F, 0xE3, 0xD0, 0x0F, 0x40, 0x7C, 0x00, 0x24, 0x00, 0x7C, 0x00, 0xF4, 0x03, 0xE0, 0x0F,
    0xC0, 0x2F, 0x00, 0x3D, 0x00, 0x2F, 0x00, 0x0B, 0xC0, 0x03, 0xE0, 0x00, 0xF8, 0x00, 0x3D, 0x00,
    0x18, 0x18, 0x00, 0x3E, 0x00, 0x0F, 0x40, 0x07, 0xC0, 0x02, 0xF0, 0x00, 0xFC, 0x00, 0x3D, 0x00,
    0xF8, 0x02, 0xF0, 0x0B, 0xC0, 0x1F, 0x40, 0x3D, 0x00, 0x18, 0x00, 0x00, 0x00, 0x00, 0x18, 0x00,
    0x00, 0x00, 0x3C, 0x00, 0x00, 0x00, 0xF0, 0x00, 0x00, 0x02, 0xD0, 0x00, 0x00, 0x07, 0x80, 0x00,
    0x00, 0x0F, 0x00, 0x00, 0x00, 0x3D, 0x00, 0x00, 0x00, 0xB8, 0x00, 0x00, 0x00, 0xF0, 0x00, 0x00,
    0x03, 0xC0, 0x00, 0x00, 0x0B, 0x40, 0x00, 0x00, 0x1E, 0x00, 0x00, 0x00, 0x3C, 0x00, 0x00, 0x00,
    0xF0, 0x00, 0x00, 0x02, 0xD0, 0x00, 0x00, 0x07, 0xC0, 0x00, 0x00, 0x0F, 0x00, 0x00, 0x00, 0x3D,
    0x00, 0x00, 0x00, 0x28, 0x00, 0x00, 0x00, 0x00, 0x06, 0xFF, 0x90, 0x00, 0xFF, 0xFF, 0x80, 0x0F,
    0xD0, 0x04, 0x00, 0xFC, 0x00, 0x00, 0x07, 0xC0, 0x00, 0x00, 0x2E, 0x00, 0x00, 0x0B, 0xFF, 0xFF,
    0xF0, 0x3F, 0xFF, 0xFF, 0xC0, 0x0F, 0x40, 0x00, 0x00, 0x3D, 0x00, 0x00, 0x0B, 0xFF, 0xFF, 0xC0,
    0x3F, 0xFF, 0xFF, 0x00, 0x0B, 0x80, 0x00, 0x00, 0x1F, 0x00, 0x00, 0x00, 0x3D, 0x00, 0x00, 0x00,
    0xBC, 0x00, 0x00, 0x00, 0xFE, 0x00, 0x50, 0x00, 0xFF, 0xFF, 0xC0, 0x00, 0x6F, 0xF9, 0x00, 0x06,
    0x00, 0x3C, 0x02, 0xF8, 0x1E, 0xB8, 0x86, 0x20, 0x18, 0x00, 0x60, 0x01, 0x80, 0x06, 0x00, 0x18,
    0x00, 0x60, 0x01, 0x80, 0x06, 0x00, 0x18, 0x00, 0x60, 0x00, 0x06, 0x00, 0x18, 0x00, 0x60, 0x01,
    0x80, 0x06, 0x00, 0x18, 0x00, 0x60, 0x01, 0x80, 0x06, 0x00, 0x18, 0x08, 0x62, 0x1E, 0xB8, 0x2F,
    0x80, 0x3C, 0x00, 0x60, 0x00, 0x3F, 0xFF, 0xFF, 0xD3, 0xFF, 0xFF, 0xFD, 0x00, 0x00, 0x00, 0x18,
    0x00, 0x00, 0x00, 0x3C, 0x00, 0x00, 0x00, 0xF0, 0x00, 0x00, 0x02, 0xD0, 0x00, 0x00, 0x07, 0x80,
    0x00, 0x00, 0x0F, 0x00, 0x00, 0x00, 0x3D, 0x00, 0x00, 0x00, 0xB8, 0x00, 0x00, 0x00, 0xF0, 0x00,
    0x00, 0x03, 0xC0, 0x00, 0x00, 0x0B, 0x40, 0x00, 0x00, 0x1E, 0x00, 0x00, 0x00, 0x3C, 0x00, 0x00,
    0x00, 0xF0, 0x00, 0x00, 0x02, 0xD0, 0x00, 0x00, 0x07, 0xC0, 0x00, 0x00, 0x0F, 0x00, 0x00, 0x00,
    0x3D, 0x00, 0x00, 0x00, 0x28, 0x00, 0x00, 0x00,
};

static const EpdGlyph PROGMEM pt_mono_13_2bGlyphs[] = {
    { 0, 0, 16, 0, 0, 0, 0 }, //  
    { 4, 19, 16, 6, 19, 19, 0 }, // !
    { 9, 8, 16, 4, 19, 18, 19 }, // "
    { 16, 16, 16, 0, 17, 64, 37 }, // #
    { 12, 23, 16, 2, 21, 69, 101 }, // $
    { 16, 19, 16, 0, 19, 76, 170 }, // %
    { 16, 19, 16, 0, 19, 76, 246 }, // &
    { 3, 8, 16, 7, 19, 6, 322 }, // '
    { 12, 25, 16, 2, 19, 75, 328 }, // (
    { 12, 25, 16, 2, 19, 75, 403 }, // )
    { 14, 13, 16, 1, 20, 46, 478 }, // *
    { 14, 14, 16, 1, 16, 49, 524 }, // +
    { 5, 8, 16, 6, 4, 10, 573 }, // ,
    { 10, 2, 16, 3, 9, 5, 583 }, // -
    { 4, 4, 16, 6, 4, 4, 588 }, // .
    { 12, 23, 16, 2, 19, 69, 592 }, // /
    { 14, 19, 16, 1, 19, 67, 661 }, // 0
    { 12, 19, 16, 2, 19, 57, 728 }, // 1
    { 13, 19, 16, 2, 19, 62, 785 }, // 2
    { 12, 19, 16, 2, 19, 57, 847 }, // 3
    { 15, 19, 16, 1, 19, 72, 904 }, // 4
    { 12, 19, 16, 2, 19, 57, 976 }, // 5
    { 14, 19, 16, 1, 19, 67, 1033 }, // 6
    { 13, 19, 16, 1, 19, 62, 1100 }, // 7
    { 13, 19, 16, 2, 19, 62, 1162 }, // 8
    { 14, 19, 16, 1, 19, 67, 1224 }, // 9
    { 4, 15, 16, 6, 15, 15, 1291 }, // :
    { 5, 19, 16, 6, 15, 24, 1306 }, // ;
    { 14, 16, 16, 1, 17, 56, 1330 }, // <
    { 14, 6, 16, 1, 12, 21, 1386 }, // =
    { 14, 16, 16, 1, 17, 56, 1407 }, // >
    { 14, 19, 16, 1, 19, 67, 1463 }, // ?
    { 17, 21, 16, 0, 15, 90, 1530 }, // @
    { 16, 19, 16, 0, 19, 76, 1620 }, // A
    { 13, 19, 16, 2, 19, 62, 1696 }, // B
    { 14, 19, 16, 1, 19, 67, 1758 }, // C
    { 13, 19, 16, 2, 19, 62, 1825 }, // D
    { 13, 19, 16, 2, 19, 62, 1887 }, // E
    { 11, 19, 16, 3, 19, 53, 1949 }, // F
    { 14, 19, 16, 1, 19, 67, 2002 }, // G
    { 14, 19, 16, 1, 19, 67, 2069 }, // H
    { 14, 19, 16, 1, 19, 67, 2136 }, // I
    { 12, 19, 16, 2, 19, 57, 2203 }, // J
    { 15, 19, 16, 2, 19, 72, 2260 }, // K
    { 13, 19, 16, 2, 19, 62, 2332 }, // L
    { 14, 19, 16, 1, 19, 67, 2394 }, // M
    { 14, 19, 16, 1, 19, 67, 2461 }, // N
    { 14, 19, 16, 1, 19, 67, 2528 }, // O
    { 13, 19, 16, 2, 19, 62, 2595 }, // P
    { 14, 23, 16, 1, 19, 81, 2657 }, // Q
    { 14, 19, 16, 2, 19, 67, 2738 }, // R
    { 13, 19, 16, 2, 19, 62, 2805 }, // S
    { 15, 19, 16, 1, 19, 72, 2867 }, // T
    { 14, 19, 16, 1, 19, 67, 2939 }, // U
    { 16, 19, 16, 0, 19, 76, 3006 }, // V
    { 16, 19, 16, 0, 19, 76, 3082 }, // W
    { 16, 19, 16, 0, 19, 76, 3158 }, // X
    { 16, 19, 16, 0, 19, 76, 3234 }, // Y
    { 14, 19, 16, 1, 19, 67, 3310 }, // Z
    { 11, 25, 16, 4, 19, 69, 3377 }, // [
    { 12, 23, 16, 2, 19, 69, 3446 }, // <backslash>
    { 12, 25, 16, 1, 19, 75, 3515 }, // ]
    { 16, 12, 16, 0, 19, 48, 3590 }, // ^
    { 14, 2, 16, 1, -4, 7, 3638 }, // _
    { 5, 4, 16, 5, 19, 5, 3645 }, // `
    { 13, 14, 16, 2, 14, 46, 3650 }, // a
    { 15, 19, 16, 0, 19, 72, 3696 }, // b
    { 14, 14, 16, 1, 14, 49, 3768 }, // c
    { 15, 19, 16, 1, 19, 72, 3817 }, // d
    { 14, 14, 16, 1, 14, 49, 3889 }, // e
    { 12, 19, 16, 2, 19, 57, 3938 }, // f
    { 14, 20, 16, 1, 14, 70, 3995 }, // g
    { 15, 19, 16, 0, 19, 72, 4065 }, // h
    { 13, 19, 16, 2, 19, 62, 4137 }, // i
    { 11, 25, 16, 1, 19, 69, 4199 }, // j
    { 16, 19, 16, 0, 19, 76, 4268 }, // k
    { 12, 19, 16, 1, 19, 57, 4344 }, // l
    { 15, 14, 16, 1, 14, 53, 4401 }, // m
    { 15, 14, 16, 0, 14, 53, 4454 }, // n
    { 14, 14, 16, 1, 14, 49, 4507 }, // o
    { 15, 20, 16, 0, 14, 75, 4556 }, // p
    { 13, 20, 16, 1, 14, 65, 4631 }, // q
    { 15, 14, 16, 1, 14, 53, 4696 }, // r
    { 12, 14, 16, 2, 14, 42, 4749 }, // s
    { 15, 17, 16, 0, 17, 64, 4791 }, // t
    { 16, 14, 16, 0, 14, 56, 4855 }, // u
    { 15, 14, 16, 1, 14, 53, 4911 }, // v
    { 16, 14, 16, 0, 14, 56, 4964 }, // w
    { 14, 14, 16, 1, 14, 49, 5020 }, // x
    { 14, 20, 16, 1, 14, 70, 5069 }, // y
    { 12, 14, 16, 2, 14, 42, 5139 }, // z
    { 13, 25, 16, 2, 19, 82, 5181 }, // {
    { 3, 23, 16, 7, 19, 18, 5263 }, // |
    { 13, 25, 16, 2, 19, 82, 5281 }, // }
    { 13, 3, 16, 2, 11, 10, 5363 }, // ~
    { 0, 0, 16, 0, 0, 0, 5373 }, //  
    { 4, 20, 16, 6, 14, 20, 5373 }, // ¡
    { 12, 18, 16, 2, 16, 54, 5393 }, // ¢
    { 13, 19, 16, 2, 19, 62, 5447 }, // £
    { 14, 13, 16, 1, 16, 46, 5509 }, // ¤
    { 16, 19, 16, 0, 19, 76, 5555 }, // ¥
    { 3, 23, 16, 7, 19, 18, 5631 }, // ¦
    { 12, 19, 16, 2, 19, 57, 5649 }, // §
    { 10, 3, 16, 3, 19, 8, 5706 }, // ¨
    { 15, 14, 16, 1, 15, 53, 5714 }, // ©
    { 9, 9, 16, 4, 19, 21, 5767 }, // ª
    { 14, 13, 16, 1, 14, 46, 5788 }, // «
    { 12, 5, 16, 2, 11, 15, 5834 }, // ¬
    { 8, 2, 16, 4, 9, 4, 5849 }, // ­
    { 16, 14, 16, 0, 19, 56, 5853 }, // ®
    { 9, 2, 16, 4, 18, 5, 5909 }, // ¯
    { 8, 8, 16, 4, 19, 16, 5914 }, // °
    { 12, 14, 16, 2, 18, 42, 5930 }, // ±
    { 10, 12, 16, 3, 22, 30, 5972 }, // ²
    { 11, 12, 16, 1, 22, 33, 6002 }, // ³
    { 5, 4, 16, 5, 19, 5, 6035 }, // ´
    { 14, 20, 16, 2, 14, 70, 6040 }, // µ
    { 11, 23, 16, 3, 19, 64, 6110 }, // ¶
    { 4, 4, 16, 6, 10, 4, 6174 }, // ·
    { 6, 6, 16, 5, 0, 9, 6178 }, // ¸
    { 11, 12, 16, 3, 22, 33, 6187 }, // ¹
    { 10, 9, 16, 3, 19, 23, 6220 }, // º
    { 14, 13, 16, 1, 14, 46, 6243 }, // »
    { 15, 19, 16, 0, 19, 72, 6289 }, // ¼
    { 16, 19, 16, 0, 19, 76, 6361 }, // ½
    { 14, 19, 16, 1, 19, 67, 6437 }, // ¾
    { 13, 20, 16, 2, 14, 65, 6504 }, // ¿
    { 16, 23, 16, 0, 23, 92, 6569 }, // À
    { 16, 23, 16, 0, 23, 92, 6661 }, // Á
    { 16, 24, 16, 0, 24, 96, 6753 }, // Â
    { 16, 23, 16, 0, 23, 92, 6849 }, // Ã
    { 16, 23, 16, 0, 23, 92, 6941 }, // Ä
    { 16, 23, 16, 0, 23, 92, 7033 }, // Å
    { 16, 19, 16, 0, 19, 76, 7125 }, // Æ
    { 14, 25, 16, 1, 19, 88, 7201 }, // Ç
    { 13, 23, 16, 2, 23, 75, 7289 }, // È
    { 13, 23, 16, 2, 23, 75, 7364 }, // É
    { 13, 24, 16, 2, 24, 78, 7439 }, // Ê
    { 13, 23, 16, 2, 23, 75, 7517 }, // Ë
    { 14, 23, 16, 1, 23, 81, 7592 }, // Ì
    { 14, 23, 16, 1, 23, 81, 7673 }, // Í
    { 14, 24, 16, 1, 24, 84, 7754 }, // Î
    { 14, 23, 16, 1, 23, 81, 7838 }, // Ï
    { 16, 19, 16, 0, 19, 76, 7919 }, // Ð
    { 14, 23, 16, 1, 23, 81, 7995 }, // Ñ
    { 14, 23, 16, 1, 23, 81, 8076 }, // Ò
    { 14, 23, 16, 1, 23, 81, 8157 }, // Ó
    { 14, 24, 16, 1, 24, 84, 8238 }, // Ô
    { 14, 23, 16, 1, 23, 81, 8322 }, // Õ
    { 14, 23, 16, 1, 23, 81, 8403 }, // Ö
    { 10, 10, 16, 3, 14, 25, 8484 }, // ×
    { 16, 21, 16, 0, 20, 84, 8509 }, // Ø
    { 14, 23, 16, 1, 23, 81, 8593 }, // Ù
    { 14, 23, 16, 1, 23, 81, 8674 }, // Ú
    { 14, 24, 16, 1, 24, 84, 8755 }, // Û
    { 14, 23, 16, 1, 23, 81, 8839 }, // Ü
    { 16, 23, 16, 0, 23, 92, 8920 }, // Ý
    { 13, 19, 16, 2, 19, 62, 9012 }, // Þ
    { 15, 19, 16, 1, 19, 72, 9074 }, // ß
    { 13, 19, 16, 2, 19, 62, 9146 }, // à
    { 13, 19, 16, 2, 19, 62, 9208 }, // á
    { 13, 20, 16, 2, 20, 65, 9270 }, // â
    { 13, 19, 16, 2, 19, 62, 9335 }, // ã
    { 13, 19, 16, 2, 19, 62, 9397 }, // ä
    { 13, 20, 16, 2, 20, 65, 9459 }, // å
    { 16, 14, 16, 0, 14, 56, 9524 }, // æ
    { 14, 20, 16, 1, 14, 70, 9580 }, // ç
    { 14, 19, 16, 1, 19, 67, 9650 }, // è
    { 14, 19, 16, 1, 19, 67, 9717 }, // é
    { 14, 20, 16, 1, 20, 70, 9784 }, // ê
    { 14, 19, 16, 1, 19, 67, 9854 }, // ë
    { 13, 19, 16, 3, 19, 62, 9921 }, // ì
    { 13, 19, 16, 2, 19, 62, 9983 }, // í
    { 13, 20, 16, 2, 20, 65, 10045 }, // î
    { 13, 19, 16, 2, 19, 62, 10110 }, // ï
    { 14, 19, 16, 1, 19, 67, 10172 }, // ð
    { 15, 19, 16, 0, 19, 72, 10239 }, // ñ
    { 14, 19, 16, 1, 19, 67, 10311 }, // ò
    { 14, 19, 16, 1, 19, 67, 10378 }, // ó
    { 14, 20, 16, 1, 20, 70, 10445 }, // ô
    { 14, 19, 16, 1, 19, 67, 10515 }, // õ
    { 14, 19, 16, 1, 19, 67, 10582 }, // ö
    { 14, 14, 16, 1, 16, 49, 10649 }, // ÷
    { 14, 16, 16, 1, 15, 56, 10698 }, // ø
    { 16, 19, 16, 0, 19, 76, 10754 }, // ù
    { 16, 19, 16, 0, 19, 76, 10830 }, // ú
    { 16, 20, 16, 0, 20, 80, 10906 }, // û
    { 16, 19, 16, 0, 19, 76, 10986 }, // ü
    { 14, 25, 16, 1, 19, 88, 11062 }, // ý
    { 15, 25, 16, 0, 19, 94, 11150 }, // þ
    { 14, 25, 16, 1, 19, 88, 11244 }, // ÿ
    { 13, 14, 16, 2, 14, 46, 11332 }, // ı
    { 16, 19, 16, 0, 19, 76, 11378 }, // Œ
    { 15, 14, 16, 1, 14, 53, 11454 }, // œ
    { 5, 4, 16, 5, 19, 5, 11507 }, // ́
    { 13, 23, 16, 2, 23, 75, 11512 }, // Ё
    { 16, 19, 16, 0, 19, 76, 11587 }, // Ђ
    { 14, 23, 16, 1, 23, 81, 11663 }, // Ѓ
    { 14, 19, 16, 1, 19, 67, 11744 }, // Є
    { 13, 19, 16, 2, 19, 62, 11811 }, // Ѕ
    { 14, 19, 16, 1, 19, 67, 11873 }, // І
    { 14, 23, 16, 1, 23, 81, 11940 }, // Ї
    { 12, 19, 16, 2, 19, 57, 12021 }, // Ј
    { 17, 19, 16, 0, 19, 81, 12078 }, // Љ
    { 16, 19, 16, 0, 19, 76, 12159 }, // Њ
    { 16, 19, 16, 0, 19, 76, 12235 }, // Ћ
    { 15, 23, 16, 2, 23, 87, 12311 }, // Ќ
    { 16, 24, 16, 0, 24, 96, 12398 }, // Ў
    { 13, 24, 16, 2, 19, 78, 12494 }, // Џ
    { 16, 19, 16, 0, 19, 76, 12572 }, // А
    { 13, 19, 16, 2, 19, 62, 12648 }, // Б
    { 13, 19, 16, 2, 19, 62, 12710 }, // В
    { 14, 19, 16, 1, 19, 67, 12772 }, // Г
    { 16, 23, 16, 0, 19, 92, 12839 }, // Д
    { 13, 19, 16, 2, 19, 62, 12931 }, // Е
    { 17, 19, 16, 0, 19, 81, 12993 }, // Ж
    { 13, 19, 16, 2, 19, 62, 13074 }, // З
    { 14, 19, 16, 1, 19, 67, 13136 }, // И
    { 14, 24, 16, 1, 24, 84, 13203 }, // Й
    { 15, 19, 16, 2, 19, 72, 13287 }, // К
    { 15, 19, 16, 0, 19, 72, 13359 }, // Л
    { 14, 19, 16, 1, 19, 67, 13431 }, // М
    { 14, 19, 16, 1, 19, 67, 13498 }, // Н
    { 14, 19, 16, 1, 19, 67, 13565 }, // О
    { 14, 19, 16, 1, 19, 67, 13632 }, // П
    { 13, 19, 16, 2, 19, 62, 13699 }, // Р
    { 14, 19, 16, 1, 19, 67, 13761 }, // С
    { 15, 19, 16, 1, 19, 72, 13828 }, // Т
    { 16, 19, 16, 0, 19, 76, 13900 }, // У
    { 16, 19, 16, 0, 19, 76, 13976 }, // Ф
    { 16, 19, 16, 0, 19, 76, 14052 }, // Х
    { 16, 23, 16, 1, 19, 92, 14128 }, // Ц
    { 13, 19, 16, 2, 19, 62, 14220 }, // Ч
    { 14, 19, 16, 1, 19, 67, 14282 }, // Ш
    { 16, 23, 16, 1, 19, 92, 14349 }, // Щ
    { 16, 19, 16, 0, 19, 76, 14441 }, // Ъ
    { 14, 19, 16, 1, 19, 67, 14517 }, // Ы
    { 12, 19, 16, 3, 19, 57, 14584 }, // Ь
    { 14, 19, 16, 1, 19, 67, 14641 }, // Э
    { 16, 19, 16, 0, 19, 76, 14708 }, // Ю
    { 13, 19, 16, 1, 19, 62, 14784 }, // Я
    { 13, 14, 16, 2, 14, 46, 14846 }, // а
    { 14, 20, 16, 1, 20, 70, 14892 }, // б
    { 12, 14, 16, 3, 14, 42, 14962 }, // в
    { 12, 14, 16, 2, 14, 42, 15004 }, // г
    { 16, 17, 16, 0, 14, 68, 15046 }, // д
    { 14, 14, 16, 1, 14, 49, 15114 }, // е
    { 17, 14, 16, 0, 14, 60, 15163 }, // ж
    { 13, 14, 16, 2, 14, 46, 15223 }, // з
    { 12, 14, 16, 2, 14, 42, 15269 }, // и
    { 12, 19, 16, 2, 19, 57, 15311 }, // й
    { 14, 14, 16, 2, 14, 49, 15368 }, // к
    { 13, 14, 16, 1, 14, 46, 15417 }, // л
    { 14, 14, 16, 1, 14, 49, 15463 }, // м
    { 12, 14, 16, 2, 14, 42, 15512 }, // н
    { 14, 14, 16, 1, 14, 49, 15554 }, // о
    { 12, 14, 16, 2, 14, 42, 15603 }, // п
    { 15, 20, 16, 0, 14, 75, 15645 }, // р
    { 14, 14, 16, 1, 14, 49, 15720 }, // с
    { 14, 14, 16, 1, 14, 49, 15769 }, // т
    { 14, 20, 16, 1, 14, 70, 15818 }, // у
    { 16, 25, 16, 0, 19, 100, 15888 }, // ф
    { 14, 14, 16, 1, 14, 49, 15988 }, // х
    { 14, 17, 16, 2, 14, 60, 16037 }, // ц
    { 12, 14, 16, 2, 14, 42, 16097 }, // ч
    { 14, 14, 16, 1, 14, 49, 16139 }, // ш
    { 15, 17, 16, 1, 14, 64, 16188 }, // щ
    { 15, 14, 16, 1, 14, 53, 16252 }, // ъ
    { 14, 14, 16, 1, 14, 49, 16305 }, // ы
    { 12, 14, 16, 3, 14, 42, 16354 }, // ь
    { 13, 14, 16, 2, 14, 46, 16396 }, // э
    { 15, 14, 16, 1, 14, 53, 16442 }, // ю
    { 13, 14, 16, 1, 14, 46, 16495 }, // я
    { 14, 18, 16, 1, 18, 63, 16541 }, // ё
    { 14, 25, 16, 1, 19, 88, 16604 }, // ђ
    { 12, 19, 16, 2, 19, 57, 16692 }, // ѓ
    { 14, 14, 16, 1, 14, 49, 16749 }, // є
    { 12, 14, 16, 2, 14, 42, 16798 }, // ѕ
    { 13, 19, 16, 2, 19, 62, 16840 }, // і
    { 13, 19, 16, 2, 19, 62, 16902 }, // ї
    { 11, 25, 16, 1, 19, 69, 16964 }, // ј
    { 16, 14, 16, 0, 14, 56, 17033 }, // љ
    { 16, 14, 16, 0, 14, 56, 17089 }, // њ
    { 14, 19, 16, 1, 19, 67, 17145 }, // ћ
    { 14, 19, 16, 2, 19, 67, 17212 }, // ќ
    { 14, 25, 16, 1, 19, 88, 17279 }, // ў
    { 12, 18, 16, 2, 14, 54, 17367 }, // џ
    { 14, 22, 16, 1, 22, 77, 17421 }, // Ґ
    { 12, 17, 16, 2, 17, 51, 17498 }, // ґ
    { 16, 19, 16, 0, 19, 76, 17549 }, // Ұ
    { 15, 20, 16, 1, 14, 75, 17625 }, // ұ
    { 12, 2, 16, 2, 9, 6, 17700 }, // –
    { 16, 2, 16, 0, 9, 8, 17706 }, // —
    { 4, 6, 16, 6, 21, 6, 17714 }, // ‘
    { 5, 6, 16, 6, 20, 8, 17720 }, // ’
    { 5, 6, 16, 6, 3, 8, 17728 }, // ‚
    { 10, 6, 16, 3, 21, 15, 17736 }, // “
    { 10, 6, 16, 3, 20, 15, 17751 }, // ”
    { 10, 6, 16, 3, 3, 15, 17766 }, // „
    { 8, 8, 16, 4, 12, 16, 17781 }, // •
    { 18, 4, 16, -1, 4, 18, 17797 }, // …
    { 8, 13, 16, 4, 14, 26, 17815 }, // ‹
    { 8, 13, 16, 4, 14, 26, 17841 }, // ›
    { 16, 19, 16, 0, 19, 76, 17867 }, // ⁄
    { 15, 19, 16, 1, 19, 72, 17943 }, // €
    { 7, 15, 16, 5, 11, 27, 18015 }, // ↑
    { 7, 15, 16, 5, 11, 27, 18042 }, // ↓
    { 14, 2, 16, 1, 10, 7, 18069 }, // −
    { 16, 19, 16, 0, 19, 76, 18076 }, // ∕
};

static const EpdUnicodeInterval PROGMEM pt_mono_13_2bIntervals[] = {
    { 0x20, 0x7E, 0x0 },
    { 0xA0, 0xFF, 0x5F },
    { 0x131, 0x131, 0xBF },
    { 0x152, 0x153, 0xC0 },
    { 0x301, 0x301, 0xC2 },
    { 0x401, 0x40C, 0xC3 },
    { 0x40E, 0x44F, 0xCF },
    { 0x451, 0x45C, 0x111 },
    { 0x45E, 0x45F, 0x11D },
    { 0x490, 0x491, 0x11F },
    { 0x4B0, 0x4B1, 0x121 },
    { 0x2013, 0x2014, 0x123 },
    { 0x2018, 0x201A, 0x125 },
    { 0x201C, 0x201E, 0x128 },
    { 0x2022, 0x2022, 0x12B },
    { 0x2026, 0x2026, 0x12C },
    { 0x2039, 0x203A, 0x12D },
    { 0x2044, 0x2044, 0x12F },
    { 0x20AC, 0x20AC, 0x130 },
    { 0x2191, 0x2191, 0x131 },
    { 0x2193, 0x2193, 0x132 },
    { 0x2212, 0x2212, 0x133 },
    { 0x2215, 0x2215, 0x134 },
};

static const EpdFontData pt_mono_13_2b = {
    pt_mono_13_2bBitmaps,
    pt_mono_13_2bGlyphs,
    pt_mono_13_2bIntervals,
    23,
    30,
    24,
    -7,
    true,
};
