/*
 * SIL OPEN FONT LICENSE 1.1 — bundled font notice (required by §56-61).
 *
 * Based on PT Mono by ParaType Ltd. SIL OFL 1.1.
 * Full license: scripts/pt-mono/OFL.txt
 *
 * Embedded in the snapix firmware as a derivative work — format conversion
 * (TTF → C array) is permitted under OFL §39-42.
 */
/**
 * generated by fontconvert.py
 * name: pt_mono_12_2b
 * size: 12
 * mode: 2-bit
 */
#pragma once
#include "EpdFontData.h"

static const uint8_t PROGMEM pt_mono_12_2bBitmaps[15943] = {
    0xBA, 0xEB, 0xAE, 0xBA, 0xEB, 0xAE, 0xB9, 0xD7, 0x4D, 0x30, 0x00, 0x2E, 0xFE, 0xE0, 0x3C, 0x0F,
    0x0F, 0x03, 0xC3, 0xC0, 0xF0, 0xE0, 0x3C, 0x38, 0x0E, 0x0D, 0x03, 0x83, 0x40, 0xE0, 0xD0, 0x34,
    0x00, 0x1D, 0x03, 0x80, 0x00, 0xB0, 0x1D, 0x00, 0x03, 0xC0, 0xB0, 0x00, 0x0E, 0x03, 0xC0, 0x0B,
    0xFF, 0xFF, 0xF0, 0x3F, 0xFF, 0xFF, 0xC0, 0x0F, 0x01, 0xD0, 0x00, 0x38, 0x0B, 0x00, 0x01, 0xD0,
    0x3C, 0x00, 0xFF, 0xFF, 0xFF, 0x03, 0xFF, 0xFF, 0xF8, 0x00, 0xF0, 0x2C, 0x00, 0x03, 0x80, 0xF0,
    0x00, 0x1D, 0x03, 0x80, 0x00, 0xB0, 0x1D, 0x00, 0x00, 0x00, 0x74, 0x00, 0x01, 0xD0, 0x00, 0x6F,
    0xF9, 0x07, 0xFF, 0xF8, 0x3E, 0x34, 0x41, 0xF0, 0xD0, 0x07, 0x83, 0x40, 0x1F, 0x0D, 0x00, 0x3E,
    0x34, 0x00, 0x7F, 0xD0, 0x00, 0x7F, 0xD0, 0x00, 0x2F, 0xE0, 0x00, 0x77, 0xE0, 0x01, 0xC3, 0xD0,
    0x07, 0x0B, 0x80, 0x1C, 0x2E, 0x00, 0x70, 0xF4, 0x91, 0xCB, 0xC7, 0xFF, 0xFD, 0x0B, 0xFF, 0x80,
    0x00, 0x74, 0x00, 0x01, 0xD0, 0x00, 0x0B, 0xE0, 0x03, 0x00, 0xBF, 0xE0, 0x2C, 0x03, 0xC3, 0xC0,
    0xE0, 0x1E, 0x0B, 0x0B, 0x00, 0x78, 0x2C, 0x38, 0x00, 0xF0, 0xF2, 0xC0, 0x02, 0xFF, 0x8E, 0x00,
    0x02, 0xF8, 0xB0, 0x00, 0x00, 0x03, 0x80, 0x00, 0x00, 0x2C, 0x00, 0x00, 0x00, 0xE2, 0xF8, 0x00,
    0x0B, 0x2F, 0xF8, 0x00, 0x38, 0xF0, 0xF0, 0x02, 0xC3, 0x82, 0xC0, 0x0E, 0x0E, 0x0B, 0x00, 0xB0,
    0x3C, 0x3C, 0x03, 0x80, 0xBF, 0xE0, 0x1C, 0x00, 0xBE, 0x00, 0x00, 0xBF, 0x80, 0x00, 0x0B, 0xFF,
    0x80, 0x00, 0x3C, 0x1F, 0x00, 0x00, 0xF0, 0x3C, 0x00, 0x03, 0xC0, 0xE0, 0x00, 0x0B, 0x5F, 0x00,
    0x00, 0x0F, 0xE0, 0x00, 0x00, 0xBF, 0x00, 0x00, 0x0B, 0xAD, 0x00, 0xB0, 0x7C, 0x3C, 0x03, 0xC3,
    0xC0, 0x3C, 0x0F, 0x0F, 0x00, 0x7C, 0x38, 0x3C, 0x00, 0xBA, 0xC0, 0xF0, 0x00, 0xFF, 0x03, 0xE0,
    0x00, 0xF8, 0x07, 0xE0, 0x1F, 0xF8, 0x0B, 0xFF, 0xF4, 0xF0, 0x06, 0xFE, 0x00, 0x80, 0x79, 0xE7,
    0x5D, 0x75, 0xC7, 0x1C, 0x00, 0x01, 0xB0, 0x00, 0x7F, 0xD0, 0x0B, 0xE0, 0x00, 0xBC, 0x00, 0x07,
    0xC0, 0x00, 0x3C, 0x00, 0x01, 0xE0, 0x00, 0x0B, 0x40, 0x00, 0x3C, 0x00, 0x00, 0xF0, 0x00, 0x03,
    0xC0, 0x00, 0x0F, 0x00, 0x00, 0x3C, 0x00, 0x00, 0xF0, 0x00, 0x03, 0xC0, 0x00, 0x0B, 0x40, 0x00,
    0x1E, 0x00, 0x00, 0x3C, 0x00, 0x00, 0x7C, 0x00, 0x00, 0xBC, 0x00, 0x00, 0xBE, 0x00, 0x00, 0x7F,
    0xE0, 0x00, 0x1B, 0x40, 0x39, 0x00, 0x00, 0xFF, 0x80, 0x00, 0x1F, 0xD0, 0x00, 0x0B, 0xC0, 0x00,
    0x07, 0xC0, 0x00, 0x0B, 0x40, 0x00, 0x0F, 0x00, 0x00, 0x3C, 0x00, 0x00, 0xB4, 0x00, 0x01, 0xE0,
    0x00, 0x07, 0x80, 0x00, 0x1E, 0x00, 0x00, 0x78, 0x00, 0x01, 0xE0, 0x00, 0x0B, 0x40, 0x00, 0x3C,
    0x00, 0x00, 0xF0, 0x00, 0x0B, 0x40, 0x00, 0x7C, 0x00, 0x07, 0xC0, 0x01, 0xFC, 0x00, 0xBF, 0x80,
    0x02, 0xD0, 0x00, 0x00, 0x00, 0x00, 0x00, 0x00, 0xA0, 0x28, 0x00, 0x3C, 0x0F, 0x00, 0x07, 0x8B,
    0x40, 0x00, 0xF3, 0x80, 0x00, 0x0F, 0xC0, 0x07, 0xEB, 0xFB, 0xF5, 0xFE, 0xFE, 0xFD, 0x00, 0x73,
    0x40, 0x00, 0x34, 0xB0, 0x00, 0x3C, 0x0F, 0x00, 0x09, 0x01, 0x80, 0x00, 0x1D, 0x00, 0x00, 0x07,
    0x40, 0x00, 0x01, 0xD0, 0x00, 0x00, 0x74, 0x00, 0x00, 0x1D, 0x00, 0x00, 0x07, 0x40, 0x0F, 0xFF,
    0xFF, 0xFF, 0xFF, 0xFF, 0xFF, 0x00, 0x1D, 0x00, 0x00, 0x07, 0x40, 0x00, 0x01, 0xD0, 0x00, 0x00,
    0x74, 0x00, 0x00, 0x1D, 0x00, 0x00, 0x07, 0x40, 0x00, 0x2E, 0x0F, 0xD3, 0xF4, 0x1C, 0x1E, 0x0D,
    0x00, 0xFF, 0xFF, 0xFF, 0xFF, 0xF0, 0x2E, 0x0F, 0xC2, 0xE0, 0x00, 0x00, 0x34, 0x00, 0x01, 0xE0,
    0x00, 0x0F, 0x00, 0x00, 0x38, 0x00, 0x02, 0xC0, 0x00, 0x0F, 0x00, 0x00, 0xB4, 0x00, 0x03, 0xC0,
    0x00, 0x1E, 0x00, 0x00, 0xF0, 0x00, 0x03, 0x80, 0x00, 0x2C, 0x00, 0x00, 0xF0, 0x00, 0x0B, 0x40,
    0x00, 0x3C, 0x00, 0x01, 0xE0, 0x00, 0x0F, 0x00, 0x00, 0x38, 0x00, 0x02, 0xC0, 0x00, 0x0F, 0x00,
    0x00, 0xB4, 0x00, 0x01, 0xC0, 0x00, 0x00, 0x00, 0xBF, 0x90, 0x01, 0xFF, 0xFD, 0x00, 0xF8, 0x0B,
    0xD0, 0xB8, 0x00, 0xBC, 0x3C, 0x00, 0x0F, 0x1F, 0x00, 0x0B, 0xD7, 0x80, 0x0F, 0xF6, 0xE0, 0x0F,
    0xAE, 0xB4, 0x1F, 0x8B, 0xAD, 0x2F, 0x41, 0xEB, 0xAF, 0x00, 0x79, 0xFE, 0x00, 0x2D, 0x7E, 0x00,
    0x0F, 0x4F, 0x00, 0x03, 0xC2, 0xE0, 0x02, 0xE0, 0x3E, 0x02, 0xF0, 0x07, 0xFF, 0xF4, 0x00, 0x2F,
    0xE0, 0x00, 0x00, 0x7C, 0x00, 0x0B, 0xF0, 0x01, 0xFB, 0xC0, 0x2F, 0x4F, 0x00, 0x60, 0x3C, 0x00,
    0x00, 0xF0, 0x00, 0x03, 0xC0, 0x00, 0x0F, 0x00, 0x00, 0x3C, 0x00, 0x00, 0xF0, 0x00, 0x03, 0xC0,
    0x00, 0x0F, 0x00, 0x00, 0x3C, 0x00, 0x00, 0xF0, 0x00, 0x03, 0xC0, 0x00, 0x0F, 0x00, 0x3F, 0xFF,
    0xFC, 0xFF, 0xFF, 0xF0, 0x01, 0xBF, 0x90, 0x03, 0xFF, 0xFD, 0x00, 0xE0, 0x0B, 0xC0, 0x00, 0x00,
    0xF4, 0x00, 0x00, 0x2D, 0x00, 0x00, 0x07, 0x40, 0x00, 0x02, 0xC0, 0x00, 0x00, 0xF0, 0x00, 0x00,
    0xB4, 0x00, 0x00, 0x78, 0x00, 0x00, 0x7C, 0x00, 0x00, 0x3C, 0x00, 0x00, 0x3C, 0x00, 0x00, 0x3C,
    0x00, 0x00, 0x7C, 0x00, 0x00, 0x7C, 0x00, 0x00, 0x3F, 0xFF, 0xFF, 0x0F, 0xFF, 0xFF, 0xC0, 0xFF,
    0xFF, 0xF3, 0xFF, 0xFF, 0xC0, 0x00, 0x2E, 0x00, 0x01, 0xF0, 0x00, 0x0F, 0x00, 0x00, 0xF0, 0x00,
    0x0B, 0x40, 0x00, 0x78, 0x00, 0x03, 0xFE, 0x40, 0x1F, 0xFF, 0x80, 0x00, 0x6F, 0x40, 0x00, 0x2E,
    0x00, 0x00, 0x3C, 0x00, 0x01, 0xE0, 0x00, 0x0F, 0x44, 0x01, 0xFC, 0xBF, 0xFF, 0xC1, 0xBF, 0xE4,
    0x00, 0x00, 0x00, 0xF0, 0x00, 0x00, 0x2F, 0x00, 0x00, 0x0B, 0xF0, 0x00, 0x01, 0xFF, 0x00, 0x00,
    0x3C, 0xF0, 0x00, 0x0F, 0x4F, 0x00, 0x03, 0xD0, 0xF0, 0x00, 0xB8, 0x0F, 0x00, 0x1E, 0x00, 0xF0,
    0x07, 0xC0, 0x0F, 0x00, 0xFF, 0xFF, 0xFF, 0xEF, 0xFF, 0xFF, 0xFE, 0x00, 0x00, 0xF0, 0x00, 0x00,
    0x0F, 0x00, 0x00, 0x00, 0xF0, 0x00, 0x00, 0x0F, 0x00, 0x00, 0x00, 0xF0, 0x00, 0x00, 0x0F, 0x00,
    0x1F, 0xFF, 0xF0, 0x7F, 0xFF, 0xC1, 0xD0, 0x00, 0x07, 0x40, 0x00, 0x1D, 0x00, 0x00, 0x74, 0x00,
    0x01, 0xD0, 0x00, 0x07, 0xFF, 0x80, 0x1F, 0xFF, 0xC0, 0x00, 0x1F, 0xC0, 0x00, 0x0F, 0x40, 0x00,
    0x1E, 0x00, 0x00, 0x78, 0x00, 0x01, 0xE0, 0x00, 0x0F, 0x19, 0x01, 0xF8, 0xBF, 0xFF, 0x80, 0x7F,
    0xE4, 0x00, 0x00, 0x01, 0xB0, 0x00, 0x07, 0xFC, 0x00, 0x0B, 0xF4, 0x00, 0x0B, 0xD0, 0x00, 0x07,
    0xC0, 0x00, 0x03, 0xC0, 0x00, 0x01, 0xE0, 0x00, 0x00, 0xF1, 0xFF, 0x40, 0x3F, 0xFF, 0xFC, 0x1F,
    0xD0, 0x1F, 0xC7, 0xC0, 0x00, 0xF1, 0xD0, 0x00, 0x2D, 0x78, 0x00, 0x0B, 0x5F, 0x00, 0x03, 0xD3,
    0xD0, 0x01, 0xF0, 0x7E, 0x02, 0xF4, 0x0B, 0xFF, 0xF8, 0x00, 0x6F, 0xE4, 0x00, 0x7F, 0xFF, 0xFF,
    0x7F, 0xFF, 0xFF, 0x00, 0x00, 0x1D, 0x00, 0x00, 0x3C, 0x00, 0x00, 0x78, 0x00, 0x00, 0xF0, 0x00,
    0x01, 0xE0, 0x00, 0x03, 0xC0, 0x00, 0x07, 0x80, 0x00, 0x0F, 0x00, 0x00, 0x1E, 0x00, 0x00, 0x3C,
    0x00, 0x00, 0x78, 0x00, 0x00, 0xF4, 0x00, 0x00, 0xF0, 0x00, 0x02, 0xD0, 0x00, 0x03, 0xC0, 0x00,
    0x0B, 0x40, 0x00, 0x00, 0xBF, 0x90, 0x02, 0xFF, 0xFE, 0x01, 0xF8, 0x0B, 0xD0, 0xB8, 0x00, 0xB8,
    0x2D, 0x00, 0x1E, 0x0B, 0x80, 0x07, 0x40, 0xF4, 0x03, 0xC0, 0x0F, 0xD7, 0xC0, 0x00, 0xFF, 0xC0,
    0x00, 0xBA, 0xFC, 0x00, 0xF4, 0x0B, 0xC0, 0xB4, 0x00, 0xBC, 0x3C, 0x00, 0x0F, 0x0F, 0x00, 0x03,
    0xC3, 0xD0, 0x01, 0xF0, 0xBD, 0x01, 0xF4, 0x0F, 0xFF, 0xF8, 0x00, 0x7F, 0xE4, 0x00, 0x01, 0xBF,
    0x90, 0x02, 0xFF, 0xFE, 0x02, 0xF4, 0x0B, 0xD0, 0xF0, 0x00, 0x7C, 0x7C, 0x00, 0x0F, 0x5E, 0x00,
    0x02, 0xD7, 0x80, 0x00, 0x74, 0xF0, 0x00, 0x2D, 0x2F, 0x40, 0x6F, 0x43, 0xFF, 0xFF, 0xC0, 0x1F,
    0xF8, 0xF0, 0x00, 0x00, 0x78, 0x00, 0x00, 0x3C, 0x00, 0x00, 0x2E, 0x00, 0x00, 0x3F, 0x00, 0x01,
    0xBF, 0x00, 0x03, 0xFE, 0x00, 0x00, 0xF8, 0x00, 0x00, 0x2E, 0x0F, 0xC2, 0xE0, 0x00, 0x00, 0x00,
    0x00, 0x00, 0x00, 0x00, 0x00, 0x02, 0xE0, 0xFC, 0x2E, 0x00, 0x2F, 0x0F, 0xD2, 0xF0, 0x00, 0x00,
    0x00, 0x00, 0x00, 0x00, 0x00, 0x00, 0x02, 0xE0, 0xFD, 0x3F, 0x41, 0xC1, 0xE0, 0xD0, 0x00, 0x00,
    0x02, 0x00, 0x00, 0x0B, 0xE0, 0x00, 0x1F, 0xD0, 0x00, 0x2F, 0x80, 0x00, 0x7F, 0x00, 0x00, 0xFD,
    0x00, 0x02, 0xF8, 0x00, 0x03, 0xF4, 0x00, 0x00, 0x3F, 0x80, 0x00, 0x01, 0xFD, 0x00, 0x00, 0x0B,
    0xF0, 0x00, 0x00, 0x3F, 0x80, 0x00, 0x01, 0xFD, 0x00, 0x00, 0x0B, 0xE0, 0x00, 0x00, 0x20, 0x7F,
    0xFF, 0xFF, 0x5F, 0xFF, 0xFF, 0xD0, 0x00, 0x00, 0x00, 0x00, 0x00, 0x00, 0x7F, 0xFF, 0xFF, 0x5F,
    0xFF, 0xFF, 0xD0, 0x20, 0x00, 0x00, 0x2F, 0x80, 0x00, 0x01, 0xFD, 0x00, 0x00, 0x0B, 0xE0, 0x00,
    0x00, 0x3F, 0x40, 0x00, 0x01, 0xFC, 0x00, 0x00, 0x0B, 0xE0, 0x00, 0x00, 0x7F, 0x00, 0x00, 0xBF,
    0x00, 0x01, 0xFD, 0x00, 0x03, 0xF8, 0x00, 0x0B, 0xF0, 0x00, 0x1F, 0xD0, 0x00, 0x2F, 0x80, 0x00,
    0x02, 0x00, 0x00, 0x00, 0x01, 0xBF, 0xD0, 0x07, 0xFF, 0xFE, 0x07, 0xE4, 0x0B, 0xE0, 0xD0, 0x00,
    0xBC, 0x00, 0x00, 0x0F, 0x00, 0x00, 0x03, 0xC0, 0x00, 0x02, 0xE0, 0x00, 0x02, 0xF0, 0x00, 0x02,
    0xE0, 0x00, 0x03, 0xE0, 0x00, 0x02, 0xD0, 0x00, 0x00, 0xF0, 0x00, 0x00, 0x38, 0x00, 0x00, 0x00,
    0x00, 0x00, 0x00, 0x00, 0x00, 0x01, 0xE0, 0x00, 0x00, 0xBC, 0x00, 0x00, 0x1E, 0x00, 0x00, 0x00,
    0x1B, 0xF8, 0x00, 0x03, 0xFF, 0xFC, 0x00, 0x3F, 0x40, 0xFC, 0x02, 0xE0, 0x00, 0xF0, 0x1F, 0x00,
    0x03, 0xC0, 0xF0, 0x00, 0x0F, 0x03, 0xC0, 0xBF, 0xFC, 0x1E, 0x0F, 0xFF, 0xF0, 0x74, 0xF8, 0x03,
    0xC1, 0xD3, 0xC0, 0x0F, 0x07, 0x4F, 0x00, 0x3C, 0x1E, 0x3E, 0x07, 0xF0, 0x3C, 0x7F, 0xFA, 0xFC,
    0xF0, 0x7F, 0x8B, 0xF1, 0xF0, 0x00, 0x00, 0x03, 0xE0, 0x00, 0x04, 0x03, 0xF4, 0x01, 0xF0, 0x03,
    0xFF, 0xFF, 0x80, 0x01, 0xBF, 0xE0, 0x00, 0x00, 0x0F, 0xC0, 0x00, 0x00, 0x3F, 0x00, 0x00, 0x02,
    0xFE, 0x00, 0x00, 0x0F, 0x3C, 0x00, 0x00, 0x3C, 0xF0, 0x00, 0x02, 0xD2, 0xE0, 0x00, 0x0F, 0x03,
    0xC0, 0x00, 0x3C, 0x0F, 0x00, 0x02, 0xD0, 0x2D, 0x00, 0x0F, 0x00, 0x7C, 0x00, 0x3C, 0x00, 0xF0,
    0x01, 0xFF, 0xFF, 0xD0, 0x0F, 0xFF, 0xFF, 0xC0, 0x3C, 0x00, 0x0F, 0x01, 0xE0, 0x00, 0x2D, 0x0F,
    0x00, 0x00, 0x7C, 0x3C, 0x00, 0x00, 0xF1, 0xE0, 0x00, 0x02, 0xD0, 0x7F, 0xFF, 0x40, 0xBF, 0xFF,
    0xF0, 0xB8, 0x02, 0xF8, 0xB8, 0x00, 0xBC, 0xB8, 0x00, 0x3C, 0xB8, 0x00, 0x7C, 0xB8, 0x00, 0xF4,
    0xB8, 0x07, 0xE0, 0xBF, 0xFF, 0x40, 0xBF, 0xFF, 0xF0, 0xB8, 0x01, 0xFC, 0xB8, 0x00, 0x3D, 0xB8,
    0x00, 0x2E, 0xB8, 0x00, 0x2E, 0xB8, 0x00, 0x3D, 0xB8, 0x01, 0xFC, 0xBF, 0xFF, 0xF0, 0x7F, 0xFE,
    0x40, 0x00, 0x2F, 0xFD, 0x00, 0x7F, 0xFF, 0xD0, 0x7F, 0x40, 0xB4, 0x3E, 0x00, 0x2D, 0x2F, 0x00,
    0x0B, 0x4F, 0x40, 0x00, 0x03, 0xC0, 0x00, 0x01, 0xF0, 0x00, 0x00, 0x7C, 0x00, 0x00, 0x1F, 0x00,
    0x00, 0x07, 0xC0, 0x00, 0x00, 0xF0, 0x00, 0x00, 0x3D, 0x00, 0x00, 0x0B, 0xC0, 0x01, 0xE0, 0xF8,
    0x00, 0x78, 0x2F, 0xD0, 0x2E, 0x02, 0xFF, 0xFF, 0x40, 0x0B, 0xFE, 0x00, 0xFF, 0xF9, 0x00, 0xFF,
    0xFF, 0xC0, 0xF0, 0x0B, 0xF0, 0xF0, 0x00, 0xF8, 0xF0, 0x00, 0x7C, 0xF0, 0x00, 0x3D, 0xF0, 0x00,
    0x2E, 0xF0, 0x00, 0x2E, 0xF0, 0x00, 0x1F, 0xF0, 0x00, 0x1F, 0xF0, 0x00, 0x2E, 0xF0, 0x00, 0x2E,
    0xF0, 0x00, 0x3D, 0xF0, 0x00, 0x7C, 0xF0, 0x00, 0xF8, 0xF0, 0x0B, 0xF0, 0xFF, 0xFF, 0x80, 0xFF,
    0xF9, 0x00, 0x7F, 0xFF, 0xFC, 0x7F, 0xFF, 0xFC, 0x7C, 0x00, 0x00, 0x7C, 0x00, 0x00, 0x7C, 0x00,
    0x00, 0x7C, 0x00, 0x00, 0x7C, 0x00, 0x00, 0x7C, 0x00, 0x00, 0x7F, 0xFF, 0xF4, 0x7F, 0xFF, 0xF4,
    0x7C, 0x00, 0x00, 0x7C, 0x00, 0x00, 0x7C, 0x00, 0x00, 0x7C, 0x00, 0x00, 0x7C, 0x00, 0x00, 0x7C,
    0x00, 0x00, 0x7F, 0xFF, 0xFC, 0x7F, 0xFF, 0xFC, 0x3F, 0xFF, 0xFC, 0xFF, 0xFF, 0xF3, 0xC0, 0x00,
    0x0F, 0x00, 0x00, 0x3C, 0x00, 0x00, 0xF0, 0x00, 0x03, 0xC0, 0x00, 0x0F, 0x00, 0x00, 0x3F, 0xFF,
    0xF4, 0xFF, 0xFF, 0xD3, 0xC0, 0x00, 0x0F, 0x00, 0x00, 0x3C, 0x00, 0x00, 0xF0, 0x00, 0x03, 0xC0,
    0x00, 0x0F, 0x00, 0x00, 0x3C, 0x00, 0x00, 0xF0, 0x00, 0x00, 0x00, 0x6F, 0xFD, 0x00, 0xBF, 0xFF,
    0xC0, 0xBE, 0x00, 0xF0, 0x7C, 0x00, 0x3C, 0x3E, 0x00, 0x0F, 0x0F, 0x00, 0x00, 0x07, 0xC0, 0x00,
    0x02, 0xE0, 0x00, 0x00, 0xB8, 0x00, 0x00, 0x2E, 0x00, 0xFF, 0xDB, 0x80, 0x3F, 0xF5, 0xF0, 0x00,
    0x1D, 0x7C, 0x00, 0x07, 0x4F, 0x40, 0x01, 0xD2, 0xF0, 0x00, 0x74, 0x3F, 0x40, 0x2D, 0x03, 0xFF,
    0xFF, 0x40, 0x1F, 0xFE, 0x00, 0xB8, 0x00, 0x0B, 0xAE, 0x00, 0x02, 0xEB, 0x80, 0x00, 0xBA, 0xE0,
    0x00, 0x2E, 0xB8, 0x00, 0x0B, 0xAE, 0x00, 0x02, 0xEB, 0x80, 0x00, 0xBA, 0xE0, 0x00, 0x2E, 0xBF,
    0xFF, 0xFF, 0xAF, 0xFF, 0xFF, 0xEB, 0x80, 0x00, 0xBA, 0xE0, 0x00, 0x2E, 0xB8, 0x00, 0x0B, 0xAE,
    0x00, 0x02, 0xEB, 0x80, 0x00, 0xBA, 0xE0, 0x00, 0x2E, 0xB8, 0x00, 0x0B, 0xAE, 0x00, 0x02, 0xE0,
    0xBF, 0xFF, 0xFF, 0xAF, 0xFF, 0xFF, 0xE0, 0x02, 0xE0, 0x00, 0x00, 0xB8, 0x00, 0x00, 0x2E, 0x00,
    0x00, 0x0B, 0x80, 0x00, 0x02, 0xE0, 0x00, 0x00, 0xB8, 0x00, 0x00, 0x2E, 0x00, 0x00, 0x0B, 0x80,
    0x00, 0x02, 0xE0, 0x00, 0x00, 0xB8, 0x00, 0x00, 0x2E, 0x00, 0x00, 0x0B, 0x80, 0x00, 0x02, 0xE0,
    0x00, 0x00, 0xB8, 0x00, 0xBF, 0xFF, 0xFF, 0xAF, 0xFF, 0xFF, 0xE0, 0xBF, 0xFF, 0xF6, 0xFF, 0xFF,
    0xD0, 0x00, 0x0F, 0x40, 0x00, 0x3D, 0x00, 0x00, 0xF4, 0x00, 0x03, 0xD0, 0x00, 0x0F, 0x40, 0x00,
    0x3D, 0x00, 0x00, 0xF4, 0x00, 0x03, 0xD0, 0x00, 0x0F, 0x40, 0x00, 0x3D, 0x00, 0x00, 0xF4, 0x00,
    0x03, 0xC0, 0x00, 0x2F, 0x19, 0x02, 0xF4, 0xBF, 0xFF, 0x80, 0x6F, 0xE4, 0x00, 0xF0, 0x00, 0x2E,
    0x3C, 0x00, 0x1F, 0x0F, 0x00, 0x0F, 0x43, 0xC0, 0x0F, 0x80, 0xF0, 0x07, 0xC0, 0x3C, 0x03, 0xC0,
    0x0F, 0x03, 0xD0, 0x03, 0xC2, 0xE0, 0x00, 0xFF, 0xF0, 0x00, 0x3F, 0xFE, 0x00, 0x0F, 0x07, 0xD0,
    0x03, 0xC0, 0xBC, 0x00, 0xF0, 0x0F, 0xC0, 0x3C, 0x00, 0xF8, 0x0F, 0x00, 0x1F, 0x43, 0xC0, 0x02,
    0xF0, 0xF0, 0x00, 0x3E, 0x3C, 0x00, 0x03, 0xE0, 0xF4, 0x00, 0x00, 0xF4, 0x00, 0x00, 0xF4, 0x00,
    0x00, 0xF4, 0x00, 0x00, 0xF4, 0x00, 0x00, 0xF4, 0x00, 0x00, 0xF4, 0x00, 0x00, 0xF4, 0x00, 0x00,
    0xF4, 0x00, 0x00, 0xF4, 0x00, 0x00, 0xF4, 0x00, 0x00, 0xF4, 0x00, 0x00, 0xF4, 0x00, 0x2D, 0xF4,
    0x00, 0x2D, 0xF4, 0x00, 0x2D, 0xF4, 0x00, 0x2D, 0xFF, 0xFF, 0xFD, 0xFF, 0xFF, 0xFD, 0xB8, 0x00,
    0x0B, 0xAF, 0x40, 0x07, 0xEB, 0xF0, 0x03, 0xFA, 0xFE, 0x01, 0xFE, 0xBB, 0xC0, 0xFB, 0xAD, 0xBC,
    0xB6, 0xEB, 0x8F, 0xBC, 0xBA, 0xE1, 0xFD, 0x2E, 0xB8, 0x3E, 0x0B, 0xAE, 0x03, 0x02, 0xEB, 0x80,
    0x00, 0xBA, 0xE0, 0x00, 0x2E, 0xB8, 0x00, 0x0B, 0xAE, 0x00, 0x02, 0xEB, 0x80, 0x00, 0xBA, 0xE0,
    0x00, 0x2E, 0xB8, 0x00, 0x0B, 0xAE, 0x00, 0x02, 0xE0, 0x74, 0x00, 0x0B, 0x5F, 0x00, 0x02, 0xD7,
    0xE0, 0x00, 0xB5, 0xFD, 0x00, 0x2D, 0x7F, 0xC0, 0x0B, 0x5E, 0xB8, 0x02, 0xD7, 0x8F, 0x00, 0xB5,
    0xE2, 0xF0, 0x2D, 0x78, 0x3D, 0x0B, 0x5E, 0x07, 0xC2, 0xD7, 0x80, 0xF8, 0xB5, 0xE0, 0x0F, 0x6D,
    0x78, 0x02, 0xFB, 0x5E, 0x00, 0x3F, 0xD7, 0x80, 0x07, 0xF5, 0xE0, 0x00, 0xBD, 0x78, 0x00, 0x0F,
    0x5E, 0x00, 0x01, 0xD0, 0x01, 0xBF, 0x90, 0x02, 0xFF, 0xFE, 0x01, 0xF8, 0x0B, 0xD0, 0xF8, 0x00,
    0xBC, 0x3C, 0x00, 0x0F, 0x1E, 0x00, 0x03, 0xDB, 0x80, 0x00, 0xBA, 0xD0, 0x00, 0x2E, 0xF4, 0x00,
    0x07, 0xFD, 0x00, 0x01, 0xFB, 0x80, 0x00, 0x7A, 0xE0, 0x00, 0x2E, 0xBC, 0x00, 0x0F, 0x5F, 0x00,
    0x03, 0xC3, 0xE0, 0x02, 0xF0, 0x7E, 0x02, 0xF4, 0x0B, 0xFF, 0xF8, 0x00, 0x6F, 0xE4, 0x00, 0x7F,
    0xFE, 0x40, 0xBF, 0xFF, 0xE0, 0xB8, 0x02, 0xF8, 0xB8, 0x00, 0x7C, 0xB8, 0x00, 0x3D, 0xB8, 0x00,
    0x3D, 0xB8, 0x00, 0x3D, 0xB8, 0x00, 0x7C, 0xB8, 0x06, 0xF4, 0xBF, 0xFF, 0xE0, 0xBF, 0xFE, 0x00,
    0xB8, 0x00, 0x00, 0xB8, 0x00, 0x00, 0xB8, 0x00, 0x00, 0xB8, 0x00, 0x00, 0xB8, 0x00, 0x00, 0xB8,
    0x00, 0x00, 0xB8, 0x00, 0x00, 0x01, 0xBF, 0x90, 0x02, 0xFF, 0xFE, 0x01, 0xF8, 0x0B, 0xD0, 0xF8,
    0x00, 0xBC, 0x3C, 0x00, 0x0F, 0x1E, 0x00, 0x03, 0xDB, 0x80, 0x00, 0xBA, 0xD0, 0x00, 0x2E, 0xF4,
    0x00, 0x07, 0xFD, 0x00, 0x01, 0xFB, 0x80, 0x00, 0x7A, 0xE0, 0x00, 0x2E, 0xBC, 0x00, 0x0B, 0x5F,
    0x00, 0x03, 0xC3, 0xE0, 0x02, 0xF0, 0x7E, 0x02, 0xF4, 0x0B, 0xFF, 0xF8, 0x00, 0x7F, 0xF4, 0x00,
    0x02, 0xE0, 0x00, 0x00, 0x3D, 0x04, 0x00, 0x0B, 0xFF, 0x00, 0x00, 0x7F, 0x80, 0x7F, 0xFE, 0x00,
    0x2F, 0xFF, 0xF4, 0x0B, 0x80, 0x7F, 0x02, 0xE0, 0x03, 0xE0, 0xB8, 0x00, 0xB8, 0x2E, 0x00, 0x2E,
    0x0B, 0x80, 0x0F, 0x42, 0xE0, 0x1F, 0x80, 0xBF, 0xFF, 0x80, 0x2F, 0xFF, 0xC0, 0x0B, 0x80, 0xF4,
    0x02, 0xE0, 0x2F, 0x00, 0xB8, 0x03, 0xD0, 0x2E, 0x00, 0x7C, 0x0B, 0x80, 0x0F, 0x42, 0xE0, 0x01,
    0xF0, 0xB8, 0x00, 0x3D, 0x2E, 0x00, 0x07, 0xC0, 0x01, 0xBF, 0xF8, 0x02, 0xFF, 0xFF, 0x81, 0xF8,
    0x02, 0xE0, 0xF4, 0x00, 0x78, 0x3C, 0x00, 0x1E, 0x0F, 0x40, 0x00, 0x01, 0xF8, 0x00, 0x00, 0x2F,
    0xD0, 0x00, 0x01, 0xFF, 0x80, 0x00, 0x07, 0xFD, 0x00, 0x00, 0x1F, 0xD0, 0x00, 0x00, 0xBC, 0x3C,
    0x00, 0x0F, 0x4F, 0x00, 0x02, 0xD3, 0xC0, 0x00, 0xF0, 0xF9, 0x01, 0xF8, 0x3F, 0xFF, 0xFC, 0x00,
    0xBF, 0xE4, 0x00, 0xFF, 0xFF, 0xFF, 0xFF, 0xFF, 0xFF, 0xFF, 0x02, 0xE0, 0x3F, 0xC0, 0xB8, 0x0F,
    0xF0, 0x2E, 0x03, 0xC0, 0x0B, 0x80, 0x00, 0x02, 0xE0, 0x00, 0x00, 0xB8, 0x00, 0x00, 0x2E, 0x00,
    0x00, 0x0B, 0x80, 0x00, 0x02, 0xE0, 0x00, 0x00, 0xB8, 0x00, 0x00, 0x2E, 0x00, 0x00, 0x0B, 0x80,
    0x00, 0x02, 0xE0, 0x00, 0x00, 0xB8, 0x00, 0x07, 0xFF, 0xF4, 0x01, 0xFF, 0xFD, 0x00, 0xB8, 0x00,
    0x0B, 0xAE, 0x00, 0x02, 0xEB, 0x80, 0x00, 0xBA, 0xE0, 0x00, 0x2E, 0xB8, 0x00, 0x0B, 0xAE, 0x00,
    0x02, 0xEB, 0x80, 0x00, 0xBA, 0xE0, 0x00, 0x2E, 0xB8, 0x00, 0x0B, 0xAE, 0x00, 0x02, 0xEB, 0x80,
    0x00, 0xBA, 0xE0, 0x00, 0x2D, 0x78, 0x00, 0x0B, 0x5F, 0x00, 0x03, 0xD3, 0xD0, 0x00, 0xF0, 0xBD,
    0x01, 0xF8, 0x0F, 0xFF, 0xFC, 0x00, 0x7F, 0xF4, 0x00, 0x7C, 0x00, 0x00, 0xB4, 0xF0, 0x00, 0x03,
    0xC3, 0xD0, 0x00, 0x0F, 0x07, 0x80, 0x00, 0xB8, 0x0F, 0x00, 0x03, 0xC0, 0x3D, 0x00, 0x0F, 0x00,
    0x78, 0x00, 0x78, 0x00, 0xF0, 0x02, 0xC0, 0x03, 0xD0, 0x0F, 0x00, 0x07, 0x80, 0x78, 0x00, 0x0F,
    0x02, 0xC0, 0x00, 0x3D, 0x0F, 0x00, 0x00, 0x78, 0x78, 0x00, 0x00, 0xF2, 0xC0, 0x00, 0x03, 0xDF,
    0x00, 0x00, 0x07, 0xF8, 0x00, 0x00, 0x0F, 0xD0, 0x00, 0x00, 0x3F, 0x00, 0x00, 0xB4, 0x00, 0x00,
    0x79, 0xE0, 0x00, 0x01, 0xD7, 0x80, 0x00, 0x0B, 0x0F, 0x00, 0x00, 0x2C, 0x3C, 0x00, 0x00, 0xF0,
    0xF0, 0x00, 0x03, 0xC2, 0xD0, 0x78, 0x0E, 0x07, 0x82, 0xF0, 0x74, 0x1E, 0x0F, 0xC1, 0xD0, 0x3C,
    0x3F, 0x4B, 0x00, 0xF1, 0xEE, 0x2C, 0x03, 0xCB, 0x3C, 0xF0, 0x0B, 0x7C, 0xB3, 0x80, 0x2E, 0xD1,
    0xEE, 0x00, 0x7F, 0x03, 0xF4, 0x01, 0xFC, 0x0F, 0xD0, 0x03, 0xE0, 0x2F, 0x00, 0x0F, 0x40, 0x7C,
    0x00, 0x2F, 0x00, 0x01, 0xF0, 0x3D, 0x00, 0x0F, 0x40, 0xBC, 0x00, 0xB8, 0x00, 0xF8, 0x03, 0xC0,
    0x01, 0xF0, 0x3D, 0x00, 0x02, 0xE1, 0xF0, 0x00, 0x03, 0xDF, 0x00, 0x00, 0x0B, 0xF8, 0x00, 0x00,
    0x0F, 0xC0, 0x00, 0x00, 0x3F, 0x40, 0x00, 0x03, 0xEF, 0x00, 0x00, 0x1F, 0x3E, 0x00, 0x00, 0xF0,
    0x7C, 0x00, 0x0B, 0x80, 0xB8, 0x00, 0x7C, 0x00, 0xF4, 0x03, 0xD0, 0x01, 0xF0, 0x2F, 0x00, 0x03,
    0xE0, 0xF0, 0x00, 0x03, 0xC0, 0xBC, 0x00, 0x00, 0xB4, 0xF4, 0x00, 0x07, 0xC1, 0xF0, 0x00, 0x3D,
    0x03, 0xE0, 0x01, 0xF0, 0x07, 0xC0, 0x0F, 0x00, 0x0B, 0x80, 0x78, 0x00, 0x0F, 0x43, 0xC0, 0x00,
    0x2F, 0x2E, 0x00, 0x00, 0x3E, 0xF0, 0x00, 0x00, 0x7F, 0x40, 0x00, 0x00, 0xFC, 0x00, 0x00, 0x02,
    0xE0, 0x00, 0x00, 0x0B, 0x80, 0x00, 0x00, 0x2E, 0x00, 0x00, 0x00, 0xB8, 0x00, 0x00, 0x02, 0xE0,
    0x00, 0x00, 0x0B, 0x80, 0x00, 0x00, 0x2E, 0x00, 0x00, 0xBF, 0xFF, 0xFF, 0xAF, 0xFF, 0xFF, 0xE0,
    0x00, 0x00, 0xF4, 0x00, 0x00, 0xF8, 0x00, 0x00, 0xBC, 0x00, 0x00, 0x3C, 0x00, 0x00, 0x3D, 0x00,
    0x00, 0x2E, 0x00, 0x00, 0x1F, 0x00, 0x00, 0x0F, 0x40, 0x00, 0x0B, 0x80, 0x00, 0x07, 0xC0, 0x00,
    0x03, 0xC0, 0x00, 0x03, 0xD0, 0x00, 0x02, 0xF0, 0x00, 0x01, 0xF0, 0x00, 0x00, 0xBF, 0xFF, 0xFF,
    0xAF, 0xFF, 0xFF, 0xE0, 0x7F, 0xFF, 0xF5, 0xFF, 0xFF, 0xD7, 0x80, 0x00, 0x1E, 0x00, 0x00, 0x78,
    0x00, 0x01, 0xE0, 0x00, 0x07, 0x80, 0x00, 0x1E, 0x00, 0x00, 0x78, 0x00, 0x01, 0xE0, 0x00, 0x07,
    0x80, 0x00, 0x1E, 0x00, 0x00, 0x78, 0x00, 0x01, 0xE0, 0x00, 0x07, 0x80, 0x00, 0x1E, 0x00, 0x00,
    0x78, 0x00, 0x01, 0xE0, 0x00, 0x07, 0x80, 0x00, 0x1E, 0x00, 0x00, 0x78, 0x00, 0x01, 0xE0, 0x00,
    0x07, 0xFF, 0xFF, 0x5F, 0xFF, 0xFD, 0x70, 0x00, 0x02, 0xD0, 0x00, 0x03, 0xC0, 0x00, 0x0B, 0x00,
    0x00, 0x1E, 0x00, 0x00, 0x3C, 0x00, 0x00, 0x78, 0x00, 0x00, 0xF0, 0x00, 0x02, 0xD0, 0x00, 0x03,
    0xC0, 0x00, 0x0B, 0x40, 0x00, 0x1E, 0x00, 0x00, 0x3C, 0x00, 0x00, 0x78, 0x00, 0x00, 0xF0, 0x00,
    0x02, 0xD0, 0x00, 0x03, 0xC0, 0x00, 0x0B, 0x40, 0x00, 0x0F, 0x00, 0x00, 0x3C, 0x00, 0x00, 0x78,
    0x00, 0x00, 0xD0, 0x7F, 0xFF, 0xF5, 0xFF, 0xFF, 0xD0, 0x00, 0x0B, 0x40, 0x00, 0x2D, 0x00, 0x00,
    0xB4, 0x00, 0x02, 0xD0, 0x00, 0x0B, 0x40, 0x00, 0x2D, 0x00, 0x00, 0xB4, 0x00, 0x02, 0xD0, 0x00,
    0x0B, 0x40, 0x00, 0x2D, 0x00, 0x00, 0xB4, 0x00, 0x02, 0xD0, 0x00, 0x0B, 0x40, 0x00, 0x2D, 0x00,
    0x00, 0xB4, 0x00, 0x02, 0xD0, 0x00, 0x0B, 0x40, 0x00, 0x2D, 0x00, 0x00, 0xB4, 0x00, 0x02, 0xD7,
    0xFF, 0xFF, 0x5F, 0xFF, 0xFD, 0x00, 0x03, 0x40, 0x00, 0x00, 0x2F, 0x00, 0x00, 0x00, 0xFE, 0x00,
    0x00, 0x0F, 0x3C, 0x00, 0x00, 0x74, 0x38, 0x00, 0x03, 0xC0, 0xB4, 0x00, 0x3C, 0x00, 0xF0, 0x01,
    0xE0, 0x01, 0xE0, 0x0F, 0x00, 0x03, 0xC0, 0xB4, 0x00, 0x07, 0x80, 0x00, 0x00, 0x01, 0x00, 0xBF,
    0xFF, 0xFF, 0xAF, 0xFF, 0xFF, 0xE0, 0x2F, 0x00, 0xF0, 0x07, 0x80, 0x1C, 0x01, 0xFF, 0x80, 0x03,
    0xFF, 0xFC, 0x00, 0xE0, 0x0B, 0x80, 0x00, 0x00, 0xF0, 0x00, 0x00, 0x3C, 0x00, 0xBF, 0xFF, 0x00,
    0xFF, 0xFF, 0xC0, 0xFD, 0x00, 0xF0, 0x3C, 0x00, 0x3C, 0x0F, 0x00, 0x2F, 0x03, 0xE0, 0x2F, 0xC0,
    0x7F, 0xFD, 0xFE, 0x07, 0xF8, 0x3F, 0x80, 0xFF, 0x00, 0x00, 0x0F, 0xF0, 0x00, 0x00, 0x0F, 0x00,
    0x00, 0x00, 0xF0, 0x00, 0x00, 0x0F, 0x00, 0x00, 0x00, 0xF1, 0xFF, 0x80, 0x0F, 0xBF, 0xFF, 0x00,
    0xFF, 0x01, 0xFC, 0x0F, 0xC0, 0x07, 0xC0, 0xF4, 0x00, 0x3D, 0x0F, 0x00, 0x02, 0xE0, 0xF0, 0x00,
    0x2E, 0x0F, 0x00, 0x02, 0xD0, 0xF0, 0x00, 0x3D, 0x0F, 0x00, 0x07, 0xC0, 0xF4, 0x02, 0xF4, 0x0F,
    0xFF, 0xFE, 0x00, 0x2F, 0xFE, 0x00, 0x00, 0xBF, 0xE4, 0x02, 0xFF, 0xFF, 0xC1, 0xF8, 0x01, 0xF0,
    0xF4, 0x00, 0x3C, 0x7C, 0x00, 0x0F, 0x1E, 0x00, 0x00, 0x07, 0x80, 0x00, 0x01, 0xE0, 0x00, 0x00,
    0x3C, 0x00, 0x00, 0x0F, 0x80, 0x00, 0x01, 0xFD, 0x00, 0x70, 0x1F, 0xFF, 0xFC, 0x00, 0xBF, 0xE4,
    0x00, 0x00, 0x01, 0xFF, 0x00, 0x00, 0x1F, 0xF0, 0x00, 0x00, 0x0F, 0x00, 0x00, 0x00, 0xF0, 0x00,
    0x00, 0x0F, 0x00, 0x1B, 0xFE, 0xF0, 0x0B, 0xFF, 0xFF, 0x02, 0xF8, 0x02, 0xF0, 0x3D, 0x00, 0x0F,
    0x07, 0xC0, 0x00, 0xF0, 0xB8, 0x00, 0x0F, 0x0B, 0x40, 0x00, 0xF0, 0xB8, 0x00, 0x0F, 0x07, 0xC0,
    0x01, 0xF0, 0x3C, 0x00, 0x3F, 0x03, 0xF4, 0x0B, 0xF0, 0x0F, 0xFF, 0xDF, 0xE0, 0x2F, 0xE4, 0xBE,
    0x00, 0xBF, 0xD0, 0x01, 0xFF, 0xFF, 0x01, 0xF8, 0x07, 0xE0, 0xF4, 0x00, 0x3C, 0x3C, 0x00, 0x0B,
    0x1F, 0xFF, 0xFF, 0xD7, 0xFF, 0xFF, 0xF5, 0xE0, 0x00, 0x00, 0x3C, 0x00, 0x00, 0x0F, 0x40, 0x00,
    0x01, 0xF8, 0x01, 0xA0, 0x2F, 0xFF, 0xFC, 0x00, 0xBF, 0xE4, 0x00, 0x00, 0x2F, 0xF4, 0x03, 0xFF,
    0xE0, 0x2F, 0x00, 0x00, 0xF4, 0x00, 0x03, 0xC0, 0x03, 0xFF, 0xFF, 0xDF, 0xFF, 0xFF, 0x40, 0xF0,
    0x00, 0x03, 0xC0, 0x00, 0x0F, 0x00, 0x00, 0x3C, 0x00, 0x00, 0xF0, 0x00, 0x03, 0xC0, 0x00, 0x0F,
    0x00, 0x00, 0x3C, 0x00, 0x00, 0xF0, 0x00, 0xFF, 0xFF, 0xF7, 0xFF, 0xFF, 0xD0, 0x00, 0xBF, 0xF9,
    0x01, 0xFF, 0xFF, 0xC1, 0xF8, 0x01, 0xF0, 0xF8, 0x00, 0x3C, 0x3C, 0x00, 0x0F, 0x0F, 0x00, 0x03,
    0xC7, 0xC0, 0x00, 0xF0, 0xF0, 0x00, 0x3C, 0x3C, 0x00, 0x0F, 0x0F, 0x80, 0x07, 0xC2, 0xF8, 0x0B,
    0xF0, 0x3F, 0xFF, 0xFC, 0x01, 0xFF, 0x8F, 0x00, 0x00, 0x03, 0xC0, 0x00, 0x01, 0xF0, 0x18, 0x01,
    0xF8, 0x0F, 0xFF, 0xF8, 0x01, 0xBF, 0xE4, 0x00, 0xFF, 0x00, 0x00, 0x0F, 0xF0, 0x00, 0x00, 0x0F,
    0x00, 0x00, 0x00, 0xF0, 0x00, 0x00, 0x0F, 0x00, 0x00, 0x00, 0xF0, 0xBF, 0x90, 0x0F, 0x7F, 0xFF,
    0x00, 0xFF, 0x41, 0xF8, 0x0F, 0xC0, 0x03, 0xC0, 0xF4, 0x00, 0x3C, 0x0F, 0x00, 0x03, 0xC0, 0xF0,
    0x00, 0x3C, 0x0F, 0x00, 0x03, 0xC0, 0xF0, 0x00, 0x3C, 0x0F, 0x00, 0x03, 0xC0, 0xF0, 0x00, 0x3C,
    0x0F, 0x00, 0x03, 0xC0, 0xF0, 0x00, 0x3C, 0x00, 0x7C, 0x00, 0x00, 0xBE, 0x00, 0x00, 0x7C, 0x00,
    0x00, 0x00, 0x00, 0x00, 0x00, 0x00, 0x7F, 0xFC, 0x00, 0x7F, 0xFC, 0x00, 0x00, 0x3C, 0x00, 0x00,
    0x3C, 0x00, 0x00, 0x3C, 0x00, 0x00, 0x3C, 0x00, 0x00, 0x3C, 0x00, 0x00, 0x3C, 0x00, 0x00, 0x3C,
    0x00, 0x00, 0x3C, 0x00, 0x00, 0x3C, 0x00, 0x7F, 0xFF, 0xFC, 0x7F, 0xFF, 0xFC, 0x00, 0x03, 0xC0,
    0x00, 0xBE, 0x00, 0x03, 0xC0, 0x00, 0x00, 0x00, 0x00, 0x02, 0xFF, 0xFD, 0x2F, 0xFF, 0xD0, 0x00,
    0x2D, 0x00, 0x02, 0xD0, 0x00, 0x2D, 0x00, 0x02, 0xD0, 0x00, 0x2D, 0x00, 0x02, 0xD0, 0x00, 0x2D,
    0x00, 0x02, 0xD0, 0x00, 0x2D, 0x00, 0x02, 0xD0, 0x00, 0x2D, 0x00, 0x02, 0xD0, 0x00, 0x3C, 0x38,
    0x0B, 0xC7, 0xFF, 0xF4, 0x0B, 0xF8, 0x00, 0x7F, 0x80, 0x00, 0x07, 0xF8, 0x00, 0x00, 0x07, 0x80,
    0x00, 0x00, 0x78, 0x00, 0x00, 0x07, 0x80, 0x00, 0x00, 0x78, 0x00, 0xBC, 0x07, 0x80, 0x2F, 0x00,
    0x78, 0x0B, 0xC0, 0x07, 0x81, 0xF0, 0x00, 0x78, 0x7C, 0x00, 0x07, 0xFF, 0x00, 0x00, 0x7F, 0xF4,
    0x00, 0x07, 0x8B, 0xD0, 0x00, 0x78, 0x2F, 0x00, 0x07, 0x80, 0xBC, 0x00, 0x78, 0x03, 0xF0, 0x07,
    0x80, 0x0F, 0xF0, 0x78, 0x00, 0x3F, 0x7F, 0xC0, 0x01, 0xFF, 0x00, 0x00, 0x3C, 0x00, 0x00, 0xF0,
    0x00, 0x03, 0xC0, 0x00, 0x0F, 0x00, 0x00, 0x3C, 0x00, 0x00, 0xF0, 0x00, 0x03, 0xC0, 0x00, 0x0F,
    0x00, 0x00, 0x3C, 0x00, 0x00, 0xF0, 0x00, 0x03, 0xC0, 0x00, 0x0F, 0x00, 0x00, 0x3C, 0x00, 0x00,
    0xF8, 0x1C, 0x01, 0xFF, 0xF4, 0x01, 0xFE, 0x00, 0xD3, 0xF0, 0x7E, 0x3B, 0xFF, 0x7F, 0xEF, 0xC3,
    0xF8, 0x7F, 0xD0, 0xBC, 0x0F, 0xF0, 0x1E, 0x03, 0xFC, 0x07, 0x40, 0xFF, 0x01, 0xD0, 0x3F, 0xC0,
    0x74, 0x0F, 0xF0, 0x1D, 0x03, 0xFC, 0x07, 0x40, 0xFF, 0x01, 0xD0, 0x3F, 0xC0, 0x74, 0x0F, 0xF0,
    0x1D, 0x03, 0xC0, 0xBF, 0x0B, 0xF8, 0x0B, 0xF3, 0xFF, 0xF0, 0x0F, 0xF4, 0x1F, 0x80, 0xBC, 0x00,
    0x7C, 0x0B, 0x80, 0x03, 0xC0, 0xB4, 0x00, 0x3C, 0x0B, 0x40, 0x03, 0xC0, 0xB4, 0x00, 0x3C, 0x0B,
    0x40, 0x03, 0xC0, 0xB4, 0x00, 0x3C, 0x0B, 0x40, 0x03, 0xC0, 0xB4, 0x00, 0x3C, 0x0B, 0x40, 0x03,
    0xC0, 0x01, 0xBF, 0x90, 0x02, 0xFF, 0xFE, 0x02, 0xF4, 0x0B, 0xE0, 0xF4, 0x00, 0x7C, 0x7C, 0x00,
    0x0F, 0x6E, 0x00, 0x02, 0xEB, 0x80, 0x00, 0x7A, 0xE0, 0x00, 0x2E, 0x7C, 0x00, 0x0F, 0x4F, 0x40,
    0x03, 0xC2, 0xF8, 0x07, 0xE0, 0x2F, 0xFF, 0xE0, 0x01, 0xBF, 0x90, 0x00, 0x7F, 0x0B, 0xF9, 0x07,
    0xF7, 0xFF, 0xF4, 0x0B, 0xF4, 0x0B, 0xC0, 0xBC, 0x00, 0x3E, 0x0B, 0x40, 0x01, 0xE0, 0xB4, 0x00,
    0x1F, 0x0B, 0x40, 0x00, 0xF0, 0xB4, 0x00, 0x1E, 0x0B, 0x40, 0x02, 0xE0, 0xB4, 0x00, 0x3C, 0x0B,
    0x90, 0x1F, 0x80, 0xBF, 0xFF, 0xE0, 0x0B, 0xBF, 0xE4, 0x00, 0xB4, 0x00, 0x00, 0x0B, 0x40, 0x00,
    0x00, 0xB4, 0x00, 0x00, 0x0B, 0x40, 0x00, 0x00, 0xB4, 0x00, 0x00, 0x00, 0xBF, 0xF9, 0x0B, 0xFF,
    0xFF, 0x1F, 0x80, 0x1F, 0x3D, 0x00, 0x0F, 0x7C, 0x00, 0x0F, 0x78, 0x00, 0x0F, 0x78, 0x00, 0x0F,
    0x78, 0x00, 0x0F, 0x7C, 0x00, 0x0F, 0x3D, 0x00, 0x2F, 0x2F, 0x40, 0xBF, 0x0F, 0xFF, 0xEF, 0x02,
    0xFF, 0x4F, 0x00, 0x00, 0x0F, 0x00, 0x00, 0x0F, 0x00, 0x00, 0x0F, 0x00, 0x00, 0x0F, 0x00, 0x00,
    0x0F, 0x7F, 0xD1, 0xBE, 0x1F, 0xFA, 0xFF, 0xD0, 0x0F, 0xE0, 0x78, 0x03, 0xD0, 0x0F, 0x00, 0xF0,
    0x03, 0xC0, 0x3C, 0x00, 0x00, 0x0F, 0x00, 0x00, 0x03, 0xC0, 0x00, 0x00, 0xF0, 0x00, 0x00, 0x3C,
    0x00, 0x00, 0x0F, 0x00, 0x01, 0xFF, 0xFF, 0xF0, 0x7F, 0xFF, 0xFC, 0x00, 0x06, 0xFF, 0x40, 0xBF,
    0xFF, 0xD3, 0xD0, 0x1B, 0x1E, 0x00, 0x00, 0x3C, 0x00, 0x00, 0xBF, 0x90, 0x00, 0x2F, 0xFD, 0x00,
    0x01, 0xBD, 0x00, 0x00, 0x7C, 0x40, 0x00, 0xFB, 0xD0, 0x1F, 0x8F, 0xFF, 0xFC, 0x06, 0xFF, 0x40,
    0x00, 0xA0, 0x00, 0x00, 0x1E, 0x00, 0x00, 0x01, 0xE0, 0x00, 0x03, 0xFF, 0xFF, 0xF4, 0x3F, 0xFF,
    0xFF, 0x40, 0x1E, 0x00, 0x00, 0x01, 0xE0, 0x00, 0x00, 0x1E, 0x00, 0x00, 0x01, 0xE0, 0x00, 0x00,
    0x1E, 0x00, 0x00, 0x01, 0xE0, 0x00, 0x00, 0x0F, 0x00, 0x00, 0x00, 0xF0, 0x00, 0x00, 0x0B, 0xD0,
    0x28, 0x00, 0x3F, 0xFF, 0xC0, 0x00, 0xBF, 0xD0, 0x7F, 0x40, 0x3F, 0x81, 0xFD, 0x00, 0xFE, 0x00,
    0xB4, 0x00, 0x78, 0x02, 0xD0, 0x01, 0xE0, 0x0B, 0x40, 0x07, 0x80, 0x2D, 0x00, 0x1E, 0x00, 0xB4,
    0x00, 0x78, 0x02, 0xD0, 0x01, 0xE0, 0x0B, 0x40, 0x0B, 0x80, 0x2E, 0x00, 0x3E, 0x00, 0x7D, 0x07,
    0xF8, 0x00, 0xFF, 0xFC, 0xFD, 0x00, 0xBF, 0x83, 0xF4, 0xB8, 0x00, 0x07, 0x9F, 0x00, 0x03, 0xD3,
    0xD0, 0x00, 0xF0, 0x7C, 0x00, 0xB8, 0x0F, 0x00, 0x3C, 0x02, 0xE0, 0x1E, 0x00, 0x3C, 0x0B, 0x40,
    0x0F, 0x43, 0xC0, 0x01, 0xF1, 0xD0, 0x00, 0x3C, 0xF0, 0x00, 0x0B, 0xF8, 0x00, 0x00, 0xFD, 0x00,
    0x00, 0x3F, 0x00, 0x00, 0xB4, 0x00, 0x00, 0x39, 0xD0, 0x00, 0x01, 0xD3, 0x80, 0x00, 0x0B, 0x4F,
    0x01, 0xE0, 0x2C, 0x3C, 0x0B, 0xC0, 0xF0, 0xB4, 0x3F, 0x43, 0x81, 0xD1, 0xEE, 0x0E, 0x03, 0x8F,
    0x3C, 0x74, 0x0F, 0x38, 0x76, 0xC0, 0x3E, 0xD0, 0xFB, 0x00, 0xBF, 0x03, 0xFC, 0x01, 0xF8, 0x07,
    0xE0, 0x03, 0xD0, 0x0F, 0x40, 0x3D, 0x00, 0x0F, 0x07, 0xC0, 0x0F, 0x40, 0xBC, 0x0B, 0x80, 0x0F,
    0x87, 0xC0, 0x00, 0xF7, 0xC0, 0x00, 0x1F, 0xD0, 0x00, 0x03, 0xF0, 0x00, 0x02, 0xFE, 0x00, 0x01,
    0xF3, 0xD0, 0x00, 0xF0, 0x3C, 0x00, 0xF4, 0x07, 0xC0, 0xB8, 0x00, 0xB8, 0x7C, 0x00, 0x0F, 0x40,
    0xB8, 0x00, 0x07, 0x8F, 0x00, 0x02, 0xD3, 0xD0, 0x00, 0xF0, 0x7C, 0x00, 0x3C, 0x0F, 0x00, 0x1D,
    0x02, 0xE0, 0x0B, 0x00, 0x3C, 0x03, 0xC0, 0x0F, 0x41, 0xE0, 0x01, 0xF0, 0xB4, 0x00, 0x3C, 0x3C,
    0x00, 0x0B, 0x8E, 0x00, 0x00, 0xFF, 0x40, 0x00, 0x3F, 0xC0, 0x00, 0x00, 0xF0, 0x00, 0x00, 0x74,
    0x00, 0x10, 0x7C, 0x00, 0x0F, 0xFD, 0x00, 0x02, 0xFD, 0x00, 0x00, 0xFF, 0xFF, 0xFF, 0xFF, 0xFF,
    0xF0, 0x00, 0x0F, 0x40, 0x00, 0xF4, 0x00, 0x0B, 0x80, 0x00, 0xB8, 0x00, 0x0B, 0x80, 0x00, 0xB8,
    0x00, 0x0B, 0x80, 0x00, 0x78, 0x00, 0x07, 0xC0, 0x00, 0x3F, 0xFF, 0xFF, 0xFF, 0xFF, 0xFC, 0x00,
    0x1F, 0xFC, 0x02, 0xFF, 0xF0, 0x0F, 0x40, 0x00, 0x78, 0x00, 0x01, 0xE0, 0x00, 0x0B, 0x40, 0x00,
    0x2D, 0x00, 0x00, 0xB4, 0x00, 0x03, 0xD0, 0x00, 0x1F, 0x00, 0x01, 0xF4, 0x00, 0x3F, 0x00, 0x00,
    0xFC, 0x00, 0x00, 0xBC, 0x00, 0x00, 0x7C, 0x00, 0x00, 0xF4, 0x00, 0x02, 0xD0, 0x00, 0x0B, 0x40,
    0x00, 0x2D, 0x00, 0x00, 0x78, 0x00, 0x01, 0xE0, 0x00, 0x03, 0xD0, 0x00, 0x0F, 0xFF, 0xC0, 0x0B,
    0xFF, 0x75, 0xD7, 0x5D, 0x75, 0xD7, 0x5D, 0x75, 0xD7, 0x5D, 0x75, 0xD7, 0x5D, 0x75, 0xD7, 0x5D,
    0x74, 0xFF, 0xD0, 0x03, 0xFF, 0xE0, 0x00, 0x07, 0xC0, 0x00, 0x0B, 0x40, 0x00, 0x2D, 0x00, 0x00,
    0x78, 0x00, 0x01, 0xE0, 0x00, 0x07, 0x80, 0x00, 0x1F, 0x00, 0x00, 0x3D, 0x00, 0x00, 0x7D, 0x00,
    0x00, 0x3F, 0x00, 0x01, 0xFC, 0x00, 0x1F, 0x80, 0x00, 0xF4, 0x00, 0x07, 0xC0, 0x00, 0x1E, 0x00,
    0x00, 0x78, 0x00, 0x01, 0xE0, 0x00, 0x0B, 0x40, 0x00, 0x2D, 0x00, 0x01, 0xF0, 0x0F, 0xFF, 0xC0,
    0x3F, 0xF8, 0x00, 0x07, 0xF9, 0x05, 0x0F, 0xFF, 0xFF, 0xC1, 0x80, 0x7F, 0x80, 0xBB, 0xFB, 0x80,
    0x00, 0xC7, 0x1D, 0x76, 0xEB, 0xAE, 0xBA, 0xEB, 0xAE, 0xBA, 0xE0, 0x00, 0x2C, 0x00, 0x00, 0xB0,
    0x00, 0x1B, 0xFE, 0x03, 0xFF, 0xFE, 0x2F, 0x5C, 0x65, 0xF0, 0x70, 0x0B, 0x81, 0xC0, 0x3D, 0x07,
    0x00, 0xF0, 0x1C, 0x03, 0xD0, 0x70, 0x0B, 0x81, 0xC0, 0x1F, 0x07, 0x00, 0x3F, 0x5C, 0x24, 0x3F,
    0xFF, 0xF0, 0x2F, 0xFE, 0x00, 0x0B, 0x00, 0x00, 0x2C, 0x00, 0x00, 0xBF, 0xF8, 0x00, 0xFF, 0xFF,
    0x40, 0xBD, 0x01, 0x80, 0x3D, 0x00, 0x00, 0x0F, 0x00, 0x00, 0x03, 0xC0, 0x00, 0x00, 0xF0, 0x00,
    0x00, 0x2E, 0x00, 0x00, 0x3F, 0xFF, 0xC0, 0x0F, 0xFF, 0xF0, 0x00, 0x2E, 0x00, 0x00, 0x03, 0xC0,
    0x00, 0x00, 0xF0, 0x00, 0x00, 0x3C, 0x00, 0x00, 0x2E, 0x00, 0x00, 0x1F, 0x00, 0x00, 0x3F, 0xFF,
    0xFF, 0x0F, 0xFF, 0xFF, 0xC0, 0x20, 0x00, 0x02, 0x2F, 0x00, 0x03, 0xD2, 0xFB, 0xF7, 0xE0, 0x2F,
    0xFF, 0xE0, 0x07, 0xC0, 0xF4, 0x02, 0xC0, 0x0E, 0x00, 0xF0, 0x03, 0x80, 0x2C, 0x00, 0xE0, 0x07,
    0xC0, 0xF4, 0x02, 0xFF, 0xFE, 0x02, 0xFB, 0xFB, 0xE2, 0xF0, 0x00, 0x3D, 0x20, 0x00, 0x02, 0x00,
    0x3D, 0x00, 0x00, 0xF0, 0x7C, 0x00, 0x0B, 0x40, 0xF4, 0x00, 0x3C, 0x01, 0xF0, 0x02, 0xD0, 0x03,
    0xD0, 0x0E, 0x00, 0x03, 0xC0, 0xB0, 0x00, 0x0B, 0x43, 0x80, 0x00, 0x0F, 0x2C, 0x00, 0x00, 0x2E,
    0xD0, 0x00, 0x0B, 0xFF, 0xF8, 0x00, 0x2F, 0xFF, 0xE0, 0x00, 0x02, 0xE0, 0x00, 0x00, 0x0B, 0x80,
    0x00, 0x0B, 0xFF, 0xF8, 0x00, 0x2F, 0xFF, 0xE0, 0x00, 0x02, 0xE0, 0x00, 0x00, 0x0B, 0x80, 0x00,
    0x00, 0x2E, 0x00, 0x00, 0x75, 0xD7, 0x5D, 0x75, 0xD7, 0x5D, 0x74, 0x00, 0x00, 0x01, 0xD7, 0x5D,
    0x75, 0xD7, 0x5D, 0x74, 0x02, 0xFF, 0x80, 0x3F, 0xFF, 0x01, 0xF0, 0x00, 0x07, 0xC0, 0x00, 0x0B,
    0xE0, 0x00, 0x2F, 0xFC, 0x02, 0xF1, 0xFD, 0x0F, 0x00, 0xBC, 0x7C, 0x00, 0xF0, 0xF0, 0x03, 0xC3,
    0xD0, 0x0F, 0x07, 0xF4, 0xF8, 0x07, 0xFF, 0x80, 0x01, 0xBE, 0x00, 0x00, 0x3D, 0x00, 0x00, 0xF4,
    0x0F, 0xFF, 0xC0, 0x2F, 0xF8, 0x00, 0x78, 0x0B, 0x6F, 0x03, 0xE7, 0x80, 0xB4, 0x01, 0xBF, 0x90,
    0x02, 0xD0, 0x1E, 0x02, 0xC0, 0x00, 0xE1, 0xC0, 0xFD, 0x0C, 0xA0, 0xE0, 0x02, 0xB4, 0x70, 0x00,
    0xBD, 0x1C, 0x00, 0x1F, 0x47, 0x00, 0x0B, 0xA0, 0xE0, 0x02, 0x9C, 0x1F, 0xD0, 0xC3, 0xC0, 0x00,
    0xE0, 0x3D, 0x01, 0xE0, 0x01, 0xBF, 0x90, 0x00, 0x0B, 0xFC, 0x07, 0xFF, 0xC0, 0x00, 0xF0, 0x1B,
    0xFC, 0x2F, 0xFF, 0x0F, 0x02, 0xC3, 0xC1, 0xF0, 0xFF, 0xFC, 0x0B, 0xD7, 0x00, 0x00, 0x60, 0x06,
    0x00, 0x3D, 0x03, 0xD0, 0x2E, 0x02, 0xE0, 0x2F, 0x02, 0xF0, 0x1F, 0x01, 0xF0, 0x0F, 0x40, 0xF4,
    0x0B, 0xC0, 0xBC, 0x00, 0xF4, 0x0F, 0x40, 0x0F, 0x00, 0xF0, 0x01, 0xF0, 0x1F, 0x00, 0x2F, 0x02,
    0xF0, 0x03, 0xE0, 0x3E, 0x00, 0x20, 0x02, 0x00, 0xFF, 0xFF, 0xFF, 0xFF, 0xFF, 0xF0, 0x00, 0x03,
    0xC0, 0x00, 0x0F, 0x00, 0x00, 0x3C, 0xBF, 0xFA, 0xFF, 0xE0, 0x00, 0x6F, 0xE4, 0x00, 0x0F, 0x40,
    0x7C, 0x00, 0xF0, 0x00, 0x3C, 0x07, 0x0F, 0xF4, 0x34, 0x38, 0x30, 0xB0, 0xF0, 0xE0, 0xC2, 0xC2,
    0xC3, 0x43, 0xFC, 0x07, 0x0E, 0x0C, 0x70, 0x2C, 0x38, 0x30, 0xB0, 0xB0, 0x70, 0xC0, 0xD3, 0x40,
    0xF0, 0x00, 0x3C, 0x00, 0xF4, 0x07, 0xC0, 0x00, 0x6F, 0xE4, 0x00, 0x3F, 0xFF, 0x0F, 0xFF, 0xC0,
    0x07, 0xF4, 0x07, 0xFF, 0x43, 0xC0, 0xF0, 0xE0, 0x2C, 0x3C, 0x0F, 0x07, 0xFF, 0x40, 0x7F, 0x40,
    0x00, 0x74, 0x00, 0x01, 0xD0, 0x00, 0x07, 0x40, 0x00, 0x1D, 0x00, 0x00, 0x74, 0x03, 0xFF, 0xFF,
    0xFF, 0xFF, 0xFF, 0xC0, 0x1D, 0x00, 0x00, 0x74, 0x00, 0x01, 0xD0, 0x00, 0x00, 0x00, 0x3F, 0xFF,
    0xFF, 0xFF, 0xFF, 0xFC, 0x02, 0xFD, 0x02, 0xFF, 0xF8, 0x19, 0x07, 0xC0, 0x00, 0x2C, 0x00, 0x03,
    0xC0, 0x00, 0xB4, 0x00, 0x2E, 0x00, 0x1F, 0x40, 0x0B, 0x80, 0x03, 0xFF, 0xFE, 0x3F, 0xFF, 0xE0,
    0x1F, 0xFF, 0xE1, 0xFF, 0xFD, 0x00, 0x07, 0x40, 0x02, 0xC0, 0x00, 0xFF, 0x40, 0x0F, 0xFD, 0x00,
    0x01, 0xF0, 0x00, 0x0F, 0x29, 0x01, 0xE3, 0xFF, 0xFC, 0x06, 0xFE, 0x00, 0x0B, 0xC0, 0xF0, 0x1D,
    0x03, 0x80, 0xF0, 0x00, 0xB8, 0x3C, 0x00, 0x2E, 0x0F, 0x00, 0x0B, 0x83, 0xC0, 0x02, 0xE0, 0xF0,
    0x00, 0xB8, 0x3C, 0x00, 0x2E, 0x0F, 0x00, 0x0B, 0x83, 0xC0, 0x02, 0xE0, 0xF0, 0x00, 0xB8, 0x3E,
    0x00, 0x7E, 0x0F, 0xD0, 0x7F, 0x83, 0xFF, 0xFD, 0xFD, 0xF7, 0xF8, 0x3F, 0x7C, 0x00, 0x00, 0x0F,
    0x00, 0x00, 0x03, 0xC0, 0x00, 0x00, 0xF0, 0x00, 0x00, 0x3C, 0x00, 0x00, 0x00, 0x02, 0xF4, 0xB0,
    0x3F, 0xD2, 0xC2, 0xFF, 0x4B, 0x0F, 0xFD, 0x2C, 0x3F, 0xF4, 0xB0, 0xFF, 0xD2, 0xC3, 0xFF, 0x4B,
    0x0B, 0xFD, 0x2C, 0x0F, 0xF4, 0xB0, 0x0F, 0xD2, 0xC0, 0x07, 0x4B, 0x00, 0x1D, 0x2C, 0x00, 0x74,
    0xB0, 0x01, 0xD2, 0xC0, 0x07, 0x4B, 0x00, 0x1D, 0x2C, 0x00, 0x74, 0xB0, 0x01, 0xD2, 0xC0, 0x07,
    0x4B, 0x00, 0x1D, 0x2C, 0x00, 0x74, 0xB0, 0x2E, 0x0F, 0xC2, 0xE0, 0x2C, 0x0F, 0x80, 0xB8, 0x2D,
    0x7D, 0x00, 0x01, 0xF0, 0x00, 0xFF, 0x00, 0x7D, 0xF0, 0x06, 0x0F, 0x00, 0x00, 0xF0, 0x00, 0x0F,
    0x00, 0x00, 0xF0, 0x00, 0x0F, 0x00, 0x00, 0xF0, 0x0B, 0xFF, 0xFC, 0xBF, 0xFF, 0xC0, 0x0B, 0xF8,
    0x0B, 0xFF, 0x83, 0xD1, 0xF1, 0xE0, 0x2D, 0x74, 0x07, 0x5E, 0x02, 0xD3, 0xD0, 0xF0, 0xBF, 0xF8,
    0x0B, 0xF8, 0x00, 0x24, 0x02, 0x40, 0x1F, 0x01, 0xF0, 0x02, 0xE0, 0x2E, 0x00, 0x3D, 0x03, 0xD0,
    0x03, 0xD0, 0x3D, 0x00, 0x7C, 0x07, 0xC0, 0x0F, 0x80, 0xF8, 0x07, 0xC0, 0x7C, 0x07, 0xC0, 0x7C,
    0x03, 0xD0, 0x3D, 0x03, 0xE0, 0x3E, 0x02, 0xF0, 0x2F, 0x00, 0x20, 0x02, 0x00, 0x00, 0x02, 0xC0,
    0x06, 0x00, 0xBC, 0x00, 0xE0, 0x2F, 0xC0, 0x1C, 0x02, 0x2C, 0x03, 0x80, 0x02, 0xC0, 0x30, 0x00,
    0x2C, 0x0B, 0x00, 0x02, 0xC0, 0xD0, 0x00, 0x2C, 0x2C, 0x34, 0x02, 0xC3, 0x4B, 0x40, 0x2C, 0x70,
    0xF4, 0x02, 0xCE, 0x2B, 0x40, 0x01, 0xC7, 0x34, 0x00, 0x28, 0xE3, 0x40, 0x03, 0x5F, 0xFE, 0x00,
    0xB1, 0xFF, 0xE0, 0x0D, 0x00, 0x34, 0x02, 0xC0, 0x03, 0x40, 0x24, 0x00, 0x34, 0x02, 0xC0, 0x09,
    0x00, 0xBC, 0x00, 0xC0, 0x2F, 0xC0, 0x2C, 0x02, 0x2C, 0x03, 0x40, 0x02, 0xC0, 0x70, 0x00, 0x2C,
    0x0D, 0x00, 0x02, 0xC1, 0xC0, 0x00, 0x2C, 0x39, 0xF8, 0x02, 0xC7, 0x2F, 0xE0, 0x2C, 0xA0, 0x0E,
    0x02, 0xCD, 0x00, 0xE0, 0x02, 0xC0, 0x0D, 0x00, 0x34, 0x01, 0xC0, 0x07, 0x00, 0x34, 0x00, 0xE0,
    0x0B, 0x00, 0x1C, 0x01, 0xC0, 0x03, 0x80, 0x3F, 0xF0, 0x30, 0x03, 0xFF, 0xFF, 0x80, 0x0C, 0x3F,
    0xD0, 0x0A, 0x00, 0xA0, 0x03, 0x40, 0x70, 0x02, 0xC0, 0x3F, 0x00, 0xD0, 0x0F, 0xE0, 0x70, 0x00,
    0x3C, 0x38, 0x00, 0x0B, 0x1C, 0x34, 0x03, 0x8E, 0x2D, 0x2F, 0xD3, 0x0F, 0x4B, 0xD2, 0xCA, 0xD0,
    0x00, 0xD7, 0x34, 0x00, 0xB3, 0x4D, 0x00, 0x35, 0xFF, 0xE0, 0x1C, 0x7F, 0xF8, 0x0E, 0x00, 0x34,
    0x07, 0x00, 0x0D, 0x01, 0x80, 0x03, 0x40, 0x00, 0x0B, 0x40, 0x00, 0x03, 0xE0, 0x00, 0x00, 0xB4,
    0x00, 0x00, 0x00, 0x00, 0x00, 0x00, 0x00, 0x00, 0x02, 0xC0, 0x00, 0x00, 0xF0, 0x00, 0x00, 0x78,
    0x00, 0x00, 0xBC, 0x00, 0x00, 0xB8, 0x00, 0x00, 0xF8, 0x00, 0x00, 0xB8, 0x00, 0x00, 0x3C, 0x00,
    0x00, 0x0F, 0x00, 0x00, 0x03, 0xE0, 0x00, 0x70, 0x7E, 0x00, 0xBD, 0x0B, 0xFF, 0xFD, 0x00, 0x6F,
    0xF8, 0x00, 0x01, 0xFC, 0x00, 0x00, 0x00, 0xBC, 0x00, 0x00, 0x00, 0x7C, 0x00, 0x00, 0x00, 0x00,
    0x00, 0x00, 0x0F, 0xC0, 0x00, 0x00, 0x3F, 0x00, 0x00, 0x02, 0xFE, 0x00, 0x00, 0x0F, 0x3C, 0x00,
    0x00, 0x3C, 0xF0, 0x00, 0x02, 0xD2, 0xE0, 0x00, 0x0F, 0x03, 0xC0, 0x00, 0x3C, 0x0F, 0x00, 0x02,
    0xD0, 0x2D, 0x00, 0x0F, 0x00, 0x7C, 0x00, 0x3C, 0x00, 0xF0, 0x01, 0xFF, 0xFF, 0xD0, 0x0F, 0xFF,
    0xFF, 0xC0, 0x3C, 0x00, 0x0F, 0x01, 0xE0, 0x00, 0x2D, 0x0F, 0x00, 0x00, 0x7C, 0x3C, 0x00, 0x00,
    0xF1, 0xE0, 0x00, 0x02, 0xD0, 0x00, 0x00, 0xFC, 0x00, 0x00, 0x0F, 0x80, 0x00, 0x00, 0xF0, 0x00,
    0x00, 0x00, 0x00, 0x00, 0x00, 0x0F, 0xC0, 0x00, 0x00, 0x3F, 0x00, 0x00, 0x02, 0xFE, 0x00, 0x00,
    0x0F, 0x3C, 0x00, 0x00, 0x3C, 0xF0, 0x00, 0x02, 0xD2, 0xE0, 0x00, 0x0F, 0x03, 0xC0, 0x00, 0x3C,
    0x0F, 0x00, 0x02, 0xD0, 0x2D, 0x00, 0x0F, 0x00, 0x7C, 0x00, 0x3C, 0x00, 0xF0, 0x01, 0xFF, 0xFF,
    0xD0, 0x0F, 0xFF, 0xFF, 0xC0, 0x3C, 0x00, 0x0F, 0x01, 0xE0, 0x00, 0x2D, 0x0F, 0x00, 0x00, 0x7C,
    0x3C, 0x00, 0x00, 0xF1, 0xE0, 0x00, 0x02, 0xD0, 0x00, 0x0B, 0xC0, 0x00, 0x00, 0xF7, 0xC0, 0x00,
    0x1F, 0x03, 0xD0, 0x00, 0x00, 0x00, 0x00, 0x00, 0x0F, 0xC0, 0x00, 0x00, 0x3F, 0x00, 0x00, 0x02,
    0xFE, 0x00, 0x00, 0x0F, 0x3C, 0x00, 0x00, 0x3C, 0xF0, 0x00, 0x02, 0xD2, 0xE0, 0x00, 0x0F, 0x03,
    0xC0, 0x00, 0x3C, 0x0F, 0x00, 0x02, 0xD0, 0x2D, 0x00, 0x0F, 0x00, 0x7C, 0x00, 0x3C, 0x00, 0xF0,
    0x01, 0xFF, 0xFF, 0xD0, 0x0F, 0xFF, 0xFF, 0xC0, 0x3C, 0x00, 0x0F, 0x01, 0xE0, 0x00, 0x2D, 0x0F,
    0x00, 0x00, 0x7C, 0x3C, 0x00, 0x00, 0xF1, 0xE0, 0x00, 0x02, 0xD0, 0x00, 0x7E, 0x48, 0x00, 0x0B,
    0xFF, 0xF4, 0x00, 0x08, 0x2F, 0x80, 0x00, 0x00, 0x00, 0x00, 0x00, 0x0F, 0xC0, 0x00, 0x00, 0x3F,
    0x00, 0x00, 0x02, 0xFE, 0x00, 0x00, 0x0F, 0x3C, 0x00, 0x00, 0x3C, 0xF0, 0x00, 0x02, 0xD2, 0xE0,
    0x00, 0x0F, 0x03, 0xC0, 0x00, 0x3C, 0x0F, 0x00, 0x02, 0xD0, 0x2D, 0x00, 0x0F, 0x00, 0x7C, 0x00,
    0x3C, 0x00, 0xF0, 0x01, 0xFF, 0xFF, 0xD0, 0x0F, 0xFF, 0xFF, 0xC0, 0x3C, 0x00, 0x0F, 0x01, 0xE0,
    0x00, 0x2D, 0x0F, 0x00, 0x00, 0x7C, 0x3C, 0x00, 0x00, 0xF1, 0xE0, 0x00, 0x02, 0xD0, 0x01, 0xE0,
    0x2D, 0x00, 0x0F, 0xC0, 0xFC, 0x00, 0x1E, 0x02, 0xD0, 0x00, 0x00, 0x00, 0x00, 0x00, 0x0F, 0xC0,
    0x00, 0x00, 0x3F, 0x00, 0x00, 0x02, 0xFE, 0x00, 0x00, 0x0F, 0x3C, 0x00, 0x00, 0x3C, 0xF0, 0x00,
    0x02, 0xD2, 0xE0, 0x00, 0x0F, 0x03, 0xC0, 0x00, 0x3C, 0x0F, 0x00, 0x02, 0xD0, 0x2D, 0x00, 0x0F,
    0x00, 0x7C, 0x00, 0x3C, 0x00, 0xF0, 0x01, 0xFF, 0xFF, 0xD0, 0x0F, 0xFF, 0xFF, 0xC0, 0x3C, 0x00,
    0x0F, 0x01, 0xE0, 0x00, 0x2D, 0x0F, 0x00, 0x00, 0x7C, 0x3C, 0x00, 0x00, 0xF1, 0xE0, 0x00, 0x02,
    0xD0, 0x00, 0x1F, 0xD0, 0x00, 0x00, 0xE2, 0xC0, 0x00, 0x03, 0x8B, 0x00, 0x00, 0x07, 0xF4, 0x00,
    0x00, 0x07, 0x40, 0x00, 0x00, 0x3E, 0x00, 0x00, 0x00, 0xFC, 0x00, 0x00, 0x0B, 0xF4, 0x00, 0x00,
    0x3C, 0xF0, 0x00, 0x01, 0xE2, 0xC0, 0x00, 0x0B, 0x07, 0x80, 0x00, 0x3C, 0x0F, 0x00, 0x01, 0xD0,
    0x2D, 0x00, 0x0F, 0x00, 0x3C, 0x00, 0x3F, 0xFF, 0xF0, 0x02, 0xFF, 0xFF, 0xE0, 0x0F, 0x00, 0x03,
    0xC0, 0x78, 0x00, 0x0F, 0x42, 0xD0, 0x00, 0x1E, 0x0F, 0x00, 0x00, 0x3C, 0x78, 0x00, 0x00, 0xF4,
    0x00, 0x03, 0xFF, 0xF0, 0x00, 0x0F, 0xFF, 0xC0, 0x00, 0xBE, 0x00, 0x00, 0x03, 0xF8, 0x00, 0x00,
    0x1E, 0xE0, 0x00, 0x00, 0xF7, 0x80, 0x00, 0x03, 0x9E, 0x00, 0x00, 0x2D, 0x78, 0x00, 0x00, 0xF1,
    0xFF, 0xE0, 0x07, 0x87, 0xFF, 0x80, 0x2C, 0x1E, 0x00, 0x00, 0xFF, 0xF8, 0x00, 0x07, 0xFF, 0xE0,
    0x00, 0x3C, 0x07, 0x80, 0x00, 0xF0, 0x1E, 0x00, 0x0B, 0x40, 0x78, 0x00, 0x3C, 0x01, 0xFF, 0xF1,
    0xF0, 0x07, 0xFF, 0xC0, 0x00, 0x2F, 0xFD, 0x00, 0x7F, 0xFF, 0xD0, 0x7F, 0x40, 0xB4, 0x3E, 0x00,
    0x2D, 0x2F, 0x00, 0x0B, 0x4F, 0x40, 0x00, 0x03, 0xC0, 0x00, 0x01, 0xF0, 0x00, 0x00, 0x7C, 0x00,
    0x00, 0x1F, 0x00, 0x00, 0x07, 0xC0, 0x00, 0x00, 0xF0, 0x00, 0x00, 0x3D, 0x00, 0x00, 0x0B, 0xC0,
    0x01, 0xE0, 0xF8, 0x00, 0x78, 0x2F, 0xD0, 0x2E, 0x02, 0xFF, 0xFF, 0x40, 0x0B, 0xFE, 0x40, 0x00,
    0x38, 0x00, 0x00, 0x1F, 0x80, 0x00, 0x00, 0xF4, 0x00, 0x00, 0x2C, 0x00, 0x00, 0xBD, 0x00, 0x0F,
    0xD0, 0x00, 0x02, 0xF4, 0x00, 0x00, 0x3D, 0x00, 0x00, 0x00, 0x00, 0x7F, 0xFF, 0xFC, 0x7F, 0xFF,
    0xFC, 0x7C, 0x00, 0x00, 0x7C, 0x00, 0x00, 0x7C, 0x00, 0x00, 0x7C, 0x00, 0x00, 0x7C, 0x00, 0x00,
    0x7C, 0x00, 0x00, 0x7F, 0xFF, 0xF4, 0x7F, 0xFF, 0xF4, 0x7C, 0x00, 0x00, 0x7C, 0x00, 0x00, 0x7C,
    0x00, 0x00, 0x7C, 0x00, 0x00, 0x7C, 0x00, 0x00, 0x7C, 0x00, 0x00, 0x7F, 0xFF, 0xFC, 0x7F, 0xFF,
    0xFC, 0x00, 0x0B, 0xD0, 0x00, 0x2F, 0x00, 0x00, 0xB4, 0x00, 0x00, 0x00, 0x00, 0x7F, 0xFF, 0xFC,
    0x7F, 0xFF, 0xFC, 0x7C, 0x00, 0x00, 0x7C, 0x00, 0x00, 0x7C, 0x00, 0x00, 0x7C, 0x00, 0x00, 0x7C,
    0x00, 0x00, 0x7C, 0x00, 0x00, 0x7F, 0xFF, 0xF4, 0x7F, 0xFF, 0xF4, 0x7C, 0x00, 0x00, 0x7C, 0x00,
    0x00, 0x7C, 0x00, 0x00, 0x7C, 0x00, 0x00, 0x7C, 0x00, 0x00, 0x7C, 0x00, 0x00, 0x7F, 0xFF, 0xFC,
    0x7F, 0xFF, 0xFC, 0x00, 0xBD, 0x00, 0x02, 0xDB, 0x40, 0x0F, 0x42, 0xE0, 0x00, 0x00, 0x00, 0x7F,
    0xFF, 0xFC, 0x7F, 0xFF, 0xFC, 0x7C, 0x00, 0x00, 0x7C, 0x00, 0x00, 0x7C, 0x00, 0x00, 0x7C, 0x00,
    0x00, 0x7C, 0x00, 0x00, 0x7C, 0x00, 0x00, 0x7F, 0xFF, 0xF4, 0x7F, 0xFF, 0xF4, 0x7C, 0x00, 0x00,
    0x7C, 0x00, 0x00, 0x7C, 0x00, 0x00, 0x7C, 0x00, 0x00, 0x7C, 0x00, 0x00, 0x7C, 0x00, 0x00, 0x7F,
    0xFF, 0xFC, 0x7F, 0xFF, 0xFC, 0x0F, 0x01, 0xE0, 0x2F, 0x43, 0xF0, 0x0F, 0x02, 0xE0, 0x00, 0x00,
    0x00, 0x7F, 0xFF, 0xFC, 0x7F, 0xFF, 0xFC, 0x7C, 0x00, 0x00, 0x7C, 0x00, 0x00, 0x7C, 0x00, 0x00,
    0x7C, 0x00, 0x00, 0x7C, 0x00, 0x00, 0x7C, 0x00, 0x00, 0x7F, 0xFF, 0xF4, 0x7F, 0xFF, 0xF4, 0x7C,
    0x00, 0x00, 0x7C, 0x00, 0x00, 0x7C, 0x00, 0x00, 0x7C, 0x00, 0x00, 0x7C, 0x00, 0x00, 0x7C, 0x00,
    0x00, 0x7F, 0xFF, 0xFC, 0x7F, 0xFF, 0xFC, 0x03, 0xF4, 0x00, 0x00, 0x2F, 0x00, 0x00, 0x00, 0xF0,
    0x00, 0x00, 0x00, 0x00, 0xBF, 0xFF, 0xFF, 0xAF, 0xFF, 0xFF, 0xE0, 0x02, 0xE0, 0x00, 0x00, 0xB8,
    0x00, 0x00, 0x2E, 0x00, 0x00, 0x0B, 0x80, 0x00, 0x02, 0xE0, 0x00, 0x00, 0xB8, 0x00, 0x00, 0x2E,
    0x00, 0x00, 0x0B, 0x80, 0x00, 0x02, 0xE0, 0x00, 0x00, 0xB8, 0x00, 0x00, 0x2E, 0x00, 0x00, 0x0B,
    0x80, 0x00, 0x02, 0xE0, 0x00, 0x00, 0xB8, 0x00, 0xBF, 0xFF, 0xFF, 0xAF, 0xFF, 0xFF, 0xE0, 0x00,
    0x03, 0xF0, 0x00, 0x03, 0xE0, 0x00, 0x03, 0xC0, 0x00, 0x00, 0x00, 0x00, 0xBF, 0xFF, 0xFF, 0xAF,
    0xFF, 0xFF, 0xE0, 0x02, 0xE0, 0x00, 0x00, 0xB8, 0x00, 0x00, 0x2E, 0x00, 0x00, 0x0B, 0x80, 0x00,
    0x02, 0xE0, 0x00, 0x00, 0xB8, 0x00, 0x00, 0x2E, 0x00, 0x00, 0x0B, 0x80, 0x00, 0x02, 0xE0, 0x00,
    0x00, 0xB8, 0x00, 0x00, 0x2E, 0x00, 0x00, 0x0B, 0x80, 0x00, 0x02, 0xE0, 0x00, 0x00, 0xB8, 0x00,
    0xBF, 0xFF, 0xFF, 0xAF, 0xFF, 0xFF, 0xE0, 0x00, 0x3F, 0x00, 0x00, 0x3D, 0xF0, 0x00, 0x7C, 0x0F,
    0x40, 0x00, 0x00, 0x00, 0xBF, 0xFF, 0xFF, 0xAF, 0xFF, 0xFF, 0xE0, 0x02, 0xE0, 0x00, 0x00, 0xB8,
    0x00, 0x00, 0x2E, 0x00, 0x00, 0x0B, 0x80, 0x00, 0x02, 0xE0, 0x00, 0x00, 0xB8, 0x00, 0x00, 0x2E,
    0x00, 0x00, 0x0B, 0x80, 0x00, 0x02, 0xE0, 0x00, 0x00, 0xB8, 0x00, 0x00, 0x2E, 0x00, 0x00, 0x0B,
    0x80, 0x00, 0x02, 0xE0, 0x00, 0x00, 0xB8, 0x00, 0xBF, 0xFF, 0xFF, 0xAF, 0xFF, 0xFF, 0xE0, 0x07,
    0x80, 0xB4, 0x03, 0xF0, 0x3F, 0x00, 0x78, 0x0B, 0x40, 0x00, 0x00, 0x00, 0xBF, 0xFF, 0xFF, 0xAF,
    0xFF, 0xFF, 0xE0, 0x02, 0xE0, 0x00, 0x00, 0xB8, 0x00, 0x00, 0x2E, 0x00, 0x00, 0x0B, 0x80, 0x00,
    0x02, 0xE0, 0x00, 0x00, 0xB8, 0x00, 0x00, 0x2E, 0x00, 0x00, 0x0B, 0x80, 0x00, 0x02, 0xE0, 0x00,
    0x00, 0xB8, 0x00, 0x00, 0x2E, 0x00, 0x00, 0x0B, 0x80, 0x00, 0x02, 0xE0, 0x00, 0x00, 0xB8, 0x00,
    0xBF, 0xFF, 0xFF, 0xAF, 0xFF, 0xFF, 0xE0, 0x07, 0xFF, 0xE4, 0x00, 0x2F, 0xFF, 0xF8, 0x00, 0xB8,
    0x02, 0xFC, 0x02, 0xE0, 0x01, 0xF4, 0x0B, 0x80, 0x02, 0xF0, 0x2E, 0x00, 0x03, 0xC0, 0xB8, 0x00,
    0x0F, 0x42, 0xE0, 0x00, 0x3D, 0xFF, 0xFF, 0x00, 0xBB, 0xFF, 0xFC, 0x02, 0xE0, 0xB8, 0x00, 0x0F,
    0x42, 0xE0, 0x00, 0x3D, 0x0B, 0x80, 0x00, 0xF0, 0x2E, 0x00, 0x0B, 0xC0, 0xB8, 0x00, 0x7D, 0x02,
    0xE0, 0x0B, 0xE0, 0x0B, 0xFF, 0xFE, 0x00, 0x1F, 0xFF, 0x80, 0x00, 0x01, 0xF9, 0x20, 0x02, 0xFF,
    0xFD, 0x00, 0x20, 0xBE, 0x00, 0x00, 0x00, 0x00, 0x74, 0x00, 0x0B, 0x5F, 0x00, 0x02, 0xD7, 0xE0,
    0x00, 0xB5, 0xFD, 0x00, 0x2D, 0x7F, 0xC0, 0x0B, 0x5E, 0xB8, 0x02, 0xD7, 0x8F, 0x00, 0xB5, 0xE2,
    0xF0, 0x2D, 0x78, 0x3D, 0x0B, 0x5E, 0x07, 0xC2, 0xD7, 0x80, 0xF8, 0xB5, 0xE0, 0x0F, 0x6D, 0x78,
    0x02, 0xFB, 0x5E, 0x00, 0x3F, 0xD7, 0x80, 0x07, 0xF5, 0xE0, 0x00, 0xBD, 0x78, 0x00, 0x0F, 0x5E,
    0x00, 0x01, 0xD0, 0x07, 0xE0, 0x00, 0x00, 0x3E, 0x00, 0x00, 0x01, 0xE0, 0x00, 0x00, 0x00, 0x00,
    0x01, 0xBF, 0x90, 0x02, 0xFF, 0xFE, 0x01, 0xF8, 0x0B, 0xD0, 0xF8, 0x00, 0xBC, 0x3C, 0x00, 0x0F,
    0x1E, 0x00, 0x03, 0xDB, 0x80, 0x00, 0xBA, 0xD0, 0x00, 0x2E, 0xF4, 0x00, 0x07, 0xFD, 0x00, 0x01,
    0xFB, 0x80, 0x00, 0x7A, 0xE0, 0x00, 0x2E, 0xBC, 0x00, 0x0F, 0x5F, 0x00, 0x03, 0xC3, 0xE0, 0x02,
    0xF0, 0x7E, 0x02, 0xF4, 0x0B, 0xFF, 0xF8, 0x00, 0x6F, 0xE4, 0x00, 0x00, 0x00, 0xFC, 0x00, 0x00,
    0xF8, 0x00, 0x00, 0xF0, 0x00, 0x00, 0x00, 0x00, 0x01, 0xBF, 0x90, 0x02, 0xFF, 0xFE, 0x01, 0xF8,
    0x0B, 0xD0, 0xF8, 0x00, 0xBC, 0x3C, 0x00, 0x0F, 0x1E, 0x00, 0x03, 0xDB, 0x80, 0x00, 0xBA, 0xD0,
    0x00, 0x2E, 0xF4, 0x00, 0x07, 0xFD, 0x00, 0x01, 0xFB, 0x80, 0x00, 0x7A, 0xE0, 0x00, 0x2E, 0xBC,
    0x00, 0x0F, 0x5F, 0x00, 0x03, 0xC3, 0xE0, 0x02, 0xF0, 0x7E, 0x02, 0xF4, 0x0B, 0xFF, 0xF8, 0x00,
    0x6F, 0xE4, 0x00, 0x00, 0x3F, 0x00, 0x00, 0x3D, 0xF0, 0x00, 0x7C, 0x0F, 0x40, 0x00, 0x00, 0x00,
    0x01, 0xBF, 0x90, 0x02, 0xFF, 0xFE, 0x01, 0xF8, 0x0B, 0xD0, 0xF8, 0x00, 0xBC, 0x3C, 0x00, 0x0F,
    0x1E, 0x00, 0x03, 0xDB, 0x80, 0x00, 0xBA, 0xD0, 0x00, 0x2E, 0xF4, 0x00, 0x07, 0xFD, 0x00, 0x01,
    0xFB, 0x80, 0x00, 0x7A, 0xE0, 0x00, 0x2E, 0xBC, 0x00, 0x0F, 0x5F, 0x00, 0x03, 0xC3, 0xE0, 0x02,
    0xF0, 0x7E, 0x02, 0xF4, 0x0B, 0xFF, 0xF8, 0x00, 0x6F, 0xE4, 0x00, 0x02, 0xF9, 0x20, 0x02, 0xFF,
    0xFD, 0x00, 0x20, 0xBE, 0x00, 0x00, 0x00, 0x00, 0x01, 0xBF, 0x90, 0x02, 0xFF, 0xFE, 0x01, 0xF8,
    0x0B, 0xD0, 0xF8, 0x00, 0xBC, 0x3C, 0x00, 0x0F, 0x1E, 0x00, 0x03, 0xDB, 0x80, 0x00, 0xBA, 0xD0,
    0x00, 0x2E, 0xF4, 0x00, 0x07, 0xFD, 0x00, 0x01, 0xFB, 0x80, 0x00, 0x7A, 0xE0, 0x00, 0x2E, 0xBC,
    0x00, 0x0F, 0x5F, 0x00, 0x03, 0xC3, 0xE0, 0x02, 0xF0, 0x7E, 0x02, 0xF4, 0x0B, 0xFF, 0xF8, 0x00,
    0x6F, 0xE4, 0x00, 0x07, 0x80, 0xF4, 0x03, 0xF0, 0x3F, 0x00, 0x78, 0x0F, 0x40, 0x00, 0x00, 0x00,
    0x01, 0xBF, 0x90, 0x02, 0xFF, 0xFE, 0x01, 0xF8, 0x0B, 0xD0, 0xF8, 0x00, 0xBC, 0x3C, 0x00, 0x0F,
    0x1E, 0x00, 0x03, 0xDB, 0x80, 0x00, 0xBA, 0xD0, 0x00, 0x2E, 0xF4, 0x00, 0x07, 0xFD, 0x00, 0x01,
    0xFB, 0x80, 0x00, 0x7A, 0xE0, 0x00, 0x2E, 0xBC, 0x00, 0x0F, 0x5F, 0x00, 0x03, 0xC3, 0xE0, 0x02,
    0xF0, 0x7E, 0x02, 0xF4, 0x0B, 0xFF, 0xF8, 0x00, 0x6F, 0xE4, 0x00, 0x20, 0x02, 0x2F, 0x03, 0xE2,
    0xF3, 0xE0, 0x2F, 0xF0, 0x03, 0xF0, 0x03, 0xFE, 0x02, 0xF3, 0xE2, 0xF0, 0x3E, 0x20, 0x02, 0x00,
    0x00, 0x00, 0x00, 0x00, 0x01, 0xBF, 0x91, 0x80, 0x3F, 0xFF, 0xFF, 0x03, 0xF4, 0x07, 0xF0, 0x2F,
    0x00, 0x0B, 0xE0, 0xF4, 0x00, 0x3F, 0xC7, 0xC0, 0x03, 0xDF, 0x1F, 0x00, 0x2D, 0x3D, 0xB8, 0x01,
    0xE0, 0xBA, 0xE0, 0x0F, 0x02, 0xEB, 0x80, 0xF0, 0x0B, 0xAE, 0x0B, 0x40, 0x2E, 0x7C, 0x78, 0x00,
    0xF5, 0xF3, 0xC0, 0x03, 0xD3, 0xFD, 0x00, 0x1F, 0x0B, 0xE0, 0x00, 0xF8, 0x0F, 0xD0, 0x1F, 0xC0,
    0xBF, 0xFF, 0xFC, 0x02, 0x47, 0xFE, 0x40, 0x00, 0x03, 0xF0, 0x00, 0x00, 0x2F, 0x00, 0x00, 0x01,
    0xF0, 0x00, 0x00, 0x00, 0x00, 0xB8, 0x00, 0x0B, 0xAE, 0x00, 0x02, 0xEB, 0x80, 0x00, 0xBA, 0xE0,
    0x00, 0x2E, 0xB8, 0x00, 0x0B, 0xAE, 0x00, 0x02, 0xEB, 0x80, 0x00, 0xBA, 0xE0, 0x00, 0x2E, 0xB8,
    0x00, 0x0B, 0xAE, 0x00, 0x02, 0xEB, 0x80, 0x00, 0xBA, 0xE0, 0x00, 0x2D, 0x78, 0x00, 0x0B, 0x5F,
    0x00, 0x03, 0xD3, 0xD0, 0x00, 0xF0, 0xBD, 0x01, 0xF8, 0x0F, 0xFF, 0xFC, 0x00, 0x7F, 0xF4, 0x00,
    0x00, 0x01, 0xFC, 0x00, 0x01, 0xF4, 0x00, 0x01, 0xE0, 0x00, 0x00, 0x00, 0x00, 0xB8, 0x00, 0x0B,
    0xAE, 0x00, 0x02, 0xEB, 0x80, 0x00, 0xBA, 0xE0, 0x00, 0x2E, 0xB8, 0x00, 0x0B, 0xAE, 0x00, 0x02,
    0xEB, 0x80, 0x00, 0xBA, 0xE0, 0x00, 0x2E, 0xB8, 0x00, 0x0B, 0xAE, 0x00, 0x02, 0xEB, 0x80, 0x00,
    0xBA, 0xE0, 0x00, 0x2D, 0x78, 0x00, 0x0B, 0x5F, 0x00, 0x03, 0xD3, 0xD0, 0x00, 0xF0, 0xBD, 0x01,
    0xF8, 0x0F, 0xFF, 0xFC, 0x00, 0x7F, 0xF4, 0x00, 0x00, 0x2F, 0x00, 0x00, 0x3D, 0xF4, 0x00, 0x7C,
    0x0F, 0x40, 0x00, 0x00, 0x00, 0xB8, 0x00, 0x0B, 0xAE, 0x00, 0x02, 0xEB, 0x80, 0x00, 0xBA, 0xE0,
    0x00, 0x2E, 0xB8, 0x00, 0x0B, 0xAE, 0x00, 0x02, 0xEB, 0x80, 0x00, 0xBA, 0xE0, 0x00, 0x2E, 0xB8,
    0x00, 0x0B, 0xAE, 0x00, 0x02, 0xEB, 0x80, 0x00, 0xBA, 0xE0, 0x00, 0x2D, 0x78, 0x00, 0x0B, 0x5F,
    0x00, 0x03, 0xD3, 0xD0, 0x00, 0xF0, 0xBD, 0x01, 0xF8, 0x0F, 0xFF, 0xFC, 0x00, 0x7F, 0xF4, 0x00,
    0x07, 0xC0, 0xB4, 0x03, 0xF0, 0x3F, 0x00, 0x7C, 0x0B, 0x40, 0x00, 0x00, 0x00, 0xB8, 0x00, 0x0B,
    0xAE, 0x00, 0x02, 0xEB, 0x80, 0x00, 0xBA, 0xE0, 0x00, 0x2E, 0xB8, 0x00, 0x0B, 0xAE, 0x00, 0x02,
    0xEB, 0x80, 0x00, 0xBA, 0xE0, 0x00, 0x2E, 0xB8, 0x00, 0x0B, 0xAE, 0x00, 0x02, 0xEB, 0x80, 0x00,
    0xBA, 0xE0, 0x00, 0x2D, 0x78, 0x00, 0x0B, 0x5F, 0x00, 0x03, 0xD3, 0xD0, 0x00, 0xF0, 0xBD, 0x01,
    0xF8, 0x0F, 0xFF, 0xFC, 0x00, 0x7F, 0xF4, 0x00, 0x00, 0x00, 0xBE, 0x00, 0x00, 0x0B, 0xD0, 0x00,
    0x00, 0xB4, 0x00, 0x00, 0x00, 0x00, 0x00, 0xBC, 0x00, 0x00, 0xB4, 0xF4, 0x00, 0x07, 0xC1, 0xF0,
    0x00, 0x3D, 0x03, 0xE0, 0x01, 0xF0, 0x07, 0xC0, 0x0F, 0x00, 0x0B, 0x80, 0x78, 0x00, 0x0F, 0x43,
    0xC0, 0x00, 0x2F, 0x2E, 0x00, 0x00, 0x3E, 0xF0, 0x00, 0x00, 0x7F, 0x40, 0x00, 0x00, 0xFC, 0x00,
    0x00, 0x02, 0xE0, 0x00, 0x00, 0x0B, 0x80, 0x00, 0x00, 0x2E, 0x00, 0x00, 0x00, 0xB8, 0x00, 0x00,
    0x02, 0xE0, 0x00, 0x00, 0x0B, 0x80, 0x00, 0x00, 0x2E, 0x00, 0x00, 0xB4, 0x00, 0x00, 0xB4, 0x00,
    0x00, 0xBF, 0xFE, 0x40, 0xBF, 0xFF, 0xF0, 0xB4, 0x02, 0xFC, 0xB4, 0x00, 0x3D, 0xB4, 0x00, 0x2E,
    0xB4, 0x00, 0x2E, 0xB4, 0x00, 0x2E, 0xB4, 0x00, 0x3D, 0xB4, 0x02, 0xF8, 0xBF, 0xFF, 0xE0, 0xBF,
    0xFE, 0x40, 0xB4, 0x00, 0x00, 0xB4, 0x00, 0x00, 0xB4, 0x00, 0x00, 0xB4, 0x00, 0x00, 0xB4, 0x00,
    0x00, 0x00, 0x6F, 0xE0, 0x00, 0x07, 0xFF, 0xF0, 0x00, 0x3E, 0x03, 0xE0, 0x00, 0xF0, 0x03, 0xC0,
    0x03, 0xC0, 0x1F, 0x00, 0xFF, 0x01, 0xF0, 0x03, 0xFC, 0x1F, 0x00, 0x00, 0xF0, 0xF0, 0x00, 0x03,
    0xC3, 0xC0, 0x00, 0x0F, 0x0F, 0xD0, 0x00, 0x3C, 0x0F, 0xF4, 0x00, 0xF0, 0x07, 0xF4, 0x03, 0xC0,
    0x01, 0xF0, 0x0F, 0x00, 0x03, 0xC0, 0x3C, 0x00, 0x0F, 0x00, 0xF0, 0x41, 0xF8, 0x03, 0xC7, 0xFF,
    0xC0, 0x0F, 0x0B, 0xF8, 0x00, 0x00, 0xF8, 0x00, 0x00, 0x0F, 0x00, 0x00, 0x01, 0xD0, 0x00, 0x00,
    0x2C, 0x00, 0x00, 0x00, 0x00, 0x00, 0x7F, 0xE0, 0x00, 0xFF, 0xFF, 0x00, 0x38, 0x02, 0xE0, 0x00,
    0x00, 0x3C, 0x00, 0x00, 0x0F, 0x00, 0x2F, 0xFF, 0xC0, 0x3F, 0xFF, 0xF0, 0x3F, 0x40, 0x3C, 0x0F,
    0x00, 0x0F, 0x03, 0xC0, 0x0B, 0xC0, 0xF8, 0x0B, 0xF0, 0x1F, 0xFF, 0x7F, 0x81, 0xFE, 0x0F, 0xE0,
    0x00, 0x0B, 0xC0, 0x00, 0x03, 0xC0, 0x00, 0x02, 0xD0, 0x00, 0x00, 0xE0, 0x00, 0x00, 0x00, 0x00,
    0x00, 0x7F, 0xE0, 0x00, 0xFF, 0xFF, 0x00, 0x38, 0x02, 0xE0, 0x00, 0x00, 0x3C, 0x00, 0x00, 0x0F,
    0x00, 0x2F, 0xFF, 0xC0, 0x3F, 0xFF, 0xF0, 0x3F, 0x40, 0x3C, 0x0F, 0x00, 0x0F, 0x03, 0xC0, 0x0B,
    0xC0, 0xF8, 0x0B, 0xF0, 0x1F, 0xFF, 0x7F, 0x81, 0xFE, 0x0F, 0xE0, 0x00, 0x1D, 0x00, 0x00, 0x0F,
    0xC0, 0x00, 0x0B, 0x78, 0x00, 0x07, 0x4B, 0x40, 0x03, 0x80, 0xF0, 0x00, 0x00, 0x00, 0x00, 0x1F,
    0xF8, 0x00, 0x3F, 0xFF, 0xC0, 0x0E, 0x00, 0xB8, 0x00, 0x00, 0x0F, 0x00, 0x00, 0x03, 0xC0, 0x0B,
    0xFF, 0xF0, 0x0F, 0xFF, 0xFC, 0x0F, 0xD0, 0x0F, 0x03, 0xC0, 0x03, 0xC0, 0xF0, 0x02, 0xF0, 0x3E,
    0x02, 0xFC, 0x07, 0xFF, 0xDF, 0xE0, 0x7F, 0x83, 0xF8, 0x01, 0xF8, 0x00, 0x00, 0xFF, 0xFC, 0x00,
    0x10, 0xBD, 0x00, 0x00, 0x00, 0x00, 0x00, 0x00, 0x00, 0x00, 0x7F, 0xE0, 0x00, 0xFF, 0xFF, 0x00,
    0x38, 0x02, 0xE0, 0x00, 0x00, 0x3C, 0x00, 0x00, 0x0F, 0x00, 0x2F, 0xFF, 0xC0, 0x3F, 0xFF, 0xF0,
    0x3F, 0x40, 0x3C, 0x0F, 0x00, 0x0F, 0x03, 0xC0, 0x0B, 0xC0, 0xF8, 0x0B, 0xF0, 0x1F, 0xFF, 0x7F,
    0x81, 0xFE, 0x0F, 0xE0, 0x07, 0x80, 0xF0, 0x03, 0xF0, 0x3E, 0x00, 0x78, 0x0F, 0x00, 0x00, 0x00,
    0x00, 0x00, 0x00, 0x00, 0x00, 0x7F, 0xE0, 0x00, 0xFF, 0xFF, 0x00, 0x38, 0x02, 0xE0, 0x00, 0x00,
    0x3C, 0x00, 0x00, 0x0F, 0x00, 0x2F, 0xFF, 0xC0, 0x3F, 0xFF, 0xF0, 0x3F, 0x40, 0x3C, 0x0F, 0x00,
    0x0F, 0x03, 0xC0, 0x0B, 0xC0, 0xF8, 0x0B, 0xF0, 0x1F, 0xFF, 0x7F, 0x81, 0xFE, 0x0F, 0xE0, 0x00,
    0x3E, 0x00, 0x00, 0x38, 0xE0, 0x00, 0x0D, 0x2C, 0x00, 0x03, 0x8E, 0x00, 0x00, 0x3E, 0x00, 0x00,
    0x00, 0x00, 0x00, 0x1F, 0xF8, 0x00, 0x3F, 0xFF, 0xC0, 0x0E, 0x00, 0xB8, 0x00, 0x00, 0x0F, 0x00,
    0x00, 0x03, 0xC0, 0x0B, 0xFF, 0xF0, 0x0F, 0xFF, 0xFC, 0x0F, 0xD0, 0x0F, 0x03, 0xC0, 0x03, 0xC0,
    0xF0, 0x02, 0xF0, 0x3E, 0x02, 0xFC, 0x07, 0xFF, 0xDF, 0xE0, 0x7F, 0x83, 0xF8, 0x0B, 0xF8, 0x7F,
    0x80, 0xBF, 0xFB, 0xFF, 0x81, 0x81, 0xFD, 0x1F, 0x00, 0x02, 0xE0, 0x2C, 0x00, 0x07, 0x40, 0x74,
    0x00, 0x1F, 0xFF, 0xD0, 0xBF, 0xFF, 0xFF, 0x0B, 0xFF, 0xC0, 0x00, 0x3C, 0x07, 0x40, 0x01, 0xE0,
    0x1E, 0x00, 0x03, 0xC0, 0xFE, 0x00, 0x0F, 0xFF, 0xBF, 0xF8, 0x0B, 0xE0, 0x7F, 0xD0, 0x00, 0xBF,
    0xE4, 0x02, 0xFF, 0xFF, 0xC1, 0xF8, 0x01, 0xF0, 0xF4, 0x00, 0x3C, 0x7C, 0x00, 0x0F, 0x1E, 0x00,
    0x00, 0x07, 0x80, 0x00, 0x01, 0xE0, 0x00, 0x00, 0x7C, 0x00, 0x00, 0x0F, 0x80, 0x00, 0x01, 0xFD,
    0x00, 0x70, 0x2F, 0xFF, 0xFC, 0x00, 0xBF, 0xE4, 0x00, 0x03, 0x40, 0x00, 0x02, 0xF4, 0x00, 0x00,
    0x1F, 0x00, 0x00, 0x03, 0xC0, 0x00, 0x0F, 0xD0, 0x00, 0x00, 0xF8, 0x00, 0x00, 0x0F, 0x00, 0x00,
    0x01, 0xE0, 0x00, 0x00, 0x2C, 0x00, 0x00, 0x00, 0x00, 0x00, 0x2F, 0xF4, 0x00, 0x7F, 0xFF, 0xC0,
    0x7E, 0x01, 0xF8, 0x3D, 0x00, 0x0F, 0x0F, 0x00, 0x02, 0xC7, 0xFF, 0xFF, 0xF5, 0xFF, 0xFF, 0xFD,
    0x78, 0x00, 0x00, 0x0F, 0x00, 0x00, 0x03, 0xD0, 0x00, 0x00, 0x7E, 0x00, 0x68, 0x0B, 0xFF, 0xFF,
    0x00, 0x2F, 0xF9, 0x00, 0x00, 0x07, 0xC0, 0x00, 0x03, 0xD0, 0x00, 0x00, 0xE0, 0x00, 0x00, 0xB0,
    0x00, 0x00, 0x00, 0x00, 0x00, 0x2F, 0xF4, 0x00, 0x7F, 0xFF, 0xC0, 0x7E, 0x01, 0xF8, 0x3D, 0x00,
    0x0F, 0x0F, 0x00, 0x02, 0xC7, 0xFF, 0xFF, 0xF5, 0xFF, 0xFF, 0xFD, 0x78, 0x00, 0x00, 0x0F, 0x00,
    0x00, 0x03, 0xD0, 0x00, 0x00, 0x7E, 0x00, 0x68, 0x0B, 0xFF, 0xFF, 0x00, 0x2F, 0xF9, 0x00, 0x00,
    0x0D, 0x00, 0x00, 0x0F, 0xC0, 0x00, 0x0B, 0x7C, 0x00, 0x07, 0x47, 0x40, 0x03, 0x80, 0xF0, 0x00,
    0x00, 0x00, 0x00, 0x0B, 0xFD, 0x00, 0x1F, 0xFF, 0xF0, 0x1F, 0x80, 0x7E, 0x0F, 0x40, 0x03, 0xC3,
    0xC0, 0x00, 0xB1, 0xFF, 0xFF, 0xFD, 0x7F, 0xFF, 0xFF, 0x5E, 0x00, 0x00, 0x03, 0xC0, 0x00, 0x00,
    0xF4, 0x00, 0x00, 0x1F, 0x80, 0x1A, 0x02, 0xFF, 0xFF, 0xC0, 0x0B, 0xFE, 0x40, 0x03, 0xC0, 0x78,
    0x01, 0xF4, 0x3F, 0x00, 0x3C, 0x07, 0x80, 0x00, 0x00, 0x00, 0x00, 0x00, 0x00, 0x00, 0x2F, 0xF4,
    0x00, 0x7F, 0xFF, 0xC0, 0x7E, 0x01, 0xF8, 0x3D, 0x00, 0x0F, 0x0F, 0x00, 0x02, 0xC7, 0xFF, 0xFF,
    0xF5, 0xFF, 0xFF, 0xFD, 0x78, 0x00, 0x00, 0x0F, 0x00, 0x00, 0x03, 0xD0, 0x00, 0x00, 0x7E, 0x00,
    0x68, 0x0B, 0xFF, 0xFF, 0x00, 0x2F, 0xF9, 0x00, 0x0B, 0xC0, 0x00, 0x03, 0xC0, 0x00, 0x01, 0xE0,
    0x00, 0x00, 0xB0, 0x00, 0x00, 0x00, 0x00, 0x7F, 0xFC, 0x00, 0x7F, 0xFC, 0x00, 0x00, 0x3C, 0x00,
    0x00, 0x3C, 0x00, 0x00, 0x3C, 0x00, 0x00, 0x3C, 0x00, 0x00, 0x3C, 0x00, 0x00, 0x3C, 0x00, 0x00,
    0x3C, 0x00, 0x00, 0x3C, 0x00, 0x00, 0x3C, 0x00, 0x7F, 0xFF, 0xFD, 0x7F, 0xFF, 0xFD, 0x00, 0x3E,
    0x00, 0x00, 0x3C, 0x00, 0x00, 0xB4, 0x00, 0x00, 0xE0, 0x00, 0x00, 0x00, 0x00, 0x7F, 0xFC, 0x00,
    0x7F, 0xFC, 0x00, 0x00, 0x3C, 0x00, 0x00, 0x3C, 0x00, 0x00, 0x3C, 0x00, 0x00, 0x3C, 0x00, 0x00,
    0x3C, 0x00, 0x00, 0x3C, 0x00, 0x00, 0x3C, 0x00, 0x00, 0x3C, 0x00, 0x00, 0x3C, 0x00, 0x7F, 0xFF,
    0xFC, 0x7F, 0xFF, 0xFC, 0x00, 0xB0, 0x00, 0x00, 0xFC, 0x00, 0x03, 0xED, 0x00, 0x0B, 0x0F, 0x00,
    0x1D, 0x03, 0xC0, 0x00, 0x00, 0x00, 0x7F, 0xFC, 0x00, 0x7F, 0xFC, 0x00, 0x00, 0x3C, 0x00, 0x00,
    0x3C, 0x00, 0x00, 0x3C, 0x00, 0x00, 0x3C, 0x00, 0x00, 0x3C, 0x00, 0x00, 0x3C, 0x00, 0x00, 0x3C,
    0x00, 0x00, 0x3C, 0x00, 0x00, 0x3C, 0x00, 0x7F, 0xFF, 0xFC, 0x7F, 0xFF, 0xFC, 0x1E, 0x02, 0xD0,
    0x2F, 0x03, 0xE0, 0x1E, 0x02, 0xD0, 0x00, 0x00, 0x00, 0x00, 0x00, 0x00, 0x7F, 0xFC, 0x00, 0x7F,
    0xFC, 0x00, 0x00, 0x3C, 0x00, 0x00, 0x3C, 0x00, 0x00, 0x3C, 0x00, 0x00, 0x3C, 0x00, 0x00, 0x3C,
    0x00, 0x00, 0x3C, 0x00, 0x00, 0x3C, 0x00, 0x00, 0x3C, 0x00, 0x00, 0x3C, 0x00, 0x7F, 0xFF, 0xFD,
    0x7F, 0xFF, 0xFD, 0x00, 0x38, 0x70, 0x00, 0x1F, 0xF8, 0x00, 0x02, 0xFE, 0x00, 0x00, 0xA3, 0xD0,
    0x00, 0x00, 0x3C, 0x00, 0x6F, 0xE7, 0xC0, 0xBF, 0xFF, 0xF0, 0x7E, 0x01, 0xBE, 0x3D, 0x00, 0x07,
    0x9F, 0x00, 0x00, 0xFB, 0x80, 0x00, 0x3E, 0xD0, 0x00, 0x0F, 0xB8, 0x00, 0x07, 0x9F, 0x00, 0x02,
    0xD3, 0xD0, 0x01, 0xF0, 0xBE, 0x01, 0xF4, 0x0B, 0xFF, 0xF8, 0x00, 0x6F, 0xE0, 0x00, 0x00, 0x3E,
    0x04, 0x00, 0x0F, 0xFF, 0xC0, 0x00, 0x42, 0xF4, 0x00, 0x00, 0x00, 0x00, 0x00, 0x00, 0x00, 0x0B,
    0xF0, 0xBF, 0x80, 0xBF, 0x3F, 0xFF, 0x00, 0xFF, 0x41, 0xF8, 0x0B, 0xC0, 0x07, 0xC0, 0xB8, 0x00,
    0x3C, 0x0B, 0x40, 0x03, 0xC0, 0xB4, 0x00, 0x3C, 0x0B, 0x40, 0x03, 0xC0, 0xB4, 0x00, 0x3C, 0x0B,
    0x40, 0x03, 0xC0, 0xB4, 0x00, 0x3C, 0x0B, 0x40, 0x03, 0xC0, 0xB4, 0x00, 0x3C, 0x01, 0xF0, 0x00,
    0x00, 0x2D, 0x00, 0x00, 0x03, 0xC0, 0x00, 0x00, 0x74, 0x00, 0x00, 0x00, 0x00, 0x00, 0x6F, 0xE4,
    0x00, 0xBF, 0xFF, 0x80, 0xBD, 0x02, 0xF8, 0x3D, 0x00, 0x1F, 0x1F, 0x00, 0x03, 0xDB, 0x80, 0x00,
    0xBA, 0xE0, 0x00, 0x1E, 0xB8, 0x00, 0x0B, 0x9F, 0x00, 0x03, 0xD3, 0xD0, 0x00, 0xF0, 0xBE, 0x01,
    0xF8, 0x0B, 0xFF, 0xF8, 0x00, 0x6F, 0xE4, 0x00, 0x00, 0x03, 0xD0, 0x00, 0x02, 0xE0, 0x00, 0x00,
    0xF0, 0x00, 0x00, 0x70, 0x00, 0x00, 0x00, 0x00, 0x00, 0x6F, 0xE4, 0x00, 0xBF, 0xFF, 0x80, 0xBD,
    0x02, 0xF8, 0x3D, 0x00, 0x1F, 0x1F, 0x00, 0x03, 0xDB, 0x80, 0x00, 0xBA, 0xE0, 0x00, 0x1E, 0xB8,
    0x00, 0x0B, 0x9F, 0x00, 0x03, 0xD3, 0xD0, 0x00, 0xF0, 0xBE, 0x01, 0xF8, 0x0B, 0xFF, 0xF8, 0x00,
    0x6F, 0xE4, 0x00, 0x00, 0x0D, 0x00, 0x00, 0x0F, 0xC0, 0x00, 0x0B, 0x7C, 0x00, 0x07, 0x47, 0x40,
    0x03, 0x80, 0xF0, 0x00, 0x00, 0x00, 0x00, 0x1B, 0xF9, 0x00, 0x2F, 0xFF, 0xE0, 0x2F, 0x40, 0xBE,
    0x0F, 0x40, 0x07, 0xC7, 0xC0, 0x00, 0xF6, 0xE0, 0x00, 0x2E, 0xB8, 0x00, 0x07, 0xAE, 0x00, 0x02,
    0xE7, 0xC0, 0x00, 0xF4, 0xF4, 0x00, 0x3C, 0x2F, 0x80, 0x7E, 0x02, 0xFF, 0xFE, 0x00, 0x1B, 0xF9,
    0x00, 0x00, 0xB8, 0x10, 0x00, 0xFF, 0xFC, 0x00, 0x10, 0xBD, 0x00, 0x00, 0x00, 0x00, 0x00, 0x00,
    0x00, 0x00, 0x6F, 0xE4, 0x00, 0xBF, 0xFF, 0x80, 0xBD, 0x02, 0xF8, 0x3D, 0x00, 0x1F, 0x1F, 0x00,
    0x03, 0xDB, 0x80, 0x00, 0xBA, 0xE0, 0x00, 0x1E, 0xB8, 0x00, 0x0B, 0x9F, 0x00, 0x03, 0xD3, 0xD0,
    0x00, 0xF0, 0xBE, 0x01, 0xF8, 0x0B, 0xFF, 0xF8, 0x00, 0x6F, 0xE4, 0x00, 0x07, 0x80, 0xB4, 0x02,
    0xF0, 0x3E, 0x00, 0x78, 0x0B, 0x40, 0x00, 0x00, 0x00, 0x00, 0x00, 0x00, 0x00, 0x6F, 0xE4, 0x00,
    0xBF, 0xFF, 0x80, 0xBD, 0x02, 0xF8, 0x3D, 0x00, 0x1F, 0x1F, 0x00, 0x03, 0xDB, 0x80, 0x00, 0xBA,
    0xE0, 0x00, 0x1E, 0xB8, 0x00, 0x0B, 0x9F, 0x00, 0x03, 0xD3, 0xD0, 0x00, 0xF0, 0xBE, 0x01, 0xF8,
    0x0B, 0xFF, 0xF8, 0x00, 0x6F, 0xE4, 0x00, 0x00, 0x2E, 0x00, 0x00, 0x0F, 0xC0, 0x00, 0x02, 0xE0,
    0x00, 0x00, 0x00, 0x00, 0x00, 0x00, 0x00, 0x1F, 0xFF, 0xFF, 0xD7, 0xFF, 0xFF, 0xF4, 0x00, 0x00,
    0x00, 0x00, 0x00, 0x00, 0x00, 0x0B, 0x80, 0x00, 0x03, 0xF0, 0x00, 0x00, 0xB8, 0x00, 0x00, 0x00,
    0x00, 0x00, 0x6F, 0xEB, 0x00, 0xBF, 0xFF, 0xC0, 0xBD, 0x03, 0xF8, 0x3D, 0x01, 0xFF, 0x1F, 0x00,
    0xF3, 0xDB, 0x80, 0xF0, 0xBA, 0xE0, 0xB4, 0x1E, 0xB8, 0x78, 0x0B, 0x9F, 0x3C, 0x03, 0xD3, 0xFC,
    0x00, 0xF0, 0xBE, 0x01, 0xF8, 0x0F, 0xFF, 0xF8, 0x03, 0x6F, 0xE4, 0x00, 0x00, 0x00, 0x00, 0x00,
    0xF8, 0x00, 0x00, 0x00, 0xF0, 0x00, 0x00, 0x01, 0xD0, 0x00, 0x00, 0x02, 0xC0, 0x00, 0x00, 0x00,
    0x00, 0x01, 0xFD, 0x00, 0xFE, 0x07, 0xF4, 0x03, 0xF8, 0x02, 0xD0, 0x01, 0xE0, 0x0B, 0x40, 0x07,
    0x80, 0x2D, 0x00, 0x1E, 0x00, 0xB4, 0x00, 0x78, 0x02, 0xD0, 0x01, 0xE0, 0x0B, 0x40, 0x07, 0x80,
    0x2D, 0x00, 0x2E, 0x00, 0xB8, 0x00, 0xF8, 0x01, 0xF4, 0x1F, 0xE0, 0x03, 0xFF, 0xF3, 0xF4, 0x02,
    0xFE, 0x0F, 0xD0, 0x00, 0x03, 0xD0, 0x00, 0x00, 0x2E, 0x00, 0x00, 0x00, 0xF0, 0x00, 0x00, 0x07,
    0x00, 0x00, 0x00, 0x00, 0x00, 0x01, 0xFD, 0x00, 0xFE, 0x07, 0xF4, 0x03, 0xF8, 0x02, 0xD0, 0x01,
    0xE0, 0x0B, 0x40, 0x07, 0x80, 0x2D, 0x00, 0x1E, 0x00, 0xB4, 0x00, 0x78, 0x02, 0xD0, 0x01, 0xE0,
    0x0B, 0x40, 0x07, 0x80, 0x2D, 0x00, 0x2E, 0x00, 0xB8, 0x00, 0xF8, 0x01, 0xF4, 0x1F, 0xE0, 0x03,
    0xFF, 0xF3, 0xF4, 0x02, 0xFE, 0x0F, 0xD0, 0x00, 0x07, 0x40, 0x00, 0x00, 0x3F, 0x00, 0x00, 0x03,
    0xDE, 0x00, 0x00, 0x1D, 0x2D, 0x00, 0x00, 0xE0, 0x3C, 0x00, 0x00, 0x00, 0x00, 0x07, 0xF4, 0x03,
    0xF8, 0x1F, 0xD0, 0x0F, 0xE0, 0x0B, 0x40, 0x07, 0x80, 0x2D, 0x00, 0x1E, 0x00, 0xB4, 0x00, 0x78,
    0x02, 0xD0, 0x01, 0xE0, 0x0B, 0x40, 0x07, 0x80, 0x2D, 0x00, 0x1E, 0x00, 0xB4, 0x00, 0xB8, 0x02,
    0xE0, 0x03, 0xE0, 0x07, 0xD0, 0x7F, 0x80, 0x0F, 0xFF, 0xCF, 0xD0, 0x0B, 0xF8, 0x3F, 0x40, 0x01,
    0xE0, 0x3C, 0x00, 0x0F, 0xC1, 0xF8, 0x00, 0x1E, 0x03, 0xC0, 0x00, 0x00, 0x00, 0x00, 0x00, 0x00,
    0x00, 0x01, 0xFD, 0x00, 0xFE, 0x07, 0xF4, 0x03, 0xF8, 0x02, 0xD0, 0x01, 0xE0, 0x0B, 0x40, 0x07,
    0x80, 0x2D, 0x00, 0x1E, 0x00, 0xB4, 0x00, 0x78, 0x02, 0xD0, 0x01, 0xE0, 0x0B, 0x40, 0x07, 0x80,
    0x2D, 0x00, 0x2E, 0x00, 0xB8, 0x00, 0xF8, 0x01, 0xF4, 0x1F, 0xE0, 0x03, 0xFF, 0xF3, 0xF4, 0x02,
    0xFE, 0x0F, 0xD0, 0x00, 0x03, 0xF0, 0x00, 0x00, 0xF0, 0x00, 0x00, 0xB4, 0x00, 0x00, 0x38, 0x00,
    0x00, 0x00, 0x00, 0x2E, 0x00, 0x01, 0xE3, 0xC0, 0x00, 0xB4, 0xF4, 0x00, 0x3C, 0x1F, 0x00, 0x0F,
    0x03, 0xC0, 0x07, 0x40, 0xB8, 0x02, 0xC0, 0x0F, 0x00, 0xF0, 0x03, 0xD0, 0x78, 0x00, 0x7C, 0x2D,
    0x00, 0x0F, 0x0F, 0x00, 0x02, 0xE3, 0x80, 0x00, 0x3F, 0xD0, 0x00, 0x0F, 0xF0, 0x00, 0x00, 0x3C,
    0x00, 0x00, 0x1D, 0x00, 0x04, 0x1F, 0x00, 0x03, 0xFF, 0x40, 0x00, 0xBF, 0x40, 0x00, 0x7F, 0x40,
    0x00, 0x07, 0xF4, 0x00, 0x00, 0x0B, 0x40, 0x00, 0x00, 0xB4, 0x00, 0x00, 0x0B, 0x40, 0x00, 0x00,
    0xB4, 0xBF, 0x90, 0x0B, 0xBF, 0xFF, 0x40, 0xBF, 0x40, 0xBC, 0x0B, 0xC0, 0x03, 0xE0, 0xB4, 0x00,
    0x1E, 0x0B, 0x40, 0x01, 0xF0, 0xB4, 0x00, 0x0F, 0x0B, 0x40, 0x01, 0xE0, 0xB4, 0x00, 0x2E, 0x0B,
    0x40, 0x03, 0xC0, 0xB9, 0x01, 0xF8, 0x0B, 0xFF, 0xFE, 0x00, 0xBB, 0xFE, 0x40, 0x0B, 0x40, 0x00,
    0x00, 0xB4, 0x00, 0x00, 0x0B, 0x40, 0x00, 0x00, 0xB4, 0x00, 0x00, 0x0B, 0x40, 0x00, 0x00, 0x03,
    0xC0, 0xB4, 0x01, 0xF4, 0x3F, 0x00, 0x3C, 0x0B, 0x80, 0x00, 0x00, 0x00, 0x00, 0x00, 0x00, 0x2E,
    0x00, 0x01, 0xE3, 0xC0, 0x00, 0xB4, 0xF4, 0x00, 0x3C, 0x1F, 0x00, 0x0F, 0x03, 0xC0, 0x07, 0x40,
    0xB8, 0x02, 0xC0, 0x0F, 0x00, 0xF0, 0x03, 0xD0, 0x78, 0x00, 0x7C, 0x2D, 0x00, 0x0F, 0x0F, 0x00,
    0x02, 0xE3, 0x80, 0x00, 0x3F, 0xD0, 0x00, 0x0F, 0xF0, 0x00, 0x00, 0x3C, 0x00, 0x00, 0x1D, 0x00,
    0x04, 0x1F, 0x00, 0x03, 0xFF, 0x40, 0x00, 0xBF, 0x40, 0x00, 0x7F, 0xFC, 0x00, 0x7F, 0xFC, 0x00,
    0x00, 0x3C, 0x00, 0x00, 0x3C, 0x00, 0x00, 0x3C, 0x00, 0x00, 0x3C, 0x00, 0x00, 0x3C, 0x00, 0x00,
    0x3C, 0x00, 0x00, 0x3C, 0x00, 0x00, 0x3C, 0x00, 0x00, 0x3C, 0x00, 0x7F, 0xFF, 0xFC, 0x7F, 0xFF,
    0xFC, 0x01, 0xFF, 0xFF, 0xF4, 0x1F, 0xFF, 0xFF, 0xD0, 0xF4, 0x1F, 0x00, 0x0B, 0x80, 0x3C, 0x00,
    0x3C, 0x00, 0xF0, 0x00, 0xF0, 0x03, 0xC0, 0x03, 0xC0, 0x0F, 0x00, 0x0F, 0x00, 0x3C, 0x00, 0x7C,
    0x00, 0xFF, 0xF1, 0xF0, 0x03, 0xFF, 0xC3, 0xC0, 0x0F, 0x00, 0x0F, 0x00, 0x3C, 0x00, 0x3C, 0x00,
    0xF0, 0x00, 0xF4, 0x03, 0xC0, 0x02, 0xE0, 0x0F, 0x00, 0x03, 0xE0, 0x7C, 0x00, 0x07, 0xFF, 0xFF,
    0xF4, 0x07, 0xFF, 0xFF, 0xD0, 0x0B, 0xE0, 0xFD, 0x0F, 0xFE, 0xFF, 0xC7, 0xC3, 0xF4, 0x7A, 0xD0,
    0xBC, 0x0F, 0xF0, 0x1E, 0x03, 0xFC, 0x07, 0xFF, 0xFF, 0x00, 0xFF, 0xFF, 0xC0, 0x38, 0x00, 0xF0,
    0x1E, 0x00, 0x2D, 0x0B, 0xC0, 0x07, 0xC3, 0xF8, 0x00, 0xFF, 0xEF, 0xFD, 0x0B, 0xE0, 0xFE, 0x00,
    0x0B, 0xC0, 0xF0, 0x1D, 0x03, 0x80, 0x0F, 0x01, 0xE0, 0x2F, 0x43, 0xF0, 0x0F, 0x02, 0xE0, 0x00,
    0x00, 0x00, 0x7F, 0xFF, 0xFC, 0x7F, 0xFF, 0xFC, 0x7C, 0x00, 0x00, 0x7C, 0x00, 0x00, 0x7C, 0x00,
    0x00, 0x7C, 0x00, 0x00, 0x7C, 0x00, 0x00, 0x7C, 0x00, 0x00, 0x7F, 0xFF, 0xF4, 0x7F, 0xFF, 0xF4,
    0x7C, 0x00, 0x00, 0x7C, 0x00, 0x00, 0x7C, 0x00, 0x00, 0x7C, 0x00, 0x00, 0x7C, 0x00, 0x00, 0x7C,
    0x00, 0x00, 0x7F, 0xFF, 0xFC, 0x7F, 0xFF, 0xFC, 0x7F, 0xFF, 0xFF, 0x01, 0xFF, 0xFF, 0xFC, 0x00,
    0x03, 0xC0, 0x00, 0x00, 0x0F, 0x00, 0x00, 0x00, 0x3C, 0x00, 0x00, 0x00, 0xF0, 0x00, 0x00, 0x03,
    0xC0, 0x00, 0x00, 0x0F, 0xBF, 0xD0, 0x00, 0x3F, 0xFF, 0xE0, 0x00, 0xF4, 0x0B, 0xC0, 0x03, 0xC0,
    0x0F, 0x40, 0x0F, 0x00, 0x2E, 0x00, 0x3C, 0x00, 0xB8, 0x00, 0xF0, 0x02, 0xE0, 0x03, 0xC0, 0x0F,
    0x40, 0x0F, 0x00, 0xBC, 0x00, 0x3C, 0xFF, 0xE0, 0x00, 0xF3, 0xFD, 0x00, 0x00, 0x00, 0xFD, 0x00,
    0x00, 0xF8, 0x00, 0x00, 0xF4, 0x00, 0x00, 0x00, 0x00, 0x7F, 0xFF, 0xFF, 0xDF, 0xFF, 0xFF, 0xF0,
    0x3C, 0x00, 0x3C, 0x0F, 0x00, 0x0F, 0x03, 0xC0, 0x03, 0xC0, 0xF0, 0x00, 0x00, 0x3C, 0x00, 0x00,
    0x0F, 0x00, 0x00, 0x03, 0xC0, 0x00, 0x00, 0xF0, 0x00, 0x00, 0x3C, 0x00, 0x00, 0x0F, 0x00, 0x00,
    0x03, 0xC0, 0x00, 0x00, 0xF0, 0x00, 0x00, 0x3C, 0x00, 0x00, 0x0F, 0x00, 0x00, 0x7F, 0xFF, 0xC0,
    0x1F, 0xFF, 0xF0, 0x00, 0x00, 0x2F, 0xFD, 0x00, 0xBF, 0xFF, 0xD0, 0xBE, 0x40, 0xB4, 0x7E, 0x00,
    0x2D, 0x3E, 0x00, 0x0B, 0x4F, 0x00, 0x00, 0x07, 0xC0, 0x00, 0x02, 0xE0, 0x00, 0x00, 0xBF, 0xFF,
    0xF4, 0x2F, 0xFF, 0xFD, 0x0B, 0x80, 0x00, 0x01, 0xF0, 0x00, 0x00, 0x3C, 0x00, 0x00, 0x0F, 0x80,
    0x01, 0xE1, 0xF4, 0x00, 0x78, 0x2F, 0x90, 0x2E, 0x02, 0xFF, 0xFF, 0x40, 0x0B, 0xFE, 0x00, 0x01,
    0xBF, 0xF8, 0x02, 0xFF, 0xFF, 0x81, 0xF8, 0x02, 0xE0, 0xF4, 0x00, 0x78, 0x3C, 0x00, 0x1E, 0x0F,
    0x40, 0x00, 0x01, 0xF8, 0x00, 0x00, 0x2F, 0xD0, 0x00, 0x01, 0xFF, 0x80, 0x00, 0x07, 0xFD, 0x00,
    0x00, 0x1F, 0xD0, 0x00, 0x00, 0xBC, 0x3C, 0x00, 0x0F, 0x4F, 0x00, 0x02, 0xD3, 0xC0, 0x00, 0xF0,
    0xF9, 0x01, 0xF8, 0x3F, 0xFF, 0xFC, 0x00, 0xBF, 0xE4, 0x00, 0xBF, 0xFF, 0xFF, 0xAF, 0xFF, 0xFF,
    0xE0, 0x02, 0xE0, 0x00, 0x00, 0xB8, 0x00, 0x00, 0x2E, 0x00, 0x00, 0x0B, 0x80, 0x00, 0x02, 0xE0,
    0x00, 0x00, 0xB8, 0x00, 0x00, 0x2E, 0x00, 0x00, 0x0B, 0x80, 0x00, 0x02, 0xE0, 0x00, 0x00, 0xB8,
    0x00, 0x00, 0x2E, 0x00, 0x00, 0x0B, 0x80, 0x00, 0x02, 0xE0, 0x00, 0x00, 0xB8, 0x00, 0xBF, 0xFF,
    0xFF, 0xAF, 0xFF, 0xFF, 0xE0, 0x07, 0x80, 0xB4, 0x03, 0xF0, 0x3F, 0x00, 0x78, 0x0B, 0x40, 0x00,
    0x00, 0x00, 0xBF, 0xFF, 0xFF, 0xAF, 0xFF, 0xFF, 0xE0, 0x02, 0xE0, 0x00, 0x00, 0xB8, 0x00, 0x00,
    0x2E, 0x00, 0x00, 0x0B, 0x80, 0x00, 0x02, 0xE0, 0x00, 0x00, 0xB8, 0x00, 0x00, 0x2E, 0x00, 0x00,
    0x0B, 0x80, 0x00, 0x02, 0xE0, 0x00, 0x00, 0xB8, 0x00, 0x00, 0x2E, 0x00, 0x00, 0x0B, 0x80, 0x00,
    0x02, 0xE0, 0x00, 0x00, 0xB8, 0x00, 0xBF, 0xFF, 0xFF, 0xAF, 0xFF, 0xFF, 0xE0, 0xBF, 0xFF, 0xF6,
    0xFF, 0xFF, 0xD0, 0x00, 0x0F, 0x40, 0x00, 0x3D, 0x00, 0x00, 0xF4, 0x00, 0x03, 0xD0, 0x00, 0x0F,
    0x40, 0x00, 0x3D, 0x00, 0x00, 0xF4, 0x00, 0x03, 0xD0, 0x00, 0x0F, 0x40, 0x00, 0x3D, 0x00, 0x00,
    0xF4, 0x00, 0x03, 0xC0, 0x00, 0x2F, 0x19, 0x02, 0xF4, 0xBF, 0xFF, 0x80, 0x6F, 0xE4, 0x00, 0x03,
    0xFF, 0xD0, 0x00, 0x1F, 0xFF, 0x40, 0x00, 0x78, 0x2D, 0x00, 0x01, 0xE0, 0xB4, 0x00, 0x07, 0x82,
    0xD0, 0x00, 0x1E, 0x0B, 0x40, 0x00, 0x78, 0x2D, 0x00, 0x01, 0xD0, 0xBF, 0xE0, 0x0B, 0x42, 0xFF,
    0xF0, 0x2D, 0x0B, 0x43, 0xE0, 0xB4, 0x2D, 0x07, 0xC2, 0xC0, 0xB4, 0x0F, 0x0F, 0x02, 0xD0, 0x3C,
    0x3C, 0x0B, 0x40, 0xF0, 0xF0, 0x2D, 0x07, 0x8B, 0x80, 0xB4, 0x3D, 0xFC, 0x02, 0xFF, 0xF3, 0xD0,
    0x07, 0xFE, 0x00, 0xB4, 0x03, 0xC0, 0x02, 0xD0, 0x0F, 0x00, 0x0B, 0x40, 0x3C, 0x00, 0x2D, 0x00,
    0xF0, 0x00, 0xB4, 0x03, 0xC0, 0x02, 0xD0, 0x0F, 0x00, 0x0B, 0x40, 0x3C, 0x00, 0x2D, 0x00, 0xF0,
    0x00, 0xBF, 0xFF, 0xFF, 0x82, 0xFF, 0xFF, 0xFF, 0xCB, 0x40, 0x3C, 0x1F, 0x6D, 0x00, 0xF0, 0x2E,
    0xB4, 0x03, 0xC0, 0x7A, 0xD0, 0x0F, 0x02, 0xEB, 0x40, 0x3C, 0x0B, 0x6D, 0x00, 0xF0, 0x7C, 0xB4,
    0x03, 0xFF, 0xE2, 0xD0, 0x0F, 0xFD, 0x00, 0xBF, 0xFF, 0xFE, 0x02, 0xFF, 0xFF, 0xF8, 0x00, 0x07,
    0x80, 0x00, 0x00, 0x1E, 0x00, 0x00, 0x00, 0x78, 0x00, 0x00, 0x01, 0xE0, 0x00, 0x00, 0x07, 0x80,
    0x00, 0x00, 0x1E, 0x6F, 0xE0, 0x00, 0x7F, 0xFF, 0xF0, 0x01, 0xF8, 0x07, 0xD0, 0x07, 0x80, 0x0B,
    0x40, 0x1E, 0x00, 0x2E, 0x00, 0x78, 0x00, 0xB8, 0x01, 0xE0, 0x02, 0xE0, 0x07, 0x80, 0x0B, 0x80,
    0x1E, 0x00, 0x2E, 0x00, 0x78, 0x00, 0xB8, 0x01, 0xE0, 0x02, 0xE0, 0x00, 0x0F, 0xC0, 0x00, 0x0F,
    0x80, 0x00, 0x0F, 0x40, 0x00, 0x00, 0x00, 0x00, 0xF0, 0x00, 0x2E, 0x3C, 0x00, 0x1F, 0x0F, 0x00,
    0x0F, 0x43, 0xC0, 0x0F, 0x80, 0xF0, 0x07, 0xC0, 0x3C, 0x03, 0xC0, 0x0F, 0x03, 0xD0, 0x03, 0xC2,
    0xE0, 0x00, 0xFF, 0xF0, 0x00, 0x3F, 0xFE, 0x00, 0x0F, 0x07, 0xD0, 0x03, 0xC0, 0xBC, 0x00, 0xF0,
    0x0F, 0xC0, 0x3C, 0x00, 0xF8, 0x0F, 0x00, 0x1F, 0x43, 0xC0, 0x02, 0xF0, 0xF0, 0x00, 0x3E, 0x3C,
    0x00, 0x03, 0xE0, 0x00, 0xA0, 0x0D, 0x00, 0x07, 0xD0, 0xB4, 0x00, 0x0F, 0xFF, 0xC0, 0x00, 0x0B,
    0xF8, 0x00, 0x00, 0x00, 0x00, 0x00, 0xF4, 0x00, 0x03, 0xC2, 0xE0, 0x00, 0x1F, 0x03, 0xC0, 0x00,
    0xB4, 0x0F, 0x80, 0x03, 0xC0, 0x1F, 0x00, 0x0F, 0x00, 0x3D, 0x00, 0x78, 0x00, 0xB8, 0x02, 0xD0,
    0x00, 0xF0, 0x0F, 0x00, 0x02, 0xD0, 0x38, 0x00, 0x07, 0xC2, 0xD0, 0x00, 0x0F, 0x4F, 0x00, 0x00,
    0x1F, 0xF8, 0x00, 0x00, 0x3F, 0xD0, 0x00, 0x00, 0x0F, 0x00, 0x00, 0x00, 0x38, 0x00, 0x00, 0x03,
    0xD0, 0x00, 0x03, 0xFE, 0x00, 0x00, 0x0F, 0xE0, 0x00, 0x00, 0x3C, 0x00, 0x0F, 0x0F, 0x00, 0x03,
    0xC3, 0xC0, 0x00, 0xF0, 0xF0, 0x00, 0x3C, 0x3C, 0x00, 0x0F, 0x0F, 0x00, 0x03, 0xC3, 0xC0, 0x00,
    0xF0, 0xF0, 0x00, 0x3C, 0x3C, 0x00, 0x0F, 0x0F, 0x00, 0x03, 0xC3, 0xC0, 0x00, 0xF0, 0xF0, 0x00,
    0x3C, 0x3C, 0x00, 0x0F, 0x0F, 0x00, 0x03, 0xC3, 0xC0, 0x00, 0xF0, 0xF0, 0x00, 0x3C, 0x3F, 0xFF,
    0xFF, 0x0F, 0xFF, 0xFF, 0xC0, 0x01, 0xD0, 0x00, 0x00, 0x74, 0x00, 0x00, 0x1D, 0x00, 0x00, 0x07,
    0x40, 0x00, 0x01, 0xD0, 0x00, 0x00, 0x0F, 0xC0, 0x00, 0x00, 0x3F, 0x00, 0x00, 0x02, 0xFE, 0x00,
    0x00, 0x0F, 0x3C, 0x00, 0x00, 0x3C, 0xF0, 0x00, 0x02, 0xD2, 0xE0, 0x00, 0x0F, 0x03, 0xC0, 0x00,
    0x3C, 0x0F, 0x00, 0x02, 0xD0, 0x2D, 0x00, 0x0F, 0x00, 0x7C, 0x00, 0x3C, 0x00, 0xF0, 0x01, 0xFF,
    0xFF, 0xD0, 0x0F, 0xFF, 0xFF, 0xC0, 0x3C, 0x00, 0x0F, 0x01, 0xE0, 0x00, 0x2D, 0x0F, 0x00, 0x00,
    0x7C, 0x3C, 0x00, 0x00, 0xF1, 0xE0, 0x00, 0x02, 0xD0, 0x7F, 0xFF, 0xF0, 0x7F, 0xFF, 0xF0, 0x7C,
    0x00, 0x00, 0x7C, 0x00, 0x00, 0x7C, 0x00, 0x00, 0x7C, 0x00, 0x00, 0x7C, 0x00, 0x00, 0x7F, 0xFE,
    0x40, 0x7F, 0xFF, 0xF0, 0x7C, 0x02, 0xF8, 0x7C, 0x00, 0x7C, 0x7C, 0x00, 0x3D, 0x7C, 0x00, 0x3D,
    0x7C, 0x00, 0x3C, 0x7C, 0x00, 0x7C, 0x7C, 0x02, 0xF4, 0x7F, 0xFF, 0xE0, 0x3F, 0xFE, 0x00, 0x7F,
    0xFF, 0x40, 0xBF, 0xFF, 0xF0, 0xB8, 0x02, 0xF8, 0xB8, 0x00, 0xBC, 0xB8, 0x00, 0x3C, 0xB8, 0x00,
    0x7C, 0xB8, 0x00, 0xF4, 0xB8, 0x07, 0xE0, 0xBF, 0xFF, 0x40, 0xBF, 0xFF, 0xF0, 0xB8, 0x01, 0xFC,
    0xB8, 0x00, 0x3D, 0xB8, 0x00, 0x2E, 0xB8, 0x00, 0x2E, 0xB8, 0x00, 0x3D, 0xB8, 0x01, 0xFC, 0xBF,
    0xFF, 0xF0, 0x7F, 0xFE, 0x40, 0x7F, 0xFF, 0xFF, 0xDF, 0xFF, 0xFF, 0xF0, 0x3C, 0x00, 0x3C, 0x0F,
    0x00, 0x0F, 0x03, 0xC0, 0x03, 0xC0, 0xF0, 0x00, 0x00, 0x3C, 0x00, 0x00, 0x0F, 0x00, 0x00, 0x03,
    0xC0, 0x00, 0x00, 0xF0, 0x00, 0x00, 0x3C, 0x00, 0x00, 0x0F, 0x00, 0x00, 0x03, 0xC0, 0x00, 0x00,
    0xF0, 0x00, 0x00, 0x3C, 0x00, 0x00, 0x0F, 0x00, 0x00, 0x7F, 0xFF, 0xC0, 0x1F, 0xFF, 0xF0, 0x00,
    0x00, 0xFF, 0xFF, 0x80, 0x03, 0xFF, 0xFE, 0x00, 0x0F, 0x00, 0x78, 0x00, 0x3C, 0x01, 0xE0, 0x00,
    0xF0, 0x07, 0x80, 0x03, 0xC0, 0x1E, 0x00, 0x0F, 0x00, 0x78, 0x00, 0x78, 0x01, 0xE0, 0x01, 0xE0,
    0x07, 0x80, 0x0B, 0x40, 0x1E, 0x00, 0x2D, 0x00, 0x78, 0x00, 0xF0, 0x01, 0xE0, 0x03, 0xC0, 0x07,
    0x80, 0x1E, 0x00, 0x1E, 0x00, 0xB4, 0x00, 0x78, 0x03, 0xC0, 0x01, 0xE0, 0xFF, 0xFF, 0xFF, 0xFB,
    0xFF, 0xFF, 0xFF, 0xEF, 0x00, 0x00, 0x03, 0xBC, 0x00, 0x00, 0x0E, 0xF0, 0x00, 0x00, 0x3B, 0xC0,
    0x00, 0x00, 0xE0, 0x7F, 0xFF, 0xFC, 0x7F, 0xFF, 0xFC, 0x7C, 0x00, 0x00, 0x7C, 0x00, 0x00, 0x7C,
    0x00, 0x00, 0x7C, 0x00, 0x00, 0x7C, 0x00, 0x00, 0x7C, 0x00, 0x00, 0x7F, 0xFF, 0xF4, 0x7F, 0xFF,
    0xF4, 0x7C, 0x00, 0x00, 0x7C, 0x00, 0x00, 0x7C, 0x00, 0x00, 0x7C, 0x00, 0x00, 0x7C, 0x00, 0x00,
    0x7C, 0x00, 0x00, 0x7F, 0xFF, 0xFC, 0x7F, 0xFF, 0xFC, 0x7C, 0x0B, 0x40, 0xB4, 0xF0, 0x2D, 0x03,
    0xC3, 0xD0, 0xB4, 0x1E, 0x07, 0x82, 0xD0, 0xB4, 0x0F, 0x0B, 0x43, 0xC0, 0x3D, 0x2D, 0x1E, 0x00,
    0xB8, 0xB4, 0xF4, 0x00, 0xF2, 0xD3, 0xC0, 0x03, 0xFF, 0xFE, 0x00, 0x0F, 0xFF, 0xF8, 0x00, 0x7C,
    0xB4, 0xF0, 0x02, 0xE2, 0xD2, 0xD0, 0x0F, 0x0B, 0x47, 0xC0, 0x7C, 0x2D, 0x0F, 0x42, 0xD0, 0xB4,
    0x2E, 0x0F, 0x02, 0xD0, 0x3C, 0x78, 0x0B, 0x40, 0xF7, 0xD0, 0x2D, 0x01, 0xF0, 0x2F, 0xFE, 0x40,
    0xFF, 0xFF, 0xE0, 0xF4, 0x07, 0xF4, 0xF0, 0x00, 0xF8, 0xF0, 0x00, 0xB8, 0x00, 0x00, 0xB8, 0x00,
    0x00, 0xF0, 0x00, 0x07, 0xD0, 0x01, 0xFF, 0x00, 0x01, 0xFF, 0xE0, 0x00, 0x02, 0xF8, 0x00, 0x00,
    0x7C, 0x00, 0x00, 0x3C, 0xF0, 0x00, 0x3C, 0xF0, 0x00, 0x7C, 0xF4, 0x02, 0xF4, 0xFF, 0xFF, 0xE0,
    0x6F, 0xFE, 0x00, 0xB8, 0x00, 0x0B, 0xAE, 0x00, 0x07, 0xEB, 0x80, 0x03, 0xFA, 0xE0, 0x01, 0xFE,
    0xB8, 0x00, 0xFB, 0xAE, 0x00, 0xB6, 0xEB, 0x80, 0x3C, 0xBA, 0xE0, 0x2D, 0x2E, 0xB8, 0x0F, 0x0B,
    0xAE, 0x0B, 0x02, 0xEB, 0x87, 0x80, 0xBA, 0xE3, 0xC0, 0x2E, 0xB9, 0xE0, 0x0B, 0xAE, 0xF0, 0x02,
    0xEB, 0xF4, 0x00, 0xBA, 0xFC, 0x00, 0x2E, 0xBD, 0x00, 0x0B, 0xAE, 0x00, 0x02, 0xE0, 0x02, 0x80,
    0x38, 0x00, 0xF4, 0x2E, 0x00, 0x2F, 0xFF, 0x00, 0x01, 0xFE, 0x00, 0x00, 0x00, 0x00, 0x2E, 0x00,
    0x02, 0xEB, 0x80, 0x01, 0xFA, 0xE0, 0x00, 0xFE, 0xB8, 0x00, 0x7F, 0xAE, 0x00, 0x3E, 0xEB, 0x80,
    0x2D, 0xBA, 0xE0, 0x0F, 0x2E, 0xB8, 0x0B, 0x4B, 0xAE, 0x03, 0xC2, 0xEB, 0x82, 0xC0, 0xBA, 0xE1,
    0xE0, 0x2E, 0xB8, 0xF0, 0x0B, 0xAE, 0x78, 0x02, 0xEB, 0xBC, 0x00, 0xBA, 0xFD, 0x00, 0x2E, 0xBF,
    0x00, 0x0B, 0xAF, 0x40, 0x02, 0xEB, 0x80, 0x00, 0xB8, 0xF0, 0x00, 0x2E, 0x3C, 0x00, 0x1F, 0x0F,
    0x00, 0x0F, 0x43, 0xC0, 0x0F, 0x80, 0xF0, 0x07, 0xC0, 0x3C, 0x03, 0xC0, 0x0F, 0x03, 0xD0, 0x03,
    0xC2, 0xE0, 0x00, 0xFF, 0xF0, 0x00, 0x3F, 0xFE, 0x00, 0x0F, 0x07, 0xD0, 0x03, 0xC0, 0xBC, 0x00,
    0xF0, 0x0F, 0xC0, 0x3C, 0x00, 0xF8, 0x0F, 0x00, 0x1F, 0x43, 0xC0, 0x02, 0xF0, 0xF0, 0x00, 0x3E,
    0x3C, 0x00, 0x03, 0xE0, 0x00, 0xBF, 0xFF, 0xC0, 0x0B, 0xFF, 0xFC, 0x00, 0xB4, 0x03, 0xC0, 0x0F,
    0x00, 0x3C, 0x00, 0xF0, 0x03, 0xC0, 0x0F, 0x00, 0x3C, 0x00, 0xF0, 0x03, 0xC0, 0x0F, 0x00, 0x3C,
    0x00, 0xF0, 0x03, 0xC0, 0x0E, 0x00, 0x3C, 0x01, 0xE0, 0x03, 0xC0, 0x2D, 0x00, 0x3C, 0x02, 0xD0,
    0x03, 0xC0, 0x3C, 0x00, 0x3C, 0x07, 0xC0, 0x03, 0xC0, 0xF4, 0x00, 0x3C, 0xBF, 0x00, 0x03, 0xCF,
    0x80, 0x00, 0x3C, 0xB8, 0x00, 0x0B, 0xAF, 0x40, 0x07, 0xEB, 0xF0, 0x03, 0xFA, 0xFE, 0x01, 0xFE,
    0xBB, 0xC0, 0xFB, 0xAD, 0xBC, 0xB6, 0xEB, 0x8F, 0xBC, 0xBA, 0xE1, 0xFD, 0x2E, 0xB8, 0x3E, 0x0B,
    0xAE, 0x03, 0x02, 0xEB, 0x80, 0x00, 0xBA, 0xE0, 0x00, 0x2E, 0xB8, 0x00, 0x0B, 0xAE, 0x00, 0x02,
    0xEB, 0x80, 0x00, 0xBA, 0xE0, 0x00, 0x2E, 0xB8, 0x00, 0x0B, 0xAE, 0x00, 0x02, 0xE0, 0xB8, 0x00,
    0x0B, 0xAE, 0x00, 0x02, 0xEB, 0x80, 0x00, 0xBA, 0xE0, 0x00, 0x2E, 0xB8, 0x00, 0x0B, 0xAE, 0x00,
    0x02, 0xEB, 0x80, 0x00, 0xBA, 0xE0, 0x00, 0x2E, 0xBF, 0xFF, 0xFF, 0xAF, 0xFF, 0xFF, 0xEB, 0x80,
    0x00, 0xBA, 0xE0, 0x00, 0x2E, 0xB8, 0x00, 0x0B, 0xAE, 0x00, 0x02, 0xEB, 0x80, 0x00, 0xBA, 0xE0,
    0x00, 0x2E, 0xB8, 0x00, 0x0B, 0xAE, 0x00, 0x02, 0xE0, 0x01, 0xBF, 0x90, 0x02, 0xFF, 0xFE, 0x01,
    0xF8, 0x0B, 0xD0, 0xF8, 0x00, 0xBC, 0x3C, 0x00, 0x0F, 0x1E, 0x00, 0x03, 0xDB, 0x80, 0x00, 0xBA,
    0xD0, 0x00, 0x2E, 0xF4, 0x00, 0x07, 0xFD, 0x00, 0x01, 0xFB, 0x80, 0x00, 0x7A, 0xE0, 0x00, 0x2E,
    0xBC, 0x00, 0x0F, 0x5F, 0x00, 0x03, 0xC3, 0xE0, 0x02, 0xF0, 0x7E, 0x02, 0xF4, 0x0B, 0xFF, 0xF8,
    0x00, 0x6F, 0xE4, 0x00, 0x7F, 0xFF, 0xFF, 0x5F, 0xFF, 0xFF, 0xD7, 0xC0, 0x00, 0xF5, 0xF0, 0x00,
    0x3D, 0x7C, 0x00, 0x0F, 0x5F, 0x00, 0x03, 0xD7, 0xC0, 0x00, 0xF5, 0xF0, 0x00, 0x3D, 0x7C, 0x00,
    0x0F, 0x5F, 0x00, 0x03, 0xD7, 0xC0, 0x00, 0xF5, 0xF0, 0x00, 0x3D, 0x7C, 0x00, 0x0F, 0x5F, 0x00,
    0x03, 0xD7, 0xC0, 0x00, 0xF5, 0xF0, 0x00, 0x3D, 0x7C, 0x00, 0x0F, 0x5F, 0x00, 0x03, 0xD0, 0x7F,
    0xFE, 0x40, 0xBF, 0xFF, 0xE0, 0xB8, 0x02, 0xF8, 0xB8, 0x00, 0x7C, 0xB8, 0x00, 0x3D, 0xB8, 0x00,
    0x3D, 0xB8, 0x00, 0x3D, 0xB8, 0x00, 0x7C, 0xB8, 0x06, 0xF4, 0xBF, 0xFF, 0xE0, 0xBF, 0xFE, 0x00,
    0xB8, 0x00, 0x00, 0xB8, 0x00, 0x00, 0xB8, 0x00, 0x00, 0xB8, 0x00, 0x00, 0xB8, 0x00, 0x00, 0xB8,
    0x00, 0x00, 0xB8, 0x00, 0x00, 0x00, 0x2F, 0xFD, 0x00, 0x7F, 0xFF, 0xD0, 0x7F, 0x40, 0xB4, 0x3E,
    0x00, 0x2D, 0x2F, 0x00, 0x0B, 0x4F, 0x40, 0x00, 0x03, 0xC0, 0x00, 0x01, 0xF0, 0x00, 0x00, 0x7C,
    0x00, 0x00, 0x1F, 0x00, 0x00, 0x07, 0xC0, 0x00, 0x00, 0xF0, 0x00, 0x00, 0x3D, 0x00, 0x00, 0x0B,
    0xC0, 0x01, 0xE0, 0xF8, 0x00, 0x78, 0x2F, 0xD0, 0x2E, 0x02, 0xFF, 0xFF, 0x40, 0x0B, 0xFE, 0x00,
    0xFF, 0xFF, 0xFF, 0xFF, 0xFF, 0xFF, 0xFF, 0x02, 0xE0, 0x3F, 0xC0, 0xB8, 0x0F, 0xF0, 0x2E, 0x03,
    0xC0, 0x0B, 0x80, 0x00, 0x02, 0xE0, 0x00, 0x00, 0xB8, 0x00, 0x00, 0x2E, 0x00, 0x00, 0x0B, 0x80,
    0x00, 0x02, 0xE0, 0x00, 0x00, 0xB8, 0x00, 0x00, 0x2E, 0x00, 0x00, 0x0B, 0x80, 0x00, 0x02, 0xE0,
    0x00, 0x00, 0xB8, 0x00, 0x07, 0xFF, 0xF4, 0x01, 0xFF, 0xFD, 0x00, 0x3D, 0x00, 0x00, 0xF0, 0xB8,
    0x00, 0x07, 0xC0, 0xF0, 0x00, 0x2D, 0x03, 0xE0, 0x00, 0xF0, 0x07, 0xC0, 0x03, 0xC0, 0x0F, 0x40,
    0x1E, 0x00, 0x2E, 0x00, 0xB4, 0x00, 0x3C, 0x03, 0xC0, 0x00, 0xB4, 0x0E, 0x00, 0x01, 0xF0, 0xB4,
    0x00, 0x03, 0xD3, 0xC0, 0x00, 0x07, 0xFE, 0x00, 0x00, 0x0F, 0xF4, 0x00, 0x00, 0x03, 0xC0, 0x00,
    0x00, 0x0E, 0x00, 0x00, 0x00, 0xF4, 0x00, 0x00, 0xFF, 0x80, 0x00, 0x03, 0xF8, 0x00, 0x00, 0x00,
    0x0B, 0x80, 0x00, 0x00, 0x2E, 0x00, 0x00, 0x1B, 0xFF, 0x90, 0x02, 0xFF, 0xFF, 0xE0, 0x1F, 0x4B,
    0x4B, 0xD0, 0xF4, 0x2D, 0x07, 0xC3, 0xC0, 0xB4, 0x0F, 0x1F, 0x02, 0xD0, 0x2D, 0x78, 0x0B, 0x40,
    0xB5, 0xE0, 0x2D, 0x02, 0xD7, 0x80, 0xB4, 0x0B, 0x4F, 0x02, 0xD0, 0x3C, 0x3D, 0x0B, 0x41, 0xF0,
    0xBD, 0x2D, 0x1F, 0x40, 0xFF, 0xFF, 0xF8, 0x00, 0x7F, 0xFE, 0x40, 0x00, 0x0B, 0x80, 0x00, 0x00,
    0x2E, 0x00, 0x00, 0x2F, 0x00, 0x01, 0xF0, 0x3D, 0x00, 0x0F, 0x40, 0xBC, 0x00, 0xB8, 0x00, 0xF8,
    0x03, 0xC0, 0x01, 0xF0, 0x3D, 0x00, 0x02, 0xE1, 0xF0, 0x00, 0x03, 0xDF, 0x00, 0x00, 0x0B, 0xF8,
    0x00, 0x00, 0x0F, 0xC0, 0x00, 0x00, 0x3F, 0x40, 0x00, 0x03, 0xEF, 0x00, 0x00, 0x1F, 0x3E, 0x00,
    0x00, 0xF0, 0x7C, 0x00, 0x0B, 0x80, 0xB8, 0x00, 0x7C, 0x00, 0xF4, 0x03, 0xD0, 0x01, 0xF0, 0x2F,
    0x00, 0x03, 0xE0, 0xF0, 0x00, 0x03, 0xC0, 0x7C, 0x00, 0x1F, 0x07, 0xC0, 0x01, 0xF0, 0x7C, 0x00,
    0x1F, 0x07, 0xC0, 0x01, 0xF0, 0x7C, 0x00, 0x1F, 0x07, 0xC0, 0x01, 0xF0, 0x7C, 0x00, 0x1F, 0x07,
    0xC0, 0x01, 0xF0, 0x7C, 0x00, 0x1F, 0x07, 0xC0, 0x01, 0xF0, 0x7C, 0x00, 0x1F, 0x07, 0xC0, 0x01,
    0xF0, 0x7C, 0x00, 0x1F, 0x07, 0xC0, 0x01, 0xF0, 0x7C, 0x00, 0x1F, 0x07, 0xC0, 0x01, 0xF0, 0x7F,
    0xFF, 0xFF, 0xF7, 0xFF, 0xFF, 0xFF, 0x00, 0x00, 0x00, 0xF0, 0x00, 0x00, 0x0F, 0x00, 0x00, 0x00,
    0xF0, 0x00, 0x00, 0x0F, 0xF0, 0x00, 0x3C, 0xF0, 0x00, 0x3C, 0xF0, 0x00, 0x3C, 0xF0, 0x00, 0x3C,
    0xF0, 0x00, 0x3C, 0xF0, 0x00, 0x3C, 0xF0, 0x00, 0x3C, 0xF8, 0x00, 0x3C, 0xBD, 0x01, 0xFC, 0x3F,
    0xFF, 0xFC, 0x0B, 0xFE, 0x3C, 0x00, 0x00, 0x3C, 0x00, 0x00, 0x3C, 0x00, 0x00, 0x3C, 0x00, 0x00,
    0x3C, 0x00, 0x00, 0x3C, 0x00, 0x00, 0x3C, 0x00, 0x00, 0x3C, 0xB0, 0x1D, 0x03, 0xAC, 0x07, 0x40,
    0xEB, 0x01, 0xD0, 0x3A, 0xC0, 0x74, 0x0E, 0xB0, 0x1D, 0x03, 0xAC, 0x07, 0x40, 0xEB, 0x01, 0xD0,
    0x3A, 0xC0, 0x74, 0x0E, 0xB0, 0x1D, 0x03, 0xAC, 0x07, 0x40, 0xEB, 0x01, 0xD0, 0x3A, 0xC0, 0x74,
    0x0E, 0xB0, 0x1D, 0x03, 0xAC, 0x07, 0x40, 0xEB, 0x01, 0xD0, 0x3A, 0xC0, 0x74, 0x0E, 0xBF, 0xFF,
    0xFF, 0xAF, 0xFF, 0xFF, 0xE0, 0xF0, 0x2C, 0x07, 0x4F, 0x02, 0xC0, 0x74, 0xF0, 0x2C, 0x07, 0x4F,
    0x02, 0xC0, 0x74, 0xF0, 0x2C, 0x07, 0x4F, 0x02, 0xC0, 0x74, 0xF0, 0x2C, 0x07, 0x4F, 0x02, 0xC0,
    0x74, 0xF0, 0x2C, 0x07, 0x4F, 0x02, 0xC0, 0x74, 0xF0, 0x2C, 0x07, 0x4F, 0x02, 0xC0, 0x74, 0xF0,
    0x2C, 0x07, 0x4F, 0x02, 0xC0, 0x74, 0xF0, 0x2C, 0x07, 0x4F, 0x02, 0xC0, 0x74, 0xFF, 0xFF, 0xFF,
    0xFF, 0xFF, 0xFF, 0xFF, 0x00, 0x00, 0x00, 0xF0, 0x00, 0x00, 0x0F, 0x00, 0x00, 0x00, 0xF0, 0x00,
    0x00, 0x0F, 0x7F, 0xF0, 0x00, 0x01, 0xFF, 0xC0, 0x00, 0x00, 0x0F, 0x00, 0x00, 0x00, 0x3C, 0x00,
    0x00, 0x00, 0xF0, 0x00, 0x00, 0x03, 0xC0, 0x00, 0x00, 0x0F, 0x00, 0x00, 0x00, 0x3F, 0xFE, 0x40,
    0x00, 0xFF, 0xFF, 0x80, 0x03, 0xC0, 0x2F, 0x80, 0x0F, 0x00, 0x2F, 0x00, 0x3C, 0x00, 0x3C, 0x00,
    0xF0, 0x00, 0xF0, 0x03, 0xC0, 0x03, 0xC0, 0x0F, 0x00, 0x2F, 0x00, 0x3C, 0x02, 0xF4, 0x00, 0xFF,
    0xFF, 0x40, 0x02, 0xFF, 0xE0, 0x00, 0xF4, 0x00, 0x07, 0xFD, 0x00, 0x01, 0xFF, 0x40, 0x00, 0x7F,
    0xD0, 0x00, 0x1F, 0xF4, 0x00, 0x07, 0xFD, 0x00, 0x01, 0xFF, 0x40, 0x00, 0x7F, 0xFF, 0xD0, 0x1F,
    0xFF, 0xFF, 0x07, 0xFD, 0x07, 0xD1, 0xFF, 0x40, 0x7C, 0x7F, 0xD0, 0x0F, 0x1F, 0xF4, 0x03, 0xC7,
    0xFD, 0x00, 0xF1, 0xFF, 0x40, 0xB8, 0x7F, 0xD0, 0x7D, 0x1F, 0xFF, 0xFE, 0x07, 0xEF, 0xF9, 0x01,
    0xF0, 0x3C, 0x00, 0x00, 0x3C, 0x00, 0x00, 0x3C, 0x00, 0x00, 0x3C, 0x00, 0x00, 0x3C, 0x00, 0x00,
    0x3C, 0x00, 0x00, 0x3C, 0x00, 0x00, 0x3F, 0xFF, 0x80, 0x3F, 0xFF, 0xF4, 0x3C, 0x01, 0xFC, 0x3C,
    0x00, 0x3E, 0x3C, 0x00, 0x1F, 0x3C, 0x00, 0x1F, 0x3C, 0x00, 0x2E, 0x3C, 0x00, 0x3D, 0x3C, 0x01,
    0xFC, 0x3F, 0xFF, 0xF0, 0x2F, 0xFE, 0x40, 0x1B, 0xFE, 0x40, 0x0F, 0xFF, 0xF8, 0x03, 0xC0, 0x2F,
    0x80, 0xF0, 0x01, 0xF4, 0x3C, 0x00, 0x1F, 0x00, 0x00, 0x03, 0xC0, 0x00, 0x00, 0xF4, 0x00, 0x00,
    0x2D, 0x00, 0xFF, 0xFF, 0x40, 0x3F, 0xFF, 0xD0, 0x00, 0x00, 0xB4, 0x00, 0x00, 0x2D, 0x00, 0x00,
    0x0F, 0x2D, 0x00, 0x07, 0x8B, 0x40, 0x03, 0xD2, 0xE0, 0x0B, 0xE0, 0x7F, 0xFF, 0xE0, 0x06, 0xFF,
    0x80, 0x00, 0x3C, 0x01, 0xFE, 0x00, 0xF0, 0x1F, 0xFE, 0x03, 0xC0, 0xF4, 0x7D, 0x0F, 0x07, 0xC0,
    0x78, 0x3C, 0x2D, 0x00, 0xF0, 0xF0, 0xB4, 0x03, 0xC3, 0xC3, 0xC0, 0x0F, 0x4F, 0x0F, 0x00, 0x2D,
    0x3F, 0xFC, 0x00, 0xB4, 0xFF, 0xF0, 0x02, 0xD3, 0xC3, 0xC0, 0x0B, 0x4F, 0x0F, 0x00, 0x3D, 0x3C,
    0x3D, 0x00, 0xF0, 0xF0, 0xB8, 0x03, 0xC3, 0xC1, 0xF0, 0x1E, 0x0F, 0x03, 0xE0, 0xF4, 0x3C, 0x07,
    0xFF, 0x80, 0xF0, 0x07, 0xF4, 0x00, 0x00, 0x6F, 0xFD, 0x03, 0xFF, 0xFE, 0x0F, 0xD0, 0x2E, 0x1F,
    0x00, 0x2E, 0x2E, 0x00, 0x2E, 0x2E, 0x00, 0x2E, 0x2E, 0x00, 0x2E, 0x1F, 0x00, 0x2E, 0x0F, 0xD0,
    0x2E, 0x03, 0xFF, 0xFE, 0x00, 0xBF, 0xFE, 0x00, 0xB8, 0x2E, 0x01, 0xF0, 0x2E, 0x03, 0xD0, 0x2E,
    0x0B, 0x80, 0x2E, 0x1F, 0x00, 0x2E, 0x3D, 0x00, 0x2E, 0xBC, 0x00, 0x2E, 0x01, 0xFF, 0x80, 0x03,
    0xFF, 0xFC, 0x00, 0xE0, 0x0B, 0x80, 0x00, 0x00, 0xF0, 0x00, 0x00, 0x3C, 0x00, 0xBF, 0xFF, 0x00,
    0xFF, 0xFF, 0xC0, 0xFD, 0x00, 0xF0, 0x3C, 0x00, 0x3C, 0x0F, 0x00, 0x2F, 0x03, 0xE0, 0x2F, 0xC0,
    0x7F, 0xFD, 0xFE, 0x07, 0xF8, 0x3F, 0x80, 0x00, 0x00, 0x19, 0x00, 0x2F, 0xFF, 0x80, 0x7F, 0xFE,
    0x80, 0x7D, 0x00, 0x00, 0x2C, 0x00, 0x00, 0x0E, 0x1F, 0xF8, 0x07, 0x7F, 0xFF, 0xC1, 0xFD, 0x01,
    0xFC, 0xBD, 0x00, 0x1F, 0x2F, 0x00, 0x03, 0xDB, 0x80, 0x00, 0xBA, 0xE0, 0x00, 0x2E, 0x78, 0x00,
    0x0B, 0x4F, 0x00, 0x03, 0xD3, 0xD0, 0x01, 0xF0, 0x7E, 0x01, 0xF4, 0x0B, 0xFF, 0xF8, 0x00, 0x6F,
    0xE4, 0x00, 0xFF, 0xFE, 0x03, 0xFF, 0xFF, 0x0F, 0x00, 0x7E, 0x3C, 0x00, 0x78, 0xF0, 0x01, 0xD3,
    0xC0, 0x1F, 0x0F, 0xFF, 0xE0, 0x3F, 0xFF, 0xF0, 0xF0, 0x02, 0xF3, 0xC0, 0x03, 0xCF, 0x00, 0x1F,
    0x3F, 0xFF, 0xF8, 0xFF, 0xFE, 0x40, 0x7F, 0xFF, 0xF9, 0xFF, 0xFF, 0xE0, 0xF0, 0x03, 0x83, 0xC0,
    0x0E, 0x0F, 0x00, 0x38, 0x3C, 0x00, 0x00, 0xF0, 0x00, 0x03, 0xC0, 0x00, 0x0F, 0x00, 0x00, 0x3C,
    0x00, 0x00, 0xF0, 0x00, 0x1F, 0xFF, 0xC0, 0x7F, 0xFF, 0x00, 0x00, 0xBF, 0xFF, 0x00, 0x02, 0xFF,
    0xFC, 0x00, 0x0B, 0x00, 0xB0, 0x00, 0x3C, 0x02, 0xC0, 0x00, 0xF0, 0x0B, 0x00, 0x03, 0xC0, 0x2C,
    0x00, 0x1E, 0x00, 0xB0, 0x00, 0x74, 0x02, 0xC0, 0x02, 0xC0, 0x0B, 0x00, 0x0F, 0x00, 0x2C, 0x00,
    0xB4, 0x00, 0xB0, 0x1F, 0xFF, 0xFF, 0xFC, 0x7F, 0xFF, 0xFF, 0xF1, 0xD0, 0x00, 0x02, 0xC7, 0x40,
    0x00, 0x0B, 0x1D, 0x00, 0x00, 0x2C, 0x00, 0xBF, 0xD0, 0x01, 0xFF, 0xFF, 0x01, 0xF8, 0x07, 0xE0,
    0xF4, 0x00, 0x3C, 0x3C, 0x00, 0x0B, 0x1F, 0xFF, 0xFF, 0xD7, 0xFF, 0xFF, 0xF5, 0xE0, 0x00, 0x00,
    0x3C, 0x00, 0x00, 0x0F, 0x40, 0x00, 0x01, 0xF8, 0x01, 0xA0, 0x2F, 0xFF, 0xFC, 0x00, 0xBF, 0xE4,
    0x00, 0x7C, 0x0B, 0x40, 0xF4, 0xF0, 0x2D, 0x03, 0xC1, 0xE0, 0xB4, 0x2D, 0x03, 0xC2, 0xD0, 0xF0,
    0x0B, 0x4B, 0x4B, 0x40, 0x1E, 0x2D, 0x3C, 0x00, 0x3F, 0xFF, 0xE0, 0x00, 0xFF, 0xFF, 0xC0, 0x07,
    0x8B, 0x4F, 0x80, 0x3C, 0x2D, 0x0F, 0x02, 0xE0, 0xB4, 0x2E, 0x0F, 0x02, 0xD0, 0x3C, 0xB8, 0x0B,
    0x40, 0xB8, 0x02, 0xFF, 0xE0, 0x07, 0xFF, 0xFF, 0x01, 0xE0, 0x07, 0xE0, 0x74, 0x00, 0xB4, 0x00,
    0x00, 0x7C, 0x00, 0x0F, 0xF8, 0x00, 0x03, 0xFF, 0xC0, 0x00, 0x00, 0xBC, 0x00, 0x00, 0x0F, 0x05,
    0x00, 0x03, 0xC3, 0xF4, 0x07, 0xF0, 0x7F, 0xFF, 0xF0, 0x01, 0xFF, 0xD0, 0x00, 0xF0, 0x00, 0x7F,
    0xC0, 0x03, 0xFF, 0x00, 0x2F, 0xFC, 0x01, 0xEF, 0xF0, 0x0F, 0x3F, 0xC0, 0xB0, 0xFF, 0x07, 0x83,
    0xFC, 0x3C, 0x0F, 0xF3, 0xC0, 0x3F, 0xED, 0x00, 0xFF, 0xE0, 0x03, 0xFF, 0x00, 0x0F, 0xF4, 0x00,
    0x3C, 0x0A, 0x00, 0xC0, 0x3D, 0x0F, 0x00, 0xBF, 0xF8, 0x00, 0x7F, 0x40, 0x00, 0x00, 0x03, 0xC0,
    0x01, 0xFF, 0x00, 0x0F, 0xFC, 0x00, 0xBF, 0xF0, 0x07, 0xBF, 0xC0, 0x3C, 0xFF, 0x02, 0xC3, 0xFC,
    0x1E, 0x0F, 0xF0, 0xF0, 0x3F, 0xCF, 0x00, 0xFF, 0xB4, 0x03, 0xFF, 0x80, 0x0F, 0xFC, 0x00, 0x3F,
    0xD0, 0x00, 0xF0, 0x78, 0x00, 0xBC, 0x78, 0x02, 0xF0, 0x78, 0x0B, 0xC0, 0x78, 0x1F, 0x00, 0x78,
    0x7C, 0x00, 0x7F, 0xF0, 0x00, 0x7F, 0xF4, 0x00, 0x78, 0xBD, 0x00, 0x78, 0x2F, 0x00, 0x78, 0x0B,
    0xC0, 0x78, 0x03, 0xF0, 0x78, 0x00, 0xFF, 0x78, 0x00, 0x3F, 0x02, 0xFF, 0xFE, 0x02, 0xFF, 0xFE,
    0x02, 0xD0, 0x1E, 0x02, 0xC0, 0x1E, 0x02, 0xC0, 0x1E, 0x03, 0xC0, 0x1E, 0x03, 0xC0, 0x1E, 0x03,
    0xC0, 0x1E, 0x03, 0xC0, 0x1E, 0x07, 0x80, 0x1E, 0x0F, 0x00, 0x1E, 0xFE, 0x00, 0x1E, 0xF8, 0x00,
    0x1E, 0x7C, 0x00, 0x0F, 0x5F, 0x80, 0x0B, 0xD7, 0xF0, 0x03, 0xF5, 0xFF, 0x02, 0xFD, 0x77, 0xD1,
    0xEB, 0x5D, 0x3C, 0xF2, 0xD7, 0x4B, 0xF4, 0xB5, 0xD0, 0xF8, 0x2D, 0x74, 0x1C, 0x0B, 0x5D, 0x00,
    0x02, 0xD7, 0x40, 0x00, 0xB5, 0xD0, 0x00, 0x2D, 0x74, 0x00, 0x0B, 0x40, 0xF0, 0x00, 0x3F, 0xC0,
    0x00, 0xFF, 0x00, 0x03, 0xFC, 0x00, 0x0F, 0xF0, 0x00, 0x3F, 0xFF, 0xFF, 0xFF, 0xFF, 0xFF, 0xFC,
    0x00, 0x0F, 0xF0, 0x00, 0x3F, 0xC0, 0x00, 0xFF, 0x00, 0x03, 0xFC, 0x00, 0x0F, 0xF0, 0x00, 0x3C,
    0x01, 0xBF, 0x90, 0x02, 0xFF, 0xFE, 0x02, 0xF4, 0x0B, 0xE0, 0xF4, 0x00, 0x7C, 0x7C, 0x00, 0x0F,
    0x6E, 0x00, 0x02, 0xEB, 0x80, 0x00, 0x7A, 0xE0, 0x00, 0x2E, 0x7C, 0x00, 0x0F, 0x4F, 0x40, 0x03,
    0xC2, 0xF8, 0x07, 0xE0, 0x2F, 0xFF, 0xE0, 0x01, 0xBF, 0x90, 0x00, 0xBF, 0xFF, 0xFA, 0xFF, 0xFF,
    0xEB, 0x00, 0x07, 0xAC, 0x00, 0x1E, 0xB0, 0x00, 0x7A, 0xC0, 0x01, 0xEB, 0x00, 0x07, 0xAC, 0x00,
    0x1E, 0xB0, 0x00, 0x7A, 0xC0, 0x01, 0xEB, 0x00, 0x07, 0xAC, 0x00, 0x1E, 0xB0, 0x00, 0x78, 0x7F,
    0x0B, 0xF9, 0x07, 0xF7, 0xFF, 0xF4, 0x0B, 0xF4, 0x0B, 0xC0, 0xBC, 0x00, 0x3E, 0x0B, 0x40, 0x01,
    0xE0, 0xB4, 0x00, 0x1F, 0x0B, 0x40, 0x00, 0xF0, 0xB4, 0x00, 0x1E, 0x0B, 0x40, 0x02, 0xE0, 0xB4,
    0x00, 0x3C, 0x0B, 0x90, 0x1F, 0x80, 0xBF, 0xFF, 0xE0, 0x0B, 0xBF, 0xE4, 0x00, 0xB4, 0x00, 0x00,
    0x0B, 0x40, 0x00, 0x00, 0xB4, 0x00, 0x00, 0x0B, 0x40, 0x00, 0x00, 0xB4, 0x00, 0x00, 0x00, 0xBF,
    0xE4, 0x02, 0xFF, 0xFF, 0xC1, 0xF8, 0x01, 0xF0, 0xF4, 0x00, 0x3C, 0x7C, 0x00, 0x0F, 0x1E, 0x00,
    0x00, 0x07, 0x80, 0x00, 0x01, 0xE0, 0x00, 0x00, 0x3C, 0x00, 0x00, 0x0F, 0x80, 0x00, 0x01, 0xFD,
    0x00, 0x70, 0x1F, 0xFF, 0xFC, 0x00, 0xBF, 0xE4, 0x00, 0xBF, 0xFF, 0xFF, 0xAF, 0xFF, 0xFF, 0xEB,
    0x01, 0xD0, 0x3A, 0xC0, 0x74, 0x0E, 0xB0, 0x1D, 0x03, 0x80, 0x07, 0x40, 0x00, 0x01, 0xD0, 0x00,
    0x00, 0x74, 0x00, 0x00, 0x1D, 0x00, 0x00, 0x07, 0x40, 0x00, 0x01, 0xD0, 0x00, 0x2F, 0xFF, 0xE0,
    0x0B, 0xFF, 0xF8, 0x00, 0xB8, 0x00, 0x07, 0x8F, 0x00, 0x02, 0xD3, 0xD0, 0x00, 0xF0, 0x7C, 0x00,
    0x3C, 0x0F, 0x00, 0x1D, 0x02, 0xE0, 0x0B, 0x00, 0x3C, 0x03, 0xC0, 0x0F, 0x41, 0xE0, 0x01, 0xF0,
    0xB4, 0x00, 0x3C, 0x3C, 0x00, 0x0B, 0x8E, 0x00, 0x00, 0xFF, 0x40, 0x00, 0x3F, 0xC0, 0x00, 0x00,
    0xF0, 0x00, 0x00, 0x74, 0x00, 0x10, 0x7C, 0x00, 0x0F, 0xFD, 0x00, 0x02, 0xFD, 0x00, 0x00, 0x00,
    0x7F, 0x40, 0x00, 0x01, 0xFD, 0x00, 0x00, 0x00, 0x74, 0x00, 0x00, 0x01, 0xD0, 0x00, 0x00, 0x07,
    0x40, 0x00, 0x0B, 0xFF, 0xFD, 0x00, 0xFF, 0xFF, 0xFD, 0x0B, 0xC1, 0xD0, 0xBC, 0x3C, 0x07, 0x40,
    0xF1, 0xF0, 0x1D, 0x02, 0xD7, 0x80, 0x74, 0x0B, 0x5E, 0x01, 0xD0, 0x2D, 0x78, 0x07, 0x40, 0xB5,
    0xF0, 0x1D, 0x03, 0xC3, 0xC0, 0x74, 0x0F, 0x0F, 0xC1, 0xD0, 0xF8, 0x1F, 0xFF, 0xFF, 0xC0, 0x1F,
    0xFF, 0xF8, 0x00, 0x00, 0x74, 0x00, 0x00, 0x01, 0xD0, 0x00, 0x00, 0x07, 0x40, 0x00, 0x00, 0x1D,
    0x00, 0x00, 0x00, 0x74, 0x00, 0x00, 0x3D, 0x00, 0x0F, 0x07, 0xC0, 0x0F, 0x40, 0xBC, 0x0B, 0x80,
    0x0F, 0x87, 0xC0, 0x00, 0xF7, 0xC0, 0x00, 0x1F, 0xD0, 0x00, 0x03, 0xF0, 0x00, 0x02, 0xFE, 0x00,
    0x01, 0xF3, 0xD0, 0x00, 0xF0, 0x3C, 0x00, 0xF4, 0x07, 0xC0, 0xB8, 0x00, 0xB8, 0x7C, 0x00, 0x0F,
    0x40, 0xF0, 0x00, 0x78, 0x3C, 0x00, 0x1E, 0x0F, 0x00, 0x07, 0x83, 0xC0, 0x01, 0xE0, 0xF0, 0x00,
    0x78, 0x3C, 0x00, 0x1E, 0x0F, 0x00, 0x07, 0x83, 0xC0, 0x01, 0xE0, 0xF0, 0x00, 0x78, 0x3C, 0x00,
    0x1E, 0x0F, 0x00, 0x07, 0x83, 0xFF, 0xFF, 0xFE, 0xFF, 0xFF, 0xFF, 0x80, 0x00, 0x00, 0xE0, 0x00,
    0x00, 0x38, 0x00, 0x00, 0x0E, 0xF0, 0x00, 0xF3, 0xC0, 0x03, 0xCF, 0x00, 0x0F, 0x2C, 0x00, 0x3C,
    0xB4, 0x00, 0xF2, 0xF0, 0x07, 0xC3, 0xFF, 0xFF, 0x02, 0xFF, 0x7C, 0x00, 0x00, 0xF0, 0x00, 0x03,
    0xC0, 0x00, 0x0F, 0x00, 0x00, 0x3C, 0x00, 0x00, 0xF0, 0xB0, 0x1D, 0x03, 0xAC, 0x07, 0x40, 0xEB,
    0x01, 0xD0, 0x3A, 0xC0, 0x74, 0x0E, 0xB0, 0x1D, 0x03, 0xAC, 0x07, 0x40, 0xEB, 0x01, 0xD0, 0x3A,
    0xC0, 0x74, 0x0E, 0xB0, 0x1D, 0x03, 0xAC, 0x07, 0x40, 0xEB, 0x01, 0xD0, 0x3A, 0xFF, 0xFF, 0xFE,
    0xBF, 0xFF, 0xFF, 0x80, 0x78, 0x1D, 0x0B, 0x47, 0x81, 0xD0, 0xB4, 0x78, 0x1D, 0x0B, 0x47, 0x81,
    0xD0, 0xB4, 0x78, 0x1D, 0x0B, 0x47, 0x81, 0xD0, 0xB4, 0x78, 0x1D, 0x0B, 0x47, 0x81, 0xD0, 0xB4,
    0x78, 0x1D, 0x0B, 0x47, 0x81, 0xD0, 0xB4, 0x78, 0x1D, 0x0B, 0x47, 0xFF, 0xFF, 0xFF, 0x7F, 0xFF,
    0xFF, 0xF0, 0x00, 0x00, 0x0F, 0x00, 0x00, 0x00, 0xF0, 0x00, 0x00, 0x0F, 0xFF, 0xC0, 0x00, 0x3F,
    0xF0, 0x00, 0x00, 0x3C, 0x00, 0x00, 0x0F, 0x00, 0x00, 0x03, 0xC0, 0x00, 0x00, 0xFF, 0xFE, 0x00,
    0x3F, 0xFF, 0xF0, 0x0F, 0x00, 0x7E, 0x03, 0xC0, 0x07, 0xC0, 0xF0, 0x01, 0xF0, 0x3C, 0x01, 0xF8,
    0x0F, 0xFF, 0xFC, 0x02, 0xFF, 0xE4, 0x00, 0xF0, 0x00, 0x03, 0xFC, 0x00, 0x00, 0xFF, 0x00, 0x00,
    0x3F, 0xC0, 0x00, 0x0F, 0xF0, 0x00, 0x03, 0xFF, 0xFE, 0x00, 0xFF, 0xFF, 0xF0, 0x3F, 0xD0, 0x7E,
    0x0F, 0xF0, 0x07, 0xC3, 0xFC, 0x01, 0xF0, 0xFF, 0x40, 0xF8, 0x3F, 0xFF, 0xFC, 0x0F, 0xBF, 0xF8,
    0x03, 0xC0, 0x38, 0x00, 0x00, 0x38, 0x00, 0x00, 0x38, 0x00, 0x00, 0x38, 0x00, 0x00, 0x38, 0x00,
    0x00, 0x3F, 0xFF, 0x80, 0x3F, 0xFF, 0xF4, 0x3C, 0x01, 0xFC, 0x38, 0x00, 0x3C, 0x38, 0x00, 0x3C,
    0x3C, 0x01, 0xFC, 0x3F, 0xFF, 0xF4, 0x3F, 0xFF, 0x80, 0x0B, 0xFF, 0x80, 0x07, 0xFF, 0xFD, 0x01,
    0xD0, 0x0B, 0xD0, 0x00, 0x00, 0x3C, 0x00, 0x00, 0x0B, 0x40, 0x1F, 0xFF, 0xD0, 0x07, 0xFF, 0xF8,
    0x00, 0x00, 0x2D, 0x00, 0x00, 0x0F, 0x00, 0x00, 0x07, 0xC2, 0x90, 0x1B, 0xD0, 0xFF, 0xFF, 0xD0,
    0x06, 0xFF, 0x80, 0x00, 0xF0, 0x0B, 0xF8, 0x0F, 0x02, 0xFF, 0xF0, 0xF0, 0x3D, 0x0F, 0x4F, 0x0B,
    0x80, 0x7C, 0xF0, 0xB4, 0x03, 0xCF, 0xFF, 0x00, 0x3C, 0xFF, 0xF0, 0x03, 0xCF, 0x0B, 0x00, 0x3C,
    0xF0, 0xB4, 0x03, 0xCF, 0x07, 0x80, 0x78, 0xF0, 0x3D, 0x0F, 0x4F, 0x02, 0xFF, 0xF0, 0xF0, 0x07,
    0xF8, 0x00, 0x00, 0xBF, 0xF8, 0x07, 0xFF, 0xFC, 0x0F, 0x90, 0x3C, 0x1F, 0x00, 0x3C, 0x1F, 0x00,
    0x3C, 0x0F, 0x80, 0x3C, 0x0B, 0xFF, 0xFC, 0x01, 0xFF, 0xFC, 0x01, 0xF0, 0x3C, 0x03, 0xD0, 0x3C,
    0x0B, 0x80, 0x3C, 0x7F, 0x00, 0x3C, 0x7D, 0x00, 0x3C, 0x07, 0x80, 0xB4, 0x02, 0xF0, 0x3E, 0x00,
    0x78, 0x0B, 0x40, 0x00, 0x00, 0x00, 0x00, 0x00, 0x00, 0x00, 0x2F, 0xF4, 0x00, 0x7F, 0xFF, 0xC0,
    0x7E, 0x01, 0xF8, 0x3D, 0x00, 0x0F, 0x0F, 0x00, 0x02, 0xC7, 0xFF, 0xFF, 0xF5, 0xFF, 0xFF, 0xFD,
    0x78, 0x00, 0x00, 0x0F, 0x00, 0x00, 0x03, 0xD0, 0x00, 0x00, 0x7E, 0x00, 0x68, 0x0B, 0xFF, 0xFF,
    0x00, 0x2F, 0xF9, 0x00, 0x0B, 0x40, 0x00, 0x02, 0xD0, 0x00, 0x00, 0xB4, 0x00, 0x00, 0x2D, 0x00,
    0x00, 0x0B, 0x40, 0x00, 0x2F, 0xFF, 0xD0, 0x0B, 0xFF, 0xF4, 0x00, 0x2D, 0x00, 0x00, 0x0B, 0x40,
    0x00, 0x02, 0xD2, 0xFE, 0x00, 0xBB, 0xFF, 0xF0, 0x2F, 0xD0, 0xBC, 0x0B, 0xC0, 0x0F, 0x42, 0xE0,
    0x02, 0xD0, 0xB4, 0x00, 0xB4, 0x2D, 0x00, 0x2E, 0x0B, 0x40, 0x0B, 0x82, 0xD0, 0x02, 0xE0, 0x00,
    0x00, 0xB4, 0x00, 0x00, 0x2D, 0x00, 0x00, 0x1F, 0x40, 0x00, 0x2F, 0xC0, 0x00, 0x0B, 0xC0, 0x00,
    0x0F, 0x40, 0x00, 0xB8, 0x00, 0x03, 0xC0, 0x00, 0x1C, 0x00, 0x00, 0x00, 0x01, 0xFF, 0xFF, 0xE7,
    0xFF, 0xFF, 0x83, 0xC0, 0x0E, 0x0F, 0x00, 0x38, 0x3C, 0x00, 0xE0, 0xF0, 0x00, 0x03, 0xC0, 0x00,
    0x0F, 0x00, 0x00, 0x3C, 0x00, 0x00, 0xF0, 0x00, 0x03, 0xC0, 0x00, 0x7F, 0xFF, 0x01, 0xFF, 0xFC,
    0x00, 0x00, 0xBF, 0xF8, 0x02, 0xFF, 0xFF, 0xC1, 0xF8, 0x01, 0xF0, 0xF4, 0x00, 0x3C, 0x7C, 0x00,
    0x00, 0x1F, 0xFF, 0xD0, 0x07, 0xFF, 0xF4, 0x01, 0xE0, 0x00, 0x00, 0x3C, 0x00, 0x00, 0x0F, 0x80,
    0x00, 0x01, 0xFD, 0x00, 0x70, 0x1F, 0xFF, 0xFC, 0x00, 0xBF, 0xE4, 0x00, 0x06, 0xFF, 0x40, 0xBF,
    0xFF, 0xD3, 0xD0, 0x1B, 0x1E, 0x00, 0x00, 0x3C, 0x00, 0x00, 0xBF, 0x90, 0x00, 0x2F, 0xFD, 0x00,
    0x01, 0xBD, 0x00, 0x00, 0x7C, 0x40, 0x00, 0xFB, 0xD0, 0x1F, 0x8F, 0xFF, 0xFC, 0x06, 0xFF, 0x40,
    0x00, 0x7C, 0x00, 0x00, 0xBE, 0x00, 0x00, 0x7C, 0x00, 0x00, 0x00, 0x00, 0x00, 0x00, 0x00, 0x7F,
    0xFC, 0x00, 0x7F, 0xFC, 0x00, 0x00, 0x3C, 0x00, 0x00, 0x3C, 0x00, 0x00, 0x3C, 0x00, 0x00, 0x3C,
    0x00, 0x00, 0x3C, 0x00, 0x00, 0x3C, 0x00, 0x00, 0x3C, 0x00, 0x00, 0x3C, 0x00, 0x00, 0x3C, 0x00,
    0x7F, 0xFF, 0xFC, 0x7F, 0xFF, 0xFC, 0x1E, 0x02, 0xD0, 0x2F, 0x03, 0xE0, 0x1E, 0x02, 0xD0, 0x00,
    0x00, 0x00, 0x00, 0x00, 0x00, 0x7F, 0xFC, 0x00, 0x7F, 0xFC, 0x00, 0x00, 0x3C, 0x00, 0x00, 0x3C,
    0x00, 0x00, 0x3C, 0x00, 0x00, 0x3C, 0x00, 0x00, 0x3C, 0x00, 0x00, 0x3C, 0x00, 0x00, 0x3C, 0x00,
    0x00, 0x3C, 0x00, 0x00, 0x3C, 0x00, 0x7F, 0xFF, 0xFC, 0x7F, 0xFF, 0xFC, 0x00, 0x03, 0xC0, 0x00,
    0xBE, 0x00, 0x03, 0xC0, 0x00, 0x00, 0x00, 0x00, 0x02, 0xFF, 0xFD, 0x2F, 0xFF, 0xD0, 0x00, 0x2D,
    0x00, 0x02, 0xD0, 0x00, 0x2D, 0x00, 0x02, 0xD0, 0x00, 0x2D, 0x00, 0x02, 0xD0, 0x00, 0x2D, 0x00,
    0x02, 0xD0, 0x00, 0x2D, 0x00, 0x02, 0xD0, 0x00, 0x2D, 0x00, 0x02, 0xD0, 0x00, 0x3C, 0x38, 0x0B,
    0xC7, 0xFF, 0xF4, 0x0B, 0xF8, 0x00, 0x03, 0xFF, 0xD0, 0x00, 0x0F, 0xFF, 0x40, 0x00, 0x3C, 0x2D,
    0x00, 0x00, 0xF0, 0xB4, 0x00, 0x03, 0xC2, 0xD0, 0x00, 0x0E, 0x0B, 0xFF, 0x00, 0x38, 0x2F, 0xFF,
    0x01, 0xE0, 0xB4, 0x3D, 0x07, 0x42, 0xD0, 0x78, 0x2C, 0x0B, 0x41, 0xE0, 0xF0, 0x2D, 0x0F, 0x6F,
    0x40, 0xBF, 0xFC, 0xB8, 0x02, 0xFF, 0x80, 0xB4, 0x07, 0x80, 0x02, 0xD0, 0x1E, 0x00, 0x0B, 0x40,
    0x78, 0x00, 0x2D, 0x01, 0xE0, 0x00, 0xB4, 0x07, 0x80, 0x02, 0xFF, 0xFF, 0xFE, 0x0B, 0xFF, 0xFF,
    0xFF, 0x2D, 0x01, 0xE0, 0x3E, 0xB4, 0x07, 0x80, 0x7E, 0xD0, 0x1E, 0x01, 0xEB, 0x40, 0x78, 0x0F,
    0xAD, 0x01, 0xFF, 0xFC, 0xB4, 0x07, 0xFF, 0x80, 0x0B, 0x40, 0x00, 0x02, 0xD0, 0x00, 0x00, 0xB4,
    0x00, 0x00, 0x2D, 0x00, 0x00, 0x0B, 0x40, 0x00, 0x2F, 0xFF, 0xD0, 0x0B, 0xFF, 0xF4, 0x00, 0x2D,
    0x00, 0x00, 0x0B, 0x40, 0x00, 0x02, 0xD2, 0xFE, 0x00, 0xBB, 0xFF, 0xF0, 0x2F, 0xD0, 0xBC, 0x0B,
    0xC0, 0x0F, 0x42, 0xE0, 0x02, 0xD0, 0xB4, 0x00, 0xB4, 0x2D, 0x00, 0x2E, 0x0B, 0x40, 0x0B, 0x82,
    0xD0, 0x02, 0xE0, 0x00, 0x2F, 0x00, 0x00, 0x3C, 0x00, 0x00, 0xB4, 0x00, 0x00, 0xE0, 0x00, 0x00,
    0x00, 0x00, 0x78, 0x00, 0xBC, 0x78, 0x02, 0xF0, 0x78, 0x0B, 0xC0, 0x78, 0x1F, 0x00, 0x78, 0x7C,
    0x00, 0x7F, 0xF0, 0x00, 0x7F, 0xF4, 0x00, 0x78, 0xBD, 0x00, 0x78, 0x2F, 0x00, 0x78, 0x0B, 0xC0,
    0x78, 0x03, 0xF0, 0x78, 0x00, 0xFF, 0x78, 0x00, 0x3F, 0x02, 0x80, 0x34, 0x00, 0xF8, 0x2D, 0x00,
    0x1F, 0xFF, 0x00, 0x01, 0xBE, 0x00, 0x00, 0x00, 0x00, 0x2E, 0x00, 0x01, 0xE3, 0xC0, 0x00, 0xB4,
    0xF4, 0x00, 0x3C, 0x1F, 0x00, 0x0F, 0x03, 0xC0, 0x07, 0x40, 0xB8, 0x02, 0xC0, 0x0F, 0x00, 0xF0,
    0x03, 0xD0, 0x78, 0x00, 0x7C, 0x2D, 0x00, 0x0F, 0x0F, 0x00, 0x02, 0xE3, 0x80, 0x00, 0x3F, 0xD0,
    0x00, 0x0F, 0xF0, 0x00, 0x00, 0x3C, 0x00, 0x00, 0x1D, 0x00, 0x04, 0x1F, 0x00, 0x03, 0xFF, 0x40,
    0x00, 0xBF, 0x40, 0x00, 0xB8, 0x00, 0xBA, 0xE0, 0x02, 0xEB, 0x80, 0x0B, 0xAE, 0x00, 0x2E, 0xB8,
    0x00, 0xBA, 0xE0, 0x02, 0xEB, 0x80, 0x0B, 0xAE, 0x00, 0x2E, 0xB8, 0x00, 0xBA, 0xE0, 0x02, 0xEB,
    0x80, 0x0B, 0xAF, 0xFF, 0xFE, 0xBF, 0xFF, 0xF8, 0x01, 0xD0, 0x00, 0x07, 0x40, 0x00, 0x1D, 0x00,
    0x00, 0x74, 0x00, 0x00, 0x00, 0x03, 0xC0, 0x00, 0x00, 0xF0, 0x00, 0x00, 0x3D, 0xFF, 0xFF, 0xFF,
    0x7F, 0xFF, 0xFF, 0xC0, 0xF0, 0x00, 0x00, 0x3C, 0x00, 0x00, 0x0F, 0x00, 0x00, 0x03, 0xC0, 0x00,
    0x00, 0xF0, 0x00, 0x00, 0x3C, 0x00, 0x00, 0x0F, 0x00, 0x00, 0x03, 0xC0, 0x00, 0x00, 0xF0, 0x00,
    0x00, 0x3C, 0x00, 0x00, 0x0F, 0x00, 0x00, 0x03, 0xC0, 0x00, 0x00, 0xF0, 0x00, 0x00, 0x3C, 0x00,
    0x01, 0xFF, 0xFF, 0x40, 0x7F, 0xFF, 0xD0, 0x00, 0x00, 0x00, 0x38, 0x00, 0x00, 0xE0, 0x00, 0x03,
    0x9F, 0xFF, 0xFE, 0x7F, 0xFF, 0xF8, 0x3C, 0x00, 0x00, 0xF0, 0x00, 0x03, 0xC0, 0x00, 0x0F, 0x00,
    0x00, 0x3C, 0x00, 0x00, 0xF0, 0x00, 0x03, 0xC0, 0x00, 0x0F, 0x00, 0x00, 0x3C, 0x00, 0x07, 0xFF,
    0xF0, 0x1F, 0xFF, 0xC0, 0xBC, 0x00, 0x00, 0xB8, 0xF4, 0x00, 0x07, 0xC1, 0xF0, 0x00, 0x3D, 0x03,
    0xE0, 0x01, 0xF0, 0x07, 0xC0, 0x0F, 0x40, 0x0F, 0x80, 0x7C, 0x00, 0x0F, 0x43, 0xC0, 0x00, 0x2F,
    0x2E, 0x00, 0x00, 0x3E, 0xF0, 0x00, 0x00, 0xBF, 0x80, 0x00, 0x00, 0xFC, 0x00, 0x01, 0xFF, 0xFF,
    0xD0, 0x07, 0xFF, 0xFF, 0x40, 0x00, 0x2E, 0x00, 0x00, 0x00, 0xB8, 0x00, 0x00, 0x02, 0xE0, 0x00,
    0x00, 0x0B, 0x80, 0x00, 0x00, 0x2E, 0x00, 0x00, 0xB8, 0x00, 0x07, 0x9F, 0x00, 0x03, 0xD3, 0xD0,
    0x00, 0xF0, 0x7C, 0x00, 0xB4, 0x0F, 0x00, 0x3C, 0x02, 0xE0, 0x1E, 0x00, 0x3C, 0x0B, 0x40, 0x0F,
    0x43, 0xC0, 0x01, 0xF1, 0xD0, 0x00, 0x3C, 0xF0, 0x00, 0x0B, 0xF8, 0x00, 0x00, 0xFC, 0x00, 0x00,
    0x3F, 0x00, 0x01, 0xFF, 0xFE, 0x00, 0x7F, 0xFF, 0x80, 0x00, 0x78, 0x00, 0x00, 0x1E, 0x00, 0x00,
    0x07, 0x80, 0x00, 0xFF, 0xFF, 0xFF, 0xFF, 0xFF, 0xF0, 0xFF, 0xFF, 0xFF, 0xFF, 0xFF, 0xFF, 0xFF,
    0xF0, 0x06, 0x07, 0x43, 0x80, 0xF8, 0x3F, 0x0B, 0x80, 0x2E, 0x0F, 0xC2, 0xF0, 0x2C, 0x1D, 0x0A,
    0x00, 0x2E, 0x0F, 0xC2, 0xF0, 0x2C, 0x1D, 0x0A, 0x00, 0x0D, 0x03, 0x4F, 0x03, 0xCB, 0x02, 0xC2,
    0xF4, 0xBD, 0xBE, 0x2F, 0x8F, 0x43, 0xD0, 0x7C, 0x1F, 0x2F, 0x8B, 0xE7, 0xE1, 0xF8, 0x38, 0x0E,
    0x3C, 0x0F, 0x1C, 0x07, 0x00, 0x7C, 0x1F, 0x2F, 0x8B, 0xE7, 0xE1, 0xF8, 0x38, 0x0E, 0x3C, 0x0F,
    0x1C, 0x07, 0x00, 0x1F, 0xD1, 0xFF, 0xDF, 0xFF, 0xFF, 0xFF, 0xFF, 0xFD, 0xFF, 0xD1, 0xFD, 0x00,
    0x3D, 0x02, 0xE0, 0x1F, 0x1F, 0xC0, 0xFC, 0x0F, 0xD3, 0xD0, 0x2E, 0x01, 0xF0, 0x00, 0x60, 0x03,
    0xD0, 0x2E, 0x02, 0xF0, 0x1F, 0x00, 0xF4, 0x0B, 0xC0, 0x0F, 0x40, 0x0F, 0x00, 0x1F, 0x00, 0x2F,
    0x00, 0x3E, 0x00, 0x20, 0x24, 0x01, 0xF0, 0x02, 0xE0, 0x03, 0xD0, 0x03, 0xD0, 0x07, 0xC0, 0x0F,
    0x80, 0x7C, 0x07, 0xC0, 0x3D, 0x03, 0xE0, 0x2F, 0x00, 0x20, 0x00, 0x00, 0x00, 0x00, 0x60, 0x00,
    0x00, 0x03, 0xC0, 0x00, 0x00, 0x3C, 0x00, 0x00, 0x02, 0xD0, 0x00, 0x00, 0x1E, 0x00, 0x00, 0x00,
    0xF0, 0x00, 0x00, 0x0B, 0x00, 0x00, 0x00, 0x78, 0x00, 0x00, 0x03, 0xC0, 0x00, 0x00, 0x3C, 0x00,
    0x00, 0x02, 0xD0, 0x00, 0x00, 0x1E, 0x00, 0x00, 0x00, 0xF0, 0x00, 0x00, 0x0B, 0x40, 0x00, 0x00,
    0x78, 0x00, 0x00, 0x03, 0xC0, 0x00, 0x00, 0x3C, 0x00, 0x00, 0x00, 0x90, 0x00, 0x00, 0x00, 0x00,
    0x0B, 0xFF, 0x40, 0x2F, 0xFF, 0xD0, 0x1F, 0x80, 0x10, 0x0F, 0x40, 0x00, 0x0B, 0x80, 0x00, 0x03,
    0xD0, 0x00, 0x0B, 0xFF, 0xFF, 0xC3, 0xFF, 0xFF, 0xF0, 0x0F, 0x00, 0x00, 0x03, 0xC0, 0x00, 0x0B,
    0xFF, 0xFF, 0x03, 0xFF, 0xFF, 0xC0, 0x0F, 0x40, 0x00, 0x02, 0xE0, 0x00, 0x00, 0x7D, 0x00, 0x00,
    0x0B, 0xE4, 0x05, 0x00, 0xBF, 0xFF, 0xC0, 0x06, 0xFF, 0x90, 0x03, 0x00, 0x2E, 0x02, 0xB9, 0x04,
    0xC4, 0x03, 0x00, 0x0C, 0x00, 0x30, 0x00, 0xC0, 0x03, 0x00, 0x0C, 0x00, 0x30, 0x00, 0xC0, 0x03,
    0x00, 0x0C, 0x00, 0x03, 0x00, 0x0C, 0x00, 0x30, 0x00, 0xC0, 0x03, 0x00, 0x0C, 0x00, 0x30, 0x00,
    0xC0, 0x03, 0x00, 0x0C, 0x01, 0x31, 0x06, 0xE4, 0x0B, 0x80, 0x0C, 0x00, 0x7F, 0xFF, 0xFF, 0x5F,
    0xFF, 0xFF, 0xD0, 0x00, 0x00, 0x00, 0x60, 0x00, 0x00, 0x03, 0xC0, 0x00, 0x00, 0x3C, 0x00, 0x00,
    0x02, 0xD0, 0x00, 0x00, 0x1E, 0x00, 0x00, 0x00, 0xF0, 0x00, 0x00, 0x0B, 0x00, 0x00, 0x00, 0x78,
    0x00, 0x00, 0x03, 0xC0, 0x00, 0x00, 0x3C, 0x00, 0x00, 0x02, 0xD0, 0x00, 0x00, 0x1E, 0x00, 0x00,
    0x00, 0xF0, 0x00, 0x00, 0x0B, 0x40, 0x00, 0x00, 0x78, 0x00, 0x00, 0x03, 0xC0, 0x00, 0x00, 0x3C,
    0x00, 0x00, 0x00, 0x90, 0x00, 0x00, 0x00,
};

static const EpdGlyph PROGMEM pt_mono_12_2bGlyphs[] = {
    { 0, 0, 15, 0, 0, 0, 0 }, //  
    { 3, 18, 15, 6, 18, 14, 0 }, // !
    { 9, 8, 15, 3, 18, 18, 14 }, // "
    { 15, 15, 15, 0, 16, 57, 32 }, // #
    { 11, 22, 15, 2, 20, 61, 89 }, // $
    { 15, 18, 15, 0, 18, 68, 150 }, // %
    { 15, 18, 15, 0, 18, 68, 218 }, // &
    { 3, 8, 15, 6, 18, 6, 286 }, // '
    { 11, 23, 15, 2, 18, 64, 292 }, // (
    { 11, 23, 15, 2, 18, 64, 356 }, // )
    { 13, 12, 15, 1, 19, 39, 420 }, // *
    { 13, 14, 15, 1, 15, 46, 459 }, // +
    { 5, 6, 15, 5, 3, 8, 505 }, // ,
    { 9, 2, 15, 3, 8, 5, 513 }, // -
    { 5, 3, 15, 5, 3, 4, 518 }, // .
    { 11, 22, 15, 2, 18, 61, 522 }, // /
    { 13, 18, 15, 1, 18, 59, 583 }, // 0
    { 11, 18, 15, 2, 18, 50, 642 }, // 1
    { 13, 18, 15, 1, 18, 59, 692 }, // 2
    { 11, 18, 15, 2, 18, 50, 751 }, // 3
    { 14, 18, 15, 1, 18, 63, 801 }, // 4
    { 11, 18, 15, 2, 18, 50, 864 }, // 5
    { 13, 18, 15, 1, 18, 59, 914 }, // 6
    { 12, 18, 15, 1, 18, 54, 973 }, // 7
    { 13, 18, 15, 1, 18, 59, 1027 }, // 8
    { 13, 18, 15, 1, 18, 59, 1086 }, // 9
    { 5, 13, 15, 5, 13, 17, 1145 }, // :
    { 5, 16, 15, 5, 13, 20, 1162 }, // ;
    { 13, 15, 15, 1, 16, 49, 1182 }, // <
    { 13, 6, 15, 1, 11, 20, 1231 }, // =
    { 13, 15, 15, 1, 16, 49, 1251 }, // >
    { 13, 18, 15, 1, 18, 59, 1300 }, // ?
    { 15, 19, 15, 0, 14, 72, 1359 }, // @
    { 15, 18, 15, 0, 18, 68, 1431 }, // A
    { 12, 18, 15, 2, 18, 54, 1499 }, // B
    { 13, 18, 15, 1, 18, 59, 1553 }, // C
    { 12, 18, 15, 2, 18, 54, 1612 }, // D
    { 12, 18, 15, 2, 18, 54, 1666 }, // E
    { 11, 18, 15, 2, 18, 50, 1720 }, // F
    { 13, 18, 15, 1, 18, 59, 1770 }, // G
    { 13, 18, 15, 1, 18, 59, 1829 }, // H
    { 13, 18, 15, 1, 18, 59, 1888 }, // I
    { 11, 18, 15, 2, 18, 50, 1947 }, // J
    { 13, 18, 15, 2, 18, 59, 1997 }, // K
    { 12, 18, 15, 2, 18, 54, 2056 }, // L
    { 13, 18, 15, 1, 18, 59, 2110 }, // M
    { 13, 18, 15, 1, 18, 59, 2169 }, // N
    { 13, 18, 15, 1, 18, 59, 2228 }, // O
    { 12, 18, 15, 2, 18, 54, 2287 }, // P
    { 13, 22, 15, 1, 18, 72, 2341 }, // Q
    { 13, 18, 15, 2, 18, 59, 2413 }, // R
    { 13, 18, 15, 1, 18, 59, 2472 }, // S
    { 13, 18, 15, 1, 18, 59, 2531 }, // T
    { 13, 18, 15, 1, 18, 59, 2590 }, // U
    { 15, 18, 15, 0, 18, 68, 2649 }, // V
    { 15, 18, 15, 0, 18, 68, 2717 }, // W
    { 15, 18, 15, 0, 18, 68, 2785 }, // X
    { 15, 18, 15, 0, 18, 68, 2853 }, // Y
    { 13, 18, 15, 1, 18, 59, 2921 }, // Z
    { 11, 24, 15, 3, 18, 66, 2980 }, // [
    { 11, 22, 15, 2, 18, 61, 3046 }, // <backslash>
    { 11, 24, 15, 1, 18, 66, 3107 }, // ]
    { 15, 11, 15, 0, 18, 42, 3173 }, // ^
    { 13, 2, 15, 1, -3, 7, 3215 }, // _
    { 6, 4, 15, 4, 18, 6, 3222 }, // `
    { 13, 13, 15, 1, 13, 43, 3228 }, // a
    { 14, 18, 15, 0, 18, 63, 3271 }, // b
    { 13, 13, 15, 1, 13, 43, 3334 }, // c
    { 14, 18, 15, 1, 18, 63, 3377 }, // d
    { 13, 13, 15, 1, 13, 43, 3440 }, // e
    { 11, 18, 15, 2, 18, 50, 3483 }, // f
    { 13, 18, 15, 1, 13, 59, 3533 }, // g
    { 14, 18, 15, 0, 18, 63, 3592 }, // h
    { 12, 18, 15, 2, 18, 54, 3655 }, // i
    { 10, 23, 15, 1, 18, 58, 3709 }, // j
    { 14, 18, 15, 0, 18, 63, 3767 }, // k
    { 11, 18, 15, 1, 18, 50, 3830 }, // l
    { 13, 13, 15, 1, 13, 43, 3880 }, // m
    { 14, 13, 15, 0, 13, 46, 3923 }, // n
    { 13, 13, 15, 1, 13, 43, 3969 }, // o
    { 14, 18, 15, 0, 13, 63, 4012 }, // p
    { 12, 18, 15, 1, 13, 54, 4075 }, // q
    { 13, 13, 15, 1, 13, 43, 4129 }, // r
    { 11, 13, 15, 2, 13, 36, 4172 }, // s
    { 14, 16, 15, 0, 16, 56, 4208 }, // t
    { 15, 13, 15, 0, 13, 49, 4264 }, // u
    { 13, 13, 15, 1, 13, 43, 4313 }, // v
    { 15, 13, 15, 0, 13, 49, 4356 }, // w
    { 13, 13, 15, 1, 13, 43, 4405 }, // x
    { 13, 18, 15, 1, 13, 59, 4448 }, // y
    { 11, 13, 15, 2, 13, 36, 4507 }, // z
    { 11, 24, 15, 2, 18, 66, 4543 }, // {
    { 3, 21, 15, 6, 18, 16, 4609 }, // |
    { 11, 24, 15, 2, 18, 66, 4625 }, // }
    { 13, 3, 15, 1, 11, 10, 4691 }, // ~
    { 0, 0, 15, 0, 0, 0, 4701 }, //  
    { 3, 18, 15, 6, 13, 14, 4701 }, // ¡
    { 11, 17, 15, 2, 15, 47, 4715 }, // ¢
    { 13, 18, 15, 1, 18, 59, 4762 }, // £
    { 13, 13, 15, 1, 15, 43, 4821 }, // ¤
    { 15, 18, 15, 0, 18, 68, 4864 }, // ¥
    { 3, 21, 15, 6, 18, 16, 4932 }, // ¦
    { 11, 18, 15, 2, 18, 50, 4948 }, // §
    { 9, 3, 15, 3, 18, 7, 4998 }, // ¨
    { 13, 13, 15, 1, 14, 43, 5005 }, // ©
    { 9, 9, 15, 3, 18, 21, 5048 }, // ª
    { 13, 13, 15, 1, 13, 43, 5069 }, // «
    { 11, 5, 15, 2, 10, 14, 5112 }, // ¬
    { 7, 2, 15, 4, 8, 4, 5126 }, // ­
    { 15, 13, 15, 0, 18, 49, 5130 }, // ®
    { 9, 2, 15, 3, 17, 5, 5179 }, // ¯
    { 9, 7, 15, 3, 18, 16, 5184 }, // °
    { 11, 13, 15, 2, 17, 36, 5200 }, // ±
    { 10, 11, 15, 2, 20, 28, 5236 }, // ²
    { 10, 11, 15, 1, 20, 28, 5264 }, // ³
    { 6, 4, 15, 4, 18, 6, 5292 }, // ´
    { 13, 18, 15, 2, 13, 59, 5298 }, // µ
    { 11, 21, 15, 2, 18, 58, 5357 }, // ¶
    { 5, 3, 15, 5, 9, 4, 5415 }, // ·
    { 5, 5, 15, 5, 0, 7, 5419 }, // ¸
    { 10, 11, 15, 3, 20, 28, 5426 }, // ¹
    { 9, 9, 15, 3, 18, 21, 5454 }, // º
    { 13, 13, 15, 1, 13, 43, 5475 }, // »
    { 14, 18, 15, 0, 18, 63, 5518 }, // ¼
    { 14, 18, 15, 0, 18, 63, 5581 }, // ½
    { 13, 18, 15, 1, 18, 59, 5644 }, // ¾
    { 13, 18, 15, 1, 13, 59, 5703 }, // ¿
    { 15, 22, 15, 0, 22, 83, 5762 }, // À
    { 15, 22, 15, 0, 22, 83, 5845 }, // Á
    { 15, 22, 15, 0, 22, 83, 5928 }, // Â
    { 15, 22, 15, 0, 22, 83, 6011 }, // Ã
    { 15, 22, 15, 0, 22, 83, 6094 }, // Ä
    { 15, 21, 15, 0, 21, 79, 6177 }, // Å
    { 15, 18, 15, 0, 18, 68, 6256 }, // Æ
    { 13, 23, 15, 1, 18, 75, 6324 }, // Ç
    { 12, 22, 15, 2, 22, 66, 6399 }, // È
    { 12, 22, 15, 2, 22, 66, 6465 }, // É
    { 12, 22, 15, 2, 22, 66, 6531 }, // Ê
    { 12, 22, 15, 2, 22, 66, 6597 }, // Ë
    { 13, 22, 15, 1, 22, 72, 6663 }, // Ì
    { 13, 22, 15, 1, 22, 72, 6735 }, // Í
    { 13, 22, 15, 1, 22, 72, 6807 }, // Î
    { 13, 22, 15, 1, 22, 72, 6879 }, // Ï
    { 15, 18, 15, 0, 18, 68, 6951 }, // Ð
    { 13, 22, 15, 1, 22, 72, 7019 }, // Ñ
    { 13, 22, 15, 1, 22, 72, 7091 }, // Ò
    { 13, 22, 15, 1, 22, 72, 7163 }, // Ó
    { 13, 22, 15, 1, 22, 72, 7235 }, // Ô
    { 13, 22, 15, 1, 22, 72, 7307 }, // Õ
    { 13, 22, 15, 1, 22, 72, 7379 }, // Ö
    { 9, 9, 15, 3, 13, 21, 7451 }, // ×
    { 15, 19, 15, 0, 19, 72, 7472 }, // Ø
    { 13, 22, 15, 1, 22, 72, 7544 }, // Ù
    { 13, 22, 15, 1, 22, 72, 7616 }, // Ú
    { 13, 22, 15, 1, 22, 72, 7688 }, // Û
    { 13, 22, 15, 1, 22, 72, 7760 }, // Ü
    { 15, 22, 15, 0, 22, 83, 7832 }, // Ý
    { 12, 18, 15, 2, 18, 54, 7915 }, // Þ
    { 15, 18, 15, 0, 18, 68, 7969 }, // ß
    { 13, 18, 15, 1, 18, 59, 8037 }, // à
    { 13, 18, 15, 1, 18, 59, 8096 }, // á
    { 13, 19, 15, 1, 19, 62, 8155 }, // â
    { 13, 18, 15, 1, 18, 59, 8217 }, // ã
    { 13, 18, 15, 1, 18, 59, 8276 }, // ä
    { 13, 19, 15, 1, 19, 62, 8335 }, // å
    { 15, 13, 15, 0, 13, 49, 8397 }, // æ
    { 13, 18, 15, 1, 13, 59, 8446 }, // ç
    { 13, 18, 15, 1, 18, 59, 8505 }, // è
    { 13, 18, 15, 1, 18, 59, 8564 }, // é
    { 13, 19, 15, 1, 19, 62, 8623 }, // ê
    { 13, 18, 15, 1, 18, 59, 8685 }, // ë
    { 12, 18, 15, 3, 18, 54, 8744 }, // ì
    { 12, 18, 15, 2, 18, 54, 8798 }, // í
    { 12, 19, 15, 2, 19, 57, 8852 }, // î
    { 12, 18, 15, 2, 18, 54, 8909 }, // ï
    { 13, 18, 15, 1, 18, 59, 8963 }, // ð
    { 14, 18, 15, 0, 18, 63, 9022 }, // ñ
    { 13, 18, 15, 1, 18, 59, 9085 }, // ò
    { 13, 18, 15, 1, 18, 59, 9144 }, // ó
    { 13, 19, 15, 1, 19, 62, 9203 }, // ô
    { 13, 18, 15, 1, 18, 59, 9265 }, // õ
    { 13, 18, 15, 1, 18, 59, 9324 }, // ö
    { 13, 12, 15, 1, 14, 39, 9383 }, // ÷
    { 13, 15, 15, 1, 14, 49, 9422 }, // ø
    { 15, 18, 15, 0, 18, 68, 9471 }, // ù
    { 15, 18, 15, 0, 18, 68, 9539 }, // ú
    { 15, 19, 15, 0, 19, 72, 9607 }, // û
    { 15, 18, 15, 0, 18, 68, 9679 }, // ü
    { 13, 23, 15, 1, 18, 75, 9747 }, // ý
    { 14, 23, 15, 0, 18, 81, 9822 }, // þ
    { 13, 23, 15, 1, 18, 75, 9903 }, // ÿ
    { 12, 13, 15, 2, 13, 39, 9978 }, // ı
    { 15, 18, 15, 0, 18, 68, 10017 }, // Œ
    { 13, 13, 15, 1, 13, 43, 10085 }, // œ
    { 6, 4, 15, 4, 18, 6, 10128 }, // ́
    { 12, 22, 15, 2, 22, 66, 10134 }, // Ё
    { 15, 18, 15, 0, 18, 68, 10200 }, // Ђ
    { 13, 22, 15, 1, 22, 72, 10268 }, // Ѓ
    { 13, 18, 15, 1, 18, 59, 10340 }, // Є
    { 13, 18, 15, 1, 18, 59, 10399 }, // Ѕ
    { 13, 18, 15, 1, 18, 59, 10458 }, // І
    { 13, 22, 15, 1, 22, 72, 10517 }, // Ї
    { 11, 18, 15, 2, 18, 50, 10589 }, // Ј
    { 15, 18, 15, 0, 18, 68, 10639 }, // Љ
    { 15, 18, 15, 0, 18, 68, 10707 }, // Њ
    { 15, 18, 15, 0, 18, 68, 10775 }, // Ћ
    { 13, 22, 15, 2, 22, 72, 10843 }, // Ќ
    { 15, 23, 15, 0, 23, 87, 10915 }, // Ў
    { 13, 23, 15, 1, 18, 75, 11002 }, // Џ
    { 15, 18, 15, 0, 18, 68, 11077 }, // А
    { 12, 18, 15, 2, 18, 54, 11145 }, // Б
    { 12, 18, 15, 2, 18, 54, 11199 }, // В
    { 13, 18, 15, 1, 18, 59, 11253 }, // Г
    { 15, 22, 15, 0, 18, 83, 11312 }, // Д
    { 12, 18, 15, 2, 18, 54, 11395 }, // Е
    { 15, 18, 15, 0, 18, 68, 11449 }, // Ж
    { 12, 18, 15, 2, 18, 54, 11517 }, // З
    { 13, 18, 15, 1, 18, 59, 11571 }, // И
    { 13, 23, 15, 1, 23, 75, 11630 }, // Й
    { 13, 18, 15, 2, 18, 59, 11705 }, // К
    { 14, 18, 15, 0, 18, 63, 11764 }, // Л
    { 13, 18, 15, 1, 18, 59, 11827 }, // М
    { 13, 18, 15, 1, 18, 59, 11886 }, // Н
    { 13, 18, 15, 1, 18, 59, 11945 }, // О
    { 13, 18, 15, 1, 18, 59, 12004 }, // П
    { 12, 18, 15, 2, 18, 54, 12063 }, // Р
    { 13, 18, 15, 1, 18, 59, 12117 }, // С
    { 13, 18, 15, 1, 18, 59, 12176 }, // Т
    { 15, 18, 15, 0, 18, 68, 12235 }, // У
    { 15, 18, 15, 0, 18, 68, 12303 }, // Ф
    { 15, 18, 15, 0, 18, 68, 12371 }, // Х
    { 14, 22, 15, 1, 18, 77, 12439 }, // Ц
    { 12, 18, 15, 2, 18, 54, 12516 }, // Ч
    { 13, 18, 15, 1, 18, 59, 12570 }, // Ш
    { 14, 22, 15, 1, 18, 77, 12629 }, // Щ
    { 15, 18, 15, 0, 18, 68, 12706 }, // Ъ
    { 13, 18, 15, 1, 18, 59, 12774 }, // Ы
    { 12, 18, 15, 2, 18, 54, 12833 }, // Ь
    { 13, 18, 15, 1, 18, 59, 12887 }, // Э
    { 15, 18, 15, 0, 18, 68, 12946 }, // Ю
    { 12, 18, 15, 1, 18, 54, 13014 }, // Я
    { 13, 13, 15, 1, 13, 43, 13068 }, // а
    { 13, 18, 15, 1, 18, 59, 13111 }, // б
    { 11, 13, 15, 3, 13, 36, 13170 }, // в
    { 11, 13, 15, 2, 13, 36, 13206 }, // г
    { 15, 16, 15, 0, 13, 60, 13242 }, // д
    { 13, 13, 15, 1, 13, 43, 13302 }, // е
    { 15, 13, 15, 0, 13, 49, 13345 }, // ж
    { 13, 13, 15, 1, 13, 43, 13394 }, // з
    { 11, 13, 15, 2, 13, 36, 13437 }, // и
    { 11, 18, 15, 2, 18, 50, 13473 }, // й
    { 12, 13, 15, 2, 13, 39, 13523 }, // к
    { 12, 13, 15, 1, 13, 39, 13562 }, // л
    { 13, 13, 15, 1, 13, 43, 13601 }, // м
    { 11, 13, 15, 2, 13, 36, 13644 }, // н
    { 13, 13, 15, 1, 13, 43, 13680 }, // о
    { 11, 13, 15, 2, 13, 36, 13723 }, // п
    { 14, 18, 15, 0, 13, 63, 13759 }, // р
    { 13, 13, 15, 1, 13, 43, 13822 }, // с
    { 13, 13, 15, 1, 13, 43, 13865 }, // т
    { 13, 18, 15, 1, 13, 59, 13908 }, // у
    { 15, 23, 15, 0, 18, 87, 13967 }, // ф
    { 13, 13, 15, 1, 13, 43, 14054 }, // х
    { 13, 16, 15, 2, 13, 52, 14097 }, // ц
    { 11, 13, 15, 2, 13, 36, 14149 }, // ч
    { 13, 13, 15, 1, 13, 43, 14185 }, // ш
    { 14, 16, 15, 1, 13, 56, 14228 }, // щ
    { 13, 13, 15, 1, 13, 43, 14284 }, // ъ
    { 13, 13, 15, 1, 13, 43, 14327 }, // ы
    { 12, 13, 15, 2, 13, 39, 14370 }, // ь
    { 13, 13, 15, 1, 13, 43, 14409 }, // э
    { 14, 13, 15, 1, 13, 46, 14452 }, // ю
    { 12, 13, 15, 1, 13, 39, 14498 }, // я
    { 13, 18, 15, 1, 18, 59, 14537 }, // ё
    { 13, 23, 15, 1, 18, 75, 14596 }, // ђ
    { 11, 18, 15, 2, 18, 50, 14671 }, // ѓ
    { 13, 13, 15, 1, 13, 43, 14721 }, // є
    { 11, 13, 15, 2, 13, 36, 14764 }, // ѕ
    { 12, 18, 15, 2, 18, 54, 14800 }, // і
    { 12, 18, 15, 2, 18, 54, 14854 }, // ї
    { 10, 23, 15, 1, 18, 58, 14908 }, // ј
    { 15, 13, 15, 0, 13, 49, 14966 }, // љ
    { 15, 13, 15, 0, 13, 49, 15015 }, // њ
    { 13, 18, 15, 1, 18, 59, 15064 }, // ћ
    { 12, 18, 15, 2, 18, 54, 15123 }, // ќ
    { 13, 23, 15, 1, 18, 75, 15177 }, // ў
    { 11, 17, 15, 2, 13, 47, 15252 }, // џ
    { 13, 21, 15, 1, 21, 69, 15299 }, // Ґ
    { 11, 16, 15, 2, 16, 44, 15368 }, // ґ
    { 15, 18, 15, 0, 18, 68, 15412 }, // Ұ
    { 13, 18, 15, 1, 13, 59, 15480 }, // ұ
    { 11, 2, 15, 2, 8, 6, 15539 }, // –
    { 15, 2, 15, 0, 8, 8, 15545 }, // —
    { 5, 6, 15, 5, 20, 8, 15553 }, // ‘
    { 5, 6, 15, 5, 18, 8, 15561 }, // ’
    { 5, 6, 15, 5, 3, 8, 15569 }, // ‚
    { 9, 6, 15, 3, 20, 14, 15577 }, // “
    { 9, 6, 15, 3, 18, 14, 15591 }, // ”
    { 9, 6, 15, 3, 3, 14, 15605 }, // „
    { 7, 7, 15, 4, 11, 13, 15619 }, // •
    { 17, 3, 15, -1, 3, 13, 15632 }, // …
    { 7, 13, 15, 4, 13, 23, 15645 }, // ‹
    { 7, 13, 15, 4, 13, 23, 15668 }, // ›
    { 15, 18, 15, 0, 18, 68, 15691 }, // ⁄
    { 13, 18, 15, 1, 18, 59, 15759 }, // €
    { 7, 14, 15, 4, 11, 25, 15818 }, // ↑
    { 7, 14, 15, 4, 11, 25, 15843 }, // ↓
    { 13, 2, 15, 1, 9, 7, 15868 }, // −
    { 15, 18, 15, 0, 18, 68, 15875 }, // ∕
};

static const EpdUnicodeInterval PROGMEM pt_mono_12_2bIntervals[] = {
    { 0x20, 0x7E, 0x0 },
    { 0xA0, 0xFF, 0x5F },
    { 0x131, 0x131, 0xBF },
    { 0x152, 0x153, 0xC0 },
    { 0x301, 0x301, 0xC2 },
    { 0x401, 0x40C, 0xC3 },
    { 0x40E, 0x44F, 0xCF },
    { 0x451, 0x45C, 0x111 },
    { 0x45E, 0x45F, 0x11D },
    { 0x490, 0x491, 0x11F },
    { 0x4B0, 0x4B1, 0x121 },
    { 0x2013, 0x2014, 0x123 },
    { 0x2018, 0x201A, 0x125 },
    { 0x201C, 0x201E, 0x128 },
    { 0x2022, 0x2022, 0x12B },
    { 0x2026, 0x2026, 0x12C },
    { 0x2039, 0x203A, 0x12D },
    { 0x2044, 0x2044, 0x12F },
    { 0x20AC, 0x20AC, 0x130 },
    { 0x2191, 0x2191, 0x131 },
    { 0x2193, 0x2193, 0x132 },
    { 0x2212, 0x2212, 0x133 },
    { 0x2215, 0x2215, 0x134 },
};

static const EpdFontData pt_mono_12_2b = {
    pt_mono_12_2bBitmaps,
    pt_mono_12_2bGlyphs,
    pt_mono_12_2bIntervals,
    23,
    28,
    23,
    -6,
    true,
};
